JobID,Frame_Index,N_plus_idx,N_minus_idx,Distance_Angstrom
1641,0,1720,1641,4.6736
1641,1,1720,1641,4.4695
1641,2,1720,1641,4.41
1641,3,1720,1641,4.4285
1641,4,1720,1641,4.3602
1641,5,1720,1641,4.5275
1641,6,1720,1641,3.9848
1641,7,1720,1641,4.4038
1641,8,1720,1641,4.6253
1641,9,1720,1641,4.474
1641,10,1720,1641,4.3949
1641,11,1720,1641,4.7092
1641,13,1720,1641,4.5671
1641,14,1720,1641,4.4784
1641,15,1720,1641,4.2198
1641,16,1720,1641,4.4843
1641,17,1720,1641,4.3561
1641,18,1720,1641,4.3325
1641,19,1720,1641,4.1115
1641,20,1720,1641,4.4671
1641,21,1720,1641,4.2389
1641,22,1720,1641,4.3253
1641,23,1720,1641,4.6141
1641,24,1720,1641,3.9866
1641,25,1720,1641,4.5074
1641,26,1720,1641,4.3187
1641,27,1720,1641,4.4137
1641,28,1720,1641,4.4328
1641,29,1720,1641,4.3971
1641,30,1720,1641,4.8058
1641,31,1720,1641,4.4677
1641,33,1720,1641,4.4943
1641,34,1720,1641,4.7279
1641,35,1720,1641,4.4324
1641,36,1720,1641,4.6684
1641,37,1720,1641,4.5857
1641,38,1720,1641,4.2351
1641,39,1720,1641,4.8168
1641,40,1720,1641,4.5679
1641,41,1720,1641,4.7272
1641,42,1720,1641,4.3525
1641,44,1720,1641,4.6088
1641,45,1720,1641,4.2894
1641,46,1720,1641,4.5785
1641,47,1720,1641,4.1781
1641,48,1720,1641,4.6491
1641,49,1720,1641,4.6553
1641,50,1720,1641,4.7112
1641,51,1720,1641,4.3718
1641,52,1720,1641,4.3432
1641,53,1720,1641,4.5916
1641,54,1720,1641,3.7311
1641,55,1720,1641,4.4276
1641,57,1720,1641,4.3798
1641,58,1720,1641,4.4339
1641,59,1720,1641,4.1738
1641,60,1720,1641,4.5213
1641,62,1720,1641,4.2199
1641,63,1720,1641,4.3553
1641,66,1720,1641,4.6091
1641,67,1720,1641,4.4971
1641,68,1720,1641,4.8055
1641,69,1720,1641,4.3674
1641,70,1720,1641,4.623
1641,71,1720,1641,3.7018
1641,72,1720,1641,4.3843
1641,73,1720,1641,4.2816
1641,74,1720,1641,4.6452
1641,75,1720,1641,3.6065
1641,76,1720,1641,4.6503
1641,77,1720,1641,4.4909
1641,78,1720,1641,4.2679
1641,79,1720,1641,4.7266
1641,80,1720,1641,4.6333
1641,81,1720,1641,4.5906
1641,82,1720,1641,4.6144
1641,83,1720,1641,4.2902
1641,84,1720,1641,4.2077
1641,85,1720,1641,3.9043
1641,86,1720,1641,4.2908
1641,87,1720,1641,4.3765
1641,88,1720,1641,4.5895
1641,89,1720,1641,4.3947
1641,90,1720,1641,4.7523
1641,91,1720,1641,4.5286
1641,92,1720,1641,4.1091
1641,93,1720,1641,4.7042
1641,94,1647,1641,5.2448
1641,95,1720,1641,4.6999
1641,96,1720,1641,4.7353
1641,97,1720,1641,4.5788
1641,98,1720,1641,4.3003
1641,99,1720,1641,4.5569
1641,100,1720,1641,4.7759
1641,101,1720,1641,4.2301
1641,102,1720,1641,4.6133
1641,103,1720,1641,4.4989
1641,104,1720,1641,4.538
1641,105,1720,1641,4.4993
1641,106,1720,1641,4.3012
1641,107,1720,1641,4.5407
1641,108,1720,1641,4.4161
1641,109,1720,1641,4.5514
1641,110,1720,1641,4.5613
1641,111,1720,1641,4.5464
1641,112,1720,1641,4.4782
1641,113,1720,1641,4.3739
1641,114,1720,1641,4.7532
1641,115,1720,1641,4.2129
1641,116,1720,1641,4.7454
1641,117,1720,1641,4.3604
1641,118,1720,1641,4.4912
1641,119,1720,1641,4.396
1641,120,1720,1641,4.7436
1641,121,1720,1641,4.4768
1641,122,1720,1641,4.4706
1641,124,1720,1641,4.3512
1641,125,1720,1641,4.5856
1641,126,1720,1641,4.321
1641,127,1720,1641,4.3068
1641,128,1720,1641,4.6612
1641,129,1720,1641,4.4857
1641,130,1720,1641,4.2835
1641,131,1720,1641,4.6251
1641,133,1720,1641,4.5877
1641,134,1720,1641,4.6538
1641,135,1720,1641,4.6776
1641,136,1720,1641,4.4593
1641,137,1720,1641,4.5949
1641,138,1720,1641,4.4478
1641,139,1720,1641,4.4381
1641,140,1720,1641,4.6594
1641,141,1720,1641,4.6138
1641,142,1720,1641,4.542
1641,143,1720,1641,4.25
1641,144,1647,1641,5.5277
1641,145,1720,1641,4.4251
1641,146,1720,1641,4.3098
1641,147,1720,1641,4.5127
1641,148,1720,1641,4.7077
1641,149,1720,1641,4.7011
1641,150,1720,1641,4.3917
1641,151,1720,1641,4.4191
1641,152,1720,1641,4.4513
1641,153,1720,1641,4.3665
1641,154,1720,1641,4.3828
1641,155,1720,1641,4.4612
1641,156,1720,1641,4.6945
1641,157,1720,1641,4.3295
1641,158,1720,1641,4.5166
1641,159,1720,1641,4.4683
1641,160,1720,1641,4.8434
1641,161,1720,1641,4.0085
1641,162,1720,1641,4.4467
1641,163,1720,1641,4.4872
1641,164,1720,1641,4.6243
1641,165,1720,1641,4.4139
1641,166,1720,1641,4.5437
1641,167,1720,1641,4.8447
1641,168,1720,1641,4.6487
1641,170,1720,1641,2.8729
1641,171,1720,1641,4.4285
1641,172,1720,1641,4.3619
1641,173,1720,1641,4.3514
1641,174,1720,1641,4.2976
1641,175,1720,1641,4.4065
1641,176,1720,1641,4.459
1641,177,1720,1641,4.5789
1641,178,1720,1641,4.401
1641,179,1720,1641,4.3868
1641,180,1720,1641,4.4036
1641,181,1720,1641,4.7399
1641,182,1720,1641,4.5089
1641,183,1720,1641,4.5368
1641,184,1720,1641,4.4987
1641,186,1720,1641,4.5923
1641,187,1720,1641,3.9822
1641,188,1720,1641,4.5037
1641,189,1720,1641,4.5491
1641,190,1720,1641,4.3083
1641,191,1720,1641,4.1713
1641,192,1720,1641,3.7373
1641,193,1720,1641,4.4784
1641,195,1720,1641,4.6123
1641,196,1720,1641,4.4094
1641,197,1720,1641,4.4359
1641,198,1720,1641,4.3887
1641,199,1720,1641,4.1019
1646,0,1751,1646,3.6524
1646,1,1751,1646,3.1734
1646,2,1751,1646,3.4808
1646,3,1751,1646,3.4355
1646,4,1650,1646,3.8235
1646,5,1751,1646,3.4314
1646,6,1721,1646,4.1135
1646,7,1751,1646,3.2798
1646,8,1751,1646,3.6971
1646,9,1751,1646,3.5955
1646,10,1751,1646,3.5077
1646,11,1721,1646,4.5823
1646,12,1751,1646,3.4783
1646,13,1751,1646,3.2963
1646,14,1751,1646,3.3264
1646,15,1721,1646,4.4782
1646,16,1751,1646,3.2607
1646,17,1751,1646,3.5562
1646,18,1751,1646,3.9614
1646,19,1751,1646,3.3476
1646,20,1751,1646,3.3763
1646,21,1751,1646,3.389
1646,22,1751,1646,3.4698
1646,23,1751,1646,3.6512
1646,24,1751,1646,3.7501
1646,25,1751,1646,3.4528
1646,26,1751,1646,3.1638
1646,27,1751,1646,3.1448
1646,28,1652,1646,2.8297
1646,29,1650,1646,3.9317
1646,30,1751,1646,3.8134
1646,31,1721,1646,4.277
1646,32,1721,1646,4.3324
1646,33,1751,1646,3.4471
1646,34,1751,1646,3.4955
1646,35,1721,1646,4.4348
1646,36,1751,1646,3.5689
1646,37,1721,1646,4.5628
1646,38,1751,1646,3.1803
1646,39,1751,1646,3.7433
1646,40,1751,1646,3.4832
1646,41,1751,1646,3.2594
1646,43,1721,1646,4.5754
1646,44,1751,1646,3.5271
1646,45,1751,1646,3.6363
1646,46,1751,1646,3.6026
1646,47,1721,1646,4.4448
1646,48,1751,1646,3.6356
1646,49,1751,1646,3.2554
1646,50,1721,1646,3.9881
1646,51,1751,1646,3.7171
1646,52,1721,1646,4.4188
1646,53,1751,1646,3.5639
1646,54,1751,1646,3.5723
1646,55,1721,1646,4.4266
1646,56,1751,1646,3.2093
1646,57,1721,1646,4.4219
1646,58,1751,1646,3.7443
1646,59,1751,1646,3.5141
1646,60,1751,1646,3.3362
1646,61,1751,1646,3.3197
1646,62,1751,1646,2.9465
1646,63,1721,1646,4.1779
1646,64,1751,1646,3.2499
1646,65,1751,1646,3.4732
1646,66,1751,1646,3.1726
1646,67,1721,1646,4.0666
1646,68,1751,1646,4.0411
1646,69,1721,1646,4.6123
1646,70,1721,1646,4.1854
1646,71,1721,1646,4.1267
1646,72,1751,1646,3.1159
1646,73,1751,1646,3.5903
1646,74,1751,1646,3.7127
1646,75,1751,1646,3.3949
1646,76,1751,1646,3.4488
1646,77,1751,1646,3.5778
1646,78,1721,1646,4.6136
1646,79,1751,1646,3.1868
1646,80,1650,1646,4.1367
1646,81,1751,1646,3.6912
1646,82,1751,1646,4.0999
1646,83,1751,1646,3.3884
1646,84,1721,1646,4.5496
1646,85,1751,1646,3.577
1646,86,1751,1646,3.2531
1646,87,1751,1646,3.3401
1646,88,1751,1646,3.9491
1646,89,1721,1646,4.5337
1646,90,1721,1646,4.6705
1646,91,1751,1646,3.6288
1646,92,1650,1646,3.9379
1646,93,1751,1646,3.2755
1646,94,1721,1646,4.3898
1646,95,1721,1646,4.1068
1646,96,1751,1646,4.1183
1646,98,1751,1646,4.1813
1646,99,1751,1646,4.0619
1646,100,1721,1646,4.3726
1646,101,1721,1646,4.3434
1646,103,1721,1646,4.4351
1646,104,1721,1646,4.4247
1646,105,1721,1646,4.6329
1646,106,1650,1646,4.0057
1646,107,1721,1646,4.4074
1646,108,1751,1646,3.6859
1646,109,1721,1646,4.4584
1646,110,1721,1646,4.4605
1646,111,1721,1646,4.7672
1646,112,1751,1646,3.2936
1646,113,1721,1646,4.5917
1646,114,1721,1646,4.4372
1646,115,1751,1646,3.811
1646,116,1721,1646,4.5474
1646,117,1650,1646,4.2572
1646,118,1721,1646,4.4689
1646,119,1751,1646,3.6743
1646,120,1721,1646,4.55
1646,121,1721,1646,4.5507
1646,123,1721,1646,4.6898
1646,124,1721,1646,4.3358
1646,125,1721,1646,4.5437
1646,127,1751,1646,3.7792
1646,128,1721,1646,4.6731
1646,129,1751,1646,3.112
1646,130,1721,1646,4.4936
1646,131,1721,1646,4.781
1646,132,1721,1646,4.4939
1646,134,1751,1646,3.0415
1646,135,1721,1646,4.4891
1646,136,1721,1646,4.6082
1646,137,1721,1646,4.5264
1646,138,1721,1646,4.2729
1646,139,1751,1646,3.7346
1646,140,1751,1646,3.729
1646,141,1721,1646,4.2671
1646,142,1751,1646,3.5334
1646,143,1721,1646,4.417
1646,144,1721,1646,4.5688
1646,145,1721,1646,4.3
1646,146,1652,1646,2.93
1646,146,1751,1646,3.5473
1646,147,1751,1646,3.8296
1646,148,1721,1646,4.4952
1646,149,1751,1646,3.8245
1646,151,1751,1646,3.4484
1646,152,1751,1646,3.1832
1646,153,1721,1646,4.441
1646,154,1721,1646,4.3131
1646,155,1721,1646,4.0491
1646,156,1721,1646,4.4996
1646,157,1721,1646,4.4039
1646,158,1721,1646,4.3616
1646,159,1751,1646,4.0517
1646,160,1721,1646,4.6084
1646,162,1721,1646,4.7057
1646,163,1721,1646,4.133
1646,166,1751,1646,3.7076
1646,167,1721,1646,4.3458
1646,168,1721,1646,4.3848
1646,169,1721,1646,4.2514
1646,170,1751,1646,3.1747
1646,171,1721,1646,4.633
1646,172,1721,1646,4.4856
1646,173,1721,1646,4.2099
1646,174,1721,1646,4.3676
1646,175,1721,1646,4.3552
1646,176,1751,1646,3.622
1646,177,1721,1646,4.5514
1646,179,1721,1646,4.2979
1646,180,1721,1646,4.4026
1646,181,1751,1646,4.1138
1646,182,1721,1646,4.4612
1646,183,1721,1646,4.8426
1646,184,1721,1646,4.3744
1646,185,1721,1646,4.5123
1646,186,1721,1646,4.1233
1646,187,1751,1646,3.7081
1646,188,1721,1646,4.2395
1646,189,1721,1646,3.8782
1646,190,1721,1646,4.5087
1646,191,1721,1646,4.2372
1646,192,1721,1646,4.4884
1646,193,1721,1646,4.577
1646,194,1721,1646,4.4176
1646,195,1721,1646,4.2112
1646,196,1721,1646,4.1557
1646,197,1751,1646,3.4367
1646,198,1721,1646,4.5024
1649,1,1745,1649,4.5562
1649,2,1745,1649,4.7262
1649,3,1691,1649,4.1614
1649,11,1691,1649,4.5068
1649,12,1745,1649,4.6032
1649,14,1691,1649,4.6543
1649,16,1691,1649,4.4031
1649,18,1691,1649,4.8128
1649,22,1691,1649,4.6112
1649,23,1745,1649,4.5215
1649,25,1691,1649,4.4781
1649,27,1745,1649,4.5444
1649,28,1745,1649,4.5229
1649,29,1691,1649,4.3837
1649,31,1745,1649,4.6059
1649,33,1691,1649,4.5873
1649,36,1745,1649,4.5697
1649,37,1691,1649,4.6993
1649,38,1691,1649,4.646
1649,40,1691,1649,4.5669
1649,44,1745,1649,4.5587
1649,46,1745,1649,4.3385
1649,47,1745,1649,4.425
1649,51,1745,1649,4.4738
1649,54,1691,1649,4.6042
1649,58,1691,1649,4.4235
1649,60,1691,1649,4.5278
1649,62,1745,1649,4.4436
1649,69,1691,1649,4.3967
1649,70,1745,1649,4.6957
1649,71,1691,1649,4.5636
1649,75,1691,1649,4.718
1649,76,1691,1649,4.5967
1649,77,1691,1649,4.6728
1649,79,1691,1649,4.362
1649,82,1691,1649,4.6795
1649,84,1745,1649,4.5082
1649,85,1745,1649,4.6113
1649,86,1691,1649,4.5239
1649,87,1691,1649,4.5239
1649,88,1691,1649,4.7062
1649,89,1745,1649,4.5778
1649,95,1691,1649,4.5598
1649,97,1691,1649,4.5983
1649,98,1745,1649,4.2632
1649,99,1691,1649,4.6442
1649,100,1745,1649,4.3701
1649,102,1691,1649,4.6251
1649,103,1691,1649,4.5649
1649,104,1691,1649,4.7027
1649,105,1745,1649,4.4858
1649,106,1691,1649,4.661
1649,109,1691,1649,4.6282
1649,112,1691,1649,4.6499
1649,113,1745,1649,4.6739
1649,116,1691,1649,4.6597
1649,117,1745,1649,4.6029
1649,120,1691,1649,4.5413
1649,121,1691,1649,4.8228
1649,122,1691,1649,4.8214
1649,123,1691,1649,4.8033
1649,124,1691,1649,4.8314
1649,127,1691,1649,4.478
1649,130,1691,1649,4.64
1649,132,1691,1649,4.7892
1649,133,1691,1649,4.8691
1649,136,1691,1649,4.7398
1649,138,1745,1649,4.5825
1649,139,1691,1649,4.6384
1649,140,1691,1649,4.4945
1649,142,1691,1649,4.6653
1649,144,1691,1649,4.5624
1649,145,1691,1649,4.5733
1649,149,1691,1649,4.9147
1649,150,1691,1649,4.5198
1649,151,1745,1649,4.6023
1649,152,1691,1649,4.5384
1649,154,1691,1649,4.8262
1649,155,1691,1649,4.976
1649,156,1691,1649,4.6227
1649,157,1691,1649,4.6942
1649,158,1691,1649,4.6984
1649,159,1691,1649,4.5664
1649,161,1691,1649,4.8311
1649,162,1691,1649,4.7113
1649,163,1691,1649,4.6503
1649,164,1691,1649,4.6652
1649,165,1691,1649,4.567
1649,166,1691,1649,4.525
1649,167,1691,1649,4.6977
1649,168,1691,1649,4.6112
1649,169,1691,1649,4.117
1649,170,1691,1649,4.9669
1649,174,1691,1649,4.7316
1649,175,1691,1649,4.8218
1649,178,1691,1649,4.511
1649,179,1691,1649,4.6355
1649,180,1691,1649,4.9897
1649,181,1691,1649,4.5589
1649,182,1691,1649,4.6385
1649,184,1691,1649,4.6067
1649,185,1745,1649,4.5077
1649,186,1691,1649,4.451
1649,187,1691,1649,4.4052
1649,188,1691,1649,4.6461
1649,189,1691,1649,4.5083
1649,190,1691,1649,4.8749
1649,191,1745,1649,4.5617
1649,192,1691,1649,4.8045
1649,193,1691,1649,4.6271
1649,194,1691,1649,4.8191
1649,196,1691,1649,4.6306
1649,197,1691,1649,4.5449
1649,198,1691,1649,4.6693
1649,199,1691,1649,4.5407
1654,0,1684,1654,3.4868
1654,1,1714,1654,6.7312
1654,2,1714,1654,4.8676
1654,3,1714,1654,6.7837
1654,4,1714,1654,4.7415
1654,5,1714,1654,4.9004
1654,6,1714,1654,4.5885
1654,7,1714,1654,4.7232
1654,8,1714,1654,6.3612
1654,9,1714,1654,6.2453
1654,10,1714,1654,6.7441
1654,11,1714,1654,4.7936
1654,12,1684,1654,3.6921
1654,13,1714,1654,4.8703
1654,14,1714,1654,5.9622
1654,15,1714,1654,4.8643
1654,16,1714,1654,4.7555
1654,17,1714,1654,6.8665
1654,18,1714,1654,5.9436
1654,19,1714,1654,5.9824
1654,20,1714,1654,4.7937
1654,21,1684,1654,3.6591
1654,22,1714,1654,5.0622
1654,23,1714,1654,6.8807
1654,24,1714,1654,6.862
1654,25,1714,1654,4.8424
1654,27,1714,1654,6.7012
1654,28,1714,1654,6.9507
1654,29,1714,1654,4.8085
1654,30,1714,1654,6.0493
1654,31,1714,1654,4.9127
1654,32,1714,1654,6.4904
1654,33,1714,1654,4.7591
1654,34,1714,1654,4.8202
1654,35,1714,1654,4.8613
1654,36,1714,1654,4.6246
1654,37,1714,1654,6.7696
1654,38,1714,1654,4.7992
1654,39,1714,1654,4.962
1654,40,1714,1654,6.2142
1654,41,1714,1654,6.002
1654,42,1714,1654,4.7239
1654,43,1714,1654,5.6044
1654,44,1714,1654,4.9188
1654,45,1714,1654,6.5077
1654,46,1714,1654,4.8794
1654,47,1714,1654,6.7563
1654,48,1714,1654,4.6521
1654,49,1714,1654,4.353
1654,50,1714,1654,4.4517
1654,51,1684,1654,3.5946
1654,52,1714,1654,6.6151
1654,53,1714,1654,6.9298
1654,54,1714,1654,5.9264
1654,55,1714,1654,6.5723
1654,56,1714,1654,4.663
1654,57,1714,1654,4.7467
1654,58,1714,1654,6.3844
1654,59,1714,1654,5.034
1654,60,1684,1654,3.7469
1654,61,1714,1654,4.656
1654,62,1714,1654,6.0039
1654,63,1714,1654,5.05
1654,64,1684,1654,3.6481
1654,65,1684,1654,3.2826
1654,66,1714,1654,4.7617
1654,67,1714,1654,6.6969
1654,68,1714,1654,4.5717
1654,69,1714,1654,6.1323
1654,70,1714,1654,5.808
1654,71,1714,1654,4.6002
1654,72,1714,1654,4.7578
1654,73,1714,1654,6.2118
1654,74,1714,1654,6.5137
1654,75,1714,1654,4.7685
1654,76,1714,1654,4.9769
1654,77,1681,1654,9.1165
1654,79,1714,1654,6.5961
1654,80,1684,1654,3.2829
1654,81,1714,1654,4.7727
1654,82,1714,1654,6.1528
1654,83,1714,1654,4.8215
1654,84,1714,1654,4.8415
1654,86,1714,1654,4.4456
1654,87,1714,1654,4.6922
1654,88,1714,1654,6.44
1654,89,1714,1654,4.6563
1654,90,1684,1654,3.5449
1654,91,1684,1654,3.5773
1654,92,1714,1654,4.7443
1654,93,1714,1654,4.7326
1654,94,1714,1654,4.6052
1654,95,1714,1654,6.8525
1654,96,1714,1654,6.0793
1654,97,1714,1654,4.5479
1654,98,1714,1654,6.3773
1654,99,1714,1654,4.9243
1654,100,1714,1654,4.637
1654,101,1714,1654,4.7172
1654,102,1714,1654,4.748
1654,103,1714,1654,4.7625
1654,104,1714,1654,5.014
1654,105,1714,1654,4.9578
1654,106,1714,1654,4.7552
1654,107,1714,1654,5.6222
1654,108,1714,1654,4.6645
1654,109,1714,1654,4.8425
1654,110,1714,1654,4.5699
1654,111,1684,1654,3.2729
1654,112,1714,1654,4.6138
1654,113,1714,1654,4.8053
1654,114,1684,1654,3.4106
1654,115,1714,1654,6.4905
1654,116,1714,1654,7.047
1654,117,1714,1654,4.6428
1654,118,1714,1654,4.8749
1654,119,1714,1654,4.5929
1654,120,1714,1654,4.6313
1654,121,1714,1654,6.7903
1654,122,1684,1654,4.8642
1654,123,1714,1654,4.7591
1654,124,1714,1654,6.7769
1654,125,1714,1654,4.5363
1654,126,1714,1654,4.7496
1654,128,1714,1654,6.6697
1654,129,1714,1654,4.7373
1654,130,1714,1654,6.8372
1654,131,1714,1654,6.9699
1654,132,1714,1654,5.9058
1654,133,1684,1654,4.9574
1654,134,1714,1654,4.8764
1654,135,1714,1654,4.6822
1654,136,1714,1654,6.9226
1654,137,1714,1654,4.8377
1654,138,1714,1654,4.8871
1654,139,1714,1654,4.6161
1654,140,1714,1654,6.151
1654,141,1714,1654,4.768
1654,142,1714,1654,4.981
1654,143,1714,1654,4.7882
1654,144,1714,1654,4.8234
1654,145,1714,1654,6.1618
1654,146,1684,1654,4.979
1654,147,1714,1654,4.8534
1654,148,1714,1654,6.0664
1654,149,1684,1654,3.2432
1654,150,1714,1654,4.6619
1654,151,1714,1654,4.6295
1654,152,1714,1654,4.687
1654,153,1714,1654,4.9251
1654,155,1714,1654,4.7753
1654,156,1714,1654,4.7425
1654,157,1714,1654,4.9256
1654,158,1714,1654,6.3932
1654,159,1714,1654,4.8789
1654,160,1714,1654,4.8075
1654,161,1684,1654,4.8475
1654,162,1714,1654,4.7412
1654,163,1684,1654,3.7533
1654,164,1714,1654,5.0676
1654,165,1684,1654,3.0724
1654,166,1714,1654,6.2024
1654,167,1684,1654,4.7874
1654,168,1714,1654,4.7699
1654,169,1714,1654,6.9982
1654,170,1714,1654,6.5502
1654,171,1714,1654,4.5829
1654,172,1714,1654,6.87
1654,173,1714,1654,7.0033
1654,174,1714,1654,4.7122
1654,175,1714,1654,4.7219
1654,176,1714,1654,4.7666
1654,177,1714,1654,4.7334
1654,178,1714,1654,4.9611
1654,179,1714,1654,4.3378
1654,180,1714,1654,4.7899
1654,181,1714,1654,4.8301
1654,182,1714,1654,4.5799
1654,183,1714,1654,4.6764
1654,184,1714,1654,4.7829
1654,185,1714,1654,4.8105
1654,187,1714,1654,4.6683
1654,188,1714,1654,5.0995
1654,189,1684,1654,3.7404
1654,190,1714,1654,4.7412
1654,191,1714,1654,4.9891
1654,192,1714,1654,6.0818
1654,193,1714,1654,4.6543
1654,194,1714,1654,4.9928
1654,195,1684,1654,4.7653
1654,196,1714,1654,4.9972
1654,197,1714,1654,4.4174
1654,198,1714,1654,4.563
1654,199,1714,1654,4.6667
1655,11,1715,1655,4.613
1655,16,1715,1655,4.4464
1655,26,1715,1655,4.4965
1655,30,1715,1655,4.4214
1655,73,1715,1655,4.533
1655,86,1715,1655,4.7718
1655,106,1715,1655,4.5371
1655,108,1715,1655,4.3807
1655,146,1715,1655,4.4503
1655,191,1715,1655,4.4839
1674,2,1734,1674,4.7016
1674,4,1734,1674,4.6927
1674,8,1734,1674,4.6894
1674,13,1734,1674,4.735
1674,15,1734,1674,4.6559
1674,16,1734,1674,4.3059
1674,18,1734,1674,4.7284
1674,20,1734,1674,4.8482
1674,21,1734,1674,4.6465
1674,24,1734,1674,4.7602
1674,25,1734,1674,4.6491
1674,30,1734,1674,4.8573
1674,33,1734,1674,4.7594
1674,38,1734,1674,4.6965
1674,43,1734,1674,4.8151
1674,45,1734,1674,4.7576
1674,47,1734,1674,4.7731
1674,48,1734,1674,4.7548
1674,53,1734,1674,4.7159
1674,57,1734,1674,4.7083
1674,58,1734,1674,4.6337
1674,60,1734,1674,4.8582
1674,62,1734,1674,4.8356
1674,64,1734,1674,4.7879
1674,65,1734,1674,4.8325
1674,69,1734,1674,4.6625
1674,70,1734,1674,4.6512
1674,73,1734,1674,4.5779
1674,75,1734,1674,4.629
1674,85,1734,1674,4.2619
1674,86,1734,1674,4.6862
1674,87,1734,1674,4.8403
1674,89,1734,1674,4.8241
1674,90,1734,1674,4.4086
1674,92,1734,1674,4.5736
1674,96,1734,1674,4.9433
1674,108,1734,1674,4.9037
1674,109,1734,1674,4.7674
1674,111,1734,1674,4.8241
1674,114,1734,1674,4.7337
1674,118,1734,1674,4.7559
1674,123,1734,1674,4.7628
1674,125,1734,1674,4.688
1674,126,1734,1674,4.6955
1674,127,1734,1674,4.6117
1674,132,1734,1674,4.5333
1674,134,1734,1674,4.7897
1674,138,1734,1674,4.9446
1674,141,1734,1674,4.8331
1674,143,1734,1674,4.7628
1674,150,1734,1674,4.7135
1674,152,1734,1674,4.8887
1674,153,1734,1674,4.8027
1674,154,1734,1674,4.1614
1674,157,1734,1674,4.9071
1674,158,1734,1674,4.6245
1674,159,1734,1674,4.2694
1674,163,1734,1674,4.8483
1674,164,1734,1674,4.8386
1674,165,1734,1674,4.5543
1674,166,1734,1674,4.7284
1674,167,1734,1674,4.6896
1674,169,1734,1674,4.5732
1674,172,1734,1674,4.7201
1674,174,1734,1674,4.8028
1674,177,1734,1674,4.8062
1674,179,1734,1674,4.8112
1674,181,1734,1674,4.7277
1674,182,1734,1674,4.6714
1674,186,1734,1674,4.4051
1674,190,1734,1674,4.7107
1674,195,1734,1674,4.6452
1674,196,1734,1674,4.7034
1674,197,1734,1674,4.4625
1683,0,1641,1683,4.6759
1683,1,1660,1683,4.4743
1683,2,1660,1683,4.4881
1683,4,1660,1683,3.2476
1683,6,1750,1683,4.8656
1683,7,1660,1683,4.3547
1683,10,1660,1683,4.6536
1683,12,1660,1683,4.5699
1683,14,1641,1683,4.6631
1683,16,1641,1683,4.5396
1683,21,1750,1683,4.8021
1683,25,1641,1683,4.6688
1683,26,1660,1683,3.1898
1683,27,1660,1683,4.4322
1683,29,1750,1683,4.7927
1683,32,1750,1683,4.7941
1683,33,1660,1683,4.2354
1683,35,1750,1683,4.7208
1683,37,1660,1683,4.5557
1683,39,1750,1683,4.8031
1683,41,1750,1683,4.5829
1683,44,1660,1683,3.1682
1683,46,1641,1683,4.7246
1683,47,1660,1683,4.4541
1683,48,1750,1683,4.7291
1683,53,1750,1683,4.7703
1683,54,1750,1683,4.893
1683,55,1660,1683,4.6151
1683,56,1750,1683,4.7045
1683,61,1750,1683,4.6264
1683,62,1750,1683,4.7977
1683,68,1641,1683,4.8345
1683,70,1750,1683,4.8973
1683,75,1750,1683,4.72
1683,77,1750,1683,5.0521
1683,79,1750,1683,4.833
1683,82,1660,1683,4.5644
1683,83,1660,1683,3.1905
1683,85,1660,1683,4.4608
1683,86,1750,1683,4.8917
1683,89,1660,1683,4.7214
1683,90,1660,1683,4.6326
1683,94,1750,1683,4.8255
1683,96,1750,1683,4.6342
1683,97,1750,1683,4.7259
1683,98,1660,1683,4.3997
1683,99,1641,1683,4.411
1683,102,1660,1683,4.4637
1683,103,1750,1683,4.8397
1683,104,1750,1683,4.9561
1683,105,1750,1683,4.9159
1683,107,1641,1683,4.6176
1683,109,1641,1683,4.6212
1683,114,1750,1683,4.8139
1683,119,1660,1683,3.0917
1683,121,1750,1683,4.8418
1683,125,1641,1683,4.5922
1683,126,1641,1683,4.6155
1683,129,1750,1683,4.656
1683,130,1660,1683,3.1197
1683,131,1660,1683,4.4997
1683,134,1750,1683,4.9042
1683,135,1750,1683,4.9852
1683,137,1660,1683,4.5145
1683,138,1750,1683,4.7806
1683,140,1660,1683,4.6432
1683,142,1750,1683,5.0376
1683,143,1641,1683,4.6652
1683,148,1660,1683,4.3561
1683,149,1750,1683,4.784
1683,153,1750,1683,4.814
1683,154,1750,1683,4.7275
1683,159,1660,1683,4.313
1683,162,1750,1683,4.7723
1683,164,1660,1683,3.1627
1683,165,1750,1683,4.7643
1683,168,1750,1683,4.7354
1683,170,1750,1683,5.0335
1683,173,1750,1683,4.6432
1683,174,1660,1683,4.5499
1683,175,1641,1683,4.4958
1683,176,1660,1683,3.0516
1683,179,1641,1683,4.7329
1683,180,1750,1683,4.7295
1683,182,1750,1683,4.7562
1683,184,1750,1683,4.9888
1683,188,1660,1683,3.4034
1683,189,1750,1683,4.8065
1683,190,1750,1683,4.8246
1683,191,1750,1683,4.8628
1683,194,1660,1683,4.5988
1683,198,1660,1683,4.4952
1685,14,1661,1685,3.5383
1685,16,1661,1685,3.2528
1685,52,1661,1685,3.5554
1685,70,1661,1685,3.2295
1685,115,1661,1685,3.7463
1685,140,1661,1685,3.0713
1685,145,1661,1685,4.3566
1685,160,1661,1685,4.4401
1685,162,1661,1685,3.585
1685,178,1661,1685,4.4543
1691,7,1689,1691,3.2718
1691,13,1689,1691,3.205
1691,15,1689,1691,3.2172
1691,16,1689,1691,3.147
1691,22,1689,1691,3.1821
1691,30,1689,1691,3.1294
1691,32,1689,1691,3.1918
1691,33,1689,1691,3.0259
1691,38,1689,1691,2.9929
1691,41,1689,1691,3.1704
1691,44,1689,1691,3.1393
1691,60,1673,1691,3.2224
1691,61,1689,1691,3.0917
1691,64,1689,1691,3.1406
1691,66,1689,1691,3.178
1691,67,1689,1691,3.132
1691,68,1689,1691,3.1965
1691,71,1689,1691,3.1591
1691,72,1689,1691,3.0895
1691,74,1689,1691,3.0965
1691,75,1689,1691,3.163
1691,81,1689,1691,3.1461
1691,84,1689,1691,3.1598
1691,85,1689,1691,3.3433
1691,86,1689,1691,3.0331
1691,89,1689,1691,3.0466
1691,90,1689,1691,3.0938
1691,93,1689,1691,3.1057
1691,94,1689,1691,3.342
1691,96,1689,1691,2.9644
1691,97,1689,1691,3.2362
1691,99,1689,1691,3.1371
1691,106,1673,1691,2.8618
1691,110,1689,1691,3.0596
1691,112,1689,1691,3.083
1691,119,1689,1691,3.0538
1691,120,1689,1691,3.0343
1691,121,1689,1691,3.3043
1691,123,1689,1691,3.099
1691,124,1689,1691,3.0311
1691,127,1689,1691,3.3254
1691,128,1689,1691,3.2059
1691,136,1689,1691,2.9264
1691,137,1689,1691,3.0692
1691,138,1689,1691,2.981
1691,140,1689,1691,3.2711
1691,142,1689,1691,3.1803
1691,150,1689,1691,2.9358
1691,154,1689,1691,2.9227
1691,160,1689,1691,3.193
1691,164,1689,1691,3.2663
1691,165,1689,1691,3.0723
1691,167,1689,1691,3.1362
1691,168,1689,1691,3.1587
1691,171,1689,1691,3.2383
1691,174,1689,1691,3.1958
1691,177,1689,1691,3.3049
1691,180,1689,1691,3.1655
1691,185,1689,1691,3.1259
1691,192,1689,1691,3.2393
1691,196,1689,1691,3.0171
1691,197,1689,1691,2.9633
1691,198,1689,1691,3.1682
1691,199,1689,1691,3.1073
1699,0,1716,1699,3.2802
1699,1,1704,1699,2.9101
1699,12,1704,1699,3.4293
1699,13,1704,1699,3.2594
1699,40,1716,1699,3.0688
1699,41,1716,1699,2.7412
1699,46,1704,1699,3.4603
1699,48,1716,1699,2.8921
1699,49,1704,1699,3.4402
1699,80,1704,1699,2.9209
1699,110,1704,1699,3.2839
1699,112,1716,1699,2.9063
1699,115,1716,1699,2.9899
1699,138,1716,1699,3.1832
1699,159,1716,1699,3.1076
1699,178,1716,1699,3.222
1701,0,1707,1701,4.3812
1701,1,1707,1701,4.5385
1701,2,1707,1701,4.7782
1701,3,1707,1701,4.718
1701,4,1707,1701,4.5915
1701,5,1707,1701,3.0876
1701,6,1707,1701,4.6977
1701,7,1707,1701,4.6149
1701,8,1707,1701,4.6453
1701,9,1707,1701,4.2782
1701,10,1707,1701,3.4213
1701,11,1707,1701,4.7369
1701,12,1707,1701,4.3924
1701,13,1707,1701,4.602
1701,14,1707,1701,4.6545
1701,15,1707,1701,4.6132
1701,16,1683,1701,5.7498
1701,17,1707,1701,4.5496
1701,18,1707,1701,4.3737
1701,19,1707,1701,4.614
1701,20,1707,1701,4.8114
1701,21,1707,1701,4.5704
1701,22,1707,1701,4.8243
1701,23,1707,1701,4.6211
1701,25,1707,1701,4.6122
1701,26,1707,1701,4.6098
1701,27,1707,1701,4.5232
1701,28,1707,1701,4.762
1701,29,1707,1701,4.5922
1701,30,1707,1701,4.6167
1701,31,1707,1701,4.2956
1701,32,1707,1701,4.8037
1701,33,1707,1701,4.7924
1701,34,1707,1701,4.6295
1701,35,1707,1701,4.6663
1701,36,1707,1701,4.5894
1701,37,1707,1701,4.8201
1701,38,1707,1701,4.4858
1701,39,1707,1701,4.8588
1701,40,1707,1701,4.5989
1701,41,1707,1701,4.6878
1701,42,1707,1701,4.6816
1701,43,1707,1701,4.3536
1701,44,1707,1701,4.623
1701,45,1707,1701,4.8012
1701,46,1707,1701,4.7885
1701,47,1707,1701,4.5947
1701,48,1707,1701,4.5059
1701,49,1707,1701,4.7894
1701,50,1707,1701,4.6354
1701,51,1707,1701,4.4931
1701,52,1707,1701,4.5766
1701,53,1707,1701,3.9785
1701,54,1707,1701,4.6734
1701,55,1707,1701,4.6382
1701,56,1707,1701,4.5081
1701,57,1707,1701,4.4401
1701,58,1707,1701,4.5517
1701,59,1707,1701,4.5847
1701,60,1683,1701,5.7673
1701,61,1707,1701,4.5772
1701,62,1671,1701,4.6005
1701,63,1707,1701,4.6122
1701,64,1707,1701,4.7513
1701,65,1707,1701,4.9428
1701,66,1707,1701,4.7538
1701,67,1707,1701,4.5879
1701,68,1707,1701,4.6945
1701,69,1707,1701,4.4628
1701,70,1707,1701,4.4546
1701,71,1707,1701,4.7214
1701,72,1707,1701,4.6205
1701,73,1707,1701,4.5061
1701,74,1707,1701,4.7297
1701,75,1707,1701,4.5083
1701,76,1707,1701,4.6673
1701,77,1707,1701,4.8222
1701,78,1707,1701,4.7083
1701,79,1707,1701,4.6138
1701,80,1707,1701,4.5544
1701,81,1707,1701,4.9085
1701,82,1707,1701,4.7901
1701,83,1707,1701,3.3778
1701,84,1707,1701,4.8285
1701,85,1707,1701,4.5334
1701,86,1707,1701,4.9508
1701,87,1707,1701,4.8874
1701,88,1707,1701,4.7078
1701,89,1707,1701,4.7521
1701,90,1707,1701,4.4701
1701,91,1707,1701,4.5352
1701,92,1707,1701,4.526
1701,93,1707,1701,4.5291
1701,94,1707,1701,4.9115
1701,95,1707,1701,4.577
1701,96,1707,1701,4.6538
1701,97,1707,1701,4.5891
1701,98,1707,1701,4.4904
1701,99,1707,1701,4.5293
1701,100,1707,1701,4.5313
1701,101,1707,1701,4.5295
1701,102,1707,1701,4.5151
1701,103,1707,1701,4.6595
1701,104,1707,1701,4.6491
1701,105,1707,1701,4.8003
1701,106,1707,1701,4.8419
1701,107,1707,1701,4.6641
1701,108,1707,1701,4.586
1701,109,1707,1701,4.6741
1701,110,1707,1701,4.4953
1701,111,1707,1701,4.6828
1701,112,1707,1701,4.5549
1701,113,1707,1701,4.6025
1701,114,1707,1701,4.654
1701,115,1707,1701,4.5594
1701,116,1707,1701,4.911
1701,117,1707,1701,4.6491
1701,118,1707,1701,4.2563
1701,119,1707,1701,4.705
1701,120,1707,1701,4.6576
1701,121,1707,1701,4.7213
1701,122,1707,1701,4.6
1701,123,1707,1701,4.6319
1701,124,1707,1701,3.4045
1701,125,1707,1701,4.6769
1701,126,1707,1701,4.6961
1701,127,1707,1701,4.1071
1701,128,1707,1701,4.7064
1701,129,1707,1701,4.6014
1701,130,1707,1701,4.6131
1701,131,1707,1701,4.6668
1701,132,1707,1701,4.662
1701,133,1707,1701,4.6348
1701,134,1707,1701,4.7923
1701,135,1707,1701,4.427
1701,136,1707,1701,4.6897
1701,137,1707,1701,4.4274
1701,138,1707,1701,4.5375
1701,139,1707,1701,4.5132
1701,140,1707,1701,4.523
1701,141,1707,1701,4.4744
1701,142,1707,1701,4.7326
1701,143,1707,1701,4.52
1701,144,1707,1701,4.7041
1701,145,1707,1701,4.5003
1701,146,1707,1701,4.7333
1701,147,1707,1701,4.5997
1701,148,1707,1701,4.5135
1701,149,1707,1701,4.1649
1701,150,1707,1701,4.9345
1701,151,1707,1701,4.8451
1701,152,1707,1701,4.6444
1701,153,1707,1701,4.702
1701,154,1707,1701,4.51
1701,155,1671,1701,4.9551
1701,156,1707,1701,4.8214
1701,157,1707,1701,4.6958
1701,158,1707,1701,4.6534
1701,159,1707,1701,3.5123
1701,160,1707,1701,4.4977
1701,161,1707,1701,4.7519
1701,162,1707,1701,4.4739
1701,163,1707,1701,4.7767
1701,164,1707,1701,4.6244
1701,165,1707,1701,4.5776
1701,166,1707,1701,4.6105
1701,167,1707,1701,4.7508
1701,168,1707,1701,4.7616
1701,169,1707,1701,4.5393
1701,170,1707,1701,4.7411
1701,171,1707,1701,4.2099
1701,172,1707,1701,4.6311
1701,173,1707,1701,4.7579
1701,174,1707,1701,4.3972
1701,175,1707,1701,4.293
1701,176,1707,1701,4.6467
1701,177,1707,1701,4.3979
1701,178,1707,1701,4.5573
1701,179,1707,1701,4.6861
1701,180,1707,1701,4.8252
1701,181,1707,1701,4.3803
1701,182,1707,1701,4.5398
1701,183,1707,1701,4.5711
1701,184,1707,1701,4.3999
1701,185,1707,1701,4.5976
1701,186,1707,1701,4.7798
1701,187,1707,1701,4.6721
1701,188,1707,1701,4.5207
1701,189,1707,1701,4.8622
1701,190,1707,1701,4.6912
1701,191,1707,1701,4.7043
1701,192,1707,1701,4.5853
1701,193,1707,1701,3.4015
1701,194,1707,1701,4.5462
1701,195,1707,1701,4.7785
1701,196,1707,1701,4.582
1701,197,1707,1701,5.1147
1701,198,1707,1701,4.9473
1701,199,1707,1701,4.5533
1710,4,1704,1710,3.128
1710,5,1704,1710,3.1518
1710,8,1704,1710,3.2374
1710,10,1704,1710,3.022
1710,13,1704,1710,3.1542
1710,14,1704,1710,3.1598
1710,17,1704,1710,3.1987
1710,18,1704,1710,3.1683
1710,23,1704,1710,2.8302
1710,24,1704,1710,3.0366
1710,34,1704,1710,3.0781
1710,37,1704,1710,3.1131
1710,38,1704,1710,3.0997
1710,44,1704,1710,3.062
1710,48,1704,1710,3.1336
1710,52,1704,1710,2.7688
1710,58,1704,1710,3.1673
1710,60,1704,1710,3.2374
1710,68,1704,1710,3.0225
1710,70,1704,1710,3.1449
1710,71,1704,1710,3.0694
1710,73,1704,1710,3.0711
1710,75,1704,1710,3.2279
1710,79,1704,1710,2.8326
1710,82,1704,1710,2.9378
1710,86,1704,1710,3.2097
1710,88,1704,1710,3.1415
1710,92,1704,1710,3.4457
1710,100,1704,1710,3.1227
1710,105,1704,1710,3.0882
1710,106,1704,1710,2.8888
1710,109,1704,1710,3.1023
1710,111,1704,1710,2.9718
1710,112,1704,1710,3.101
1710,113,1704,1710,3.0199
1710,114,1704,1710,3.1642
1710,115,1704,1710,2.869
1710,124,1704,1710,3.0046
1710,129,1704,1710,3.1599
1710,130,1704,1710,3.1679
1710,143,1704,1710,2.763
1710,146,1704,1710,3.0659
1710,149,1704,1710,3.1666
1710,150,1704,1710,2.9439
1710,152,1704,1710,3.1661
1710,155,1704,1710,3.2633
1710,158,1704,1710,3.0462
1710,162,1704,1710,3.0679
1710,175,1704,1710,3.1655
1710,181,1704,1710,3.2401
1710,182,1704,1710,3.0081
1710,184,1704,1710,3.1494
1710,185,1704,1710,3.1779
1710,188,1704,1710,3.2326
1710,189,1704,1710,3.0308
1710,194,1704,1710,3.121
1712,0,1706,1712,2.7636
1712,1,1706,1712,3.3019
1712,2,1706,1712,3.0906
1712,3,1706,1712,2.8908
1712,4,1706,1712,2.6757
1712,5,1706,1712,3.2098
1712,6,1706,1712,2.7462
1712,7,1706,1712,2.8546
1712,8,1706,1712,2.9771
1712,9,1706,1712,2.8302
1712,10,1706,1712,2.9372
1712,11,1706,1712,3.112
1712,12,1706,1712,2.9516
1712,13,1706,1712,2.9598
1712,14,1706,1712,3.0953
1712,15,1706,1712,2.866
1712,16,1706,1712,3.1511
1712,17,1706,1712,2.8861
1712,18,1706,1712,2.9846
1712,19,1706,1712,3.0168
1712,20,1706,1712,2.8163
1712,21,1706,1712,2.9881
1712,22,1706,1712,2.943
1712,23,1706,1712,3.0745
1712,24,1706,1712,2.934
1712,25,1706,1712,2.7502
1712,26,1706,1712,2.6646
1712,27,1706,1712,2.9754
1712,28,1706,1712,2.8647
1712,29,1706,1712,2.8408
1712,30,1706,1712,2.7839
1712,32,1706,1712,2.8431
1712,33,1706,1712,2.6461
1712,34,1706,1712,2.663
1712,35,1706,1712,3.0291
1712,36,1706,1712,2.7041
1712,37,1706,1712,2.7032
1712,38,1706,1712,3.0704
1712,39,1706,1712,2.8572
1712,41,1706,1712,2.8463
1712,42,1706,1712,3.004
1712,43,1706,1712,2.8407
1712,44,1706,1712,2.8178
1712,45,1706,1712,2.7938
1712,46,1706,1712,2.792
1712,47,1706,1712,2.8441
1712,48,1706,1712,3.2262
1712,49,1706,1712,3.0775
1712,50,1706,1712,3.048
1712,51,1706,1712,2.84
1712,52,1706,1712,2.8225
1712,53,1706,1712,2.7532
1712,54,1706,1712,2.7634
1712,55,1706,1712,3.1204
1712,56,1706,1712,3.1084
1712,57,1706,1712,2.6605
1712,58,1706,1712,3.3014
1712,59,1706,1712,2.9655
1712,60,1706,1712,3.095
1712,61,1706,1712,2.8096
1712,62,1706,1712,2.7888
1712,63,1706,1712,2.9368
1712,64,1706,1712,2.796
1712,65,1706,1712,2.8679
1712,66,1706,1712,2.7426
1712,68,1706,1712,2.7454
1712,69,1706,1712,2.9744
1712,70,1706,1712,2.9172
1712,71,1706,1712,2.7955
1712,72,1706,1712,2.6902
1712,73,1706,1712,2.7036
1712,74,1706,1712,3.1914
1712,75,1706,1712,3.0398
1712,76,1706,1712,2.8041
1712,77,1706,1712,2.8705
1712,78,1706,1712,2.8234
1712,79,1706,1712,2.8664
1712,80,1706,1712,2.9734
1712,81,1706,1712,3.0034
1712,82,1706,1712,2.8928
1712,83,1706,1712,2.7935
1712,84,1706,1712,2.7849
1712,85,1706,1712,3.1755
1712,86,1706,1712,2.8536
1712,87,1706,1712,2.6612
1712,88,1706,1712,2.8793
1712,89,1706,1712,2.8765
1712,90,1706,1712,2.9951
1712,91,1706,1712,2.8216
1712,92,1706,1712,3.2397
1712,93,1706,1712,3.0459
1712,95,1706,1712,3.0893
1712,96,1706,1712,2.919
1712,97,1706,1712,2.9265
1712,98,1706,1712,2.9331
1712,99,1706,1712,3.0395
1712,100,1706,1712,2.8665
1712,101,1706,1712,2.8588
1712,102,1706,1712,3.0865
1712,103,1706,1712,2.712
1712,104,1706,1712,2.6621
1712,106,1706,1712,2.9165
1712,107,1706,1712,2.9624
1712,108,1706,1712,3.2023
1712,109,1706,1712,2.7991
1712,110,1706,1712,2.7161
1712,111,1706,1712,2.8815
1712,112,1706,1712,3.331
1712,113,1706,1712,3.2192
1712,114,1706,1712,2.808
1712,116,1706,1712,3.016
1712,117,1706,1712,3.0199
1712,118,1706,1712,2.7842
1712,119,1706,1712,2.8089
1712,121,1706,1712,3.3829
1712,122,1706,1712,3.0804
1712,123,1706,1712,2.9162
1712,124,1706,1712,2.9676
1712,125,1706,1712,3.0784
1712,126,1706,1712,2.8785
1712,127,1706,1712,2.9799
1712,128,1706,1712,3.1519
1712,129,1706,1712,3.0641
1712,130,1706,1712,3.2734
1712,131,1706,1712,2.6637
1712,132,1706,1712,3.1587
1712,133,1706,1712,2.8401
1712,134,1706,1712,3.0498
1712,135,1706,1712,3.0631
1712,136,1706,1712,3.0518
1712,137,1706,1712,2.8945
1712,138,1706,1712,3.0793
1712,139,1706,1712,3.2608
1712,142,1706,1712,2.8054
1712,143,1706,1712,2.7954
1712,145,1706,1712,3.0907
1712,146,1706,1712,2.9003
1712,147,1706,1712,2.867
1712,149,1706,1712,3.123
1712,150,1706,1712,2.8401
1712,151,1706,1712,3.076
1712,152,1706,1712,3.2181
1712,153,1706,1712,2.8809
1712,154,1706,1712,2.8792
1712,155,1706,1712,2.935
1712,156,1706,1712,3.0291
1712,157,1706,1712,3.0361
1712,158,1706,1712,2.9192
1712,159,1706,1712,3.2201
1712,161,1706,1712,2.7171
1712,164,1706,1712,2.8114
1712,165,1706,1712,2.8808
1712,167,1706,1712,3.0173
1712,168,1706,1712,3.2153
1712,169,1706,1712,2.7249
1712,170,1706,1712,3.1832
1712,172,1706,1712,3.0754
1712,174,1706,1712,2.9511
1712,175,1706,1712,2.7296
1712,176,1706,1712,2.7995
1712,177,1706,1712,2.8727
1712,178,1706,1712,2.7363
1712,179,1706,1712,3.0481
1712,181,1706,1712,3.1021
1712,182,1706,1712,3.2659
1712,183,1706,1712,2.9186
1712,185,1706,1712,2.9843
1712,190,1706,1712,2.6949
1712,193,1706,1712,3.3475
1712,195,1706,1712,3.0508
1712,196,1706,1712,2.8999
1712,197,1706,1712,2.9737
1712,198,1706,1712,2.8231
1714,0,1640,1714,4.7381
1714,1,1640,1714,4.6584
1714,2,1640,1714,4.5426
1714,3,1640,1714,4.5622
1714,4,1640,1714,4.7154
1714,5,1640,1714,4.508
1714,6,1640,1714,4.6412
1714,7,1640,1714,4.6196
1714,8,1640,1714,4.6574
1714,9,1640,1714,4.7296
1714,10,1640,1714,4.6209
1714,11,1640,1714,4.603
1714,12,1640,1714,4.6932
1714,13,1640,1714,4.7277
1714,14,1640,1714,4.642
1714,15,1640,1714,4.7131
1714,16,1640,1714,4.5132
1714,17,1640,1714,4.696
1714,18,1640,1714,4.5441
1714,19,1640,1714,4.6219
1714,20,1640,1714,3.8618
1714,21,1640,1714,4.7258
1714,22,1640,1714,4.619
1714,23,1640,1714,4.6384
1714,24,1640,1714,4.582
1714,25,1640,1714,4.5618
1714,26,1640,1714,4.5593
1714,27,1640,1714,4.72
1714,28,1640,1714,4.6079
1714,29,1640,1714,4.7381
1714,30,1640,1714,3.9485
1714,31,1640,1714,4.5623
1714,32,1640,1714,4.8016
1714,33,1640,1714,4.6122
1714,34,1640,1714,4.5923
1714,35,1640,1714,4.5991
1714,36,1640,1714,4.5885
1714,37,1640,1714,4.5643
1714,38,1640,1714,4.7177
1714,39,1640,1714,4.278
1714,40,1640,1714,4.6311
1714,41,1640,1714,4.4318
1714,42,1640,1714,4.5842
1714,43,1640,1714,4.6719
1714,44,1640,1714,4.6629
1714,45,1640,1714,4.3894
1714,46,1640,1714,4.605
1714,47,1640,1714,3.1545
1714,48,1640,1714,4.5062
1714,49,1640,1714,4.7567
1714,50,1640,1714,4.558
1714,51,1640,1714,4.5363
1714,52,1640,1714,4.6359
1714,53,1640,1714,4.5466
1714,54,1640,1714,4.664
1714,55,1640,1714,4.6423
1714,56,1640,1714,4.6536
1714,57,1640,1714,4.5035
1714,58,1640,1714,4.7366
1714,59,1690,1714,4.6308
1714,60,1640,1714,4.5552
1714,61,1640,1714,4.6042
1714,62,1640,1714,4.4235
1714,63,1640,1714,4.651
1714,64,1640,1714,4.6589
1714,65,1640,1714,4.6969
1714,66,1640,1714,4.5954
1714,67,1640,1714,4.6216
1714,68,1640,1714,4.6351
1714,69,1640,1714,4.6874
1714,70,1640,1714,4.5807
1714,71,1640,1714,4.6978
1714,72,1640,1714,4.6054
1714,73,1640,1714,4.3787
1714,74,1640,1714,4.6608
1714,75,1640,1714,4.7677
1714,76,1640,1714,4.6036
1714,77,1640,1714,3.5731
1714,78,1640,1714,4.5999
1714,79,1640,1714,4.6594
1714,80,1640,1714,4.7965
1714,81,1640,1714,4.6878
1714,82,1640,1714,4.7812
1714,83,1640,1714,4.7826
1714,84,1640,1714,4.5402
1714,85,1640,1714,4.6383
1714,86,1640,1714,4.6556
1714,87,1640,1714,4.6158
1714,88,1640,1714,4.6438
1714,89,1640,1714,4.7285
1714,90,1640,1714,4.5722
1714,91,1640,1714,4.7792
1714,92,1640,1714,4.6894
1714,93,1640,1714,4.631
1714,94,1640,1714,4.5771
1714,95,1640,1714,4.7468
1714,96,1640,1714,4.5966
1714,97,1640,1714,4.6354
1714,98,1640,1714,4.3424
1714,99,1640,1714,4.3166
1714,100,1640,1714,4.5791
1714,101,1640,1714,4.3877
1714,102,1640,1714,3.8624
1714,103,1640,1714,4.5989
1714,104,1640,1714,4.6275
1714,105,1640,1714,4.5861
1714,106,1640,1714,4.543
1714,107,1640,1714,4.6708
1714,108,1640,1714,4.4808
1714,109,1640,1714,4.5969
1714,110,1640,1714,4.7494
1714,111,1640,1714,4.6103
1714,112,1640,1714,3.5676
1714,113,1640,1714,3.8376
1714,114,1640,1714,4.5248
1714,115,1640,1714,4.6416
1714,116,1640,1714,4.676
1714,117,1640,1714,4.7312
1714,118,1640,1714,4.6021
1714,119,1640,1714,4.5831
1714,120,1640,1714,4.8037
1714,121,1640,1714,4.6814
1714,122,1640,1714,4.6771
1714,123,1640,1714,4.4802
1714,124,1640,1714,4.6036
1714,125,1640,1714,3.5411
1714,126,1640,1714,4.6113
1714,127,1640,1714,4.6646
1714,128,1640,1714,4.3759
1714,129,1640,1714,4.5547
1714,130,1640,1714,4.5854
1714,131,1640,1714,4.6854
1714,132,1640,1714,4.6605
1714,133,1640,1714,4.5888
1714,134,1640,1714,4.5988
1714,135,1640,1714,4.6693
1714,136,1640,1714,3.2456
1714,137,1640,1714,4.597
1714,138,1640,1714,4.7009
1714,139,1640,1714,4.5784
1714,140,1640,1714,4.7103
1714,141,1640,1714,4.5514
1714,142,1640,1714,4.6249
1714,143,1640,1714,4.4425
1714,144,1640,1714,4.6157
1714,145,1640,1714,4.427
1714,146,1640,1714,4.4113
1714,147,1640,1714,4.7506
1714,148,1640,1714,4.5418
1714,149,1640,1714,4.5327
1714,150,1640,1714,3.6518
1714,151,1640,1714,4.6288
1714,152,1640,1714,4.6514
1714,153,1640,1714,4.4827
1714,154,1640,1714,4.4372
1714,155,1640,1714,4.7745
1714,156,1640,1714,4.4639
1714,157,1640,1714,4.6272
1714,158,1640,1714,4.5019
1714,159,1640,1714,4.4425
1714,160,1640,1714,4.7158
1714,161,1640,1714,4.5789
1714,162,1640,1714,4.6333
1714,163,1640,1714,4.6773
1714,164,1640,1714,4.729
1714,165,1640,1714,4.6304
1714,166,1640,1714,4.6274
1714,167,1640,1714,4.5882
1714,168,1640,1714,4.6667
1714,169,1640,1714,4.2199
1714,170,1640,1714,4.6884
1714,171,1640,1714,4.6324
1714,172,1640,1714,4.5428
1714,173,1640,1714,4.6115
1714,174,1640,1714,4.7161
1714,175,1640,1714,4.5039
1714,176,1640,1714,4.6817
1714,177,1640,1714,4.5837
1714,178,1640,1714,3.9227
1714,179,1640,1714,4.6735
1714,180,1640,1714,4.7013
1714,181,1640,1714,4.6158
1714,182,1640,1714,4.68
1714,183,1640,1714,4.5161
1714,184,1640,1714,4.6886
1714,185,1640,1714,4.8006
1714,186,1640,1714,4.7067
1714,187,1640,1714,4.5984
1714,188,1640,1714,4.6364
1714,189,1640,1714,4.5802
1714,190,1640,1714,4.6006
1714,191,1640,1714,4.6388
1714,192,1640,1714,4.5804
1714,193,1640,1714,4.5042
1714,194,1640,1714,4.679
1714,195,1640,1714,4.6051
1714,196,1640,1714,4.7448
1714,197,1640,1714,4.6363
1714,198,1640,1714,4.7112
1714,199,1640,1714,4.4711
1715,0,1742,1715,3.4885
1715,1,1742,1715,3.3228
1715,2,1742,1715,3.7594
1715,3,1742,1715,3.4396
1715,4,1742,1715,3.7026
1715,6,1742,1715,3.5705
1715,7,1742,1715,3.6349
1715,9,1742,1715,3.8153
1715,11,1742,1715,3.9583
1715,13,1742,1715,3.637
1715,14,1742,1715,3.3876
1715,15,1742,1715,3.6281
1715,16,1742,1715,3.6776
1715,17,1740,1715,2.7503
1715,18,1740,1715,2.7983
1715,19,1742,1715,3.3511
1715,20,1742,1715,3.7305
1715,21,1742,1715,3.5112
1715,22,1742,1715,3.8906
1715,23,1742,1715,3.7046
1715,25,1742,1715,3.7795
1715,26,1742,1715,3.5262
1715,27,1742,1715,3.1882
1715,28,1742,1715,3.6769
1715,29,1742,1715,3.7387
1715,30,1742,1715,3.6137
1715,31,1742,1715,3.6703
1715,32,1742,1715,3.6904
1715,33,1742,1715,4.3046
1715,34,1742,1715,3.848
1715,35,1742,1715,3.6319
1715,36,1742,1715,4.3342
1715,37,1742,1715,3.5685
1715,38,1742,1715,3.7091
1715,39,1742,1715,4.0463
1715,40,1742,1715,3.9466
1715,41,1742,1715,3.7299
1715,42,1742,1715,3.5597
1715,43,1742,1715,3.8648
1715,44,1742,1715,3.4491
1715,45,1742,1715,3.5167
1715,46,1742,1715,4.4941
1715,47,1742,1715,3.5025
1715,48,1742,1715,3.5386
1715,49,1742,1715,4.2828
1715,50,1742,1715,3.6365
1715,51,1742,1715,3.7239
1715,52,1742,1715,3.4373
1715,53,1740,1715,2.7471
1715,54,1742,1715,3.8023
1715,55,1742,1715,3.5166
1715,56,1742,1715,3.7344
1715,58,1742,1715,4.3144
1715,59,1742,1715,3.6232
1715,61,1742,1715,3.3308
1715,62,1742,1715,3.4604
1715,63,1742,1715,4.3318
1715,64,1742,1715,3.5006
1715,65,1742,1715,3.4614
1715,66,1742,1715,3.879
1715,67,1742,1715,3.8339
1715,68,1742,1715,3.6803
1715,69,1742,1715,3.7279
1715,70,1742,1715,3.4754
1715,71,1742,1715,3.5462
1715,72,1742,1715,3.688
1715,73,1742,1715,3.4157
1715,74,1742,1715,4.1245
1715,75,1742,1715,3.7736
1715,76,1742,1715,3.6921
1715,77,1742,1715,4.047
1715,78,1742,1715,3.8846
1715,80,1742,1715,3.5618
1715,81,1742,1715,4.0502
1715,82,1742,1715,3.4808
1715,83,1742,1715,3.4861
1715,84,1742,1715,3.3835
1715,85,1742,1715,3.6601
1715,86,1742,1715,3.4679
1715,87,1742,1715,3.5193
1715,88,1742,1715,3.6353
1715,89,1742,1715,3.6549
1715,90,1742,1715,3.6991
1715,91,1742,1715,3.5963
1715,92,1742,1715,3.6508
1715,93,1742,1715,3.5433
1715,94,1742,1715,3.679
1715,95,1742,1715,3.4481
1715,96,1742,1715,4.0394
1715,97,1742,1715,3.8266
1715,98,1742,1715,3.4393
1715,99,1742,1715,3.4511
1715,100,1742,1715,3.4677
1715,101,1742,1715,3.3742
1715,102,1742,1715,3.6895
1715,103,1742,1715,3.7145
1715,104,1742,1715,3.8398
1715,105,1742,1715,3.5325
1715,106,1742,1715,4.2103
1715,107,1742,1715,3.5421
1715,108,1742,1715,3.7775
1715,109,1742,1715,3.5287
1715,110,1742,1715,3.7369
1715,111,1742,1715,3.6088
1715,112,1742,1715,3.6572
1715,113,1740,1715,2.928
1715,114,1742,1715,3.5009
1715,115,1742,1715,3.6383
1715,116,1742,1715,4.0279
1715,117,1742,1715,3.6732
1715,118,1742,1715,3.3925
1715,119,1742,1715,3.7331
1715,120,1742,1715,4.2016
1715,121,1742,1715,3.3891
1715,122,1742,1715,4.577
1715,123,1742,1715,4.0409
1715,124,1742,1715,3.5104
1715,126,1742,1715,3.3352
1715,127,1742,1715,4.1873
1715,129,1742,1715,3.6139
1715,130,1742,1715,3.8124
1715,131,1742,1715,3.6189
1715,132,1740,1715,2.7635
1715,133,1742,1715,3.7556
1715,135,1742,1715,3.534
1715,136,1742,1715,3.5714
1715,138,1742,1715,3.7844
1715,139,1742,1715,3.7704
1715,140,1742,1715,3.9091
1715,141,1742,1715,4.7545
1715,142,1742,1715,3.6276
1715,143,1742,1715,3.5705
1715,144,1742,1715,3.4346
1715,145,1742,1715,3.6942
1715,147,1742,1715,3.7072
1715,148,1742,1715,3.4742
1715,149,1742,1715,4.4937
1715,150,1742,1715,3.7485
1715,151,1742,1715,3.6538
1715,152,1742,1715,4.2825
1715,155,1742,1715,3.62
1715,156,1742,1715,3.7098
1715,157,1742,1715,3.6632
1715,158,1742,1715,3.5026
1715,159,1742,1715,3.9705
1715,160,1742,1715,3.8971
1715,161,1742,1715,3.8235
1715,162,1742,1715,3.3093
1715,163,1742,1715,3.6739
1715,164,1742,1715,3.2005
1715,165,1742,1715,3.7635
1715,166,1742,1715,3.5652
1715,167,1742,1715,3.7307
1715,168,1742,1715,3.4678
1715,169,1742,1715,3.5317
1715,170,1742,1715,3.7787
1715,171,1742,1715,3.8224
1715,172,1742,1715,3.5095
1715,174,1742,1715,3.7346
1715,175,1742,1715,3.6233
1715,176,1742,1715,3.5875
1715,177,1742,1715,3.7264
1715,178,1740,1715,2.7862
1715,179,1742,1715,3.5918
1715,180,1742,1715,3.5546
1715,181,1742,1715,3.3662
1715,183,1742,1715,3.5427
1715,184,1742,1715,3.6454
1715,185,1742,1715,3.6589
1715,186,1742,1715,3.6494
1715,188,1742,1715,3.5183
1715,189,1742,1715,3.5155
1715,190,1742,1715,3.7424
1715,191,1742,1715,3.3462
1715,192,1742,1715,3.5629
1715,193,1742,1715,3.9069
1715,194,1742,1715,3.3927
1715,196,1742,1715,3.7029
1715,197,1742,1715,3.967
1715,198,1742,1715,3.9153
1715,199,1742,1715,3.3751
1720,0,1750,1720,4.1911
1720,1,1641,1720,4.4337
1720,2,1750,1720,4.1602
1720,3,1641,1720,4.2669
1720,4,1750,1720,4.1754
1720,5,1641,1720,4.6783
1720,6,1750,1720,4.4872
1720,7,1750,1720,4.4227
1720,8,1750,1720,4.2388
1720,9,1641,1720,4.5152
1720,10,1750,1720,4.129
1720,11,1750,1720,4.1485
1720,12,1641,1720,4.2661
1720,13,1750,1720,4.2796
1720,14,1641,1720,3.7629
1720,15,1641,1720,5.0019
1720,17,1750,1720,4.2629
1720,18,1641,1720,4.4583
1720,19,1641,1720,4.6887
1720,20,1641,1720,4.0901
1720,21,1750,1720,4.6247
1720,22,1641,1720,3.1825
1720,23,1750,1720,4.6225
1720,24,1750,1720,4.1305
1720,25,1641,1720,5.1769
1720,26,1750,1720,3.9415
1720,27,1750,1720,4.159
1720,28,1750,1720,3.7223
1720,29,1641,1720,4.498
1720,30,1750,1720,4.4298
1720,31,1641,1720,4.4957
1720,32,1750,1720,4.5352
1720,33,1750,1720,3.9866
1720,34,1641,1720,4.6628
1720,35,1750,1720,3.7239
1720,36,1641,1720,4.9636
1720,37,1750,1720,4.2627
1720,38,1641,1720,3.1545
1720,39,1750,1720,3.9374
1720,40,1641,1720,4.4862
1720,41,1641,1720,5.0358
1720,43,1641,1720,4.6471
1720,44,1750,1720,3.8891
1720,45,1641,1720,4.1233
1720,46,1750,1720,4.2365
1720,47,1641,1720,4.6987
1720,48,1750,1720,4.3931
1720,49,1641,1720,4.1655
1720,50,1750,1720,4.1324
1720,51,1641,1720,4.574
1720,52,1641,1720,5.1197
1720,53,1641,1720,4.9902
1720,54,1641,1720,4.0689
1720,55,1641,1720,5.0761
1720,56,1750,1720,4.4455
1720,57,1750,1720,4.6289
1720,58,1750,1720,3.9618
1720,59,1641,1720,5.1495
1720,60,1641,1720,4.9519
1720,61,1750,1720,3.8861
1720,62,1641,1720,4.1761
1720,63,1750,1720,4.1457
1720,64,1641,1720,4.6966
1720,65,1641,1720,3.7097
1720,66,1750,1720,4.1962
1720,67,1641,1720,4.0446
1720,68,1641,1720,4.6341
1720,69,1641,1720,4.9211
1720,70,1641,1720,3.6284
1720,71,1750,1720,4.8686
1720,72,1750,1720,4.3541
1720,73,1750,1720,4.666
1720,74,1750,1720,4.0986
1720,75,1641,1720,5.0949
1720,76,1641,1720,4.2919
1720,77,1750,1720,4.1039
1720,78,1750,1720,4.6786
1720,79,1641,1720,4.4576
1720,80,1750,1720,3.574
1720,81,1750,1720,4.4978
1720,82,1750,1720,4.2917
1720,83,1750,1720,3.8058
1720,84,1641,1720,5.4081
1720,85,1641,1720,4.7467
1720,86,1641,1720,5.0032
1720,87,1641,1720,4.2982
1720,88,1750,1720,4.1073
1720,89,1750,1720,4.1446
1720,90,1750,1720,4.3279
1720,91,1750,1720,4.0856
1720,92,1641,1720,5.0428
1720,93,1750,1720,4.092
1720,94,1641,1720,5.2871
1720,95,1641,1720,4.9918
1720,96,1641,1720,4.0926
1720,97,1750,1720,4.1371
1720,98,1750,1720,4.2042
1720,99,1750,1720,4.0515
1720,100,1750,1720,4.1934
1720,101,1641,1720,4.5708
1720,102,1641,1720,4.3122
1720,103,1641,1720,5.0503
1720,104,1641,1720,4.7423
1720,105,1750,1720,4.2097
1720,106,1750,1720,4.2964
1720,107,1641,1720,5.012
1720,108,1641,1720,4.8292
1720,109,1750,1720,4.693
1720,110,1750,1720,4.1977
1720,111,1750,1720,4.1051
1720,112,1750,1720,4.2966
1720,113,1750,1720,4.5064
1720,114,1641,1720,4.2876
1720,115,1641,1720,4.7753
1720,117,1750,1720,4.1976
1720,118,1641,1720,4.7437
1720,119,1750,1720,4.1601
1720,120,1750,1720,4.0888
1720,121,1750,1720,4.6779
1720,122,1750,1720,4.488
1720,123,1750,1720,4.0254
1720,124,1750,1720,3.7817
1720,125,1641,1720,4.2467
1720,126,1750,1720,4.1917
1720,127,1641,1720,4.998
1720,128,1641,1720,5.1127
1720,129,1641,1720,2.9411
1720,130,1750,1720,4.2071
1720,131,1750,1720,4.3438
1720,132,1750,1720,3.939
1720,133,1641,1720,4.0441
1720,134,1641,1720,4.2117
1720,135,1750,1720,4.2751
1720,137,1641,1720,4.157
1720,138,1641,1720,4.5243
1720,139,1750,1720,4.2589
1720,140,1641,1720,4.2775
1720,141,1641,1720,4.7165
1720,142,1641,1720,4.5739
1720,143,1750,1720,4.5712
1720,144,1750,1720,4.2829
1720,145,1750,1720,4.1925
1720,146,1750,1720,4.5926
1720,147,1641,1720,4.3435
1720,148,1641,1720,4.9697
1720,149,1750,1720,4.209
1720,150,1750,1720,4.2355
1720,151,1641,1720,4.0587
1720,152,1750,1720,4.3871
1720,153,1641,1720,3.9887
1720,154,1750,1720,4.7174
1720,155,1641,1720,3.582
1720,156,1750,1720,3.9192
1720,157,1641,1720,4.3581
1720,158,1641,1720,4.6966
1720,159,1750,1720,4.02
1720,160,1641,1720,4.3689
1720,161,1641,1720,3.7379
1720,162,1750,1720,4.4492
1720,163,1641,1720,4.9794
1720,164,1750,1720,4.5017
1720,165,1641,1720,5.218
1720,166,1750,1720,4.316
1720,167,1641,1720,5.2879
1720,168,1750,1720,4.4518
1720,169,1641,1720,4.2277
1720,170,1750,1720,4.2016
1720,171,1641,1720,4.1195
1720,172,1641,1720,3.8255
1720,174,1750,1720,4.401
1720,175,1641,1720,4.0809
1720,176,1641,1720,4.3922
1720,177,1750,1720,3.9527
1720,178,1641,1720,3.7686
1720,179,1641,1720,4.6213
1720,180,1750,1720,4.0814
1720,181,1641,1720,5.2584
1720,181,1750,1720,4.2702
1720,182,1750,1720,3.8386
1720,183,1750,1720,4.1371
1720,184,1750,1720,4.4761
1720,185,1641,1720,5.3906
1720,186,1750,1720,4.7506
1720,187,1641,1720,5.1672
1720,188,1641,1720,4.127
1720,189,1750,1720,4.7218
1720,190,1750,1720,4.325
1720,192,1750,1720,4.1008
1720,193,1750,1720,4.2101
1720,194,1641,1720,4.9953
1720,195,1750,1720,4.1441
1720,196,1641,1720,4.0548
1720,197,1750,1720,4.1971
1720,198,1750,1720,4.4849
1720,199,1750,1720,3.9596
1732,0,1672,1732,4.5842
1732,1,1672,1732,4.5686
1732,2,1672,1732,4.7908
1732,3,1651,1732,3.3546
1732,4,1672,1732,4.7769
1732,5,1651,1732,3.2293
1732,6,1651,1732,3.3733
1732,7,1672,1732,4.8102
1732,8,1672,1732,4.5335
1732,9,1672,1732,4.713
1732,10,1672,1732,4.5446
1732,11,1651,1732,3.4271
1732,12,1672,1732,4.6809
1732,13,1651,1732,3.3649
1732,14,1672,1732,4.6664
1732,15,1672,1732,4.7054
1732,16,1672,1732,4.7778
1732,17,1672,1732,4.7815
1732,18,1672,1732,4.8068
1732,19,1651,1732,3.2971
1732,20,1672,1732,4.5599
1732,21,1672,1732,4.6592
1732,22,1672,1732,4.5125
1732,23,1672,1732,4.3953
1732,24,1672,1732,4.5383
1732,25,1651,1732,3.6222
1732,26,1651,1732,3.335
1732,27,1672,1732,4.4096
1732,28,1651,1732,3.7242
1732,29,1672,1732,4.2426
1732,30,1651,1732,3.2962
1732,31,1651,1732,3.4369
1732,32,1672,1732,4.5082
1732,33,1672,1732,4.5718
1732,34,1672,1732,4.7343
1732,35,1651,1732,3.1468
1732,36,1672,1732,4.7274
1732,37,1651,1732,3.0516
1732,38,1651,1732,3.0847
1732,39,1651,1732,3.0159
1732,40,1672,1732,4.7098
1732,41,1651,1732,3.4756
1732,42,1672,1732,4.631
1732,43,1672,1732,4.672
1732,44,1672,1732,4.6003
1732,45,1672,1732,4.6153
1732,46,1672,1732,4.6702
1732,47,1651,1732,3.2414
1732,48,1651,1732,3.3551
1732,49,1672,1732,4.6258
1732,50,1672,1732,4.8156
1732,51,1672,1732,4.5265
1732,52,1672,1732,4.5691
1732,53,1672,1732,4.4075
1732,54,1651,1732,3.3336
1732,55,1672,1732,4.5145
1732,56,1672,1732,4.5965
1732,57,1672,1732,4.7399
1732,58,1651,1732,3.7123
1732,59,1651,1732,3.1592
1732,60,1651,1732,3.5425
1732,61,1672,1732,4.6288
1732,62,1651,1732,3.0857
1732,63,1672,1732,4.4465
1732,64,1672,1732,4.3118
1732,65,1672,1732,4.6904
1732,66,1672,1732,4.5946
1732,67,1651,1732,3.652
1732,68,1672,1732,4.7836
1732,69,1651,1732,3.3746
1732,70,1672,1732,4.4159
1732,71,1672,1732,4.4374
1732,72,1672,1732,4.6044
1732,73,1672,1732,4.4451
1732,74,1672,1732,4.9162
1732,75,1672,1732,4.6658
1732,76,1651,1732,3.4523
1732,77,1672,1732,4.622
1732,78,1651,1732,3.3052
1732,79,1651,1732,3.4402
1732,80,1672,1732,4.5095
1732,81,1672,1732,4.7526
1732,82,1651,1732,3.5934
1732,83,1651,1732,3.0585
1732,84,1672,1732,4.5424
1732,85,1651,1732,3.3425
1732,86,1651,1732,3.3461
1732,87,1672,1732,4.6533
1732,88,1672,1732,4.4673
1732,89,1651,1732,3.5782
1732,90,1651,1732,3.0788
1732,91,1672,1732,4.4616
1732,92,1672,1732,4.6061
1732,93,1672,1732,4.5514
1732,94,1651,1732,3.1883
1732,95,1672,1732,4.61
1732,96,1651,1732,3.5542
1732,97,1672,1732,4.6355
1732,98,1672,1732,4.4981
1732,99,1672,1732,4.4763
1732,100,1651,1732,3.173
1732,101,1672,1732,4.4242
1732,102,1651,1732,3.0505
1732,103,1672,1732,4.5182
1732,104,1672,1732,4.5237
1732,105,1672,1732,4.8247
1732,106,1651,1732,3.4019
1732,107,1672,1732,4.5371
1732,108,1672,1732,4.429
1732,109,1672,1732,4.768
1732,110,1651,1732,3.3375
1732,111,1672,1732,4.6728
1732,112,1672,1732,4.6257
1732,113,1672,1732,4.6345
1732,114,1651,1732,3.4606
1732,115,1672,1732,4.6273
1732,116,1672,1732,4.5119
1732,117,1651,1732,3.6915
1732,118,1672,1732,4.4678
1732,119,1651,1732,2.9837
1732,120,1672,1732,4.6746
1732,121,1651,1732,3.4222
1732,122,1651,1732,3.6009
1732,123,1672,1732,4.5111
1732,124,1651,1732,3.3396
1732,125,1651,1732,3.3376
1732,126,1672,1732,4.6959
1732,127,1651,1732,2.9288
1732,128,1672,1732,4.4373
1732,129,1651,1732,3.6795
1732,130,1651,1732,3.2027
1732,131,1672,1732,4.2551
1732,132,1672,1732,4.5494
1732,133,1672,1732,4.5702
1732,134,1651,1732,2.7591
1732,135,1672,1732,4.5762
1732,136,1672,1732,4.4963
1732,137,1651,1732,3.0113
1732,138,1651,1732,3.3198
1732,139,1672,1732,4.3344
1732,140,1672,1732,4.3984
1732,141,1672,1732,4.606
1732,142,1651,1732,3.4488
1732,143,1672,1732,4.6855
1732,144,1672,1732,4.5415
1732,145,1672,1732,4.5665
1732,146,1672,1732,4.5273
1732,147,1672,1732,4.5019
1732,148,1651,1732,3.2377
1732,149,1672,1732,4.3715
1732,150,1651,1732,3.6649
1732,151,1672,1732,4.4939
1732,152,1651,1732,2.9765
1732,153,1672,1732,4.5255
1732,154,1672,1732,4.7623
1732,155,1651,1732,3.171
1732,156,1672,1732,4.7831
1732,157,1672,1732,4.7978
1732,158,1672,1732,4.5343
1732,159,1672,1732,4.5355
1732,160,1672,1732,4.799
1732,161,1672,1732,4.345
1732,162,1672,1732,4.5839
1732,163,1672,1732,4.7927
1732,164,1672,1732,4.5018
1732,165,1651,1732,3.316
1732,166,1651,1732,3.2988
1732,167,1672,1732,4.6594
1732,168,1672,1732,4.3872
1732,169,1672,1732,4.6954
1732,170,1672,1732,4.7739
1732,171,1672,1732,4.6526
1732,172,1651,1732,3.249
1732,173,1672,1732,4.7541
1732,174,1672,1732,4.507
1732,175,1651,1732,3.5127
1732,176,1651,1732,3.329
1732,177,1651,1732,3.1002
1732,178,1651,1732,3.2755
1732,179,1672,1732,4.5469
1732,180,1651,1732,3.6183
1732,181,1672,1732,4.6621
1732,182,1672,1732,4.54
1732,183,1672,1732,4.5781
1732,184,1651,1732,3.3406
1732,185,1672,1732,4.4886
1732,186,1672,1732,4.4899
1732,187,1672,1732,4.553
1732,188,1672,1732,4.6391
1732,189,1672,1732,4.5209
1732,190,1672,1732,4.5072
1732,191,1672,1732,4.6208
1732,192,1672,1732,4.5149
1732,193,1672,1732,4.6345
1732,194,1651,1732,3.0221
1732,195,1651,1732,3.4854
1732,196,1651,1732,3.3645
1732,197,1672,1732,4.5871
1732,198,1672,1732,4.4978
1732,199,1672,1732,4.5175
1733,0,1715,1733,4.6361
1733,1,1691,1733,4.1963
1733,2,1691,1733,4.7114
1733,3,1691,1733,4.3965
1733,5,1691,1733,4.1068
1733,6,1691,1733,5.0787
1733,7,1691,1733,4.3362
1733,8,1691,1733,4.0739
1733,10,1691,1733,4.2923
1733,11,1691,1733,4.3773
1733,12,1691,1733,4.1725
1733,13,1691,1733,4.9121
1733,14,1691,1733,4.0981
1733,15,1691,1733,4.2769
1733,16,1691,1733,3.5323
1733,16,1715,1733,4.9893
1733,17,1691,1733,4.8476
1733,19,1691,1733,3.9377
1733,21,1691,1733,4.5768
1733,22,1691,1733,4.997
1733,23,1691,1733,4.2837
1733,24,1691,1733,4.4489
1733,25,1691,1733,4.5614
1733,26,1691,1733,4.8843
1733,27,1691,1733,4.3106
1733,28,1691,1733,4.374
1733,29,1691,1733,4.1673
1733,30,1691,1733,4.27
1733,31,1691,1733,5.0301
1733,32,1691,1733,4.0347
1733,33,1691,1733,4.2104
1733,34,1691,1733,4.071
1733,35,1691,1733,4.1542
1733,36,1691,1733,4.1861
1733,37,1691,1733,4.0703
1733,38,1715,1733,4.8485
1733,39,1691,1733,4.3358
1733,40,1691,1733,4.4179
1733,41,1691,1733,4.4194
1733,42,1691,1733,4.3469
1733,43,1691,1733,4.1384
1733,44,1691,1733,4.3245
1733,45,1691,1733,4.0236
1733,47,1691,1733,4.1663
1733,48,1691,1733,4.2328
1733,49,1691,1733,4.2736
1733,50,1691,1733,4.1621
1733,51,1691,1733,4.3042
1733,52,1691,1733,4.3846
1733,54,1691,1733,4.6823
1733,56,1691,1733,4.2421
1733,57,1691,1733,4.3696
1733,58,1691,1733,4.4221
1733,59,1691,1733,4.6603
1733,61,1691,1733,4.4476
1733,62,1691,1733,4.3283
1733,63,1691,1733,4.3505
1733,65,1691,1733,4.9204
1733,66,1691,1733,4.3496
1733,67,1691,1733,4.4021
1733,68,1691,1733,4.5717
1733,70,1691,1733,4.5941
1733,71,1691,1733,4.3246
1733,72,1691,1733,4.2259
1733,73,1691,1733,4.4708
1733,74,1691,1733,4.4811
1733,75,1691,1733,4.4493
1733,76,1691,1733,4.3788
1733,77,1691,1733,4.2605
1733,78,1691,1733,4.9657
1733,82,1691,1733,4.4053
1733,83,1691,1733,4.1802
1733,85,1691,1733,4.3337
1733,86,1691,1733,4.1146
1733,87,1691,1733,4.2831
1733,90,1691,1733,4.5752
1733,91,1715,1733,5.0512
1733,92,1691,1733,3.8926
1733,93,1691,1733,4.5132
1733,94,1691,1733,4.4984
1733,96,1691,1733,4.4627
1733,97,1691,1733,4.3381
1733,98,1691,1733,4.339
1733,99,1691,1733,4.2973
1733,100,1691,1733,4.4131
1733,101,1691,1733,4.1094
1733,102,1691,1733,4.4341
1733,103,1691,1733,4.4759
1733,104,1691,1733,4.9462
1733,105,1691,1733,4.3195
1733,106,1691,1733,4.3762
1733,107,1691,1733,4.3736
1733,108,1691,1733,4.3149
1733,109,1691,1733,4.5087
1733,110,1691,1733,4.6596
1733,111,1691,1733,4.4907
1733,112,1691,1733,4.7565
1733,113,1691,1733,4.3598
1733,114,1691,1733,4.5502
1733,115,1691,1733,4.349
1733,116,1691,1733,4.444
1733,117,1691,1733,4.5529
1733,118,1691,1733,4.1181
1733,119,1715,1733,4.7469
1733,120,1691,1733,4.459
1733,121,1691,1733,4.6381
1733,123,1691,1733,4.5984
1733,124,1691,1733,4.4948
1733,125,1691,1733,4.4889
1733,126,1691,1733,4.2784
1733,127,1691,1733,4.3062
1733,128,1691,1733,4.5369
1733,129,1691,1733,4.409
1733,130,1691,1733,4.126
1733,131,1691,1733,4.5504
1733,132,1691,1733,4.3266
1733,133,1691,1733,4.3683
1733,134,1691,1733,4.357
1733,135,1691,1733,4.2604
1733,136,1691,1733,4.1633
1733,137,1691,1733,4.4332
1733,138,1691,1733,4.2261
1733,139,1691,1733,4.5949
1733,140,1691,1733,4.3697
1733,141,1691,1733,4.2435
1733,142,1691,1733,4.676
1733,143,1691,1733,4.1679
1733,144,1691,1733,4.4615
1733,145,1691,1733,3.9484
1733,146,1691,1733,4.313
1733,147,1691,1733,4.5109
1733,148,1691,1733,4.6103
1733,149,1691,1733,4.2983
1733,151,1691,1733,4.3278
1733,152,1691,1733,4.5723
1733,153,1715,1733,4.4327
1733,154,1691,1733,4.5375
1733,155,1691,1733,4.3746
1733,156,1691,1733,4.3922
1733,157,1691,1733,4.124
1733,158,1691,1733,4.3634
1733,159,1691,1733,4.3655
1733,160,1691,1733,4.3573
1733,161,1691,1733,4.2132
1733,162,1691,1733,4.2603
1733,163,1691,1733,4.3405
1733,164,1691,1733,3.8348
1733,165,1691,1733,4.8107
1733,166,1691,1733,4.2854
1733,167,1691,1733,4.5653
1733,168,1691,1733,4.3004
1733,169,1691,1733,4.3493
1733,170,1691,1733,4.0846
1733,171,1691,1733,4.7061
1733,172,1691,1733,4.428
1733,173,1691,1733,4.3504
1733,174,1691,1733,4.5628
1733,175,1691,1733,4.2848
1733,176,1691,1733,4.2373
1733,177,1691,1733,4.5988
1733,178,1691,1733,4.3833
1733,179,1691,1733,4.1627
1733,180,1691,1733,4.5638
1733,181,1691,1733,4.3811
1733,182,1691,1733,4.4951
1733,183,1691,1733,4.2814
1733,184,1691,1733,4.1349
1733,185,1691,1733,4.4031
1733,186,1691,1733,4.5328
1733,188,1691,1733,4.3806
1733,190,1691,1733,4.4232
1733,191,1691,1733,4.3656
1733,194,1691,1733,4.1543
1733,195,1691,1733,4.463
1733,196,1691,1733,4.5542
1733,197,1691,1733,4.5541
1733,198,1715,1733,4.5746
1733,199,1691,1733,4.3695
1740,17,1644,1740,3.4874
1740,126,1680,1740,3.3901
1743,0,1641,1743,6.5569
1743,1,1641,1743,4.9349
1743,2,1641,1743,5.6229
1743,3,1641,1743,4.9925
1743,4,1641,1743,4.7148
1743,5,1641,1743,5.8229
1743,6,1641,1743,4.2627
1743,7,1641,1743,5.0473
1743,8,1641,1743,5.4971
1743,9,1720,1743,4.9781
1743,10,1641,1743,5.6744
1743,11,1641,1743,4.5523
1743,12,1641,1743,5.5737
1743,13,1641,1743,4.6158
1743,14,1641,1743,4.7204
1743,15,1641,1743,3.8772
1743,16,1641,1743,4.7846
1743,17,1641,1743,4.588
1743,18,1720,1743,4.8971
1743,19,1641,1743,5.1052
1743,20,1641,1743,5.0164
1743,21,1641,1743,4.8323
1743,22,1641,1743,4.889
1743,23,1641,1743,4.5362
1743,24,1641,1743,4.7154
1743,25,1720,1743,4.8887
1743,26,1641,1743,4.872
1743,27,1641,1743,5.7346
1743,28,1641,1743,6.5479
1743,28,1720,1743,5.3138
1743,29,1641,1743,5.8098
1743,30,1641,1743,4.6205
1743,31,1641,1743,4.8732
1743,32,1641,1743,6.0316
1743,33,1641,1743,5.576
1743,34,1641,1743,5.5241
1743,35,1720,1743,5.0211
1743,36,1641,1743,5.4978
1743,37,1641,1743,4.8574
1743,38,1641,1743,4.3569
1743,39,1641,1743,4.616
1743,40,1641,1743,4.5854
1743,41,1641,1743,4.707
1743,42,1641,1743,4.6419
1743,43,1641,1743,5.4494
1743,44,1641,1743,4.7886
1743,45,1641,1743,4.9037
1743,46,1641,1743,4.7179
1743,47,1641,1743,4.834
1743,48,1641,1743,5.8546
1743,49,1641,1743,5.5626
1743,50,1641,1743,5.7842
1743,51,1641,1743,4.8559
1743,52,1641,1743,4.9358
1743,53,1641,1743,4.6823
1743,54,1641,1743,4.3894
1743,55,1641,1743,4.8464
1743,56,1641,1743,5.8349
1743,57,1641,1743,4.7203
1743,58,1641,1743,5.5492
1743,59,1641,1743,4.7517
1743,61,1641,1743,4.8464
1743,62,1641,1743,6.1262
1743,63,1641,1743,4.8559
1743,64,1641,1743,4.8053
1743,65,1641,1743,6.6311
1743,65,1720,1743,5.0817
1743,66,1641,1743,4.8646
1743,67,1641,1743,5.614
1743,68,1641,1743,4.825
1743,69,1641,1743,4.97
1743,70,1641,1743,5.6458
1743,71,1641,1743,5.4283
1743,72,1641,1743,4.7278
1743,73,1641,1743,6.5749
1743,74,1641,1743,4.6609
1743,75,1641,1743,4.5991
1743,76,1641,1743,4.3853
1743,77,1641,1743,4.8104
1743,78,1641,1743,4.8788
1743,79,1641,1743,4.8362
1743,80,1641,1743,5.3261
1743,81,1641,1743,4.5944
1743,82,1641,1743,4.4032
1743,83,1641,1743,4.9016
1743,84,1720,1743,4.9668
1743,85,1641,1743,5.4073
1743,87,1641,1743,4.6049
1743,88,1641,1743,4.7334
1743,89,1720,1743,3.8185
1743,90,1641,1743,5.5049
1743,91,1641,1743,4.5565
1743,92,1641,1743,4.6692
1743,93,1641,1743,5.5215
1743,94,1641,1743,6.1197
1743,95,1641,1743,4.8334
1743,96,1641,1743,4.8163
1743,97,1641,1743,5.549
1743,98,1641,1743,4.8869
1743,99,1641,1743,4.9939
1743,100,1641,1743,5.0331
1743,102,1641,1743,5.5076
1743,103,1641,1743,4.3168
1743,104,1641,1743,4.4264
1743,105,1641,1743,5.4811
1743,106,1641,1743,4.7495
1743,107,1641,1743,4.8809
1743,108,1641,1743,6.3189
1743,109,1641,1743,4.7562
1743,110,1641,1743,4.768
1743,111,1641,1743,4.2943
1743,112,1641,1743,5.7531
1743,113,1641,1743,4.6444
1743,114,1641,1743,4.846
1743,115,1641,1743,4.2957
1743,116,1641,1743,4.5814
1743,117,1641,1743,5.4613
1743,118,1641,1743,5.657
1743,119,1641,1743,4.6569
1743,120,1641,1743,4.6998
1743,121,1641,1743,5.4757
1743,122,1641,1743,4.7926
1743,123,1641,1743,4.5732
1743,124,1641,1743,4.9118
1743,125,1641,1743,4.8158
1743,127,1641,1743,4.5901
1743,128,1641,1743,4.8737
1743,129,1641,1743,4.9249
1743,130,1641,1743,4.5269
1743,131,1641,1743,5.9518
1743,132,1641,1743,5.4813
1743,134,1641,1743,4.7281
1743,135,1641,1743,5.6508
1743,136,1641,1743,4.7665
1743,137,1641,1743,4.81
1743,138,1641,1743,4.7042
1743,139,1641,1743,4.7614
1743,140,1641,1743,4.6197
1743,141,1641,1743,5.7327
1743,142,1641,1743,5.7667
1743,143,1641,1743,4.6518
1743,144,1641,1743,5.7672
1743,145,1641,1743,4.5608
1743,146,1641,1743,4.6087
1743,147,1641,1743,4.6745
1743,148,1641,1743,4.3045
1743,149,1641,1743,5.9232
1743,150,1641,1743,4.7889
1743,151,1641,1743,4.4767
1743,152,1641,1743,4.3864
1743,153,1641,1743,4.4967
1743,154,1641,1743,4.7996
1743,155,1641,1743,6.4976
1743,155,1720,1743,5.1358
1743,156,1641,1743,4.8648
1743,157,1641,1743,4.6919
1743,158,1641,1743,4.8024
1743,159,1641,1743,4.6981
1743,160,1641,1743,4.953
1743,161,1641,1743,4.875
1743,162,1641,1743,5.7363
1743,163,1641,1743,4.2935
1743,164,1641,1743,4.6757
1743,165,1641,1743,4.6803
1743,166,1641,1743,4.9163
1743,167,1720,1743,5.1416
1743,168,1641,1743,4.7245
1743,169,1641,1743,5.148
1743,171,1641,1743,4.3205
1743,172,1641,1743,4.6604
1743,173,1641,1743,4.7346
1743,174,1641,1743,4.8522
1743,175,1641,1743,5.6796
1743,176,1641,1743,5.792
1743,177,1720,1743,4.1342
1743,178,1641,1743,4.9061
1743,179,1641,1743,4.2436
1743,180,1641,1743,5.0133
1743,181,1641,1743,4.8508
1743,182,1641,1743,4.1499
1743,183,1641,1743,4.7511
1743,184,1641,1743,4.6181
1743,185,1641,1743,4.6707
1743,186,1641,1743,5.8344
1743,187,1641,1743,4.6537
1743,188,1641,1743,4.6216
1743,190,1641,1743,4.8791
1743,192,1641,1743,3.9957
1743,193,1641,1743,4.6302
1743,195,1641,1743,4.217
1743,196,1641,1743,4.8568
1743,197,1641,1743,4.7589
1743,198,1641,1743,4.0597
1743,199,1641,1743,4.699
1750,0,1660,1750,4.8085
1750,1,1647,1750,4.8475
1750,2,1660,1750,4.5519
1750,3,1660,1750,4.7002
1750,4,1660,1750,4.8196
1750,5,1660,1750,4.7677
1750,6,1660,1750,4.7113
1750,7,1647,1750,4.8095
1750,8,1677,1750,4.7095
1750,9,1660,1750,4.6125
1750,10,1677,1750,4.7054
1750,11,1647,1750,4.9191
1750,12,1647,1750,4.4697
1750,13,1677,1750,4.667
1750,14,1647,1750,4.6702
1750,15,1647,1750,4.6221
1750,16,1647,1750,4.8893
1750,17,1660,1750,4.6485
1750,18,1660,1750,4.4659
1750,19,1660,1750,4.861
1750,20,1647,1750,4.6772
1750,21,1660,1750,4.8392
1750,22,1660,1750,5.5494
1750,23,1647,1750,4.6129
1750,24,1660,1750,4.942
1750,25,1677,1750,4.726
1750,26,1647,1750,4.4995
1750,27,1660,1750,4.7
1750,28,1677,1750,4.5654
1750,29,1660,1750,5.5828
1750,30,1647,1750,4.6558
1750,31,1647,1750,4.755
1750,32,1647,1750,4.5954
1750,33,1647,1750,4.8679
1750,34,1647,1750,4.5842
1750,35,1677,1750,4.6133
1750,36,1677,1750,4.4742
1750,37,1677,1750,4.7761
1750,38,1647,1750,4.9089
1750,39,1647,1750,4.249
1750,40,1677,1750,4.6092
1750,41,1647,1750,4.856
1750,42,1660,1750,4.6781
1750,43,1647,1750,4.8967
1750,44,1677,1750,4.6046
1750,45,1660,1750,4.7466
1750,46,1647,1750,4.5386
1750,47,1647,1750,4.7276
1750,48,1660,1750,4.8833
1750,49,1647,1750,4.7996
1750,50,1647,1750,4.6855
1750,51,1660,1750,4.5671
1750,52,1660,1750,4.8418
1750,53,1677,1750,4.8058
1750,54,1677,1750,4.5289
1750,55,1677,1750,4.7461
1750,56,1677,1750,4.6245
1750,57,1660,1750,4.6754
1750,58,1660,1750,4.4553
1750,59,1677,1750,4.4853
1750,60,1647,1750,4.6582
1750,61,1677,1750,4.8416
1750,62,1677,1750,4.7209
1750,63,1647,1750,4.6477
1750,64,1647,1750,4.7912
1750,65,1660,1750,4.5847
1750,66,1647,1750,4.9662
1750,67,1677,1750,4.5505
1750,68,1660,1750,4.7772
1750,69,1677,1750,4.701
1750,70,1647,1750,4.4005
1750,71,1660,1750,4.4659
1750,72,1677,1750,4.5087
1750,73,1647,1750,4.6625
1750,74,1647,1750,4.8594
1750,75,1647,1750,4.735
1750,76,1660,1750,4.4599
1750,77,1647,1750,4.7285
1750,78,1647,1750,4.4089
1750,79,1647,1750,4.8094
1750,80,1660,1750,4.8202
1750,81,1647,1750,4.694
1750,82,1647,1750,4.7473
1750,83,1660,1750,4.6641
1750,84,1677,1750,4.6817
1750,85,1677,1750,4.6143
1750,86,1660,1750,4.3655
1750,87,1647,1750,5.0972
1750,88,1677,1750,4.5957
1750,89,1647,1750,4.8032
1750,90,1647,1750,4.8447
1750,91,1647,1750,4.9502
1750,92,1641,1750,4.4823
1750,93,1660,1750,4.4662
1750,94,1647,1750,4.7527
1750,95,1647,1750,4.7162
1750,96,1647,1750,4.5052
1750,97,1677,1750,4.5834
1750,98,1647,1750,4.7624
1750,99,1647,1750,4.6744
1750,100,1647,1750,4.6849
1750,101,1647,1750,4.8775
1750,102,1677,1750,4.6663
1750,103,1677,1750,4.5924
1750,104,1660,1750,4.6761
1750,105,1647,1750,4.8454
1750,106,1660,1750,5.3418
1750,107,1647,1750,3.0543
1750,108,1647,1750,4.538
1750,109,1647,1750,4.369
1750,110,1647,1750,4.8923
1750,111,1647,1750,4.6761
1750,112,1660,1750,4.7619
1750,113,1647,1750,4.4346
1750,114,1677,1750,4.4814
1750,115,1660,1750,4.5043
1750,116,1677,1750,4.3879
1750,117,1647,1750,4.355
1750,118,1647,1750,4.655
1750,119,1647,1750,4.8944
1750,120,1660,1750,4.5434
1750,121,1677,1750,4.6062
1750,122,1677,1750,4.6656
1750,123,1660,1750,4.6768
1750,124,1647,1750,4.7603
1750,125,1677,1750,4.7103
1750,126,1677,1750,4.6109
1750,127,1660,1750,4.872
1750,128,1647,1750,4.6398
1750,129,1647,1750,4.6274
1750,130,1677,1750,4.7169
1750,131,1647,1750,4.7096
1750,132,1647,1750,4.6459
1750,133,1660,1750,4.7931
1750,134,1647,1750,4.5699
1750,135,1677,1750,4.7093
1750,136,1660,1750,4.404
1750,137,1677,1750,4.6652
1750,138,1677,1750,4.6689
1750,139,1647,1750,4.5957
1750,140,1677,1750,4.414
1750,141,1660,1750,4.8572
1750,142,1647,1750,4.9958
1750,143,1647,1750,3.9656
1750,144,1677,1750,4.4932
1750,145,1660,1750,5.132
1750,146,1647,1750,4.7404
1750,147,1677,1750,4.7374
1750,148,1647,1750,4.5343
1750,149,1647,1750,3.6707
1750,150,1647,1750,4.8402
1750,151,1647,1750,4.6314
1750,152,1660,1750,5.415
1750,153,1660,1750,4.5313
1750,154,1647,1750,4.9394
1750,155,1647,1750,4.5133
1750,156,1677,1750,4.7742
1750,157,1647,1750,4.7991
1750,158,1660,1750,4.3298
1750,159,1677,1750,4.837
1750,160,1647,1750,4.6575
1750,161,1660,1750,4.8757
1750,162,1647,1750,4.7706
1750,163,1647,1750,4.8883
1750,164,1677,1750,4.6117
1750,165,1647,1750,4.7512
1750,166,1647,1750,4.6554
1750,167,1647,1750,4.7323
1750,168,1647,1750,4.6964
1750,169,1660,1750,4.6216
1750,170,1647,1750,4.0172
1750,171,1660,1750,4.823
1750,172,1677,1750,4.6023
1750,173,1660,1750,4.8553
1750,174,1660,1750,4.3991
1750,175,1660,1750,4.6571
1750,176,1677,1750,4.7398
1750,177,1660,1750,4.7523
1750,178,1660,1750,4.6988
1750,179,1660,1750,4.8653
1750,180,1647,1750,4.9601
1750,181,1677,1750,4.6668
1750,182,1647,1750,4.7679
1750,183,1647,1750,4.7152
1750,184,1647,1750,4.6253
1750,185,1647,1750,4.9017
1750,186,1660,1750,4.8667
1750,187,1677,1750,4.9791
1750,188,1677,1750,4.5997
1750,189,1647,1750,4.8214
1750,190,1660,1750,4.7295
1750,191,1660,1750,4.653
1750,192,1647,1750,4.7455
1750,193,1677,1750,4.6624
1750,194,1647,1750,4.9875
1750,195,1660,1750,4.553
1750,196,1647,1750,4.6288
1750,197,1677,1750,4.5549
1750,198,1660,1750,5.5533
1750,199,1647,1750,4.6832
1751,0,1740,1751,4.8127
1751,1,1740,1751,4.7933
1751,2,1740,1751,4.3022
1751,3,1740,1751,4.6075
1751,4,1740,1751,4.4448
1751,5,1740,1751,4.8162
1751,6,1740,1751,4.663
1751,7,1740,1751,4.8224
1751,8,1740,1751,4.4892
1751,9,1740,1751,4.6552
1751,10,1740,1751,4.5737
1751,11,1740,1751,4.5962
1751,12,1740,1751,4.5529
1751,13,1740,1751,4.7353
1751,14,1740,1751,4.6472
1751,15,1740,1751,4.7948
1751,16,1740,1751,4.6112
1751,17,1740,1751,4.8053
1751,18,1740,1751,4.8262
1751,19,1740,1751,4.6526
1751,20,1740,1751,4.6422
1751,21,1740,1751,4.797
1751,22,1740,1751,4.6712
1751,23,1740,1751,4.6564
1751,24,1740,1751,4.7696
1751,25,1740,1751,4.9139
1751,26,1740,1751,5.1322
1751,27,1740,1751,4.6016
1751,28,1740,1751,4.521
1751,29,1740,1751,4.5101
1751,30,1740,1751,4.6692
1751,31,1740,1751,4.9864
1751,32,1740,1751,4.6379
1751,33,1740,1751,5.1573
1751,35,1740,1751,4.6378
1751,36,1740,1751,4.6571
1751,37,1740,1751,4.8085
1751,40,1740,1751,4.6221
1751,41,1740,1751,4.303
1751,42,1740,1751,4.7947
1751,43,1740,1751,4.8042
1751,44,1740,1751,4.9168
1751,45,1740,1751,4.561
1751,46,1740,1751,4.9029
1751,47,1740,1751,4.6317
1751,48,1740,1751,4.5432
1751,49,1740,1751,4.6911
1751,50,1740,1751,4.77
1751,51,1740,1751,4.882
1751,52,1740,1751,4.6107
1751,53,1740,1751,4.7755
1751,55,1740,1751,5.0097
1751,56,1740,1751,4.8472
1751,57,1740,1751,4.9321
1751,58,1740,1751,4.4885
1751,59,1740,1751,4.6654
1751,60,1740,1751,4.8333
1751,61,1740,1751,4.76
1751,62,1740,1751,4.7868
1751,63,1740,1751,4.8332
1751,64,1740,1751,4.4692
1751,65,1740,1751,4.5742
1751,66,1740,1751,4.7496
1751,67,1740,1751,4.8205
1751,68,1740,1751,4.7757
1751,69,1740,1751,4.5487
1751,70,1740,1751,4.6216
1751,71,1740,1751,4.5647
1751,72,1740,1751,4.8662
1751,73,1740,1751,4.6043
1751,74,1740,1751,4.4976
1751,75,1740,1751,4.6634
1751,76,1740,1751,5.0871
1751,77,1740,1751,4.8986
1751,78,1740,1751,4.647
1751,79,1740,1751,4.8572
1751,81,1740,1751,4.7254
1751,82,1740,1751,4.3093
1751,83,1740,1751,4.4952
1751,84,1740,1751,4.679
1751,85,1740,1751,4.9207
1751,86,1740,1751,4.6537
1751,87,1740,1751,5.0259
1751,88,1740,1751,4.5187
1751,89,1740,1751,4.4964
1751,90,1740,1751,4.5504
1751,91,1740,1751,4.756
1751,92,1740,1751,4.4898
1751,94,1740,1751,4.7198
1751,95,1740,1751,4.5853
1751,96,1740,1751,4.4981
1751,97,1740,1751,4.6934
1751,98,1740,1751,4.8904
1751,99,1740,1751,4.8416
1751,100,1740,1751,4.548
1751,102,1740,1751,4.2925
1751,103,1740,1751,4.8664
1751,104,1740,1751,4.4096
1751,105,1740,1751,4.6036
1751,106,1740,1751,4.4728
1751,107,1740,1751,4.7606
1751,108,1740,1751,4.6919
1751,109,1740,1751,4.745
1751,110,1740,1751,4.5805
1751,111,1740,1751,4.8828
1751,112,1740,1751,4.6824
1751,113,1740,1751,4.7796
1751,114,1740,1751,4.6382
1751,115,1740,1751,4.697
1751,116,1740,1751,4.6242
1751,117,1740,1751,4.811
1751,118,1740,1751,4.6037
1751,119,1740,1751,4.7604
1751,120,1740,1751,4.7269
1751,121,1740,1751,4.8284
1751,123,1740,1751,4.6602
1751,124,1740,1751,4.4889
1751,125,1740,1751,4.8256
1751,126,1740,1751,4.5491
1751,127,1740,1751,4.7345
1751,128,1740,1751,4.5422
1751,129,1740,1751,4.4918
1751,130,1740,1751,4.5613
1751,131,1740,1751,4.4505
1751,132,1740,1751,4.6653
1751,133,1740,1751,4.7393
1751,134,1740,1751,4.5614
1751,136,1740,1751,4.6359
1751,137,1740,1751,4.6065
1751,138,1740,1751,4.5332
1751,139,1740,1751,4.5315
1751,140,1740,1751,4.7605
1751,141,1740,1751,4.8458
1751,142,1740,1751,4.715
1751,144,1740,1751,4.7714
1751,145,1740,1751,4.5268
1751,146,1740,1751,4.6521
1751,147,1740,1751,4.8004
1751,148,1740,1751,4.8507
1751,149,1740,1751,5.031
1751,150,1740,1751,4.4656
1751,151,1740,1751,4.5576
1751,152,1740,1751,4.6387
1751,153,1740,1751,4.4544
1751,154,1740,1751,4.5384
1751,155,1740,1751,4.6362
1751,156,1740,1751,4.6877
1751,157,1740,1751,4.7789
1751,158,1740,1751,4.5184
1751,159,1740,1751,4.7316
1751,160,1740,1751,4.6837
1751,161,1740,1751,4.7234
1751,162,1740,1751,4.6876
1751,163,1740,1751,4.8061
1751,164,1740,1751,4.6277
1751,166,1740,1751,4.837
1751,167,1740,1751,4.4372
1751,168,1740,1751,4.6282
1751,169,1740,1751,4.7344
1751,170,1740,1751,4.727
1751,171,1740,1751,4.649
1751,172,1740,1751,4.7475
1751,173,1740,1751,4.7368
1751,174,1740,1751,4.7477
1751,175,1740,1751,4.7084
1751,176,1740,1751,4.6156
1751,177,1740,1751,4.6562
1751,178,1740,1751,4.8429
1751,179,1740,1751,4.6185
1751,180,1740,1751,4.7893
1751,181,1740,1751,4.867
1751,182,1740,1751,4.5724
1751,183,1740,1751,4.5672
1751,184,1740,1751,4.7638
1751,185,1740,1751,4.7012
1751,186,1740,1751,4.6714
1751,187,1740,1751,4.5301
1751,188,1740,1751,4.5652
1751,189,1740,1751,4.4319
1751,190,1740,1751,4.6461
1751,191,1740,1751,4.9066
1751,192,1740,1751,4.9368
1751,193,1740,1751,4.5882
1751,194,1740,1751,4.828
1751,195,1740,1751,4.6803
1751,196,1740,1751,4.5961
1751,197,1740,1751,4.9804
1751,198,1740,1751,4.6451
1751,199,1740,1751,4.9587
1639,0,1650,1639,4.4955
1639,1,1680,1639,4.6013
1639,2,1680,1639,4.6203
1639,3,1680,1639,4.7024
1639,4,1680,1639,4.6494
1639,5,1680,1639,4.5804
1639,6,1680,1639,4.6215
1639,7,1680,1639,4.7118
1639,8,1680,1639,4.431
1639,9,1680,1639,4.6452
1639,10,1680,1639,4.6271
1639,12,1680,1639,4.8768
1639,14,1680,1639,4.5865
1639,15,1680,1639,4.6118
1639,16,1680,1639,4.5979
1639,17,1680,1639,4.8131
1639,18,1680,1639,4.5161
1639,19,1650,1639,4.4325
1639,20,1680,1639,4.5063
1639,22,1680,1639,4.4686
1639,23,1680,1639,4.6951
1639,24,1680,1639,4.649
1639,25,1680,1639,4.7315
1639,26,1680,1639,4.5198
1639,27,1680,1639,4.5798
1639,28,1680,1639,4.7506
1639,29,1680,1639,4.5778
1639,30,1680,1639,4.7938
1639,31,1680,1639,4.8209
1639,32,1650,1639,4.774
1639,33,1680,1639,4.6349
1639,34,1680,1639,4.5978
1639,35,1680,1639,4.6948
1639,36,1680,1639,4.6744
1639,37,1680,1639,4.7145
1639,38,1680,1639,4.5998
1639,39,1680,1639,4.6627
1639,40,1680,1639,4.5991
1639,41,1680,1639,4.639
1639,42,1680,1639,4.5607
1639,43,1680,1639,4.7195
1639,44,1680,1639,4.6278
1639,45,1680,1639,4.7496
1639,46,1650,1639,4.4824
1639,47,1680,1639,4.6915
1639,48,1680,1639,4.804
1639,49,1680,1639,4.5531
1639,50,1680,1639,4.7297
1639,51,1680,1639,4.557
1639,52,1680,1639,4.8383
1639,53,1680,1639,4.7366
1639,54,1680,1639,4.6131
1639,55,1680,1639,4.6047
1639,56,1680,1639,4.6806
1639,58,1650,1639,4.4538
1639,60,1680,1639,4.6792
1639,61,1680,1639,4.7684
1639,62,1680,1639,4.5458
1639,63,1680,1639,4.6301
1639,64,1680,1639,4.6307
1639,65,1680,1639,4.6393
1639,66,1680,1639,4.7929
1639,67,1680,1639,4.6401
1639,68,1680,1639,4.6049
1639,69,1650,1639,4.4186
1639,71,1680,1639,4.6328
1639,72,1680,1639,4.6082
1639,73,1680,1639,4.5296
1639,74,1680,1639,4.8517
1639,75,1680,1639,4.7051
1639,76,1680,1639,4.5695
1639,78,1680,1639,4.6536
1639,79,1680,1639,4.7738
1639,80,1680,1639,4.6652
1639,81,1680,1639,4.5971
1639,82,1680,1639,4.7707
1639,83,1650,1639,4.5972
1639,84,1680,1639,4.6089
1639,85,1680,1639,4.6976
1639,86,1650,1639,4.5752
1639,87,1680,1639,4.8076
1639,88,1680,1639,4.908
1639,89,1680,1639,4.6455
1639,90,1680,1639,4.6925
1639,91,1680,1639,4.6758
1639,93,1680,1639,4.8151
1639,94,1680,1639,4.6215
1639,95,1680,1639,4.9507
1639,96,1680,1639,4.6491
1639,97,1680,1639,4.6278
1639,99,1650,1639,4.6261
1639,100,1650,1639,4.4499
1639,101,1680,1639,4.7136
1639,102,1680,1639,4.6299
1639,104,1680,1639,4.5959
1639,105,1680,1639,4.9385
1639,108,1680,1639,4.673
1639,110,1680,1639,4.6992
1639,111,1680,1639,4.5778
1639,112,1680,1639,4.5551
1639,114,1680,1639,4.7725
1639,115,1680,1639,4.6834
1639,116,1680,1639,4.5986
1639,117,1680,1639,4.6117
1639,118,1680,1639,4.6352
1639,119,1650,1639,4.6348
1639,120,1680,1639,4.5344
1639,121,1650,1639,4.6108
1639,122,1680,1639,4.677
1639,123,1644,1639,3.1555
1639,124,1680,1639,4.4309
1639,125,1680,1639,4.3782
1639,126,1680,1639,4.8277
1639,127,1680,1639,4.6256
1639,128,1680,1639,4.5672
1639,129,1680,1639,4.6731
1639,130,1680,1639,4.5508
1639,131,1650,1639,4.7188
1639,132,1680,1639,4.6491
1639,133,1680,1639,4.6673
1639,134,1680,1639,4.7328
1639,135,1680,1639,4.5547
1639,136,1680,1639,4.6863
1639,137,1680,1639,4.4757
1639,138,1680,1639,4.5954
1639,139,1680,1639,4.6473
1639,140,1650,1639,4.7377
1639,141,1680,1639,4.64
1639,143,1650,1639,4.3868
1639,144,1650,1639,4.5286
1639,145,1680,1639,4.5803
1639,147,1680,1639,4.6013
1639,148,1680,1639,4.5285
1639,150,1650,1639,4.624
1639,151,1680,1639,4.6045
1639,153,1680,1639,4.7017
1639,154,1680,1639,4.8628
1639,155,1680,1639,4.5872
1639,156,1680,1639,4.6403
1639,158,1680,1639,4.9077
1639,159,1650,1639,4.6325
1639,160,1680,1639,4.6095
1639,161,1680,1639,4.6469
1639,162,1680,1639,4.6053
1639,163,1680,1639,4.5825
1639,164,1650,1639,4.5182
1639,165,1680,1639,4.8147
1639,166,1650,1639,4.6485
1639,167,1680,1639,4.6855
1639,168,1680,1639,4.6956
1639,169,1680,1639,4.5799
1639,170,1680,1639,4.6633
1639,171,1650,1639,4.7607
1639,172,1680,1639,4.6198
1639,173,1650,1639,4.5307
1639,174,1680,1639,4.5786
1639,175,1680,1639,4.6941
1639,176,1680,1639,4.6438
1639,177,1680,1639,4.5585
1639,178,1680,1639,4.7388
1639,179,1680,1639,4.4414
1639,180,1680,1639,4.5577
1639,181,1680,1639,4.4924
1639,182,1680,1639,4.8222
1639,183,1680,1639,4.7474
1639,184,1680,1639,4.6923
1639,185,1680,1639,4.5756
1639,186,1650,1639,4.7006
1639,187,1680,1639,4.6263
1639,188,1680,1639,4.61
1639,189,1680,1639,4.7174
1639,190,1680,1639,4.6205
1639,191,1680,1639,4.4475
1639,192,1680,1639,4.6466
1639,193,1680,1639,4.6561
1639,194,1680,1639,4.584
1639,195,1650,1639,4.6553
1639,196,1680,1639,4.704
1639,197,1680,1639,4.6369
1639,198,1650,1639,4.4356
1639,199,1680,1639,4.653
1644,11,1710,1644,4.5207
1644,23,1710,1644,4.5243
1644,28,1710,1644,4.5596
1644,38,1680,1644,4.368
1644,48,1710,1644,3.736
1644,53,1680,1644,4.3548
1644,59,1710,1644,4.6639
1644,78,1710,1644,4.3506
1644,82,1710,1644,4.4365
1644,88,1680,1644,4.4655
1644,92,1680,1644,4.6754
1644,97,1710,1644,4.4914
1644,102,1710,1644,4.6592
1644,114,1680,1644,4.4259
1644,133,1680,1644,4.6537
1644,134,1715,1644,4.6028
1644,135,1715,1644,4.4209
1644,139,1715,1644,4.6443
1644,163,1680,1644,4.5738
1644,171,1680,1644,4.6149
1644,173,1680,1644,4.5823
1644,175,1680,1644,4.5583
1644,191,1715,1644,4.8057
1644,192,1680,1644,4.5076
1644,195,1710,1644,4.6378
1645,0,1651,1645,2.8219
1645,4,1735,1645,4.2489
1645,6,1735,1645,4.3307
1645,7,1735,1645,4.3151
1645,9,1651,1645,2.8647
1645,10,1651,1645,2.7868
1645,11,1735,1645,4.4026
1645,13,1735,1645,4.4352
1645,15,1735,1645,4.3976
1645,16,1735,1645,4.2935
1645,17,1735,1645,4.5054
1645,19,1651,1645,2.8898
1645,22,1735,1645,4.5406
1645,23,1651,1645,2.9458
1645,25,1735,1645,4.5517
1645,26,1735,1645,4.4936
1645,27,1735,1645,4.2787
1645,28,1735,1645,4.2956
1645,29,1735,1645,4.4119
1645,31,1735,1645,4.3349
1645,33,1735,1645,4.588
1645,34,1735,1645,4.6537
1645,35,1735,1645,4.1816
1645,36,1651,1645,3.0685
1645,39,1735,1645,4.4222
1645,40,1651,1645,2.9719
1645,41,1735,1645,4.3661
1645,43,1735,1645,4.2936
1645,45,1735,1645,4.3631
1645,46,1735,1645,4.2625
1645,47,1735,1645,4.4021
1645,49,1735,1645,4.3921
1645,56,1735,1645,4.6198
1645,59,1735,1645,4.2463
1645,61,1735,1645,4.5506
1645,62,1735,1645,4.5692
1645,64,1735,1645,4.368
1645,71,1651,1645,2.6532
1645,74,1735,1645,4.3268
1645,76,1735,1645,4.2855
1645,77,1735,1645,4.3527
1645,82,1735,1645,4.5551
1645,86,1735,1645,4.2128
1645,95,1735,1645,4.4864
1645,97,1735,1645,4.6527
1645,98,1735,1645,4.2123
1645,99,1735,1645,4.2283
1645,100,1735,1645,4.6485
1645,102,1735,1645,4.5366
1645,103,1735,1645,4.4174
1645,104,1651,1645,2.8369
1645,106,1735,1645,4.423
1645,108,1735,1645,4.222
1645,109,1735,1645,4.142
1645,112,1735,1645,4.4018
1645,113,1735,1645,4.1729
1645,115,1735,1645,4.5051
1645,118,1735,1645,4.159
1645,120,1735,1645,4.254
1645,124,1651,1645,2.9206
1645,131,1735,1645,4.2957
1645,132,1735,1645,4.2812
1645,142,1735,1645,4.2268
1645,143,1735,1645,4.5835
1645,144,1735,1645,4.2413
1645,149,1735,1645,4.2683
1645,151,1735,1645,4.3957
1645,156,1735,1645,4.3936
1645,157,1651,1645,2.7717
1645,159,1735,1645,4.3873
1645,161,1651,1645,2.8327
1645,183,1735,1645,4.556
1645,184,1735,1645,4.2161
1645,185,1735,1645,4.6351
1645,188,1735,1645,4.2844
1645,198,1735,1645,4.2819
1650,0,1676,1650,4.6139
1650,1,1712,1650,4.5396
1650,5,1712,1650,4.6501
1650,6,1729,1650,4.8963
1650,11,1729,1650,5.0546
1650,12,1729,1650,5.1238
1650,13,1729,1650,5.0895
1650,15,1676,1650,4.5286
1650,17,1729,1650,5.153
1650,18,1729,1650,4.9508
1650,22,1712,1650,4.6395
1650,23,1712,1650,4.6486
1650,24,1729,1650,4.961
1650,25,1712,1650,4.6082
1650,26,1729,1650,4.7689
1650,27,1729,1650,5.1607
1650,29,1729,1650,4.8514
1650,30,1729,1650,5.1755
1650,31,1712,1650,4.7061
1650,33,1729,1650,5.1147
1650,35,1712,1650,4.5651
1650,36,1729,1650,5.1106
1650,37,1729,1650,4.8569
1650,38,1712,1650,4.4678
1650,39,1676,1650,4.6253
1650,40,1712,1650,4.545
1650,43,1729,1650,4.548
1650,47,1729,1650,5.1481
1650,48,1729,1650,4.9847
1650,49,1712,1650,4.6307
1650,50,1676,1650,4.6263
1650,52,1712,1650,4.5943
1650,53,1712,1650,4.5097
1650,54,1712,1650,4.5623
1650,55,1712,1650,4.6422
1650,56,1712,1650,4.4994
1650,57,1712,1650,4.5777
1650,58,1712,1650,4.6274
1650,59,1729,1650,2.9575
1650,60,1729,1650,4.902
1650,62,1729,1650,4.8285
1650,64,1729,1650,5.072
1650,65,1676,1650,4.5082
1650,67,1729,1650,4.8668
1650,69,1712,1650,4.657
1650,70,1729,1650,5.0901
1650,71,1729,1650,4.8775
1650,72,1712,1650,4.5101
1650,75,1676,1650,4.5753
1650,76,1729,1650,4.8859
1650,77,1729,1650,5.0751
1650,78,1712,1650,4.5455
1650,79,1729,1650,5.0196
1650,82,1676,1650,4.6283
1650,84,1729,1650,4.7031
1650,85,1676,1650,4.6068
1650,86,1729,1650,4.9362
1650,87,1712,1650,4.4748
1650,89,1712,1650,4.5302
1650,90,1729,1650,4.6716
1650,92,1712,1650,4.5854
1650,93,1729,1650,5.14
1650,97,1729,1650,5.2123
1650,98,1712,1650,4.403
1650,99,1729,1650,5.0516
1650,104,1729,1650,5.0957
1650,105,1712,1650,4.3903
1650,107,1729,1650,5.0813
1650,111,1712,1650,4.5954
1650,112,1712,1650,4.5766
1650,117,1729,1650,5.1544
1650,118,1729,1650,5.065
1650,119,1729,1650,5.1108
1650,122,1729,1650,5.0986
1650,127,1676,1650,4.5452
1650,129,1712,1650,4.6681
1650,130,1712,1650,4.6081
1650,133,1712,1650,4.4629
1650,134,1729,1650,4.8476
1650,137,1729,1650,4.9632
1650,143,1729,1650,5.0431
1650,149,1676,1650,4.4775
1650,150,1729,1650,5.0187
1650,151,1676,1650,4.5988
1650,155,1729,1650,4.8962
1650,156,1729,1650,5.2467
1650,159,1712,1650,4.5125
1650,160,1712,1650,4.5405
1650,163,1676,1650,4.6009
1650,165,1712,1650,4.7582
1650,166,1729,1650,5.2167
1650,168,1712,1650,4.5157
1650,169,1729,1650,4.8887
1650,170,1712,1650,4.6514
1650,171,1712,1650,4.599
1650,174,1712,1650,4.7084
1650,179,1676,1650,4.6546
1650,180,1729,1650,5.1717
1650,183,1712,1650,4.635
1650,186,1729,1650,5.1071
1650,187,1712,1650,4.5544
1650,189,1729,1650,5.414
1650,192,1729,1650,4.9126
1650,196,1729,1650,5.1717
1650,197,1712,1650,4.5605
1650,198,1729,1650,4.8314
1653,7,1641,1653,4.5422
1653,19,1641,1653,4.5788
1653,22,1641,1653,4.7281
1653,26,1641,1653,4.4648
1653,28,1683,1653,4.2468
1653,38,1641,1653,4.6959
1653,44,1641,1653,4.4081
1653,55,1641,1653,4.4845
1653,64,1641,1653,4.409
1653,68,1641,1653,4.6859
1653,69,1641,1653,4.594
1653,70,1641,1653,4.7555
1653,75,1641,1653,4.7031
1653,81,1641,1653,4.6233
1653,83,1641,1653,4.384
1653,87,1641,1653,3.1381
1653,88,1641,1653,4.572
1653,95,1743,1653,4.8585
1653,96,1641,1653,4.501
1653,100,1641,1653,4.5422
1653,104,1641,1653,4.7132
1653,108,1641,1653,4.5387
1653,110,1641,1653,3.2985
1653,117,1641,1653,4.6435
1653,121,1641,1653,4.4828
1653,122,1641,1653,4.7496
1653,126,1641,1653,4.6687
1653,127,1641,1653,4.4488
1653,131,1641,1653,4.5159
1653,150,1641,1653,4.4996
1653,160,1641,1653,4.4845
1653,165,1641,1653,4.5054
1653,173,1641,1653,4.4932
1653,178,1743,1653,4.8866
1653,187,1641,1653,4.5479
1653,193,1641,1653,4.7132
1653,195,1683,1653,4.1359
1660,0,1641,1660,4.0924
1660,2,1641,1660,4.1233
1660,6,1641,1660,3.5661
1660,7,1641,1660,4.7433
1660,16,1641,1660,3.9904
1660,17,1641,1660,3.9629
1660,18,1641,1660,4.0029
1660,28,1641,1660,3.3788
1660,32,1641,1660,3.5686
1660,36,1641,1660,3.9719
1660,42,1641,1660,4.6812
1660,43,1641,1660,3.6698
1660,46,1641,1660,3.9162
1660,49,1641,1660,4.7787
1660,51,1641,1660,4.5148
1660,57,1641,1660,3.3982
1660,58,1641,1660,4.5292
1660,63,1641,1660,3.8396
1660,64,1641,1660,3.9341
1660,65,1641,1660,4.0263
1660,76,1641,1660,3.792
1660,77,1641,1660,3.5905
1660,79,1641,1660,4.1843
1660,82,1641,1660,4.7726
1660,86,1641,1660,3.7735
1660,91,1641,1660,3.9375
1660,93,1641,1660,3.8532
1660,94,1641,1660,4.5069
1660,96,1641,1660,4.7463
1660,98,1641,1660,3.605
1660,99,1641,1660,4.2234
1660,102,1641,1660,4.4626
1660,105,1641,1660,3.6784
1660,106,1641,1660,4.8069
1660,108,1641,1660,4.434
1660,109,1641,1660,4.7863
1660,111,1641,1660,4.6477
1660,112,1641,1660,4.6759
1660,113,1641,1660,4.2742
1660,116,1641,1660,3.5024
1660,117,1641,1660,3.6389
1660,118,1641,1660,3.7421
1660,119,1641,1660,3.6085
1660,120,1641,1660,4.5099
1660,121,1641,1660,3.5745
1660,123,1641,1660,4.2795
1660,124,1641,1660,3.7183
1660,125,1641,1660,4.1724
1660,126,1641,1660,3.6851
1660,127,1641,1660,4.0728
1660,132,1641,1660,3.5918
1660,133,1641,1660,3.9307
1660,139,1641,1660,4.5805
1660,143,1641,1660,4.52
1660,144,1641,1660,3.8205
1660,147,1641,1660,4.4591
1660,148,1641,1660,3.4439
1660,151,1641,1660,4.0873
1660,153,1641,1660,3.5527
1660,155,1641,1660,3.9962
1660,158,1641,1660,4.8456
1660,160,1641,1660,4.2206
1660,166,1641,1660,3.6479
1660,169,1641,1660,3.5658
1660,173,1641,1660,3.5721
1660,175,1641,1660,3.6064
1660,176,1641,1660,4.5896
1660,177,1641,1660,3.8
1660,178,1641,1660,4.7434
1660,179,1641,1660,4.7863
1660,182,1641,1660,3.8195
1660,183,1641,1660,4.6506
1660,185,1641,1660,3.6971
1660,186,1641,1660,3.639
1660,187,1641,1660,4.5926
1660,188,1641,1660,3.6615
1660,189,1641,1660,4.544
1660,191,1641,1660,3.7173
1660,193,1641,1660,4.4726
1660,197,1641,1660,3.5352
1668,1,1745,1668,3.6897
1668,3,1745,1668,3.6416
1668,4,1745,1668,4.2037
1668,5,1745,1668,4.476
1668,7,1745,1668,3.7372
1668,11,1745,1668,4.6506
1668,12,1745,1668,4.6032
1668,13,1745,1668,4.1854
1668,15,1745,1668,4.1249
1668,16,1745,1668,4.6436
1668,17,1745,1668,4.7397
1668,18,1745,1668,4.7433
1668,19,1745,1668,4.5661
1668,22,1745,1668,4.1043
1668,23,1745,1668,4.7618
1668,24,1745,1668,4.5528
1668,25,1745,1668,4.6821
1668,28,1745,1668,4.6612
1668,29,1745,1668,4.5667
1668,30,1745,1668,4.4409
1668,31,1745,1668,4.4618
1668,33,1745,1668,3.9718
1668,34,1745,1668,4.6659
1668,37,1745,1668,4.4696
1668,38,1745,1668,3.8958
1668,39,1745,1668,4.7035
1668,40,1745,1668,3.7401
1668,41,1745,1668,4.5688
1668,45,1745,1668,4.7577
1668,46,1745,1668,4.5715
1668,48,1745,1668,3.9463
1668,49,1745,1668,4.34
1668,50,1745,1668,4.1034
1668,52,1745,1668,4.5329
1668,53,1745,1668,4.5884
1668,55,1745,1668,4.64
1668,56,1745,1668,4.5101
1668,59,1745,1668,4.3387
1668,62,1745,1668,4.1312
1668,63,1745,1668,3.9474
1668,64,1745,1668,4.4404
1668,65,1745,1668,4.6608
1668,66,1745,1668,4.4615
1668,67,1745,1668,4.539
1668,68,1745,1668,4.0738
1668,70,1745,1668,4.715
1668,71,1745,1668,4.4322
1668,72,1745,1668,3.6039
1668,73,1745,1668,4.4694
1668,74,1745,1668,4.5956
1668,75,1745,1668,4.0108
1668,76,1745,1668,4.2745
1668,77,1745,1668,4.4638
1668,80,1745,1668,4.4673
1668,82,1745,1668,4.5519
1668,83,1745,1668,4.3223
1668,84,1745,1668,4.2447
1668,85,1745,1668,4.3074
1668,86,1745,1668,4.6139
1668,87,1745,1668,4.0214
1668,90,1745,1668,4.3455
1668,91,1745,1668,4.5849
1668,92,1745,1668,4.0805
1668,94,1745,1668,4.546
1668,95,1745,1668,3.762
1668,96,1745,1668,3.9624
1668,97,1745,1668,4.4277
1668,99,1745,1668,4.0705
1668,101,1745,1668,4.5262
1668,102,1745,1668,4.7051
1668,106,1745,1668,2.9205
1668,107,1745,1668,4.4927
1668,110,1745,1668,4.6644
1668,111,1745,1668,4.408
1668,113,1745,1668,4.5222
1668,114,1745,1668,4.4676
1668,116,1745,1668,4.2795
1668,119,1745,1668,4.3608
1668,120,1745,1668,4.6698
1668,121,1745,1668,4.2715
1668,123,1745,1668,3.6347
1668,125,1745,1668,3.6847
1668,126,1745,1668,3.7663
1668,128,1745,1668,4.5556
1668,130,1745,1668,3.8373
1668,131,1745,1668,4.4024
1668,134,1745,1668,3.8138
1668,136,1745,1668,4.1426
1668,137,1745,1668,3.8349
1668,139,1745,1668,4.5598
1668,141,1745,1668,3.5529
1668,142,1745,1668,4.0072
1668,143,1745,1668,3.7368
1668,144,1745,1668,4.683
1668,146,1745,1668,4.5199
1668,148,1745,1668,4.4368
1668,149,1745,1668,3.7805
1668,150,1745,1668,4.6722
1668,151,1745,1668,3.9059
1668,158,1745,1668,4.3269
1668,159,1745,1668,3.7994
1668,160,1745,1668,4.4721
1668,161,1745,1668,4.6014
1668,163,1745,1668,4.4843
1668,164,1745,1668,4.3356
1668,167,1745,1668,3.8311
1668,169,1745,1668,3.6308
1668,171,1745,1668,4.7551
1668,174,1745,1668,4.721
1668,177,1745,1668,4.6928
1668,178,1745,1668,4.1907
1668,180,1745,1668,4.5823
1668,181,1745,1668,4.451
1668,182,1745,1668,3.6924
1668,183,1745,1668,3.7844
1668,185,1745,1668,4.5615
1668,186,1745,1668,3.1534
1668,187,1745,1668,4.3611
1668,189,1745,1668,4.5243
1668,191,1745,1668,4.3668
1668,192,1745,1668,4.1751
1668,194,1745,1668,4.5709
1668,195,1745,1668,3.9446
1668,196,1745,1668,4.1455
1668,198,1745,1668,4.7077
1671,2,1731,1671,4.6702
1671,9,1731,1671,4.6261
1671,12,1731,1671,4.6779
1671,14,1731,1671,4.5856
1671,15,1731,1671,4.5317
1671,23,1731,1671,4.6105
1671,37,1731,1671,4.5039
1671,45,1731,1671,4.2227
1671,47,1731,1671,4.5545
1671,48,1731,1671,4.5916
1671,54,1731,1671,4.5592
1671,55,1731,1671,4.6487
1671,62,1731,1671,4.5857
1671,67,1731,1671,4.6664
1671,69,1731,1671,4.4641
1671,70,1731,1671,4.5626
1671,78,1731,1671,4.5789
1671,79,1731,1671,4.5373
1671,91,1731,1671,4.4405
1671,101,1731,1671,4.6266
1671,118,1731,1671,4.7384
1671,122,1731,1671,4.6903
1671,142,1731,1671,4.6759
1671,149,1731,1671,4.7513
1671,154,1731,1671,4.4684
1671,188,1731,1671,4.5001
1671,190,1731,1671,4.643
1671,194,1731,1671,4.1892
1671,199,1731,1671,4.4177
1672,114,1735,1672,4.7893
1672,115,1735,1672,4.668
1672,117,1735,1672,4.5918
1672,118,1735,1672,4.8537
1672,121,1741,1672,4.564
1672,124,1735,1672,4.8553
1672,125,1735,1672,4.7992
1672,127,1735,1672,4.8399
1672,129,1735,1672,4.7641
1672,130,1735,1672,4.8207
1672,134,1735,1672,4.6117
1672,135,1735,1672,4.7763
1672,137,1735,1672,4.6651
1672,138,1735,1672,4.9329
1672,141,1735,1672,4.7046
1672,142,1735,1672,5.0659
1672,143,1735,1672,5.0871
1672,144,1735,1672,4.8777
1672,145,1735,1672,4.7465
1672,146,1735,1672,4.8175
1672,147,1735,1672,4.7417
1672,148,1735,1672,4.7645
1672,149,1735,1672,4.668
1672,150,1735,1672,4.8541
1672,151,1735,1672,4.7933
1672,152,1735,1672,4.9412
1672,153,1735,1672,4.9215
1672,155,1735,1672,4.9064
1672,157,1735,1672,4.7082
1672,158,1735,1672,4.8617
1672,159,1735,1672,4.5601
1672,160,1735,1672,4.8344
1672,162,1735,1672,4.5004
1672,163,1735,1672,4.8743
1672,164,1735,1672,4.741
1672,165,1735,1672,4.694
1672,166,1735,1672,4.8045
1672,168,1735,1672,4.7384
1672,169,1735,1672,4.5933
1672,170,1735,1672,4.5183
1672,171,1735,1672,4.785
1672,172,1735,1672,4.72
1672,173,1735,1672,4.9037
1672,174,1735,1672,4.5962
1672,175,1735,1672,4.6026
1672,179,1735,1672,4.5975
1672,181,1735,1672,4.7338
1672,183,1735,1672,4.6859
1672,187,1735,1672,4.6047
1672,189,1735,1672,4.8346
1672,191,1735,1672,4.6788
1672,193,1735,1672,4.6085
1672,194,1735,1672,4.6459
1672,195,1735,1672,4.632
1672,197,1735,1672,4.7171
1672,198,1735,1672,4.702
1672,199,1735,1672,4.8303
1678,0,1675,1678,4.1257
1678,1,1675,1678,4.2619
1678,2,1675,1678,4.0124
1678,3,1675,1678,4.1347
1678,4,1675,1678,4.1845
1678,5,1675,1678,4.084
1678,6,1675,1678,4.386
1678,8,1675,1678,4.1946
1678,9,1675,1678,4.4371
1678,10,1675,1678,4.0973
1678,11,1675,1678,4.2482
1678,13,1675,1678,4.1574
1678,14,1675,1678,4.1181
1678,16,1675,1678,4.4665
1678,18,1675,1678,4.1911
1678,19,1675,1678,4.3301
1678,20,1714,1678,3.4652
1678,21,1675,1678,4.0038
1678,22,1711,1678,4.9109
1678,24,1675,1678,4.1847
1678,25,1675,1678,4.3498
1678,26,1714,1678,3.3743
1678,27,1711,1678,4.7255
1678,28,1711,1678,4.8175
1678,29,1711,1678,4.9821
1678,30,1711,1678,4.891
1678,31,1675,1678,4.4228
1678,33,1675,1678,4.2958
1678,34,1711,1678,4.6875
1678,35,1711,1678,4.7817
1678,36,1711,1678,4.9021
1678,37,1675,1678,4.1415
1678,38,1711,1678,4.3079
1678,39,1711,1678,4.9091
1678,40,1675,1678,4.2324
1678,41,1675,1678,3.8722
1678,42,1711,1678,4.6251
1678,43,1675,1678,4.0392
1678,44,1711,1678,4.3399
1678,45,1675,1678,4.0318
1678,47,1711,1678,4.8187
1678,48,1711,1678,4.9355
1678,49,1714,1678,3.1327
1678,50,1711,1678,4.2959
1678,51,1711,1678,4.4825
1678,52,1675,1678,4.1968
1678,53,1711,1678,4.13
1678,54,1711,1678,4.4468
1678,55,1675,1678,4.2983
1678,57,1675,1678,4.5241
1678,58,1711,1678,4.1577
1678,61,1711,1678,5.1331
1678,62,1711,1678,4.2207
1678,63,1675,1678,4.0947
1678,64,1711,1678,4.6012
1678,65,1675,1678,4.4375
1678,66,1675,1678,4.2851
1678,68,1675,1678,4.0913
1678,69,1675,1678,4.1109
1678,70,1711,1678,4.5564
1678,71,1711,1678,4.22
1678,73,1711,1678,4.9198
1678,74,1711,1678,4.2266
1678,75,1711,1678,4.954
1678,76,1675,1678,4.0325
1678,77,1675,1678,4.2654
1678,78,1675,1678,4.2263
1678,79,1675,1678,3.7756
1678,80,1711,1678,4.9351
1678,81,1675,1678,4.2569
1678,82,1711,1678,4.4391
1678,83,1711,1678,4.4103
1678,84,1711,1678,4.5105
1678,85,1675,1678,3.8404
1678,86,1675,1678,4.1042
1678,87,1711,1678,4.3139
1678,88,1714,1678,3.386
1678,89,1711,1678,4.6335
1678,90,1675,1678,4.1304
1678,91,1711,1678,4.848
1678,92,1711,1678,4.0338
1678,93,1675,1678,4.1345
1678,94,1711,1678,4.8237
1678,95,1711,1678,4.6478
1678,96,1675,1678,4.2667
1678,97,1675,1678,4.2497
1678,98,1675,1678,4.2391
1678,99,1711,1678,4.4019
1678,100,1711,1678,4.9221
1678,101,1711,1678,4.5547
1678,102,1711,1678,4.7569
1678,103,1675,1678,4.2226
1678,104,1675,1678,4.037
1678,105,1675,1678,4.2981
1678,106,1675,1678,4.3105
1678,107,1711,1678,4.2835
1678,108,1711,1678,4.6511
1678,109,1711,1678,4.748
1678,110,1675,1678,4.3841
1678,111,1675,1678,4.4886
1678,112,1711,1678,4.6893
1678,113,1711,1678,4.5749
1678,114,1711,1678,4.6287
1678,115,1675,1678,4.5277
1678,116,1675,1678,4.4103
1678,117,1675,1678,4.2013
1678,118,1675,1678,3.9529
1678,119,1675,1678,4.0748
1678,120,1711,1678,4.7691
1678,121,1711,1678,4.4296
1678,123,1675,1678,4.0604
1678,124,1711,1678,4.3181
1678,125,1711,1678,4.5193
1678,126,1675,1678,4.1754
1678,127,1675,1678,4.223
1678,128,1711,1678,4.6744
1678,129,1675,1678,4.1597
1678,130,1711,1678,4.2785
1678,131,1675,1678,4.0146
1678,132,1711,1678,4.6524
1678,133,1711,1678,4.5772
1678,134,1711,1678,4.3137
1678,135,1711,1678,4.609
1678,136,1711,1678,4.5853
1678,137,1711,1678,4.8265
1678,138,1675,1678,4.2638
1678,139,1711,1678,4.3884
1678,140,1675,1678,4.2454
1678,141,1711,1678,4.5355
1678,142,1675,1678,4.3713
1678,145,1675,1678,4.1447
1678,146,1711,1678,4.3775
1678,147,1711,1678,4.4697
1678,148,1711,1678,4.3602
1678,149,1675,1678,4.3588
1678,150,1711,1678,4.5159
1678,151,1711,1678,4.5515
1678,152,1675,1678,4.3714
1678,153,1711,1678,4.6142
1678,154,1711,1678,4.5849
1678,155,1711,1678,4.4002
1678,156,1675,1678,4.2222
1678,157,1675,1678,4.4209
1678,158,1675,1678,4.2678
1678,159,1711,1678,4.5891
1678,160,1711,1678,5.2343
1678,161,1711,1678,4.629
1678,162,1711,1678,4.6704
1678,163,1675,1678,4.3753
1678,165,1711,1678,4.6872
1678,166,1711,1678,4.2441
1678,167,1675,1678,4.2751
1678,168,1711,1678,4.4359
1678,169,1711,1678,4.2951
1678,170,1675,1678,4.2829
1678,171,1711,1678,4.2566
1678,172,1675,1678,4.0458
1678,173,1675,1678,4.3826
1678,174,1675,1678,4.0955
1678,175,1675,1678,4.1611
1678,176,1675,1678,4.0936
1678,177,1675,1678,4.0753
1678,178,1675,1678,4.3706
1678,179,1711,1678,4.3802
1678,181,1711,1678,4.4982
1678,182,1675,1678,4.4523
1678,183,1711,1678,4.1709
1678,185,1675,1678,3.8507
1678,186,1675,1678,4.284
1678,187,1711,1678,4.2941
1678,188,1675,1678,3.9989
1678,189,1711,1678,4.3274
1678,190,1711,1678,4.7678
1678,191,1675,1678,4.2627
1678,192,1711,1678,4.7372
1678,193,1711,1678,4.0278
1678,194,1675,1678,4.456
1678,195,1711,1678,4.6123
1678,196,1711,1678,4.3684
1678,197,1675,1678,4.1643
1678,198,1714,1678,3.0181
1678,199,1675,1678,4.2501
1680,0,1734,1680,5.9268
1680,1,1734,1680,5.7547
1680,2,1734,1680,5.3154
1680,3,1734,1680,5.4366
1680,4,1734,1680,4.9823
1680,5,1734,1680,5.4716
1680,6,1734,1680,4.2577
1680,7,1734,1680,5.7636
1680,8,1734,1680,4.9911
1680,9,1734,1680,5.2068
1680,10,1734,1680,5.3873
1680,11,1734,1680,5.8745
1680,12,1734,1680,5.965
1680,13,1734,1680,5.0571
1680,14,1734,1680,6.0046
1680,15,1734,1680,5.9881
1680,16,1734,1680,5.6419
1680,17,1734,1680,6.2404
1680,18,1734,1680,5.9352
1680,19,1734,1680,5.6437
1680,20,1734,1680,4.7809
1680,21,1734,1680,5.3715
1680,22,1734,1680,5.9737
1680,23,1734,1680,5.1488
1680,24,1734,1680,5.6085
1680,25,1734,1680,5.7616
1680,26,1734,1680,5.9244
1680,27,1734,1680,5.6676
1680,28,1734,1680,6.1326
1680,29,1734,1680,5.3831
1680,30,1734,1680,5.121
1680,31,1734,1680,5.6351
1680,32,1734,1680,5.6237
1680,33,1734,1680,5.1093
1680,34,1734,1680,5.8945
1680,35,1734,1680,5.7031
1680,36,1734,1680,5.0887
1680,37,1734,1680,5.7245
1680,38,1734,1680,6.0647
1680,39,1734,1680,5.4253
1680,40,1734,1680,5.5204
1680,41,1734,1680,5.0223
1680,42,1734,1680,5.8659
1680,43,1734,1680,5.8938
1680,44,1734,1680,5.6839
1680,45,1734,1680,5.3494
1680,46,1734,1680,6.0554
1680,47,1734,1680,5.3861
1680,48,1734,1680,5.3761
1680,49,1734,1680,5.5178
1680,50,1734,1680,5.8029
1680,51,1734,1680,5.0562
1680,52,1734,1680,5.9613
1680,53,1734,1680,5.481
1680,54,1734,1680,6.0512
1680,55,1734,1680,4.6987
1680,56,1734,1680,5.1963
1680,57,1734,1680,5.5164
1680,58,1734,1680,5.8293
1680,59,1734,1680,5.9377
1680,60,1734,1680,6.026
1680,61,1734,1680,5.7557
1680,62,1734,1680,5.5689
1680,63,1734,1680,5.7032
1680,64,1734,1680,5.8275
1680,65,1734,1680,5.8464
1680,66,1734,1680,4.9816
1680,67,1734,1680,5.0709
1680,68,1734,1680,5.5431
1680,69,1734,1680,5.9785
1680,70,1734,1680,5.6296
1680,71,1734,1680,5.7573
1680,72,1734,1680,5.8742
1680,73,1734,1680,5.8103
1680,74,1734,1680,5.9602
1680,75,1734,1680,5.3526
1680,76,1734,1680,5.9235
1680,77,1734,1680,5.8221
1680,78,1734,1680,5.4237
1680,79,1734,1680,5.6281
1680,80,1734,1680,5.2523
1680,81,1734,1680,5.5312
1680,82,1734,1680,6.071
1680,83,1734,1680,5.3817
1680,84,1734,1680,6.0397
1680,85,1734,1680,5.1802
1680,86,1734,1680,5.8348
1680,87,1734,1680,6.1439
1680,88,1734,1680,5.748
1680,89,1734,1680,4.9869
1680,90,1734,1680,5.7633
1680,91,1734,1680,5.7288
1680,92,1734,1680,5.0581
1680,93,1734,1680,5.6494
1680,94,1734,1680,4.9926
1680,95,1734,1680,5.6827
1680,96,1734,1680,5.9801
1680,97,1734,1680,5.7067
1680,98,1734,1680,5.4615
1680,99,1734,1680,5.8442
1680,100,1734,1680,5.3565
1680,101,1734,1680,5.2685
1680,102,1734,1680,5.9339
1680,103,1734,1680,5.4739
1680,104,1734,1680,5.968
1680,105,1734,1680,6.034
1680,106,1734,1680,5.9961
1680,107,1734,1680,5.0334
1680,108,1734,1680,5.9503
1680,109,1734,1680,5.6282
1680,110,1734,1680,5.9427
1680,111,1734,1680,5.4267
1680,112,1734,1680,5.5536
1680,113,1734,1680,6.0634
1680,114,1734,1680,5.6787
1680,115,1734,1680,6.085
1680,116,1734,1680,5.8434
1680,117,1734,1680,5.5798
1680,118,1734,1680,5.9799
1680,119,1734,1680,5.9325
1680,120,1734,1680,5.6763
1680,121,1734,1680,5.6493
1680,122,1734,1680,5.798
1680,123,1734,1680,5.7472
1680,124,1734,1680,6.1184
1680,125,1734,1680,5.5444
1680,126,1734,1680,5.8281
1680,127,1734,1680,6.0474
1680,128,1734,1680,5.6669
1680,129,1734,1680,5.383
1680,130,1734,1680,5.9226
1680,131,1734,1680,5.2736
1680,132,1734,1680,5.8607
1680,133,1734,1680,5.7149
1680,134,1734,1680,5.1782
1680,135,1734,1680,5.6293
1680,136,1734,1680,5.8476
1680,137,1734,1680,5.5318
1680,138,1734,1680,5.7487
1680,139,1734,1680,6.2372
1680,140,1734,1680,5.3487
1680,141,1734,1680,5.7968
1680,142,1734,1680,5.7857
1680,143,1734,1680,5.9341
1680,144,1734,1680,5.2392
1680,145,1734,1680,5.7795
1680,146,1734,1680,5.5813
1680,147,1734,1680,5.4102
1680,148,1734,1680,5.9902
1680,149,1734,1680,6.0309
1680,150,1734,1680,5.8457
1680,151,1734,1680,5.7655
1680,152,1734,1680,4.9584
1680,153,1734,1680,5.751
1680,154,1734,1680,5.9105
1680,155,1734,1680,5.1562
1680,156,1734,1680,6.0793
1680,157,1734,1680,5.5041
1680,158,1734,1680,5.3204
1680,159,1734,1680,5.0344
1680,160,1734,1680,4.7841
1680,161,1734,1680,4.9337
1680,162,1734,1680,5.6773
1680,163,1734,1680,5.6095
1680,164,1734,1680,5.9743
1680,165,1734,1680,5.5936
1680,166,1734,1680,5.7737
1680,167,1734,1680,5.4591
1680,168,1734,1680,5.5871
1680,169,1734,1680,5.184
1680,170,1734,1680,5.9479
1680,171,1734,1680,5.4959
1680,172,1734,1680,5.9763
1680,173,1734,1680,5.7494
1680,174,1734,1680,5.8891
1680,175,1734,1680,5.3616
1680,176,1734,1680,5.7482
1680,177,1734,1680,5.4752
1680,178,1734,1680,5.6969
1680,179,1734,1680,5.5963
1680,180,1734,1680,5.9532
1680,181,1734,1680,5.9699
1680,182,1734,1680,6.0685
1680,183,1734,1680,5.3557
1680,184,1734,1680,5.861
1680,185,1734,1680,5.8816
1680,186,1734,1680,5.7075
1680,187,1734,1680,5.8875
1680,188,1734,1680,5.8283
1680,189,1734,1680,5.2785
1680,190,1734,1680,4.7381
1680,191,1734,1680,5.8091
1680,192,1734,1680,5.5316
1680,193,1734,1680,6.068
1680,194,1734,1680,4.9716
1680,195,1734,1680,5.0738
1680,196,1734,1680,5.0408
1680,197,1734,1680,6.0897
1680,198,1734,1680,5.5404
1680,199,1734,1680,5.7196
1690,9,1750,1690,4.663
1690,27,1641,1690,4.5733
1690,29,1641,1690,4.583
1690,30,1641,1690,4.3762
1690,37,1641,1690,4.5947
1690,52,1641,1690,4.6963
1690,56,1641,1690,4.5827
1690,68,1641,1690,3.9946
1690,69,1641,1690,4.5942
1690,79,1641,1690,4.6537
1690,84,1641,1690,4.6039
1690,97,1641,1690,4.4187
1690,105,1641,1690,4.3123
1690,110,1641,1690,4.5547
1690,120,1750,1690,4.6692
1690,129,1641,1690,3.1393
1690,137,1750,1690,4.4802
1690,139,1641,1690,4.6969
1690,168,1641,1690,4.5321
1690,169,1641,1690,4.6513
1690,186,1641,1690,4.501
1690,190,1641,1690,4.5796
1690,194,1641,1690,4.583
1690,196,1641,1690,4.5462
1704,0,1639,1704,4.4389
1704,13,1639,1704,4.5535
1704,35,1639,1704,4.6538
1704,53,1639,1704,4.4741
1704,62,1639,1704,4.5617
1704,68,1639,1704,4.5961
1704,75,1639,1704,4.5522
1704,80,1639,1704,4.5556
1704,88,1639,1704,4.7011
1704,91,1639,1704,4.6179
1704,94,1639,1704,4.5762
1704,103,1639,1704,4.5841
1704,111,1639,1704,4.6616
1704,115,1639,1704,4.5658
1704,117,1639,1704,4.4447
1704,123,1639,1704,4.6138
1704,133,1639,1704,4.5664
1704,138,1639,1704,4.5984
1704,141,1639,1704,4.5655
1704,144,1639,1704,4.6015
1704,146,1639,1704,4.5279
1704,152,1639,1704,4.4969
1704,156,1639,1704,4.5078
1704,157,1639,1704,4.7351
1704,159,1639,1704,4.5915
1704,161,1639,1704,4.517
1704,164,1639,1704,4.5335
1704,166,1639,1704,4.5912
1704,168,1639,1704,4.5274
1704,170,1639,1704,4.4738
1704,173,1639,1704,4.6507
1704,174,1639,1704,4.7128
1704,175,1639,1704,4.6108
1704,177,1639,1704,4.575
1704,183,1639,1704,4.6289
1704,184,1639,1704,4.7588
1704,187,1639,1704,4.7186
1706,0,1669,1706,4.488
1706,1,1669,1706,4.6168
1706,2,1669,1706,5.1432
1706,3,1669,1706,4.4922
1706,4,1669,1706,4.0935
1706,5,1669,1706,4.5902
1706,6,1669,1706,4.1727
1706,7,1669,1706,4.4672
1706,8,1669,1706,4.4702
1706,9,1669,1706,4.5564
1706,10,1669,1706,4.5421
1706,11,1669,1706,4.4865
1706,12,1669,1706,4.5429
1706,13,1669,1706,4.2941
1706,14,1669,1706,4.3563
1706,15,1669,1706,4.4626
1706,16,1669,1706,4.4102
1706,17,1669,1706,4.5303
1706,18,1669,1706,4.4412
1706,19,1669,1706,4.4532
1706,20,1669,1706,4.1375
1706,21,1669,1706,4.547
1706,23,1669,1706,4.2981
1706,24,1669,1706,4.4544
1706,25,1669,1706,4.4624
1706,26,1669,1706,4.5143
1706,27,1669,1706,4.4796
1706,28,1669,1706,4.6428
1706,29,1669,1706,4.5302
1706,30,1669,1706,4.6588
1706,31,1669,1706,4.353
1706,32,1669,1706,4.4031
1706,33,1669,1706,4.4701
1706,34,1669,1706,4.4739
1706,35,1669,1706,4.3133
1706,36,1669,1706,4.5423
1706,37,1669,1706,4.4156
1706,38,1669,1706,4.5207
1706,39,1669,1706,4.4514
1706,40,1669,1706,4.5007
1706,41,1669,1706,4.4894
1706,42,1669,1706,4.4809
1706,43,1669,1706,4.3641
1706,44,1669,1706,4.3679
1706,45,1669,1706,4.478
1706,46,1669,1706,4.5052
1706,47,1669,1706,4.6076
1706,48,1669,1706,4.5612
1706,49,1669,1706,4.5632
1706,50,1669,1706,4.4149
1706,52,1669,1706,4.5521
1706,54,1669,1706,4.4124
1706,55,1669,1706,4.3853
1706,57,1669,1706,4.5712
1706,58,1669,1706,4.4279
1706,59,1669,1706,4.5055
1706,60,1669,1706,4.6579
1706,61,1669,1706,4.6101
1706,62,1669,1706,4.4334
1706,63,1669,1706,4.2549
1706,64,1669,1706,4.3644
1706,65,1669,1706,4.4676
1706,66,1669,1706,4.3811
1706,67,1669,1706,4.129
1706,68,1669,1706,4.258
1706,69,1669,1706,4.3019
1706,70,1669,1706,4.4552
1706,71,1669,1706,4.4604
1706,72,1669,1706,4.4611
1706,73,1669,1706,4.4914
1706,74,1669,1706,4.5807
1706,75,1669,1706,4.1215
1706,76,1669,1706,4.7416
1706,77,1669,1706,4.5612
1706,78,1669,1706,4.4868
1706,79,1669,1706,4.6044
1706,80,1669,1706,4.6744
1706,81,1669,1706,4.3177
1706,82,1669,1706,4.5569
1706,83,1669,1706,4.5189
1706,84,1669,1706,4.6776
1706,85,1669,1706,4.6078
1706,86,1669,1706,4.6061
1706,87,1669,1706,4.473
1706,88,1669,1706,4.4189
1706,89,1669,1706,4.5392
1706,90,1669,1706,4.4995
1706,91,1669,1706,4.51
1706,92,1669,1706,4.4287
1706,93,1669,1706,4.1425
1706,95,1669,1706,4.2441
1706,96,1669,1706,4.2094
1706,97,1669,1706,4.5619
1706,98,1669,1706,4.6171
1706,99,1669,1706,4.7215
1706,100,1669,1706,4.4833
1706,101,1669,1706,4.4495
1706,102,1669,1706,4.5093
1706,103,1669,1706,4.3794
1706,104,1669,1706,4.5838
1706,105,1669,1706,4.4471
1706,106,1669,1706,4.698
1706,107,1669,1706,4.5722
1706,108,1669,1706,5.0738
1706,109,1669,1706,4.3362
1706,110,1669,1706,4.5948
1706,111,1669,1706,4.5236
1706,112,1669,1706,4.7726
1706,113,1669,1706,4.5873
1706,114,1669,1706,5.0368
1706,115,1669,1706,4.3888
1706,116,1669,1706,4.5522
1706,117,1669,1706,4.2225
1706,118,1669,1706,4.5858
1706,119,1669,1706,3.7914
1706,120,1669,1706,4.3455
1706,121,1669,1706,4.3693
1706,122,1669,1706,4.4822
1706,123,1669,1706,4.5359
1706,124,1669,1706,4.4205
1706,125,1669,1706,4.084
1706,126,1669,1706,4.3586
1706,127,1669,1706,4.4521
1706,128,1669,1706,4.4669
1706,129,1669,1706,4.5817
1706,130,1669,1706,5.0008
1706,131,1669,1706,4.5479
1706,133,1669,1706,4.052
1706,134,1669,1706,4.5942
1706,135,1669,1706,4.569
1706,136,1669,1706,5.2176
1706,137,1669,1706,4.4643
1706,138,1669,1706,4.2685
1706,139,1669,1706,4.4826
1706,140,1669,1706,3.8548
1706,141,1669,1706,4.5066
1706,142,1669,1706,4.3264
1706,143,1669,1706,4.493
1706,144,1669,1706,4.4371
1706,145,1669,1706,4.3642
1706,146,1669,1706,4.4516
1706,147,1669,1706,4.1513
1706,148,1669,1706,4.7905
1706,149,1669,1706,4.391
1706,150,1669,1706,4.4627
1706,151,1669,1706,4.5448
1706,152,1669,1706,4.4453
1706,153,1669,1706,4.5516
1706,154,1669,1706,4.5599
1706,155,1669,1706,4.4509
1706,156,1669,1706,4.853
1706,157,1669,1706,4.5087
1706,158,1669,1706,4.4654
1706,159,1669,1706,4.5781
1706,160,1669,1706,4.5728
1706,161,1669,1706,4.4812
1706,162,1669,1706,4.5661
1706,163,1669,1706,4.3565
1706,164,1669,1706,4.4665
1706,165,1669,1706,4.3965
1706,166,1669,1706,4.3346
1706,167,1669,1706,4.3426
1706,168,1669,1706,4.8166
1706,169,1669,1706,4.4855
1706,170,1669,1706,4.4237
1706,171,1669,1706,4.384
1706,172,1669,1706,4.3442
1706,173,1669,1706,4.7421
1706,174,1669,1706,4.5369
1706,175,1669,1706,4.1813
1706,176,1669,1706,4.7066
1706,177,1669,1706,4.6886
1706,178,1669,1706,4.203
1706,179,1669,1706,4.5644
1706,180,1669,1706,4.523
1706,181,1669,1706,4.3884
1706,182,1669,1706,4.5434
1706,183,1669,1706,4.4514
1706,184,1669,1706,4.3904
1706,185,1669,1706,5.0673
1706,186,1669,1706,4.6033
1706,187,1669,1706,4.51
1706,188,1669,1706,4.3963
1706,189,1669,1706,3.9242
1706,190,1669,1706,4.5859
1706,191,1669,1706,4.3574
1706,192,1669,1706,4.5567
1706,193,1669,1706,4.5206
1706,194,1669,1706,4.6416
1706,195,1669,1706,4.4155
1706,196,1669,1706,4.4635
1706,197,1669,1706,4.7184
1706,198,1669,1706,4.6196
1706,199,1669,1706,4.2581
1709,0,1703,1709,4.2768
1709,1,1703,1709,4.3728
1709,2,1703,1709,4.0428
1709,3,1703,1709,4.2967
1709,4,1721,1709,3.8798
1709,5,1721,1709,3.9696
1709,6,1703,1709,3.8312
1709,7,1703,1709,4.3936
1709,8,1703,1709,4.1667
1709,9,1703,1709,4.0534
1709,10,1703,1709,4.2491
1709,11,1721,1709,3.9619
1709,12,1703,1709,4.1003
1709,13,1703,1709,4.2904
1709,14,1703,1709,3.6957
1709,15,1703,1709,4.5041
1709,16,1703,1709,3.9358
1709,17,1721,1709,4.0733
1709,18,1703,1709,4.2901
1709,19,1703,1709,4.3808
1709,20,1703,1709,3.786
1709,21,1721,1709,4.1566
1709,22,1703,1709,4.2397
1709,23,1703,1709,4.2676
1709,24,1703,1709,4.3011
1709,25,1703,1709,4.3004
1709,26,1703,1709,4.2281
1709,27,1703,1709,3.8171
1709,28,1703,1709,4.1049
1709,29,1703,1709,4.16
1709,30,1703,1709,4.3937
1709,31,1703,1709,4.2354
1709,32,1721,1709,4.2886
1709,33,1721,1709,3.9228
1709,34,1703,1709,4.2134
1709,35,1703,1709,4.5746
1709,36,1721,1709,4.413
1709,37,1703,1709,4.107
1709,38,1721,1709,4.2563
1709,39,1703,1709,4.4241
1709,40,1703,1709,3.8154
1709,41,1721,1709,4.4854
1709,42,1703,1709,4.4001
1709,43,1721,1709,3.9699
1709,44,1721,1709,3.943
1709,45,1703,1709,4.0322
1709,46,1721,1709,4.2335
1709,47,1721,1709,4.3087
1709,48,1703,1709,3.6905
1709,49,1721,1709,4.5438
1709,50,1703,1709,3.8179
1709,51,1721,1709,4.3134
1709,52,1703,1709,4.1249
1709,53,1703,1709,4.0881
1709,54,1703,1709,3.6661
1709,55,1703,1709,4.0682
1709,56,1721,1709,4.2872
1709,57,1721,1709,3.8572
1709,58,1721,1709,4.0881
1709,59,1703,1709,4.2213
1709,60,1703,1709,4.1269
1709,61,1721,1709,3.9049
1709,62,1721,1709,4.0619
1709,63,1703,1709,4.3233
1709,64,1703,1709,4.4073
1709,65,1703,1709,4.5559
1709,66,1703,1709,4.2081
1709,67,1703,1709,4.0055
1709,68,1703,1709,4.1246
1709,69,1703,1709,4.1439
1709,70,1721,1709,4.0766
1709,71,1721,1709,4.0486
1709,72,1703,1709,4.45
1709,73,1721,1709,4.0906
1709,74,1703,1709,4.2179
1709,75,1721,1709,4.2912
1709,76,1721,1709,3.905
1709,77,1703,1709,4.394
1709,78,1721,1709,4.1748
1709,79,1703,1709,4.4331
1709,80,1703,1709,4.2015
1709,81,1721,1709,3.8604
1709,82,1703,1709,4.1847
1709,83,1721,1709,4.208
1709,84,1703,1709,4.1384
1709,85,1703,1709,4.0228
1709,86,1721,1709,3.9653
1709,87,1721,1709,4.273
1709,88,1703,1709,3.978
1709,89,1721,1709,4.2867
1709,90,1721,1709,4.0318
1709,91,1721,1709,3.9886
1709,92,1721,1709,4.3819
1709,93,1721,1709,3.7558
1709,94,1721,1709,4.4587
1709,95,1703,1709,4.0233
1709,96,1703,1709,4.0867
1709,97,1721,1709,4.116
1709,98,1721,1709,4.2117
1709,99,1703,1709,4.1229
1709,100,1721,1709,4.2725
1709,101,1721,1709,4.1757
1709,102,1703,1709,4.2613
1709,103,1721,1709,4.097
1709,104,1721,1709,3.8265
1709,105,1703,1709,4.2258
1709,106,1703,1709,4.1663
1709,107,1703,1709,4.496
1709,108,1721,1709,4.2894
1709,109,1721,1709,4.14
1709,110,1721,1709,4.52
1709,111,1721,1709,4.0568
1709,112,1721,1709,4.0662
1709,113,1703,1709,4.1459
1709,114,1721,1709,4.555
1709,115,1721,1709,4.223
1709,116,1703,1709,4.302
1709,117,1703,1709,4.347
1709,118,1721,1709,4.2682
1709,119,1721,1709,4.4324
1709,120,1721,1709,3.8641
1709,121,1721,1709,4.2155
1709,123,1721,1709,4.319
1709,124,1703,1709,4.0761
1709,125,1721,1709,4.2992
1709,126,1721,1709,4.0416
1709,127,1721,1709,4.0992
1709,128,1721,1709,4.2383
1709,129,1721,1709,4.4498
1709,130,1703,1709,4.1543
1709,131,1703,1709,4.0852
1709,132,1721,1709,4.1083
1709,133,1715,1709,2.794
1709,134,1703,1709,4.351
1709,135,1703,1709,4.3523
1709,136,1703,1709,4.2972
1709,137,1721,1709,4.2283
1709,138,1721,1709,4.0656
1709,139,1703,1709,4.002
1709,140,1721,1709,4.1745
1709,141,1703,1709,3.9042
1709,142,1721,1709,3.8674
1709,143,1721,1709,4.216
1709,144,1721,1709,4.3503
1709,145,1721,1709,3.8804
1709,146,1721,1709,4.2841
1709,147,1721,1709,4.2691
1709,148,1703,1709,4.3213
1709,149,1703,1709,4.3959
1709,150,1703,1709,4.1411
1709,151,1721,1709,4.3016
1709,152,1721,1709,4.1805
1709,153,1721,1709,4.0174
1709,154,1721,1709,3.9984
1709,155,1703,1709,4.1606
1709,156,1721,1709,4.6497
1709,157,1721,1709,4.1435
1709,158,1721,1709,4.1854
1709,159,1703,1709,4.0589
1709,160,1703,1709,4.3226
1709,161,1703,1709,4.1861
1709,162,1721,1709,4.2426
1709,163,1721,1709,4.1493
1709,164,1721,1709,4.4824
1709,165,1721,1709,4.252
1709,166,1721,1709,4.3114
1709,167,1703,1709,4.2591
1709,168,1703,1709,4.0854
1709,169,1721,1709,4.2637
1709,170,1721,1709,4.483
1709,171,1703,1709,4.1219
1709,172,1703,1709,4.3722
1709,173,1703,1709,4.2802
1709,174,1703,1709,4.0316
1709,175,1721,1709,4.3348
1709,176,1703,1709,4.2911
1709,177,1721,1709,4.0512
1709,178,1721,1709,4.6325
1709,179,1740,1709,4.4192
1709,180,1721,1709,4.0097
1709,182,1721,1709,4.3894
1709,183,1721,1709,4.4554
1709,184,1721,1709,4.7405
1709,185,1721,1709,3.8877
1709,186,1721,1709,3.791
1709,187,1721,1709,4.4102
1709,188,1721,1709,3.9902
1709,189,1703,1709,4.206
1709,190,1703,1709,4.2323
1709,191,1721,1709,3.9519
1709,192,1721,1709,4.5546
1709,193,1721,1709,4.5969
1709,194,1721,1709,4.4193
1709,195,1721,1709,4.2681
1709,196,1721,1709,4.3071
1709,197,1703,1709,4.315
1709,198,1721,1709,4.1818
1709,199,1721,1709,4.2574
1711,0,1738,1711,4.8287
1711,1,1738,1711,4.7366
1711,2,1738,1711,4.6242
1711,3,1738,1711,4.9213
1711,4,1738,1711,4.7375
1711,5,1738,1711,4.6506
1711,6,1738,1711,4.836
1711,7,1738,1711,4.5601
1711,8,1738,1711,4.6314
1711,9,1741,1711,3.1281
1711,10,1738,1711,4.5567
1711,12,1738,1711,4.5972
1711,13,1738,1711,4.6409
1711,14,1738,1711,4.6395
1711,16,1738,1711,4.512
1711,17,1738,1711,4.7521
1711,18,1738,1711,4.6483
1711,19,1738,1711,4.7732
1711,20,1738,1711,4.6227
1711,21,1741,1711,3.1016
1711,22,1738,1711,4.5796
1711,24,1738,1711,4.5583
1711,25,1738,1711,4.5364
1711,27,1738,1711,4.6581
1711,28,1738,1711,4.4594
1711,30,1738,1711,4.8663
1711,31,1738,1711,4.7552
1711,32,1738,1711,4.6956
1711,33,1738,1711,5.0123
1711,35,1738,1711,4.8405
1711,36,1738,1711,4.7511
1711,37,1738,1711,4.7549
1711,38,1738,1711,4.6975
1711,39,1738,1711,4.6904
1711,41,1738,1711,4.8619
1711,42,1738,1711,4.6142
1711,43,1738,1711,4.6396
1711,46,1738,1711,4.6295
1711,49,1738,1711,4.6215
1711,50,1738,1711,4.7832
1711,52,1738,1711,4.8078
1711,54,1738,1711,4.6922
1711,55,1738,1711,4.5323
1711,56,1738,1711,4.7292
1711,58,1738,1711,4.6624
1711,59,1738,1711,4.6217
1711,60,1738,1711,4.5903
1711,61,1738,1711,4.5994
1711,63,1738,1711,4.5746
1711,64,1741,1711,2.9823
1711,65,1738,1711,4.661
1711,66,1738,1711,4.5646
1711,68,1738,1711,4.8459
1711,69,1741,1711,5.022
1711,70,1738,1711,4.3353
1711,71,1738,1711,4.8107
1711,72,1738,1711,4.6377
1711,73,1741,1711,3.1218
1711,74,1738,1711,4.4036
1711,75,1738,1711,4.6061
1711,76,1738,1711,4.7615
1711,77,1738,1711,4.857
1711,79,1738,1711,4.7461
1711,81,1738,1711,4.6847
1711,82,1738,1711,4.7117
1711,84,1741,1711,2.99
1711,85,1738,1711,4.8233
1711,86,1738,1711,4.7989
1711,88,1738,1711,4.5797
1711,90,1738,1711,4.4147
1711,93,1738,1711,4.7368
1711,95,1738,1711,4.6291
1711,97,1738,1711,4.6154
1711,100,1738,1711,4.5929
1711,102,1738,1711,4.622
1711,103,1738,1711,4.5481
1711,104,1738,1711,4.7631
1711,107,1738,1711,4.8329
1711,108,1738,1711,4.5475
1711,109,1738,1711,4.7305
1711,111,1738,1711,4.658
1711,113,1738,1711,4.7466
1711,114,1738,1711,4.4836
1711,120,1738,1711,4.593
1711,122,1738,1711,4.5328
1711,123,1738,1711,4.3767
1711,129,1738,1711,4.7133
1711,131,1738,1711,4.7255
1711,132,1738,1711,4.8267
1711,135,1738,1711,4.4421
1711,137,1738,1711,4.7172
1711,138,1738,1711,4.7662
1711,140,1738,1711,4.6745
1711,141,1738,1711,4.6447
1711,147,1738,1711,4.5843
1711,148,1738,1711,4.4099
1711,149,1738,1711,4.705
1711,153,1738,1711,4.8037
1711,156,1738,1711,4.4351
1711,158,1738,1711,4.7296
1711,161,1738,1711,4.7409
1711,162,1738,1711,4.3083
1711,165,1738,1711,4.4898
1711,166,1738,1711,4.7605
1711,169,1738,1711,4.6244
1711,175,1738,1711,4.3905
1711,176,1738,1711,4.5162
1711,177,1738,1711,4.5638
1711,178,1738,1711,4.8432
1711,179,1738,1711,4.7687
1711,180,1738,1711,4.7682
1711,183,1738,1711,4.55
1711,189,1738,1711,4.6668
1711,192,1738,1711,4.7089
1711,193,1738,1711,4.485
1711,196,1738,1711,4.8354
1711,197,1738,1711,4.8366
1711,199,1738,1711,4.5244
1721,170,1709,1721,3.0939
1721,189,1715,1721,4.5789
1731,0,1701,1731,4.5262
1731,1,1701,1731,4.1668
1731,2,1701,1731,4.428
1731,3,1701,1731,4.4897
1731,4,1743,1731,4.593
1731,5,1701,1731,4.4365
1731,7,1720,1731,4.7504
1731,8,1701,1731,4.3746
1731,9,1701,1731,4.283
1731,10,1701,1731,4.2292
1731,11,1701,1731,4.4708
1731,12,1701,1731,4.6811
1731,13,1701,1731,4.4739
1731,14,1701,1731,4.5007
1731,15,1701,1731,4.5697
1731,16,1701,1731,3.0115
1731,17,1743,1731,5.0733
1731,18,1701,1731,4.4476
1731,19,1701,1731,4.9548
1731,21,1701,1731,4.4231
1731,22,1701,1731,4.5901
1731,23,1743,1731,5.5904
1731,24,1701,1731,4.6149
1731,25,1701,1731,4.5034
1731,26,1701,1731,4.8777
1731,27,1701,1731,4.4801
1731,28,1743,1731,5.4294
1731,29,1720,1731,4.5399
1731,30,1701,1731,4.4759
1731,31,1701,1731,4.4569
1731,33,1701,1731,4.4297
1731,34,1701,1731,4.62
1731,35,1701,1731,4.4645
1731,36,1701,1731,4.5626
1731,37,1701,1731,4.4602
1731,38,1701,1731,4.3875
1731,39,1701,1731,4.8727
1731,40,1701,1731,4.5104
1731,41,1701,1731,4.5985
1731,42,1701,1731,4.4766
1731,43,1701,1731,5.0135
1731,44,1701,1731,4.5057
1731,45,1701,1731,4.5628
1731,46,1701,1731,4.6045
1731,47,1701,1731,4.3565
1731,48,1720,1731,4.4566
1731,49,1701,1731,4.6353
1731,50,1701,1731,4.2891
1731,51,1701,1731,4.3429
1731,52,1701,1731,4.7332
1731,53,1701,1731,4.4959
1731,54,1701,1731,4.5907
1731,55,1701,1731,4.6597
1731,56,1701,1731,4.4388
1731,57,1701,1731,4.5161
1731,58,1701,1731,4.7186
1731,59,1701,1731,4.5086
1731,61,1701,1731,4.5374
1731,62,1720,1731,4.6264
1731,64,1701,1731,4.5092
1731,65,1701,1731,4.6188
1731,66,1701,1731,4.6756
1731,67,1701,1731,4.6166
1731,68,1701,1731,4.7966
1731,69,1701,1731,4.6313
1731,70,1701,1731,4.4219
1731,71,1701,1731,4.6143
1731,72,1701,1731,4.5454
1731,74,1701,1731,4.7038
1731,75,1701,1731,4.4303
1731,76,1701,1731,4.5423
1731,77,1701,1731,4.4322
1731,78,1701,1731,5.0947
1731,79,1701,1731,4.7317
1731,80,1701,1731,4.399
1731,81,1701,1731,4.6175
1731,82,1701,1731,4.6219
1731,83,1701,1731,4.607
1731,84,1701,1731,4.6152
1731,85,1701,1731,4.6198
1731,87,1701,1731,4.6078
1731,88,1701,1731,4.3937
1731,89,1701,1731,4.6955
1731,90,1701,1731,4.622
1731,91,1701,1731,4.6274
1731,92,1701,1731,4.2124
1731,93,1701,1731,4.4518
1731,94,1701,1731,4.4117
1731,95,1701,1731,4.5338
1731,96,1701,1731,4.8389
1731,97,1701,1731,4.5837
1731,99,1701,1731,4.8978
1731,100,1701,1731,4.5099
1731,101,1701,1731,4.508
1731,102,1701,1731,4.5012
1731,103,1701,1731,4.3153
1731,104,1701,1731,4.5152
1731,105,1701,1731,4.7306
1731,108,1701,1731,4.358
1731,109,1701,1731,4.5582
1731,110,1701,1731,4.4322
1731,111,1701,1731,4.5521
1731,112,1701,1731,4.5882
1731,113,1701,1731,4.2329
1731,114,1701,1731,4.3853
1731,115,1701,1731,4.6429
1731,116,1701,1731,4.5477
1731,117,1701,1731,5.0544
1731,118,1701,1731,4.434
1731,121,1701,1731,4.6148
1731,122,1701,1731,4.462
1731,123,1701,1731,4.4531
1731,124,1701,1731,4.6453
1731,125,1701,1731,4.5352
1731,126,1701,1731,5.0448
1731,127,1701,1731,4.8579
1731,128,1701,1731,4.5456
1731,129,1701,1731,4.6687
1731,130,1701,1731,4.571
1731,131,1701,1731,4.7057
1731,132,1701,1731,4.2385
1731,133,1701,1731,4.6511
1731,134,1701,1731,4.436
1731,135,1701,1731,4.8824
1731,136,1701,1731,4.3062
1731,138,1701,1731,4.806
1731,139,1701,1731,4.58
1731,140,1701,1731,4.3596
1731,141,1701,1731,4.6702
1731,142,1701,1731,4.4091
1731,144,1701,1731,4.6364
1731,145,1701,1731,4.8203
1731,146,1701,1731,4.808
1731,147,1701,1731,4.7304
1731,148,1701,1731,4.6557
1731,149,1701,1731,4.5913
1731,150,1701,1731,4.5981
1731,151,1701,1731,4.6148
1731,152,1701,1731,4.5297
1731,153,1701,1731,4.5817
1731,154,1701,1731,4.7926
1731,156,1701,1731,4.3541
1731,157,1701,1731,4.4724
1731,158,1701,1731,4.4869
1731,159,1701,1731,3.2385
1731,160,1701,1731,3.1132
1731,162,1701,1731,5.1111
1731,163,1701,1731,4.5573
1731,165,1701,1731,4.8699
1731,166,1701,1731,4.7703
1731,167,1701,1731,4.3451
1731,169,1701,1731,4.5858
1731,170,1701,1731,4.4425
1731,171,1701,1731,4.5187
1731,172,1701,1731,4.459
1731,173,1701,1731,4.5772
1731,174,1701,1731,4.6992
1731,176,1701,1731,4.664
1731,177,1701,1731,4.4921
1731,179,1701,1731,4.5884
1731,180,1701,1731,4.5821
1731,181,1701,1731,4.7698
1731,182,1701,1731,4.782
1731,183,1701,1731,4.6862
1731,184,1701,1731,4.4737
1731,186,1701,1731,4.5643
1731,187,1701,1731,4.4674
1731,188,1701,1731,4.6084
1731,189,1701,1731,4.5137
1731,190,1701,1731,4.7745
1731,191,1701,1731,4.536
1731,193,1720,1731,4.438
1731,195,1701,1731,4.7249
1731,196,1701,1731,4.5093
1731,198,1701,1731,4.5688
1731,199,1701,1731,4.5199
1735,2,1645,1735,4.703
1735,5,1645,1735,4.7474
1735,7,1645,1735,4.5977
1735,13,1645,1735,4.6363
1735,15,1645,1735,4.7691
1735,18,1645,1735,4.8564
1735,19,1645,1735,4.6792
1735,20,1645,1735,4.618
1735,27,1645,1735,4.5761
1735,28,1645,1735,4.6153
1735,31,1645,1735,4.8001
1735,33,1645,1735,4.6538
1735,39,1645,1735,4.6487
1735,40,1645,1735,4.6219
1735,45,1645,1735,4.6901
1735,48,1645,1735,4.6718
1735,57,1645,1735,4.7415
1735,58,1645,1735,4.6146
1735,59,1645,1735,4.6272
1735,63,1645,1735,4.5101
1735,65,1645,1735,4.7077
1735,68,1645,1735,4.6813
1735,74,1645,1735,4.5891
1735,75,1645,1735,4.6751
1735,76,1645,1735,4.7136
1735,77,1645,1735,4.6766
1735,78,1645,1735,4.6491
1735,82,1645,1735,4.6416
1735,84,1645,1735,4.607
1735,85,1645,1735,4.7632
1735,86,1645,1735,4.648
1735,87,1645,1735,4.4975
1735,88,1645,1735,4.4202
1735,90,1645,1735,4.6534
1735,93,1645,1735,4.6336
1735,94,1645,1735,4.5218
1735,95,1645,1735,4.5831
1735,97,1645,1735,4.6986
1735,99,1645,1735,4.5049
1735,102,1645,1735,4.7206
1735,106,1645,1735,4.6839
1735,107,1645,1735,4.6201
1735,109,1645,1735,4.637
1735,110,1645,1735,4.6867
1735,111,1645,1735,4.6586
1735,115,1645,1735,4.5632
1735,123,1645,1735,4.5888
1735,130,1645,1735,4.7361
1735,131,1645,1735,4.6578
1735,132,1645,1735,4.7468
1735,136,1645,1735,4.5754
1735,139,1645,1735,4.7421
1735,140,1645,1735,4.6337
1735,141,1645,1735,4.927
1735,142,1645,1735,4.587
1735,144,1645,1735,4.5575
1735,145,1645,1735,4.6004
1735,148,1645,1735,4.5245
1735,154,1645,1735,4.6627
1735,155,1645,1735,4.5621
1735,156,1645,1735,4.4553
1735,159,1645,1735,4.7173
1735,162,1645,1735,4.6324
1735,163,1645,1735,4.7533
1735,166,1645,1735,4.6161
1735,168,1645,1735,4.664
1735,169,1645,1735,4.5977
1735,171,1645,1735,4.6315
1735,172,1645,1735,4.4656
1735,173,1645,1735,4.5623
1735,174,1645,1735,4.5275
1735,175,1645,1735,4.5492
1735,176,1645,1735,4.5626
1735,182,1645,1735,4.4601
1735,184,1645,1735,4.531
1735,185,1645,1735,4.5324
1735,186,1645,1735,4.5581
1735,187,1645,1735,4.6025
1735,188,1645,1735,4.7083
1735,189,1645,1735,4.6012
1735,190,1645,1735,4.6156
1735,191,1645,1735,4.6884
1735,195,1645,1735,4.6325
1735,196,1645,1735,4.6166
1737,0,1731,1737,4.0102
1737,1,1731,1737,4.2917
1737,2,1671,1737,3.2031
1737,3,1701,1737,5.7019
1737,4,1701,1737,5.6693
1737,5,1701,1737,5.7284
1737,6,1731,1737,3.8417
1737,7,1701,1737,6.6911
1737,8,1701,1737,6.1405
1737,9,1731,1737,4.3919
1737,10,1701,1737,5.8377
1737,11,1701,1737,6.0198
1737,12,1701,1737,6.0396
1737,13,1701,1737,6.5051
1737,14,1731,1737,4.3981
1737,15,1731,1737,3.9432
1737,16,1731,1737,3.9842
1737,17,1731,1737,3.6685
1737,18,1701,1737,5.894
1737,19,1731,1737,3.9177
1737,20,1731,1737,3.6875
1737,21,1731,1737,4.0549
1737,22,1731,1737,3.7563
1737,23,1731,1737,3.4798
1737,24,1671,1737,3.1354
1737,25,1731,1737,3.8511
1737,26,1731,1737,3.7485
1737,27,1731,1737,4.3191
1737,28,1701,1737,6.1686
1737,29,1731,1737,3.9479
1737,30,1701,1737,5.7666
1737,31,1731,1737,3.924
1737,32,1731,1737,3.6922
1737,33,1701,1737,5.9115
1737,34,1731,1737,4.2444
1737,35,1731,1737,4.0598
1737,36,1731,1737,4.1307
1737,37,1701,1737,6.737
1737,38,1701,1737,5.483
1737,39,1683,1737,4.5231
1737,40,1731,1737,3.9086
1737,41,1683,1737,4.6283
1737,42,1731,1737,3.7733
1737,43,1731,1737,3.7819
1737,44,1731,1737,4.1173
1737,45,1683,1737,4.7082
1737,46,1731,1737,4.2597
1737,47,1731,1737,4.2236
1737,48,1731,1737,3.9218
1737,49,1731,1737,3.711
1737,50,1731,1737,3.8941
1737,51,1683,1737,4.8192
1737,52,1701,1737,6.0197
1737,53,1683,1737,4.9386
1737,54,1731,1737,4.0245
1737,55,1731,1737,3.5476
1737,56,1731,1737,3.7869
1737,57,1701,1737,6.6686
1737,58,1683,1737,4.5843
1737,59,1731,1737,3.5247
1737,60,1731,1737,4.0439
1737,61,1731,1737,3.8358
1737,62,1731,1737,3.8901
1737,63,1731,1737,4.0993
1737,64,1731,1737,3.835
1737,65,1683,1737,4.7022
1737,66,1701,1737,5.835
1737,67,1683,1737,4.6483
1737,68,1731,1737,3.8861
1737,69,1731,1737,3.8918
1737,70,1731,1737,3.8839
1737,71,1683,1737,4.6935
1737,72,1683,1737,4.6273
1737,73,1731,1737,3.7426
1737,74,1683,1737,4.5077
1737,75,1683,1737,4.5043
1737,76,1683,1737,4.7864
1737,77,1683,1737,4.6798
1737,78,1683,1737,4.5157
1737,79,1731,1737,3.4139
1737,80,1731,1737,4.3332
1737,81,1731,1737,3.9709
1737,82,1683,1737,4.7517
1737,83,1683,1737,4.7511
1737,84,1731,1737,4.006
1737,85,1731,1737,3.9558
1737,86,1683,1737,4.5813
1737,87,1701,1737,6.1915
1737,88,1683,1737,4.8869
1737,89,1731,1737,3.6897
1737,90,1683,1737,4.736
1737,91,1731,1737,3.6635
1737,92,1731,1737,3.7197
1737,93,1731,1737,4.2956
1737,94,1683,1737,4.6765
1737,96,1731,1737,3.9423
1737,97,1701,1737,5.8222
1737,98,1731,1737,4.195
1737,99,1701,1737,6.7239
1737,100,1683,1737,4.6357
1737,101,1731,1737,3.58
1737,102,1683,1737,4.8328
1737,103,1683,1737,4.5461
1737,104,1731,1737,4.0014
1737,105,1731,1737,4.0044
1737,106,1683,1737,4.3494
1737,107,1731,1737,4.1416
1737,108,1731,1737,3.9712
1737,109,1683,1737,4.6654
1737,110,1731,1737,3.8048
1737,112,1731,1737,3.6724
1737,113,1731,1737,3.6131
1737,114,1683,1737,4.6665
1737,116,1731,1737,4.3487
1737,117,1683,1737,4.7642
1737,118,1731,1737,3.7201
1737,119,1683,1737,4.5963
1737,120,1683,1737,4.5365
1737,121,1731,1737,4.022
1737,122,1731,1737,4.0421
1737,123,1731,1737,3.7318
1737,124,1731,1737,3.9121
1737,125,1683,1737,4.4706
1737,126,1683,1737,4.6238
1737,127,1683,1737,4.6291
1737,128,1683,1737,4.8134
1737,129,1683,1737,4.4993
1737,131,1683,1737,4.8945
1737,132,1683,1737,4.7649
1737,133,1731,1737,3.9664
1737,134,1683,1737,4.6181
1737,135,1683,1737,4.6794
1737,136,1683,1737,4.5105
1737,137,1683,1737,4.8181
1737,138,1701,1737,5.7998
1737,139,1683,1737,4.7412
1737,140,1683,1737,4.7493
1737,141,1731,1737,4.1271
1737,142,1683,1737,4.6732
1737,143,1731,1737,4.0309
1737,144,1731,1737,3.9254
1737,145,1731,1737,3.6791
1737,146,1683,1737,4.802
1737,147,1683,1737,4.6105
1737,148,1683,1737,4.6939
1737,150,1683,1737,4.7017
1737,151,1731,1737,4.1306
1737,152,1701,1737,5.9426
1737,153,1683,1737,4.8414
1737,154,1731,1737,3.7041
1737,155,1683,1737,4.5745
1737,156,1683,1737,4.5872
1737,157,1701,1737,5.6519
1737,158,1683,1737,4.8022
1737,159,1683,1737,4.296
1737,160,1683,1737,4.7617
1737,162,1683,1737,4.803
1737,163,1683,1737,4.4829
1737,164,1731,1737,3.7678
1737,165,1731,1737,3.8506
1737,166,1683,1737,4.6898
1737,167,1683,1737,4.6804
1737,168,1683,1737,4.7173
1737,169,1683,1737,4.6685
1737,170,1683,1737,4.5508
1737,171,1683,1737,4.6657
1737,172,1683,1737,4.7744
1737,173,1683,1737,4.5846
1737,174,1683,1737,4.73
1737,175,1683,1737,4.7256
1737,176,1683,1737,4.8114
1737,177,1731,1737,3.7171
1737,178,1701,1737,5.5575
1737,179,1731,1737,3.6424
1737,180,1683,1737,4.5646
1737,181,1683,1737,4.8675
1737,182,1683,1737,4.6924
1737,183,1731,1737,4.1066
1737,184,1683,1737,4.6034
1737,185,1683,1737,4.6184
1737,186,1683,1737,4.5443
1737,187,1683,1737,4.4919
1737,188,1683,1737,4.6849
1737,189,1731,1737,3.9563
1737,190,1683,1737,4.6377
1737,191,1683,1737,4.4895
1737,192,1683,1737,4.7887
1737,193,1683,1737,4.5481
1737,194,1731,1737,3.7899
1737,195,1731,1737,4.1849
1737,196,1683,1737,4.6671
1737,197,1683,1737,4.7144
1737,198,1683,1737,4.4378
1737,199,1683,1737,4.7441
1738,1,1684,1738,4.607
1738,2,1678,1738,3.6431
1738,3,1684,1738,4.3637
1738,4,1684,1738,4.8327
1738,5,1684,1738,4.6866
1738,6,1684,1738,4.8923
1738,7,1684,1738,4.5064
1738,8,1684,1738,4.7814
1738,9,1684,1738,4.9498
1738,10,1684,1738,4.9457
1738,11,1684,1738,4.8205
1738,12,1684,1738,4.6787
1738,13,1684,1738,4.5102
1738,14,1684,1738,4.3986
1738,15,1684,1738,4.7067
1738,16,1684,1738,4.3418
1738,17,1678,1738,4.503
1738,18,1684,1738,4.7585
1738,19,1684,1738,4.7442
1738,20,1684,1738,4.7252
1738,22,1684,1738,4.702
1738,23,1684,1738,5.0098
1738,24,1684,1738,4.9306
1738,25,1678,1738,4.6058
1738,26,1684,1738,4.7572
1738,27,1684,1738,4.5322
1738,28,1684,1738,4.6983
1738,29,1684,1738,4.3545
1738,30,1684,1738,4.4623
1738,31,1684,1738,4.3373
1738,32,1684,1738,4.7559
1738,33,1684,1738,4.8103
1738,34,1678,1738,4.4639
1738,35,1684,1738,4.4642
1738,36,1684,1738,4.4792
1738,37,1684,1738,4.4597
1738,38,1684,1738,4.3623
1738,39,1684,1738,4.9202
1738,40,1684,1738,4.4434
1738,41,1684,1738,4.4666
1738,42,1684,1738,4.4418
1738,44,1678,1738,3.5423
1738,45,1684,1738,4.5477
1738,46,1684,1738,4.6945
1738,47,1684,1738,4.5292
1738,48,1684,1738,4.3317
1738,49,1684,1738,4.5375
1738,50,1684,1738,4.3632
1738,51,1684,1738,4.3519
1738,55,1684,1738,4.3224
1738,56,1684,1738,4.4262
1738,57,1684,1738,4.6697
1738,58,1684,1738,4.6515
1738,59,1684,1738,4.9214
1738,61,1684,1738,4.063
1738,62,1684,1738,4.5229
1738,63,1684,1738,4.2815
1738,64,1684,1738,4.2617
1738,67,1684,1738,4.4344
1738,68,1684,1738,4.4694
1738,69,1684,1738,4.7558
1738,71,1684,1738,4.3093
1738,72,1684,1738,4.7041
1738,73,1684,1738,4.9039
1738,75,1684,1738,4.9199
1738,76,1684,1738,4.9308
1738,77,1684,1738,4.8406
1738,78,1684,1738,4.4143
1738,79,1684,1738,4.952
1738,80,1684,1738,4.7793
1738,81,1678,1738,3.8628
1738,82,1684,1738,4.8709
1738,84,1684,1738,4.8345
1738,85,1684,1738,4.4533
1738,86,1678,1738,3.7935
1738,87,1684,1738,4.4727
1738,88,1684,1738,4.7504
1738,89,1684,1738,4.671
1738,90,1684,1738,4.5268
1738,91,1684,1738,4.6333
1738,92,1684,1738,4.6613
1738,93,1684,1738,4.46
1738,94,1684,1738,3.9948
1738,95,1684,1738,4.2915
1738,97,1684,1738,4.3845
1738,98,1684,1738,4.8463
1738,99,1684,1738,4.1542
1738,100,1684,1738,4.5698
1738,101,1684,1738,4.6809
1738,102,1684,1738,4.8961
1738,104,1684,1738,4.9621
1738,105,1684,1738,4.5738
1738,106,1678,1738,4.1394
1738,107,1684,1738,4.6761
1738,108,1678,1738,4.2807
1738,109,1678,1738,4.4612
1738,110,1684,1738,4.5667
1738,111,1678,1738,4.5443
1738,112,1684,1738,4.5486
1738,113,1684,1738,4.5794
1738,114,1684,1738,4.5335
1738,115,1678,1738,4.1567
1738,116,1678,1738,3.7304
1738,117,1684,1738,4.8016
1738,118,1684,1738,4.5047
1738,119,1684,1738,4.2175
1738,121,1684,1738,4.4929
1738,122,1684,1738,4.8121
1738,123,1684,1738,4.612
1738,124,1684,1738,4.5249
1738,125,1684,1738,4.6061
1738,126,1684,1738,4.5278
1738,129,1684,1738,4.198
1738,130,1684,1738,4.5198
1738,131,1684,1738,4.7831
1738,132,1684,1738,4.8269
1738,133,1684,1738,4.5057
1738,134,1684,1738,4.9081
1738,135,1684,1738,4.5098
1738,136,1684,1738,4.3745
1738,137,1684,1738,4.4978
1738,138,1684,1738,4.8295
1738,139,1684,1738,4.8019
1738,140,1684,1738,4.6032
1738,141,1684,1738,4.2187
1738,142,1684,1738,4.8996
1738,143,1684,1738,4.4584
1738,144,1684,1738,4.8224
1738,146,1684,1738,4.5236
1738,147,1684,1738,4.4246
1738,148,1684,1738,4.8642
1738,149,1684,1738,4.2206
1738,150,1684,1738,4.7944
1738,153,1684,1738,4.8673
1738,154,1684,1738,4.842
1738,155,1684,1738,4.404
1738,156,1684,1738,4.6097
1738,157,1684,1738,4.3992
1738,158,1684,1738,4.45
1738,160,1684,1738,4.7949
1738,162,1678,1738,3.8689
1738,163,1684,1738,4.8672
1738,164,1684,1738,4.1585
1738,165,1684,1738,4.7984
1738,166,1684,1738,4.4
1738,168,1684,1738,4.6082
1738,170,1684,1738,4.6923
1738,171,1684,1738,4.7316
1738,172,1684,1738,4.6795
1738,173,1684,1738,4.515
1738,174,1684,1738,4.6878
1738,175,1684,1738,4.8919
1738,176,1684,1738,4.916
1738,178,1684,1738,4.7722
1738,179,1684,1738,4.1399
1738,180,1684,1738,4.4266
1738,181,1684,1738,4.9777
1738,183,1684,1738,4.7345
1738,184,1684,1738,4.4594
1738,185,1684,1738,4.3492
1738,186,1684,1738,4.9051
1738,187,1684,1738,4.2326
1738,188,1684,1738,4.7644
1738,190,1684,1738,4.4587
1738,191,1684,1738,4.5443
1738,192,1684,1738,4.7169
1738,194,1684,1738,4.5668
1738,195,1684,1738,4.7293
1738,197,1684,1738,5.0228
1738,198,1684,1738,4.7625
1738,199,1684,1738,4.8684
1739,5,1709,1739,4.481
1739,8,1709,1739,4.7106
1739,15,1709,1739,4.6187
1739,17,1709,1739,4.6275
1739,24,1709,1739,4.7388
1739,27,1709,1739,4.563
1739,39,1709,1739,4.678
1739,43,1709,1739,4.6632
1739,44,1709,1739,4.704
1739,45,1709,1739,4.6214
1739,51,1709,1739,4.6308
1739,54,1709,1739,4.723
1739,64,1709,1739,4.6936
1739,68,1691,1739,6.1346
1739,79,1709,1739,4.7486
1739,82,1709,1739,4.5705
1739,84,1691,1739,6.4088
1739,88,1709,1739,4.593
1739,92,1715,1739,4.2794
1739,103,1709,1739,4.6812
1739,111,1691,1739,6.1749
1739,114,1691,1739,6.4846
1739,125,1709,1739,4.8481
1739,135,1709,1739,4.4991
1739,139,1709,1739,4.3797
1739,141,1691,1739,6.1024
1739,147,1691,1739,6.3434
1739,158,1691,1739,6.3595
1739,160,1691,1739,6.4542
1739,163,1691,1739,6.7427
1739,168,1709,1739,4.8212
1739,172,1691,1739,6.3905
1739,177,1691,1739,6.7805
1739,179,1709,1739,4.713
1739,181,1691,1739,6.3565
1739,182,1691,1739,6.3826
1739,185,1691,1739,6.0356
1739,187,1691,1739,6.35
1739,190,1691,1739,6.3864
1744,1,1705,1744,4.6005
1744,2,1705,1744,4.3725
1744,3,1705,1744,4.2208
1744,4,1705,1744,4.4515
1744,5,1705,1744,4.2987
1744,6,1705,1744,4.785
1744,7,1705,1744,4.8849
1744,8,1705,1744,4.1895
1744,10,1705,1744,4.9213
1744,11,1705,1744,4.7309
1744,12,1705,1744,4.7478
1744,13,1705,1744,4.7018
1744,14,1705,1744,4.4026
1744,15,1705,1744,4.7493
1744,16,1705,1744,4.5416
1744,17,1705,1744,4.3303
1744,19,1705,1744,4.6198
1744,20,1705,1744,4.4173
1744,21,1705,1744,4.4905
1744,22,1705,1744,4.6876
1744,23,1705,1744,4.3222
1744,24,1705,1744,4.6756
1744,25,1705,1744,4.3178
1744,26,1705,1744,4.6068
1744,27,1705,1744,4.4857
1744,28,1705,1744,4.4523
1744,29,1705,1744,4.321
1744,30,1705,1744,4.683
1744,31,1705,1744,4.0299
1744,32,1705,1744,4.5231
1744,33,1705,1744,3.9828
1744,34,1705,1744,4.8465
1744,35,1705,1744,4.5578
1744,36,1705,1744,4.4374
1744,37,1705,1744,4.3525
1744,38,1705,1744,4.4797
1744,39,1705,1744,4.5287
1744,40,1705,1744,4.6224
1744,41,1705,1744,4.8158
1744,42,1705,1744,4.7929
1744,43,1705,1744,4.3687
1744,45,1705,1744,4.7173
1744,46,1705,1744,4.3271
1744,48,1705,1744,4.3752
1744,49,1705,1744,4.6044
1744,50,1705,1744,4.6009
1744,51,1705,1744,4.56
1744,52,1705,1744,4.6123
1744,53,1705,1744,4.297
1744,54,1705,1744,4.5166
1744,55,1705,1744,3.8894
1744,56,1705,1744,4.3975
1744,57,1705,1744,4.3653
1744,58,1705,1744,4.9645
1744,59,1705,1744,4.598
1744,60,1705,1744,4.5942
1744,61,1705,1744,4.6029
1744,62,1705,1744,4.6411
1744,63,1705,1744,4.4642
1744,64,1705,1744,4.5099
1744,65,1705,1744,4.5029
1744,66,1705,1744,4.6939
1744,69,1705,1744,4.4288
1744,70,1705,1744,4.6264
1744,71,1705,1744,4.3533
1744,72,1705,1744,4.7094
1744,73,1705,1744,4.3139
1744,74,1705,1744,4.8823
1744,75,1705,1744,4.9751
1744,76,1705,1744,4.2545
1744,77,1705,1744,4.3154
1744,78,1705,1744,4.669
1744,79,1705,1744,4.7252
1744,81,1705,1744,4.4659
1744,82,1705,1744,4.6065
1744,83,1705,1744,4.5553
1744,84,1705,1744,4.8118
1744,85,1705,1744,4.4548
1744,86,1705,1744,4.768
1744,87,1705,1744,4.482
1744,88,1705,1744,4.7721
1744,89,1705,1744,4.5942
1744,90,1705,1744,3.9702
1744,91,1705,1744,4.001
1744,93,1705,1744,4.1341
1744,94,1705,1744,4.2765
1744,95,1705,1744,4.8686
1744,96,1705,1744,4.1891
1744,97,1705,1744,4.7089
1744,98,1705,1744,4.5632
1744,99,1705,1744,4.5115
1744,101,1705,1744,4.1937
1744,103,1705,1744,4.4618
1744,104,1705,1744,4.294
1744,105,1705,1744,4.4612
1744,106,1705,1744,4.5419
1744,107,1705,1744,4.1104
1744,108,1705,1744,4.8507
1744,109,1705,1744,4.6973
1744,110,1705,1744,4.4307
1744,111,1705,1744,4.102
1744,112,1705,1744,4.2631
1744,113,1705,1744,4.8464
1744,114,1705,1744,4.3751
1744,115,1705,1744,4.7586
1744,116,1705,1744,4.6909
1744,117,1705,1744,4.464
1744,118,1705,1744,4.7002
1744,120,1705,1744,4.5995
1744,121,1705,1744,4.0581
1744,122,1705,1744,4.3826
1744,123,1705,1744,4.2949
1744,124,1705,1744,4.2197
1744,125,1705,1744,4.2018
1744,126,1705,1744,4.5556
1744,128,1705,1744,3.7707
1744,129,1705,1744,4.5504
1744,131,1705,1744,4.2364
1744,133,1705,1744,4.2462
1744,134,1705,1744,4.1413
1744,135,1705,1744,4.0747
1744,137,1705,1744,4.3683
1744,138,1705,1744,4.3086
1744,140,1705,1744,4.4424
1744,141,1705,1744,4.5336
1744,142,1705,1744,4.4772
1744,143,1705,1744,4.565
1744,144,1705,1744,4.7733
1744,145,1705,1744,4.8264
1744,146,1705,1744,4.3951
1744,147,1705,1744,4.3203
1744,148,1705,1744,4.8791
1744,149,1705,1744,4.2413
1744,150,1705,1744,4.1091
1744,151,1705,1744,4.6323
1744,153,1705,1744,4.6084
1744,154,1705,1744,4.2809
1744,155,1705,1744,4.198
1744,156,1705,1744,4.2809
1744,157,1705,1744,4.6304
1744,158,1705,1744,4.6018
1744,159,1705,1744,4.6139
1744,160,1705,1744,4.6365
1744,161,1705,1744,4.8574
1744,162,1705,1744,4.4371
1744,163,1705,1744,4.5717
1744,164,1705,1744,4.4172
1744,165,1705,1744,4.206
1744,166,1705,1744,4.4371
1744,167,1705,1744,4.0568
1744,168,1705,1744,4.2902
1744,169,1705,1744,4.2307
1744,170,1705,1744,4.4231
1744,171,1705,1744,4.7999
1744,173,1705,1744,4.4626
1744,174,1705,1744,4.5463
1744,175,1705,1744,4.3304
1744,176,1705,1744,4.5277
1744,177,1705,1744,4.6119
1744,178,1705,1744,4.2469
1744,179,1705,1744,4.4471
1744,180,1705,1744,4.1631
1744,181,1705,1744,4.8776
1744,182,1705,1744,4.6334
1744,184,1705,1744,4.5078
1744,186,1705,1744,4.3314
1744,187,1705,1744,4.3767
1744,188,1705,1744,4.8365
1744,189,1705,1744,4.5729
1744,191,1705,1744,4.7245
1744,192,1705,1744,4.4016
1744,193,1705,1744,4.8704
1744,194,1705,1744,4.7759
1744,196,1705,1744,4.4781
1744,197,1705,1744,4.6102
1744,198,1705,1744,4.3089
1744,199,1705,1744,4.4185
