JobID,Frame_Index,N_plus_idx,N_minus_idx,Distance_Angstrom
1830,0,1920,1830,4.5058
1830,1,1920,1830,4.1688
1830,3,1920,1830,4.6635
1830,5,1920,1830,4.1546
1830,7,1920,1830,3.9579
1830,8,1920,1830,4.4618
1830,11,1920,1830,4.2661
1830,12,1920,1830,4.676
1830,13,1920,1830,4.668
1830,15,1920,1830,4.4697
1830,16,1920,1830,4.3823
1830,17,1920,1830,3.8535
1830,18,1920,1830,4.3787
1830,20,1920,1830,4.0694
1830,21,1920,1830,4.2645
1830,22,1920,1830,4.0403
1830,23,1920,1830,4.1039
1830,25,1920,1830,4.5843
1830,26,1920,1830,4.6024
1830,28,1920,1830,4.7566
1830,29,1920,1830,4.8522
1830,30,1920,1830,4.7195
1830,34,1920,1830,5.0245
1830,35,1920,1830,4.6333
1830,36,1920,1830,4.7761
1830,37,1920,1830,3.9153
1830,38,1920,1830,3.8153
1830,40,1920,1830,4.3319
1830,41,1920,1830,4.6969
1830,43,1920,1830,4.3666
1830,44,1920,1830,4.3311
1830,45,1920,1830,4.2177
1830,47,1920,1830,4.2745
1830,50,1920,1830,4.3979
1830,54,1920,1830,4.4741
1830,55,1920,1830,4.4338
1830,57,1920,1830,3.9738
1830,58,1920,1830,4.6996
1830,59,1920,1830,4.282
1830,60,1920,1830,4.6989
1830,64,1920,1830,4.0754
1830,66,1920,1830,4.2459
1830,68,1920,1830,4.7736
1830,69,1920,1830,3.7276
1830,71,1920,1830,4.5246
1830,72,1920,1830,4.5476
1830,73,1920,1830,4.2103
1830,74,1920,1830,4.1824
1830,75,1920,1830,4.6875
1830,76,1920,1830,4.4243
1830,77,1920,1830,4.7676
1830,78,1920,1830,4.3224
1830,79,1920,1830,4.4301
1830,80,1920,1830,4.9662
1830,84,1920,1830,4.4501
1830,85,1920,1830,4.3757
1830,87,1920,1830,4.4576
1830,88,1920,1830,4.9911
1830,90,1920,1830,4.586
1830,91,1920,1830,5.1183
1830,92,1920,1830,3.7553
1830,93,1920,1830,4.2261
1830,94,1920,1830,4.0757
1830,95,1920,1830,4.184
1830,96,1920,1830,4.2039
1830,97,1920,1830,4.1537
1830,98,1920,1830,4.3121
1830,100,1920,1830,4.1423
1830,101,1920,1830,4.9518
1830,102,1920,1830,4.677
1830,103,1920,1830,4.3191
1830,104,1920,1830,4.4443
1830,106,1920,1830,3.7586
1830,107,1920,1830,4.5327
1830,108,1920,1830,4.7165
1830,109,1920,1830,4.8191
1830,110,1920,1830,4.6082
1830,112,1920,1830,4.6846
1830,113,1920,1830,4.2414
1830,114,1920,1830,4.7533
1830,116,1920,1830,3.7726
1830,117,1920,1830,4.5957
1830,119,1920,1830,4.6457
1830,120,1920,1830,4.2758
1830,121,1920,1830,4.4353
1830,122,1920,1830,4.3048
1830,123,1920,1830,4.3184
1830,124,1920,1830,4.2849
1830,126,1920,1830,4.8976
1830,128,1920,1830,4.5533
1830,129,1920,1830,4.5554
1830,130,1920,1830,4.6445
1830,131,1920,1830,4.5871
1830,132,1920,1830,4.803
1830,134,1920,1830,4.4813
1830,135,1920,1830,4.5665
1830,136,1920,1830,4.4056
1830,137,1920,1830,4.4229
1830,141,1920,1830,4.2819
1830,144,1920,1830,4.7186
1830,145,1920,1830,4.762
1830,146,1920,1830,4.963
1830,147,1920,1830,4.5904
1830,148,1920,1830,4.4092
1830,149,1920,1830,4.6803
1830,150,1920,1830,4.4442
1830,151,1920,1830,4.6779
1830,152,1920,1830,4.0051
1830,153,1920,1830,4.3482
1830,154,1920,1830,3.9793
1830,155,1920,1830,4.007
1830,156,1920,1830,3.8431
1830,157,1920,1830,4.1323
1830,159,1920,1830,4.3851
1830,161,1920,1830,4.3852
1830,162,1920,1830,4.7096
1830,164,1920,1830,4.1158
1830,165,1920,1830,4.9244
1830,166,1920,1830,4.6453
1830,167,1920,1830,4.1532
1830,168,1920,1830,4.6591
1830,169,1920,1830,4.4595
1830,171,1920,1830,4.5553
1830,174,1920,1830,4.5104
1830,175,1920,1830,4.4081
1830,176,1920,1830,4.2523
1830,178,1920,1830,4.7216
1830,179,1920,1830,4.5346
1830,180,1920,1830,4.6459
1830,182,1920,1830,4.2302
1830,183,1920,1830,4.5813
1830,184,1920,1830,5.3962
1830,185,1920,1830,4.4076
1830,186,1920,1830,4.1254
1830,187,1920,1830,4.2633
1830,188,1920,1830,4.9688
1830,192,1920,1830,4.611
1830,193,1920,1830,4.2683
1830,196,1920,1830,4.4147
1830,198,1920,1830,4.506
1830,199,1920,1830,4.3962
1833,0,1923,1833,5.0558
1833,1,1923,1833,4.2198
1833,2,1923,1833,4.3127
1833,3,1923,1833,4.3396
1833,4,1923,1833,7.08
1833,5,1852,1833,5.9204
1833,6,1923,1833,5.4849
1833,7,1923,1833,4.6395
1833,8,1923,1833,5.5077
1833,9,1923,1833,5.1521
1833,10,1923,1833,6.618
1833,11,1852,1833,6.0589
1833,12,1923,1833,5.0585
1833,13,1923,1833,5.0783
1833,14,1923,1833,5.4768
1833,15,1923,1833,5.1375
1833,16,1923,1833,5.5588
1833,17,1923,1833,4.9874
1833,18,1923,1833,5.5882
1833,19,1923,1833,5.0463
1833,20,1923,1833,5.5351
1833,21,1923,1833,5.3713
1833,22,1923,1833,4.9276
1833,23,1923,1833,5.7854
1833,24,1923,1833,5.2337
1833,25,1923,1833,5.4825
1833,26,1923,1833,5.7656
1833,27,1923,1833,5.4481
1833,28,1923,1833,4.9183
1833,29,1923,1833,4.8192
1833,30,1923,1833,4.339
1833,31,1923,1833,5.1825
1833,32,1923,1833,5.2514
1833,33,1923,1833,6.6044
1833,34,1923,1833,6.5649
1833,35,1923,1833,5.0305
1833,36,1923,1833,4.7827
1833,37,1923,1833,5.0187
1833,38,1923,1833,6.6422
1833,39,1923,1833,4.4954
1833,40,1923,1833,5.6013
1833,41,1923,1833,4.854
1833,42,1923,1833,4.727
1833,43,1923,1833,4.8769
1833,44,1923,1833,5.0986
1833,45,1923,1833,4.5559
1833,46,1923,1833,5.4331
1833,47,1923,1833,5.6772
1833,48,1923,1833,4.3847
1833,49,1923,1833,5.1215
1833,50,1923,1833,5.1626
1833,51,1852,1833,6.2286
1833,52,1923,1833,5.2512
1833,53,1923,1833,5.0318
1833,54,1923,1833,4.3868
1833,55,1923,1833,5.259
1833,56,1923,1833,4.8131
1833,57,1923,1833,5.2156
1833,58,1923,1833,4.3735
1833,59,1923,1833,5.1429
1833,60,1923,1833,4.3059
1833,61,1923,1833,4.9775
1833,62,1923,1833,5.4666
1833,63,1923,1833,5.7484
1833,64,1923,1833,4.5556
1833,65,1923,1833,7.3016
1833,66,1923,1833,5.4888
1833,67,1923,1833,4.6363
1833,68,1923,1833,5.3178
1833,69,1923,1833,5.4909
1833,70,1923,1833,5.9065
1833,71,1923,1833,4.8214
1833,72,1852,1833,5.7162
1833,73,1923,1833,5.2839
1833,74,1923,1833,4.7344
1833,75,1923,1833,5.3787
1833,76,1923,1833,4.9906
1833,77,1923,1833,5.4843
1833,78,1923,1833,5.5573
1833,79,1923,1833,5.3984
1833,80,1923,1833,5.1788
1833,81,1923,1833,5.6872
1833,82,1923,1833,4.2863
1833,83,1923,1833,4.9798
1833,84,1923,1833,5.2733
1833,85,1923,1833,5.1717
1833,86,1923,1833,4.3448
1833,87,1923,1833,5.5217
1833,88,1923,1833,4.739
1833,89,1923,1833,5.3343
1833,90,1923,1833,5.4547
1833,91,1923,1833,4.8997
1833,92,1923,1833,4.9741
1833,93,1923,1833,4.8878
1833,94,1923,1833,6.9307
1833,95,1923,1833,5.0869
1833,96,1923,1833,4.6291
1833,97,1923,1833,4.4853
1833,98,1923,1833,5.0887
1833,99,1923,1833,4.8721
1833,100,1923,1833,5.091
1833,101,1923,1833,4.6823
1833,102,1923,1833,4.6453
1833,103,1923,1833,5.8067
1833,104,1923,1833,5.0268
1833,105,1923,1833,5.3599
1833,106,1923,1833,7.0184
1833,107,1923,1833,7.0026
1833,108,1923,1833,4.9305
1833,109,1923,1833,5.5287
1833,110,1923,1833,3.7427
1833,111,1923,1833,4.8673
1833,112,1923,1833,4.3242
1833,113,1923,1833,6.4363
1833,114,1923,1833,4.6139
1833,115,1923,1833,5.6698
1833,116,1923,1833,5.2441
1833,117,1923,1833,4.9479
1833,118,1923,1833,4.6194
1833,119,1923,1833,5.0303
1833,120,1923,1833,5.2674
1833,121,1923,1833,5.4793
1833,122,1923,1833,4.3625
1833,123,1923,1833,6.7363
1833,124,1923,1833,5.2876
1833,125,1923,1833,4.4261
1833,126,1923,1833,4.7268
1833,127,1923,1833,5.5719
1833,128,1923,1833,4.5491
1833,129,1923,1833,5.0913
1833,130,1923,1833,4.8075
1833,131,1923,1833,4.8483
1833,132,1923,1833,5.0219
1833,133,1923,1833,4.8788
1833,134,1923,1833,3.6565
1833,135,1923,1833,4.8469
1833,136,1923,1833,4.4411
1833,137,1923,1833,5.013
1833,138,1923,1833,6.5686
1833,139,1923,1833,5.297
1833,140,1923,1833,5.2269
1833,141,1923,1833,4.9408
1833,142,1923,1833,4.7816
1833,143,1923,1833,4.7187
1833,144,1923,1833,3.9594
1833,145,1923,1833,5.1555
1833,146,1923,1833,4.5313
1833,147,1923,1833,5.5018
1833,148,1923,1833,4.1362
1833,149,1923,1833,4.7911
1833,150,1923,1833,5.0012
1833,151,1923,1833,5.2329
1833,152,1923,1833,4.4171
1833,153,1923,1833,4.3907
1833,154,1923,1833,4.2326
1833,155,1923,1833,5.0824
1833,156,1923,1833,4.5002
1833,157,1923,1833,5.1242
1833,158,1923,1833,4.7414
1833,159,1923,1833,5.0744
1833,160,1923,1833,6.7998
1833,161,1852,1833,5.3974
1833,161,1923,1833,4.7871
1833,162,1923,1833,4.6439
1833,163,1923,1833,5.0138
1833,164,1923,1833,5.1682
1833,165,1923,1833,6.8795
1833,166,1923,1833,5.2032
1833,167,1923,1833,4.8693
1833,168,1923,1833,4.7278
1833,169,1923,1833,4.7693
1833,170,1923,1833,6.5501
1833,171,1923,1833,4.4497
1833,172,1923,1833,5.0506
1833,173,1923,1833,5.7553
1833,174,1923,1833,5.0759
1833,175,1923,1833,5.4822
1833,176,1923,1833,4.4023
1833,177,1923,1833,4.8813
1833,178,1923,1833,6.3605
1833,179,1923,1833,3.5724
1833,180,1923,1833,4.9769
1833,181,1923,1833,5.5105
1833,182,1923,1833,4.9136
1833,183,1923,1833,5.2648
1833,184,1923,1833,6.1871
1833,185,1923,1833,4.7196
1833,186,1923,1833,5.0872
1833,187,1923,1833,4.36
1833,188,1923,1833,4.9506
1833,189,1923,1833,4.7316
1833,190,1923,1833,5.6328
1833,191,1923,1833,5.5998
1833,192,1923,1833,4.9172
1833,193,1923,1833,4.545
1833,194,1923,1833,5.388
1833,195,1923,1833,5.7374
1833,196,1923,1833,5.119
1833,197,1923,1833,5.6265
1833,198,1923,1833,4.4672
1833,199,1923,1833,4.7879
1838,0,1844,1838,3.0148
1838,1,1844,1838,3.3016
1838,2,1844,1838,3.4712
1838,3,1844,1838,3.2455
1838,4,1844,1838,3.3807
1838,5,1844,1838,3.4906
1838,6,1844,1838,3.4043
1838,7,1844,1838,3.3446
1838,8,1844,1838,3.388
1838,9,1844,1838,3.3603
1838,10,1844,1838,3.6314
1838,11,1844,1838,3.2704
1838,12,1844,1838,3.1863
1838,13,1844,1838,3.4097
1838,14,1844,1838,3.4929
1838,15,1844,1838,3.6213
1838,16,1844,1838,3.4369
1838,17,1844,1838,3.2602
1838,18,1844,1838,3.4275
1838,20,1844,1838,3.4532
1838,21,1844,1838,3.269
1838,22,1844,1838,3.2892
1838,23,1844,1838,3.5198
1838,24,1844,1838,3.6071
1838,25,1844,1838,3.1291
1838,26,1844,1838,3.3428
1838,27,1844,1838,3.5142
1838,28,1844,1838,3.2884
1838,30,1844,1838,3.2122
1838,31,1844,1838,3.3594
1838,32,1844,1838,3.1896
1838,33,1844,1838,3.2667
1838,34,1844,1838,3.2192
1838,35,1844,1838,3.1157
1838,36,1844,1838,3.145
1838,37,1844,1838,3.4361
1838,38,1844,1838,3.1702
1838,39,1844,1838,3.6744
1838,40,1844,1838,3.3458
1838,41,1844,1838,3.337
1838,42,1844,1838,3.486
1838,43,1844,1838,3.3024
1838,44,1844,1838,3.4099
1838,45,1844,1838,3.4208
1838,46,1844,1838,3.6852
1838,47,1844,1838,3.2507
1838,48,1844,1838,3.3254
1838,49,1844,1838,3.2298
1838,50,1844,1838,3.3126
1838,51,1844,1838,3.2953
1838,52,1844,1838,3.3497
1838,53,1844,1838,3.0685
1838,54,1844,1838,3.1987
1838,55,1844,1838,3.4958
1838,56,1844,1838,3.3036
1838,57,1844,1838,3.1096
1838,58,1844,1838,3.087
1838,59,1844,1838,3.4686
1838,60,1844,1838,3.4863
1838,61,1844,1838,3.2198
1838,62,1844,1838,3.3828
1838,63,1844,1838,3.2177
1838,64,1844,1838,3.2707
1838,65,1844,1838,3.4608
1838,66,1844,1838,3.4045
1838,67,1844,1838,3.2796
1838,68,1844,1838,3.2005
1838,69,1844,1838,3.6112
1838,70,1844,1838,3.4353
1838,71,1844,1838,3.215
1838,72,1844,1838,3.4604
1838,73,1844,1838,3.4152
1838,74,1844,1838,3.4033
1838,75,1844,1838,3.2697
1838,76,1844,1838,3.4404
1838,77,1844,1838,3.5027
1838,78,1844,1838,3.2206
1838,79,1844,1838,3.192
1838,80,1844,1838,3.2715
1838,81,1844,1838,3.1304
1838,82,1844,1838,3.282
1838,83,1844,1838,3.0957
1838,84,1932,1838,6.7146
1838,85,1844,1838,3.3395
1838,86,1844,1838,3.2933
1838,87,1844,1838,3.4173
1838,88,1844,1838,3.1691
1838,89,1844,1838,3.0026
1838,90,1844,1838,3.3192
1838,91,1844,1838,3.3042
1838,92,1844,1838,3.6114
1838,94,1844,1838,3.4684
1838,95,1844,1838,3.5168
1838,96,1844,1838,3.4397
1838,97,1844,1838,3.2249
1838,98,1844,1838,3.3654
1838,100,1844,1838,3.3285
1838,101,1844,1838,3.2729
1838,102,1844,1838,3.2695
1838,103,1844,1838,3.328
1838,104,1844,1838,3.1174
1838,105,1844,1838,3.2623
1838,106,1844,1838,3.5868
1838,107,1844,1838,3.1915
1838,108,1844,1838,3.2759
1838,109,1844,1838,3.266
1838,110,1844,1838,3.3264
1838,111,1844,1838,3.2643
1838,112,1844,1838,3.3339
1838,113,1844,1838,3.2927
1838,114,1844,1838,3.2781
1838,115,1844,1838,3.1933
1838,116,1844,1838,3.3819
1838,117,1844,1838,3.339
1838,118,1844,1838,3.2523
1838,119,1844,1838,3.0713
1838,121,1844,1838,3.0732
1838,122,1844,1838,3.1808
1838,123,1844,1838,3.4615
1838,124,1844,1838,3.3125
1838,125,1844,1838,3.4624
1838,126,1844,1838,3.3504
1838,127,1844,1838,3.2966
1838,128,1844,1838,3.1625
1838,129,1844,1838,3.2675
1838,130,1844,1838,3.2828
1838,131,1844,1838,3.1878
1838,132,1844,1838,3.2306
1838,133,1844,1838,3.185
1838,135,1844,1838,3.6057
1838,136,1844,1838,3.2956
1838,137,1844,1838,3.2651
1838,138,1844,1838,3.152
1838,139,1844,1838,3.3483
1838,140,1844,1838,3.1334
1838,141,1844,1838,3.2046
1838,142,1844,1838,3.2801
1838,143,1844,1838,3.451
1838,144,1844,1838,3.4056
1838,145,1844,1838,3.1492
1838,146,1844,1838,3.2031
1838,147,1844,1838,3.164
1838,148,1844,1838,3.3078
1838,149,1844,1838,3.177
1838,150,1844,1838,3.2628
1838,151,1844,1838,3.5406
1838,152,1844,1838,3.2366
1838,153,1844,1838,3.2148
1838,154,1844,1838,3.2418
1838,155,1844,1838,3.2829
1838,156,1844,1838,3.0932
1838,157,1844,1838,3.233
1838,158,1844,1838,3.2358
1838,159,1844,1838,3.2556
1838,160,1844,1838,3.4777
1838,161,1844,1838,3.2245
1838,162,1844,1838,3.424
1838,163,1844,1838,3.4166
1838,164,1844,1838,3.4671
1838,165,1844,1838,3.2265
1838,166,1844,1838,3.523
1838,167,1844,1838,3.4521
1838,168,1844,1838,3.6095
1838,169,1844,1838,3.3563
1838,170,1844,1838,3.121
1838,171,1844,1838,3.5259
1838,172,1844,1838,3.3055
1838,173,1844,1838,3.5565
1838,174,1844,1838,3.2474
1838,175,1844,1838,3.3615
1838,176,1844,1838,3.5323
1838,177,1844,1838,3.1263
1838,178,1844,1838,3.2453
1838,179,1844,1838,3.1555
1838,180,1844,1838,3.3253
1838,181,1844,1838,3.3697
1838,182,1844,1838,3.4005
1838,183,1844,1838,3.3163
1838,184,1844,1838,3.5124
1838,185,1844,1838,3.3728
1838,186,1844,1838,3.2597
1838,187,1844,1838,3.3091
1838,188,1844,1838,3.218
1838,189,1844,1838,3.4208
1838,190,1844,1838,3.338
1838,191,1844,1838,3.1363
1838,192,1844,1838,3.4338
1838,193,1844,1838,3.0827
1838,194,1844,1838,3.3917
1838,195,1844,1838,3.2364
1838,196,1844,1838,3.2695
1838,197,1844,1838,3.1292
1838,198,1844,1838,3.2287
1838,199,1844,1838,3.3459
1840,0,1846,1840,2.8595
1840,1,1846,1840,2.9847
1840,2,1846,1840,2.7878
1840,3,1846,1840,3.054
1840,4,1846,1840,2.9665
1840,5,1846,1840,3.0624
1840,6,1846,1840,3.0673
1840,7,1846,1840,3.0412
1840,8,1846,1840,2.9441
1840,9,1846,1840,2.9703
1840,10,1846,1840,2.7751
1840,11,1846,1840,2.8971
1840,12,1846,1840,2.8066
1840,13,1846,1840,2.7993
1840,14,1846,1840,3.0942
1840,15,1846,1840,3.0187
1840,16,1846,1840,2.9842
1840,17,1846,1840,3.0644
1840,18,1846,1840,3.0741
1840,19,1846,1840,2.9286
1840,20,1846,1840,3.1254
1840,21,1846,1840,2.9787
1840,22,1846,1840,3.0019
1840,23,1846,1840,2.998
1840,24,1846,1840,3.0345
1840,25,1846,1840,3.0269
1840,26,1846,1840,3.0176
1840,27,1846,1840,2.906
1840,28,1846,1840,3.1738
1840,29,1846,1840,2.9754
1840,30,1846,1840,2.9352
1840,31,1846,1840,2.8479
1840,32,1846,1840,3.0548
1840,33,1846,1840,3.041
1840,34,1846,1840,2.998
1840,35,1846,1840,2.8018
1840,36,1846,1840,3.1307
1840,37,1846,1840,2.9172
1840,38,1846,1840,2.8462
1840,39,1846,1840,2.8319
1840,40,1846,1840,2.9526
1840,41,1846,1840,2.9481
1840,42,1846,1840,3.1055
1840,43,1846,1840,2.9728
1840,44,1846,1840,3.0379
1840,45,1846,1840,3.0885
1840,46,1846,1840,3.0953
1840,47,1846,1840,2.941
1840,48,1846,1840,2.9239
1840,49,1846,1840,2.8471
1840,50,1846,1840,3.0109
1840,51,1846,1840,2.8952
1840,52,1846,1840,3.0333
1840,53,1846,1840,3.1292
1840,54,1846,1840,3.066
1840,55,1846,1840,3.0752
1840,56,1846,1840,3.1344
1840,57,1846,1840,2.9999
1840,58,1846,1840,2.9955
1840,59,1846,1840,3.1047
1840,60,1846,1840,2.9901
1840,61,1846,1840,2.9145
1840,62,1846,1840,2.9985
1840,63,1846,1840,3.0056
1840,64,1846,1840,3.0119
1840,65,1846,1840,3.1263
1840,66,1846,1840,2.9989
1840,67,1846,1840,2.9684
1840,68,1846,1840,3.009
1840,69,1846,1840,2.8635
1840,70,1846,1840,3.0314
1840,71,1846,1840,3.0204
1840,72,1846,1840,2.9439
1840,73,1846,1840,3.0105
1840,74,1846,1840,2.9436
1840,75,1846,1840,3.0311
1840,76,1846,1840,2.9063
1840,77,1846,1840,3.039
1840,78,1846,1840,2.9556
1840,79,1846,1840,3.1568
1840,80,1846,1840,3.0727
1840,81,1846,1840,2.9523
1840,82,1846,1840,3.014
1840,83,1846,1840,3.0522
1840,84,1846,1840,3.0282
1840,85,1846,1840,2.9187
1840,86,1846,1840,3.0168
1840,87,1846,1840,2.8962
1840,88,1846,1840,2.9649
1840,89,1846,1840,3.1077
1840,90,1846,1840,2.9472
1840,91,1846,1840,3.0245
1840,92,1846,1840,2.9908
1840,93,1846,1840,2.7991
1840,94,1846,1840,3.1287
1840,95,1846,1840,2.91
1840,96,1846,1840,3.1174
1840,97,1846,1840,3.0237
1840,98,1846,1840,3.0906
1840,99,1846,1840,3.0509
1840,100,1846,1840,3.0339
1840,101,1846,1840,3.0738
1840,102,1846,1840,2.9183
1840,103,1846,1840,3.0932
1840,104,1846,1840,2.9191
1840,105,1846,1840,3.0159
1840,106,1846,1840,2.9342
1840,107,1846,1840,3.1424
1840,108,1846,1840,2.9915
1840,109,1846,1840,2.9857
1840,110,1846,1840,2.8812
1840,111,1846,1840,3.0723
1840,112,1846,1840,2.8976
1840,113,1846,1840,2.8148
1840,114,1846,1840,2.8038
1840,115,1846,1840,2.9566
1840,116,1846,1840,3.1574
1840,118,1846,1840,3.0243
1840,119,1846,1840,2.9562
1840,120,1846,1840,2.8975
1840,121,1846,1840,2.9636
1840,122,1846,1840,3.0307
1840,123,1846,1840,2.9833
1840,124,1846,1840,3.042
1840,125,1846,1840,2.9378
1840,126,1846,1840,2.9786
1840,127,1846,1840,2.9529
1840,128,1846,1840,3.0879
1840,129,1846,1840,3.1669
1840,130,1846,1840,2.8971
1840,131,1846,1840,3.0865
1840,132,1846,1840,2.8186
1840,133,1846,1840,2.8183
1840,134,1846,1840,3.0014
1840,135,1846,1840,3.1511
1840,136,1846,1840,2.904
1840,137,1846,1840,3.0548
1840,138,1846,1840,2.9246
1840,139,1846,1840,2.8651
1840,140,1846,1840,2.8926
1840,141,1846,1840,3.0751
1840,142,1846,1840,2.9081
1840,143,1846,1840,2.8787
1840,144,1846,1840,3.0608
1840,145,1846,1840,2.8476
1840,146,1846,1840,2.9507
1840,147,1846,1840,3.0179
1840,148,1846,1840,3.0775
1840,149,1846,1840,3.0705
1840,150,1846,1840,3.1281
1840,151,1846,1840,3.1985
1840,152,1846,1840,3.0254
1840,153,1846,1840,2.8785
1840,154,1846,1840,3.2317
1840,155,1846,1840,2.9331
1840,156,1846,1840,2.9551
1840,157,1846,1840,2.9347
1840,158,1846,1840,2.9239
1840,159,1846,1840,3.0896
1840,160,1846,1840,2.7239
1840,161,1846,1840,3.1453
1840,162,1846,1840,3.0295
1840,163,1846,1840,2.9378
1840,164,1846,1840,2.8461
1840,165,1846,1840,3.1154
1840,166,1846,1840,3.0757
1840,167,1846,1840,3.017
1840,168,1846,1840,3.0468
1840,169,1846,1840,3.0391
1840,170,1846,1840,2.9982
1840,171,1846,1840,2.9628
1840,172,1846,1840,2.9194
1840,173,1846,1840,3.1084
1840,174,1846,1840,2.9449
1840,175,1846,1840,3.0702
1840,176,1846,1840,2.9656
1840,177,1846,1840,2.894
1840,178,1846,1840,3.0883
1840,179,1846,1840,3.0079
1840,180,1846,1840,3.0335
1840,181,1846,1840,2.9745
1840,182,1846,1840,2.9012
1840,183,1846,1840,3.0071
1840,184,1846,1840,2.9936
1840,185,1846,1840,2.8725
1840,186,1846,1840,2.9787
1840,187,1846,1840,2.9085
1840,188,1846,1840,2.8075
1840,189,1846,1840,3.0688
1840,190,1846,1840,2.8873
1840,191,1846,1840,2.973
1840,192,1846,1840,3.0563
1840,193,1846,1840,3.0073
1840,194,1846,1840,2.8591
1840,195,1846,1840,3.0296
1840,196,1846,1840,2.8414
1840,197,1846,1840,2.9361
1840,198,1846,1840,3.0471
1840,199,1846,1840,2.9839
1842,0,1877,1842,4.8585
1842,1,1865,1842,5.6538
1842,2,1865,1842,5.86
1842,3,1877,1842,4.4675
1842,4,1877,1842,4.3446
1842,5,1865,1842,6.2139
1842,6,1877,1842,4.4108
1842,7,1877,1842,4.3346
1842,8,1877,1842,4.6379
1842,9,1877,1842,4.7032
1842,10,1877,1842,4.7578
1842,11,1877,1842,4.4168
1842,12,1877,1842,4.8817
1842,13,1877,1842,4.7809
1842,14,1877,1842,4.7406
1842,15,1877,1842,4.8648
1842,16,1877,1842,4.5969
1842,17,1877,1842,4.5161
1842,18,1877,1842,4.7648
1842,19,1865,1842,6.0136
1842,20,1877,1842,4.7652
1842,21,1877,1842,4.6898
1842,22,1877,1842,4.4533
1842,23,1865,1842,5.845
1842,24,1865,1842,5.8705
1842,25,1865,1842,6.1995
1842,26,1865,1842,6.2345
1842,27,1865,1842,6.0811
1842,28,1865,1842,6.0449
1842,29,1865,1842,6.3519
1842,30,1877,1842,4.9584
1842,31,1932,1842,4.0868
1842,32,1877,1842,4.5383
1842,33,1865,1842,6.3627
1842,34,1877,1842,4.3945
1842,35,1877,1842,4.5376
1842,36,1865,1842,6.5452
1842,37,1865,1842,5.5171
1842,38,1877,1842,4.2034
1842,39,1932,1842,3.7182
1842,40,1865,1842,5.9515
1842,41,1877,1842,4.9056
1842,42,1865,1842,5.5517
1842,43,1877,1842,4.7714
1842,44,1877,1842,4.4433
1842,45,1877,1842,4.7562
1842,46,1865,1842,6.1256
1842,47,1877,1842,4.1902
1842,48,1877,1842,4.8116
1842,49,1877,1842,4.996
1842,50,1865,1842,5.8053
1842,51,1865,1842,5.7613
1842,52,1877,1842,4.5093
1842,53,1865,1842,6.2104
1842,54,1877,1842,4.1187
1842,55,1865,1842,5.9887
1842,56,1877,1842,4.1225
1842,57,1877,1842,3.9506
1842,58,1865,1842,5.7737
1842,59,1877,1842,4.5467
1842,60,1865,1842,5.8954
1842,61,1865,1842,5.9163
1842,62,1865,1842,6.6831
1842,63,1877,1842,4.834
1842,64,1865,1842,6.2056
1842,65,1877,1842,4.5839
1842,66,1877,1842,4.5444
1842,67,1865,1842,5.9684
1842,68,1865,1842,5.9027
1842,69,1877,1842,4.0992
1842,70,1877,1842,4.3345
1842,71,1877,1842,4.795
1842,72,1877,1842,4.8728
1842,73,1877,1842,4.662
1842,74,1865,1842,6.1371
1842,75,1877,1842,4.5763
1842,76,1865,1842,5.8678
1842,77,1877,1842,4.1484
1842,78,1877,1842,4.8797
1842,79,1877,1842,4.6036
1842,80,1865,1842,6.0697
1842,81,1877,1842,4.6626
1842,82,1865,1842,6.0893
1842,83,1877,1842,4.6547
1842,84,1877,1842,4.517
1842,85,1877,1842,4.7094
1842,86,1877,1842,4.6566
1842,87,1877,1842,4.6036
1842,88,1865,1842,6.1421
1842,89,1865,1842,5.9102
1842,90,1877,1842,4.4731
1842,91,1865,1842,5.9322
1842,92,1865,1842,5.8193
1842,93,1877,1842,4.7276
1842,94,1877,1842,4.9388
1842,95,1877,1842,4.3398
1842,96,1865,1842,6.0936
1842,97,1877,1842,4.7314
1842,98,1865,1842,5.8292
1842,99,1877,1842,4.7866
1842,100,1877,1842,4.8304
1842,101,1877,1842,4.7897
1842,102,1865,1842,6.0471
1842,103,1865,1842,5.9639
1842,104,1877,1842,4.5709
1842,105,1865,1842,6.0994
1842,106,1865,1842,5.9587
1842,107,1877,1842,4.7064
1842,108,1865,1842,5.881
1842,109,1865,1842,6.3465
1842,110,1877,1842,4.0013
1842,111,1865,1842,5.4415
1842,112,1877,1842,4.8503
1842,113,1865,1842,5.8483
1842,114,1865,1842,6.0729
1842,115,1865,1842,5.8866
1842,116,1865,1842,5.6119
1842,117,1877,1842,4.4448
1842,118,1865,1842,6.2214
1842,119,1877,1842,4.6332
1842,120,1865,1842,5.8098
1842,121,1877,1842,4.847
1842,122,1865,1842,6.0529
1842,123,1877,1842,4.7311
1842,124,1865,1842,6.2785
1842,125,1865,1842,6.1091
1842,126,1877,1842,4.4333
1842,127,1877,1842,4.4823
1842,128,1932,1842,3.9966
1842,129,1865,1842,6.4177
1842,130,1877,1842,4.9588
1842,131,1877,1842,4.642
1842,132,1877,1842,4.5537
1842,133,1877,1842,4.4077
1842,134,1877,1842,4.6438
1842,135,1865,1842,5.7572
1842,136,1865,1842,6.1393
1842,137,1877,1842,4.5757
1842,138,1865,1842,5.8203
1842,139,1865,1842,6.0789
1842,141,1877,1842,4.8922
1842,142,1865,1842,5.8338
1842,143,1877,1842,4.3475
1842,144,1865,1842,6.0809
1842,145,1877,1842,4.8496
1842,146,1877,1842,4.5438
1842,147,1865,1842,7.3931
1842,147,1877,1842,4.8319
1842,148,1877,1842,4.702
1842,149,1932,1842,3.8773
1842,150,1877,1842,4.5759
1842,151,1877,1842,4.9331
1842,152,1877,1842,4.5267
1842,153,1877,1842,4.682
1842,154,1877,1842,4.8174
1842,155,1877,1842,4.7609
1842,156,1877,1842,4.7693
1842,157,1865,1842,6.0278
1842,158,1865,1842,5.976
1842,159,1877,1842,4.5732
1842,160,1865,1842,5.936
1842,161,1865,1842,5.8125
1842,162,1865,1842,5.7852
1842,163,1877,1842,4.829
1842,164,1877,1842,4.9883
1842,165,1865,1842,5.9691
1842,166,1865,1842,5.9504
1842,167,1877,1842,4.7107
1842,168,1877,1842,4.392
1842,169,1877,1842,4.4086
1842,170,1865,1842,6.2237
1842,171,1865,1842,6.0359
1842,172,1877,1842,4.6518
1842,173,1865,1842,5.8128
1842,174,1877,1842,4.4504
1842,175,1865,1842,6.2663
1842,176,1877,1842,4.2784
1842,177,1877,1842,4.5964
1842,178,1877,1842,4.6641
1842,179,1865,1842,5.8847
1842,180,1865,1842,5.7188
1842,181,1877,1842,4.9921
1842,182,1865,1842,6.0928
1842,183,1865,1842,5.8724
1842,184,1865,1842,5.9275
1842,185,1877,1842,4.4769
1842,186,1877,1842,4.7287
1842,187,1877,1842,4.9147
1842,188,1877,1842,4.668
1842,189,1877,1842,4.9913
1842,190,1877,1842,4.5559
1842,191,1865,1842,5.983
1842,192,1877,1842,4.8826
1842,193,1877,1842,4.9163
1842,194,1877,1842,4.6791
1842,195,1877,1842,4.3276
1842,196,1871,1842,4.7716
1842,197,1865,1842,5.841
1842,198,1877,1842,4.8803
1842,199,1877,1842,4.7978
1843,0,1864,1843,5.8626
1843,1,1864,1843,5.403
1843,2,1864,1843,5.3843
1843,3,1864,1843,5.6272
1843,4,1864,1843,5.5931
1843,5,1864,1843,5.9332
1843,6,1864,1843,5.6941
1843,7,1864,1843,5.5665
1843,8,1864,1843,5.9735
1843,9,1864,1843,5.9619
1843,10,1864,1843,6.1193
1843,11,1864,1843,5.6321
1843,13,1864,1843,5.7774
1843,14,1864,1843,6.2811
1843,15,1864,1843,5.3022
1843,16,1864,1843,5.9178
1843,17,1864,1843,5.9545
1843,19,1864,1843,5.2454
1843,20,1864,1843,5.9061
1843,21,1864,1843,6.8953
1843,22,1864,1843,5.6558
1843,23,1864,1843,5.7842
1843,24,1864,1843,6.089
1843,25,1864,1843,5.7686
1843,26,1864,1843,4.6289
1843,27,1864,1843,6.2845
1843,28,1864,1843,5.5057
1843,29,1864,1843,5.9753
1843,30,1864,1843,5.7019
1843,31,1864,1843,5.6974
1843,32,1864,1843,6.1588
1843,33,1864,1843,4.8025
1843,34,1864,1843,6.1175
1843,35,1864,1843,6.1726
1843,36,1864,1843,5.981
1843,37,1864,1843,6.4824
1843,38,1864,1843,5.6218
1843,39,1864,1843,6.0383
1843,40,1864,1843,5.5289
1843,42,1864,1843,6.2244
1843,43,1864,1843,5.8788
1843,44,1864,1843,6.0946
1843,45,1864,1843,5.5961
1843,46,1864,1843,5.3431
1843,47,1864,1843,5.9405
1843,48,1864,1843,5.637
1843,50,1864,1843,5.9338
1843,51,1864,1843,6.0712
1843,52,1864,1843,5.998
1843,53,1864,1843,5.9144
1843,54,1864,1843,5.8255
1843,56,1864,1843,5.9184
1843,57,1864,1843,5.0894
1843,58,1864,1843,5.6367
1843,60,1864,1843,4.7142
1843,61,1864,1843,5.9382
1843,62,1864,1843,5.9081
1843,63,1864,1843,5.6026
1843,64,1864,1843,5.7963
1843,66,1864,1843,5.5829
1843,67,1864,1843,6.2656
1843,68,1864,1843,5.5718
1843,69,1864,1843,4.8537
1843,70,1864,1843,6.0449
1843,71,1864,1843,4.6819
1843,72,1864,1843,6.2623
1843,73,1864,1843,6.0205
1843,74,1864,1843,5.8519
1843,75,1864,1843,5.9364
1843,79,1864,1843,6.1205
1843,80,1864,1843,6.0942
1843,81,1864,1843,5.9233
1843,82,1864,1843,6.1427
1843,83,1864,1843,5.1029
1843,84,1864,1843,6.448
1843,85,1864,1843,5.45
1843,86,1864,1843,6.1568
1843,90,1864,1843,5.5402
1843,91,1864,1843,5.6647
1843,92,1864,1843,5.7092
1843,94,1864,1843,5.3533
1843,95,1864,1843,6.0836
1843,96,1864,1843,5.7963
1843,97,1864,1843,5.8813
1843,98,1864,1843,5.8382
1843,99,1864,1843,5.9068
1843,100,1864,1843,4.431
1843,102,1864,1843,5.7284
1843,103,1864,1843,6.3931
1843,104,1864,1843,5.7659
1843,105,1864,1843,5.7719
1843,106,1864,1843,6.1029
1843,107,1864,1843,5.8041
1843,108,1864,1843,5.8425
1843,109,1864,1843,6.1398
1843,110,1864,1843,5.8007
1843,112,1864,1843,5.3515
1843,113,1864,1843,6.0149
1843,114,1864,1843,4.8031
1843,115,1864,1843,5.7974
1843,116,1864,1843,5.826
1843,120,1864,1843,5.7877
1843,121,1864,1843,5.4617
1843,122,1864,1843,5.7472
1843,124,1864,1843,5.7558
1843,125,1864,1843,5.5358
1843,126,1864,1843,6.3838
1843,128,1864,1843,5.738
1843,129,1864,1843,5.3825
1843,130,1864,1843,5.7994
1843,134,1864,1843,5.7107
1843,135,1864,1843,5.6153
1843,136,1864,1843,6.0919
1843,137,1864,1843,5.4384
1843,139,1864,1843,5.7095
1843,141,1864,1843,6.1173
1843,144,1864,1843,6.1458
1843,145,1864,1843,6.2813
1843,146,1864,1843,5.5247
1843,147,1864,1843,5.7599
1843,148,1864,1843,5.7081
1843,149,1864,1843,6.4458
1843,150,1864,1843,5.2477
1843,151,1864,1843,6.2889
1843,152,1864,1843,5.9286
1843,153,1864,1843,5.9469
1843,154,1864,1843,5.8504
1843,155,1864,1843,5.4662
1843,156,1864,1843,5.6958
1843,157,1864,1843,5.9948
1843,159,1864,1843,5.605
1843,160,1864,1843,5.595
1843,161,1864,1843,5.1851
1843,162,1864,1843,6.4361
1843,163,1864,1843,5.8464
1843,164,1864,1843,5.1541
1843,165,1864,1843,5.9675
1843,167,1864,1843,5.9317
1843,168,1864,1843,4.541
1843,169,1864,1843,5.9907
1843,170,1864,1843,5.1548
1843,173,1864,1843,5.4037
1843,175,1864,1843,5.4935
1843,176,1864,1843,4.5471
1843,177,1864,1843,5.8101
1843,178,1864,1843,6.3056
1843,180,1864,1843,4.8793
1843,181,1864,1843,5.9265
1843,182,1864,1843,6.7606
1843,184,1864,1843,5.6446
1843,185,1864,1843,5.8186
1843,188,1864,1843,6.0499
1843,189,1864,1843,5.9998
1843,191,1864,1843,6.2851
1843,193,1864,1843,4.6875
1843,194,1864,1843,5.5961
1843,195,1864,1843,5.5874
1843,196,1864,1843,4.4961
1843,197,1864,1843,5.9993
1843,199,1864,1843,6.0112
1844,2,1866,1844,4.5549
1844,5,1866,1844,4.4208
1844,6,1842,1844,4.4516
1844,10,1866,1844,3.4629
1844,11,1866,1844,4.3402
1844,12,1866,1844,4.4491
1844,13,1866,1844,4.5025
1844,15,1866,1844,4.4518
1844,16,1866,1844,5.3441
1844,18,1866,1844,4.4261
1844,19,1866,1844,3.3642
1844,21,1866,1844,4.1218
1844,22,1866,1844,4.1564
1844,24,1866,1844,4.2636
1844,26,1866,1844,4.3059
1844,27,1842,1844,4.6131
1844,28,1866,1844,5.6663
1844,29,1866,1844,4.2831
1844,30,1842,1844,4.4457
1844,31,1866,1844,3.7304
1844,32,1866,1844,4.4284
1844,34,1866,1844,4.4186
1844,36,1866,1844,5.0764
1844,37,1842,1844,4.2538
1844,38,1866,1844,4.6151
1844,43,1866,1844,3.959
1844,44,1866,1844,4.4947
1844,46,1866,1844,3.3549
1844,49,1866,1844,3.6567
1844,50,1842,1844,4.3997
1844,51,1866,1844,4.4781
1844,52,1866,1844,4.621
1844,53,1866,1844,4.5556
1844,54,1866,1844,4.5439
1844,55,1866,1844,4.2971
1844,56,1866,1844,4.3699
1844,57,1866,1844,4.3364
1844,58,1866,1844,4.6045
1844,61,1866,1844,4.495
1844,62,1866,1844,4.3139
1844,64,1866,1844,5.6784
1844,65,1866,1844,4.4652
1844,66,1866,1844,4.2332
1844,67,1866,1844,4.3568
1844,68,1866,1844,3.8816
1844,69,1842,1844,4.6479
1844,70,1866,1844,3.6505
1844,71,1866,1844,4.0114
1844,72,1866,1844,3.7547
1844,73,1866,1844,3.3434
1844,74,1842,1844,4.6088
1844,75,1866,1844,4.3782
1844,76,1866,1844,4.4704
1844,77,1866,1844,4.5138
1844,78,1866,1844,4.5886
1844,79,1866,1844,4.5179
1844,80,1866,1844,4.3226
1844,81,1866,1844,4.5371
1844,82,1866,1844,4.5065
1844,83,1866,1844,4.4529
1844,85,1866,1844,4.4313
1844,86,1866,1844,5.433
1844,88,1866,1844,4.6792
1844,89,1866,1844,5.7382
1844,90,1866,1844,4.3099
1844,92,1866,1844,4.7333
1844,94,1866,1844,5.488
1844,95,1866,1844,4.4877
1844,96,1866,1844,4.6519
1844,99,1842,1844,4.5925
1844,100,1866,1844,4.2721
1844,103,1866,1844,4.2555
1844,104,1866,1844,5.5267
1844,105,1842,1844,4.7994
1844,106,1866,1844,5.5446
1844,107,1866,1844,4.0952
1844,108,1866,1844,4.5501
1844,109,1866,1844,4.1866
1844,110,1866,1844,5.4507
1844,112,1842,1844,4.5752
1844,113,1866,1844,3.5232
1844,114,1866,1844,4.5465
1844,115,1866,1844,4.443
1844,117,1866,1844,4.4444
1844,118,1842,1844,4.5073
1844,119,1866,1844,4.3122
1844,121,1842,1844,4.4967
1844,124,1842,1844,4.6747
1844,125,1866,1844,4.2689
1844,128,1866,1844,4.6605
1844,129,1866,1844,4.6282
1844,131,1866,1844,3.3861
1844,133,1842,1844,4.5737
1844,136,1866,1844,3.4736
1844,137,1866,1844,4.6305
1844,138,1866,1844,4.1389
1844,139,1866,1844,5.2922
1844,140,1866,1844,4.6788
1844,141,1866,1844,4.4311
1844,142,1866,1844,4.5874
1844,144,1866,1844,4.2362
1844,145,1866,1844,4.2185
1844,146,1866,1844,4.5398
1844,147,1866,1844,4.4399
1844,148,1866,1844,5.724
1844,150,1866,1844,5.6023
1844,151,1866,1844,4.3617
1844,152,1842,1844,4.5167
1844,153,1866,1844,4.4068
1844,156,1866,1844,4.4121
1844,157,1866,1844,4.4214
1844,159,1866,1844,4.135
1844,160,1866,1844,4.466
1844,161,1842,1844,4.7264
1844,162,1866,1844,4.6
1844,163,1866,1844,3.877
1844,165,1866,1844,3.5932
1844,166,1866,1844,4.1925
1844,172,1866,1844,5.6198
1844,173,1866,1844,4.3786
1844,174,1866,1844,5.1142
1844,176,1866,1844,4.296
1844,177,1866,1844,5.3917
1844,178,1866,1844,4.2968
1844,180,1866,1844,5.3084
1844,182,1866,1844,4.2253
1844,184,1866,1844,4.2873
1844,186,1866,1844,4.3111
1844,187,1866,1844,3.7642
1844,188,1866,1844,4.2117
1844,189,1866,1844,3.5198
1844,192,1866,1844,5.4242
1844,194,1866,1844,5.8216
1844,195,1866,1844,5.6957
1844,197,1866,1844,4.3389
1844,198,1866,1844,5.3675
1844,199,1866,1844,4.3611
1845,1,1833,1845,5.4125
1845,2,1833,1845,5.7249
1845,4,1833,1845,5.3542
1845,9,1833,1845,5.4715
1845,10,1833,1845,5.2661
1845,11,1833,1845,5.4074
1845,16,1833,1845,5.8399
1845,18,1833,1845,5.6932
1845,19,1833,1845,5.5803
1845,28,1833,1845,5.8297
1845,29,1833,1845,5.7449
1845,31,1833,1845,5.531
1845,33,1833,1845,5.6663
1845,36,1833,1845,5.6833
1845,37,1833,1845,5.7178
1845,40,1833,1845,5.6673
1845,43,1833,1845,5.582
1845,46,1833,1845,5.2093
1845,47,1833,1845,5.4392
1845,49,1833,1845,5.7777
1845,50,1833,1845,6.1411
1845,51,1833,1845,5.0068
1845,52,1833,1845,5.6875
1845,54,1833,1845,5.4886
1845,56,1833,1845,5.4532
1845,58,1833,1845,6.1333
1845,62,1833,1845,5.8076
1845,65,1833,1845,5.4844
1845,69,1833,1845,5.3182
1845,78,1833,1845,5.3458
1845,79,1833,1845,5.6378
1845,80,1833,1845,5.365
1845,81,1833,1845,5.5991
1845,93,1833,1845,5.1494
1845,96,1833,1845,5.1919
1845,97,1833,1845,5.4956
1845,103,1833,1845,5.7346
1845,107,1833,1845,5.7501
1845,115,1833,1845,5.5433
1845,118,1833,1845,5.5945
1845,119,1833,1845,5.1691
1845,120,1833,1845,5.3486
1845,121,1833,1845,5.3073
1845,125,1833,1845,5.3191
1845,127,1833,1845,5.3287
1845,129,1833,1845,5.5902
1845,135,1833,1845,6.3814
1845,138,1833,1845,5.5877
1845,158,1833,1845,5.5509
1845,167,1833,1845,5.4796
1845,170,1833,1845,5.4158
1845,178,1833,1845,6.1183
1845,191,1833,1845,5.2507
1845,192,1833,1845,5.731
1845,198,1833,1845,5.6363
1847,0,1931,1847,4.8717
1847,1,1931,1847,6.813
1847,3,1931,1847,6.9848
1847,4,1931,1847,4.7942
1847,5,1931,1847,6.8497
1847,6,1931,1847,4.6666
1847,7,1931,1847,6.4318
1847,8,1931,1847,4.5759
1847,9,1931,1847,7.1121
1847,10,1931,1847,4.725
1847,11,1931,1847,4.6871
1847,12,1931,1847,4.6095
1847,13,1931,1847,6.7136
1847,14,1931,1847,4.8741
1847,15,1931,1847,4.6597
1847,16,1931,1847,4.4195
1847,17,1931,1847,6.6784
1847,19,1931,1847,4.6675
1847,20,1931,1847,4.504
1847,21,1931,1847,6.4744
1847,22,1931,1847,4.9065
1847,24,1931,1847,4.8663
1847,25,1931,1847,6.735
1847,26,1931,1847,4.7268
1847,27,1931,1847,6.6472
1847,28,1931,1847,6.7272
1847,29,1931,1847,6.6125
1847,30,1883,1847,4.6301
1847,31,1931,1847,4.6051
1847,32,1931,1847,5.1293
1847,33,1931,1847,4.7726
1847,34,1931,1847,6.7434
1847,35,1941,1847,5.7361
1847,36,1931,1847,6.7343
1847,37,1931,1847,7.0633
1847,38,1931,1847,4.7339
1847,39,1931,1847,6.975
1847,40,1931,1847,4.6605
1847,41,1931,1847,4.7637
1847,42,1931,1847,7.1471
1847,43,1931,1847,4.8004
1847,45,1931,1847,6.9104
1847,46,1931,1847,7.1652
1847,47,1931,1847,4.648
1847,48,1931,1847,4.8295
1847,50,1931,1847,4.7583
1847,51,1931,1847,4.6809
1847,52,1931,1847,4.902
1847,54,1931,1847,6.6736
1847,57,1931,1847,6.6266
1847,58,1931,1847,4.8473
1847,59,1931,1847,7.3107
1847,60,1931,1847,5.9782
1847,61,1931,1847,6.972
1847,62,1931,1847,4.6743
1847,63,1931,1847,4.587
1847,64,1931,1847,7.2551
1847,65,1931,1847,4.777
1847,67,1931,1847,4.6056
1847,68,1931,1847,4.8453
1847,69,1931,1847,4.706
1847,70,1931,1847,4.8431
1847,71,1931,1847,4.755
1847,73,1931,1847,4.6332
1847,74,1931,1847,7.0321
1847,75,1931,1847,6.6236
1847,76,1931,1847,4.8249
1847,77,1931,1847,7.0888
1847,78,1931,1847,4.5756
1847,79,1931,1847,4.3758
1847,80,1931,1847,4.7885
1847,81,1931,1847,6.9434
1847,82,1941,1847,5.8367
1847,83,1931,1847,4.8497
1847,84,1931,1847,4.6932
1847,85,1931,1847,4.8625
1847,86,1931,1847,4.7941
1847,87,1931,1847,4.718
1847,88,1931,1847,4.6442
1847,89,1931,1847,7.047
1847,90,1931,1847,4.5676
1847,91,1931,1847,6.7034
1847,92,1931,1847,4.6155
1847,93,1931,1847,7.0079
1847,94,1931,1847,4.712
1847,95,1931,1847,6.3711
1847,96,1931,1847,4.786
1847,98,1931,1847,4.8451
1847,100,1931,1847,4.7795
1847,101,1931,1847,4.6479
1847,105,1931,1847,4.723
1847,106,1941,1847,6.5849
1847,107,1931,1847,4.7751
1847,108,1931,1847,4.9609
1847,109,1931,1847,4.7
1847,110,1931,1847,5.9944
1847,111,1931,1847,4.5688
1847,112,1931,1847,6.5992
1847,113,1931,1847,6.8181
1847,114,1931,1847,4.5774
1847,115,1931,1847,4.774
1847,117,1931,1847,4.6032
1847,118,1931,1847,4.8384
1847,119,1931,1847,4.7118
1847,120,1931,1847,5.0823
1847,121,1931,1847,4.7597
1847,122,1931,1847,4.9522
1847,123,1931,1847,4.7742
1847,124,1931,1847,4.8352
1847,125,1931,1847,6.3886
1847,126,1931,1847,4.8256
1847,127,1931,1847,7.1662
1847,128,1931,1847,6.9876
1847,129,1931,1847,4.796
1847,131,1931,1847,4.8546
1847,132,1931,1847,6.818
1847,133,1931,1847,4.6894
1847,134,1931,1847,4.6316
1847,135,1931,1847,4.4982
1847,137,1931,1847,4.7703
1847,138,1931,1847,4.789
1847,139,1931,1847,4.7556
1847,140,1931,1847,4.6598
1847,141,1931,1847,4.7297
1847,142,1931,1847,4.7594
1847,143,1931,1847,4.6343
1847,144,1931,1847,4.6188
1847,145,1931,1847,7.0064
1847,146,1931,1847,4.7345
1847,147,1931,1847,4.7344
1847,148,1931,1847,6.3596
1847,149,1931,1847,4.7072
1847,150,1931,1847,6.8627
1847,151,1931,1847,4.7516
1847,152,1931,1847,6.8442
1847,153,1931,1847,4.8832
1847,154,1931,1847,4.4497
1847,155,1931,1847,6.7717
1847,156,1931,1847,4.6654
1847,157,1931,1847,4.7592
1847,158,1931,1847,6.8821
1847,159,1931,1847,4.857
1847,160,1931,1847,4.5429
1847,161,1931,1847,4.6804
1847,162,1931,1847,6.8517
1847,163,1931,1847,6.5029
1847,165,1931,1847,6.7979
1847,166,1931,1847,4.892
1847,167,1931,1847,4.6271
1847,169,1931,1847,4.5785
1847,170,1931,1847,4.61
1847,171,1931,1847,4.8706
1847,172,1931,1847,4.8942
1847,173,1931,1847,4.6802
1847,174,1931,1847,6.707
1847,175,1931,1847,7.3111
1847,178,1931,1847,4.9202
1847,179,1931,1847,4.987
1847,181,1883,1847,4.8338
1847,182,1931,1847,4.7851
1847,183,1931,1847,6.844
1847,184,1931,1847,4.7348
1847,186,1931,1847,4.7045
1847,187,1931,1847,4.7419
1847,188,1931,1847,4.7504
1847,189,1931,1847,6.6433
1847,190,1931,1847,4.7236
1847,191,1931,1847,4.5966
1847,192,1931,1847,4.6147
1847,193,1931,1847,4.6635
1847,194,1931,1847,6.3411
1847,196,1931,1847,4.8465
1847,197,1931,1847,7.111
1847,199,1931,1847,4.7775
1853,51,1851,1853,3.1422
1853,197,1901,1853,2.8584
1861,8,1872,1861,4.5324
1861,26,1872,1861,4.3973
1861,56,1872,1861,4.8004
1861,75,1893,1861,4.4195
1861,85,1893,1861,3.9627
1861,90,1872,1861,4.5867
1861,93,1893,1861,4.5836
1861,94,1893,1861,4.2572
1861,105,1893,1861,4.5269
1861,122,1872,1861,4.7186
1861,123,1893,1861,7.7318
1861,127,1893,1861,7.4288
1861,131,1893,1861,4.5436
1861,147,1893,1861,4.5175
1861,149,1872,1861,4.3741
1861,151,1872,1861,4.4826
1861,168,1893,1861,7.6576
1861,172,1893,1861,7.4524
1861,181,1893,1861,4.526
1861,185,1893,1861,4.6288
1861,186,1893,1861,7.5682
1861,189,1893,1861,7.0371
1861,196,1893,1861,4.8922
1870,18,1880,1870,2.8409
1870,96,1880,1870,2.9406
1870,126,1880,1870,2.8301
1872,0,1893,1872,4.9134
1872,1,1893,1872,4.7344
1872,2,1893,1872,4.4003
1872,3,1893,1872,5.0526
1872,4,1893,1872,4.6757
1872,5,1893,1872,5.1302
1872,6,1893,1872,4.6978
1872,7,1893,1872,4.94
1872,8,1893,1872,4.4498
1872,9,1893,1872,4.8365
1872,10,1893,1872,4.9177
1872,11,1893,1872,4.6212
1872,12,1893,1872,4.8846
1872,13,1893,1872,4.7279
1872,14,1893,1872,4.9434
1872,15,1893,1872,4.6653
1872,16,1893,1872,4.5291
1872,17,1893,1872,4.3665
1872,18,1893,1872,4.7149
1872,19,1893,1872,4.755
1872,20,1893,1872,4.6208
1872,21,1893,1872,4.9744
1872,22,1893,1872,4.6021
1872,23,1893,1872,4.8334
1872,24,1893,1872,4.8122
1872,25,1893,1872,4.888
1872,26,1893,1872,4.7033
1872,27,1893,1872,4.7243
1872,28,1893,1872,4.73
1872,29,1893,1872,4.9285
1872,30,1893,1872,4.5801
1872,31,1893,1872,5.0481
1872,32,1893,1872,4.8534
1872,33,1893,1872,6.4488
1872,34,1893,1872,4.8612
1872,35,1893,1872,4.6305
1872,36,1893,1872,4.7226
1872,37,1893,1872,4.3873
1872,38,1893,1872,5.0025
1872,39,1893,1872,4.537
1872,40,1893,1872,4.9465
1872,41,1893,1872,4.8433
1872,42,1893,1872,4.8179
1872,43,1893,1872,4.9775
1872,44,1893,1872,4.4902
1872,45,1893,1872,4.8131
1872,46,1893,1872,4.5081
1872,47,1893,1872,4.8708
1872,48,1893,1872,4.8448
1872,49,1893,1872,4.7573
1872,50,1893,1872,4.8955
1872,51,1893,1872,4.8974
1872,52,1893,1872,4.8185
1872,53,1893,1872,4.7582
1872,54,1893,1872,4.6884
1872,55,1893,1872,4.8246
1872,56,1893,1872,4.8804
1872,57,1893,1872,4.7586
1872,58,1893,1872,4.8905
1872,59,1893,1872,4.7451
1872,60,1893,1872,4.9656
1872,62,1893,1872,4.91
1872,63,1893,1872,4.7699
1872,64,1893,1872,4.9239
1872,65,1893,1872,4.7495
1872,66,1893,1872,4.6282
1872,68,1833,1872,12.0766
1872,68,1893,1872,4.605
1872,69,1893,1872,5.1315
1872,70,1833,1872,13.0007
1872,70,1893,1872,5.1823
1872,71,1893,1872,4.8058
1872,72,1893,1872,4.6253
1872,73,1893,1872,4.6487
1872,74,1893,1872,4.5411
1872,75,1893,1872,4.7755
1872,76,1893,1872,4.7068
1872,77,1893,1872,4.7021
1872,78,1893,1872,4.5965
1872,79,1893,1872,4.663
1872,80,1893,1872,4.8418
1872,81,1893,1872,4.9491
1872,82,1893,1872,4.7888
1872,83,1893,1872,4.7262
1872,84,1893,1872,4.8538
1872,85,1893,1872,5.0906
1872,86,1833,1872,12.1319
1872,86,1893,1872,4.8238
1872,87,1893,1872,4.9177
1872,88,1893,1872,4.7487
1872,89,1893,1872,4.8854
1872,90,1893,1872,4.7228
1872,91,1893,1872,4.7274
1872,92,1893,1872,4.5957
1872,93,1893,1872,4.6107
1872,94,1893,1872,5.0341
1872,95,1893,1872,4.8778
1872,96,1893,1872,4.7466
1872,97,1893,1872,4.6961
1872,98,1893,1872,4.8217
1872,99,1893,1872,4.8766
1872,100,1893,1872,4.7636
1872,101,1893,1872,4.7306
1872,102,1893,1872,4.6732
1872,103,1893,1872,5.0096
1872,104,1893,1872,4.742
1872,105,1893,1872,4.6799
1872,106,1893,1872,4.6232
1872,107,1893,1872,4.8704
1872,108,1893,1872,4.5389
1872,109,1893,1872,4.9115
1872,110,1893,1872,4.6996
1872,111,1893,1872,4.7152
1872,112,1893,1872,4.9385
1872,113,1893,1872,4.8363
1872,114,1893,1872,4.6055
1872,115,1893,1872,4.8827
1872,116,1893,1872,4.4505
1872,117,1893,1872,4.7193
1872,118,1893,1872,4.7234
1872,119,1893,1872,5.0124
1872,120,1893,1872,4.7779
1872,121,1893,1872,4.5945
1872,122,1893,1872,4.8014
1872,123,1893,1872,4.5726
1872,124,1893,1872,4.7514
1872,125,1893,1872,4.7085
1872,126,1893,1872,4.865
1872,127,1893,1872,4.8283
1872,128,1893,1872,4.9628
1872,129,1893,1872,4.7192
1872,130,1893,1872,4.8277
1872,131,1893,1872,4.9115
1872,132,1893,1872,5.007
1872,133,1893,1872,4.7038
1872,134,1893,1872,4.6715
1872,135,1893,1872,4.7329
1872,136,1893,1872,4.7986
1872,137,1893,1872,4.7913
1872,138,1893,1872,4.6808
1872,139,1893,1872,4.7615
1872,140,1893,1872,4.7947
1872,141,1893,1872,4.9845
1872,142,1893,1872,4.8622
1872,143,1893,1872,4.5298
1872,144,1893,1872,4.8653
1872,145,1893,1872,4.9384
1872,146,1893,1872,4.7982
1872,147,1893,1872,4.6842
1872,148,1893,1872,4.6721
1872,149,1893,1872,4.6409
1872,150,1893,1872,6.2268
1872,151,1893,1872,4.6843
1872,152,1893,1872,4.8509
1872,153,1893,1872,4.8299
1872,154,1893,1872,4.8011
1872,155,1893,1872,4.845
1872,156,1893,1872,4.6391
1872,157,1893,1872,4.7789
1872,158,1893,1872,4.6536
1872,159,1893,1872,4.6986
1872,160,1893,1872,4.8625
1872,161,1893,1872,4.7122
1872,162,1893,1872,4.8967
1872,163,1893,1872,4.6439
1872,164,1893,1872,4.4468
1872,165,1893,1872,4.6995
1872,166,1893,1872,4.7635
1872,167,1893,1872,4.5094
1872,168,1893,1872,4.4929
1872,169,1893,1872,4.5766
1872,170,1893,1872,4.9379
1872,171,1893,1872,4.9959
1872,172,1893,1872,4.8452
1872,173,1893,1872,5.1483
1872,174,1893,1872,4.8696
1872,175,1893,1872,4.7844
1872,176,1893,1872,4.9297
1872,177,1893,1872,4.5312
1872,178,1893,1872,4.8228
1872,180,1893,1872,4.6015
1872,181,1893,1872,4.7437
1872,182,1893,1872,4.7937
1872,183,1893,1872,4.6819
1872,184,1893,1872,4.7469
1872,185,1893,1872,4.8192
1872,186,1893,1872,4.7407
1872,187,1893,1872,4.9303
1872,188,1893,1872,4.842
1872,189,1893,1872,4.6529
1872,190,1893,1872,4.7732
1872,191,1893,1872,4.913
1872,193,1893,1872,4.7803
1872,194,1893,1872,4.8521
1872,195,1893,1872,4.7894
1872,196,1893,1872,4.5849
1872,197,1893,1872,4.7887
1872,198,1893,1872,4.987
1872,199,1893,1872,5.0901
1873,17,1869,1873,4.7992
1873,31,1869,1873,4.6574
1873,32,1869,1873,4.6903
1873,61,1869,1873,4.5403
1873,63,1869,1873,4.6311
1873,98,1869,1873,4.8611
1873,116,1869,1873,4.6027
1873,126,1869,1873,4.7867
1873,143,1869,1873,4.547
1873,157,1869,1873,4.2797
1873,177,1869,1873,4.5338
1873,181,1869,1873,4.7394
1875,0,1912,1875,4.9037
1875,1,1912,1875,4.7542
1875,2,1912,1875,4.6809
1875,3,1912,1875,4.6912
1875,4,1912,1875,4.6825
1875,5,1912,1875,5.1168
1875,6,1912,1875,4.6691
1875,7,1912,1875,4.6779
1875,8,1912,1875,4.7657
1875,9,1912,1875,4.8996
1875,10,1912,1875,4.8291
1875,11,1912,1875,5.1541
1875,12,1912,1875,4.766
1875,13,1912,1875,4.572
1875,14,1912,1875,4.6429
1875,15,1912,1875,4.6205
1875,16,1912,1875,4.7049
1875,17,1912,1875,4.5161
1875,18,1912,1875,4.6774
1875,19,1912,1875,4.6791
1875,20,1912,1875,5.0898
1875,21,1912,1875,4.871
1875,22,1912,1875,4.6771
1875,23,1912,1875,4.6111
1875,24,1912,1875,4.2834
1875,25,1912,1875,4.8851
1875,26,1912,1875,4.5815
1875,27,1912,1875,4.533
1875,28,1912,1875,4.8539
1875,29,1912,1875,4.6423
1875,30,1912,1875,4.8429
1875,31,1912,1875,4.6686
1875,32,1912,1875,4.7434
1875,33,1912,1875,4.7796
1875,34,1912,1875,4.772
1875,35,1912,1875,4.5635
1875,36,1912,1875,4.6654
1875,37,1912,1875,4.9627
1875,38,1912,1875,4.827
1875,39,1912,1875,4.6711
1875,40,1912,1875,4.5028
1875,41,1912,1875,4.6815
1875,42,1912,1875,4.9161
1875,43,1912,1875,4.9407
1875,44,1912,1875,4.7891
1875,45,1912,1875,4.745
1875,46,1912,1875,4.5105
1875,47,1912,1875,4.5036
1875,48,1912,1875,4.4176
1875,49,1912,1875,4.8213
1875,50,1912,1875,4.8623
1875,51,1912,1875,4.8244
1875,52,1912,1875,4.7795
1875,53,1912,1875,4.6867
1875,54,1912,1875,4.7981
1875,55,1912,1875,4.6516
1875,56,1912,1875,4.6837
1875,57,1912,1875,4.5329
1875,58,1912,1875,4.8711
1875,59,1912,1875,4.7304
1875,60,1912,1875,4.8586
1875,61,1912,1875,4.8508
1875,62,1912,1875,4.6964
1875,63,1912,1875,4.724
1875,64,1912,1875,4.8667
1875,65,1912,1875,4.8348
1875,66,1912,1875,4.7716
1875,67,1912,1875,4.53
1875,68,1912,1875,4.752
1875,69,1912,1875,4.6256
1875,70,1912,1875,4.7207
1875,71,1912,1875,4.758
1875,72,1912,1875,4.4521
1875,73,1912,1875,4.7043
1875,74,1912,1875,4.9295
1875,75,1912,1875,4.6445
1875,76,1912,1875,4.8056
1875,77,1912,1875,4.6738
1875,78,1912,1875,4.5957
1875,79,1912,1875,4.9094
1875,80,1912,1875,4.6735
1875,81,1912,1875,4.8616
1875,82,1912,1875,4.6921
1875,83,1912,1875,4.494
1875,84,1912,1875,4.692
1875,85,1912,1875,4.64
1875,86,1912,1875,5.055
1875,88,1912,1875,4.6592
1875,89,1912,1875,4.8011
1875,90,1912,1875,4.6895
1875,91,1912,1875,4.6827
1875,92,1912,1875,4.8406
1875,93,1912,1875,4.9278
1875,94,1912,1875,5.0457
1875,95,1912,1875,4.9857
1875,96,1912,1875,4.5183
1875,97,1912,1875,4.3255
1875,98,1912,1875,5.0283
1875,99,1912,1875,4.6846
1875,100,1912,1875,5.0663
1875,101,1912,1875,5.0323
1875,102,1912,1875,4.7862
1875,103,1912,1875,4.4054
1875,104,1912,1875,4.722
1875,105,1912,1875,4.6229
1875,106,1912,1875,4.7681
1875,107,1912,1875,4.7849
1875,108,1912,1875,5.2148
1875,109,1912,1875,4.7252
1875,110,1912,1875,4.8261
1875,111,1912,1875,4.7697
1875,112,1912,1875,4.7979
1875,113,1912,1875,4.8635
1875,114,1912,1875,4.4881
1875,115,1912,1875,4.5527
1875,116,1912,1875,4.7268
1875,117,1912,1875,5.1391
1875,118,1912,1875,4.8473
1875,119,1912,1875,4.4221
1875,120,1912,1875,4.6761
1875,121,1912,1875,4.5624
1875,122,1912,1875,4.6386
1875,123,1912,1875,4.6299
1875,124,1912,1875,4.538
1875,125,1912,1875,4.6908
1875,126,1912,1875,4.6888
1875,127,1912,1875,5.0408
1875,128,1912,1875,4.7803
1875,129,1912,1875,4.8616
1875,130,1912,1875,4.9693
1875,131,1912,1875,4.7892
1875,132,1912,1875,5.0204
1875,133,1912,1875,4.6107
1875,134,1912,1875,4.7392
1875,135,1912,1875,4.3204
1875,136,1912,1875,4.9286
1875,137,1912,1875,4.9207
1875,138,1912,1875,4.5623
1875,139,1912,1875,4.6772
1875,140,1912,1875,4.5869
1875,141,1912,1875,4.8074
1875,142,1912,1875,4.4628
1875,143,1912,1875,4.8869
1875,144,1912,1875,4.5862
1875,145,1912,1875,4.7016
1875,146,1912,1875,4.4965
1875,147,1912,1875,5.0941
1875,148,1912,1875,4.4408
1875,149,1912,1875,4.729
1875,150,1912,1875,4.8952
1875,151,1912,1875,4.927
1875,152,1912,1875,4.8247
1875,153,1912,1875,4.5242
1875,154,1912,1875,4.455
1875,155,1912,1875,4.4931
1875,156,1912,1875,4.8529
1875,157,1912,1875,4.6247
1875,158,1912,1875,4.8053
1875,159,1912,1875,4.3759
1875,160,1912,1875,4.5383
1875,161,1912,1875,4.8409
1875,162,1912,1875,4.633
1875,163,1912,1875,4.5948
1875,164,1912,1875,4.4757
1875,165,1912,1875,4.476
1875,166,1912,1875,4.644
1875,167,1912,1875,4.3748
1875,168,1912,1875,4.4004
1875,169,1912,1875,4.9051
1875,170,1912,1875,4.6138
1875,171,1912,1875,4.7683
1875,172,1912,1875,4.5934
1875,173,1912,1875,4.6767
1875,174,1912,1875,4.5434
1875,175,1912,1875,4.6945
1875,176,1912,1875,4.529
1875,177,1912,1875,4.864
1875,178,1912,1875,4.7191
1875,179,1912,1875,4.4811
1875,180,1912,1875,4.7174
1875,181,1912,1875,4.4004
1875,182,1912,1875,4.9354
1875,183,1912,1875,4.6033
1875,184,1912,1875,4.4871
1875,185,1912,1875,4.7517
1875,186,1912,1875,4.6468
1875,187,1912,1875,4.7042
1875,188,1912,1875,4.6745
1875,189,1912,1875,4.905
1875,190,1912,1875,4.7029
1875,191,1912,1875,4.5438
1875,192,1912,1875,4.5991
1875,193,1912,1875,4.6641
1875,194,1912,1875,4.7819
1875,195,1912,1875,4.6017
1875,196,1912,1875,4.595
1875,197,1912,1875,4.8233
1875,198,1912,1875,4.9051
1875,199,1912,1875,4.5921
1877,0,1902,1877,4.5583
1877,1,1902,1877,4.4692
1877,2,1902,1877,4.6319
1877,3,1902,1877,4.5359
1877,4,1902,1877,4.6377
1877,6,1902,1877,4.6182
1877,7,1902,1877,4.9302
1877,8,1902,1877,4.648
1877,9,1902,1877,4.5616
1877,10,1902,1877,4.7789
1877,11,1902,1877,4.6257
1877,12,1902,1877,4.4987
1877,13,1902,1877,4.6556
1877,14,1902,1877,4.6566
1877,15,1902,1877,4.6457
1877,16,1902,1877,4.6551
1877,17,1902,1877,4.5668
1877,19,1902,1877,4.7103
1877,20,1902,1877,4.6998
1877,21,1902,1877,4.632
1877,23,1902,1877,4.5415
1877,24,1902,1877,4.7713
1877,25,1902,1877,4.4983
1877,26,1902,1877,4.7626
1877,27,1902,1877,4.6043
1877,28,1902,1877,4.6574
1877,29,1902,1877,4.4965
1877,30,1902,1877,4.6764
1877,31,1902,1877,4.7709
1877,32,1902,1877,4.6499
1877,33,1902,1877,4.5011
1877,34,1902,1877,4.6845
1877,35,1902,1877,4.7323
1877,36,1902,1877,3.1252
1877,37,1902,1877,4.4974
1877,38,1902,1877,4.6488
1877,39,1902,1877,4.6752
1877,40,1902,1877,4.655
1877,41,1902,1877,4.6932
1877,42,1902,1877,4.5484
1877,43,1902,1877,4.5224
1877,44,1902,1877,4.6065
1877,45,1902,1877,4.843
1877,46,1902,1877,4.712
1877,47,1902,1877,4.7641
1877,48,1902,1877,4.7161
1877,49,1902,1877,4.7001
1877,50,1902,1877,4.1682
1877,51,1902,1877,4.2802
1877,52,1902,1877,4.6248
1877,53,1902,1877,4.832
1877,54,1902,1877,4.6954
1877,55,1902,1877,4.5986
1877,56,1902,1877,4.637
1877,57,1902,1877,4.7717
1877,58,1902,1877,4.6496
1877,59,1902,1877,4.5203
1877,60,1902,1877,4.6337
1877,61,1902,1877,3.404
1877,62,1902,1877,4.6244
1877,63,1902,1877,4.5756
1877,64,1902,1877,4.5781
1877,65,1902,1877,4.6481
1877,66,1902,1877,4.5113
1877,67,1902,1877,4.5951
1877,68,1902,1877,4.4255
1877,69,1902,1877,4.4751
1877,70,1902,1877,4.6031
1877,71,1902,1877,4.7286
1877,72,1902,1877,4.7158
1877,73,1902,1877,4.7402
1877,74,1902,1877,4.638
1877,75,1902,1877,4.5654
1877,76,1902,1877,4.5855
1877,77,1902,1877,4.7768
1877,78,1902,1877,4.6299
1877,79,1902,1877,3.2765
1877,80,1902,1877,4.4194
1877,81,1902,1877,4.6257
1877,82,1902,1877,4.5211
1877,83,1902,1877,4.6022
1877,84,1902,1877,4.2892
1877,85,1902,1877,4.6938
1877,86,1902,1877,4.1462
1877,87,1902,1877,4.7243
1877,88,1902,1877,4.7109
1877,89,1902,1877,4.6467
1877,90,1902,1877,4.5067
1877,91,1902,1877,4.711
1877,92,1902,1877,4.5842
1877,93,1902,1877,4.6425
1877,94,1902,1877,4.5918
1877,95,1902,1877,4.5864
1877,96,1902,1877,4.6111
1877,97,1902,1877,4.6084
1877,98,1902,1877,4.4847
1877,99,1902,1877,4.5242
1877,100,1902,1877,4.5908
1877,101,1902,1877,4.6797
1877,102,1902,1877,4.6056
1877,102,1934,1877,8.3228
1877,103,1902,1877,4.704
1877,104,1902,1877,4.5875
1877,105,1902,1877,4.6337
1877,106,1902,1877,4.6371
1877,107,1902,1877,4.7091
1877,108,1902,1877,4.666
1877,110,1902,1877,4.5723
1877,111,1902,1877,4.4981
1877,112,1902,1877,4.6586
1877,113,1902,1877,4.6186
1877,114,1902,1877,4.8765
1877,115,1902,1877,4.5607
1877,116,1902,1877,4.7284
1877,117,1902,1877,4.4885
1877,118,1902,1877,4.7165
1877,119,1902,1877,4.6825
1877,120,1902,1877,4.8038
1877,121,1902,1877,4.6775
1877,122,1902,1877,4.6134
1877,123,1902,1877,4.4774
1877,124,1902,1877,4.7193
1877,125,1902,1877,4.6616
1877,126,1902,1877,4.6116
1877,127,1902,1877,4.7126
1877,128,1902,1877,4.5135
1877,129,1902,1877,4.6363
1877,130,1902,1877,4.8369
1877,131,1902,1877,4.5934
1877,132,1902,1877,4.6194
1877,133,1902,1877,4.7399
1877,134,1902,1877,4.731
1877,135,1902,1877,4.6241
1877,137,1902,1877,4.6707
1877,138,1902,1877,4.5174
1877,139,1902,1877,4.7261
1877,141,1902,1877,4.7684
1877,142,1902,1877,4.5078
1877,143,1902,1877,4.5693
1877,144,1902,1877,4.7083
1877,145,1902,1877,4.4123
1877,147,1902,1877,4.5538
1877,148,1902,1877,4.5774
1877,149,1902,1877,4.6162
1877,150,1902,1877,4.7658
1877,151,1902,1877,4.3653
1877,152,1902,1877,4.6387
1877,153,1902,1877,4.7961
1877,156,1902,1877,4.7509
1877,157,1902,1877,4.4449
1877,158,1902,1877,4.6581
1877,159,1902,1877,4.7895
1877,160,1902,1877,4.6802
1877,161,1902,1877,3.2238
1877,162,1902,1877,4.6429
1877,163,1902,1877,4.88
1877,164,1902,1877,4.7869
1877,166,1902,1877,4.7281
1877,167,1902,1877,4.7881
1877,168,1902,1877,4.6246
1877,169,1902,1877,4.3449
1877,172,1902,1877,4.8048
1877,173,1902,1877,4.707
1877,174,1902,1877,4.8776
1877,175,1902,1877,4.7318
1877,176,1902,1877,4.7762
1877,177,1902,1877,4.532
1877,178,1902,1877,4.6132
1877,180,1902,1877,4.6003
1877,182,1902,1877,3.1553
1877,183,1902,1877,4.6077
1877,184,1902,1877,4.7148
1877,185,1902,1877,4.7097
1877,186,1902,1877,4.7101
1877,187,1902,1877,4.5746
1877,189,1902,1877,4.5875
1877,190,1902,1877,4.6896
1877,191,1902,1877,4.9553
1877,192,1902,1877,4.4448
1877,194,1902,1877,4.6516
1877,195,1902,1877,4.6932
1877,196,1902,1877,4.8866
1877,197,1902,1877,4.6915
1877,198,1902,1877,4.4059
1877,199,1902,1877,4.7869
1883,0,1931,1883,4.2603
1883,1,1931,1883,4.6863
1883,2,1931,1883,4.4949
1883,4,1931,1883,4.3139
1883,6,1931,1883,4.2877
1883,7,1931,1883,4.4299
1883,10,1931,1883,4.4857
1883,13,1931,1883,4.4837
1883,15,1931,1883,4.431
1883,16,1931,1883,4.3058
1883,19,1931,1883,4.3031
1883,21,1931,1883,4.2625
1883,24,1931,1883,4.5521
1883,26,1931,1883,4.4405
1883,28,1931,1883,4.6638
1883,29,1931,1883,4.3153
1883,32,1931,1883,4.6224
1883,33,1931,1883,4.3712
1883,34,1931,1883,4.3851
1883,36,1931,1883,4.5147
1883,37,1931,1883,4.4937
1883,38,1931,1883,4.2457
1883,41,1931,1883,4.3446
1883,43,1931,1883,4.3688
1883,49,1931,1883,4.5031
1883,50,1931,1883,4.5049
1883,52,1931,1883,4.4816
1883,53,1931,1883,4.3277
1883,55,1931,1883,4.3227
1883,56,1931,1883,4.5027
1883,58,1931,1883,4.301
1883,59,1931,1883,4.5956
1883,60,1931,1883,4.4093
1883,61,1931,1883,4.368
1883,64,1931,1883,4.5482
1883,66,1931,1883,4.5045
1883,68,1931,1883,4.426
1883,73,1931,1883,4.278
1883,76,1931,1883,4.3883
1883,78,1931,1883,4.4497
1883,79,1931,1883,4.523
1883,80,1931,1883,4.4445
1883,81,1931,1883,4.6465
1883,82,1931,1883,4.4527
1883,83,1931,1883,4.4089
1883,84,1931,1883,4.5973
1883,85,1931,1883,4.3878
1883,86,1931,1883,4.5511
1883,87,1931,1883,4.5423
1883,88,1931,1883,4.3726
1883,89,1931,1883,4.3303
1883,91,1931,1883,4.3716
1883,97,1931,1883,4.3876
1883,99,1931,1883,4.4335
1883,100,1931,1883,4.2249
1883,101,1931,1883,4.4392
1883,104,1931,1883,4.4929
1883,105,1931,1883,4.6376
1883,106,1931,1883,4.4563
1883,107,1931,1883,4.3779
1883,108,1931,1883,4.3933
1883,110,1931,1883,4.6583
1883,112,1931,1883,4.5251
1883,115,1931,1883,4.4918
1883,116,1931,1883,4.2811
1883,119,1931,1883,4.6171
1883,124,1931,1883,4.6447
1883,129,1931,1883,4.4818
1883,133,1931,1883,4.4507
1883,134,1931,1883,4.3883
1883,142,1931,1883,4.3391
1883,145,1931,1883,4.4106
1883,147,1931,1883,4.477
1883,149,1931,1883,4.412
1883,151,1931,1883,4.465
1883,152,1931,1883,4.3219
1883,155,1931,1883,4.5121
1883,164,1931,1883,4.2833
1883,165,1931,1883,4.4636
1883,168,1931,1883,4.4836
1883,169,1931,1883,4.3863
1883,171,1931,1883,4.4538
1883,172,1931,1883,4.6517
1883,174,1931,1883,4.2279
1883,175,1931,1883,4.67
1883,176,1931,1883,4.4129
1883,178,1931,1883,4.3013
1883,179,1931,1883,4.4011
1883,180,1931,1883,4.3024
1883,186,1931,1883,4.2975
1883,188,1931,1883,4.407
1890,77,1860,1890,4.4323
1890,182,1860,1890,4.7744
1893,18,1872,1893,4.7856
1893,38,1872,1893,4.7363
1893,48,1872,1893,4.5814
1893,66,1872,1893,4.7749
1893,85,1872,1893,4.9349
1893,86,1872,1893,4.3411
1893,97,1872,1893,4.7078
1893,100,1872,1893,4.7667
1893,107,1872,1893,4.5999
1893,114,1872,1893,4.6657
1893,122,1872,1893,4.7564
1893,131,1872,1893,4.797
1893,132,1872,1893,5.1816
1893,143,1872,1893,4.8347
1893,147,1872,1893,4.844
1893,151,1872,1893,4.6326
1893,157,1872,1893,4.5188
1893,159,1872,1893,4.6976
1893,169,1872,1893,4.6835
1893,174,1872,1893,4.456
1893,178,1872,1893,4.703
1893,188,1872,1893,4.7059
1893,189,1872,1893,4.7146
1893,192,1872,1893,4.5658
1893,196,1872,1893,4.6227
1860,14,1920,1860,3.1808
1860,16,1830,1860,7.0834
1860,41,1830,1860,6.8441
1860,47,1830,1860,6.7679
1860,53,1830,1860,6.8751
1860,57,1920,1860,3.053
1860,63,1920,1860,3.044
1860,64,1830,1860,7.1746
1860,78,1830,1860,6.8785
1860,80,1830,1860,6.7169
1860,85,1830,1860,7.0729
1860,93,1920,1860,3.0358
1860,101,1830,1860,6.8293
1860,118,1830,1860,7.1863
1860,124,1830,1860,7.3842
1860,130,1830,1860,7.5424
1860,132,1830,1860,6.8077
1860,140,1830,1860,7.1438
1860,158,1830,1860,7.1877
1860,189,1830,1860,7.2056
1860,191,1830,1860,6.7364
1860,195,1830,1860,6.9586
1860,199,1830,1860,6.9004
1896,0,1926,1896,6.318
1896,1,1926,1896,6.5049
1896,2,1926,1896,6.0751
1896,3,1926,1896,6.2435
1896,4,1926,1896,6.2273
1896,5,1926,1896,6.1795
1896,7,1926,1896,5.7967
1896,8,1926,1896,6.0894
1896,9,1926,1896,6.3693
1896,10,1926,1896,6.1505
1896,12,1926,1896,6.0608
1896,13,1926,1896,6.1805
1896,14,1926,1896,6.2775
1896,16,1926,1896,5.9283
1896,17,1926,1896,6.5425
1896,18,1926,1896,6.0821
1896,20,1926,1896,6.0247
1896,21,1926,1896,6.611
1896,22,1926,1896,6.1875
1896,24,1926,1896,6.2155
1896,25,1926,1896,5.8872
1896,28,1926,1896,6.1359
1896,30,1926,1896,5.7378
1896,32,1926,1896,6.0224
1896,33,1926,1896,6.0965
1896,36,1926,1896,6.2324
1896,37,1926,1896,6.3127
1896,39,1926,1896,6.1777
1896,41,1926,1896,5.8993
1896,42,1926,1896,6.2652
1896,43,1926,1896,6.3078
1896,44,1926,1896,6.0326
1896,46,1926,1896,6.2511
1896,49,1926,1896,5.885
1896,51,1926,1896,6.4446
1896,53,1926,1896,6.0634
1896,55,1926,1896,6.2316
1896,56,1926,1896,5.9599
1896,57,1926,1896,6.0827
1896,58,1926,1896,6.6795
1896,59,1926,1896,6.3786
1896,60,1926,1896,6.6998
1896,62,1926,1896,6.187
1896,63,1831,1896,4.8485
1896,64,1831,1896,4.2788
1896,65,1926,1896,6.2701
1896,67,1926,1896,6.6733
1896,68,1831,1896,4.6694
1896,70,1926,1896,6.3811
1896,71,1926,1896,5.9135
1896,72,1831,1896,4.6995
1896,75,1831,1896,4.9049
1896,77,1831,1896,4.7622
1896,78,1831,1896,5.2192
1896,79,1831,1896,5.2281
1896,80,1831,1896,4.3489
1896,82,1831,1896,4.9148
1896,83,1926,1896,6.0922
1896,84,1831,1896,5.3312
1896,85,1831,1896,5.2368
1896,87,1926,1896,6.2195
1896,88,1831,1896,5.057
1896,89,1926,1896,7.1531
1896,91,1831,1896,5.4053
1896,92,1831,1896,4.8901
1896,93,1831,1896,4.5476
1896,96,1831,1896,5.0909
1896,97,1831,1896,4.9884
1896,98,1831,1896,5.072
1896,99,1831,1896,5.1252
1896,100,1831,1896,4.3469
1896,101,1831,1896,5.3141
1896,102,1926,1896,5.95
1896,103,1831,1896,4.8377
1896,104,1831,1896,4.7815
1896,105,1831,1896,4.3945
1896,106,1831,1896,4.8308
1896,107,1831,1896,4.7296
1896,109,1831,1896,5.254
1896,110,1831,1896,4.8752
1896,112,1831,1896,4.6693
1896,113,1831,1896,4.6688
1896,114,1831,1896,4.9766
1896,115,1831,1896,4.7747
1896,116,1831,1896,4.6262
1896,117,1831,1896,4.9267
1896,118,1831,1896,4.815
1896,119,1831,1896,4.4535
1896,120,1831,1896,4.7022
1896,121,1831,1896,4.6774
1896,123,1831,1896,4.6533
1896,124,1831,1896,4.7806
1896,125,1831,1896,4.3773
1896,126,1831,1896,4.948
1896,127,1831,1896,4.702
1896,128,1831,1896,4.8884
1896,130,1831,1896,4.7636
1896,131,1926,1896,6.2919
1896,132,1831,1896,5.0511
1896,134,1831,1896,5.4612
1896,135,1831,1896,4.8302
1896,136,1831,1896,4.8449
1896,137,1926,1896,6.152
1896,140,1831,1896,4.8537
1896,141,1831,1896,4.774
1896,142,1831,1896,4.6365
1896,143,1926,1896,6.4977
1896,144,1831,1896,4.5587
1896,145,1831,1896,4.5749
1896,146,1831,1896,4.8224
1896,147,1831,1896,3.9365
1896,150,1831,1896,4.7296
1896,151,1831,1896,4.9451
1896,152,1831,1896,4.987
1896,154,1831,1896,4.7619
1896,155,1831,1896,4.8597
1896,156,1831,1896,4.8494
1896,157,1926,1896,6.0995
1896,159,1831,1896,4.9223
1896,160,1926,1896,6.4275
1896,161,1831,1896,4.8765
1896,162,1831,1896,4.7812
1896,163,1831,1896,4.8417
1896,164,1831,1896,5.3813
1896,165,1831,1896,4.8876
1896,166,1831,1896,5.2226
1896,167,1831,1896,4.9169
1896,168,1831,1896,4.821
1896,169,1831,1896,5.1682
1896,170,1831,1896,4.9514
1896,171,1831,1896,5.212
1896,172,1831,1896,4.6612
1896,173,1831,1896,4.8877
1896,174,1831,1896,4.8459
1896,175,1831,1896,4.8434
1896,176,1831,1896,5.1038
1896,177,1831,1896,4.9977
1896,178,1831,1896,4.9399
1896,179,1831,1896,4.842
1896,180,1831,1896,4.9224
1896,181,1831,1896,4.9881
1896,182,1831,1896,5.2329
1896,183,1831,1896,4.7063
1896,184,1831,1896,4.84
1896,186,1926,1896,5.929
1896,187,1831,1896,4.6862
1896,190,1831,1896,4.6802
1896,191,1831,1896,4.2442
1896,192,1831,1896,4.6835
1896,193,1831,1896,5.4817
1896,194,1831,1896,4.847
1896,195,1831,1896,4.7452
1896,196,1831,1896,4.7026
1896,197,1831,1896,4.8653
1896,198,1831,1896,4.7179
1896,199,1831,1896,4.9694
1902,0,1836,1902,3.7915
1902,1,1836,1902,3.6412
1902,2,1836,1902,3.5868
1902,3,1836,1902,3.9934
1902,4,1836,1902,3.2737
1902,5,1836,1902,3.4316
1902,6,1836,1902,3.6252
1902,7,1836,1902,3.6467
1902,8,1836,1902,3.8474
1902,9,1836,1902,3.6771
1902,10,1836,1902,3.8055
1902,11,1836,1902,3.7885
1902,12,1836,1902,3.3962
1902,13,1836,1902,3.2816
1902,14,1836,1902,4.6723
1902,15,1836,1902,3.3532
1902,16,1836,1902,4.3691
1902,17,1836,1902,3.6986
1902,18,1836,1902,3.8255
1902,19,1836,1902,3.5236
1902,20,1836,1902,3.4889
1902,21,1836,1902,3.2514
1902,22,1836,1902,4.0657
1902,23,1836,1902,3.6284
1902,24,1836,1902,3.8967
1902,25,1836,1902,3.9478
1902,26,1836,1902,3.6865
1902,27,1836,1902,3.3528
1902,28,1836,1902,4.3117
1902,29,1836,1902,3.7414
1902,30,1836,1902,4.2137
1902,31,1836,1902,3.8669
1902,32,1836,1902,3.5916
1902,33,1836,1902,4.04
1902,34,1836,1902,3.5715
1902,35,1836,1902,4.1885
1902,36,1836,1902,3.5183
1902,37,1836,1902,4.0334
1902,38,1836,1902,3.7222
1902,39,1836,1902,3.926
1902,40,1836,1902,4.0671
1902,41,1836,1902,3.3341
1902,42,1836,1902,3.3052
1902,43,1836,1902,3.4785
1902,44,1836,1902,3.7143
1902,45,1836,1902,4.4232
1902,46,1836,1902,3.7731
1902,47,1836,1902,3.6841
1902,48,1836,1902,3.8391
1902,49,1836,1902,3.9373
1902,50,1836,1902,3.6809
1902,51,1836,1902,4.7121
1902,52,1836,1902,3.8993
1902,53,1836,1902,3.6352
1902,54,1836,1902,3.5371
1902,55,1836,1902,3.7222
1902,56,1836,1902,3.7088
1902,57,1836,1902,3.6169
1902,58,1836,1902,4.0508
1902,59,1836,1902,4.261
1902,60,1836,1902,3.7895
1902,61,1836,1902,3.5646
1902,62,1836,1902,3.6087
1902,63,1836,1902,4.2898
1902,64,1836,1902,3.9769
1902,65,1836,1902,4.0591
1902,66,1836,1902,3.5154
1902,67,1836,1902,3.3693
1902,69,1836,1902,3.6157
1902,70,1836,1902,4.7473
1902,71,1836,1902,3.5991
1902,72,1836,1902,3.8623
1902,73,1836,1902,3.6347
1902,74,1836,1902,4.2393
1902,75,1836,1902,4.3753
1902,76,1836,1902,3.6875
1902,77,1836,1902,3.5041
1902,78,1836,1902,3.5004
1902,79,1836,1902,3.621
1902,80,1836,1902,3.3925
1902,81,1836,1902,3.883
1902,82,1836,1902,3.6823
1902,83,1836,1902,4.0701
1902,84,1836,1902,3.5349
1902,85,1836,1902,3.9552
1902,87,1836,1902,3.7941
1902,88,1836,1902,3.9103
1902,89,1836,1902,3.9708
1902,90,1836,1902,3.4422
1902,91,1836,1902,3.7381
1902,92,1836,1902,3.7072
1902,93,1836,1902,3.7466
1902,94,1836,1902,3.4746
1902,95,1836,1902,3.6063
1902,96,1836,1902,3.5541
1902,97,1836,1902,3.4654
1902,98,1836,1902,4.4239
1902,99,1836,1902,3.9083
1902,100,1836,1902,3.9338
1902,101,1836,1902,3.2585
1902,102,1836,1902,3.523
1902,103,1836,1902,3.9378
1902,104,1836,1902,4.4547
1902,105,1836,1902,3.5276
1902,106,1836,1902,3.2591
1902,107,1836,1902,3.4096
1902,108,1836,1902,3.5723
1902,109,1836,1902,3.6964
1902,110,1836,1902,3.638
1902,111,1836,1902,3.372
1902,112,1836,1902,4.1115
1902,113,1836,1902,3.5996
1902,114,1836,1902,3.8632
1902,115,1836,1902,3.2851
1902,116,1836,1902,3.7233
1902,117,1836,1902,3.5063
1902,118,1836,1902,3.4362
1902,119,1836,1902,3.7703
1902,121,1836,1902,3.5277
1902,122,1836,1902,4.0091
1902,123,1836,1902,3.9338
1902,124,1836,1902,3.3523
1902,125,1836,1902,3.6905
1902,126,1836,1902,3.9806
1902,127,1836,1902,4.3114
1902,128,1836,1902,3.4822
1902,129,1836,1902,4.0645
1902,130,1836,1902,3.6059
1902,132,1836,1902,4.7039
1902,133,1836,1902,3.9452
1902,134,1836,1902,3.5676
1902,135,1836,1902,3.5877
1902,136,1836,1902,4.2333
1902,137,1836,1902,3.8113
1902,138,1836,1902,3.6302
1902,139,1836,1902,3.5158
1902,140,1836,1902,3.6674
1902,141,1836,1902,3.6341
1902,142,1836,1902,4.0651
1902,144,1836,1902,3.1813
1902,145,1836,1902,3.9993
1902,146,1836,1902,3.4615
1902,147,1836,1902,3.5487
1902,148,1836,1902,4.0589
1902,149,1836,1902,3.4421
1902,150,1836,1902,3.5181
1902,151,1836,1902,4.0176
1902,152,1836,1902,3.5772
1902,153,1836,1902,4.0956
1902,154,1836,1902,3.554
1902,155,1836,1902,3.6956
1902,156,1836,1902,4.1857
1902,157,1836,1902,3.3536
1902,158,1836,1902,4.1809
1902,159,1836,1902,3.9449
1902,160,1836,1902,3.4016
1902,161,1836,1902,4.0744
1902,162,1836,1902,3.7224
1902,163,1836,1902,3.9158
1902,164,1836,1902,3.2571
1902,165,1836,1902,4.713
1902,166,1836,1902,3.4801
1902,167,1836,1902,3.3589
1902,168,1836,1902,3.5333
1902,169,1836,1902,3.6948
1902,170,1836,1902,3.3294
1902,171,1836,1902,3.8992
1902,172,1836,1902,4.266
1902,173,1836,1902,3.4496
1902,174,1836,1902,3.2746
1902,175,1836,1902,3.8641
1902,177,1836,1902,3.7557
1902,178,1836,1902,3.7434
1902,179,1836,1902,4.0514
1902,180,1836,1902,3.6044
1902,181,1836,1902,3.765
1902,182,1836,1902,3.4918
1902,183,1836,1902,3.7106
1902,185,1836,1902,3.5849
1902,186,1836,1902,3.7248
1902,187,1836,1902,4.1177
1902,188,1836,1902,3.5251
1902,189,1836,1902,3.5589
1902,190,1836,1902,3.745
1902,191,1836,1902,3.4734
1902,192,1836,1902,3.4624
1902,193,1836,1902,4.6149
1902,194,1836,1902,3.5566
1902,195,1836,1902,3.7596
1902,196,1836,1902,3.7862
1902,196,1845,1902,25.1609
1902,197,1836,1902,3.5759
1902,198,1836,1902,3.6371
1902,199,1836,1902,3.7069
1906,0,1882,1906,4.458
1906,1,1862,1906,6.1815
1906,2,1862,1906,6.3794
1906,3,1876,1906,4.6129
1906,5,1882,1906,4.6093
1906,6,1876,1906,4.8882
1906,7,1882,1906,4.2728
1906,8,1876,1906,4.7688
1906,9,1882,1906,4.8676
1906,10,1882,1906,4.7211
1906,11,1862,1906,5.934
1906,13,1862,1906,5.6899
1906,14,1882,1906,4.7068
1906,15,1882,1906,4.5971
1906,16,1876,1906,4.7997
1906,17,1876,1906,4.7773
1906,18,1862,1906,6.5664
1906,19,1862,1906,5.8419
1906,20,1876,1906,4.9291
1906,21,1862,1906,5.7705
1906,22,1862,1906,5.8192
1906,23,1876,1906,4.691
1906,24,1862,1906,6.3497
1906,25,1876,1906,4.7538
1906,26,1882,1906,4.5581
1906,27,1882,1906,4.5133
1906,28,1876,1906,4.8185
1906,29,1862,1906,6.4864
1906,30,1882,1906,4.2744
1906,31,1876,1906,4.7623
1906,32,1862,1906,6.1467
1906,33,1876,1906,4.9344
1906,34,1876,1906,4.9266
1906,35,1876,1906,4.8835
1906,36,1876,1906,4.786
1906,37,1882,1906,4.7462
1906,38,1862,1906,6.269
1906,39,1882,1906,4.5699
1906,40,1882,1906,4.5098
1906,41,1876,1906,4.8343
1906,42,1882,1906,4.0683
1906,44,1876,1906,5.6421
1906,45,1876,1906,4.6408
1906,46,1936,1906,5.9813
1906,47,1876,1906,4.7843
1906,48,1882,1906,4.3602
1906,49,1876,1906,4.8436
1906,50,1876,1906,4.8037
1906,51,1882,1906,4.6989
1906,52,1882,1906,4.4772
1906,53,1876,1906,4.8579
1906,54,1876,1906,4.8861
1906,55,1882,1906,4.0391
1906,56,1876,1906,4.7562
1906,57,1876,1906,4.6663
1906,59,1876,1906,4.9616
1906,61,1876,1906,4.6601
1906,62,1876,1906,4.4563
1906,63,1876,1906,6.0219
1906,64,1862,1906,5.2521
1906,65,1882,1906,4.6828
1906,66,1882,1906,4.6248
1906,68,1876,1906,4.6776
1906,69,1876,1906,5.1958
1906,70,1876,1906,4.8492
1906,71,1876,1906,4.6251
1906,72,1882,1906,4.4481
1906,73,1876,1906,4.7848
1906,74,1882,1906,4.7136
1906,76,1876,1906,4.6845
1906,77,1882,1906,4.2992
1906,78,1862,1906,6.3315
1906,79,1876,1906,4.7468
1906,81,1882,1906,4.5462
1906,82,1882,1906,4.4113
1906,83,1882,1906,4.7586
1906,84,1876,1906,4.4334
1906,85,1862,1906,6.1447
1906,86,1882,1906,4.2637
1906,87,1876,1906,4.9351
1906,88,1882,1906,4.2575
1906,90,1882,1906,4.5836
1906,91,1876,1906,4.8498
1906,92,1882,1906,4.0915
1906,93,1876,1906,4.761
1906,94,1876,1906,4.8457
1906,95,1882,1906,4.2349
1906,96,1876,1906,5.0129
1906,97,1882,1906,4.6328
1906,98,1876,1906,4.8272
1906,99,1876,1906,4.9083
1906,101,1882,1906,4.5665
1906,103,1882,1906,4.5625
1906,104,1876,1906,4.8296
1906,105,1876,1906,4.9189
1906,106,1862,1906,6.4535
1906,107,1876,1906,4.9451
1906,108,1876,1906,4.6111
1906,109,1882,1906,4.7332
1906,110,1876,1906,4.8362
1906,111,1876,1906,4.9745
1906,112,1876,1906,4.6853
1906,113,1876,1906,5.1799
1906,114,1862,1906,6.212
1906,115,1876,1906,4.91
1906,116,1882,1906,4.8291
1906,117,1876,1906,4.8858
1906,118,1876,1906,4.5498
1906,119,1876,1906,4.7746
1906,120,1876,1906,4.8899
1906,121,1876,1906,4.9477
1906,122,1876,1906,4.8617
1906,123,1876,1906,4.7881
1906,124,1882,1906,4.6373
1906,125,1876,1906,5.0198
1906,126,1876,1906,4.9113
1906,127,1862,1906,5.5715
1906,128,1876,1906,5.0127
1906,129,1876,1906,4.7419
1906,130,1882,1906,4.3645
1906,131,1882,1906,4.7551
1906,133,1876,1906,5.0153
1906,134,1882,1906,4.8758
1906,135,1862,1906,6.4363
1906,136,1876,1906,4.7042
1906,137,1876,1906,4.8278
1906,138,1876,1906,4.6909
1906,139,1876,1906,4.8113
1906,140,1876,1906,4.7891
1906,141,1876,1906,4.9277
1906,142,1876,1906,4.8445
1906,143,1876,1906,4.8471
1906,144,1862,1906,6.2919
1906,146,1876,1906,4.6968
1906,147,1876,1906,5.172
1906,148,1876,1906,4.9138
1906,150,1876,1906,4.7942
1906,151,1882,1906,4.7732
1906,152,1876,1906,5.0476
1906,153,1882,1906,4.5938
1906,154,1876,1906,4.7632
1906,155,1876,1906,4.731
1906,156,1876,1906,4.991
1906,157,1876,1906,4.8963
1906,159,1876,1906,4.8215
1906,160,1862,1906,6.1893
1906,161,1876,1906,4.7116
1906,162,1876,1906,4.7492
1906,164,1882,1906,4.8838
1906,165,1876,1906,4.7211
1906,166,1876,1906,4.7942
1906,167,1882,1906,4.3403
1906,169,1876,1906,4.6233
1906,170,1862,1906,5.7865
1906,171,1882,1906,4.6325
1906,173,1876,1906,4.7704
1906,174,1876,1906,4.6214
1906,175,1876,1906,4.8897
1906,176,1882,1906,4.5134
1906,177,1862,1906,6.3415
1906,178,1876,1906,5.0444
1906,179,1862,1906,5.2851
1906,181,1876,1906,4.9997
1906,182,1882,1906,4.0096
1906,183,1876,1906,4.8798
1906,184,1876,1906,4.8321
1906,185,1882,1906,4.6627
1906,186,1876,1906,4.5911
1906,187,1862,1906,5.1831
1906,188,1876,1906,4.8075
1906,190,1876,1906,4.6959
1906,191,1876,1906,4.9476
1906,192,1876,1906,4.7583
1906,193,1876,1906,4.5189
1906,194,1862,1906,6.6066
1906,195,1882,1906,4.2793
1906,196,1862,1906,6.3158
1906,197,1876,1906,4.9793
1906,198,1882,1906,4.7087
1906,199,1882,1906,4.4487
1907,0,1901,1907,3.1356
1907,1,1901,1907,3.2781
1907,3,1901,1907,3.1117
1907,4,1901,1907,3.0009
1907,5,1901,1907,2.9205
1907,6,1901,1907,3.0488
1907,8,1901,1907,3.0807
1907,10,1901,1907,2.8967
1907,11,1901,1907,3.0616
1907,12,1901,1907,3.2149
1907,14,1901,1907,2.984
1907,15,1901,1907,3.1063
1907,17,1901,1907,3.1144
1907,18,1901,1907,2.8529
1907,19,1901,1907,3.2174
1907,20,1901,1907,3.2717
1907,21,1901,1907,3.035
1907,22,1901,1907,3.0632
1907,23,1901,1907,3.1939
1907,24,1901,1907,3.0227
1907,25,1901,1907,3.1671
1907,26,1901,1907,3.1698
1907,27,1901,1907,3.1527
1907,28,1901,1907,3.0151
1907,29,1901,1907,2.9647
1907,30,1901,1907,3.091
1907,31,1901,1907,3.0437
1907,32,1901,1907,3.2736
1907,33,1901,1907,3.1093
1907,34,1901,1907,3.0453
1907,35,1901,1907,3.0575
1907,36,1901,1907,2.9732
1907,37,1901,1907,3.0871
1907,38,1901,1907,3.0232
1907,39,1901,1907,3.1103
1907,40,1901,1907,3.2356
1907,42,1901,1907,3.035
1907,43,1901,1907,3.1303
1907,44,1901,1907,3.0045
1907,45,1901,1907,3.1932
1907,46,1901,1907,3.1377
1907,47,1901,1907,3.1234
1907,48,1901,1907,3.2373
1907,49,1901,1907,2.9929
1907,50,1901,1907,3.242
1907,51,1901,1907,2.8782
1907,53,1901,1907,3.0565
1907,54,1901,1907,2.8827
1907,56,1901,1907,3.0979
1907,57,1901,1907,2.9638
1907,58,1901,1907,2.9957
1907,59,1901,1907,3.1862
1907,60,1901,1907,3.1591
1907,61,1901,1907,3.0214
1907,62,1901,1907,3.112
1907,63,1901,1907,2.919
1907,65,1901,1907,3.2296
1907,66,1901,1907,3.1246
1907,67,1901,1907,2.8467
1907,68,1901,1907,3.005
1907,69,1901,1907,3.1955
1907,70,1901,1907,3.1955
1907,71,1901,1907,3.0298
1907,72,1901,1907,3.2443
1907,73,1901,1907,3.0564
1907,74,1901,1907,3.1197
1907,75,1901,1907,3.1307
1907,76,1901,1907,3.0848
1907,77,1901,1907,2.9363
1907,78,1901,1907,3.1925
1907,79,1901,1907,3.0751
1907,80,1901,1907,3.109
1907,81,1901,1907,3.0459
1907,82,1901,1907,3.0516
1907,83,1901,1907,3.1879
1907,84,1901,1907,3.1681
1907,85,1901,1907,3.0487
1907,86,1901,1907,3.0815
1907,87,1901,1907,2.9197
1907,88,1901,1907,3.0812
1907,89,1901,1907,3.2228
1907,93,1901,1907,2.8547
1907,94,1901,1907,3.1059
1907,95,1901,1907,3.0364
1907,96,1901,1907,3.2188
1907,97,1901,1907,3.199
1907,98,1901,1907,3.0781
1907,99,1901,1907,2.914
1907,100,1901,1907,3.0025
1907,101,1901,1907,3.0825
1907,102,1901,1907,3.1736
1907,103,1901,1907,3.0523
1907,104,1901,1907,3.0682
1907,105,1901,1907,3.034
1907,106,1901,1907,3.1589
1907,107,1901,1907,3.123
1907,108,1901,1907,3.0782
1907,110,1901,1907,3.0473
1907,112,1901,1907,3.2177
1907,113,1901,1907,3.0337
1907,114,1901,1907,2.9202
1907,115,1901,1907,2.9965
1907,116,1901,1907,3.0249
1907,117,1901,1907,3.052
1907,118,1901,1907,3.113
1907,119,1901,1907,2.9944
1907,121,1901,1907,3.2667
1907,123,1901,1907,3.1214
1907,124,1901,1907,3.1636
1907,125,1901,1907,3.0337
1907,126,1901,1907,3.1227
1907,127,1901,1907,3.0891
1907,129,1901,1907,3.191
1907,130,1901,1907,3.1989
1907,131,1901,1907,3.1024
1907,133,1901,1907,2.8798
1907,134,1901,1907,2.9626
1907,135,1901,1907,2.9647
1907,136,1901,1907,3.0209
1907,137,1901,1907,3.1184
1907,138,1901,1907,3.1195
1907,139,1901,1907,3.0655
1907,141,1901,1907,3.0265
1907,142,1901,1907,3.1518
1907,143,1901,1907,3.0877
1907,144,1901,1907,3.0554
1907,145,1901,1907,3.1608
1907,146,1901,1907,3.1042
1907,147,1901,1907,3.2593
1907,149,1841,1907,5.7185
1907,150,1901,1907,3.0914
1907,151,1901,1907,3.1351
1907,152,1901,1907,3.0475
1907,153,1901,1907,3.1061
1907,154,1901,1907,3.2425
1907,155,1901,1907,3.2736
1907,156,1901,1907,3.1378
1907,157,1901,1907,2.9966
1907,158,1901,1907,3.0819
1907,159,1901,1907,3.1307
1907,160,1901,1907,3.0432
1907,162,1901,1907,3.1055
1907,163,1901,1907,3.0133
1907,166,1901,1907,3.3294
1907,168,1901,1907,3.2348
1907,169,1901,1907,3.1442
1907,170,1901,1907,3.1053
1907,171,1901,1907,3.0427
1907,172,1901,1907,3.1145
1907,173,1901,1907,3.2291
1907,174,1901,1907,3.1105
1907,175,1901,1907,3.1083
1907,176,1901,1907,3.0453
1907,178,1901,1907,3.084
1907,181,1901,1907,3.273
1907,184,1901,1907,2.9968
1907,185,1901,1907,2.9208
1907,186,1901,1907,3.1677
1907,187,1901,1907,2.9225
1907,188,1901,1907,2.9022
1907,189,1901,1907,3.2539
1907,192,1901,1907,3.0674
1907,194,1901,1907,3.0653
1907,196,1901,1907,3.1735
1907,197,1901,1907,3.1741
1907,198,1901,1907,3.0906
1907,199,1901,1907,3.0696
1921,0,1872,1921,6.6333
1921,1,1842,1921,8.0736
1921,2,1872,1921,6.6776
1921,3,1872,1921,6.3279
1921,4,1872,1921,6.6174
1921,5,1842,1921,7.7759
1921,6,1872,1921,6.7033
1921,7,1842,1921,8.1757
1921,8,1842,1921,8.0793
1921,9,1872,1921,6.5664
1921,10,1842,1921,7.9806
1921,11,1872,1921,5.6195
1921,12,1872,1921,6.4546
1921,13,1872,1921,5.727
1921,14,1842,1921,8.0281
1921,15,1842,1921,7.7119
1921,16,1872,1921,6.5809
1921,17,1872,1921,6.2262
1921,18,1842,1921,7.8028
1921,19,1872,1921,6.4835
1921,20,1842,1921,8.3503
1921,21,1872,1921,6.4888
1921,22,1872,1921,6.6042
1921,23,1842,1921,7.6294
1921,24,1842,1921,8.2271
1921,25,1872,1921,6.3931
1921,26,1872,1921,6.3137
1921,27,1872,1921,6.5229
1921,28,1872,1921,5.7367
1921,29,1872,1921,5.182
1921,30,1872,1921,5.2215
1921,31,1872,1921,5.4466
1921,32,1872,1921,5.9069
1921,33,1872,1921,5.1996
1921,34,1842,1921,8.4509
1921,35,1872,1921,6.5578
1921,36,1842,1921,8.1682
1921,37,1872,1921,6.6055
1921,38,1872,1921,6.0422
1921,39,1872,1921,6.2816
1921,40,1872,1921,6.5247
1921,41,1842,1921,7.8875
1921,42,1872,1921,4.7688
1921,43,1872,1921,6.5146
1921,44,1842,1921,8.3499
1921,45,1842,1921,7.6996
1921,46,1872,1921,5.4145
1921,47,1842,1921,8.3115
1921,48,1842,1921,8.1698
1921,49,1842,1921,8.3066
1921,50,1872,1921,6.5377
1921,51,1872,1921,5.1835
1921,52,1872,1921,5.5054
1921,53,1842,1921,7.6538
1921,54,1872,1921,5.5937
1921,55,1872,1921,5.4656
1921,56,1842,1921,8.2405
1921,57,1842,1921,7.9342
1921,58,1842,1921,8.1286
1921,59,1872,1921,5.2206
1921,60,1842,1921,8.1044
1921,61,1872,1921,5.541
1921,62,1872,1921,6.3895
1921,63,1842,1921,8.3431
1921,64,1872,1921,5.1025
1921,65,1872,1921,6.1982
1921,66,1842,1921,8.1342
1921,67,1872,1921,4.8819
1921,68,1872,1921,5.3135
1921,69,1872,1921,4.6744
1921,70,1872,1921,6.338
1921,71,1842,1921,8.4838
1921,72,1872,1921,6.2391
1921,73,1842,1921,8.0444
1921,74,1872,1921,4.7417
1921,75,1842,1921,7.8685
1921,76,1842,1921,7.7636
1921,77,1842,1921,7.6761
1921,78,1872,1921,6.0278
1921,79,1872,1921,5.6211
1921,80,1872,1921,5.2875
1921,81,1872,1921,5.7134
1921,82,1872,1921,6.4902
1921,83,1842,1921,8.1724
1921,84,1872,1921,6.3682
1921,85,1872,1921,4.7383
1921,86,1872,1921,5.8239
1921,87,1872,1921,6.6836
1921,88,1842,1921,7.8023
1921,89,1872,1921,5.0455
1921,90,1872,1921,4.7885
1921,91,1872,1921,5.3348
1921,92,1872,1921,5.617
1921,93,1872,1921,5.4764
1921,94,1872,1921,5.0216
1921,95,1872,1921,5.7802
1921,96,1872,1921,5.5889
1921,97,1872,1921,5.4896
1921,98,1872,1921,4.8488
1921,99,1872,1921,6.3045
1921,100,1872,1921,5.5327
1921,101,1842,1921,7.9796
1921,102,1872,1921,5.4642
1921,103,1872,1921,5.0604
1921,104,1842,1921,7.9928
1921,105,1872,1921,5.3411
1921,106,1872,1921,4.9881
1921,107,1872,1921,6.1288
1921,108,1842,1921,8.1953
1921,109,1872,1921,5.8037
1921,110,1872,1921,5.52
1921,111,1872,1921,5.3965
1921,112,1842,1921,8.2612
1921,113,1872,1921,5.3074
1921,114,1872,1921,5.958
1921,115,1872,1921,5.4078
1921,116,1872,1921,4.7583
1921,117,1872,1921,6.0473
1921,118,1872,1921,4.9265
1921,119,1872,1921,6.3428
1921,120,1872,1921,6.3034
1921,121,1872,1921,4.6412
1921,122,1838,1921,5.0533
1921,123,1872,1921,4.832
1921,124,1872,1921,5.0583
1921,125,1872,1921,6.2934
1921,126,1872,1921,5.6385
1921,127,1872,1921,5.5977
1921,128,1872,1921,5.2841
1921,129,1872,1921,5.6904
1921,130,1872,1921,5.981
1921,131,1872,1921,5.3464
1921,132,1872,1921,5.3585
1921,133,1872,1921,6.4684
1921,134,1872,1921,5.3402
1921,135,1872,1921,4.849
1921,136,1842,1921,8.0884
1921,137,1872,1921,4.8975
1921,138,1838,1921,5.6609
1921,139,1872,1921,4.9235
1921,140,1872,1921,5.3236
1921,141,1872,1921,6.0769
1921,142,1872,1921,5.6677
1921,143,1872,1921,5.0353
1921,144,1872,1921,6.3369
1921,145,1872,1921,5.2483
1921,146,1872,1921,5.2849
1921,147,1872,1921,5.1296
1921,148,1872,1921,6.3315
1921,149,1838,1921,4.9445
1921,150,1872,1921,5.2337
1921,151,1872,1921,5.3819
1921,152,1842,1921,8.2744
1921,153,1872,1921,5.1272
1921,154,1872,1921,5.2201
1921,155,1872,1921,6.4632
1921,156,1872,1921,4.8384
1921,157,1872,1921,5.7456
1921,158,1872,1921,5.235
1921,159,1872,1921,6.4886
1921,160,1872,1921,6.1481
1921,161,1872,1921,4.8923
1921,162,1872,1921,4.9016
1921,163,1872,1921,4.9624
1921,164,1872,1921,4.9271
1921,165,1872,1921,4.9062
1921,166,1872,1921,4.9341
1921,167,1872,1921,4.7862
1921,168,1872,1921,4.9039
1921,169,1872,1921,5.1172
1921,170,1872,1921,6.0401
1921,171,1872,1921,4.9831
1921,172,1872,1921,5.6687
1921,173,1872,1921,5.0072
1921,174,1872,1921,4.9816
1921,175,1872,1921,6.0959
1921,176,1872,1921,4.717
1921,177,1872,1921,5.6521
1921,178,1842,1921,7.7906
1921,179,1842,1921,7.7313
1921,180,1872,1921,4.7587
1921,181,1872,1921,4.6786
1921,182,1872,1921,4.9467
1921,183,1872,1921,6.0294
1921,184,1872,1921,4.9522
1921,185,1872,1921,4.9712
1921,186,1872,1921,5.3541
1921,187,1872,1921,4.9937
1921,188,1872,1921,4.9472
1921,189,1872,1921,4.8983
1921,190,1872,1921,5.3257
1921,191,1872,1921,4.8378
1921,192,1872,1921,5.8516
1921,193,1872,1921,4.9802
1921,194,1872,1921,4.9874
1921,195,1872,1921,4.8551
1921,196,1872,1921,4.7277
1921,197,1872,1921,4.8431
1921,198,1872,1921,4.8948
1921,199,1872,1921,4.9408
1922,5,1852,1922,3.6951
1922,7,1852,1922,3.9148
1922,11,1852,1922,3.771
1922,12,1852,1922,3.5325
1922,13,1852,1922,3.3983
1922,16,1852,1922,4.0856
1922,17,1852,1922,3.5514
1922,18,1852,1922,4.3318
1922,20,1852,1922,3.5571
1922,21,1852,1922,3.4073
1922,22,1852,1922,3.3761
1922,23,1852,1922,3.8361
1922,24,1852,1922,3.6679
1922,25,1852,1922,4.4548
1922,27,1852,1922,3.7353
1922,28,1852,1922,3.4259
1922,29,1852,1922,3.7153
1922,30,1852,1922,3.7986
1922,32,1852,1922,3.7832
1922,34,1852,1922,2.7097
1922,35,1852,1922,3.6928
1922,36,1852,1922,3.5845
1922,37,1852,1922,3.8049
1922,38,1852,1922,3.4741
1922,39,1852,1922,3.6274
1922,40,1852,1922,3.7488
1922,41,1852,1922,3.3368
1922,42,1852,1922,3.4875
1922,43,1852,1922,3.8741
1922,44,1852,1922,4.1441
1922,45,1852,1922,3.7052
1922,46,1852,1922,3.8838
1922,47,1852,1922,3.6637
1922,49,1852,1922,3.3474
1922,50,1852,1922,3.2826
1922,51,1852,1922,3.6686
1922,52,1852,1922,3.7723
1922,53,1852,1922,3.508
1922,54,1852,1922,3.1991
1922,55,1852,1922,3.7323
1922,56,1852,1922,3.2478
1922,57,1852,1922,3.3938
1922,58,1852,1922,3.7658
1922,59,1852,1922,3.5332
1922,60,1852,1922,3.569
1922,61,1852,1922,3.7732
1922,62,1852,1922,3.1424
1922,63,1852,1922,3.816
1922,64,1852,1922,3.747
1922,65,1852,1922,3.714
1922,66,1852,1922,3.929
1922,68,1852,1922,3.3772
1922,70,1852,1922,3.4762
1922,72,1852,1922,3.7696
1922,74,1852,1922,3.4848
1922,75,1852,1922,3.2335
1922,76,1852,1922,3.8675
1922,77,1852,1922,3.2984
1922,79,1852,1922,4.0431
1922,82,1852,1922,3.643
1922,83,1852,1922,3.6863
1922,84,1852,1922,3.2063
1922,85,1852,1922,3.3295
1922,86,1852,1922,3.956
1922,87,1852,1922,3.3641
1922,88,1852,1922,3.2161
1922,89,1852,1922,3.4624
1922,90,1852,1922,3.6962
1922,91,1852,1922,3.7749
1922,92,1852,1922,3.7554
1922,93,1852,1922,3.8191
1922,94,1852,1922,3.4035
1922,95,1852,1922,3.4294
1922,96,1852,1922,3.5558
1922,97,1852,1922,3.7991
1922,98,1852,1922,3.8612
1922,99,1852,1922,3.5617
1922,100,1852,1922,3.9152
1922,101,1852,1922,3.618
1922,102,1852,1922,3.6124
1922,103,1852,1922,3.4335
1922,104,1852,1922,3.7038
1922,105,1852,1922,3.5837
1922,106,1852,1922,4.0543
1922,108,1852,1922,3.9472
1922,109,1852,1922,2.9291
1922,110,1852,1922,3.7725
1922,111,1852,1922,3.8227
1922,112,1852,1922,3.8536
1922,113,1852,1922,3.2513
1922,114,1852,1922,3.8339
1922,115,1852,1922,3.6285
1922,116,1852,1922,3.9592
1922,117,1852,1922,3.8298
1922,119,1852,1922,4.0255
1922,120,1852,1922,3.8413
1922,122,1852,1922,3.9849
1922,123,1852,1922,3.8244
1922,124,1852,1922,3.5142
1922,125,1852,1922,3.5764
1922,126,1852,1922,3.9505
1922,127,1852,1922,3.6065
1922,128,1852,1922,3.5124
1922,130,1852,1922,3.4185
1922,131,1852,1922,3.6487
1922,132,1852,1922,3.5954
1922,133,1852,1922,3.371
1922,134,1852,1922,2.8675
1922,135,1852,1922,3.6068
1922,136,1852,1922,3.8855
1922,137,1852,1922,3.2529
1922,138,1852,1922,3.2766
1922,139,1852,1922,3.3382
1922,140,1852,1922,3.53
1922,141,1852,1922,3.6408
1922,142,1852,1922,4.1382
1922,143,1852,1922,3.4982
1922,144,1852,1922,3.85
1922,145,1852,1922,3.5458
1922,146,1852,1922,4.1708
1922,147,1852,1922,3.5149
1922,148,1852,1922,3.3557
1922,149,1852,1922,3.486
1922,150,1852,1922,3.759
1922,151,1852,1922,3.9629
1922,152,1852,1922,3.662
1922,153,1852,1922,4.0749
1922,154,1852,1922,4.0205
1922,155,1852,1922,3.5497
1922,156,1852,1922,3.8272
1922,157,1852,1922,3.4218
1922,158,1852,1922,3.8223
1922,159,1852,1922,3.7689
1922,160,1852,1922,3.5855
1922,162,1852,1922,3.8903
1922,163,1852,1922,3.7119
1922,164,1852,1922,4.2023
1922,165,1852,1922,3.8865
1922,166,1852,1922,3.6859
1922,167,1852,1922,3.8167
1922,168,1852,1922,3.5999
1922,169,1852,1922,3.1923
1922,170,1852,1922,3.7804
1922,171,1852,1922,3.5432
1922,172,1852,1922,3.7533
1922,173,1852,1922,3.7922
1922,174,1852,1922,4.1182
1922,175,1852,1922,3.5796
1922,176,1852,1922,3.7529
1922,177,1852,1922,3.8555
1922,178,1852,1922,3.8866
1922,179,1852,1922,3.3441
1922,180,1852,1922,3.6673
1922,181,1852,1922,3.844
1922,182,1852,1922,3.6873
1922,183,1852,1922,3.5998
1922,184,1852,1922,3.887
1922,185,1852,1922,3.8144
1922,186,1852,1922,3.7197
1922,187,1852,1922,4.1563
1922,188,1852,1922,4.5099
1922,189,1852,1922,3.5667
1922,190,1852,1922,3.3418
1922,191,1852,1922,3.4506
1922,192,1852,1922,3.5927
1922,193,1852,1922,3.6869
1922,194,1852,1922,3.694
1922,195,1852,1922,3.8145
1922,196,1852,1922,3.9789
1922,197,1852,1922,3.1397
1922,198,1852,1922,3.6443
1922,199,1852,1922,4.1319
1923,0,1875,1923,7.2215
1923,1,1929,1923,5.7487
1923,2,1875,1923,7.2858
1923,3,1875,1923,6.6329
1923,4,1875,1923,7.3467
1923,5,1875,1923,6.6234
1923,6,1875,1923,6.7622
1923,7,1875,1923,6.8424
1923,8,1875,1923,5.3508
1923,9,1875,1923,6.5481
1923,10,1875,1923,6.5203
1923,11,1875,1923,7.0064
1923,12,1875,1923,6.5113
1923,13,1875,1923,5.8992
1923,14,1875,1923,7.2333
1923,15,1875,1923,6.0052
1923,16,1875,1923,5.6572
1923,17,1875,1923,5.8129
1923,18,1875,1923,6.8952
1923,19,1875,1923,6.332
1923,20,1875,1923,6.6704
1923,21,1875,1923,5.2572
1923,22,1875,1923,7.2509
1923,23,1875,1923,5.7756
1923,24,1875,1923,5.4502
1923,25,1875,1923,6.6788
1923,26,1875,1923,6.7417
1923,26,1929,1923,6.6872
1923,27,1875,1923,6.6806
1923,28,1875,1923,5.8934
1923,29,1875,1923,5.6815
1923,30,1875,1923,6.5997
1923,31,1875,1923,5.1225
1923,32,1875,1923,6.547
1923,33,1875,1923,6.0144
1923,34,1875,1923,6.3382
1923,35,1875,1923,7.1084
1923,36,1875,1923,7.0904
1923,37,1875,1923,5.7531
1923,38,1875,1923,5.8134
1923,39,1875,1923,6.6469
1923,40,1875,1923,6.9569
1923,41,1875,1923,6.4971
1923,42,1875,1923,7.0694
1923,43,1875,1923,6.8636
1923,44,1875,1923,6.1598
1923,44,1929,1923,6.0362
1923,45,1875,1923,6.7597
1923,46,1875,1923,7.1625
1923,47,1875,1923,6.6201
1923,48,1875,1923,6.9934
1923,49,1875,1923,5.5505
1923,50,1875,1923,6.6673
1923,51,1875,1923,6.7818
1923,52,1875,1923,6.3955
1923,53,1875,1923,7.2279
1923,54,1875,1923,7.2312
1923,55,1875,1923,6.8526
1923,56,1875,1923,6.5795
1923,57,1875,1923,6.8551
1923,58,1875,1923,7.1397
1923,59,1875,1923,5.9104
1923,59,1929,1923,6.0805
1923,60,1875,1923,6.2887
1923,60,1929,1923,6.463
1923,61,1875,1923,6.8333
1923,62,1875,1923,6.4039
1923,63,1875,1923,6.7498
1923,64,1875,1923,7.1943
1923,65,1875,1923,6.4351
1923,66,1875,1923,5.5764
1923,67,1875,1923,6.2563
1923,68,1875,1923,6.5754
1923,69,1875,1923,6.5035
1923,70,1875,1923,6.8031
1923,71,1875,1923,6.6572
1923,72,1875,1923,7.1582
1923,73,1875,1923,7.5454
1923,74,1875,1923,5.5883
1923,75,1875,1923,6.436
1923,76,1875,1923,7.5228
1923,77,1875,1923,6.9153
1923,78,1875,1923,6.5269
1923,79,1875,1923,6.7501
1923,80,1875,1923,6.275
1923,81,1875,1923,6.4743
1923,82,1875,1923,6.9226
1923,83,1875,1923,7.1296
1923,84,1875,1923,6.9853
1923,85,1875,1923,7.0265
1923,86,1875,1923,6.8424
1923,87,1875,1923,6.1858
1923,87,1929,1923,5.9516
1923,88,1875,1923,6.2368
1923,89,1875,1923,6.9482
1923,90,1875,1923,6.667
1923,91,1875,1923,7.6498
1923,92,1875,1923,6.9417
1923,93,1875,1923,7.3631
1923,94,1875,1923,6.1654
1923,95,1875,1923,7.6457
1923,96,1875,1923,6.7874
1923,97,1875,1923,7.0448
1923,98,1875,1923,6.5538
1923,99,1875,1923,6.5326
1923,100,1875,1923,6.8855
1923,101,1875,1923,5.4916
1923,102,1875,1923,7.5028
1923,103,1875,1923,7.2373
1923,104,1875,1923,5.5622
1923,105,1875,1923,6.9483
1923,106,1875,1923,6.8507
1923,107,1875,1923,6.3297
1923,108,1875,1923,6.4544
1923,108,1929,1923,6.5143
1923,109,1875,1923,7.9817
1923,110,1875,1923,6.8987
1923,111,1875,1923,6.6886
1923,112,1875,1923,6.6597
1923,113,1875,1923,6.2887
1923,114,1875,1923,5.8063
1923,115,1875,1923,5.6918
1923,116,1875,1923,6.4563
1923,117,1875,1923,6.8385
1923,118,1875,1923,6.8235
1923,119,1875,1923,7.3482
1923,120,1875,1923,5.5998
1923,121,1875,1923,6.4435
1923,122,1875,1923,5.5762
1923,123,1875,1923,6.6359
1923,124,1875,1923,6.7656
1923,125,1875,1923,6.9809
1923,126,1875,1923,6.8987
1923,127,1875,1923,7.0029
1923,128,1875,1923,6.6275
1923,129,1875,1923,5.7932
1923,130,1875,1923,6.1549
1923,131,1875,1923,5.9018
1923,132,1875,1923,6.8118
1923,133,1875,1923,6.958
1923,134,1912,1923,8.4751
1923,135,1875,1923,6.6564
1923,136,1875,1923,7.291
1923,137,1875,1923,6.1692
1923,138,1875,1923,7.2208
1923,139,1875,1923,6.5452
1923,140,1875,1923,6.2339
1923,141,1875,1923,6.921
1923,142,1875,1923,5.5501
1923,143,1875,1923,6.4394
1923,144,1875,1923,6.6043
1923,145,1875,1923,5.8058
1923,146,1875,1923,6.7196
1923,147,1875,1923,6.7867
1923,148,1875,1923,6.6666
1923,149,1875,1923,6.5546
1923,150,1875,1923,6.8374
1923,151,1875,1923,7.2021
1923,152,1875,1923,6.9025
1923,153,1875,1923,5.8058
1923,154,1875,1923,6.7982
1923,155,1875,1923,6.2062
1923,155,1929,1923,6.0937
1923,156,1875,1923,7.1461
1923,157,1875,1923,7.0142
1923,158,1875,1923,6.4084
1923,159,1833,1923,4.6766
1923,159,1875,1923,6.07
1923,160,1875,1923,6.7875
1923,161,1875,1923,5.9635
1923,162,1875,1923,7.3447
1923,163,1875,1923,5.7554
1923,164,1875,1923,6.9477
1923,165,1875,1923,6.9179
1923,166,1875,1923,7.6962
1923,167,1875,1923,5.546
1923,168,1875,1923,6.3176
1923,169,1875,1923,5.9854
1923,170,1875,1923,5.2975
1923,171,1875,1923,6.9351
1923,172,1875,1923,6.2486
1923,173,1875,1923,5.8518
1923,174,1875,1923,6.5632
1923,175,1875,1923,7.1346
1923,176,1875,1923,6.2051
1923,177,1875,1923,6.6101
1923,178,1875,1923,6.6287
1923,179,1875,1923,6.4655
1923,180,1875,1923,6.2201
1923,181,1875,1923,5.987
1923,182,1875,1923,7.1843
1923,183,1875,1923,6.8426
1923,184,1875,1923,6.3612
1923,185,1875,1923,5.364
1923,186,1875,1923,6.4264
1923,187,1875,1923,6.2127
1923,188,1875,1923,6.7292
1923,189,1875,1923,6.3781
1923,190,1875,1923,6.7283
1923,191,1875,1923,6.4015
1923,192,1875,1923,6.8668
1923,193,1875,1923,7.0828
1923,194,1875,1923,6.5076
1923,195,1875,1923,6.1003
1923,196,1875,1923,6.6828
1923,197,1875,1923,7.006
1923,198,1875,1923,6.7981
1923,199,1875,1923,5.9139
1926,0,1932,1926,3.2694
1926,1,1874,1926,4.5176
1926,2,1874,1926,4.5079
1926,3,1932,1926,3.1837
1926,4,1874,1926,4.784
1926,5,1932,1926,3.0202
1926,6,1932,1926,3.3045
1926,7,1874,1926,4.6225
1926,8,1932,1926,3.1634
1926,9,1932,1926,3.2387
1926,10,1932,1926,3.1699
1926,11,1932,1926,3.3358
1926,13,1932,1926,3.2436
1926,14,1932,1926,3.1013
1926,15,1932,1926,3.4217
1926,16,1932,1926,3.3282
1926,17,1932,1926,3.1727
1926,18,1932,1926,3.3302
1926,19,1932,1926,3.3341
1926,20,1932,1926,3.1931
1926,21,1932,1926,3.0856
1926,22,1932,1926,3.3191
1926,23,1932,1926,3.2431
1926,24,1932,1926,3.3253
1926,25,1932,1926,3.3016
1926,26,1932,1926,3.2416
1926,27,1932,1926,3.3263
1926,28,1932,1926,3.3479
1926,29,1932,1926,3.1621
1926,30,1932,1926,3.2808
1926,31,1932,1926,3.2792
1926,32,1932,1926,3.2645
1926,33,1932,1926,3.0914
1926,34,1932,1926,3.4433
1926,35,1932,1926,3.2721
1926,36,1932,1926,3.2627
1926,37,1932,1926,3.35
1926,38,1932,1926,3.1362
1926,39,1932,1926,3.4368
1926,40,1932,1926,3.2762
1926,41,1932,1926,3.1983
1926,42,1932,1926,3.2331
1926,43,1932,1926,3.2448
1926,44,1932,1926,3.3672
1926,45,1932,1926,3.3165
1926,47,1932,1926,3.4012
1926,48,1932,1926,3.3115
1926,49,1932,1926,3.2834
1926,50,1932,1926,3.264
1926,51,1932,1926,3.3011
1926,52,1932,1926,3.2412
1926,53,1932,1926,3.2932
1926,54,1932,1926,3.3629
1926,55,1932,1926,3.312
1926,56,1932,1926,3.1279
1926,57,1932,1926,3.2511
1926,58,1932,1926,3.2815
1926,59,1932,1926,3.2422
1926,60,1932,1926,3.2749
1926,61,1932,1926,3.2389
1926,62,1932,1926,3.3505
1926,63,1932,1926,3.2796
1926,64,1932,1926,3.3038
1926,65,1932,1926,3.2924
1926,66,1932,1926,3.1989
1926,67,1932,1926,3.3052
1926,68,1932,1926,3.1631
1926,69,1932,1926,3.3367
1926,70,1932,1926,3.3845
1926,71,1932,1926,3.2627
1926,72,1932,1926,3.1634
1926,73,1932,1926,3.3833
1926,74,1932,1926,3.1825
1926,75,1932,1926,3.2744
1926,76,1932,1926,3.268
1926,77,1932,1926,3.3637
1926,78,1932,1926,3.343
1926,79,1932,1926,3.3241
1926,80,1932,1926,3.3196
1926,81,1932,1926,3.273
1926,82,1932,1926,3.304
1926,83,1932,1926,3.0764
1926,84,1932,1926,3.4398
1926,85,1932,1926,3.17
1926,86,1932,1926,3.2352
1926,87,1932,1926,3.2221
1926,88,1932,1926,3.1453
1926,89,1932,1926,3.1724
1926,90,1932,1926,3.2495
1926,91,1932,1926,3.2682
1926,92,1932,1926,3.2123
1926,93,1932,1926,3.2933
1926,94,1932,1926,3.3822
1926,95,1932,1926,3.2157
1926,96,1932,1926,3.2613
1926,97,1932,1926,3.396
1926,98,1932,1926,3.3278
1926,99,1932,1926,3.2898
1926,100,1932,1926,3.1918
1926,101,1932,1926,3.3261
1926,102,1932,1926,3.2333
1926,104,1932,1926,3.2359
1926,105,1932,1926,3.348
1926,106,1932,1926,3.4251
1926,107,1932,1926,3.1645
1926,108,1932,1926,3.2
1926,109,1932,1926,3.1895
1926,110,1932,1926,3.3624
1926,111,1932,1926,3.2482
1926,112,1932,1926,3.2188
1926,113,1932,1926,3.22
1926,114,1932,1926,3.132
1926,115,1932,1926,3.0104
1926,116,1932,1926,3.3041
1926,117,1932,1926,3.571
1926,118,1932,1926,3.1757
1926,119,1932,1926,3.2556
1926,120,1932,1926,3.275
1926,121,1932,1926,3.1586
1926,122,1932,1926,3.3975
1926,123,1932,1926,3.4097
1926,124,1932,1926,3.3225
1926,125,1932,1926,3.3102
1926,126,1932,1926,3.255
1926,127,1932,1926,3.3387
1926,128,1932,1926,3.2387
1926,129,1932,1926,3.3396
1926,130,1932,1926,3.1955
1926,131,1932,1926,3.3125
1926,132,1932,1926,3.33
1926,133,1932,1926,3.1756
1926,134,1932,1926,3.3541
1926,135,1932,1926,3.2407
1926,136,1932,1926,3.4008
1926,137,1932,1926,3.226
1926,138,1932,1926,3.0874
1926,139,1932,1926,3.3955
1926,140,1932,1926,3.1048
1926,141,1932,1926,2.9834
1926,142,1932,1926,3.1639
1926,143,1932,1926,3.2865
1926,144,1932,1926,3.2484
1926,145,1932,1926,3.3726
1926,146,1932,1926,3.3336
1926,147,1932,1926,3.1174
1926,148,1932,1926,3.3034
1926,149,1932,1926,3.3223
1926,150,1932,1926,3.1344
1926,151,1932,1926,3.2788
1926,152,1932,1926,3.2134
1926,153,1932,1926,3.1886
1926,154,1932,1926,3.0915
1926,155,1932,1926,3.2085
1926,156,1932,1926,3.1708
1926,157,1932,1926,3.2012
1926,158,1932,1926,3.299
1926,159,1932,1926,3.156
1926,160,1932,1926,3.3839
1926,161,1932,1926,3.3993
1926,162,1932,1926,3.2753
1926,163,1932,1926,3.4232
1926,164,1932,1926,3.2099
1926,165,1932,1926,3.3813
1926,166,1932,1926,3.2745
1926,167,1932,1926,3.1697
1926,168,1932,1926,3.4242
1926,169,1932,1926,3.3009
1926,170,1932,1926,3.1899
1926,171,1932,1926,3.1345
1926,172,1932,1926,3.2022
1926,173,1932,1926,3.3511
1926,174,1932,1926,3.3387
1926,175,1932,1926,3.369
1926,176,1932,1926,3.2994
1926,177,1932,1926,3.1476
1926,178,1932,1926,3.3225
1926,179,1932,1926,3.2619
1926,180,1932,1926,3.2941
1926,181,1932,1926,3.2081
1926,182,1932,1926,3.2502
1926,183,1932,1926,3.4095
1926,184,1932,1926,3.2228
1926,185,1932,1926,3.4083
1926,187,1932,1926,3.1549
1926,188,1932,1926,3.2859
1926,189,1932,1926,3.2259
1926,190,1932,1926,3.3768
1926,191,1932,1926,3.0779
1926,192,1932,1926,3.2674
1926,193,1932,1926,3.3296
1926,194,1932,1926,3.2234
1926,195,1932,1926,3.1157
1926,196,1932,1926,3.1956
1926,197,1932,1926,3.4276
1926,198,1932,1926,3.5554
1926,199,1932,1926,3.3233
1927,0,1846,1927,4.8228
1927,1,1942,1927,7.1024
1927,2,1942,1927,7.2245
1927,3,1906,1927,4.3682
1927,4,1942,1927,6.8209
1927,5,1942,1927,7.2227
1927,6,1942,1927,6.8981
1927,7,1942,1927,6.3874
1927,8,1942,1927,7.1882
1927,9,1942,1927,6.7957
1927,10,1942,1927,5.7356
1927,11,1942,1927,7.2363
1927,12,1942,1927,6.4014
1927,13,1846,1927,4.9327
1927,14,1942,1927,7.3794
1927,15,1942,1927,7.142
1927,16,1942,1927,6.9564
1927,17,1846,1927,4.6266
1927,18,1846,1927,4.5946
1927,19,1942,1927,6.5752
1927,20,1846,1927,4.7372
1927,21,1906,1927,4.7919
1927,22,1942,1927,4.8365
1927,23,1942,1927,7.5514
1927,24,1846,1927,4.7913
1927,25,1846,1927,4.8913
1927,26,1942,1927,6.4912
1927,28,1942,1927,6.9966
1927,30,1942,1927,6.781
1927,31,1846,1927,4.7848
1927,32,1942,1927,6.2393
1927,33,1942,1927,7.3514
1927,34,1942,1927,6.4189
1927,35,1942,1927,7.07
1927,36,1906,1927,4.4523
1927,37,1942,1927,6.0059
1927,38,1846,1927,4.9159
1927,39,1942,1927,7.4551
1927,40,1846,1927,4.5693
1927,41,1942,1927,5.8477
1927,42,1846,1927,4.8461
1927,43,1846,1927,4.8527
1927,44,1846,1927,5.0167
1927,45,1942,1927,6.5966
1927,46,1906,1927,4.6432
1927,47,1942,1927,6.9333
1927,48,1846,1927,4.8962
1927,49,1942,1927,6.6281
1927,50,1942,1927,6.5579
1927,51,1942,1927,6.5831
1927,52,1906,1927,4.547
1927,53,1942,1927,6.5643
1927,55,1846,1927,4.8764
1927,56,1846,1927,4.8487
1927,57,1906,1927,4.7868
1927,58,1942,1927,6.4269
1927,59,1846,1927,4.8255
1927,60,1942,1927,6.939
1927,61,1942,1927,7.6489
1927,62,1942,1927,6.7074
1927,63,1942,1927,6.3663
1927,64,1942,1927,7.252
1927,65,1942,1927,6.3401
1927,66,1846,1927,4.9373
1927,67,1942,1927,6.8658
1927,68,1942,1927,6.7532
1927,69,1942,1927,6.6581
1927,70,1942,1927,7.1971
1927,71,1846,1927,4.9033
1927,72,1942,1927,5.0204
1927,73,1942,1927,7.1032
1927,74,1942,1927,5.9114
1927,75,1942,1927,6.4165
1927,77,1906,1927,4.6866
1927,78,1942,1927,7.1086
1927,80,1942,1927,6.6809
1927,81,1942,1927,6.81
1927,82,1942,1927,7.1927
1927,83,1942,1927,6.7463
1927,84,1846,1927,4.892
1927,85,1942,1927,6.8314
1927,86,1942,1927,6.9752
1927,87,1942,1927,6.4905
1927,88,1942,1927,7.4374
1927,89,1942,1927,6.9077
1927,90,1942,1927,7.5635
1927,91,1942,1927,6.6058
1927,92,1942,1927,6.9711
1927,93,1942,1927,6.0416
1927,94,1942,1927,6.1323
1927,95,1942,1927,6.8786
1927,96,1942,1927,6.7323
1927,97,1942,1927,6.6018
1927,98,1942,1927,7.0003
1927,99,1942,1927,6.1527
1927,100,1942,1927,6.6031
1927,101,1942,1927,6.5416
1927,102,1942,1927,7.427
1927,104,1942,1927,7.408
1927,105,1846,1927,4.9926
1927,106,1942,1927,7.4732
1927,107,1942,1927,6.1217
1927,108,1906,1927,4.3788
1927,109,1942,1927,6.36
1927,110,1942,1927,6.9139
1927,111,1942,1927,6.6929
1927,112,1942,1927,6.0697
1927,113,1942,1927,6.8791
1927,114,1942,1927,6.4105
1927,115,1942,1927,6.4688
1927,116,1942,1927,6.8497
1927,117,1942,1927,6.7463
1927,118,1942,1927,7.1805
1927,119,1942,1927,6.3785
1927,120,1942,1927,7.5066
1927,121,1942,1927,7.6486
1927,122,1942,1927,6.8565
1927,123,1942,1927,7.0976
1927,124,1942,1927,7.0164
1927,125,1846,1927,4.9839
1927,126,1846,1927,4.7456
1927,127,1942,1927,7.3442
1927,128,1942,1927,6.8395
1927,129,1942,1927,6.2266
1927,130,1942,1927,7.1837
1927,131,1906,1927,4.5909
1927,132,1846,1927,4.8805
1927,133,1906,1927,4.7292
1927,134,1942,1927,7.5365
1927,135,1942,1927,5.2967
1927,136,1942,1927,7.0118
1927,137,1942,1927,6.8092
1927,138,1846,1927,4.8946
1927,139,1942,1927,6.7892
1927,141,1906,1927,5.0254
1927,142,1942,1927,7.5797
1927,143,1942,1927,7.2655
1927,144,1942,1927,6.5125
1927,145,1942,1927,6.4746
1927,146,1846,1927,4.8787
1927,147,1906,1927,4.7647
1927,148,1942,1927,6.5471
1927,149,1942,1927,6.6257
1927,150,1942,1927,6.3252
1927,151,1942,1927,6.3381
1927,152,1942,1927,6.9443
1927,153,1942,1927,6.8988
1927,154,1942,1927,6.1929
1927,155,1942,1927,7.2855
1927,156,1942,1927,7.3084
1927,157,1942,1927,6.8117
1927,160,1846,1927,4.774
1927,161,1942,1927,7.091
1927,162,1942,1927,7.1201
1927,163,1846,1927,4.7659
1927,164,1942,1927,6.7164
1927,165,1906,1927,4.6542
1927,166,1942,1927,6.4472
1927,167,1906,1927,4.7212
1927,168,1846,1927,5.7128
1927,169,1942,1927,6.8454
1927,170,1942,1927,7.4508
1927,171,1942,1927,5.7434
1927,172,1942,1927,7.3235
1927,173,1906,1927,4.7339
1927,174,1942,1927,6.3747
1927,175,1942,1927,6.3176
1927,176,1906,1927,4.3635
1927,177,1942,1927,6.6931
1927,178,1942,1927,6.0274
1927,179,1906,1927,4.6812
1927,180,1942,1927,6.5473
1927,181,1942,1927,6.4597
1927,182,1942,1927,7.3615
1927,183,1942,1927,6.1039
1927,184,1942,1927,6.5497
1927,185,1942,1927,6.0911
1927,187,1942,1927,7.1841
1927,188,1942,1927,6.594
1927,190,1942,1927,6.6081
1927,191,1942,1927,6.4021
1927,192,1942,1927,7.7585
1927,193,1942,1927,7.1603
1927,194,1942,1927,7.068
1927,195,1942,1927,6.8981
1927,196,1906,1927,4.6842
1927,197,1846,1927,5.0032
1927,198,1906,1927,4.8643
1927,199,1942,1927,7.2178
1929,57,1869,1929,7.1194
1929,81,1869,1929,6.8563
1929,152,1869,1929,6.9597
1929,153,1869,1929,6.9877
1929,159,1869,1929,6.7814
1929,162,1869,1929,7.0715
1929,182,1869,1929,6.4347
1932,0,1866,1932,5.0777
1932,1,1866,1932,4.7405
1932,2,1866,1932,5.2253
1932,3,1866,1932,4.4066
1932,4,1866,1932,4.7653
1932,5,1866,1932,5.8658
1932,6,1866,1932,4.762
1932,7,1866,1932,5.0987
1932,8,1866,1932,5.691
1932,9,1866,1932,4.5209
1932,10,1866,1932,5.7961
1932,11,1866,1932,5.9551
1932,12,1866,1932,6.1316
1932,13,1866,1932,4.7746
1932,14,1866,1932,4.4558
1932,15,1866,1932,4.841
1932,16,1866,1932,6.4805
1932,17,1866,1932,4.8151
1932,18,1866,1932,4.9034
1932,19,1866,1932,6.1404
1932,20,1866,1932,4.8136
1932,21,1866,1932,6.5412
1932,22,1866,1932,5.0503
1932,23,1866,1932,4.9296
1932,24,1866,1932,6.533
1932,25,1866,1932,6.3317
1932,26,1866,1932,6.0385
1932,27,1866,1932,6.2032
1932,28,1866,1932,4.5945
1932,29,1866,1932,4.7283
1932,30,1866,1932,4.9214
1932,31,1866,1932,5.8547
1932,32,1866,1932,4.8041
1932,33,1866,1932,6.0559
1932,34,1866,1932,4.8528
1932,35,1866,1932,5.5525
1932,36,1866,1932,4.4964
1932,37,1866,1932,4.5373
1932,38,1866,1932,5.5666
1932,39,1866,1932,5.1823
1932,40,1866,1932,4.1903
1932,41,1866,1932,6.0578
1932,42,1866,1932,6.0548
1932,43,1866,1932,5.3314
1932,44,1866,1932,4.9
1932,45,1866,1932,5.0672
1932,46,1866,1932,6.7858
1932,47,1866,1932,5.4899
1932,48,1866,1932,4.8338
1932,49,1866,1932,4.8101
1932,50,1866,1932,4.9086
1932,51,1866,1932,4.7897
1932,52,1866,1932,4.9026
1932,53,1866,1932,5.7258
1932,54,1866,1932,4.5208
1932,55,1866,1932,4.7714
1932,56,1866,1932,4.9327
1932,57,1866,1932,4.5969
1932,58,1866,1932,4.9062
1932,59,1866,1932,5.7854
1932,60,1866,1932,4.8292
1932,61,1866,1932,4.7583
1932,62,1866,1932,5.2138
1932,63,1866,1932,5.9038
1932,64,1866,1932,5.032
1932,65,1866,1932,5.5661
1932,66,1866,1932,5.0242
1932,67,1866,1932,5.7244
1932,68,1866,1932,4.8463
1932,69,1866,1932,4.8343
1932,70,1866,1932,4.8214
1932,71,1866,1932,5.2105
1932,72,1866,1932,4.7846
1932,73,1866,1932,4.4709
1932,74,1866,1932,5.0156
1932,75,1866,1932,5.8092
1932,76,1866,1932,6.7545
1932,77,1866,1932,6.0579
1932,78,1866,1932,4.6926
1932,79,1866,1932,5.3655
1932,80,1866,1932,6.2673
1932,82,1866,1932,6.165
1932,83,1866,1932,4.6716
1932,84,1866,1932,4.801
1932,85,1866,1932,6.3954
1932,86,1866,1932,5.9497
1932,87,1866,1932,4.9
1932,88,1866,1932,4.8624
1932,89,1866,1932,6.1849
1932,90,1866,1932,4.836
1932,91,1866,1932,4.8074
1932,92,1866,1932,5.0058
1932,93,1866,1932,4.7451
1932,94,1866,1932,4.958
1932,95,1866,1932,6.2403
1932,96,1866,1932,4.8329
1932,97,1866,1932,4.8821
1932,98,1866,1932,4.5819
1932,99,1866,1932,6.4129
1932,100,1866,1932,4.9015
1932,101,1866,1932,4.7568
1932,102,1866,1932,4.8021
1932,103,1866,1932,5.5313
1932,104,1866,1932,4.4724
1932,105,1866,1932,5.6951
1932,106,1866,1932,6.0063
1932,107,1866,1932,5.2365
1932,108,1866,1932,4.7757
1932,109,1866,1932,5.7493
1932,110,1866,1932,5.3408
1932,111,1866,1932,4.2803
1932,112,1866,1932,4.8424
1932,113,1866,1932,5.6896
1932,114,1866,1932,4.5868
1932,115,1866,1932,5.1006
1932,116,1866,1932,4.8504
1932,117,1866,1932,5.6592
1932,118,1866,1932,4.8807
1932,119,1866,1932,4.4415
1932,120,1866,1932,5.8318
1932,121,1866,1932,5.6812
1932,122,1866,1932,4.774
1932,123,1866,1932,4.9096
1932,124,1866,1932,6.0553
1932,125,1866,1932,5.0394
1932,126,1866,1932,5.924
1932,127,1866,1932,4.597
1932,128,1866,1932,4.6524
1932,129,1866,1932,4.7455
1932,130,1866,1932,6.321
1932,131,1866,1932,4.0612
1932,132,1866,1932,5.3857
1932,133,1866,1932,5.0514
1932,134,1866,1932,4.9118
1932,135,1866,1932,4.8484
1932,136,1866,1932,4.6648
1932,137,1866,1932,4.4526
1932,138,1866,1932,4.8902
1932,139,1866,1932,5.4432
1932,140,1866,1932,4.77
1932,141,1866,1932,4.6539
1932,142,1866,1932,4.7892
1932,143,1866,1932,5.7563
1932,145,1866,1932,4.8972
1932,146,1866,1932,5.8703
1932,147,1866,1932,5.9362
1932,148,1866,1932,4.6831
1932,149,1866,1932,5.8394
1932,150,1866,1932,4.6267
1932,151,1866,1932,4.9187
1932,152,1866,1932,5.1308
1932,153,1866,1932,5.7103
1932,154,1866,1932,4.8471
1932,155,1866,1932,6.4147
1932,156,1866,1932,5.5625
1932,157,1866,1932,4.9887
1932,158,1866,1932,6.5882
1932,159,1866,1932,4.8695
1932,160,1866,1932,4.4844
1932,161,1866,1932,4.6474
1932,162,1866,1932,4.8683
1932,163,1866,1932,5.2873
1932,164,1866,1932,4.8015
1932,165,1866,1932,6.3265
1932,166,1866,1932,5.5553
1932,167,1866,1932,5.5636
1932,168,1866,1932,6.1379
1932,169,1866,1932,4.5444
1932,170,1866,1932,5.255
1932,171,1866,1932,5.9558
1932,172,1866,1932,4.8848
1932,173,1866,1932,4.9495
1932,174,1866,1932,5.4039
1932,176,1866,1932,6.0224
1932,177,1866,1932,4.8486
1932,178,1866,1932,4.4665
1932,179,1866,1932,5.1839
1932,180,1866,1932,4.8847
1932,181,1866,1932,5.7692
1932,182,1866,1932,4.9073
1932,183,1866,1932,5.4143
1932,184,1866,1932,5.0026
1932,185,1866,1932,4.7159
1932,186,1866,1932,6.4653
1932,187,1866,1932,4.9255
1932,188,1866,1932,4.7198
1932,189,1866,1932,4.9138
1932,190,1866,1932,6.1979
1932,191,1866,1932,6.0993
1932,192,1866,1932,5.8381
1932,193,1866,1932,5.1211
1932,194,1866,1932,4.4366
1932,195,1866,1932,4.778
1932,196,1866,1932,5.8091
1932,197,1866,1932,5.4562
1932,198,1866,1932,6.3965
1932,199,1866,1932,4.9098
1933,0,1873,1933,3.8452
1933,1,1873,1933,5.3196
1933,2,1873,1933,5.1666
1933,3,1873,1933,5.1519
1933,4,1873,1933,4.1545
1933,5,1873,1933,5.1135
1933,6,1873,1933,4.1422
1933,7,1873,1933,3.4528
1933,8,1873,1933,5.2594
1933,9,1873,1933,3.8531
1933,10,1873,1933,4.9278
1933,11,1873,1933,3.9053
1933,12,1873,1933,3.2757
1933,13,1873,1933,3.5153
1933,14,1873,1933,5.256
1933,15,1873,1933,5.2062
1933,16,1873,1933,5.1231
1933,17,1873,1933,3.8767
1933,18,1873,1933,3.9803
1933,19,1873,1933,3.5903
1933,20,1873,1933,3.5776
1933,21,1873,1933,3.9892
1933,22,1873,1933,5.1207
1933,23,1873,1933,4.1505
1933,24,1873,1933,5.0545
1933,25,1873,1933,4.6361
1933,26,1873,1933,5.4344
1933,27,1873,1933,3.6129
1933,28,1873,1933,3.5902
1933,29,1873,1933,4.7025
1933,30,1873,1933,3.9129
1933,31,1873,1933,4.0741
1933,32,1873,1933,4.1918
1933,33,1873,1933,4.929
1933,34,1873,1933,5.2436
1933,35,1873,1933,4.2142
1933,37,1873,1933,5.2444
1933,38,1873,1933,3.8108
1933,39,1873,1933,5.1415
1933,39,1903,1933,4.607
1933,40,1873,1933,3.7316
1933,41,1873,1933,3.5262
1933,42,1873,1933,5.0168
1933,43,1873,1933,3.8933
1933,44,1873,1933,5.1013
1933,45,1873,1933,4.1706
1933,46,1873,1933,4.9808
1933,47,1873,1933,4.9689
1933,48,1873,1933,5.1297
1933,49,1873,1933,4.2467
1933,50,1873,1933,3.7365
1933,51,1873,1933,3.5259
1933,52,1873,1933,3.6446
1933,53,1873,1933,5.2727
1933,54,1873,1933,3.6623
1933,55,1873,1933,5.0031
1933,56,1873,1933,3.9796
1933,57,1873,1933,5.0105
1933,58,1873,1933,4.3478
1933,59,1873,1933,5.0467
1933,60,1873,1933,3.5213
1933,61,1873,1933,3.8464
1933,62,1873,1933,2.9597
1933,63,1873,1933,5.4861
1933,64,1873,1933,3.9875
1933,65,1873,1933,5.3131
1933,66,1873,1933,3.9456
1933,67,1873,1933,3.403
1933,68,1873,1933,4.8788
1933,69,1873,1933,3.9854
1933,70,1873,1933,3.8657
1933,71,1873,1933,3.5249
1933,72,1873,1933,5.0651
1933,73,1873,1933,3.3164
1933,74,1873,1933,4.0744
1933,75,1873,1933,3.9683
1933,76,1873,1933,3.6091
1933,77,1873,1933,3.9737
1933,78,1873,1933,3.7176
1933,79,1873,1933,4.0721
1933,80,1873,1933,4.9494
1933,81,1873,1933,3.9582
1933,82,1873,1933,5.5823
1933,83,1873,1933,3.4844
1933,84,1873,1933,4.0676
1933,85,1873,1933,4.1623
1933,86,1873,1933,4.803
1933,87,1873,1933,4.2838
1933,88,1873,1933,5.1506
1933,89,1873,1933,4.8323
1933,90,1873,1933,3.5411
1933,92,1873,1933,4.6142
1933,93,1873,1933,3.5564
1933,94,1873,1933,5.236
1933,95,1873,1933,3.8523
1933,96,1873,1933,5.2792
1933,97,1873,1933,3.4125
1933,98,1873,1933,3.8082
1933,99,1873,1933,4.4086
1933,100,1873,1933,5.2107
1933,101,1873,1933,3.5171
1933,102,1873,1933,3.9399
1933,103,1873,1933,5.1339
1933,104,1873,1933,4.9678
1933,105,1873,1933,4.9475
1933,106,1873,1933,4.111
1933,107,1873,1933,4.9773
1933,108,1873,1933,5.1086
1933,109,1873,1933,4.019
1933,110,1873,1933,4.7615
1933,111,1873,1933,3.9165
1933,113,1873,1933,3.8427
1933,114,1873,1933,5.0864
1933,115,1873,1933,4.0695
1933,116,1873,1933,3.7517
1933,117,1873,1933,3.3773
1933,118,1873,1933,3.8812
1933,119,1873,1933,4.9096
1933,120,1873,1933,4.2684
1933,121,1873,1933,5.0973
1933,122,1873,1933,5.2208
1933,123,1873,1933,3.7701
1933,124,1873,1933,4.1475
1933,125,1873,1933,3.5673
1933,126,1873,1933,5.3793
1933,127,1873,1933,5.0586
1933,128,1873,1933,3.7595
1933,129,1873,1933,4.9254
1933,130,1873,1933,5.1667
1933,131,1873,1933,4.8592
1933,132,1873,1933,4.0352
1933,133,1873,1933,3.9593
1933,134,1873,1933,5.2772
1933,135,1873,1933,5.2203
1933,136,1873,1933,3.6279
1933,137,1873,1933,4.325
1933,138,1873,1933,4.0747
1933,139,1873,1933,5.0966
1933,140,1873,1933,5.1595
1933,141,1873,1933,5.1827
1933,142,1873,1933,4.1513
1933,143,1873,1933,4.9909
1933,144,1873,1933,3.907
1933,145,1873,1933,3.83
1933,146,1873,1933,3.5253
1933,147,1873,1933,5.1062
1933,148,1873,1933,5.3053
1933,149,1873,1933,3.8327
1933,150,1873,1933,4.9735
1933,151,1873,1933,5.1805
1933,152,1873,1933,3.8813
1933,153,1873,1933,5.0228
1933,154,1873,1933,3.7192
1933,155,1873,1933,5.1141
1933,156,1873,1933,5.0366
1933,157,1873,1933,5.1061
1933,158,1873,1933,3.9304
1933,159,1873,1933,3.5023
1933,161,1873,1933,5.121
1933,162,1873,1933,3.5929
1933,163,1873,1933,5.0292
1933,164,1873,1933,5.1611
1933,165,1873,1933,4.0199
1933,166,1873,1933,4.1064
1933,167,1873,1933,4.0313
1933,168,1873,1933,3.93
1933,169,1873,1933,5.0922
1933,170,1873,1933,4.047
1933,171,1873,1933,4.0331
1933,172,1873,1933,3.6571
1933,173,1873,1933,4.4276
1933,174,1873,1933,3.6228
1933,175,1873,1933,5.05
1933,176,1873,1933,4.652
1933,177,1873,1933,4.9644
1933,178,1873,1933,3.5728
1933,179,1873,1933,5.1511
1933,180,1873,1933,3.2379
1933,181,1873,1933,4.1097
1933,182,1873,1933,5.0242
1933,183,1873,1933,3.974
1933,184,1873,1933,2.987
1933,185,1873,1933,3.9234
1933,186,1873,1933,3.9433
1933,187,1873,1933,5.1776
1933,188,1873,1933,5.0738
1933,189,1873,1933,4.1687
1933,190,1873,1933,4.1101
1933,191,1873,1933,4.8597
1933,192,1873,1933,5.3079
1933,193,1873,1933,3.502
1933,194,1873,1933,5.0546
1933,195,1873,1933,5.2354
1933,196,1873,1933,3.7939
1933,197,1873,1933,4.8825
1933,198,1873,1933,5.4277
1933,199,1873,1933,5.1172
1935,0,1852,1935,4.7307
1935,1,1852,1935,4.4699
1935,2,1923,1935,5.4087
1935,3,1852,1935,4.3136
1935,4,1852,1935,4.3788
1935,5,1852,1935,4.1513
1935,6,1852,1935,3.7355
1935,7,1852,1935,4.2081
1935,8,1852,1935,3.9967
1935,9,1852,1935,4.2885
1935,10,1852,1935,4.7872
1935,11,1852,1935,4.4008
1935,12,1852,1935,4.027
1935,13,1852,1935,4.4174
1935,14,1852,1935,4.1989
1935,15,1852,1935,4.5495
1935,16,1852,1935,4.159
1935,17,1852,1935,4.0034
1935,18,1923,1935,5.1803
1935,19,1852,1935,4.2402
1935,20,1852,1935,4.0765
1935,21,1852,1935,3.8747
1935,22,1852,1935,4.2255
1935,23,1852,1935,4.1738
1935,24,1852,1935,4.3391
1935,25,1923,1935,5.6648
1935,26,1852,1935,4.1668
1935,27,1852,1935,4.204
1935,28,1852,1935,3.5749
1935,29,1852,1935,4.2587
1935,30,1852,1935,3.9062
1935,31,1852,1935,4.2647
1935,32,1852,1935,4.6141
1935,33,1852,1935,4.1203
1935,34,1923,1935,5.5692
1935,35,1852,1935,4.2021
1935,36,1852,1935,4.3871
1935,37,1923,1935,4.9631
1935,38,1852,1935,4.4632
1935,39,1852,1935,4.2658
1935,40,1852,1935,4.2177
1935,41,1852,1935,4.8263
1935,42,1852,1935,4.4292
1935,43,1852,1935,4.623
1935,44,1923,1935,5.0011
1935,45,1852,1935,4.7633
1935,46,1852,1935,4.7004
1935,47,1852,1935,4.1133
1935,48,1852,1935,4.1061
1935,49,1852,1935,4.0645
1935,50,1852,1935,4.1833
1935,51,1852,1935,3.9003
1935,52,1852,1935,3.8863
1935,53,1852,1935,4.6568
1935,54,1852,1935,4.1532
1935,55,1852,1935,4.6379
1935,56,1852,1935,3.9157
1935,57,1852,1935,4.1212
1935,58,1852,1935,3.3145
1935,59,1852,1935,4.6363
1935,60,1852,1935,3.6298
1935,61,1852,1935,4.2948
1935,62,1852,1935,4.0812
1935,63,1852,1935,4.2515
1935,64,1923,1935,5.6237
1935,65,1923,1935,5.3171
1935,66,1852,1935,4.0504
1935,67,1852,1935,3.5923
1935,68,1852,1935,4.2099
1935,69,1852,1935,4.9515
1935,70,1852,1935,4.4294
1935,71,1852,1935,4.5527
1935,72,1852,1935,4.4888
1935,73,1852,1935,4.496
1935,74,1852,1935,4.1432
1935,75,1852,1935,3.904
1935,76,1852,1935,4.7395
1935,77,1852,1935,4.2992
1935,78,1852,1935,4.2337
1935,79,1852,1935,4.7776
1935,80,1852,1935,3.8914
1935,81,1852,1935,4.0895
1935,82,1852,1935,4.098
1935,83,1852,1935,4.4368
1935,84,1852,1935,4.0049
1935,85,1852,1935,4.3007
1935,86,1852,1935,4.4069
1935,87,1852,1935,4.1689
1935,88,1852,1935,4.3554
1935,89,1852,1935,4.2125
1935,90,1852,1935,4.2112
1935,91,1923,1935,4.9434
1935,92,1852,1935,4.0091
1935,93,1923,1935,4.9715
1935,94,1852,1935,4.6044
1935,95,1852,1935,4.0929
1935,96,1852,1935,4.1817
1935,97,1852,1935,4.2367
1935,98,1852,1935,4.2815
1935,99,1852,1935,4.1795
1935,100,1852,1935,4.6119
1935,101,1852,1935,4.0003
1935,102,1852,1935,4.3151
1935,103,1852,1935,4.4788
1935,104,1852,1935,4.1602
1935,105,1852,1935,4.396
1935,106,1852,1935,3.558
1935,107,1852,1935,4.6173
1935,108,1852,1935,4.098
1935,109,1852,1935,4.6863
1935,110,1852,1935,4.1915
1935,111,1923,1935,5.2805
1935,112,1852,1935,4.1286
1935,113,1923,1935,5.4667
1935,114,1852,1935,4.3353
1935,115,1852,1935,4.5347
1935,116,1923,1935,5.1043
1935,117,1852,1935,4.4169
1935,118,1852,1935,4.6621
1935,119,1852,1935,4.5991
1935,120,1852,1935,4.1599
1935,121,1852,1935,4.4103
1935,122,1852,1935,4.4664
1935,123,1852,1935,4.3273
1935,124,1852,1935,4.5087
1935,125,1852,1935,4.2813
1935,126,1852,1935,4.1492
1935,127,1852,1935,4.2514
1935,128,1852,1935,4.3265
1935,129,1852,1935,4.3112
1935,130,1852,1935,4.1664
1935,131,1852,1935,3.8956
1935,132,1852,1935,4.0571
1935,133,1852,1935,4.3196
1935,134,1852,1935,4.5103
1935,135,1852,1935,3.9829
1935,136,1852,1935,4.3708
1935,137,1852,1935,4.2102
1935,138,1852,1935,4.4087
1935,139,1852,1935,4.8688
1935,140,1852,1935,4.7362
1935,141,1852,1935,4.2509
1935,142,1852,1935,4.2591
1935,143,1852,1935,3.9075
1935,144,1852,1935,3.3743
1935,145,1923,1935,5.7198
1935,146,1852,1935,4.2214
1935,147,1852,1935,3.9191
1935,148,1923,1935,5.187
1935,149,1852,1935,4.3386
1935,150,1852,1935,4.3299
1935,151,1852,1935,4.2201
1935,152,1852,1935,4.504
1935,153,1852,1935,4.2928
1935,154,1852,1935,4.6628
1935,155,1852,1935,4.4291
1935,156,1852,1935,4.0852
1935,157,1852,1935,4.5792
1935,158,1852,1935,4.4354
1935,159,1852,1935,4.1613
1935,160,1852,1935,4.8729
1935,161,1852,1935,4.3688
1935,162,1852,1935,4.1165
1935,163,1852,1935,4.5707
1935,164,1852,1935,4.5045
1935,165,1852,1935,4.588
1935,166,1852,1935,4.4142
1935,167,1852,1935,4.7499
1935,168,1852,1935,4.2243
1935,169,1852,1935,4.1238
1935,170,1852,1935,4.2939
1935,171,1852,1935,3.8442
1935,172,1852,1935,4.2219
1935,173,1852,1935,4.0981
1935,174,1852,1935,4.2393
1935,175,1852,1935,4.1361
1935,176,1923,1935,5.5341
1935,177,1852,1935,4.0542
1935,178,1852,1935,4.5688
1935,179,1852,1935,4.6428
1935,180,1852,1935,4.2557
1935,181,1852,1935,4.34
1935,182,1852,1935,4.2945
1935,183,1852,1935,4.4636
1935,184,1852,1935,4.422
1935,185,1852,1935,3.6572
1935,186,1852,1935,4.3309
1935,187,1852,1935,3.8386
1935,188,1923,1935,5.2889
1935,189,1852,1935,4.5189
1935,190,1852,1935,4.6481
1935,191,1852,1935,4.2421
1935,192,1923,1935,5.3228
1935,193,1852,1935,4.0613
1935,194,1852,1935,4.5751
1935,195,1852,1935,3.9793
1935,196,1852,1935,4.7244
1935,197,1852,1935,4.5074
1935,198,1852,1935,4.3537
1935,199,1852,1935,4.4711
1936,0,1930,1936,3.2508
1936,1,1870,1936,4.0613
1936,2,1870,1936,5.0493
1936,3,1930,1936,3.3221
1936,4,1870,1936,4.2099
1936,5,1870,1936,4.2697
1936,6,1930,1936,3.3416
1936,7,1870,1936,4.5542
1936,8,1870,1936,4.5633
1936,9,1930,1936,3.4629
1936,10,1870,1936,3.9251
1936,11,1870,1936,4.8647
1936,12,1870,1936,4.5099
1936,13,1930,1936,3.3693
1936,14,1930,1936,3.109
1936,15,1930,1936,3.2979
1936,16,1870,1936,4.4089
1936,17,1870,1936,5.3004
1936,18,1870,1936,4.2431
1936,19,1870,1936,4.0358
1936,20,1870,1936,5.4463
1936,21,1930,1936,3.3087
1936,22,1930,1936,3.1888
1936,23,1870,1936,5.0455
1936,24,1870,1936,3.9919
1936,25,1870,1936,4.8222
1936,26,1930,1936,3.0039
1936,27,1930,1936,3.2567
1936,28,1870,1936,4.2582
1936,29,1870,1936,4.9097
1936,30,1870,1936,4.8073
1936,31,1870,1936,5.2106
1936,32,1870,1936,4.8801
1936,33,1870,1936,5.1345
1936,34,1930,1936,3.2728
1936,35,1870,1936,4.4866
1936,36,1870,1936,4.7247
1936,37,1870,1936,3.9519
1936,38,1870,1936,4.1388
1936,39,1870,1936,4.2423
1936,40,1930,1936,3.287
1936,41,1870,1936,4.2918
1936,42,1870,1936,3.5229
1936,43,1870,1936,4.7939
1936,44,1930,1936,3.2591
1936,45,1930,1936,3.3594
1936,46,1870,1936,5.6875
1936,47,1870,1936,4.6397
1936,48,1870,1936,4.0196
1936,49,1870,1936,3.7163
1936,50,1870,1936,4.2571
1936,51,1870,1936,4.2431
1936,52,1870,1936,4.9125
1936,53,1870,1936,3.928
1936,54,1870,1936,4.3277
1936,55,1870,1936,4.3633
1936,56,1930,1936,3.2192
1936,57,1870,1936,5.0976
1936,58,1870,1936,4.6796
1936,59,1930,1936,3.3276
1936,60,1870,1936,5.4823
1936,61,1870,1936,4.5458
1936,62,1930,1936,3.2262
1936,63,1930,1936,3.3698
1936,64,1870,1936,4.6694
1936,65,1930,1936,3.3033
1936,66,1870,1936,4.5014
1936,67,1870,1936,5.3213
1936,68,1870,1936,4.0774
1936,69,1870,1936,3.3938
1936,70,1870,1936,4.963
1936,71,1870,1936,3.8943
1936,72,1870,1936,4.3579
1936,73,1930,1936,3.1045
1936,74,1930,1936,3.1064
1936,75,1930,1936,3.1749
1936,76,1930,1936,3.2623
1936,77,1870,1936,3.5881
1936,78,1870,1936,4.0242
1936,79,1930,1936,3.3453
1936,80,1870,1936,5.0698
1936,81,1870,1936,4.2475
1936,82,1930,1936,3.2599
1936,83,1930,1936,3.2257
1936,84,1930,1936,3.281
1936,85,1870,1936,3.6693
1936,86,1930,1936,3.408
1936,87,1870,1936,4.1024
1936,88,1930,1936,3.1762
1936,89,1870,1936,5.1547
1936,90,1870,1936,4.0091
1936,91,1870,1936,4.1519
1936,92,1870,1936,4.1007
1936,93,1870,1936,5.5655
1936,94,1870,1936,3.9493
1936,95,1930,1936,3.0027
1936,96,1930,1936,3.4162
1936,97,1930,1936,3.378
1936,98,1870,1936,4.2289
1936,99,1870,1936,4.2848
1936,100,1870,1936,4.9192
1936,101,1930,1936,3.2076
1936,102,1870,1936,3.9431
1936,103,1870,1936,4.1782
1936,104,1870,1936,3.6205
1936,105,1870,1936,5.0429
1936,106,1930,1936,3.3722
1936,107,1870,1936,4.5615
1936,108,1870,1936,4.0761
1936,109,1930,1936,3.2458
1936,110,1870,1936,4.1933
1936,111,1870,1936,4.7618
1936,112,1870,1936,4.2227
1936,113,1870,1936,3.7191
1936,114,1930,1936,3.1728
1936,115,1870,1936,4.8275
1936,116,1930,1936,3.4523
1936,117,1930,1936,3.3399
1936,118,1870,1936,5.3502
1936,119,1930,1936,3.4056
1936,120,1870,1936,4.9536
1936,121,1930,1936,3.1213
1936,122,1870,1936,4.2562
1936,123,1930,1936,3.3291
1936,124,1870,1936,4.8319
1936,125,1870,1936,4.9669
1936,126,1870,1936,5.0461
1936,127,1870,1936,4.4812
1936,128,1870,1936,4.4234
1936,129,1870,1936,4.933
1936,130,1870,1936,4.8366
1936,131,1870,1936,4.5209
1936,132,1930,1936,3.2557
1936,133,1930,1936,3.2353
1936,134,1930,1936,3.0709
1936,135,1930,1936,3.2365
1936,136,1870,1936,5.004
1936,137,1930,1936,3.306
1936,138,1870,1936,3.9543
1936,139,1870,1936,4.8031
1936,140,1930,1936,3.2937
1936,141,1930,1936,3.3321
1936,142,1870,1936,4.5993
1936,143,1870,1936,4.5256
1936,144,1870,1936,4.7443
1936,145,1930,1936,3.2031
1936,146,1870,1936,5.0631
1936,147,1870,1936,3.7076
1936,148,1930,1936,3.3447
1936,149,1870,1936,4.4309
1936,150,1930,1936,3.2943
1936,151,1870,1936,4.8449
1936,152,1870,1936,5.8575
1936,153,1870,1936,5.3313
1936,154,1930,1936,3.2081
1936,155,1930,1936,3.0597
1936,156,1870,1936,4.2654
1936,157,1870,1936,4.3702
1936,158,1870,1936,5.0437
1936,159,1930,1936,3.1293
1936,160,1870,1936,5.3742
1936,161,1870,1936,3.8129
1936,162,1870,1936,4.1045
1936,163,1870,1936,4.0775
1936,164,1870,1936,4.1111
1936,165,1870,1936,5.2852
1936,166,1930,1936,3.2892
1936,167,1930,1936,3.1527
1936,168,1870,1936,3.4619
1936,169,1870,1936,4.0886
1936,170,1870,1936,4.6571
1936,171,1930,1936,3.2762
1936,172,1930,1936,3.3089
1936,173,1870,1936,4.5347
1936,174,1870,1936,3.5381
1936,175,1870,1936,4.1963
1936,176,1870,1936,4.3372
1936,177,1930,1936,3.2596
1936,178,1870,1936,4.6034
1936,179,1870,1936,5.3682
1936,180,1870,1936,4.5858
1936,181,1930,1936,3.1387
1936,182,1870,1936,4.8569
1936,183,1870,1936,4.0476
1936,184,1870,1936,4.5412
1936,185,1930,1936,3.216
1936,186,1930,1936,3.3734
1936,187,1930,1936,3.2512
1936,188,1870,1936,4.4384
1936,189,1870,1936,4.6866
1936,190,1870,1936,4.1473
1936,191,1870,1936,4.4724
1936,192,1870,1936,4.7161
1936,193,1870,1936,4.9134
1936,194,1870,1936,5.1
1936,195,1930,1936,3.2188
1936,196,1930,1936,3.1941
1936,197,1930,1936,3.2309
1936,198,1870,1936,4.2595
1936,199,1930,1936,3.3782
1937,0,1931,1937,3.0841
1937,1,1931,1937,3.0151
1937,2,1931,1937,3.0306
1937,3,1931,1937,3.1688
1937,4,1931,1937,3.1178
1937,5,1883,1937,4.6583
1937,6,1931,1937,3.1825
1937,7,1883,1937,4.6835
1937,8,1931,1937,3.2303
1937,9,1883,1937,4.891
1937,10,1931,1937,2.9283
1937,11,1931,1937,3.1794
1937,12,1931,1937,3.0857
1937,13,1931,1937,2.9212
1937,14,1931,1937,2.9767
1937,15,1883,1937,4.8942
1937,16,1883,1937,4.7912
1937,17,1883,1937,4.7159
1937,18,1883,1937,4.6904
1937,19,1931,1937,2.9342
1937,20,1931,1937,3.4168
1937,21,1907,1937,5.7993
1937,22,1883,1937,4.7007
1937,23,1883,1937,4.7257
1937,24,1907,1937,4.2631
1937,25,1931,1937,3.2907
1937,26,1883,1937,4.857
1937,27,1907,1937,4.5226
1937,28,1931,1937,3.1914
1937,29,1883,1937,4.5854
1937,30,1883,1937,4.7573
1937,31,1883,1937,4.7749
1937,32,1883,1937,4.7581
1937,33,1883,1937,4.6319
1937,34,1907,1937,5.5321
1937,35,1931,1937,3.2263
1937,36,1931,1937,2.8473
1937,37,1883,1937,4.6586
1937,38,1883,1937,4.8339
1937,39,1883,1937,4.8818
1937,40,1883,1937,4.7565
1937,41,1883,1937,4.8506
1937,42,1931,1937,3.0073
1937,43,1883,1937,4.7136
1937,44,1931,1937,2.9888
1937,45,1931,1937,2.9617
1937,46,1931,1937,2.9056
1937,47,1883,1937,4.6559
1937,48,1907,1937,5.4086
1937,49,1931,1937,2.9612
1937,50,1931,1937,2.9322
1937,51,1883,1937,4.5353
1937,52,1907,1937,5.5575
1937,53,1883,1937,4.7413
1937,54,1931,1937,2.9493
1937,55,1931,1937,2.9835
1937,56,1931,1937,2.9375
1937,57,1883,1937,4.9069
1937,58,1883,1937,4.9181
1937,59,1931,1937,3.1734
1937,60,1883,1937,5.0124
1937,61,1931,1937,3.1434
1937,62,1907,1937,4.6699
1937,63,1883,1937,4.6823
1937,64,1883,1937,4.6263
1937,65,1931,1937,3.1971
1937,66,1883,1937,4.8251
1937,67,1931,1937,2.9287
1937,68,1883,1937,4.5031
1937,69,1931,1937,2.8923
1937,70,1931,1937,3.1703
1937,71,1931,1937,3.0356
1937,72,1931,1937,2.8935
1937,73,1931,1937,3.0989
1937,74,1883,1937,4.8131
1937,75,1931,1937,3.2031
1937,76,1883,1937,4.7323
1937,77,1931,1937,2.9674
1937,78,1907,1937,4.5898
1937,79,1883,1937,4.9004
1937,80,1931,1937,2.9588
1937,81,1931,1937,2.9049
1937,82,1931,1937,2.9192
1937,83,1883,1937,4.4656
1937,84,1931,1937,3.2942
1937,85,1883,1937,4.6063
1937,86,1931,1937,3.0251
1937,87,1883,1937,4.7379
1937,88,1883,1937,4.6466
1937,89,1907,1937,4.6752
1937,90,1883,1937,4.8007
1937,91,1883,1937,4.8055
1937,92,1907,1937,4.7967
1937,93,1883,1937,4.8114
1937,94,1907,1937,4.7385
1937,95,1931,1937,3.194
1937,96,1907,1937,4.7318
1937,97,1907,1937,5.5688
1937,98,1931,1937,3.1329
1937,99,1931,1937,3.1683
1937,100,1883,1937,4.6603
1937,101,1931,1937,3.0121
1937,102,1931,1937,3.2932
1937,103,1883,1937,4.8989
1937,104,1931,1937,3.0019
1937,105,1883,1937,4.8293
1937,106,1883,1937,4.6305
1937,107,1883,1937,4.7137
1937,108,1883,1937,4.8849
1937,109,1931,1937,3.118
1937,110,1883,1937,4.524
1937,112,1883,1937,4.6827
1937,113,1907,1937,4.7754
1937,114,1883,1937,4.8843
1937,115,1931,1937,2.9354
1937,116,1883,1937,4.672
1937,117,1931,1937,3.0172
1937,118,1907,1937,5.7253
1937,119,1883,1937,4.9001
1937,120,1907,1937,6.0916
1937,121,1883,1937,4.7814
1937,122,1907,1937,4.4839
1937,123,1931,1937,3.0774
1937,124,1883,1937,4.9535
1937,125,1907,1937,5.7786
1937,126,1931,1937,3.0462
1937,127,1883,1937,4.6937
1937,128,1907,1937,5.745
1937,129,1883,1937,4.7582
1937,130,1883,1937,4.6854
1937,131,1931,1937,2.8165
1937,132,1931,1937,3.1223
1937,133,1931,1937,3.0662
1937,134,1883,1937,4.5743
1937,135,1931,1937,3.1129
1937,136,1883,1937,4.8301
1937,137,1883,1937,4.6453
1937,138,1883,1937,4.7182
1937,139,1931,1937,3.0224
1937,140,1931,1937,2.9141
1937,141,1883,1937,4.7344
1937,142,1907,1937,4.6318
1937,143,1907,1937,6.0168
1937,144,1931,1937,2.8699
1937,145,1883,1937,4.5967
1937,146,1931,1937,3.1644
1937,147,1931,1937,2.9375
1937,148,1883,1937,4.3657
1937,149,1883,1937,4.9039
1937,150,1931,1937,3.0334
1937,151,1883,1937,4.7409
1937,152,1931,1937,3.2325
1937,153,1931,1937,2.9833
1937,154,1907,1937,5.5983
1937,155,1883,1937,4.7076
1937,156,1931,1937,3.1935
1937,157,1883,1937,4.687
1937,158,1883,1937,4.7471
1937,159,1907,1937,6.1907
1937,160,1931,1937,2.9478
1937,161,1931,1937,2.8983
1937,162,1883,1937,4.8017
1937,163,1883,1937,4.7608
1937,164,1931,1937,3.2015
1937,165,1907,1937,4.6606
1937,166,1931,1937,3.1959
1937,167,1883,1937,4.9205
1937,168,1883,1937,4.7154
1937,169,1883,1937,4.8563
1937,170,1907,1937,4.7749
1937,171,1883,1937,4.6971
1937,172,1931,1937,2.8743
1937,173,1883,1937,4.6445
1937,174,1907,1937,4.8399
1937,175,1907,1937,6.0018
1937,176,1907,1937,5.9687
1937,177,1907,1937,4.6572
1937,178,1931,1937,3.3181
1937,179,1883,1937,4.453
1937,180,1883,1937,4.8051
1937,181,1883,1937,4.7833
1937,182,1907,1937,4.8467
1937,183,1931,1937,3.1874
1937,184,1883,1937,4.6445
1937,185,1883,1937,4.6162
1937,186,1907,1937,5.9035
1937,187,1931,1937,3.1725
1937,188,1931,1937,2.8769
1937,189,1883,1937,4.7192
1937,190,1907,1937,4.4715
1937,191,1883,1937,4.3702
1937,192,1907,1937,4.7362
1937,193,1883,1937,4.9395
1937,194,1883,1937,4.9052
1937,195,1883,1937,4.7107
1937,196,1931,1937,3.0215
1937,197,1931,1937,3.0942
1937,198,1883,1937,4.5994
1937,199,1883,1937,4.5833
1943,0,1913,1943,4.6884
1943,1,1913,1943,4.8177
1943,2,1913,1943,4.7094
1943,3,1913,1943,4.532
1943,6,1913,1943,4.8829
1943,8,1913,1943,6.1191
1943,9,1913,1943,4.6063
1943,10,1913,1943,4.7528
1943,11,1913,1943,4.5874
1943,12,1853,1943,4.5903
1943,13,1913,1943,4.8451
1943,14,1913,1943,4.7183
1943,15,1913,1943,4.6555
1943,16,1913,1943,4.6715
1943,17,1913,1943,6.0471
1943,18,1913,1943,4.5124
1943,19,1913,1943,4.6283
1943,20,1913,1943,4.8551
1943,21,1913,1943,4.5963
1943,22,1913,1943,4.5799
1943,23,1913,1943,4.5081
1943,24,1913,1943,4.633
1943,25,1913,1943,4.7605
1943,26,1913,1943,5.1488
1943,27,1913,1943,4.5329
1943,28,1913,1943,4.7789
1943,29,1853,1943,4.634
1943,30,1913,1943,4.8048
1943,32,1853,1943,4.4157
1943,33,1913,1943,5.6254
1943,35,1913,1943,4.5534
1943,36,1913,1943,4.8532
1943,37,1913,1943,4.7058
1943,38,1913,1943,4.8456
1943,39,1913,1943,4.6318
1943,40,1913,1943,4.7034
1943,41,1913,1943,4.7166
1943,42,1853,1943,4.4617
1943,43,1913,1943,4.4239
1943,44,1913,1943,4.7857
1943,45,1913,1943,4.6734
1943,46,1913,1943,5.0458
1943,47,1913,1943,4.6947
1943,48,1853,1943,5.0313
1943,49,1913,1943,4.9085
1943,50,1913,1943,4.9969
1943,51,1913,1943,4.8327
1943,52,1853,1943,4.0023
1943,53,1913,1943,4.9111
1943,54,1913,1943,4.8881
1943,56,1913,1943,4.6634
1943,57,1913,1943,4.7408
1943,58,1913,1943,4.89
1943,59,1853,1943,4.4255
1943,60,1913,1943,4.8083
1943,61,1913,1943,4.7361
1943,62,1853,1943,4.5824
1943,63,1913,1943,4.9309
1943,64,1913,1943,4.8343
1943,65,1913,1943,4.5958
1943,66,1913,1943,4.569
1943,67,1913,1943,4.8594
1943,68,1913,1943,4.4805
1943,69,1913,1943,4.5111
1943,71,1913,1943,4.7347
1943,72,1853,1943,4.4458
1943,73,1913,1943,4.7195
1943,74,1913,1943,4.5078
1943,75,1913,1943,5.9617
1943,76,1913,1943,4.4163
1943,77,1913,1943,4.5956
1943,78,1913,1943,4.7234
1943,79,1913,1943,4.5966
1943,80,1913,1943,4.9015
1943,81,1913,1943,4.7993
1943,82,1913,1943,4.9758
1943,83,1913,1943,4.5444
1943,84,1913,1943,4.5046
1943,85,1913,1943,4.9715
1943,86,1913,1943,4.5855
1943,87,1913,1943,4.9345
1943,88,1913,1943,4.7703
1943,89,1913,1943,4.8344
1943,90,1913,1943,5.6233
1943,91,1913,1943,4.8135
1943,93,1913,1943,4.4865
1943,94,1913,1943,4.5813
1943,95,1913,1943,4.8079
1943,96,1913,1943,4.57
1943,97,1853,1943,4.5573
1943,98,1913,1943,4.7345
1943,99,1853,1943,4.6046
1943,100,1913,1943,6.1849
1943,101,1913,1943,4.4097
1943,102,1913,1943,4.7442
1943,103,1913,1943,4.4472
1943,104,1913,1943,4.7525
1943,105,1913,1943,4.8927
1943,106,1913,1943,4.6292
1943,107,1913,1943,4.9792
1943,108,1913,1943,4.7647
1943,109,1853,1943,4.4159
1943,110,1913,1943,4.7888
1943,111,1853,1943,4.5653
1943,112,1913,1943,4.5797
1943,113,1913,1943,4.6674
1943,114,1853,1943,4.4343
1943,115,1913,1943,4.5046
1943,116,1913,1943,4.4812
1943,117,1853,1943,4.2019
1943,118,1913,1943,4.6653
1943,119,1913,1943,6.0762
1943,121,1913,1943,5.8787
1943,122,1913,1943,4.5328
1943,123,1913,1943,4.752
1943,124,1913,1943,4.7748
1943,125,1913,1943,4.7015
1943,126,1913,1943,4.813
1943,128,1913,1943,4.6837
1943,129,1913,1943,4.5791
1943,130,1913,1943,4.7441
1943,131,1853,1943,4.5273
1943,132,1913,1943,4.7363
1943,133,1913,1943,4.6612
1943,134,1913,1943,4.384
1943,135,1913,1943,4.9539
1943,136,1853,1943,4.1931
1943,137,1913,1943,4.8628
1943,138,1913,1943,4.5864
1943,139,1913,1943,4.8083
1943,140,1913,1943,4.6201
1943,141,1913,1943,4.8626
1943,142,1913,1943,4.712
1943,143,1913,1943,4.8996
1943,144,1913,1943,4.7441
1943,145,1913,1943,4.5984
1943,146,1853,1943,4.4349
1943,147,1913,1943,4.3901
1943,148,1913,1943,4.5819
1943,149,1913,1943,5.7481
1943,150,1913,1943,4.6444
1943,152,1913,1943,4.9416
1943,153,1913,1943,4.6624
1943,154,1913,1943,4.5816
1943,155,1853,1943,4.5583
1943,156,1913,1943,4.4761
1943,157,1913,1943,4.492
1943,158,1913,1943,5.9025
1943,159,1913,1943,4.7408
1943,160,1913,1943,4.8653
1943,161,1913,1943,4.697
1943,162,1913,1943,4.7802
1943,163,1913,1943,4.572
1943,165,1853,1943,4.1199
1943,166,1913,1943,4.6198
1943,167,1853,1943,4.5154
1943,168,1913,1943,4.7083
1943,169,1913,1943,4.8666
1943,170,1913,1943,4.7218
1943,171,1913,1943,4.3973
1943,172,1853,1943,4.5437
1943,173,1913,1943,4.6864
1943,174,1853,1943,4.9103
1943,175,1913,1943,6.4987
1943,176,1913,1943,4.7643
1943,177,1913,1943,5.4777
1943,178,1913,1943,4.6209
1943,179,1913,1943,4.6016
1943,180,1913,1943,4.8369
1943,181,1913,1943,4.2669
1943,182,1913,1943,4.969
1943,183,1913,1943,4.7047
1943,184,1913,1943,4.7449
1943,185,1913,1943,4.887
1943,186,1913,1943,4.6352
1943,187,1913,1943,4.5893
1943,188,1913,1943,4.4625
1943,189,1913,1943,4.9117
1943,190,1913,1943,4.8758
1943,191,1913,1943,4.6271
1943,192,1913,1943,4.4556
1943,193,1913,1943,4.6001
1943,195,1913,1943,4.6945
1943,196,1913,1943,4.6319
1943,197,1913,1943,4.392
1943,198,1913,1943,6.0743
1943,199,1913,1943,4.5409
1835,4,1851,1835,3.2254
1835,6,1851,1835,3.2916
1835,7,1851,1835,3.1988
1835,8,1851,1835,3.2367
1835,9,1851,1835,3.2637
1835,10,1851,1835,3.3488
1835,11,1851,1835,3.1768
1835,12,1851,1835,3.2849
1835,13,1851,1835,3.2562
1835,16,1851,1835,3.1916
1835,17,1851,1835,3.2295
1835,18,1851,1835,3.4915
1835,19,1851,1835,3.2756
1835,20,1851,1835,3.4178
1835,22,1851,1835,3.1426
1835,23,1851,1835,3.2816
1835,24,1851,1835,3.2536
1835,25,1851,1835,3.1549
1835,26,1851,1835,3.28
1835,27,1851,1835,3.2397
1835,28,1851,1835,3.1942
1835,29,1851,1835,3.2251
1835,30,1851,1835,3.3085
1835,31,1851,1835,3.1681
1835,32,1851,1835,3.1927
1835,33,1851,1835,3.2013
1835,35,1851,1835,3.2859
1835,36,1851,1835,3.271
1835,37,1851,1835,3.314
1835,38,1853,1835,4.2306
1835,39,1851,1835,3.3149
1835,40,1851,1835,3.2864
1835,41,1851,1835,3.3135
1835,42,1851,1835,3.2227
1835,43,1851,1835,3.2251
1835,44,1851,1835,3.2221
1835,45,1851,1835,3.2464
1835,46,1851,1835,3.1355
1835,47,1851,1835,3.2793
1835,48,1851,1835,3.1852
1835,49,1851,1835,3.3054
1835,51,1851,1835,3.2574
1835,52,1851,1835,3.1581
1835,53,1851,1835,3.2097
1835,55,1851,1835,3.0969
1835,56,1851,1835,3.2549
1835,57,1851,1835,3.2789
1835,58,1851,1835,3.3
1835,59,1851,1835,3.2758
1835,60,1851,1835,3.1944
1835,61,1851,1835,3.2822
1835,62,1851,1835,3.1034
1835,63,1851,1835,3.2304
1835,64,1851,1835,3.3279
1835,65,1851,1835,3.3133
1835,66,1851,1835,3.2862
1835,67,1851,1835,3.4292
1835,68,1851,1835,3.362
1835,69,1851,1835,3.2767
1835,70,1851,1835,3.2053
1835,71,1851,1835,3.2936
1835,72,1851,1835,3.2133
1835,73,1851,1835,3.1023
1835,74,1851,1835,3.1883
1835,75,1851,1835,3.3528
1835,76,1851,1835,3.26
1835,77,1851,1835,3.1044
1835,78,1851,1835,3.3024
1835,79,1851,1835,3.3446
1835,80,1851,1835,3.1986
1835,81,1851,1835,3.2648
1835,82,1851,1835,3.2798
1835,83,1851,1835,3.2154
1835,84,1851,1835,3.1454
1835,85,1851,1835,3.2801
1835,86,1851,1835,3.213
1835,87,1851,1835,3.1256
1835,88,1851,1835,3.3635
1835,89,1851,1835,3.0272
1835,90,1851,1835,3.2814
1835,91,1851,1835,3.0932
1835,92,1851,1835,3.3855
1835,93,1851,1835,3.1491
1835,94,1851,1835,3.3081
1835,95,1851,1835,3.2617
1835,96,1851,1835,3.3226
1835,97,1851,1835,3.2833
1835,98,1851,1835,3.305
1835,99,1851,1835,3.1094
1835,100,1851,1835,3.2861
1835,101,1851,1835,3.0594
1835,102,1851,1835,3.187
1835,103,1851,1835,3.3295
1835,104,1851,1835,3.1793
1835,105,1851,1835,3.2489
1835,106,1851,1835,3.3978
1835,107,1851,1835,3.1753
1835,108,1851,1835,3.2236
1835,109,1851,1835,3.2348
1835,110,1851,1835,3.2365
1835,111,1851,1835,2.911
1835,112,1851,1835,3.1285
1835,113,1851,1835,3.4018
1835,114,1851,1835,3.1956
1835,115,1851,1835,3.2292
1835,116,1851,1835,3.3511
1835,117,1851,1835,3.1885
1835,118,1851,1835,3.1993
1835,119,1851,1835,3.1621
1835,120,1851,1835,3.2341
1835,121,1851,1835,3.2427
1835,122,1851,1835,3.3105
1835,123,1851,1835,3.2915
1835,124,1851,1835,3.131
1835,125,1851,1835,3.2313
1835,126,1851,1835,3.1915
1835,127,1851,1835,3.1764
1835,128,1851,1835,3.2509
1835,129,1851,1835,3.2793
1835,130,1851,1835,3.2441
1835,131,1851,1835,3.2919
1835,132,1851,1835,3.2255
1835,133,1851,1835,3.1966
1835,134,1851,1835,3.3828
1835,135,1851,1835,3.3137
1835,136,1851,1835,3.2348
1835,137,1851,1835,3.2376
1835,138,1851,1835,3.2349
1835,139,1851,1835,3.2567
1835,140,1851,1835,3.0767
1835,141,1851,1835,3.0923
1835,142,1851,1835,3.1622
1835,143,1851,1835,3.2955
1835,144,1851,1835,3.1552
1835,145,1851,1835,3.2231
1835,146,1851,1835,3.1066
1835,147,1851,1835,3.2526
1835,148,1851,1835,3.255
1835,149,1851,1835,3.1117
1835,150,1851,1835,3.2324
1835,151,1851,1835,3.2884
1835,152,1851,1835,3.2164
1835,153,1851,1835,3.2105
1835,154,1851,1835,3.2542
1835,155,1851,1835,3.2058
1835,156,1851,1835,3.1174
1835,157,1851,1835,3.2796
1835,158,1851,1835,3.2983
1835,159,1851,1835,3.3853
1835,160,1851,1835,3.2202
1835,161,1851,1835,3.2538
1835,162,1851,1835,3.3482
1835,163,1851,1835,3.1478
1835,164,1851,1835,3.2273
1835,165,1851,1835,3.2271
1835,166,1851,1835,3.1519
1835,167,1851,1835,3.1825
1835,168,1851,1835,3.3494
1835,169,1851,1835,3.1856
1835,170,1851,1835,3.0729
1835,171,1851,1835,3.2084
1835,172,1851,1835,3.2932
1835,173,1851,1835,3.2105
1835,174,1851,1835,3.3052
1835,175,1851,1835,3.2413
1835,176,1851,1835,3.1753
1835,177,1851,1835,3.3405
1835,178,1851,1835,3.3383
1835,179,1851,1835,3.2666
1835,180,1851,1835,3.3168
1835,181,1851,1835,3.2754
1835,182,1851,1835,3.285
1835,183,1851,1835,3.2944
1835,185,1851,1835,3.2532
1835,186,1851,1835,3.1898
1835,187,1851,1835,3.2676
1835,188,1851,1835,3.2769
1835,189,1851,1835,3.1982
1835,190,1851,1835,3.1823
1835,192,1851,1835,3.085
1835,194,1851,1835,3.1148
1835,195,1851,1835,3.2689
1835,196,1851,1835,3.1359
1835,197,1851,1835,3.1602
1835,198,1851,1835,3.2024
1835,199,1851,1835,3.347
1841,0,1865,1841,6.134
1841,1,1853,1841,4.1388
1841,2,1865,1841,6.4138
1841,3,1853,1841,3.9933
1841,4,1853,1841,3.8222
1841,5,1865,1841,6.8078
1841,6,1853,1841,4.2247
1841,7,1865,1841,7.4036
1841,8,1865,1841,6.8311
1841,9,1853,1841,3.9706
1841,10,1865,1841,5.9951
1841,11,1853,1841,3.7687
1841,12,1865,1841,6.8175
1841,13,1865,1841,5.8447
1841,14,1853,1841,4.1354
1841,15,1865,1841,6.4061
1841,16,1865,1841,6.1461
1841,17,1853,1841,4.2698
1841,18,1865,1841,6.0995
1841,19,1853,1841,3.752
1841,20,1853,1841,3.8618
1841,21,1853,1841,4.3706
1841,22,1853,1841,4.0762
1841,23,1853,1841,4.0237
1841,24,1853,1841,4.0049
1841,25,1865,1841,6.3405
1841,26,1865,1841,5.9552
1841,27,1865,1841,6.2134
1841,28,1853,1841,4.198
1841,29,1865,1841,6.0814
1841,30,1853,1841,3.9187
1841,31,1853,1841,4.0658
1841,32,1853,1841,4.0752
1841,33,1853,1841,3.9268
1841,34,1853,1841,4.0528
1841,35,1853,1841,4.2007
1841,36,1853,1841,4.0849
1841,37,1853,1841,4.0621
1841,38,1853,1841,4.2064
1841,39,1865,1841,6.2118
1841,40,1853,1841,4.2117
1841,41,1853,1841,4.2541
1841,42,1853,1841,4.1252
1841,43,1853,1841,4.0014
1841,44,1853,1841,4.1157
1841,45,1853,1841,3.8675
1841,46,1853,1841,3.9762
1841,47,1853,1841,4.375
1841,48,1853,1841,4.1084
1841,49,1853,1841,4.0166
1841,50,1853,1841,3.9391
1841,51,1853,1841,4.0655
1841,52,1853,1841,3.849
1841,53,1853,1841,4.1765
1841,54,1853,1841,4.2605
1841,55,1853,1841,4.2337
1841,56,1853,1841,4.2495
1841,57,1853,1841,4.0898
1841,58,1853,1841,4.1523
1841,59,1853,1841,4.2067
1841,60,1865,1841,6.8341
1841,61,1853,1841,4.2689
1841,62,1853,1841,4.1513
1841,63,1853,1841,3.9798
1841,64,1853,1841,4.0392
1841,65,1853,1841,3.8527
1841,66,1853,1841,4.1783
1841,67,1853,1841,3.9366
1841,68,1853,1841,4.055
1841,69,1853,1841,3.9098
1841,70,1853,1841,3.9687
1841,71,1853,1841,4.1595
1841,72,1853,1841,3.7624
1841,73,1853,1841,4.0877
1841,74,1853,1841,4.143
1841,75,1853,1841,4.2425
1841,76,1853,1841,4.1817
1841,77,1853,1841,4.1063
1841,78,1853,1841,3.8606
1841,79,1853,1841,4.3814
1841,80,1853,1841,3.9587
1841,81,1853,1841,3.8792
1841,82,1853,1841,4.3294
1841,83,1853,1841,4.0844
1841,84,1853,1841,4.1585
1841,85,1853,1841,3.8445
1841,86,1853,1841,4.2255
1841,87,1853,1841,4.0569
1841,88,1865,1841,7.1675
1841,89,1853,1841,4.0955
1841,90,1853,1841,4.258
1841,91,1853,1841,4.1556
1841,92,1853,1841,4.0648
1841,93,1853,1841,4.0455
1841,94,1853,1841,4.3751
1841,95,1853,1841,4.0656
1841,96,1853,1841,3.9562
1841,97,1853,1841,4.1849
1841,98,1853,1841,4.1007
1841,99,1865,1841,6.404
1841,100,1853,1841,4.1336
1841,101,1853,1841,3.9896
1841,102,1853,1841,3.9745
1841,103,1853,1841,4.0235
1841,104,1853,1841,4.0443
1841,105,1853,1841,4.2171
1841,106,1853,1841,3.8473
1841,107,1853,1841,4.0606
1841,108,1853,1841,4.2123
1841,109,1853,1841,3.9577
1841,110,1853,1841,3.8836
1841,111,1853,1841,3.8779
1841,112,1853,1841,4.1067
1841,113,1853,1841,4.0687
1841,114,1853,1841,3.9426
1841,115,1853,1841,4.0894
1841,116,1853,1841,4.1646
1841,117,1853,1841,3.7893
1841,118,1853,1841,4.3652
1841,119,1853,1841,4.0289
1841,120,1853,1841,3.914
1841,121,1853,1841,3.8871
1841,122,1853,1841,4.2635
1841,123,1853,1841,4.0124
1841,124,1853,1841,4.2221
1841,125,1853,1841,4.2077
1841,126,1853,1841,4.2543
1841,127,1853,1841,4.071
1841,128,1853,1841,4.2672
1841,129,1853,1841,4.0152
1841,130,1853,1841,4.2345
1841,131,1853,1841,3.7763
1841,132,1853,1841,4.0471
1841,133,1853,1841,4.1575
1841,134,1853,1841,4.0073
1841,135,1853,1841,4.1017
1841,136,1853,1841,4.1201
1841,137,1853,1841,4.3296
1841,138,1853,1841,4.016
1841,139,1853,1841,4.0712
1841,140,1853,1841,4.0986
1841,141,1853,1841,4.0506
1841,142,1853,1841,4.0657
1841,143,1853,1841,4.3157
1841,144,1853,1841,4.1418
1841,145,1853,1841,4.0619
1841,146,1853,1841,3.647
1841,147,1853,1841,4.1344
1841,148,1853,1841,4.154
1841,149,1853,1841,4.2536
1841,150,1853,1841,3.954
1841,151,1853,1841,4.0338
1841,152,1853,1841,4.1112
1841,153,1865,1841,7.068
1841,154,1853,1841,4.1335
1841,155,1853,1841,4.3135
1841,156,1853,1841,4.1392
1841,157,1853,1841,4.0998
1841,158,1853,1841,4.0823
1841,159,1853,1841,4.3354
1841,160,1865,1841,5.8977
1841,161,1853,1841,4.0599
1841,162,1853,1841,4.1687
1841,163,1853,1841,4.1433
1841,164,1865,1841,6.0995
1841,165,1853,1841,3.7976
1841,166,1853,1841,4.2164
1841,167,1853,1841,4.1112
1841,168,1865,1841,6.7595
1841,169,1853,1841,4.1491
1841,170,1865,1841,6.0581
1841,171,1853,1841,4.0227
1841,172,1853,1841,4.1727
1841,173,1853,1841,4.0896
1841,174,1853,1841,4.13
1841,175,1853,1841,4.1616
1841,176,1853,1841,4.1575
1841,177,1853,1841,4.0193
1841,178,1853,1841,3.8449
1841,179,1853,1841,4.15
1841,180,1853,1841,4.1596
1841,181,1853,1841,4.2604
1841,182,1865,1841,6.0058
1841,183,1853,1841,4.0392
1841,184,1853,1841,4.0856
1841,185,1853,1841,3.9082
1841,186,1853,1841,3.9526
1841,187,1865,1841,5.976
1841,188,1853,1841,3.9355
1841,189,1853,1841,4.3406
1841,190,1865,1841,6.2863
1841,191,1853,1841,3.977
1841,192,1853,1841,4.1257
1841,193,1853,1841,3.9471
1841,194,1853,1841,4.0886
1841,195,1865,1841,6.1507
1841,196,1865,1841,6.4944
1841,197,1853,1841,4.2573
1841,198,1853,1841,4.2548
1841,199,1853,1841,4.1408
1852,0,1912,1852,5.7329
1852,1,1869,1852,4.3642
1852,2,1869,1852,4.2985
1852,3,1869,1852,4.8229
1852,4,1869,1852,4.4463
1852,6,1912,1852,6.2746
1852,7,1912,1852,6.3991
1852,8,1869,1852,6.0178
1852,9,1869,1852,5.9763
1852,10,1869,1852,4.0891
1852,11,1912,1852,5.6223
1852,12,1869,1852,4.1782
1852,13,1912,1852,6.171
1852,14,1912,1852,5.9551
1852,15,1912,1852,6.0348
1852,16,1869,1852,4.6725
1852,17,1912,1852,5.5404
1852,18,1869,1852,4.6555
1852,19,1869,1852,4.4939
1852,20,1912,1852,5.4489
1852,21,1912,1852,5.5005
1852,22,1912,1852,6.283
1852,23,1912,1852,5.7377
1852,24,1869,1852,4.4867
1852,25,1869,1852,4.5886
1852,26,1869,1852,4.5272
1852,27,1869,1852,5.0191
1852,28,1869,1852,4.5184
1852,29,1869,1852,5.3478
1852,30,1869,1852,4.4128
1852,31,1869,1852,4.6382
1852,32,1869,1852,4.6487
1852,33,1869,1852,4.8081
1852,34,1912,1852,6.1203
1852,35,1869,1852,4.236
1852,36,1869,1852,5.3479
1852,37,1912,1852,6.2197
1852,38,1869,1852,4.8429
1852,39,1912,1852,5.772
1852,40,1912,1852,5.4312
1852,41,1869,1852,5.011
1852,42,1869,1852,4.834
1852,43,1912,1852,5.6272
1852,44,1912,1852,5.9949
1852,45,1869,1852,4.3793
1852,46,1912,1852,5.6154
1852,47,1869,1852,4.492
1852,48,1912,1852,5.8319
1852,49,1912,1852,5.8067
1852,50,1869,1852,4.6145
1852,51,1869,1852,4.9995
1852,52,1869,1852,4.6365
1852,53,1912,1852,5.4281
1852,54,1869,1852,4.8268
1852,55,1912,1852,6.0136
1852,56,1912,1852,5.4582
1852,57,1869,1852,4.5515
1852,58,1869,1852,4.7093
1852,59,1912,1852,5.7499
1852,60,1912,1852,5.4916
1852,61,1869,1852,4.6672
1852,62,1869,1852,4.9022
1852,63,1912,1852,6.0015
1852,64,1869,1852,4.8879
1852,65,1869,1852,4.9624
1852,67,1869,1852,5.0307
1852,68,1869,1852,6.0079
1852,69,1869,1852,4.4461
1852,70,1869,1852,5.654
1852,71,1912,1852,5.8907
1852,72,1869,1852,4.1124
1852,73,1869,1852,5.5039
1852,74,1912,1852,5.2401
1852,75,1869,1852,5.0965
1852,76,1912,1852,6.1692
1852,77,1912,1852,6.1628
1852,78,1912,1852,5.5707
1852,79,1912,1852,5.9538
1852,80,1869,1852,4.8427
1852,81,1869,1852,4.6194
1852,82,1869,1852,5.2101
1852,83,1869,1852,4.8307
1852,84,1869,1852,4.7399
1852,85,1912,1852,5.5172
1852,86,1912,1852,5.7917
1852,87,1912,1852,5.705
1852,88,1912,1852,5.1992
1852,89,1912,1852,6.0725
1852,90,1869,1852,5.0593
1852,91,1869,1852,4.9318
1852,92,1869,1852,5.1593
1852,93,1912,1852,5.9579
1852,94,1869,1852,5.6664
1852,95,1912,1852,5.5663
1852,96,1912,1852,5.9405
1852,97,1912,1852,6.2607
1852,98,1869,1852,4.633
1852,99,1912,1852,5.434
1852,100,1869,1852,4.5516
1852,101,1869,1852,5.0706
1852,102,1869,1852,4.6019
1852,103,1912,1852,5.6681
1852,104,1869,1852,4.6754
1852,105,1869,1852,4.7602
1852,106,1869,1852,4.7694
1852,107,1912,1852,5.3948
1852,108,1869,1852,4.4971
1852,110,1912,1852,5.5016
1852,111,1912,1852,5.2332
1852,112,1869,1852,4.7079
1852,113,1912,1852,6.1553
1852,114,1869,1852,4.988
1852,115,1869,1852,4.651
1852,116,1912,1852,5.7935
1852,117,1869,1852,4.5179
1852,118,1912,1852,5.8174
1852,119,1912,1852,5.5893
1852,120,1912,1852,5.7034
1852,121,1912,1852,6.1281
1852,122,1869,1852,4.3417
1852,123,1912,1852,5.5727
1852,124,1869,1852,5.0176
1852,125,1869,1852,4.748
1852,126,1912,1852,5.7227
1852,127,1912,1852,5.7347
1852,128,1912,1852,5.8692
1852,129,1912,1852,4.9015
1852,130,1869,1852,4.3675
1852,131,1912,1852,5.7916
1852,132,1912,1852,5.3974
1852,133,1869,1852,4.8297
1852,134,1912,1852,5.7643
1852,135,1912,1852,5.6163
1852,136,1869,1852,4.6738
1852,137,1912,1852,5.9697
1852,138,1869,1852,4.7396
1852,139,1869,1852,4.4929
1852,140,1912,1852,5.6622
1852,141,1912,1852,5.7916
1852,142,1869,1852,4.7722
1852,143,1912,1852,5.6798
1852,144,1912,1852,5.7422
1852,145,1912,1852,5.412
1852,146,1869,1852,4.6953
1852,148,1912,1852,6.0474
1852,149,1869,1852,4.7915
1852,150,1912,1852,5.8076
1852,151,1912,1852,5.793
1852,153,1869,1852,4.9655
1852,154,1912,1852,5.3603
1852,155,1869,1852,5.0588
1852,156,1869,1852,5.8453
1852,157,1869,1852,4.7575
1852,158,1869,1852,4.6837
1852,159,1869,1852,5.1565
1852,160,1869,1852,4.2394
1852,161,1869,1852,4.6962
1852,162,1912,1852,5.1435
1852,163,1869,1852,4.6198
1852,164,1912,1852,5.7276
1852,167,1869,1852,4.974
1852,168,1869,1852,5.1556
1852,169,1869,1852,4.7077
1852,170,1869,1852,5.262
1852,171,1912,1852,5.6788
1852,173,1912,1852,5.8431
1852,174,1912,1852,5.6985
1852,175,1869,1852,4.9012
1852,176,1912,1852,5.7751
1852,177,1912,1852,5.195
1852,179,1912,1852,5.4853
1852,180,1912,1852,5.4506
1852,181,1912,1852,5.7796
1852,182,1869,1852,4.1644
1852,183,1869,1852,4.7342
1852,184,1912,1852,6.0915
1852,185,1912,1852,5.8426
1852,188,1912,1852,5.9001
1852,189,1912,1852,6.112
1852,190,1912,1852,5.4176
1852,191,1869,1852,4.9507
1852,192,1912,1852,5.8514
1852,193,1912,1852,5.7214
1852,194,1912,1852,6.0106
1852,195,1912,1852,5.9348
1852,198,1869,1852,4.7576
1852,199,1869,1852,4.4498
1866,3,1831,1866,6.6062
1866,8,1831,1866,5.4453
1866,11,1831,1866,6.6773
1866,14,1831,1866,5.7731
1866,16,1831,1866,4.815
1866,18,1831,1866,5.933
1866,28,1831,1866,5.2231
1866,31,1831,1866,5.7998
1866,33,1831,1866,5.5991
1866,34,1831,1866,5.9917
1866,35,1831,1866,5.3526
1866,36,1831,1866,6.247
1866,38,1831,1866,5.6115
1866,49,1831,1866,5.7847
1866,50,1831,1866,5.7436
1866,51,1831,1866,4.2959
1866,58,1831,1866,5.7688
1866,60,1831,1866,4.8529
1866,62,1831,1866,4.9453
1866,64,1831,1866,5.5473
1866,68,1831,1866,5.3971
1866,71,1831,1866,5.9076
1866,80,1831,1866,6.4455
1866,81,1831,1866,4.9463
1866,86,1831,1866,6.5405
1866,88,1831,1866,4.5171
1866,91,1831,1866,6.0472
1866,95,1831,1866,5.9338
1866,96,1831,1866,4.8917
1866,97,1831,1866,5.5282
1866,99,1831,1866,5.902
1866,105,1831,1866,5.4179
1866,107,1831,1866,4.5644
1866,109,1831,1866,5.5884
1866,112,1831,1866,4.7854
1866,114,1831,1866,4.4421
1866,118,1831,1866,4.6307
1866,119,1831,1866,4.7455
1866,122,1831,1866,5.7159
1866,123,1831,1866,4.5772
1866,125,1831,1866,4.3889
1866,126,1831,1866,5.7399
1866,127,1831,1866,5.6139
1866,131,1831,1866,4.5698
1866,132,1831,1866,4.7621
1866,134,1831,1866,4.7066
1866,136,1831,1866,5.018
1866,137,1831,1866,5.6222
1866,138,1831,1866,4.9007
1866,139,1831,1866,4.5285
1866,141,1831,1866,5.5504
1866,145,1831,1866,4.3991
1866,146,1831,1866,5.8824
1866,147,1831,1866,5.5225
1866,150,1831,1866,6.027
1866,151,1831,1866,5.4807
1866,155,1831,1866,4.8184
1866,158,1831,1866,4.819
1866,163,1831,1866,4.6232
1866,169,1831,1866,4.9388
1866,170,1831,1866,4.6006
1866,172,1831,1866,5.9386
1866,174,1831,1866,4.8302
1866,175,1831,1866,5.7285
1866,176,1831,1866,4.9986
1866,178,1831,1866,5.9308
1866,179,1831,1866,6.0468
1866,180,1831,1866,6.2698
1866,185,1831,1866,4.7412
1866,186,1831,1866,5.5755
1866,187,1831,1866,6.2998
1866,190,1831,1866,6.1799
1866,191,1831,1866,4.6849
1866,195,1831,1866,5.8876
1866,196,1831,1866,4.6391
1894,44,1910,1894,3.231
1894,45,1910,1894,3.2159
1894,48,1910,1894,3.3376
1894,54,1910,1894,3.627
1894,71,1910,1894,3.2112
1894,73,1910,1894,3.3229
1894,77,1910,1894,3.3423
1894,86,1910,1894,3.2775
1894,90,1910,1894,3.4666
1894,92,1910,1894,3.3896
1894,94,1910,1894,3.1621
1894,96,1910,1894,3.2191
1894,99,1910,1894,3.3356
1894,101,1910,1894,3.3043
1894,105,1910,1894,3.2282
1894,113,1910,1894,3.4209
1894,115,1910,1894,3.2481
1894,117,1910,1894,3.2032
1894,119,1910,1894,3.3603
1894,126,1910,1894,3.3868
1894,128,1910,1894,3.1804
1894,135,1910,1894,3.1983
1894,137,1910,1894,3.2136
1894,138,1910,1894,3.2929
1894,139,1910,1894,3.3407
1894,143,1910,1894,3.113
1894,145,1910,1894,3.3391
1894,146,1910,1894,3.2578
1894,151,1910,1894,3.2636
1894,152,1910,1894,3.4259
1894,160,1910,1894,3.1128
1894,161,1910,1894,3.4254
1894,163,1910,1894,3.4003
1894,164,1910,1894,3.5185
1894,168,1910,1894,3.2602
1894,170,1910,1894,3.3622
1894,175,1910,1894,3.3359
1894,176,1910,1894,3.4399
1894,177,1910,1894,3.2085
1894,180,1910,1894,3.2601
1894,191,1910,1894,3.214
1894,192,1910,1894,3.3585
1863,40,1893,1863,6.0035
1863,55,1893,1863,6.1069
1863,58,1893,1863,5.6706
1863,61,1893,1863,5.9267
1863,63,1893,1863,5.9739
1863,71,1893,1863,6.282
1863,78,1893,1863,6.1044
1863,89,1893,1863,6.1385
1863,104,1893,1863,4.7616
1863,109,1893,1863,5.2909
1863,114,1893,1863,4.73
1863,115,1893,1863,5.368
1863,123,1893,1863,6.0979
1863,128,1893,1863,6.3041
1863,129,1893,1863,4.6983
1863,131,1893,1863,5.7205
1863,132,1893,1863,5.8132
1863,153,1893,1863,5.3798
1863,160,1893,1863,5.8091
1863,161,1893,1863,5.8407
1863,168,1893,1863,5.6192
1863,171,1893,1863,5.6055
1863,175,1893,1863,5.7291
1863,176,1893,1863,5.6107
1863,183,1893,1863,5.911
1863,185,1893,1863,5.085
1863,199,1893,1863,6.3765
1895,0,1835,1895,4.21
1895,1,1835,1895,4.685
1895,2,1835,1895,3.9415
1895,3,1835,1895,4.8954
1895,4,1853,1895,6.4774
1895,5,1835,1895,4.2232
1895,6,1835,1895,4.0197
1895,7,1853,1895,5.8888
1895,8,1835,1895,4.5904
1895,9,1853,1895,6.1282
1895,10,1853,1895,4.2867
1895,11,1835,1895,4.9013
1895,12,1835,1895,4.463
1895,13,1835,1895,5.0599
1895,14,1835,1895,4.1541
1895,15,1835,1895,4.5678
1895,16,1835,1895,3.9852
1895,17,1835,1895,4.0007
1895,18,1835,1895,4.6046
1895,19,1853,1895,5.8489
1895,20,1835,1895,4.3437
1895,21,1835,1895,4.2865
1895,22,1853,1895,5.8398
1895,23,1853,1895,5.7511
1895,24,1853,1895,6.0614
1895,25,1835,1895,4.3079
1895,26,1835,1895,4.436
1895,27,1835,1895,4.332
1895,28,1835,1895,4.6339
1895,29,1835,1895,4.5829
1895,30,1835,1895,4.8049
1895,31,1835,1895,4.5806
1895,32,1853,1895,5.5951
1895,33,1835,1895,4.7139
1895,34,1853,1895,5.9811
1895,35,1835,1895,4.2025
1895,36,1835,1895,4.8048
1895,37,1835,1895,4.3558
1895,38,1853,1895,5.9442
1895,39,1835,1895,4.6674
1895,40,1853,1895,6.0477
1895,41,1835,1895,4.5179
1895,42,1853,1895,5.5484
1895,43,1835,1895,4.3745
1895,44,1835,1895,4.4017
1895,45,1853,1895,6.1375
1895,46,1853,1895,5.9051
1895,47,1835,1895,4.5044
1895,48,1835,1895,4.6047
1895,49,1835,1895,4.2553
1895,50,1835,1895,4.4558
1895,51,1835,1895,4.1513
1895,52,1835,1895,4.4818
1895,53,1853,1895,4.3077
1895,54,1853,1895,5.78
1895,55,1853,1895,5.8494
1895,56,1853,1895,5.9804
1895,57,1835,1895,4.7923
1895,58,1853,1895,6.011
1895,59,1853,1895,5.8557
1895,60,1835,1895,4.9451
1895,61,1835,1895,4.9727
1895,62,1835,1895,4.688
1895,63,1835,1895,4.3508
1895,64,1853,1895,5.8049
1895,65,1835,1895,4.3409
1895,66,1853,1895,5.61
1895,67,1853,1895,6.1888
1895,68,1835,1895,4.6989
1895,69,1853,1895,4.5725
1895,70,1835,1895,4.4457
1895,71,1835,1895,3.7998
1895,72,1835,1895,4.5134
1895,73,1853,1895,5.9579
1895,74,1835,1895,4.8926
1895,75,1835,1895,4.0728
1895,76,1853,1895,5.9248
1895,77,1835,1895,4.2994
1895,78,1835,1895,4.608
1895,79,1835,1895,5.3163
1895,80,1835,1895,4.3639
1895,81,1835,1895,4.8814
1895,82,1853,1895,5.8026
1895,83,1835,1895,4.6788
1895,84,1835,1895,4.7328
1895,85,1835,1895,4.012
1895,86,1835,1895,4.6954
1895,87,1835,1895,3.9726
1895,88,1835,1895,4.5012
1895,89,1835,1895,4.7507
1895,90,1835,1895,4.1519
1895,91,1853,1895,6.1163
1895,92,1835,1895,4.4208
1895,93,1835,1895,4.2061
1895,94,1853,1895,5.9554
1895,95,1853,1895,6.2624
1895,96,1853,1895,6.0851
1895,97,1835,1895,4.1268
1895,98,1835,1895,4.2376
1895,99,1853,1895,5.823
1895,100,1853,1895,5.6619
1895,101,1853,1895,5.8698
1895,102,1835,1895,4.8264
1895,103,1835,1895,4.6205
1895,104,1835,1895,4.3514
1895,105,1835,1895,4.5257
1895,106,1835,1895,4.6578
1895,107,1853,1895,5.9642
1895,108,1835,1895,4.234
1895,109,1835,1895,4.4214
1895,110,1835,1895,4.082
1895,111,1835,1895,3.9463
1895,112,1853,1895,4.4965
1895,113,1835,1895,4.1493
1895,114,1835,1895,4.4067
1895,115,1835,1895,4.4497
1895,116,1835,1895,4.4284
1895,117,1835,1895,4.0248
1895,118,1835,1895,4.2325
1895,119,1853,1895,6.776
1895,120,1835,1895,4.275
1895,121,1835,1895,4.5108
1895,122,1835,1895,4.6446
1895,123,1853,1895,4.4824
1895,124,1853,1895,4.204
1895,125,1835,1895,4.7398
1895,126,1835,1895,3.5746
1895,127,1835,1895,4.4333
1895,128,1853,1895,6.0827
1895,129,1853,1895,5.7625
1895,130,1835,1895,4.3722
1895,131,1835,1895,5.09
1895,132,1835,1895,4.4616
1895,133,1835,1895,4.0223
1895,134,1853,1895,5.6913
1895,135,1835,1895,4.1924
1895,136,1835,1895,4.4391
1895,137,1835,1895,4.6532
1895,138,1835,1895,4.2974
1895,139,1853,1895,6.0111
1895,140,1835,1895,4.756
1895,141,1853,1895,5.2805
1895,142,1835,1895,4.5442
1895,143,1853,1895,5.5404
1895,144,1853,1895,6.0536
1895,145,1835,1895,4.4343
1895,146,1853,1895,4.2748
1895,147,1835,1895,5.0409
1895,148,1853,1895,5.5721
1895,149,1835,1895,3.713
1895,150,1835,1895,4.4317
1895,151,1853,1895,6.059
1895,152,1835,1895,4.1632
1895,153,1835,1895,4.6814
1895,154,1835,1895,4.1475
1895,155,1853,1895,5.6525
1895,156,1835,1895,4.392
1895,157,1853,1895,5.9188
1895,158,1835,1895,4.4767
1895,160,1853,1895,4.4576
1895,161,1853,1895,4.5096
1895,162,1835,1895,4.1723
1895,163,1835,1895,4.9075
1895,164,1835,1895,4.024
1895,165,1835,1895,3.4253
1895,166,1853,1895,4.523
1895,167,1835,1895,4.4715
1895,168,1853,1895,5.7889
1895,169,1853,1895,6.0261
1895,170,1835,1895,3.8253
1895,171,1835,1895,4.5849
1895,172,1853,1895,4.4411
1895,173,1853,1895,5.8775
1895,174,1835,1895,4.5283
1895,175,1835,1895,4.2294
1895,176,1835,1895,4.4579
1895,177,1835,1895,4.4569
1895,178,1835,1895,4.3194
1895,179,1853,1895,5.3234
1895,180,1835,1895,4.4358
1895,181,1835,1895,4.1481
1895,182,1835,1895,4.8504
1895,183,1835,1895,4.4779
1895,184,1853,1895,5.7482
1895,185,1835,1895,4.7987
1895,186,1835,1895,4.7586
1895,187,1835,1895,4.4407
1895,188,1853,1895,5.7039
1895,189,1835,1895,4.3046
1895,190,1835,1895,4.8276
1895,191,1835,1895,4.4846
1895,192,1835,1895,4.4986
1895,193,1853,1895,4.3087
1895,194,1835,1895,4.4884
1895,195,1853,1895,6.1653
1895,196,1835,1895,4.0882
1895,197,1853,1895,5.6183
1895,198,1853,1895,6.3512
1895,199,1835,1895,3.9317
1900,0,1873,1900,4.9073
1900,1,1873,1900,4.2884
1900,2,1873,1900,4.8306
1900,3,1873,1900,4.4946
1900,4,1873,1900,4.4762
1900,5,1873,1900,4.4576
1900,6,1873,1900,4.3434
1900,7,1873,1900,4.1938
1900,8,1873,1900,4.1622
1900,9,1873,1900,4.488
1900,10,1873,1900,4.2808
1900,11,1873,1900,4.6121
1900,12,1873,1900,4.6974
1900,15,1873,1900,4.0574
1900,16,1873,1900,4.4947
1900,17,1873,1900,4.4789
1900,18,1873,1900,3.8716
1900,19,1873,1900,4.889
1900,20,1873,1900,3.8394
1900,21,1873,1900,4.4724
1900,22,1873,1900,4.2964
1900,23,1873,1900,4.8555
1900,24,1873,1900,4.3563
1900,25,1873,1900,4.4523
1900,26,1873,1900,4.3906
1900,27,1873,1900,4.3327
1900,28,1873,1900,4.2644
1900,29,1873,1900,4.2904
1900,30,1873,1900,4.2989
1900,31,1873,1900,4.6395
1900,32,1873,1900,4.4824
1900,33,1873,1900,4.2345
1900,34,1873,1900,4.4509
1900,35,1873,1900,5.4099
1900,36,1873,1900,4.2603
1900,37,1873,1900,4.6025
1900,38,1873,1900,4.3544
1900,39,1873,1900,4.0763
1900,40,1873,1900,4.4622
1900,41,1873,1900,4.5354
1900,43,1873,1900,4.4471
1900,44,1873,1900,3.9822
1900,45,1873,1900,4.5286
1900,46,1873,1900,4.6511
1900,47,1873,1900,4.47
1900,49,1942,1900,6.1349
1900,50,1873,1900,4.2162
1900,51,1873,1900,4.4769
1900,52,1873,1900,4.2562
1900,53,1873,1900,4.5636
1900,54,1873,1900,4.8267
1900,55,1873,1900,4.2446
1900,56,1873,1900,4.4468
1900,58,1873,1900,4.2304
1900,59,1873,1900,4.5199
1900,60,1873,1900,4.5825
1900,61,1873,1900,4.1166
1900,62,1942,1900,6.2762
1900,63,1873,1900,4.6328
1900,64,1873,1900,4.243
1900,65,1873,1900,4.5366
1900,66,1873,1900,4.5248
1900,67,1873,1900,4.6861
1900,68,1873,1900,4.3965
1900,69,1873,1900,4.2033
1900,70,1873,1900,4.2707
1900,71,1873,1900,4.7696
1900,72,1873,1900,4.4067
1900,73,1873,1900,4.2792
1900,74,1873,1900,4.4511
1900,75,1873,1900,4.4575
1900,76,1873,1900,4.1977
1900,77,1873,1900,4.4248
1900,78,1873,1900,4.4451
1900,79,1873,1900,4.2267
1900,80,1873,1900,4.4904
1900,82,1873,1900,4.6182
1900,83,1873,1900,4.2513
1900,84,1873,1900,4.5181
1900,85,1873,1900,5.0171
1900,86,1873,1900,4.5041
1900,87,1873,1900,4.394
1900,88,1873,1900,4.6331
1900,89,1873,1900,4.8752
1900,90,1873,1900,4.3752
1900,91,1873,1900,4.534
1900,92,1873,1900,4.3845
1900,93,1873,1900,4.167
1900,94,1873,1900,4.4417
1900,95,1873,1900,4.5589
1900,96,1873,1900,4.6255
1900,97,1873,1900,4.3109
1900,98,1873,1900,4.2013
1900,99,1873,1900,4.6037
1900,100,1873,1900,4.6636
1900,101,1873,1900,4.5692
1900,102,1873,1900,4.1065
1900,103,1873,1900,4.7518
1900,104,1873,1900,4.4516
1900,105,1873,1900,4.5054
1900,106,1873,1900,4.4609
1900,107,1873,1900,4.3264
1900,108,1873,1900,5.4444
1900,109,1873,1900,4.368
1900,110,1873,1900,4.2212
1900,111,1873,1900,4.3452
1900,112,1873,1900,4.8298
1900,113,1873,1900,4.4919
1900,114,1873,1900,4.6823
1900,115,1873,1900,4.3762
1900,116,1873,1900,4.2913
1900,117,1873,1900,4.4615
1900,118,1873,1900,4.4691
1900,119,1873,1900,4.7649
1900,120,1873,1900,4.1771
1900,121,1873,1900,4.3603
1900,122,1873,1900,5.098
1900,123,1873,1900,4.6208
1900,124,1873,1900,4.5641
1900,125,1873,1900,4.4675
1900,126,1873,1900,4.3732
1900,127,1873,1900,4.1776
1900,128,1873,1900,4.2852
1900,129,1873,1900,4.5533
1900,130,1873,1900,4.5042
1900,131,1873,1900,4.2516
1900,132,1873,1900,4.6797
1900,133,1873,1900,4.7674
1900,134,1873,1900,4.3724
1900,135,1873,1900,4.6086
1900,136,1873,1900,4.3387
1900,137,1873,1900,4.3725
1900,138,1873,1900,5.1231
1900,139,1873,1900,4.5472
1900,140,1873,1900,4.185
1900,141,1873,1900,4.4269
1900,142,1873,1900,4.5337
1900,143,1873,1900,4.1962
1900,144,1873,1900,4.7145
1900,145,1873,1900,4.1693
1900,146,1873,1900,4.3017
1900,147,1873,1900,4.5457
1900,148,1873,1900,5.1281
1900,149,1873,1900,4.4399
1900,150,1873,1900,5.175
1900,151,1873,1900,4.3883
1900,152,1873,1900,4.7563
1900,153,1873,1900,4.1925
1900,154,1873,1900,4.3709
1900,155,1873,1900,4.308
1900,156,1873,1900,4.272
1900,157,1873,1900,4.0401
1900,158,1873,1900,4.6525
1900,159,1873,1900,4.5652
1900,160,1873,1900,4.3901
1900,161,1873,1900,4.5176
1900,162,1873,1900,4.0063
1900,163,1873,1900,4.6388
1900,164,1873,1900,3.9136
1900,165,1873,1900,4.8295
1900,166,1873,1900,4.4079
1900,167,1873,1900,4.5543
1900,168,1873,1900,5.1648
1900,169,1873,1900,4.1649
1900,170,1873,1900,4.4429
1900,171,1942,1900,6.3466
1900,172,1873,1900,4.4309
1900,173,1873,1900,4.5594
1900,174,1873,1900,4.2183
1900,175,1873,1900,4.3912
1900,176,1873,1900,4.7665
1900,177,1873,1900,4.5688
1900,178,1873,1900,4.3676
1900,179,1873,1900,4.393
1900,180,1873,1900,4.6364
1900,181,1873,1900,4.5158
1900,182,1873,1900,4.3641
1900,183,1873,1900,4.5113
1900,184,1873,1900,4.466
1900,186,1873,1900,4.3524
1900,188,1873,1900,3.9704
1900,189,1942,1900,6.3714
1900,190,1873,1900,4.4958
1900,191,1873,1900,4.7474
1900,192,1873,1900,4.4948
1900,193,1873,1900,4.6183
1900,194,1873,1900,4.485
1900,195,1873,1900,3.7658
1900,196,1873,1900,4.513
1900,197,1873,1900,4.5044
1900,198,1873,1900,4.1598
1900,199,1873,1900,4.6048
1901,0,1902,1901,5.1928
1901,1,1902,1901,5.2931
1901,3,1902,1901,5.3617
1901,4,1902,1901,5.1179
1901,5,1902,1901,4.7963
1901,6,1902,1901,5.4173
1901,7,1902,1901,5.2378
1901,8,1902,1901,5.4416
1901,9,1842,1901,4.6167
1901,10,1842,1901,4.5457
1901,11,1902,1901,5.2674
1901,12,1902,1901,5.0151
1901,13,1902,1901,4.8792
1901,14,1902,1901,4.8201
1901,15,1902,1901,4.5798
1901,16,1902,1901,4.9717
1901,17,1842,1901,4.5349
1901,18,1902,1901,4.795
1901,19,1902,1901,5.4611
1901,20,1902,1901,4.8167
1901,21,1902,1901,5.0939
1901,22,1902,1901,4.9845
1901,23,1902,1901,4.6324
1901,24,1902,1901,5.1486
1901,25,1902,1901,5.4409
1901,26,1902,1901,4.7191
1901,27,1902,1901,5.1372
1901,28,1902,1901,5.0346
1901,29,1902,1901,4.7093
1901,30,1902,1901,4.7437
1901,31,1902,1901,4.9641
1901,32,1902,1901,4.9955
1901,33,1842,1901,4.5466
1901,34,1902,1901,5.1701
1901,35,1842,1901,4.4891
1901,36,1902,1901,4.8701
1901,37,1902,1901,5.097
1901,38,1902,1901,4.6942
1901,39,1902,1901,5.1182
1901,40,1842,1901,4.6174
1901,41,1902,1901,4.799
1901,42,1902,1901,4.5825
1901,44,1902,1901,5.0985
1901,45,1902,1901,5.0132
1901,46,1842,1901,4.616
1901,47,1902,1901,5.0635
1901,48,1842,1901,4.6271
1901,49,1902,1901,5.1932
1901,50,1842,1901,4.5269
1901,51,1902,1901,5.2077
1901,52,1902,1901,5.2139
1901,53,1902,1901,3.855
1901,54,1902,1901,4.7422
1901,55,1842,1901,4.8282
1901,56,1902,1901,4.8293
1901,57,1842,1901,4.5043
1901,58,1902,1901,5.1856
1901,59,1902,1901,4.6045
1901,60,1902,1901,5.0975
1901,61,1902,1901,5.0245
1901,62,1842,1901,4.7052
1901,63,1902,1901,5.3709
1901,64,1842,1901,4.5653
1901,65,1902,1901,5.1027
1901,66,1842,1901,4.6622
1901,67,1902,1901,5.1974
1901,68,1902,1901,4.9406
1901,69,1902,1901,5.3031
1901,71,1902,1901,5.3277
1901,72,1902,1901,5.0407
1901,73,1902,1901,4.7125
1901,74,1902,1901,4.9165
1901,75,1902,1901,4.8448
1901,76,1902,1901,5.0759
1901,77,1902,1901,5.5954
1901,78,1902,1901,5.0752
1901,79,1902,1901,4.8131
1901,81,1902,1901,4.9997
1901,82,1902,1901,4.8981
1901,83,1902,1901,5.1382
1901,84,1902,1901,5.1618
1901,85,1842,1901,4.7543
1901,86,1902,1901,5.304
1901,87,1902,1901,5.2864
1901,88,1902,1901,5.2085
1901,89,1902,1901,3.413
1901,91,1902,1901,4.7889
1901,92,1842,1901,4.6585
1901,94,1902,1901,5.3881
1901,95,1902,1901,5.0873
1901,96,1842,1901,4.6503
1901,97,1902,1901,4.9974
1901,98,1902,1901,5.1353
1901,99,1902,1901,5.1029
1901,100,1902,1901,5.4031
1901,101,1902,1901,5.0379
1901,102,1902,1901,4.9557
1901,103,1902,1901,5.3676
1901,104,1902,1901,5.0187
1901,105,1902,1901,4.9855
1901,106,1902,1901,5.4415
1901,107,1902,1901,5.4947
1901,108,1902,1901,5.068
1901,109,1842,1901,4.4767
1901,110,1902,1901,5.0196
1901,111,1902,1901,3.803
1901,112,1902,1901,3.5559
1901,113,1842,1901,4.6116
1901,114,1902,1901,5.0836
1901,115,1902,1901,4.6938
1901,116,1902,1901,5.3074
1901,117,1902,1901,5.4133
1901,118,1902,1901,5.0855
1901,119,1902,1901,4.7826
1901,120,1902,1901,5.0126
1901,121,1902,1901,5.0573
1901,122,1902,1901,5.2947
1901,124,1902,1901,5.068
1901,125,1902,1901,5.0449
1901,126,1902,1901,5.0743
1901,127,1902,1901,5.0216
1901,128,1902,1901,4.8848
1901,129,1842,1901,4.4613
1901,130,1902,1901,5.2101
1901,131,1902,1901,5.0495
1901,132,1842,1901,4.5164
1901,133,1902,1901,4.7784
1901,134,1842,1901,4.6512
1901,135,1842,1901,4.4384
1901,136,1842,1901,4.643
1901,137,1902,1901,5.3613
1901,138,1902,1901,4.8009
1901,139,1842,1901,4.8305
1901,140,1902,1901,5.0614
1901,141,1902,1901,4.8491
1901,142,1902,1901,4.9051
1901,143,1902,1901,5.0837
1901,144,1902,1901,4.8983
1901,145,1842,1901,4.7691
1901,146,1902,1901,5.1329
1901,147,1902,1901,5.4925
1901,148,1902,1901,4.9413
1901,150,1902,1901,5.5311
1901,151,1902,1901,5.2023
1901,152,1902,1901,4.8346
1901,153,1842,1901,4.6012
1901,154,1902,1901,4.9791
1901,155,1902,1901,5.0
1901,156,1902,1901,3.7449
1901,158,1842,1901,4.4677
1901,159,1902,1901,4.9352
1901,160,1842,1901,4.5194
1901,161,1902,1901,5.2714
1901,162,1842,1901,4.4256
1901,163,1842,1901,4.5966
1901,164,1902,1901,4.7845
1901,165,1842,1901,4.8173
1901,166,1902,1901,4.817
1901,167,1842,1901,4.6375
1901,168,1902,1901,5.584
1901,169,1842,1901,4.62
1901,170,1902,1901,5.0788
1901,171,1902,1901,5.2697
1901,172,1902,1901,4.8255
1901,173,1902,1901,4.9472
1901,174,1902,1901,4.9746
1901,175,1902,1901,3.744
1901,176,1842,1901,4.5667
1901,177,1842,1901,4.4836
1901,178,1842,1901,4.6915
1901,179,1902,1901,5.4017
1901,180,1842,1901,4.4855
1901,181,1842,1901,4.6021
1901,182,1902,1901,5.0717
1901,183,1902,1901,4.8478
1901,184,1842,1901,4.6548
1901,185,1902,1901,4.9423
1901,186,1842,1901,4.6854
1901,188,1842,1901,4.6318
1901,189,1902,1901,4.7843
1901,190,1902,1901,5.3046
1901,191,1902,1901,4.8107
1901,192,1902,1901,5.4022
1901,193,1902,1901,4.9178
1901,194,1842,1901,4.791
1901,195,1842,1901,4.595
1901,196,1902,1901,5.4216
1901,197,1842,1901,4.4685
1901,198,1902,1901,5.0578
1901,199,1842,1901,4.5288
1903,0,1897,1903,2.9809
1903,1,1837,1903,5.2441
1903,2,1897,1903,3.0287
1903,3,1927,1903,4.6955
1903,4,1927,1903,4.6758
1903,5,1927,1903,4.7977
1903,6,1927,1903,4.8583
1903,7,1927,1903,4.6161
1903,8,1927,1903,4.4876
1903,9,1927,1903,4.5245
1903,10,1927,1903,5.0402
1903,11,1927,1903,4.1165
1903,12,1927,1903,4.4035
1903,13,1927,1903,4.5756
1903,14,1927,1903,4.5212
1903,15,1927,1903,4.6855
1903,16,1927,1903,4.5836
1903,17,1927,1903,4.7629
1903,18,1927,1903,4.1313
1903,19,1927,1903,4.4577
1903,20,1927,1903,4.3886
1903,21,1927,1903,4.5084
1903,22,1927,1903,4.4966
1903,23,1927,1903,5.0548
1903,24,1927,1903,4.2451
1903,25,1927,1903,4.6037
1903,26,1927,1903,4.6349
1903,27,1927,1903,4.6141
1903,28,1927,1903,4.6635
1903,29,1927,1903,4.7965
1903,30,1927,1903,4.2048
1903,31,1927,1903,4.9031
1903,32,1927,1903,4.3449
1903,33,1927,1903,4.5168
1903,34,1927,1903,4.2602
1903,35,1927,1903,4.7208
1903,36,1927,1903,4.3307
1903,37,1927,1903,4.4534
1903,38,1897,1903,3.1292
1903,39,1927,1903,4.3912
1903,40,1897,1903,3.0419
1903,41,1927,1903,3.8977
1903,42,1927,1903,4.3261
1903,43,1837,1903,6.6402
1903,44,1927,1903,4.6829
1903,45,1927,1903,4.5501
1903,46,1927,1903,4.3285
1903,47,1927,1903,4.8649
1903,48,1927,1903,4.8871
1903,49,1837,1903,6.655
1903,50,1927,1903,4.5886
1903,51,1927,1903,4.3962
1903,52,1927,1903,3.9182
1903,53,1927,1903,4.3519
1903,54,1927,1903,4.4689
1903,55,1927,1903,4.2391
1903,56,1927,1903,4.8616
1903,57,1927,1903,4.3103
1903,58,1897,1903,3.1224
1903,59,1927,1903,4.4203
1903,60,1927,1903,4.6897
1903,61,1927,1903,4.2561
1903,62,1927,1903,4.32
1903,63,1927,1903,4.0163
1903,64,1927,1903,4.4644
1903,65,1927,1903,3.9977
1903,66,1927,1903,4.9634
1903,67,1927,1903,4.1423
1903,68,1927,1903,4.5437
1903,69,1927,1903,4.3559
1903,70,1927,1903,4.7582
1903,71,1837,1903,6.6863
1903,72,1927,1903,4.3263
1903,73,1927,1903,3.9002
1903,74,1927,1903,4.146
1903,75,1927,1903,4.4042
1903,76,1927,1903,4.3397
1903,77,1927,1903,4.2492
1903,78,1837,1903,5.8482
1903,79,1927,1903,4.3563
1903,80,1927,1903,4.0935
1903,81,1897,1903,3.1063
1903,82,1927,1903,4.3589
1903,83,1927,1903,3.8189
1903,84,1927,1903,3.7916
1903,85,1927,1903,4.3567
1903,86,1927,1903,4.0524
1903,87,1927,1903,3.8819
1903,88,1897,1903,3.0657
1903,89,1927,1903,4.1831
1903,90,1927,1903,3.922
1903,91,1927,1903,4.7702
1903,92,1897,1903,3.1702
1903,93,1927,1903,4.399
1903,94,1927,1903,4.7115
1903,95,1897,1903,2.9681
1903,96,1927,1903,3.9779
1903,97,1927,1903,4.6775
1903,98,1927,1903,3.978
1903,99,1927,1903,4.4187
1903,100,1837,1903,7.0353
1903,101,1927,1903,4.418
1903,102,1927,1903,4.1373
1903,103,1837,1903,5.5352
1903,104,1927,1903,4.4102
1903,105,1927,1903,4.5223
1903,106,1927,1903,4.1773
1903,107,1927,1903,3.6272
1903,108,1927,1903,4.264
1903,109,1927,1903,3.6862
1903,110,1927,1903,4.3108
1903,111,1927,1903,4.2394
1903,112,1927,1903,4.3743
1903,113,1927,1903,4.2463
1903,114,1927,1903,4.6325
1903,115,1927,1903,4.2255
1903,116,1927,1903,4.2147
1903,117,1927,1903,4.0736
1903,118,1927,1903,4.4873
1903,119,1927,1903,4.7937
1903,120,1927,1903,4.6029
1903,121,1927,1903,3.8468
1903,122,1927,1903,4.2948
1903,123,1927,1903,4.2535
1903,124,1927,1903,3.6152
1903,125,1927,1903,3.8153
1903,126,1927,1903,3.8144
1903,127,1927,1903,3.836
1903,128,1927,1903,4.0297
1903,129,1927,1903,3.9816
1903,130,1927,1903,4.5191
1903,131,1927,1903,4.2186
1903,132,1927,1903,4.4867
1903,133,1927,1903,3.9262
1903,134,1927,1903,4.6411
1903,135,1927,1903,3.9089
1903,136,1927,1903,3.7363
1903,137,1927,1903,3.9937
1903,138,1927,1903,4.1108
1903,139,1927,1903,4.0147
1903,140,1927,1903,3.8307
1903,141,1927,1903,4.6306
1903,142,1837,1903,6.6825
1903,143,1927,1903,4.1335
1903,144,1927,1903,4.0245
1903,145,1927,1903,4.4084
1903,146,1927,1903,4.1198
1903,147,1927,1903,4.594
1903,148,1927,1903,5.0375
1903,149,1927,1903,4.4607
1903,150,1927,1903,4.1867
1903,151,1927,1903,4.5588
1903,152,1837,1903,5.4689
1903,153,1927,1903,4.0472
1903,154,1927,1903,4.4164
1903,155,1927,1903,4.1982
1903,156,1897,1903,3.1359
1903,157,1927,1903,4.2601
1903,158,1897,1903,3.2437
1903,159,1927,1903,3.9403
1903,160,1927,1903,4.4325
1903,161,1927,1903,4.8019
1903,162,1927,1903,4.1111
1903,163,1927,1903,4.766
1903,164,1927,1903,4.3084
1903,165,1897,1903,3.27
1903,166,1927,1903,4.4619
1903,167,1927,1903,4.3082
1903,168,1927,1903,3.8984
1903,169,1927,1903,3.9998
1903,170,1927,1903,3.6825
1903,171,1927,1903,4.0636
1903,172,1927,1903,3.8967
1903,173,1927,1903,4.2191
1903,174,1927,1903,4.2592
1903,175,1927,1903,4.9435
1903,176,1897,1903,3.1306
1903,177,1927,1903,4.3389
1903,178,1927,1903,3.7913
1903,179,1927,1903,4.4555
1903,180,1927,1903,3.9933
1903,181,1927,1903,4.0353
1903,182,1837,1903,5.5554
1903,183,1927,1903,4.3908
1903,184,1927,1903,4.3277
1903,185,1927,1903,4.0497
1903,186,1927,1903,4.4736
1903,187,1927,1903,4.1848
1903,188,1927,1903,4.4626
1903,189,1927,1903,4.4473
1903,190,1927,1903,4.8953
1903,191,1927,1903,4.0261
1903,192,1927,1903,4.796
1903,193,1927,1903,4.216
1903,194,1927,1903,4.4195
1903,195,1927,1903,3.9712
1903,196,1927,1903,3.5322
1903,197,1927,1903,4.4964
1903,198,1927,1903,3.9448
1903,199,1927,1903,4.5124
1904,58,1925,1904,18.3122
1905,0,1839,1905,4.778
1905,1,1839,1905,4.6518
1905,2,1839,1905,4.8519
1905,3,1839,1905,4.8968
1905,4,1839,1905,4.721
1905,5,1839,1905,4.8291
1905,6,1839,1905,3.8191
1905,7,1839,1905,4.9795
1905,8,1839,1905,4.9762
1905,9,1839,1905,4.9158
1905,10,1839,1905,4.9192
1905,11,1839,1905,4.3243
1905,12,1839,1905,4.6974
1905,13,1839,1905,4.893
1905,14,1839,1905,4.8347
1905,15,1839,1905,4.8257
1905,16,1839,1905,4.9756
1905,17,1839,1905,4.9126
1905,18,1839,1905,4.5303
1905,19,1839,1905,4.7882
1905,20,1839,1905,4.832
1905,21,1839,1905,4.741
1905,22,1839,1905,4.8022
1905,23,1839,1905,4.837
1905,24,1839,1905,5.0065
1905,25,1839,1905,4.9552
1905,26,1839,1905,4.943
1905,27,1839,1905,4.8646
1905,28,1839,1905,4.7055
1905,29,1839,1905,4.9232
1905,30,1839,1905,4.8076
1905,31,1839,1905,4.9482
1905,32,1839,1905,4.9466
1905,33,1839,1905,4.9021
1905,34,1839,1905,4.9433
1905,35,1839,1905,4.7896
1905,36,1839,1905,4.8561
1905,37,1839,1905,4.7625
1905,38,1839,1905,4.8719
1905,39,1839,1905,4.7771
1905,40,1839,1905,4.8179
1905,41,1839,1905,4.8726
1905,42,1839,1905,4.8762
1905,43,1839,1905,4.8661
1905,44,1839,1905,4.8383
1905,45,1839,1905,4.7036
1905,46,1839,1905,4.9872
1905,47,1839,1905,4.959
1905,48,1839,1905,4.6559
1905,49,1839,1905,4.8322
1905,50,1839,1905,4.9152
1905,51,1839,1905,4.8948
1905,52,1839,1905,4.6494
1905,53,1839,1905,4.8047
1905,54,1839,1905,4.7837
1905,55,1839,1905,4.9079
1905,56,1839,1905,4.7369
1905,57,1839,1905,4.783
1905,58,1839,1905,4.8243
1905,59,1839,1905,4.6762
1905,60,1839,1905,4.8606
1905,61,1839,1905,4.7624
1905,62,1839,1905,4.7028
1905,63,1839,1905,4.8662
1905,64,1839,1905,4.2543
1905,65,1839,1905,4.9734
1905,66,1839,1905,4.8817
1905,67,1839,1905,4.1032
1905,68,1839,1905,4.9967
1905,69,1839,1905,4.8544
1905,70,1839,1905,4.7188
1905,71,1839,1905,4.4196
1905,72,1839,1905,4.64
1905,73,1839,1905,4.9227
1905,74,1839,1905,4.8684
1905,75,1839,1905,4.7692
1905,76,1839,1905,4.426
1905,77,1839,1905,4.8582
1905,78,1839,1905,4.5562
1905,79,1839,1905,4.905
1905,80,1839,1905,4.7324
1905,81,1839,1905,4.97
1905,82,1839,1905,4.7467
1905,83,1839,1905,4.9123
1905,84,1839,1905,4.8696
1905,85,1839,1905,4.8764
1905,86,1839,1905,4.8158
1905,87,1839,1905,4.7049
1905,88,1839,1905,4.9179
1905,89,1839,1905,4.1799
1905,90,1839,1905,4.8357
1905,91,1839,1905,4.8391
1905,92,1839,1905,4.8477
1905,93,1839,1905,4.3991
1905,94,1839,1905,4.8589
1905,95,1839,1905,4.8227
1905,96,1839,1905,4.9278
1905,97,1839,1905,4.9788
1905,98,1839,1905,4.6014
1905,99,1839,1905,4.7497
1905,100,1839,1905,5.0596
1905,101,1839,1905,4.4397
1905,102,1839,1905,4.6824
1905,103,1839,1905,4.9295
1905,104,1839,1905,4.8591
1905,105,1839,1905,4.7257
1905,106,1839,1905,4.8432
1905,107,1839,1905,4.3874
1905,108,1839,1905,4.9158
1905,109,1839,1905,4.8837
1905,110,1839,1905,4.7654
1905,111,1839,1905,5.0024
1905,112,1839,1905,4.784
1905,113,1839,1905,4.9243
1905,114,1839,1905,4.91
1905,115,1839,1905,4.9756
1905,116,1839,1905,4.8878
1905,117,1839,1905,4.9481
1905,118,1839,1905,4.7982
1905,119,1839,1905,4.6854
1905,121,1839,1905,4.9598
1905,122,1839,1905,4.8142
1905,123,1839,1905,4.6371
1905,124,1839,1905,4.2852
1905,125,1839,1905,4.7445
1905,126,1839,1905,4.9371
1905,127,1839,1905,4.662
1905,128,1839,1905,4.641
1905,129,1839,1905,4.8261
1905,130,1839,1905,4.2206
1905,131,1839,1905,4.6627
1905,132,1839,1905,4.8446
1905,133,1839,1905,4.6692
1905,134,1839,1905,4.8889
1905,135,1839,1905,4.2798
1905,136,1839,1905,4.3334
1905,137,1839,1905,4.9228
1905,138,1839,1905,4.8691
1905,139,1839,1905,4.7137
1905,140,1839,1905,4.9064
1905,141,1839,1905,4.9998
1905,142,1839,1905,4.8728
1905,143,1839,1905,4.7952
1905,144,1839,1905,4.3434
1905,145,1839,1905,4.8329
1905,146,1839,1905,4.5741
1905,147,1839,1905,4.9538
1905,148,1839,1905,4.7755
1905,149,1839,1905,4.9843
1905,150,1839,1905,4.7054
1905,151,1839,1905,4.8391
1905,152,1839,1905,4.7562
1905,153,1839,1905,5.0087
1905,154,1839,1905,4.8619
1905,155,1839,1905,4.5918
1905,156,1839,1905,4.8465
1905,157,1839,1905,4.7651
1905,158,1839,1905,4.7297
1905,159,1839,1905,4.8368
1905,160,1839,1905,4.9405
1905,161,1839,1905,4.8681
1905,162,1839,1905,4.7164
1905,163,1839,1905,4.8213
1905,164,1839,1905,4.8815
1905,165,1839,1905,4.9119
1905,166,1839,1905,4.8992
1905,167,1839,1905,3.5722
1905,168,1839,1905,4.9051
1905,169,1839,1905,4.8248
1905,170,1839,1905,4.9474
1905,171,1839,1905,4.9103
1905,172,1839,1905,4.9047
1905,173,1839,1905,4.8515
1905,174,1839,1905,4.718
1905,175,1839,1905,4.983
1905,176,1839,1905,4.8349
1905,177,1839,1905,4.8313
1905,178,1839,1905,4.74
1905,179,1839,1905,4.7599
1905,180,1839,1905,4.977
1905,181,1839,1905,4.9249
1905,182,1839,1905,5.0267
1905,183,1839,1905,4.816
1905,184,1839,1905,4.6245
1905,185,1839,1905,4.8404
1905,186,1839,1905,4.9014
1905,187,1839,1905,4.8152
1905,188,1839,1905,4.8558
1905,189,1839,1905,4.2477
1905,190,1839,1905,4.9942
1905,191,1839,1905,4.5504
1905,192,1839,1905,4.8648
1905,193,1839,1905,4.2001
1905,194,1839,1905,4.5482
1905,195,1839,1905,4.9002
1905,196,1839,1905,4.3021
1905,197,1839,1905,4.3724
1905,198,1839,1905,4.8523
1905,199,1839,1905,4.2979
1912,1,1869,1912,4.6775
1912,2,1869,1912,4.7819
1912,3,1869,1912,4.635
1912,4,1869,1912,4.719
1912,5,1869,1912,4.8371
1912,6,1869,1912,4.7233
1912,7,1839,1912,4.4898
1912,8,1869,1912,4.5181
1912,9,1869,1912,4.8547
1912,10,1869,1912,4.7237
1912,11,1869,1912,4.6284
1912,12,1869,1912,4.6042
1912,13,1869,1912,4.7708
1912,14,1869,1912,4.6647
1912,15,1869,1912,4.5599
1912,16,1869,1912,4.6884
1912,17,1869,1912,4.6049
1912,18,1869,1912,4.7334
1912,19,1869,1912,4.7576
1912,20,1869,1912,4.8884
1912,21,1869,1912,4.5707
1912,22,1869,1912,4.6333
1912,23,1869,1912,4.64
1912,24,1869,1912,4.6732
1912,25,1869,1912,4.3271
1912,26,1869,1912,4.6209
1912,27,1839,1912,4.1418
1912,28,1869,1912,4.5676
1912,29,1869,1912,4.6888
1912,30,1869,1912,4.6656
1912,31,1869,1912,4.6051
1912,32,1869,1912,4.6426
1912,33,1869,1912,4.9066
1912,34,1869,1912,4.5829
1912,35,1869,1912,4.5416
1912,36,1869,1912,4.3849
1912,37,1869,1912,4.8992
1912,38,1839,1912,4.3292
1912,39,1869,1912,4.773
1912,40,1869,1912,4.9184
1912,42,1869,1912,4.8892
1912,43,1869,1912,4.6334
1912,44,1869,1912,4.5293
1912,45,1869,1912,4.44
1912,46,1869,1912,4.6862
1912,47,1869,1912,4.6925
1912,48,1869,1912,4.7956
1912,49,1869,1912,4.7056
1912,50,1869,1912,4.6443
1912,51,1869,1912,4.8399
1912,52,1869,1912,4.7092
1912,53,1839,1912,4.3929
1912,54,1869,1912,4.5434
1912,55,1869,1912,4.7958
1912,56,1869,1912,4.5872
1912,57,1869,1912,4.5389
1912,58,1869,1912,4.6621
1912,59,1869,1912,4.5501
1912,60,1869,1912,4.7719
1912,61,1869,1912,4.7627
1912,62,1869,1912,4.6525
1912,63,1869,1912,4.5646
1912,64,1869,1912,4.5051
1912,65,1839,1912,4.7072
1912,66,1869,1912,4.8235
1912,67,1869,1912,4.3778
1912,68,1869,1912,4.7931
1912,69,1869,1912,4.62
1912,70,1869,1912,4.9251
1912,71,1869,1912,4.6603
1912,72,1869,1912,4.5871
1912,74,1869,1912,4.505
1912,75,1869,1912,4.7372
1912,76,1869,1912,4.6411
1912,77,1869,1912,4.6326
1912,78,1869,1912,4.8699
1912,80,1869,1912,4.4919
1912,81,1869,1912,4.1126
1912,82,1869,1912,4.5925
1912,83,1869,1912,4.6131
1912,84,1869,1912,4.8262
1912,85,1869,1912,4.6918
1912,86,1869,1912,4.6599
1912,87,1869,1912,4.1534
1912,88,1869,1912,4.5167
1912,89,1869,1912,4.5955
1912,90,1869,1912,4.8849
1912,91,1869,1912,4.7863
1912,92,1869,1912,4.9119
1912,93,1869,1912,4.7044
1912,94,1869,1912,4.6921
1912,95,1869,1912,4.3695
1912,96,1869,1912,4.6304
1912,97,1869,1912,4.7963
1912,98,1869,1912,4.5985
1912,99,1869,1912,4.626
1912,100,1869,1912,4.7597
1912,101,1869,1912,4.6491
1912,102,1869,1912,4.5036
1912,103,1869,1912,4.7912
1912,103,1935,1912,4.7843
1912,104,1869,1912,4.563
1912,105,1869,1912,4.8331
1912,106,1869,1912,4.6841
1912,107,1839,1912,4.3398
1912,108,1869,1912,4.7701
1912,109,1869,1912,4.8141
1912,110,1869,1912,4.5593
1912,111,1869,1912,4.7781
1912,112,1869,1912,4.5824
1912,113,1869,1912,4.6177
1912,114,1869,1912,4.7755
1912,115,1869,1912,4.36
1912,116,1869,1912,4.5763
1912,117,1869,1912,4.6306
1912,118,1869,1912,4.6392
1912,119,1869,1912,4.6466
1912,120,1869,1912,4.8728
1912,121,1869,1912,4.5507
1912,122,1869,1912,4.5795
1912,123,1869,1912,4.7658
1912,124,1869,1912,4.6662
1912,125,1869,1912,4.4281
1912,126,1869,1912,4.8804
1912,127,1869,1912,4.7162
1912,128,1869,1912,4.564
1912,129,1869,1912,4.7547
1912,130,1869,1912,4.8427
1912,131,1869,1912,5.0149
1912,132,1869,1912,4.7349
1912,133,1869,1912,4.6878
1912,134,1869,1912,4.5966
1912,135,1869,1912,4.6014
1912,136,1869,1912,4.6609
1912,137,1869,1912,4.4389
1912,138,1869,1912,4.5104
1912,139,1869,1912,4.1871
1912,140,1869,1912,4.7904
1912,141,1869,1912,4.6643
1912,142,1869,1912,4.4755
1912,144,1869,1912,4.5836
1912,145,1869,1912,4.6366
1912,146,1869,1912,4.5146
1912,147,1869,1912,4.6388
1912,148,1869,1912,4.7858
1912,149,1869,1912,4.5923
1912,150,1869,1912,4.065
1912,151,1869,1912,4.471
1912,152,1869,1912,4.5613
1912,153,1869,1912,4.5558
1912,154,1869,1912,4.6647
1912,155,1869,1912,4.6309
1912,156,1869,1912,4.7072
1912,157,1869,1912,4.7656
1912,158,1869,1912,4.6514
1912,159,1869,1912,4.536
1912,160,1869,1912,4.5969
1912,161,1869,1912,4.7076
1912,162,1869,1912,4.7971
1912,163,1869,1912,4.7806
1912,164,1869,1912,4.3991
1912,165,1869,1912,4.6292
1912,166,1869,1912,4.5304
1912,167,1869,1912,4.6075
1912,168,1869,1912,4.7057
1912,169,1869,1912,4.6131
1912,170,1869,1912,4.6281
1912,171,1869,1912,4.7807
1912,172,1869,1912,4.5406
1912,173,1869,1912,4.6584
1912,174,1869,1912,4.5099
1912,175,1869,1912,4.673
1912,176,1869,1912,4.4596
1912,177,1869,1912,4.649
1912,178,1869,1912,4.9621
1912,179,1869,1912,3.9931
1912,180,1869,1912,4.6438
1912,181,1869,1912,4.5625
1912,182,1869,1912,4.8196
1912,183,1869,1912,4.9078
1912,184,1869,1912,4.5909
1912,185,1869,1912,4.6658
1912,186,1869,1912,4.5203
1912,187,1869,1912,4.8168
1912,188,1869,1912,4.5273
1912,189,1869,1912,4.7344
1912,190,1869,1912,4.6886
1912,191,1869,1912,4.867
1912,192,1869,1912,4.8931
1912,193,1869,1912,4.4052
1912,194,1869,1912,4.9185
1912,195,1869,1912,4.6498
1912,196,1869,1912,4.6885
1912,197,1869,1912,4.7545
1912,198,1869,1912,4.5283
1912,199,1869,1912,4.7637
1913,0,1928,1913,5.8541
1913,1,1934,1913,5.9443
1913,2,1934,1913,5.944
1913,3,1934,1913,5.4068
1913,4,1928,1913,6.4502
1913,5,1928,1913,5.0896
1913,6,1928,1913,5.9494
1913,7,1928,1913,5.6639
1913,8,1928,1913,5.7578
1913,9,1893,1913,21.8058
1913,9,1934,1913,4.7325
1913,10,1928,1913,6.158
1913,11,1928,1913,6.1987
1913,12,1934,1913,5.2773
1913,13,1934,1913,5.9667
1913,14,1928,1913,6.3398
1913,15,1928,1913,5.5549
1913,16,1934,1913,5.4407
1913,17,1928,1913,6.3196
1913,18,1928,1913,5.6465
1913,19,1934,1913,5.8909
1913,21,1928,1913,6.3007
1913,22,1934,1913,5.9536
1913,23,1928,1913,5.1351
1913,24,1934,1913,6.035
1913,25,1928,1913,4.8923
1913,26,1928,1913,6.0792
1913,27,1928,1913,6.4146
1913,29,1934,1913,5.6677
1913,30,1934,1913,6.2763
1913,31,1928,1913,6.296
1913,32,1934,1913,5.2942
1913,33,1934,1913,5.4725
1913,34,1934,1913,5.917
1913,35,1928,1913,5.5423
1913,36,1934,1913,6.0112
1913,37,1928,1913,5.1345
1913,38,1934,1913,5.0649
1913,39,1928,1913,6.4093
1913,40,1928,1913,5.3572
1913,41,1934,1913,5.8477
1913,42,1928,1913,4.8751
1913,43,1928,1913,6.1647
1913,44,1934,1913,5.8182
1913,45,1928,1913,5.1302
1913,46,1928,1913,6.4466
1913,47,1928,1913,5.7284
1913,48,1928,1913,6.2257
1913,49,1934,1913,5.9499
1913,50,1928,1913,6.3596
1913,51,1928,1913,5.659
1913,52,1928,1913,6.2441
1913,53,1934,1913,6.1608
1913,54,1928,1913,6.0388
1913,55,1928,1913,5.8697
1913,56,1928,1913,5.6957
1913,57,1928,1913,5.7027
1913,58,1928,1913,5.6407
1913,59,1928,1913,5.8189
1913,60,1928,1913,6.4942
1913,61,1934,1913,6.1018
1913,62,1934,1913,5.2424
1913,63,1934,1913,5.3103
1913,64,1934,1913,5.6191
1913,65,1928,1913,5.9493
1913,66,1934,1913,5.2583
1913,67,1934,1913,6.0539
1913,68,1928,1913,6.2643
1913,69,1928,1913,6.1945
1913,70,1934,1913,6.3212
1913,71,1928,1913,5.7987
1913,72,1928,1913,6.144
1913,74,1928,1913,6.1145
1913,75,1928,1913,5.3328
1913,76,1934,1913,5.8928
1913,77,1934,1913,5.8947
1913,78,1928,1913,5.2285
1913,79,1928,1913,6.168
1913,80,1928,1913,5.7101
1913,81,1928,1913,5.2352
1913,82,1928,1913,6.3047
1913,84,1934,1913,5.9805
1913,85,1934,1913,6.5926
1913,86,1928,1913,6.372
1913,87,1928,1913,5.6335
1913,88,1934,1913,6.1825
1913,90,1928,1913,5.9418
1913,91,1934,1913,5.5472
1913,92,1934,1913,5.6957
1913,93,1928,1913,6.1234
1913,94,1934,1913,6.2476
1913,95,1928,1913,5.9903
1913,96,1928,1913,5.8499
1913,97,1928,1913,5.6821
1913,98,1934,1913,6.1542
1913,99,1934,1913,5.5258
1913,100,1934,1913,6.0543
1913,101,1934,1913,6.3611
1913,102,1928,1913,5.6496
1913,103,1934,1913,5.7778
1913,104,1928,1913,6.5831
1913,105,1928,1913,6.1344
1913,106,1934,1913,6.1115
1913,107,1928,1913,5.545
1913,108,1928,1913,5.7788
1913,109,1934,1913,5.8447
1913,110,1928,1913,5.7343
1913,111,1928,1913,5.6211
1913,112,1934,1913,5.8911
1913,113,1928,1913,5.9653
1913,114,1928,1913,5.7356
1913,115,1928,1913,6.358
1913,116,1928,1913,5.2635
1913,117,1928,1913,6.6061
1913,118,1928,1913,6.495
1913,119,1928,1913,6.0114
1913,120,1928,1913,6.6847
1913,121,1934,1913,5.6739
1913,122,1928,1913,6.6029
1913,123,1934,1913,5.8683
1913,124,1928,1913,6.7372
1913,125,1928,1913,6.4058
1913,127,1934,1913,5.8564
1913,128,1934,1913,6.3142
1913,129,1928,1913,5.4601
1913,130,1928,1913,6.2671
1913,131,1928,1913,5.9739
1913,132,1928,1913,6.337
1913,133,1934,1913,6.0912
1913,134,1934,1913,6.1109
1913,135,1928,1913,6.4705
1913,136,1928,1913,5.4051
1913,137,1934,1913,6.3131
1913,138,1934,1913,6.0683
1913,139,1934,1913,4.4765
1913,140,1928,1913,6.1904
1913,141,1928,1913,6.3868
1913,142,1934,1913,5.5224
1913,143,1928,1913,6.0967
1913,144,1928,1913,6.4377
1913,145,1934,1913,6.5027
1913,146,1934,1913,5.9754
1913,147,1928,1913,6.4195
1913,148,1928,1913,5.5111
1913,149,1928,1913,5.759
1913,150,1934,1913,6.2612
1913,151,1928,1913,5.4043
1913,152,1934,1913,5.9109
1913,153,1934,1913,5.9162
1913,154,1934,1913,6.3206
1913,155,1928,1913,6.0664
1913,156,1928,1913,6.3255
1913,157,1934,1913,6.0487
1913,158,1928,1913,6.0374
1913,159,1928,1913,5.922
1913,160,1928,1913,6.3565
1913,161,1934,1913,5.4462
1913,162,1928,1913,6.5474
1913,163,1928,1913,5.8267
1913,164,1934,1913,6.4842
1913,165,1934,1913,4.9954
1913,166,1934,1913,5.9966
1913,167,1928,1913,6.3037
1913,168,1928,1913,5.3438
1913,169,1928,1913,6.1394
1913,170,1934,1913,6.1001
1913,171,1928,1913,5.2247
1913,172,1934,1913,6.1185
1913,173,1934,1913,6.4156
1913,174,1928,1913,6.3812
1913,175,1934,1913,6.1678
1913,176,1934,1913,6.3418
1913,177,1928,1913,5.5151
1913,178,1928,1913,6.0153
1913,179,1928,1913,5.6483
1913,180,1928,1913,6.0894
1913,181,1928,1913,5.9182
1913,182,1928,1913,5.8098
1913,183,1928,1913,5.9483
1913,184,1934,1913,5.391
1913,185,1928,1913,5.4119
1913,186,1928,1913,5.6823
1913,187,1934,1913,5.7995
1913,188,1934,1913,4.7483
1913,189,1934,1913,5.3773
1913,190,1928,1913,5.7614
1913,191,1934,1913,4.5155
1913,192,1928,1913,6.2462
1913,193,1928,1913,5.879
1913,194,1928,1913,5.2543
1913,195,1934,1913,6.4567
1913,196,1928,1913,6.0917
1913,197,1934,1913,5.4224
1913,198,1934,1913,5.6961
1913,199,1934,1913,6.263
1934,0,1913,1934,4.3219
1934,1,1913,1934,4.253
1934,2,1913,1934,4.4055
1934,3,1913,1934,4.0602
1934,4,1928,1934,3.3474
1934,5,1913,1934,3.7696
1934,6,1913,1934,3.9531
1934,7,1913,1934,4.8334
1934,8,1913,1934,4.4713
1934,9,1913,1934,4.0823
1934,10,1913,1934,4.4025
1934,11,1913,1934,4.1693
1934,12,1913,1934,4.2407
1934,13,1913,1934,4.1658
1934,14,1913,1934,4.2759
1934,15,1913,1934,4.3275
1934,16,1913,1934,4.0643
1934,17,1913,1934,4.096
1934,18,1913,1934,4.5338
1934,19,1913,1934,3.9368
1934,20,1913,1934,4.5432
1934,21,1913,1934,4.1052
1934,22,1913,1934,4.0781
1934,23,1913,1934,3.8069
1934,24,1913,1934,4.4785
1934,25,1913,1934,3.9294
1934,26,1913,1934,4.0847
1934,27,1913,1934,4.152
1934,28,1913,1934,4.016
1934,29,1913,1934,3.8525
1934,30,1913,1934,4.569
1934,31,1913,1934,4.3177
1934,32,1913,1934,4.028
1934,33,1913,1934,3.9797
1934,34,1913,1934,3.9785
1934,35,1913,1934,4.0271
1934,36,1913,1934,4.056
1934,37,1913,1934,3.917
1934,38,1913,1934,4.0399
1934,39,1913,1934,4.1204
1934,40,1913,1934,4.2142
1934,41,1913,1934,4.345
1934,42,1913,1934,4.1297
1934,43,1913,1934,4.3909
1934,44,1913,1934,4.5116
1934,45,1913,1934,4.4215
1934,46,1913,1934,4.1496
1934,47,1913,1934,4.4487
1934,48,1913,1934,3.8755
1934,49,1913,1934,3.8016
1934,50,1928,1934,3.3881
1934,51,1913,1934,4.2046
1934,52,1913,1934,4.4706
1934,53,1928,1934,3.4053
1934,54,1913,1934,3.8455
1934,55,1928,1934,3.3252
1934,56,1913,1934,4.4814
1934,57,1913,1934,3.7687
1934,58,1913,1934,4.0072
1934,59,1913,1934,4.6425
1934,60,1913,1934,4.1044
1934,61,1913,1934,4.1038
1934,62,1913,1934,4.4054
1934,63,1913,1934,4.2716
1934,64,1913,1934,4.2885
1934,65,1913,1934,4.2619
1934,66,1913,1934,4.7988
1934,67,1913,1934,4.2931
1934,68,1913,1934,4.1066
1934,69,1913,1934,4.1403
1934,70,1913,1934,4.0412
1934,71,1928,1934,3.4741
1934,72,1913,1934,4.4959
1934,73,1913,1934,4.2412
1934,74,1928,1934,3.7778
1934,75,1913,1934,4.1888
1934,76,1913,1934,3.8151
1934,77,1913,1934,4.1138
1934,78,1913,1934,4.1836
1934,79,1913,1934,4.0529
1934,80,1913,1934,4.3538
1934,81,1913,1934,4.6944
1934,82,1928,1934,3.2346
1934,83,1913,1934,4.1288
1934,84,1913,1934,4.3281
1934,85,1913,1934,4.114
1934,86,1913,1934,4.2677
1934,87,1913,1934,3.9474
1934,88,1913,1934,4.2261
1934,89,1913,1934,4.6184
1934,90,1913,1934,4.5207
1934,91,1913,1934,4.1799
1934,92,1913,1934,4.05
1934,93,1913,1934,4.0329
1934,94,1913,1934,4.2818
1934,95,1913,1934,3.8967
1934,96,1913,1934,4.0059
1934,97,1913,1934,3.9998
1934,98,1913,1934,4.0152
1934,99,1913,1934,4.0586
1934,100,1913,1934,4.33
1934,101,1913,1934,3.9978
1934,102,1913,1934,4.1045
1934,103,1913,1934,4.6023
1934,104,1913,1934,3.8206
1934,105,1913,1934,4.0827
1934,106,1913,1934,3.9838
1934,107,1913,1934,4.468
1934,108,1913,1934,4.1182
1934,109,1913,1934,4.2127
1934,110,1913,1934,4.0924
1934,111,1913,1934,4.0216
1934,112,1913,1934,4.1994
1934,113,1913,1934,4.7542
1934,114,1913,1934,3.9363
1934,115,1913,1934,4.4842
1934,116,1913,1934,3.8488
1934,117,1913,1934,4.0892
1934,118,1913,1934,4.1518
1934,119,1913,1934,4.9325
1934,120,1913,1934,4.1778
1934,121,1913,1934,3.9698
1934,122,1913,1934,4.03
1934,123,1913,1934,3.9712
1934,124,1913,1934,3.8082
1934,125,1928,1934,3.0639
1934,126,1913,1934,4.2437
1934,127,1913,1934,4.113
1934,128,1913,1934,4.4649
1934,129,1913,1934,4.6579
1934,130,1928,1934,3.7307
1934,131,1913,1934,4.4579
1934,132,1913,1934,4.6461
1934,133,1913,1934,4.048
1934,134,1913,1934,4.188
1934,135,1928,1934,3.6819
1934,136,1913,1934,4.4138
1934,137,1913,1934,3.8303
1934,138,1913,1934,4.1597
1934,139,1928,1934,3.264
1934,140,1913,1934,4.1881
1934,141,1913,1934,4.2476
1934,142,1913,1934,4.3582
1934,143,1913,1934,4.3698
1934,144,1928,1934,3.3716
1934,145,1913,1934,3.9996
1934,146,1913,1934,4.0626
1934,147,1913,1934,4.1065
1934,148,1913,1934,4.1261
1934,149,1913,1934,4.339
1934,150,1913,1934,3.9786
1934,151,1913,1934,3.8953
1934,152,1913,1934,4.0703
1934,153,1928,1934,3.4846
1934,154,1913,1934,4.0893
1934,155,1913,1934,3.8513
1934,156,1913,1934,4.5354
1934,157,1913,1934,4.1162
1934,158,1913,1934,4.4492
1934,159,1913,1934,4.2834
1934,160,1913,1934,4.0647
1934,161,1913,1934,3.9653
1934,162,1913,1934,4.1982
1934,163,1913,1934,4.3371
1934,164,1913,1934,4.0342
1934,165,1913,1934,4.4215
1934,166,1913,1934,4.1984
1934,167,1913,1934,4.3596
1934,168,1913,1934,4.1041
1934,169,1928,1934,3.4289
1934,170,1913,1934,4.0228
1934,171,1913,1934,4.3263
1934,172,1913,1934,3.6401
1934,173,1913,1934,4.4261
1934,174,1913,1934,4.0459
1934,175,1913,1934,4.4031
1934,176,1913,1934,4.1737
1934,177,1913,1934,4.6993
1934,178,1913,1934,4.155
1934,179,1913,1934,4.2634
1934,180,1913,1934,4.1549
1934,181,1928,1934,3.3485
1934,182,1913,1934,4.0781
1934,183,1913,1934,4.3077
1934,184,1913,1934,3.9848
1934,185,1913,1934,3.7663
1934,186,1913,1934,3.9538
1934,187,1913,1934,3.9379
1934,188,1913,1934,4.1536
1934,189,1913,1934,4.2695
1934,190,1913,1934,4.1587
1934,191,1913,1934,4.1523
1934,192,1913,1934,3.7806
1934,193,1913,1934,4.5014
1934,194,1913,1934,4.4266
1934,195,1913,1934,4.2264
1934,196,1913,1934,4.1427
1934,197,1913,1934,4.2371
1934,198,1913,1934,4.1073
1934,199,1913,1934,4.2412
