Distance_Angstrom,Angle_Degree,Smoothed_Density
2.407999999999999918e+00,1.302500000000000000e+02,0.000000000000000000e+00
2.407999999999999918e+00,1.307500000000000000e+02,0.000000000000000000e+00
2.407999999999999918e+00,1.312500000000000000e+02,0.000000000000000000e+00
2.407999999999999918e+00,1.317500000000000000e+02,0.000000000000000000e+00
2.407999999999999918e+00,1.322500000000000000e+02,0.000000000000000000e+00
2.407999999999999918e+00,1.327500000000000000e+02,0.000000000000000000e+00
2.407999999999999918e+00,1.332500000000000000e+02,0.000000000000000000e+00
2.407999999999999918e+00,1.337500000000000000e+02,0.000000000000000000e+00
2.407999999999999918e+00,1.342500000000000000e+02,0.000000000000000000e+00
2.407999999999999918e+00,1.347500000000000000e+02,0.000000000000000000e+00
2.407999999999999918e+00,1.352500000000000000e+02,0.000000000000000000e+00
2.407999999999999918e+00,1.357500000000000000e+02,0.000000000000000000e+00
2.407999999999999918e+00,1.362500000000000000e+02,0.000000000000000000e+00
2.407999999999999918e+00,1.367500000000000000e+02,0.000000000000000000e+00
2.407999999999999918e+00,1.372500000000000000e+02,0.000000000000000000e+00
2.407999999999999918e+00,1.377500000000000000e+02,0.000000000000000000e+00
2.407999999999999918e+00,1.382500000000000000e+02,0.000000000000000000e+00
2.407999999999999918e+00,1.387500000000000000e+02,0.000000000000000000e+00
2.407999999999999918e+00,1.392500000000000000e+02,0.000000000000000000e+00
2.407999999999999918e+00,1.397500000000000000e+02,0.000000000000000000e+00
2.407999999999999918e+00,1.402500000000000000e+02,0.000000000000000000e+00
2.407999999999999918e+00,1.407500000000000000e+02,0.000000000000000000e+00
2.407999999999999918e+00,1.412500000000000000e+02,0.000000000000000000e+00
2.407999999999999918e+00,1.417500000000000000e+02,0.000000000000000000e+00
2.407999999999999918e+00,1.422500000000000000e+02,0.000000000000000000e+00
2.407999999999999918e+00,1.427500000000000000e+02,0.000000000000000000e+00
2.407999999999999918e+00,1.432500000000000000e+02,0.000000000000000000e+00
2.407999999999999918e+00,1.437500000000000000e+02,0.000000000000000000e+00
2.407999999999999918e+00,1.442500000000000000e+02,0.000000000000000000e+00
2.407999999999999918e+00,1.447500000000000000e+02,0.000000000000000000e+00
2.407999999999999918e+00,1.452500000000000000e+02,0.000000000000000000e+00
2.407999999999999918e+00,1.457500000000000000e+02,0.000000000000000000e+00
2.407999999999999918e+00,1.462500000000000000e+02,0.000000000000000000e+00
2.407999999999999918e+00,1.467500000000000000e+02,0.000000000000000000e+00
2.407999999999999918e+00,1.472500000000000000e+02,0.000000000000000000e+00
2.407999999999999918e+00,1.477500000000000000e+02,0.000000000000000000e+00
2.407999999999999918e+00,1.482500000000000000e+02,0.000000000000000000e+00
2.407999999999999918e+00,1.487500000000000000e+02,0.000000000000000000e+00
2.407999999999999918e+00,1.492500000000000000e+02,0.000000000000000000e+00
2.407999999999999918e+00,1.497500000000000000e+02,0.000000000000000000e+00
2.407999999999999918e+00,1.502500000000000000e+02,0.000000000000000000e+00
2.407999999999999918e+00,1.507500000000000000e+02,0.000000000000000000e+00
2.407999999999999918e+00,1.512500000000000000e+02,0.000000000000000000e+00
2.407999999999999918e+00,1.517500000000000000e+02,0.000000000000000000e+00
2.407999999999999918e+00,1.522500000000000000e+02,1.111111111111111049e-01
2.407999999999999918e+00,1.527500000000000000e+02,1.111111111111111049e-01
2.407999999999999918e+00,1.532500000000000000e+02,1.111111111111111049e-01
2.407999999999999918e+00,1.537500000000000000e+02,0.000000000000000000e+00
2.407999999999999918e+00,1.542500000000000000e+02,0.000000000000000000e+00
2.407999999999999918e+00,1.547500000000000000e+02,0.000000000000000000e+00
2.407999999999999918e+00,1.552500000000000000e+02,0.000000000000000000e+00
2.407999999999999918e+00,1.557500000000000000e+02,0.000000000000000000e+00
2.407999999999999918e+00,1.562500000000000000e+02,0.000000000000000000e+00
2.407999999999999918e+00,1.567500000000000000e+02,0.000000000000000000e+00
2.407999999999999918e+00,1.572500000000000000e+02,0.000000000000000000e+00
2.407999999999999918e+00,1.577500000000000000e+02,0.000000000000000000e+00
2.407999999999999918e+00,1.582500000000000000e+02,0.000000000000000000e+00
2.407999999999999918e+00,1.587500000000000000e+02,0.000000000000000000e+00
2.407999999999999918e+00,1.592500000000000000e+02,0.000000000000000000e+00
2.407999999999999918e+00,1.597500000000000000e+02,1.111111111111111049e-01
2.407999999999999918e+00,1.602500000000000000e+02,1.111111111111111049e-01
2.407999999999999918e+00,1.607500000000000000e+02,1.111111111111111049e-01
2.407999999999999918e+00,1.612500000000000000e+02,0.000000000000000000e+00
2.407999999999999918e+00,1.617500000000000000e+02,0.000000000000000000e+00
2.407999999999999918e+00,1.622500000000000000e+02,1.111111111111111049e-01
2.407999999999999918e+00,1.627500000000000000e+02,1.111111111111111049e-01
2.407999999999999918e+00,1.632500000000000000e+02,2.222222222222222099e-01
2.407999999999999918e+00,1.637500000000000000e+02,1.111111111111111049e-01
2.407999999999999918e+00,1.642500000000000000e+02,1.111111111111111049e-01
2.407999999999999918e+00,1.647500000000000000e+02,0.000000000000000000e+00
2.407999999999999918e+00,1.652500000000000000e+02,0.000000000000000000e+00
2.407999999999999918e+00,1.657500000000000000e+02,0.000000000000000000e+00
2.407999999999999918e+00,1.662500000000000000e+02,0.000000000000000000e+00
2.407999999999999918e+00,1.667500000000000000e+02,0.000000000000000000e+00
2.407999999999999918e+00,1.672500000000000000e+02,1.111111111111111049e-01
2.407999999999999918e+00,1.677500000000000000e+02,1.111111111111111049e-01
2.407999999999999918e+00,1.682500000000000000e+02,1.111111111111111049e-01
2.407999999999999918e+00,1.687500000000000000e+02,0.000000000000000000e+00
2.407999999999999918e+00,1.692500000000000000e+02,0.000000000000000000e+00
2.407999999999999918e+00,1.697500000000000000e+02,0.000000000000000000e+00
2.407999999999999918e+00,1.702500000000000000e+02,0.000000000000000000e+00
2.407999999999999918e+00,1.707500000000000000e+02,0.000000000000000000e+00
2.407999999999999918e+00,1.712500000000000000e+02,0.000000000000000000e+00
2.407999999999999918e+00,1.717500000000000000e+02,0.000000000000000000e+00
2.407999999999999918e+00,1.722500000000000000e+02,0.000000000000000000e+00
2.407999999999999918e+00,1.727500000000000000e+02,0.000000000000000000e+00
2.407999999999999918e+00,1.732500000000000000e+02,0.000000000000000000e+00
2.407999999999999918e+00,1.737500000000000000e+02,0.000000000000000000e+00
2.407999999999999918e+00,1.742500000000000000e+02,0.000000000000000000e+00
2.407999999999999918e+00,1.747500000000000000e+02,0.000000000000000000e+00
2.407999999999999918e+00,1.752500000000000000e+02,0.000000000000000000e+00
2.407999999999999918e+00,1.757500000000000000e+02,0.000000000000000000e+00
2.407999999999999918e+00,1.762500000000000000e+02,0.000000000000000000e+00
2.407999999999999918e+00,1.767500000000000000e+02,0.000000000000000000e+00
2.407999999999999918e+00,1.772500000000000000e+02,0.000000000000000000e+00
2.407999999999999918e+00,1.777500000000000000e+02,0.000000000000000000e+00
2.407999999999999918e+00,1.782500000000000000e+02,0.000000000000000000e+00
2.407999999999999918e+00,1.787500000000000000e+02,0.000000000000000000e+00
2.407999999999999918e+00,1.792500000000000000e+02,0.000000000000000000e+00
2.407999999999999918e+00,1.797500000000000000e+02,0.000000000000000000e+00
2.423999999999999932e+00,1.302500000000000000e+02,0.000000000000000000e+00
2.423999999999999932e+00,1.307500000000000000e+02,0.000000000000000000e+00
2.423999999999999932e+00,1.312500000000000000e+02,0.000000000000000000e+00
2.423999999999999932e+00,1.317500000000000000e+02,0.000000000000000000e+00
2.423999999999999932e+00,1.322500000000000000e+02,0.000000000000000000e+00
2.423999999999999932e+00,1.327500000000000000e+02,0.000000000000000000e+00
2.423999999999999932e+00,1.332500000000000000e+02,0.000000000000000000e+00
2.423999999999999932e+00,1.337500000000000000e+02,0.000000000000000000e+00
2.423999999999999932e+00,1.342500000000000000e+02,0.000000000000000000e+00
2.423999999999999932e+00,1.347500000000000000e+02,1.111111111111111049e-01
2.423999999999999932e+00,1.352500000000000000e+02,1.111111111111111049e-01
2.423999999999999932e+00,1.357500000000000000e+02,1.111111111111111049e-01
2.423999999999999932e+00,1.362500000000000000e+02,0.000000000000000000e+00
2.423999999999999932e+00,1.367500000000000000e+02,0.000000000000000000e+00
2.423999999999999932e+00,1.372500000000000000e+02,0.000000000000000000e+00
2.423999999999999932e+00,1.377500000000000000e+02,0.000000000000000000e+00
2.423999999999999932e+00,1.382500000000000000e+02,0.000000000000000000e+00
2.423999999999999932e+00,1.387500000000000000e+02,0.000000000000000000e+00
2.423999999999999932e+00,1.392500000000000000e+02,0.000000000000000000e+00
2.423999999999999932e+00,1.397500000000000000e+02,0.000000000000000000e+00
2.423999999999999932e+00,1.402500000000000000e+02,0.000000000000000000e+00
2.423999999999999932e+00,1.407500000000000000e+02,0.000000000000000000e+00
2.423999999999999932e+00,1.412500000000000000e+02,0.000000000000000000e+00
2.423999999999999932e+00,1.417500000000000000e+02,0.000000000000000000e+00
2.423999999999999932e+00,1.422500000000000000e+02,0.000000000000000000e+00
2.423999999999999932e+00,1.427500000000000000e+02,0.000000000000000000e+00
2.423999999999999932e+00,1.432500000000000000e+02,0.000000000000000000e+00
2.423999999999999932e+00,1.437500000000000000e+02,0.000000000000000000e+00
2.423999999999999932e+00,1.442500000000000000e+02,0.000000000000000000e+00
2.423999999999999932e+00,1.447500000000000000e+02,0.000000000000000000e+00
2.423999999999999932e+00,1.452500000000000000e+02,0.000000000000000000e+00
2.423999999999999932e+00,1.457500000000000000e+02,0.000000000000000000e+00
2.423999999999999932e+00,1.462500000000000000e+02,0.000000000000000000e+00
2.423999999999999932e+00,1.467500000000000000e+02,0.000000000000000000e+00
2.423999999999999932e+00,1.472500000000000000e+02,0.000000000000000000e+00
2.423999999999999932e+00,1.477500000000000000e+02,0.000000000000000000e+00
2.423999999999999932e+00,1.482500000000000000e+02,0.000000000000000000e+00
2.423999999999999932e+00,1.487500000000000000e+02,0.000000000000000000e+00
2.423999999999999932e+00,1.492500000000000000e+02,0.000000000000000000e+00
2.423999999999999932e+00,1.497500000000000000e+02,0.000000000000000000e+00
2.423999999999999932e+00,1.502500000000000000e+02,0.000000000000000000e+00
2.423999999999999932e+00,1.507500000000000000e+02,0.000000000000000000e+00
2.423999999999999932e+00,1.512500000000000000e+02,0.000000000000000000e+00
2.423999999999999932e+00,1.517500000000000000e+02,0.000000000000000000e+00
2.423999999999999932e+00,1.522500000000000000e+02,1.111111111111111049e-01
2.423999999999999932e+00,1.527500000000000000e+02,1.111111111111111049e-01
2.423999999999999932e+00,1.532500000000000000e+02,1.111111111111111049e-01
2.423999999999999932e+00,1.537500000000000000e+02,0.000000000000000000e+00
2.423999999999999932e+00,1.542500000000000000e+02,0.000000000000000000e+00
2.423999999999999932e+00,1.547500000000000000e+02,0.000000000000000000e+00
2.423999999999999932e+00,1.552500000000000000e+02,0.000000000000000000e+00
2.423999999999999932e+00,1.557500000000000000e+02,0.000000000000000000e+00
2.423999999999999932e+00,1.562500000000000000e+02,0.000000000000000000e+00
2.423999999999999932e+00,1.567500000000000000e+02,0.000000000000000000e+00
2.423999999999999932e+00,1.572500000000000000e+02,0.000000000000000000e+00
2.423999999999999932e+00,1.577500000000000000e+02,0.000000000000000000e+00
2.423999999999999932e+00,1.582500000000000000e+02,0.000000000000000000e+00
2.423999999999999932e+00,1.587500000000000000e+02,0.000000000000000000e+00
2.423999999999999932e+00,1.592500000000000000e+02,0.000000000000000000e+00
2.423999999999999932e+00,1.597500000000000000e+02,1.111111111111111049e-01
2.423999999999999932e+00,1.602500000000000000e+02,1.111111111111111049e-01
2.423999999999999932e+00,1.607500000000000000e+02,1.111111111111111049e-01
2.423999999999999932e+00,1.612500000000000000e+02,0.000000000000000000e+00
2.423999999999999932e+00,1.617500000000000000e+02,0.000000000000000000e+00
2.423999999999999932e+00,1.622500000000000000e+02,1.111111111111111049e-01
2.423999999999999932e+00,1.627500000000000000e+02,1.111111111111111049e-01
2.423999999999999932e+00,1.632500000000000000e+02,3.333333333333333148e-01
2.423999999999999932e+00,1.637500000000000000e+02,2.222222222222222376e-01
2.423999999999999932e+00,1.642500000000000000e+02,2.222222222222222376e-01
2.423999999999999932e+00,1.647500000000000000e+02,3.700743415417188263e-17
2.423999999999999932e+00,1.652500000000000000e+02,1.111111111111111466e-01
2.423999999999999932e+00,1.657500000000000000e+02,1.111111111111111466e-01
2.423999999999999932e+00,1.662500000000000000e+02,1.111111111111111466e-01
2.423999999999999932e+00,1.667500000000000000e+02,3.700743415417188263e-17
2.423999999999999932e+00,1.672500000000000000e+02,1.111111111111111466e-01
2.423999999999999932e+00,1.677500000000000000e+02,2.222222222222222376e-01
2.423999999999999932e+00,1.682500000000000000e+02,2.222222222222222376e-01
2.423999999999999932e+00,1.687500000000000000e+02,1.111111111111111466e-01
2.423999999999999932e+00,1.692500000000000000e+02,1.111111111111111466e-01
2.423999999999999932e+00,1.697500000000000000e+02,1.111111111111111466e-01
2.423999999999999932e+00,1.702500000000000000e+02,1.111111111111111466e-01
2.423999999999999932e+00,1.707500000000000000e+02,3.700743415417188263e-17
2.423999999999999932e+00,1.712500000000000000e+02,3.700743415417188263e-17
2.423999999999999932e+00,1.717500000000000000e+02,1.111111111111111466e-01
2.423999999999999932e+00,1.722500000000000000e+02,1.111111111111111466e-01
2.423999999999999932e+00,1.727500000000000000e+02,1.111111111111111466e-01
2.423999999999999932e+00,1.732500000000000000e+02,3.700743415417188263e-17
2.423999999999999932e+00,1.737500000000000000e+02,3.700743415417188263e-17
2.423999999999999932e+00,1.742500000000000000e+02,3.700743415417188263e-17
2.423999999999999932e+00,1.747500000000000000e+02,3.700743415417188263e-17
2.423999999999999932e+00,1.752500000000000000e+02,3.700743415417188263e-17
2.423999999999999932e+00,1.757500000000000000e+02,3.700743415417188263e-17
2.423999999999999932e+00,1.762500000000000000e+02,1.111111111111111466e-01
2.423999999999999932e+00,1.767500000000000000e+02,1.111111111111111466e-01
2.423999999999999932e+00,1.772500000000000000e+02,2.222222222222222376e-01
2.423999999999999932e+00,1.777500000000000000e+02,1.111111111111111466e-01
2.423999999999999932e+00,1.782500000000000000e+02,2.222222222222222376e-01
2.423999999999999932e+00,1.787500000000000000e+02,1.111111111111111466e-01
2.423999999999999932e+00,1.792500000000000000e+02,1.111111111111111466e-01
2.423999999999999932e+00,1.797500000000000000e+02,3.700743415417188263e-17
2.439999999999999947e+00,1.302500000000000000e+02,2.222222222222222099e-01
2.439999999999999947e+00,1.307500000000000000e+02,1.111111111111111049e-01
2.439999999999999947e+00,1.312500000000000000e+02,0.000000000000000000e+00
2.439999999999999947e+00,1.317500000000000000e+02,0.000000000000000000e+00
2.439999999999999947e+00,1.322500000000000000e+02,0.000000000000000000e+00
2.439999999999999947e+00,1.327500000000000000e+02,0.000000000000000000e+00
2.439999999999999947e+00,1.332500000000000000e+02,0.000000000000000000e+00
2.439999999999999947e+00,1.337500000000000000e+02,0.000000000000000000e+00
2.439999999999999947e+00,1.342500000000000000e+02,0.000000000000000000e+00
2.439999999999999947e+00,1.347500000000000000e+02,1.111111111111111049e-01
2.439999999999999947e+00,1.352500000000000000e+02,1.111111111111111049e-01
2.439999999999999947e+00,1.357500000000000000e+02,1.111111111111111049e-01
2.439999999999999947e+00,1.362500000000000000e+02,0.000000000000000000e+00
2.439999999999999947e+00,1.367500000000000000e+02,0.000000000000000000e+00
2.439999999999999947e+00,1.372500000000000000e+02,0.000000000000000000e+00
2.439999999999999947e+00,1.377500000000000000e+02,0.000000000000000000e+00
2.439999999999999947e+00,1.382500000000000000e+02,0.000000000000000000e+00
2.439999999999999947e+00,1.387500000000000000e+02,1.111111111111111049e-01
2.439999999999999947e+00,1.392500000000000000e+02,1.111111111111111049e-01
2.439999999999999947e+00,1.397500000000000000e+02,1.111111111111111049e-01
2.439999999999999947e+00,1.402500000000000000e+02,1.111111111111111049e-01
2.439999999999999947e+00,1.407500000000000000e+02,1.111111111111111049e-01
2.439999999999999947e+00,1.412500000000000000e+02,1.111111111111111049e-01
2.439999999999999947e+00,1.417500000000000000e+02,0.000000000000000000e+00
2.439999999999999947e+00,1.422500000000000000e+02,0.000000000000000000e+00
2.439999999999999947e+00,1.427500000000000000e+02,0.000000000000000000e+00
2.439999999999999947e+00,1.432500000000000000e+02,0.000000000000000000e+00
2.439999999999999947e+00,1.437500000000000000e+02,0.000000000000000000e+00
2.439999999999999947e+00,1.442500000000000000e+02,0.000000000000000000e+00
2.439999999999999947e+00,1.447500000000000000e+02,0.000000000000000000e+00
2.439999999999999947e+00,1.452500000000000000e+02,0.000000000000000000e+00
2.439999999999999947e+00,1.457500000000000000e+02,0.000000000000000000e+00
2.439999999999999947e+00,1.462500000000000000e+02,0.000000000000000000e+00
2.439999999999999947e+00,1.467500000000000000e+02,0.000000000000000000e+00
2.439999999999999947e+00,1.472500000000000000e+02,0.000000000000000000e+00
2.439999999999999947e+00,1.477500000000000000e+02,0.000000000000000000e+00
2.439999999999999947e+00,1.482500000000000000e+02,0.000000000000000000e+00
2.439999999999999947e+00,1.487500000000000000e+02,0.000000000000000000e+00
2.439999999999999947e+00,1.492500000000000000e+02,0.000000000000000000e+00
2.439999999999999947e+00,1.497500000000000000e+02,0.000000000000000000e+00
2.439999999999999947e+00,1.502500000000000000e+02,0.000000000000000000e+00
2.439999999999999947e+00,1.507500000000000000e+02,0.000000000000000000e+00
2.439999999999999947e+00,1.512500000000000000e+02,2.222222222222222099e-01
2.439999999999999947e+00,1.517500000000000000e+02,2.222222222222222099e-01
2.439999999999999947e+00,1.522500000000000000e+02,3.333333333333333148e-01
2.439999999999999947e+00,1.527500000000000000e+02,1.111111111111111188e-01
2.439999999999999947e+00,1.532500000000000000e+02,1.111111111111111188e-01
2.439999999999999947e+00,1.537500000000000000e+02,1.111111111111111188e-01
2.439999999999999947e+00,1.542500000000000000e+02,1.111111111111111188e-01
2.439999999999999947e+00,1.547500000000000000e+02,1.111111111111111188e-01
2.439999999999999947e+00,1.552500000000000000e+02,1.111111111111111188e-01
2.439999999999999947e+00,1.557500000000000000e+02,1.111111111111111188e-01
2.439999999999999947e+00,1.562500000000000000e+02,1.111111111111111188e-01
2.439999999999999947e+00,1.567500000000000000e+02,1.850371707708594131e-17
2.439999999999999947e+00,1.572500000000000000e+02,1.111111111111111188e-01
2.439999999999999947e+00,1.577500000000000000e+02,1.111111111111111188e-01
2.439999999999999947e+00,1.582500000000000000e+02,3.333333333333333148e-01
2.439999999999999947e+00,1.587500000000000000e+02,2.222222222222222376e-01
2.439999999999999947e+00,1.592500000000000000e+02,3.333333333333333148e-01
2.439999999999999947e+00,1.597500000000000000e+02,2.222222222222222376e-01
2.439999999999999947e+00,1.602500000000000000e+02,2.222222222222222376e-01
2.439999999999999947e+00,1.607500000000000000e+02,2.222222222222222376e-01
2.439999999999999947e+00,1.612500000000000000e+02,2.222222222222222376e-01
2.439999999999999947e+00,1.617500000000000000e+02,2.222222222222222376e-01
2.439999999999999947e+00,1.622500000000000000e+02,4.444444444444444753e-01
2.439999999999999947e+00,1.627500000000000000e+02,3.333333333333334259e-01
2.439999999999999947e+00,1.632500000000000000e+02,5.555555555555556912e-01
2.439999999999999947e+00,1.637500000000000000e+02,3.333333333333334259e-01
2.439999999999999947e+00,1.642500000000000000e+02,3.333333333333334259e-01
2.439999999999999947e+00,1.647500000000000000e+02,1.111111111111112021e-01
2.439999999999999947e+00,1.652500000000000000e+02,2.222222222222223209e-01
2.439999999999999947e+00,1.657500000000000000e+02,2.222222222222223209e-01
2.439999999999999947e+00,1.662500000000000000e+02,4.444444444444444753e-01
2.439999999999999947e+00,1.667500000000000000e+02,2.222222222222222932e-01
2.439999999999999947e+00,1.672500000000000000e+02,6.666666666666666297e-01
2.439999999999999947e+00,1.677500000000000000e+02,5.555555555555555802e-01
2.439999999999999947e+00,1.682500000000000000e+02,6.666666666666666297e-01
2.439999999999999947e+00,1.687500000000000000e+02,2.222222222222222376e-01
2.439999999999999947e+00,1.692500000000000000e+02,6.666666666666666297e-01
2.439999999999999947e+00,1.697500000000000000e+02,8.888888888888889506e-01
2.439999999999999947e+00,1.702500000000000000e+02,8.888888888888889506e-01
2.439999999999999947e+00,1.707500000000000000e+02,4.444444444444444753e-01
2.439999999999999947e+00,1.712500000000000000e+02,1.111111111111111605e-01
2.439999999999999947e+00,1.717500000000000000e+02,2.222222222222222376e-01
2.439999999999999947e+00,1.722500000000000000e+02,2.222222222222222376e-01
2.439999999999999947e+00,1.727500000000000000e+02,4.444444444444444753e-01
2.439999999999999947e+00,1.732500000000000000e+02,3.333333333333334259e-01
2.439999999999999947e+00,1.737500000000000000e+02,3.333333333333334259e-01
2.439999999999999947e+00,1.742500000000000000e+02,1.111111111111112021e-01
2.439999999999999947e+00,1.747500000000000000e+02,1.111111111111112021e-01
2.439999999999999947e+00,1.752500000000000000e+02,1.111111111111112021e-01
2.439999999999999947e+00,1.757500000000000000e+02,1.111111111111112021e-01
2.439999999999999947e+00,1.762500000000000000e+02,2.222222222222223209e-01
2.439999999999999947e+00,1.767500000000000000e+02,2.222222222222223209e-01
2.439999999999999947e+00,1.772500000000000000e+02,3.333333333333334259e-01
2.439999999999999947e+00,1.777500000000000000e+02,3.333333333333334259e-01
2.439999999999999947e+00,1.782500000000000000e+02,3.333333333333334259e-01
2.439999999999999947e+00,1.787500000000000000e+02,2.222222222222223209e-01
2.439999999999999947e+00,1.792500000000000000e+02,1.111111111111112160e-01
2.439999999999999947e+00,1.797500000000000000e+02,1.110223024625156540e-16
2.455999999999999961e+00,1.302500000000000000e+02,2.222222222222222099e-01
2.455999999999999961e+00,1.307500000000000000e+02,1.111111111111111049e-01
2.455999999999999961e+00,1.312500000000000000e+02,0.000000000000000000e+00
2.455999999999999961e+00,1.317500000000000000e+02,0.000000000000000000e+00
2.455999999999999961e+00,1.322500000000000000e+02,0.000000000000000000e+00
2.455999999999999961e+00,1.327500000000000000e+02,0.000000000000000000e+00
2.455999999999999961e+00,1.332500000000000000e+02,0.000000000000000000e+00
2.455999999999999961e+00,1.337500000000000000e+02,0.000000000000000000e+00
2.455999999999999961e+00,1.342500000000000000e+02,0.000000000000000000e+00
2.455999999999999961e+00,1.347500000000000000e+02,1.111111111111111049e-01
2.455999999999999961e+00,1.352500000000000000e+02,1.111111111111111049e-01
2.455999999999999961e+00,1.357500000000000000e+02,1.111111111111111049e-01
2.455999999999999961e+00,1.362500000000000000e+02,0.000000000000000000e+00
2.455999999999999961e+00,1.367500000000000000e+02,0.000000000000000000e+00
2.455999999999999961e+00,1.372500000000000000e+02,0.000000000000000000e+00
2.455999999999999961e+00,1.377500000000000000e+02,0.000000000000000000e+00
2.455999999999999961e+00,1.382500000000000000e+02,0.000000000000000000e+00
2.455999999999999961e+00,1.387500000000000000e+02,1.111111111111111049e-01
2.455999999999999961e+00,1.392500000000000000e+02,1.111111111111111049e-01
2.455999999999999961e+00,1.397500000000000000e+02,1.111111111111111049e-01
2.455999999999999961e+00,1.402500000000000000e+02,1.111111111111111049e-01
2.455999999999999961e+00,1.407500000000000000e+02,2.222222222222222099e-01
2.455999999999999961e+00,1.412500000000000000e+02,3.333333333333333148e-01
2.455999999999999961e+00,1.417500000000000000e+02,2.222222222222222376e-01
2.455999999999999961e+00,1.422500000000000000e+02,2.222222222222222376e-01
2.455999999999999961e+00,1.427500000000000000e+02,1.111111111111111466e-01
2.455999999999999961e+00,1.432500000000000000e+02,1.111111111111111466e-01
2.455999999999999961e+00,1.437500000000000000e+02,3.700743415417188263e-17
2.455999999999999961e+00,1.442500000000000000e+02,3.700743415417188263e-17
2.455999999999999961e+00,1.447500000000000000e+02,3.700743415417188263e-17
2.455999999999999961e+00,1.452500000000000000e+02,3.700743415417188263e-17
2.455999999999999961e+00,1.457500000000000000e+02,3.700743415417188263e-17
2.455999999999999961e+00,1.462500000000000000e+02,3.700743415417188263e-17
2.455999999999999961e+00,1.467500000000000000e+02,3.700743415417188263e-17
2.455999999999999961e+00,1.472500000000000000e+02,3.700743415417188263e-17
2.455999999999999961e+00,1.477500000000000000e+02,3.700743415417188263e-17
2.455999999999999961e+00,1.482500000000000000e+02,3.700743415417188263e-17
2.455999999999999961e+00,1.487500000000000000e+02,3.700743415417188263e-17
2.455999999999999961e+00,1.492500000000000000e+02,1.111111111111111466e-01
2.455999999999999961e+00,1.497500000000000000e+02,1.111111111111111466e-01
2.455999999999999961e+00,1.502500000000000000e+02,2.222222222222222376e-01
2.455999999999999961e+00,1.507500000000000000e+02,1.111111111111111466e-01
2.455999999999999961e+00,1.512500000000000000e+02,3.333333333333333148e-01
2.455999999999999961e+00,1.517500000000000000e+02,3.333333333333333148e-01
2.455999999999999961e+00,1.522500000000000000e+02,4.444444444444444198e-01
2.455999999999999961e+00,1.527500000000000000e+02,3.333333333333333148e-01
2.455999999999999961e+00,1.532500000000000000e+02,3.333333333333333148e-01
2.455999999999999961e+00,1.537500000000000000e+02,3.333333333333333148e-01
2.455999999999999961e+00,1.542500000000000000e+02,3.333333333333333148e-01
2.455999999999999961e+00,1.547500000000000000e+02,2.222222222222222376e-01
2.455999999999999961e+00,1.552500000000000000e+02,3.333333333333333148e-01
2.455999999999999961e+00,1.557500000000000000e+02,3.333333333333333148e-01
2.455999999999999961e+00,1.562500000000000000e+02,4.444444444444444198e-01
2.455999999999999961e+00,1.567500000000000000e+02,2.222222222222222099e-01
2.455999999999999961e+00,1.572500000000000000e+02,4.444444444444444753e-01
2.455999999999999961e+00,1.577500000000000000e+02,3.333333333333334259e-01
2.455999999999999961e+00,1.582500000000000000e+02,7.777777777777777901e-01
2.455999999999999961e+00,1.587500000000000000e+02,5.555555555555555802e-01
2.455999999999999961e+00,1.592500000000000000e+02,8.888888888888889506e-01
2.455999999999999961e+00,1.597500000000000000e+02,4.444444444444445863e-01
2.455999999999999961e+00,1.602500000000000000e+02,4.444444444444445863e-01
2.455999999999999961e+00,1.607500000000000000e+02,7.777777777777780122e-01
2.455999999999999961e+00,1.612500000000000000e+02,1.000000000000000222e+00
2.455999999999999961e+00,1.617500000000000000e+02,1.000000000000000222e+00
2.455999999999999961e+00,1.622500000000000000e+02,7.777777777777780122e-01
2.455999999999999961e+00,1.627500000000000000e+02,1.000000000000000222e+00
2.455999999999999961e+00,1.632500000000000000e+02,1.111111111111111382e+00
2.455999999999999961e+00,1.637500000000000000e+02,1.111111111111111382e+00
2.455999999999999961e+00,1.642500000000000000e+02,6.666666666666669627e-01
2.455999999999999961e+00,1.647500000000000000e+02,4.444444444444448084e-01
2.455999999999999961e+00,1.652500000000000000e+02,2.222222222222225707e-01
2.455999999999999961e+00,1.657500000000000000e+02,5.555555555555559133e-01
2.455999999999999961e+00,1.662500000000000000e+02,7.777777777777781232e-01
2.455999999999999961e+00,1.667500000000000000e+02,7.777777777777781232e-01
2.455999999999999961e+00,1.672500000000000000e+02,1.111111111111111382e+00
2.455999999999999961e+00,1.677500000000000000e+02,1.222222222222222543e+00
2.455999999999999961e+00,1.682500000000000000e+02,1.333333333333333703e+00
2.455999999999999961e+00,1.687500000000000000e+02,7.777777777777780122e-01
2.455999999999999961e+00,1.692500000000000000e+02,1.222222222222222543e+00
2.455999999999999961e+00,1.697500000000000000e+02,1.555555555555556024e+00
2.455999999999999961e+00,1.702500000000000000e+02,1.777777777777778345e+00
2.455999999999999961e+00,1.707500000000000000e+02,1.222222222222222543e+00
2.455999999999999961e+00,1.712500000000000000e+02,5.555555555555559133e-01
2.455999999999999961e+00,1.717500000000000000e+02,3.333333333333337034e-01
2.455999999999999961e+00,1.722500000000000000e+02,3.333333333333337034e-01
2.455999999999999961e+00,1.727500000000000000e+02,6.666666666666669627e-01
2.455999999999999961e+00,1.732500000000000000e+02,7.777777777777781232e-01
2.455999999999999961e+00,1.737500000000000000e+02,8.888888888888892836e-01
2.455999999999999961e+00,1.742500000000000000e+02,5.555555555555559133e-01
2.455999999999999961e+00,1.747500000000000000e+02,3.333333333333337589e-01
2.455999999999999961e+00,1.752500000000000000e+02,2.222222222222226540e-01
2.455999999999999961e+00,1.757500000000000000e+02,2.222222222222226540e-01
2.455999999999999961e+00,1.762500000000000000e+02,4.444444444444448639e-01
2.455999999999999961e+00,1.767500000000000000e+02,4.444444444444448639e-01
2.455999999999999961e+00,1.772500000000000000e+02,5.555555555555559133e-01
2.455999999999999961e+00,1.777500000000000000e+02,4.444444444444448639e-01
2.455999999999999961e+00,1.782500000000000000e+02,3.333333333333337589e-01
2.455999999999999961e+00,1.787500000000000000e+02,2.222222222222226817e-01
2.455999999999999961e+00,1.792500000000000000e+02,2.222222222222226817e-01
2.455999999999999961e+00,1.797500000000000000e+02,2.222222222222226817e-01
2.471999999999999975e+00,1.302500000000000000e+02,2.222222222222222099e-01
2.471999999999999975e+00,1.307500000000000000e+02,1.111111111111111049e-01
2.471999999999999975e+00,1.312500000000000000e+02,0.000000000000000000e+00
2.471999999999999975e+00,1.317500000000000000e+02,0.000000000000000000e+00
2.471999999999999975e+00,1.322500000000000000e+02,0.000000000000000000e+00
2.471999999999999975e+00,1.327500000000000000e+02,0.000000000000000000e+00
2.471999999999999975e+00,1.332500000000000000e+02,0.000000000000000000e+00
2.471999999999999975e+00,1.337500000000000000e+02,0.000000000000000000e+00
2.471999999999999975e+00,1.342500000000000000e+02,0.000000000000000000e+00
2.471999999999999975e+00,1.347500000000000000e+02,0.000000000000000000e+00
2.471999999999999975e+00,1.352500000000000000e+02,0.000000000000000000e+00
2.471999999999999975e+00,1.357500000000000000e+02,0.000000000000000000e+00
2.471999999999999975e+00,1.362500000000000000e+02,0.000000000000000000e+00
2.471999999999999975e+00,1.367500000000000000e+02,0.000000000000000000e+00
2.471999999999999975e+00,1.372500000000000000e+02,0.000000000000000000e+00
2.471999999999999975e+00,1.377500000000000000e+02,0.000000000000000000e+00
2.471999999999999975e+00,1.382500000000000000e+02,0.000000000000000000e+00
2.471999999999999975e+00,1.387500000000000000e+02,1.111111111111111049e-01
2.471999999999999975e+00,1.392500000000000000e+02,1.111111111111111049e-01
2.471999999999999975e+00,1.397500000000000000e+02,1.111111111111111049e-01
2.471999999999999975e+00,1.402500000000000000e+02,2.222222222222222099e-01
2.471999999999999975e+00,1.407500000000000000e+02,5.555555555555554692e-01
2.471999999999999975e+00,1.412500000000000000e+02,6.666666666666666297e-01
2.471999999999999975e+00,1.417500000000000000e+02,4.444444444444443643e-01
2.471999999999999975e+00,1.422500000000000000e+02,2.222222222222220989e-01
2.471999999999999975e+00,1.427500000000000000e+02,1.111111111111109939e-01
2.471999999999999975e+00,1.432500000000000000e+02,1.111111111111109939e-01
2.471999999999999975e+00,1.437500000000000000e+02,1.111111111111109939e-01
2.471999999999999975e+00,1.442500000000000000e+02,1.111111111111109939e-01
2.471999999999999975e+00,1.447500000000000000e+02,2.222222222222220989e-01
2.471999999999999975e+00,1.452500000000000000e+02,1.111111111111109939e-01
2.471999999999999975e+00,1.457500000000000000e+02,1.111111111111109939e-01
2.471999999999999975e+00,1.462500000000000000e+02,1.111111111111109939e-01
2.471999999999999975e+00,1.467500000000000000e+02,2.222222222222220989e-01
2.471999999999999975e+00,1.472500000000000000e+02,3.333333333333332038e-01
2.471999999999999975e+00,1.477500000000000000e+02,2.222222222222220989e-01
2.471999999999999975e+00,1.482500000000000000e+02,2.222222222222220989e-01
2.471999999999999975e+00,1.487500000000000000e+02,1.111111111111109939e-01
2.471999999999999975e+00,1.492500000000000000e+02,2.222222222222220989e-01
2.471999999999999975e+00,1.497500000000000000e+02,1.111111111111109939e-01
2.471999999999999975e+00,1.502500000000000000e+02,2.222222222222220989e-01
2.471999999999999975e+00,1.507500000000000000e+02,3.333333333333332038e-01
2.471999999999999975e+00,1.512500000000000000e+02,5.555555555555553582e-01
2.471999999999999975e+00,1.517500000000000000e+02,5.555555555555553582e-01
2.471999999999999975e+00,1.522500000000000000e+02,4.444444444444442532e-01
2.471999999999999975e+00,1.527500000000000000e+02,4.444444444444442532e-01
2.471999999999999975e+00,1.532500000000000000e+02,7.777777777777776791e-01
2.471999999999999975e+00,1.537500000000000000e+02,7.777777777777776791e-01
2.471999999999999975e+00,1.542500000000000000e+02,9.999999999999998890e-01
2.471999999999999975e+00,1.547500000000000000e+02,5.555555555555554692e-01
2.471999999999999975e+00,1.552500000000000000e+02,1.111111111111110938e+00
2.471999999999999975e+00,1.557500000000000000e+02,1.000000000000000000e+00
2.471999999999999975e+00,1.562500000000000000e+02,1.444444444444444420e+00
2.471999999999999975e+00,1.567500000000000000e+02,1.111111111111110938e+00
2.471999999999999975e+00,1.572500000000000000e+02,1.222222222222222099e+00
2.471999999999999975e+00,1.577500000000000000e+02,9.999999999999998890e-01
2.471999999999999975e+00,1.582500000000000000e+02,1.333333333333333259e+00
2.471999999999999975e+00,1.587500000000000000e+02,1.444444444444444420e+00
2.471999999999999975e+00,1.592500000000000000e+02,1.666666666666666741e+00
2.471999999999999975e+00,1.597500000000000000e+02,1.222222222222222099e+00
2.471999999999999975e+00,1.602500000000000000e+02,1.222222222222222099e+00
2.471999999999999975e+00,1.607500000000000000e+02,2.111111111111111160e+00
2.471999999999999975e+00,1.612500000000000000e+02,2.777777777777778123e+00
2.471999999999999975e+00,1.617500000000000000e+02,2.666666666666666519e+00
2.471999999999999975e+00,1.622500000000000000e+02,2.555555555555555358e+00
2.471999999999999975e+00,1.627500000000000000e+02,2.222222222222221877e+00
2.471999999999999975e+00,1.632500000000000000e+02,2.111111111111111160e+00
2.471999999999999975e+00,1.637500000000000000e+02,1.666666666666666741e+00
2.471999999999999975e+00,1.642500000000000000e+02,2.222222222222222321e+00
2.471999999999999975e+00,1.647500000000000000e+02,2.555555555555555802e+00
2.471999999999999975e+00,1.652500000000000000e+02,2.555555555555555802e+00
2.471999999999999975e+00,1.657500000000000000e+02,2.111111111111111160e+00
2.471999999999999975e+00,1.662500000000000000e+02,2.000000000000000444e+00
2.471999999999999975e+00,1.667500000000000000e+02,1.888888888888889284e+00
2.471999999999999975e+00,1.672500000000000000e+02,2.333333333333333925e+00
2.471999999999999975e+00,1.677500000000000000e+02,2.222222222222222765e+00
2.471999999999999975e+00,1.682500000000000000e+02,2.222222222222222765e+00
2.471999999999999975e+00,1.687500000000000000e+02,1.666666666666666963e+00
2.471999999999999975e+00,1.692500000000000000e+02,2.111111111111111160e+00
2.471999999999999975e+00,1.697500000000000000e+02,2.333333333333333481e+00
2.471999999999999975e+00,1.702500000000000000e+02,2.444444444444444198e+00
2.471999999999999975e+00,1.707500000000000000e+02,2.111111111111111160e+00
2.471999999999999975e+00,1.712500000000000000e+02,1.333333333333333259e+00
2.471999999999999975e+00,1.717500000000000000e+02,1.111111111111110938e+00
2.471999999999999975e+00,1.722500000000000000e+02,1.444444444444444420e+00
2.471999999999999975e+00,1.727500000000000000e+02,2.555555555555555358e+00
2.471999999999999975e+00,1.732500000000000000e+02,2.666666666666666519e+00
2.471999999999999975e+00,1.737500000000000000e+02,2.333333333333333481e+00
2.471999999999999975e+00,1.742500000000000000e+02,1.555555555555555580e+00
2.471999999999999975e+00,1.747500000000000000e+02,1.333333333333333259e+00
2.471999999999999975e+00,1.752500000000000000e+02,1.222222222222222099e+00
2.471999999999999975e+00,1.757500000000000000e+02,7.777777777777776791e-01
2.471999999999999975e+00,1.762500000000000000e+02,5.555555555555554692e-01
2.471999999999999975e+00,1.767500000000000000e+02,7.777777777777776791e-01
2.471999999999999975e+00,1.772500000000000000e+02,8.888888888888888395e-01
2.471999999999999975e+00,1.777500000000000000e+02,1.111111111111110938e+00
2.471999999999999975e+00,1.782500000000000000e+02,4.444444444444443643e-01
2.471999999999999975e+00,1.787500000000000000e+02,3.333333333333332593e-01
2.471999999999999975e+00,1.792500000000000000e+02,1.111111111111110078e-01
2.471999999999999975e+00,1.797500000000000000e+02,2.222222222222220989e-01
2.487999999999999989e+00,1.302500000000000000e+02,0.000000000000000000e+00
2.487999999999999989e+00,1.307500000000000000e+02,0.000000000000000000e+00
2.487999999999999989e+00,1.312500000000000000e+02,0.000000000000000000e+00
2.487999999999999989e+00,1.317500000000000000e+02,0.000000000000000000e+00
2.487999999999999989e+00,1.322500000000000000e+02,0.000000000000000000e+00
2.487999999999999989e+00,1.327500000000000000e+02,0.000000000000000000e+00
2.487999999999999989e+00,1.332500000000000000e+02,0.000000000000000000e+00
2.487999999999999989e+00,1.337500000000000000e+02,0.000000000000000000e+00
2.487999999999999989e+00,1.342500000000000000e+02,0.000000000000000000e+00
2.487999999999999989e+00,1.347500000000000000e+02,0.000000000000000000e+00
2.487999999999999989e+00,1.352500000000000000e+02,0.000000000000000000e+00
2.487999999999999989e+00,1.357500000000000000e+02,0.000000000000000000e+00
2.487999999999999989e+00,1.362500000000000000e+02,0.000000000000000000e+00
2.487999999999999989e+00,1.367500000000000000e+02,0.000000000000000000e+00
2.487999999999999989e+00,1.372500000000000000e+02,0.000000000000000000e+00
2.487999999999999989e+00,1.377500000000000000e+02,0.000000000000000000e+00
2.487999999999999989e+00,1.382500000000000000e+02,0.000000000000000000e+00
2.487999999999999989e+00,1.387500000000000000e+02,0.000000000000000000e+00
2.487999999999999989e+00,1.392500000000000000e+02,1.111111111111111049e-01
2.487999999999999989e+00,1.397500000000000000e+02,1.111111111111111049e-01
2.487999999999999989e+00,1.402500000000000000e+02,2.222222222222222099e-01
2.487999999999999989e+00,1.407500000000000000e+02,4.444444444444444753e-01
2.487999999999999989e+00,1.412500000000000000e+02,5.555555555555555802e-01
2.487999999999999989e+00,1.417500000000000000e+02,4.444444444444444753e-01
2.487999999999999989e+00,1.422500000000000000e+02,3.333333333333333148e-01
2.487999999999999989e+00,1.427500000000000000e+02,2.222222222222222376e-01
2.487999999999999989e+00,1.432500000000000000e+02,2.222222222222222376e-01
2.487999999999999989e+00,1.437500000000000000e+02,1.111111111111111466e-01
2.487999999999999989e+00,1.442500000000000000e+02,1.111111111111111466e-01
2.487999999999999989e+00,1.447500000000000000e+02,2.222222222222222376e-01
2.487999999999999989e+00,1.452500000000000000e+02,1.111111111111111466e-01
2.487999999999999989e+00,1.457500000000000000e+02,1.111111111111111466e-01
2.487999999999999989e+00,1.462500000000000000e+02,3.333333333333334259e-01
2.487999999999999989e+00,1.467500000000000000e+02,4.444444444444444753e-01
2.487999999999999989e+00,1.472500000000000000e+02,7.777777777777777901e-01
2.487999999999999989e+00,1.477500000000000000e+02,4.444444444444444753e-01
2.487999999999999989e+00,1.482500000000000000e+02,7.777777777777777901e-01
2.487999999999999989e+00,1.487500000000000000e+02,6.666666666666666297e-01
2.487999999999999989e+00,1.492500000000000000e+02,1.111111111111110938e+00
2.487999999999999989e+00,1.497500000000000000e+02,6.666666666666666297e-01
2.487999999999999989e+00,1.502500000000000000e+02,6.666666666666666297e-01
2.487999999999999989e+00,1.507500000000000000e+02,1.000000000000000000e+00
2.487999999999999989e+00,1.512500000000000000e+02,1.000000000000000000e+00
2.487999999999999989e+00,1.517500000000000000e+02,1.111111111111111160e+00
2.487999999999999989e+00,1.522500000000000000e+02,6.666666666666666297e-01
2.487999999999999989e+00,1.527500000000000000e+02,1.222222222222222321e+00
2.487999999999999989e+00,1.532500000000000000e+02,2.000000000000000000e+00
2.487999999999999989e+00,1.537500000000000000e+02,2.111111111111111160e+00
2.487999999999999989e+00,1.542500000000000000e+02,2.222222222222221877e+00
2.487999999999999989e+00,1.547500000000000000e+02,1.555555555555555358e+00
2.487999999999999989e+00,1.552500000000000000e+02,1.999999999999999778e+00
2.487999999999999989e+00,1.557500000000000000e+02,1.888888888888888618e+00
2.487999999999999989e+00,1.562500000000000000e+02,2.333333333333333037e+00
2.487999999999999989e+00,1.567500000000000000e+02,2.222222222222221877e+00
2.487999999999999989e+00,1.572500000000000000e+02,2.333333333333333037e+00
2.487999999999999989e+00,1.577500000000000000e+02,2.444444444444444198e+00
2.487999999999999989e+00,1.582500000000000000e+02,2.777777777777777235e+00
2.487999999999999989e+00,1.587500000000000000e+02,3.222222222222221877e+00
2.487999999999999989e+00,1.592500000000000000e+02,2.888888888888888840e+00
2.487999999999999989e+00,1.597500000000000000e+02,2.666666666666666519e+00
2.487999999999999989e+00,1.602500000000000000e+02,2.333333333333333037e+00
2.487999999999999989e+00,1.607500000000000000e+02,3.777777777777777235e+00
2.487999999999999989e+00,1.612500000000000000e+02,4.222222222222222321e+00
2.487999999999999989e+00,1.617500000000000000e+02,4.777777777777777679e+00
2.487999999999999989e+00,1.622500000000000000e+02,4.666666666666666963e+00
2.487999999999999989e+00,1.627500000000000000e+02,4.777777777777777679e+00
2.487999999999999989e+00,1.632500000000000000e+02,4.888888888888888395e+00
2.487999999999999989e+00,1.637500000000000000e+02,4.777777777777777679e+00
2.487999999999999989e+00,1.642500000000000000e+02,5.666666666666666963e+00
2.487999999999999989e+00,1.647500000000000000e+02,6.222222222222222321e+00
2.487999999999999989e+00,1.652500000000000000e+02,5.555555555555556246e+00
2.487999999999999989e+00,1.657500000000000000e+02,4.888888888888889284e+00
2.487999999999999989e+00,1.662500000000000000e+02,4.333333333333333037e+00
2.487999999999999989e+00,1.667500000000000000e+02,4.666666666666666963e+00
2.487999999999999989e+00,1.672500000000000000e+02,4.888888888888889284e+00
2.487999999999999989e+00,1.677500000000000000e+02,4.777777777777778567e+00
2.487999999999999989e+00,1.682500000000000000e+02,5.111111111111111605e+00
2.487999999999999989e+00,1.687500000000000000e+02,5.111111111111111605e+00
2.487999999999999989e+00,1.692500000000000000e+02,4.666666666666666963e+00
2.487999999999999989e+00,1.697500000000000000e+02,4.888888888888889284e+00
2.487999999999999989e+00,1.702500000000000000e+02,5.111111111111111605e+00
2.487999999999999989e+00,1.707500000000000000e+02,5.888888888888889284e+00
2.487999999999999989e+00,1.712500000000000000e+02,4.777777777777778567e+00
2.487999999999999989e+00,1.717500000000000000e+02,4.111111111111111605e+00
2.487999999999999989e+00,1.722500000000000000e+02,4.000000000000000888e+00
2.487999999999999989e+00,1.727500000000000000e+02,5.111111111111111605e+00
2.487999999999999989e+00,1.732500000000000000e+02,4.777777777777778567e+00
2.487999999999999989e+00,1.737500000000000000e+02,4.666666666666666963e+00
2.487999999999999989e+00,1.742500000000000000e+02,3.555555555555555802e+00
2.487999999999999989e+00,1.747500000000000000e+02,3.111111111111111160e+00
2.487999999999999989e+00,1.752500000000000000e+02,2.222222222222222765e+00
2.487999999999999989e+00,1.757500000000000000e+02,1.666666666666666963e+00
2.487999999999999989e+00,1.762500000000000000e+02,1.222222222222222543e+00
2.487999999999999989e+00,1.767500000000000000e+02,1.444444444444444642e+00
2.487999999999999989e+00,1.772500000000000000e+02,1.333333333333333703e+00
2.487999999999999989e+00,1.777500000000000000e+02,1.444444444444444642e+00
2.487999999999999989e+00,1.782500000000000000e+02,8.888888888888889506e-01
2.487999999999999989e+00,1.787500000000000000e+02,5.555555555555556912e-01
2.487999999999999989e+00,1.792500000000000000e+02,3.333333333333334259e-01
2.487999999999999989e+00,1.797500000000000000e+02,2.222222222222223209e-01
2.504000000000000004e+00,1.302500000000000000e+02,2.222222222222222099e-01
2.504000000000000004e+00,1.307500000000000000e+02,2.222222222222222099e-01
2.504000000000000004e+00,1.312500000000000000e+02,1.111111111111111049e-01
2.504000000000000004e+00,1.317500000000000000e+02,1.111111111111111049e-01
2.504000000000000004e+00,1.322500000000000000e+02,1.111111111111111049e-01
2.504000000000000004e+00,1.327500000000000000e+02,1.111111111111111049e-01
2.504000000000000004e+00,1.332500000000000000e+02,1.111111111111111049e-01
2.504000000000000004e+00,1.337500000000000000e+02,0.000000000000000000e+00
2.504000000000000004e+00,1.342500000000000000e+02,0.000000000000000000e+00
2.504000000000000004e+00,1.347500000000000000e+02,1.111111111111111049e-01
2.504000000000000004e+00,1.352500000000000000e+02,1.111111111111111049e-01
2.504000000000000004e+00,1.357500000000000000e+02,1.111111111111111049e-01
2.504000000000000004e+00,1.362500000000000000e+02,0.000000000000000000e+00
2.504000000000000004e+00,1.367500000000000000e+02,1.111111111111111049e-01
2.504000000000000004e+00,1.372500000000000000e+02,2.222222222222222099e-01
2.504000000000000004e+00,1.377500000000000000e+02,2.222222222222222099e-01
2.504000000000000004e+00,1.382500000000000000e+02,1.111111111111111049e-01
2.504000000000000004e+00,1.387500000000000000e+02,0.000000000000000000e+00
2.504000000000000004e+00,1.392500000000000000e+02,1.111111111111111049e-01
2.504000000000000004e+00,1.397500000000000000e+02,1.111111111111111049e-01
2.504000000000000004e+00,1.402500000000000000e+02,3.333333333333333148e-01
2.504000000000000004e+00,1.407500000000000000e+02,5.555555555555555802e-01
2.504000000000000004e+00,1.412500000000000000e+02,5.555555555555555802e-01
2.504000000000000004e+00,1.417500000000000000e+02,3.333333333333333148e-01
2.504000000000000004e+00,1.422500000000000000e+02,1.111111111111110911e-01
2.504000000000000004e+00,1.427500000000000000e+02,2.222222222222221821e-01
2.504000000000000004e+00,1.432500000000000000e+02,2.222222222222221821e-01
2.504000000000000004e+00,1.437500000000000000e+02,3.333333333333332593e-01
2.504000000000000004e+00,1.442500000000000000e+02,2.222222222222221821e-01
2.504000000000000004e+00,1.447500000000000000e+02,7.777777777777776791e-01
2.504000000000000004e+00,1.452500000000000000e+02,6.666666666666666297e-01
2.504000000000000004e+00,1.457500000000000000e+02,7.777777777777776791e-01
2.504000000000000004e+00,1.462500000000000000e+02,7.777777777777776791e-01
2.504000000000000004e+00,1.467500000000000000e+02,7.777777777777776791e-01
2.504000000000000004e+00,1.472500000000000000e+02,1.222222222222222099e+00
2.504000000000000004e+00,1.477500000000000000e+02,8.888888888888888395e-01
2.504000000000000004e+00,1.482500000000000000e+02,1.444444444444444420e+00
2.504000000000000004e+00,1.487500000000000000e+02,1.111111111111110938e+00
2.504000000000000004e+00,1.492500000000000000e+02,1.444444444444444420e+00
2.504000000000000004e+00,1.497500000000000000e+02,1.222222222222222099e+00
2.504000000000000004e+00,1.502500000000000000e+02,1.222222222222222099e+00
2.504000000000000004e+00,1.507500000000000000e+02,1.777777777777777679e+00
2.504000000000000004e+00,1.512500000000000000e+02,1.666666666666666741e+00
2.504000000000000004e+00,1.517500000000000000e+02,1.888888888888889062e+00
2.504000000000000004e+00,1.522500000000000000e+02,1.111111111111111160e+00
2.504000000000000004e+00,1.527500000000000000e+02,1.444444444444444642e+00
2.504000000000000004e+00,1.532500000000000000e+02,2.666666666666666519e+00
2.504000000000000004e+00,1.537500000000000000e+02,2.888888888888888840e+00
2.504000000000000004e+00,1.542500000000000000e+02,3.666666666666666519e+00
2.504000000000000004e+00,1.547500000000000000e+02,3.333333333333333481e+00
2.504000000000000004e+00,1.552500000000000000e+02,4.333333333333333037e+00
2.504000000000000004e+00,1.557500000000000000e+02,3.777777777777778123e+00
2.504000000000000004e+00,1.562500000000000000e+02,4.111111111111111605e+00
2.504000000000000004e+00,1.567500000000000000e+02,3.777777777777778123e+00
2.504000000000000004e+00,1.572500000000000000e+02,3.888888888888889284e+00
2.504000000000000004e+00,1.577500000000000000e+02,4.111111111111111605e+00
2.504000000000000004e+00,1.582500000000000000e+02,5.222222222222223209e+00
2.504000000000000004e+00,1.587500000000000000e+02,5.888888888888890172e+00
2.504000000000000004e+00,1.592500000000000000e+02,5.444444444444445530e+00
2.504000000000000004e+00,1.597500000000000000e+02,4.666666666666667851e+00
2.504000000000000004e+00,1.602500000000000000e+02,4.666666666666667851e+00
2.504000000000000004e+00,1.607500000000000000e+02,5.777777777777778567e+00
2.504000000000000004e+00,1.612500000000000000e+02,6.444444444444445530e+00
2.504000000000000004e+00,1.617500000000000000e+02,7.444444444444445530e+00
2.504000000000000004e+00,1.622500000000000000e+02,7.222222222222222321e+00
2.504000000000000004e+00,1.627500000000000000e+02,7.444444444444445530e+00
2.504000000000000004e+00,1.632500000000000000e+02,7.222222222222222321e+00
2.504000000000000004e+00,1.637500000000000000e+02,8.444444444444444642e+00
2.504000000000000004e+00,1.642500000000000000e+02,1.033333333333333393e+01
2.504000000000000004e+00,1.647500000000000000e+02,1.155555555555555713e+01
2.504000000000000004e+00,1.652500000000000000e+02,1.044444444444444642e+01
2.504000000000000004e+00,1.657500000000000000e+02,8.444444444444446418e+00
2.504000000000000004e+00,1.662500000000000000e+02,7.444444444444446418e+00
2.504000000000000004e+00,1.667500000000000000e+02,7.666666666666668739e+00
2.504000000000000004e+00,1.672500000000000000e+02,8.000000000000001776e+00
2.504000000000000004e+00,1.677500000000000000e+02,9.444444444444448195e+00
2.504000000000000004e+00,1.682500000000000000e+02,1.022222222222222676e+01
2.504000000000000004e+00,1.687500000000000000e+02,1.166666666666667140e+01
2.504000000000000004e+00,1.692500000000000000e+02,9.888888888888892836e+00
2.504000000000000004e+00,1.697500000000000000e+02,1.000000000000000355e+01
2.504000000000000004e+00,1.702500000000000000e+02,8.777777777777780344e+00
2.504000000000000004e+00,1.707500000000000000e+02,9.222222222222226762e+00
2.504000000000000004e+00,1.712500000000000000e+02,8.111111111111116045e+00
2.504000000000000004e+00,1.717500000000000000e+02,8.333333333333337478e+00
2.504000000000000004e+00,1.722500000000000000e+02,8.444444444444448195e+00
2.504000000000000004e+00,1.727500000000000000e+02,9.777777777777782120e+00
2.504000000000000004e+00,1.732500000000000000e+02,8.333333333333337478e+00
2.504000000000000004e+00,1.737500000000000000e+02,8.111111111111116045e+00
2.504000000000000004e+00,1.742500000000000000e+02,6.444444444444449971e+00
2.504000000000000004e+00,1.747500000000000000e+02,6.666666666666672292e+00
2.504000000000000004e+00,1.752500000000000000e+02,5.555555555555561575e+00
2.504000000000000004e+00,1.757500000000000000e+02,4.777777777777784785e+00
2.504000000000000004e+00,1.762500000000000000e+02,4.222222222222228538e+00
2.504000000000000004e+00,1.767500000000000000e+02,4.444444444444450859e+00
2.504000000000000004e+00,1.772500000000000000e+02,3.888888888888895057e+00
2.504000000000000004e+00,1.777500000000000000e+02,3.333333333333339699e+00
2.504000000000000004e+00,1.782500000000000000e+02,2.333333333333339699e+00
2.504000000000000004e+00,1.787500000000000000e+02,1.777777777777784118e+00
2.504000000000000004e+00,1.792500000000000000e+02,1.000000000000006439e+00
2.504000000000000004e+00,1.797500000000000000e+02,2.222222222222285382e-01
2.520000000000000018e+00,1.302500000000000000e+02,4.444444444444444198e-01
2.520000000000000018e+00,1.307500000000000000e+02,3.333333333333333148e-01
2.520000000000000018e+00,1.312500000000000000e+02,1.111111111111111188e-01
2.520000000000000018e+00,1.317500000000000000e+02,1.111111111111111188e-01
2.520000000000000018e+00,1.322500000000000000e+02,1.111111111111111188e-01
2.520000000000000018e+00,1.327500000000000000e+02,1.111111111111111188e-01
2.520000000000000018e+00,1.332500000000000000e+02,1.111111111111111188e-01
2.520000000000000018e+00,1.337500000000000000e+02,1.850371707708594131e-17
2.520000000000000018e+00,1.342500000000000000e+02,1.850371707708594131e-17
2.520000000000000018e+00,1.347500000000000000e+02,3.333333333333333148e-01
2.520000000000000018e+00,1.352500000000000000e+02,3.333333333333333148e-01
2.520000000000000018e+00,1.357500000000000000e+02,3.333333333333333148e-01
2.520000000000000018e+00,1.362500000000000000e+02,0.000000000000000000e+00
2.520000000000000018e+00,1.367500000000000000e+02,1.111111111111111049e-01
2.520000000000000018e+00,1.372500000000000000e+02,2.222222222222222099e-01
2.520000000000000018e+00,1.377500000000000000e+02,2.222222222222222099e-01
2.520000000000000018e+00,1.382500000000000000e+02,1.111111111111111049e-01
2.520000000000000018e+00,1.387500000000000000e+02,0.000000000000000000e+00
2.520000000000000018e+00,1.392500000000000000e+02,1.111111111111111049e-01
2.520000000000000018e+00,1.397500000000000000e+02,2.222222222222222099e-01
2.520000000000000018e+00,1.402500000000000000e+02,3.333333333333333148e-01
2.520000000000000018e+00,1.407500000000000000e+02,3.333333333333333148e-01
2.520000000000000018e+00,1.412500000000000000e+02,2.222222222222222376e-01
2.520000000000000018e+00,1.417500000000000000e+02,2.222222222222222376e-01
2.520000000000000018e+00,1.422500000000000000e+02,3.333333333333333148e-01
2.520000000000000018e+00,1.427500000000000000e+02,4.444444444444444198e-01
2.520000000000000018e+00,1.432500000000000000e+02,3.333333333333333148e-01
2.520000000000000018e+00,1.437500000000000000e+02,5.555555555555554692e-01
2.520000000000000018e+00,1.442500000000000000e+02,4.444444444444444198e-01
2.520000000000000018e+00,1.447500000000000000e+02,1.111111111111110938e+00
2.520000000000000018e+00,1.452500000000000000e+02,1.000000000000000000e+00
2.520000000000000018e+00,1.457500000000000000e+02,1.333333333333333259e+00
2.520000000000000018e+00,1.462500000000000000e+02,1.444444444444444642e+00
2.520000000000000018e+00,1.467500000000000000e+02,1.444444444444444642e+00
2.520000000000000018e+00,1.472500000000000000e+02,1.777777777777777901e+00
2.520000000000000018e+00,1.477500000000000000e+02,1.444444444444444642e+00
2.520000000000000018e+00,1.482500000000000000e+02,2.000000000000000000e+00
2.520000000000000018e+00,1.487500000000000000e+02,2.000000000000000000e+00
2.520000000000000018e+00,1.492500000000000000e+02,2.222222222222222321e+00
2.520000000000000018e+00,1.497500000000000000e+02,2.000000000000000000e+00
2.520000000000000018e+00,1.502500000000000000e+02,2.111111111111111160e+00
2.520000000000000018e+00,1.507500000000000000e+02,3.333333333333333481e+00
2.520000000000000018e+00,1.512500000000000000e+02,3.666666666666666519e+00
2.520000000000000018e+00,1.517500000000000000e+02,4.111111111111110716e+00
2.520000000000000018e+00,1.522500000000000000e+02,3.222222222222221433e+00
2.520000000000000018e+00,1.527500000000000000e+02,3.777777777777777235e+00
2.520000000000000018e+00,1.532500000000000000e+02,4.222222222222222321e+00
2.520000000000000018e+00,1.537500000000000000e+02,4.333333333333333037e+00
2.520000000000000018e+00,1.542500000000000000e+02,5.333333333333333037e+00
2.520000000000000018e+00,1.547500000000000000e+02,6.111111111111110716e+00
2.520000000000000018e+00,1.552500000000000000e+02,6.333333333333333037e+00
2.520000000000000018e+00,1.557500000000000000e+02,5.222222222222222321e+00
2.520000000000000018e+00,1.562500000000000000e+02,5.333333333333333037e+00
2.520000000000000018e+00,1.567500000000000000e+02,6.222222222222222321e+00
2.520000000000000018e+00,1.572500000000000000e+02,7.333333333333333037e+00
2.520000000000000018e+00,1.577500000000000000e+02,7.333333333333333037e+00
2.520000000000000018e+00,1.582500000000000000e+02,9.000000000000000000e+00
2.520000000000000018e+00,1.587500000000000000e+02,9.111111111111110716e+00
2.520000000000000018e+00,1.592500000000000000e+02,1.022222222222222143e+01
2.520000000000000018e+00,1.597500000000000000e+02,8.777777777777776791e+00
2.520000000000000018e+00,1.602500000000000000e+02,9.777777777777776791e+00
2.520000000000000018e+00,1.607500000000000000e+02,1.055555555555555536e+01
2.520000000000000018e+00,1.612500000000000000e+02,1.166666666666666607e+01
2.520000000000000018e+00,1.617500000000000000e+02,1.266666666666666607e+01
2.520000000000000018e+00,1.622500000000000000e+02,1.188888888888888751e+01
2.520000000000000018e+00,1.627500000000000000e+02,1.211111111111110894e+01
2.520000000000000018e+00,1.632500000000000000e+02,1.155555555555555536e+01
2.520000000000000018e+00,1.637500000000000000e+02,1.322222222222222143e+01
2.520000000000000018e+00,1.642500000000000000e+02,1.500000000000000000e+01
2.520000000000000018e+00,1.647500000000000000e+02,1.666666666666666785e+01
2.520000000000000018e+00,1.652500000000000000e+02,1.777777777777777501e+01
2.520000000000000018e+00,1.657500000000000000e+02,1.744444444444444287e+01
2.520000000000000018e+00,1.662500000000000000e+02,1.655555555555555358e+01
2.520000000000000018e+00,1.667500000000000000e+02,1.433333333333333393e+01
2.520000000000000018e+00,1.672500000000000000e+02,1.311111111111111249e+01
2.520000000000000018e+00,1.677500000000000000e+02,1.422222222222222321e+01
2.520000000000000018e+00,1.682500000000000000e+02,1.522222222222222321e+01
2.520000000000000018e+00,1.687500000000000000e+02,1.766666666666666785e+01
2.520000000000000018e+00,1.692500000000000000e+02,1.688888888888888928e+01
2.520000000000000018e+00,1.697500000000000000e+02,1.822222222222222143e+01
2.520000000000000018e+00,1.702500000000000000e+02,1.655555555555555358e+01
2.520000000000000018e+00,1.707500000000000000e+02,1.644444444444444287e+01
2.520000000000000018e+00,1.712500000000000000e+02,1.455555555555555181e+01
2.520000000000000018e+00,1.717500000000000000e+02,1.577777777777777324e+01
2.520000000000000018e+00,1.722500000000000000e+02,1.477777777777777324e+01
2.520000000000000018e+00,1.727500000000000000e+02,1.599999999999999467e+01
2.520000000000000018e+00,1.732500000000000000e+02,1.344444444444444109e+01
2.520000000000000018e+00,1.737500000000000000e+02,1.388888888888888573e+01
2.520000000000000018e+00,1.742500000000000000e+02,1.177777777777777324e+01
2.520000000000000018e+00,1.747500000000000000e+02,1.111111111111110716e+01
2.520000000000000018e+00,1.752500000000000000e+02,9.777777777777773238e+00
2.520000000000000018e+00,1.757500000000000000e+02,8.777777777777773238e+00
2.520000000000000018e+00,1.762500000000000000e+02,8.222222222222217880e+00
2.520000000000000018e+00,1.767500000000000000e+02,8.222222222222217880e+00
2.520000000000000018e+00,1.772500000000000000e+02,6.999999999999995559e+00
2.520000000000000018e+00,1.777500000000000000e+02,6.111111111111106275e+00
2.520000000000000018e+00,1.782500000000000000e+02,3.999999999999995115e+00
2.520000000000000018e+00,1.787500000000000000e+02,2.888888888888883955e+00
2.520000000000000018e+00,1.792500000000000000e+02,1.555555555555550695e+00
2.520000000000000018e+00,1.797500000000000000e+02,4.444444444444394793e-01
2.536000000000000032e+00,1.302500000000000000e+02,4.444444444444444198e-01
2.536000000000000032e+00,1.307500000000000000e+02,3.333333333333333148e-01
2.536000000000000032e+00,1.312500000000000000e+02,2.222222222222222376e-01
2.536000000000000032e+00,1.317500000000000000e+02,2.222222222222222376e-01
2.536000000000000032e+00,1.322500000000000000e+02,2.222222222222222376e-01
2.536000000000000032e+00,1.327500000000000000e+02,1.111111111111111466e-01
2.536000000000000032e+00,1.332500000000000000e+02,1.111111111111111466e-01
2.536000000000000032e+00,1.337500000000000000e+02,3.700743415417188263e-17
2.536000000000000032e+00,1.342500000000000000e+02,3.700743415417188263e-17
2.536000000000000032e+00,1.347500000000000000e+02,3.333333333333333148e-01
2.536000000000000032e+00,1.352500000000000000e+02,3.333333333333333148e-01
2.536000000000000032e+00,1.357500000000000000e+02,4.444444444444444198e-01
2.536000000000000032e+00,1.362500000000000000e+02,1.111111111111110911e-01
2.536000000000000032e+00,1.367500000000000000e+02,3.333333333333333148e-01
2.536000000000000032e+00,1.372500000000000000e+02,4.444444444444444198e-01
2.536000000000000032e+00,1.377500000000000000e+02,4.444444444444444198e-01
2.536000000000000032e+00,1.382500000000000000e+02,2.222222222222222099e-01
2.536000000000000032e+00,1.387500000000000000e+02,6.666666666666666297e-01
2.536000000000000032e+00,1.392500000000000000e+02,7.777777777777777901e-01
2.536000000000000032e+00,1.397500000000000000e+02,8.888888888888889506e-01
2.536000000000000032e+00,1.402500000000000000e+02,3.333333333333334259e-01
2.536000000000000032e+00,1.407500000000000000e+02,4.444444444444444753e-01
2.536000000000000032e+00,1.412500000000000000e+02,3.333333333333334259e-01
2.536000000000000032e+00,1.417500000000000000e+02,3.333333333333334259e-01
2.536000000000000032e+00,1.422500000000000000e+02,3.333333333333334259e-01
2.536000000000000032e+00,1.427500000000000000e+02,1.111111111111111382e+00
2.536000000000000032e+00,1.432500000000000000e+02,1.222222222222222543e+00
2.536000000000000032e+00,1.437500000000000000e+02,1.444444444444444642e+00
2.536000000000000032e+00,1.442500000000000000e+02,6.666666666666668517e-01
2.536000000000000032e+00,1.447500000000000000e+02,1.444444444444444642e+00
2.536000000000000032e+00,1.452500000000000000e+02,1.666666666666666963e+00
2.536000000000000032e+00,1.457500000000000000e+02,2.444444444444444642e+00
2.536000000000000032e+00,1.462500000000000000e+02,2.666666666666666519e+00
2.536000000000000032e+00,1.467500000000000000e+02,2.666666666666666519e+00
2.536000000000000032e+00,1.472500000000000000e+02,2.444444444444444198e+00
2.536000000000000032e+00,1.477500000000000000e+02,2.000000000000000000e+00
2.536000000000000032e+00,1.482500000000000000e+02,2.777777777777777235e+00
2.536000000000000032e+00,1.487500000000000000e+02,3.333333333333332593e+00
2.536000000000000032e+00,1.492500000000000000e+02,3.555555555555554914e+00
2.536000000000000032e+00,1.497500000000000000e+02,3.444444444444444198e+00
2.536000000000000032e+00,1.502500000000000000e+02,4.222222222222222321e+00
2.536000000000000032e+00,1.507500000000000000e+02,5.555555555555554470e+00
2.536000000000000032e+00,1.512500000000000000e+02,5.777777777777777679e+00
2.536000000000000032e+00,1.517500000000000000e+02,6.222222222222221433e+00
2.536000000000000032e+00,1.522500000000000000e+02,5.555555555555554470e+00
2.536000000000000032e+00,1.527500000000000000e+02,6.222222222222221433e+00
2.536000000000000032e+00,1.532500000000000000e+02,6.555555555555554470e+00
2.536000000000000032e+00,1.537500000000000000e+02,6.888888888888888395e+00
2.536000000000000032e+00,1.542500000000000000e+02,7.999999999999999112e+00
2.536000000000000032e+00,1.547500000000000000e+02,8.444444444444442865e+00
2.536000000000000032e+00,1.552500000000000000e+02,8.444444444444442865e+00
2.536000000000000032e+00,1.557500000000000000e+02,7.888888888888888395e+00
2.536000000000000032e+00,1.562500000000000000e+02,8.666666666666666075e+00
2.536000000000000032e+00,1.567500000000000000e+02,1.033333333333333215e+01
2.536000000000000032e+00,1.572500000000000000e+02,1.144444444444444287e+01
2.536000000000000032e+00,1.577500000000000000e+02,1.177777777777777679e+01
2.536000000000000032e+00,1.582500000000000000e+02,1.366666666666666607e+01
2.536000000000000032e+00,1.587500000000000000e+02,1.466666666666666607e+01
2.536000000000000032e+00,1.592500000000000000e+02,1.600000000000000000e+01
2.536000000000000032e+00,1.597500000000000000e+02,1.411111111111110894e+01
2.536000000000000032e+00,1.602500000000000000e+02,1.477777777777777679e+01
2.536000000000000032e+00,1.607500000000000000e+02,1.599999999999999822e+01
2.536000000000000032e+00,1.612500000000000000e+02,1.711111111111111072e+01
2.536000000000000032e+00,1.617500000000000000e+02,1.788888888888888573e+01
2.536000000000000032e+00,1.622500000000000000e+02,1.744444444444444287e+01
2.536000000000000032e+00,1.627500000000000000e+02,1.822222222222222143e+01
2.536000000000000032e+00,1.632500000000000000e+02,1.944444444444444287e+01
2.536000000000000032e+00,1.637500000000000000e+02,2.077777777777777501e+01
2.536000000000000032e+00,1.642500000000000000e+02,2.366666666666666785e+01
2.536000000000000032e+00,1.647500000000000000e+02,2.400000000000000000e+01
2.536000000000000032e+00,1.652500000000000000e+02,2.577777777777777501e+01
2.536000000000000032e+00,1.657500000000000000e+02,2.422222222222221788e+01
2.536000000000000032e+00,1.662500000000000000e+02,2.444444444444443931e+01
2.536000000000000032e+00,1.667500000000000000e+02,2.199999999999999645e+01
2.536000000000000032e+00,1.672500000000000000e+02,2.199999999999999645e+01
2.536000000000000032e+00,1.677500000000000000e+02,2.266666666666666075e+01
2.536000000000000032e+00,1.682500000000000000e+02,2.399999999999999645e+01
2.536000000000000032e+00,1.687500000000000000e+02,2.622222222222221788e+01
2.536000000000000032e+00,1.692500000000000000e+02,2.744444444444444287e+01
2.536000000000000032e+00,1.697500000000000000e+02,2.833333333333333215e+01
2.536000000000000032e+00,1.702500000000000000e+02,2.622222222222222499e+01
2.536000000000000032e+00,1.707500000000000000e+02,2.400000000000000000e+01
2.536000000000000032e+00,1.712500000000000000e+02,2.255555555555555358e+01
2.536000000000000032e+00,1.717500000000000000e+02,2.511111111111111072e+01
2.536000000000000032e+00,1.722500000000000000e+02,2.355555555555555358e+01
2.536000000000000032e+00,1.727500000000000000e+02,2.344444444444444287e+01
2.536000000000000032e+00,1.732500000000000000e+02,2.022222222222221788e+01
2.536000000000000032e+00,1.737500000000000000e+02,2.122222222222221788e+01
2.536000000000000032e+00,1.742500000000000000e+02,1.955555555555555358e+01
2.536000000000000032e+00,1.747500000000000000e+02,1.866666666666666075e+01
2.536000000000000032e+00,1.752500000000000000e+02,1.666666666666666075e+01
2.536000000000000032e+00,1.757500000000000000e+02,1.544444444444444109e+01
2.536000000000000032e+00,1.762500000000000000e+02,1.411111111111110716e+01
2.536000000000000032e+00,1.767500000000000000e+02,1.333333333333332860e+01
2.536000000000000032e+00,1.772500000000000000e+02,1.144444444444443754e+01
2.536000000000000032e+00,1.777500000000000000e+02,9.333333333333326820e+00
2.536000000000000032e+00,1.782500000000000000e+02,6.333333333333325932e+00
2.536000000000000032e+00,1.787500000000000000e+02,3.999999999999992895e+00
2.536000000000000032e+00,1.792500000000000000e+02,1.999999999999992895e+00
2.536000000000000032e+00,1.797500000000000000e+02,5.555555555555485858e-01
2.552000000000000046e+00,1.302500000000000000e+02,2.222222222222222099e-01
2.552000000000000046e+00,1.307500000000000000e+02,1.111111111111111049e-01
2.552000000000000046e+00,1.312500000000000000e+02,2.222222222222222099e-01
2.552000000000000046e+00,1.317500000000000000e+02,2.222222222222222099e-01
2.552000000000000046e+00,1.322500000000000000e+02,2.222222222222222099e-01
2.552000000000000046e+00,1.327500000000000000e+02,0.000000000000000000e+00
2.552000000000000046e+00,1.332500000000000000e+02,0.000000000000000000e+00
2.552000000000000046e+00,1.337500000000000000e+02,0.000000000000000000e+00
2.552000000000000046e+00,1.342500000000000000e+02,0.000000000000000000e+00
2.552000000000000046e+00,1.347500000000000000e+02,2.222222222222222099e-01
2.552000000000000046e+00,1.352500000000000000e+02,2.222222222222222099e-01
2.552000000000000046e+00,1.357500000000000000e+02,4.444444444444444198e-01
2.552000000000000046e+00,1.362500000000000000e+02,2.222222222222222099e-01
2.552000000000000046e+00,1.367500000000000000e+02,4.444444444444444198e-01
2.552000000000000046e+00,1.372500000000000000e+02,3.333333333333333148e-01
2.552000000000000046e+00,1.377500000000000000e+02,6.666666666666666297e-01
2.552000000000000046e+00,1.382500000000000000e+02,4.444444444444444753e-01
2.552000000000000046e+00,1.387500000000000000e+02,1.222222222222222099e+00
2.552000000000000046e+00,1.392500000000000000e+02,1.111111111111110938e+00
2.552000000000000046e+00,1.397500000000000000e+02,1.333333333333333259e+00
2.552000000000000046e+00,1.402500000000000000e+02,6.666666666666665186e-01
2.552000000000000046e+00,1.407500000000000000e+02,7.777777777777776791e-01
2.552000000000000046e+00,1.412500000000000000e+02,7.777777777777776791e-01
2.552000000000000046e+00,1.417500000000000000e+02,8.888888888888888395e-01
2.552000000000000046e+00,1.422500000000000000e+02,1.111111111111110938e+00
2.552000000000000046e+00,1.427500000000000000e+02,1.888888888888888618e+00
2.552000000000000046e+00,1.432500000000000000e+02,2.222222222222221877e+00
2.552000000000000046e+00,1.437500000000000000e+02,2.333333333333333037e+00
2.552000000000000046e+00,1.442500000000000000e+02,1.888888888888888618e+00
2.552000000000000046e+00,1.447500000000000000e+02,1.888888888888888618e+00
2.552000000000000046e+00,1.452500000000000000e+02,2.111111111111110716e+00
2.552000000000000046e+00,1.457500000000000000e+02,2.666666666666666519e+00
2.552000000000000046e+00,1.462500000000000000e+02,3.333333333333333481e+00
2.552000000000000046e+00,1.467500000000000000e+02,3.777777777777778123e+00
2.552000000000000046e+00,1.472500000000000000e+02,3.222222222222222765e+00
2.552000000000000046e+00,1.477500000000000000e+02,3.333333333333333481e+00
2.552000000000000046e+00,1.482500000000000000e+02,4.111111111111110716e+00
2.552000000000000046e+00,1.487500000000000000e+02,5.333333333333333037e+00
2.552000000000000046e+00,1.492500000000000000e+02,5.333333333333333037e+00
2.552000000000000046e+00,1.497500000000000000e+02,4.333333333333333037e+00
2.552000000000000046e+00,1.502500000000000000e+02,6.111111111111110716e+00
2.552000000000000046e+00,1.507500000000000000e+02,7.333333333333333037e+00
2.552000000000000046e+00,1.512500000000000000e+02,8.666666666666666075e+00
2.552000000000000046e+00,1.517500000000000000e+02,7.888888888888889284e+00
2.552000000000000046e+00,1.522500000000000000e+02,7.888888888888889284e+00
2.552000000000000046e+00,1.527500000000000000e+02,8.555555555555555358e+00
2.552000000000000046e+00,1.532500000000000000e+02,9.555555555555555358e+00
2.552000000000000046e+00,1.537500000000000000e+02,1.088888888888889106e+01
2.552000000000000046e+00,1.542500000000000000e+02,1.255555555555555713e+01
2.552000000000000046e+00,1.547500000000000000e+02,1.366666666666666607e+01
2.552000000000000046e+00,1.552500000000000000e+02,1.333333333333333393e+01
2.552000000000000046e+00,1.557500000000000000e+02,1.400000000000000000e+01
2.552000000000000046e+00,1.562500000000000000e+02,1.600000000000000000e+01
2.552000000000000046e+00,1.567500000000000000e+02,1.855555555555555713e+01
2.552000000000000046e+00,1.572500000000000000e+02,1.911111111111111427e+01
2.552000000000000046e+00,1.577500000000000000e+02,1.755555555555555713e+01
2.552000000000000046e+00,1.582500000000000000e+02,1.800000000000000000e+01
2.552000000000000046e+00,1.587500000000000000e+02,1.944444444444444287e+01
2.552000000000000046e+00,1.592500000000000000e+02,2.244444444444444287e+01
2.552000000000000046e+00,1.597500000000000000e+02,2.288888888888888573e+01
2.552000000000000046e+00,1.602500000000000000e+02,2.311111111111111072e+01
2.552000000000000046e+00,1.607500000000000000e+02,2.555555555555555358e+01
2.552000000000000046e+00,1.612500000000000000e+02,2.600000000000000000e+01
2.552000000000000046e+00,1.617500000000000000e+02,2.777777777777777501e+01
2.552000000000000046e+00,1.622500000000000000e+02,2.777777777777777501e+01
2.552000000000000046e+00,1.627500000000000000e+02,3.022222222222221788e+01
2.552000000000000046e+00,1.632500000000000000e+02,3.222222222222222143e+01
2.552000000000000046e+00,1.637500000000000000e+02,3.433333333333332860e+01
2.552000000000000046e+00,1.642500000000000000e+02,3.711111111111110716e+01
2.552000000000000046e+00,1.647500000000000000e+02,3.699999999999999289e+01
2.552000000000000046e+00,1.652500000000000000e+02,3.766666666666665719e+01
2.552000000000000046e+00,1.657500000000000000e+02,3.722222222222220722e+01
2.552000000000000046e+00,1.662500000000000000e+02,3.833333333333332149e+01
2.552000000000000046e+00,1.667500000000000000e+02,3.733333333333332149e+01
2.552000000000000046e+00,1.672500000000000000e+02,3.688888888888887863e+01
2.552000000000000046e+00,1.677500000000000000e+02,3.699999999999998579e+01
2.552000000000000046e+00,1.682500000000000000e+02,3.644444444444442865e+01
2.552000000000000046e+00,1.687500000000000000e+02,3.877777777777776436e+01
2.552000000000000046e+00,1.692500000000000000e+02,4.099999999999998579e+01
2.552000000000000046e+00,1.697500000000000000e+02,4.177777777777776436e+01
2.552000000000000046e+00,1.702500000000000000e+02,3.855555555555554292e+01
2.552000000000000046e+00,1.707500000000000000e+02,3.733333333333332149e+01
2.552000000000000046e+00,1.712500000000000000e+02,3.611111111111109295e+01
2.552000000000000046e+00,1.717500000000000000e+02,3.955555555555554292e+01
2.552000000000000046e+00,1.722500000000000000e+02,3.766666666666665719e+01
2.552000000000000046e+00,1.727500000000000000e+02,3.911111111111110716e+01
2.552000000000000046e+00,1.732500000000000000e+02,3.577777777777777146e+01
2.552000000000000046e+00,1.737500000000000000e+02,3.599999999999999289e+01
2.552000000000000046e+00,1.742500000000000000e+02,3.177777777777776791e+01
2.552000000000000046e+00,1.747500000000000000e+02,2.922222222222221077e+01
2.552000000000000046e+00,1.752500000000000000e+02,2.533333333333332504e+01
2.552000000000000046e+00,1.757500000000000000e+02,2.366666666666665719e+01
2.552000000000000046e+00,1.762500000000000000e+02,2.099999999999998934e+01
2.552000000000000046e+00,1.767500000000000000e+02,1.977777777777776791e+01
2.552000000000000046e+00,1.772500000000000000e+02,1.755555555555554648e+01
2.552000000000000046e+00,1.777500000000000000e+02,1.511111111111110006e+01
2.552000000000000046e+00,1.782500000000000000e+02,1.033333333333332327e+01
2.552000000000000046e+00,1.787500000000000000e+02,6.222222222222211663e+00
2.552000000000000046e+00,1.792500000000000000e+02,2.999999999999989342e+00
2.552000000000000046e+00,1.797500000000000000e+02,1.222222222222211663e+00
2.568000000000000060e+00,1.302500000000000000e+02,2.222222222222222099e-01
2.568000000000000060e+00,1.307500000000000000e+02,2.222222222222222099e-01
2.568000000000000060e+00,1.312500000000000000e+02,4.444444444444444198e-01
2.568000000000000060e+00,1.317500000000000000e+02,2.222222222222222099e-01
2.568000000000000060e+00,1.322500000000000000e+02,2.222222222222222099e-01
2.568000000000000060e+00,1.327500000000000000e+02,1.111111111111111049e-01
2.568000000000000060e+00,1.332500000000000000e+02,2.222222222222222099e-01
2.568000000000000060e+00,1.337500000000000000e+02,2.222222222222222099e-01
2.568000000000000060e+00,1.342500000000000000e+02,1.111111111111111049e-01
2.568000000000000060e+00,1.347500000000000000e+02,1.111111111111111049e-01
2.568000000000000060e+00,1.352500000000000000e+02,3.333333333333333148e-01
2.568000000000000060e+00,1.357500000000000000e+02,5.555555555555554692e-01
2.568000000000000060e+00,1.362500000000000000e+02,4.444444444444444198e-01
2.568000000000000060e+00,1.367500000000000000e+02,4.444444444444444198e-01
2.568000000000000060e+00,1.372500000000000000e+02,6.666666666666666297e-01
2.568000000000000060e+00,1.377500000000000000e+02,1.111111111111110938e+00
2.568000000000000060e+00,1.382500000000000000e+02,1.333333333333333259e+00
2.568000000000000060e+00,1.387500000000000000e+02,1.888888888888888618e+00
2.568000000000000060e+00,1.392500000000000000e+02,1.888888888888888618e+00
2.568000000000000060e+00,1.397500000000000000e+02,1.666666666666666297e+00
2.568000000000000060e+00,1.402500000000000000e+02,8.888888888888885065e-01
2.568000000000000060e+00,1.407500000000000000e+02,1.111111111111110716e+00
2.568000000000000060e+00,1.412500000000000000e+02,1.333333333333332815e+00
2.568000000000000060e+00,1.417500000000000000e+02,1.666666666666666075e+00
2.568000000000000060e+00,1.422500000000000000e+02,1.888888888888888173e+00
2.568000000000000060e+00,1.427500000000000000e+02,2.666666666666665630e+00
2.568000000000000060e+00,1.432500000000000000e+02,3.444444444444443310e+00
2.568000000000000060e+00,1.437500000000000000e+02,3.888888888888887951e+00
2.568000000000000060e+00,1.442500000000000000e+02,3.333333333333332593e+00
2.568000000000000060e+00,1.447500000000000000e+02,2.999999999999999556e+00
2.568000000000000060e+00,1.452500000000000000e+02,2.999999999999999556e+00
2.568000000000000060e+00,1.457500000000000000e+02,3.444444444444444198e+00
2.568000000000000060e+00,1.462500000000000000e+02,4.111111111111110716e+00
2.568000000000000060e+00,1.467500000000000000e+02,4.333333333333333037e+00
2.568000000000000060e+00,1.472500000000000000e+02,4.555555555555555358e+00
2.568000000000000060e+00,1.477500000000000000e+02,5.000000000000000000e+00
2.568000000000000060e+00,1.482500000000000000e+02,6.777777777777777679e+00
2.568000000000000060e+00,1.487500000000000000e+02,8.222222222222221433e+00
2.568000000000000060e+00,1.492500000000000000e+02,9.333333333333332149e+00
2.568000000000000060e+00,1.497500000000000000e+02,7.888888888888888395e+00
2.568000000000000060e+00,1.502500000000000000e+02,9.666666666666666075e+00
2.568000000000000060e+00,1.507500000000000000e+02,9.555555555555555358e+00
2.568000000000000060e+00,1.512500000000000000e+02,1.122222222222222143e+01
2.568000000000000060e+00,1.517500000000000000e+02,1.088888888888888751e+01
2.568000000000000060e+00,1.522500000000000000e+02,1.133333333333333393e+01
2.568000000000000060e+00,1.527500000000000000e+02,1.222222222222222321e+01
2.568000000000000060e+00,1.532500000000000000e+02,1.355555555555555713e+01
2.568000000000000060e+00,1.537500000000000000e+02,1.555555555555555713e+01
2.568000000000000060e+00,1.542500000000000000e+02,1.700000000000000355e+01
2.568000000000000060e+00,1.547500000000000000e+02,1.800000000000000355e+01
2.568000000000000060e+00,1.552500000000000000e+02,1.922222222222222499e+01
2.568000000000000060e+00,1.557500000000000000e+02,2.100000000000000000e+01
2.568000000000000060e+00,1.562500000000000000e+02,2.255555555555555358e+01
2.568000000000000060e+00,1.567500000000000000e+02,2.388888888888888573e+01
2.568000000000000060e+00,1.572500000000000000e+02,2.433333333333332860e+01
2.568000000000000060e+00,1.577500000000000000e+02,2.644444444444443931e+01
2.568000000000000060e+00,1.582500000000000000e+02,2.811111111111110361e+01
2.568000000000000060e+00,1.587500000000000000e+02,3.033333333333332860e+01
2.568000000000000060e+00,1.592500000000000000e+02,3.211111111111110716e+01
2.568000000000000060e+00,1.597500000000000000e+02,3.433333333333332860e+01
2.568000000000000060e+00,1.602500000000000000e+02,3.611111111111110716e+01
2.568000000000000060e+00,1.607500000000000000e+02,3.922222222222222143e+01
2.568000000000000060e+00,1.612500000000000000e+02,3.933333333333333570e+01
2.568000000000000060e+00,1.617500000000000000e+02,4.044444444444444287e+01
2.568000000000000060e+00,1.622500000000000000e+02,4.233333333333333570e+01
2.568000000000000060e+00,1.627500000000000000e+02,4.455555555555555003e+01
2.568000000000000060e+00,1.632500000000000000e+02,4.811111111111110716e+01
2.568000000000000060e+00,1.637500000000000000e+02,5.077777777777777146e+01
2.568000000000000060e+00,1.642500000000000000e+02,5.399999999999999289e+01
2.568000000000000060e+00,1.647500000000000000e+02,5.199999999999999289e+01
2.568000000000000060e+00,1.652500000000000000e+02,4.955555555555554292e+01
2.568000000000000060e+00,1.657500000000000000e+02,4.722222222222220722e+01
2.568000000000000060e+00,1.662500000000000000e+02,5.099999999999997868e+01
2.568000000000000060e+00,1.667500000000000000e+02,5.299999999999997868e+01
2.568000000000000060e+00,1.672500000000000000e+02,5.622222222222220722e+01
2.568000000000000060e+00,1.677500000000000000e+02,5.666666666666665719e+01
2.568000000000000060e+00,1.682500000000000000e+02,5.588888888888887863e+01
2.568000000000000060e+00,1.687500000000000000e+02,5.888888888888887863e+01
2.568000000000000060e+00,1.692500000000000000e+02,6.211111111111110716e+01
2.568000000000000060e+00,1.697500000000000000e+02,6.322222222222220722e+01
2.568000000000000060e+00,1.702500000000000000e+02,5.988888888888887863e+01
2.568000000000000060e+00,1.707500000000000000e+02,5.655555555555554292e+01
2.568000000000000060e+00,1.712500000000000000e+02,5.366666666666665719e+01
2.568000000000000060e+00,1.717500000000000000e+02,5.499999999999999289e+01
2.568000000000000060e+00,1.722500000000000000e+02,5.355555555555554292e+01
2.568000000000000060e+00,1.727500000000000000e+02,5.466666666666665719e+01
2.568000000000000060e+00,1.732500000000000000e+02,5.299999999999999289e+01
2.568000000000000060e+00,1.737500000000000000e+02,5.155555555555554292e+01
2.568000000000000060e+00,1.742500000000000000e+02,4.655555555555554292e+01
2.568000000000000060e+00,1.747500000000000000e+02,4.199999999999998579e+01
2.568000000000000060e+00,1.752500000000000000e+02,3.655555555555554292e+01
2.568000000000000060e+00,1.757500000000000000e+02,3.444444444444442865e+01
2.568000000000000060e+00,1.762500000000000000e+02,3.111111111111109651e+01
2.568000000000000060e+00,1.767500000000000000e+02,2.877777777777776080e+01
2.568000000000000060e+00,1.772500000000000000e+02,2.455555555555553937e+01
2.568000000000000060e+00,1.777500000000000000e+02,1.999999999999998224e+01
2.568000000000000060e+00,1.782500000000000000e+02,1.566666666666664831e+01
2.568000000000000060e+00,1.787500000000000000e+02,1.044444444444442688e+01
2.568000000000000060e+00,1.792500000000000000e+02,5.333333333333315274e+00
2.568000000000000060e+00,1.797500000000000000e+02,1.666666666666648311e+00
2.584000000000000075e+00,1.302500000000000000e+02,3.333333333333333148e-01
2.584000000000000075e+00,1.307500000000000000e+02,5.555555555555554692e-01
2.584000000000000075e+00,1.312500000000000000e+02,6.666666666666666297e-01
2.584000000000000075e+00,1.317500000000000000e+02,3.333333333333332593e-01
2.584000000000000075e+00,1.322500000000000000e+02,2.222222222222221821e-01
2.584000000000000075e+00,1.327500000000000000e+02,2.222222222222221821e-01
2.584000000000000075e+00,1.332500000000000000e+02,4.444444444444443643e-01
2.584000000000000075e+00,1.337500000000000000e+02,6.666666666666666297e-01
2.584000000000000075e+00,1.342500000000000000e+02,8.888888888888888395e-01
2.584000000000000075e+00,1.347500000000000000e+02,8.888888888888888395e-01
2.584000000000000075e+00,1.352500000000000000e+02,7.777777777777776791e-01
2.584000000000000075e+00,1.357500000000000000e+02,8.888888888888887285e-01
2.584000000000000075e+00,1.362500000000000000e+02,7.777777777777775681e-01
2.584000000000000075e+00,1.367500000000000000e+02,7.777777777777775681e-01
2.584000000000000075e+00,1.372500000000000000e+02,7.777777777777775681e-01
2.584000000000000075e+00,1.377500000000000000e+02,1.333333333333333037e+00
2.584000000000000075e+00,1.382500000000000000e+02,1.777777777777777457e+00
2.584000000000000075e+00,1.387500000000000000e+02,1.999999999999999778e+00
2.584000000000000075e+00,1.392500000000000000e+02,1.888888888888888618e+00
2.584000000000000075e+00,1.397500000000000000e+02,1.666666666666666297e+00
2.584000000000000075e+00,1.402500000000000000e+02,1.666666666666666297e+00
2.584000000000000075e+00,1.407500000000000000e+02,2.222222222222221877e+00
2.584000000000000075e+00,1.412500000000000000e+02,2.444444444444444198e+00
2.584000000000000075e+00,1.417500000000000000e+02,2.444444444444444198e+00
2.584000000000000075e+00,1.422500000000000000e+02,2.666666666666666519e+00
2.584000000000000075e+00,1.427500000000000000e+02,3.000000000000000000e+00
2.584000000000000075e+00,1.432500000000000000e+02,4.555555555555556246e+00
2.584000000000000075e+00,1.437500000000000000e+02,5.333333333333333037e+00
2.584000000000000075e+00,1.442500000000000000e+02,5.888888888888889284e+00
2.584000000000000075e+00,1.447500000000000000e+02,5.555555555555556246e+00
2.584000000000000075e+00,1.452500000000000000e+02,5.222222222222222321e+00
2.584000000000000075e+00,1.457500000000000000e+02,5.666666666666666963e+00
2.584000000000000075e+00,1.462500000000000000e+02,6.222222222222221433e+00
2.584000000000000075e+00,1.467500000000000000e+02,6.666666666666666963e+00
2.584000000000000075e+00,1.472500000000000000e+02,7.444444444444445530e+00
2.584000000000000075e+00,1.477500000000000000e+02,8.444444444444444642e+00
2.584000000000000075e+00,1.482500000000000000e+02,1.000000000000000178e+01
2.584000000000000075e+00,1.487500000000000000e+02,1.077777777777777857e+01
2.584000000000000075e+00,1.492500000000000000e+02,1.200000000000000000e+01
2.584000000000000075e+00,1.497500000000000000e+02,1.211111111111110894e+01
2.584000000000000075e+00,1.502500000000000000e+02,1.366666666666666607e+01
2.584000000000000075e+00,1.507500000000000000e+02,1.366666666666666607e+01
2.584000000000000075e+00,1.512500000000000000e+02,1.577777777777777857e+01
2.584000000000000075e+00,1.517500000000000000e+02,1.688888888888888928e+01
2.584000000000000075e+00,1.522500000000000000e+02,1.777777777777778212e+01
2.584000000000000075e+00,1.527500000000000000e+02,1.788888888888888928e+01
2.584000000000000075e+00,1.532500000000000000e+02,1.877777777777777857e+01
2.584000000000000075e+00,1.537500000000000000e+02,2.055555555555555713e+01
2.584000000000000075e+00,1.542500000000000000e+02,2.344444444444444642e+01
2.584000000000000075e+00,1.547500000000000000e+02,2.688888888888889639e+01
2.584000000000000075e+00,1.552500000000000000e+02,2.977777777777778567e+01
2.584000000000000075e+00,1.557500000000000000e+02,3.122222222222222854e+01
2.584000000000000075e+00,1.562500000000000000e+02,3.111111111111111427e+01
2.584000000000000075e+00,1.567500000000000000e+02,3.300000000000000711e+01
2.584000000000000075e+00,1.572500000000000000e+02,3.400000000000000711e+01
2.584000000000000075e+00,1.577500000000000000e+02,3.655555555555556424e+01
2.584000000000000075e+00,1.582500000000000000e+02,3.822222222222222854e+01
2.584000000000000075e+00,1.587500000000000000e+02,4.033333333333333570e+01
2.584000000000000075e+00,1.592500000000000000e+02,4.588888888888889284e+01
2.584000000000000075e+00,1.597500000000000000e+02,5.022222222222222854e+01
2.584000000000000075e+00,1.602500000000000000e+02,5.633333333333334281e+01
2.584000000000000075e+00,1.607500000000000000e+02,5.577777777777779278e+01
2.584000000000000075e+00,1.612500000000000000e+02,5.722222222222222854e+01
2.584000000000000075e+00,1.617500000000000000e+02,5.655555555555556424e+01
2.584000000000000075e+00,1.622500000000000000e+02,6.266666666666666430e+01
2.584000000000000075e+00,1.627500000000000000e+02,6.444444444444444287e+01
2.584000000000000075e+00,1.632500000000000000e+02,6.744444444444444287e+01
2.584000000000000075e+00,1.637500000000000000e+02,7.244444444444444287e+01
2.584000000000000075e+00,1.642500000000000000e+02,7.711111111111111427e+01
2.584000000000000075e+00,1.647500000000000000e+02,7.855555555555555713e+01
2.584000000000000075e+00,1.652500000000000000e+02,7.211111111111112848e+01
2.584000000000000075e+00,1.657500000000000000e+02,7.211111111111112848e+01
2.584000000000000075e+00,1.662500000000000000e+02,7.377777777777778567e+01
2.584000000000000075e+00,1.667500000000000000e+02,7.811111111111112848e+01
2.584000000000000075e+00,1.672500000000000000e+02,7.877777777777778567e+01
2.584000000000000075e+00,1.677500000000000000e+02,7.833333333333335702e+01
2.584000000000000075e+00,1.682500000000000000e+02,7.733333333333335702e+01
2.584000000000000075e+00,1.687500000000000000e+02,7.822222222222224275e+01
2.584000000000000075e+00,1.692500000000000000e+02,8.077777777777781409e+01
2.584000000000000075e+00,1.697500000000000000e+02,8.311111111111114269e+01
2.584000000000000075e+00,1.702500000000000000e+02,8.322222222222224275e+01
2.584000000000000075e+00,1.707500000000000000e+02,8.266666666666668561e+01
2.584000000000000075e+00,1.712500000000000000e+02,8.011111111111112848e+01
2.584000000000000075e+00,1.717500000000000000e+02,7.711111111111112848e+01
2.584000000000000075e+00,1.722500000000000000e+02,7.422222222222222854e+01
2.584000000000000075e+00,1.727500000000000000e+02,7.455555555555555713e+01
2.584000000000000075e+00,1.732500000000000000e+02,7.366666666666667140e+01
2.584000000000000075e+00,1.737500000000000000e+02,7.077777777777778567e+01
2.584000000000000075e+00,1.742500000000000000e+02,6.333333333333333570e+01
2.584000000000000075e+00,1.747500000000000000e+02,5.711111111111111427e+01
2.584000000000000075e+00,1.752500000000000000e+02,5.188888888888889284e+01
2.584000000000000075e+00,1.757500000000000000e+02,4.788888888888889284e+01
2.584000000000000075e+00,1.762500000000000000e+02,4.311111111111112137e+01
2.584000000000000075e+00,1.767500000000000000e+02,3.900000000000000711e+01
2.584000000000000075e+00,1.772500000000000000e+02,3.355555555555556424e+01
2.584000000000000075e+00,1.777500000000000000e+02,2.800000000000001066e+01
2.584000000000000075e+00,1.782500000000000000e+02,2.255555555555556779e+01
2.584000000000000075e+00,1.787500000000000000e+02,1.566666666666667673e+01
2.584000000000000075e+00,1.792500000000000000e+02,9.000000000000008882e+00
2.584000000000000075e+00,1.797500000000000000e+02,3.444444444444454856e+00
2.600000000000000089e+00,1.302500000000000000e+02,3.333333333333333148e-01
2.600000000000000089e+00,1.307500000000000000e+02,5.555555555555554692e-01
2.600000000000000089e+00,1.312500000000000000e+02,6.666666666666666297e-01
2.600000000000000089e+00,1.317500000000000000e+02,3.333333333333332593e-01
2.600000000000000089e+00,1.322500000000000000e+02,2.222222222222221821e-01
2.600000000000000089e+00,1.327500000000000000e+02,4.444444444444444198e-01
2.600000000000000089e+00,1.332500000000000000e+02,8.888888888888888395e-01
2.600000000000000089e+00,1.337500000000000000e+02,1.111111111111110938e+00
2.600000000000000089e+00,1.342500000000000000e+02,1.111111111111110938e+00
2.600000000000000089e+00,1.347500000000000000e+02,8.888888888888888395e-01
2.600000000000000089e+00,1.352500000000000000e+02,8.888888888888888395e-01
2.600000000000000089e+00,1.357500000000000000e+02,1.333333333333333259e+00
2.600000000000000089e+00,1.362500000000000000e+02,1.222222222222222099e+00
2.600000000000000089e+00,1.367500000000000000e+02,1.555555555555555358e+00
2.600000000000000089e+00,1.372500000000000000e+02,1.444444444444443976e+00
2.600000000000000089e+00,1.377500000000000000e+02,2.111111111111110716e+00
2.600000000000000089e+00,1.382500000000000000e+02,2.333333333333332593e+00
2.600000000000000089e+00,1.387500000000000000e+02,2.555555555555554914e+00
2.600000000000000089e+00,1.392500000000000000e+02,2.666666666666665630e+00
2.600000000000000089e+00,1.397500000000000000e+02,2.666666666666665630e+00
2.600000000000000089e+00,1.402500000000000000e+02,2.666666666666665630e+00
2.600000000000000089e+00,1.407500000000000000e+02,2.777777777777776791e+00
2.600000000000000089e+00,1.412500000000000000e+02,2.888888888888887951e+00
2.600000000000000089e+00,1.417500000000000000e+02,2.999999999999999556e+00
2.600000000000000089e+00,1.422500000000000000e+02,3.888888888888887951e+00
2.600000000000000089e+00,1.427500000000000000e+02,3.999999999999999556e+00
2.600000000000000089e+00,1.432500000000000000e+02,5.666666666666666963e+00
2.600000000000000089e+00,1.437500000000000000e+02,6.444444444444443754e+00
2.600000000000000089e+00,1.442500000000000000e+02,7.333333333333333037e+00
2.600000000000000089e+00,1.447500000000000000e+02,7.666666666666666963e+00
2.600000000000000089e+00,1.452500000000000000e+02,7.222222222222222321e+00
2.600000000000000089e+00,1.457500000000000000e+02,8.333333333333333925e+00
2.600000000000000089e+00,1.462500000000000000e+02,8.555555555555555358e+00
2.600000000000000089e+00,1.467500000000000000e+02,8.888888888888887507e+00
2.600000000000000089e+00,1.472500000000000000e+02,1.011111111111110894e+01
2.600000000000000089e+00,1.477500000000000000e+02,1.155555555555555536e+01
2.600000000000000089e+00,1.482500000000000000e+02,1.411111111111110894e+01
2.600000000000000089e+00,1.487500000000000000e+02,1.477777777777777679e+01
2.600000000000000089e+00,1.492500000000000000e+02,1.644444444444444287e+01
2.600000000000000089e+00,1.497500000000000000e+02,1.733333333333333215e+01
2.600000000000000089e+00,1.502500000000000000e+02,1.866666666666666430e+01
2.600000000000000089e+00,1.507500000000000000e+02,1.966666666666666430e+01
2.600000000000000089e+00,1.512500000000000000e+02,2.055555555555555358e+01
2.600000000000000089e+00,1.517500000000000000e+02,2.311111111111111072e+01
2.600000000000000089e+00,1.522500000000000000e+02,2.411111111111111072e+01
2.600000000000000089e+00,1.527500000000000000e+02,2.711111111111111072e+01
2.600000000000000089e+00,1.532500000000000000e+02,2.788888888888888573e+01
2.600000000000000089e+00,1.537500000000000000e+02,2.955555555555555358e+01
2.600000000000000089e+00,1.542500000000000000e+02,3.066666666666666075e+01
2.600000000000000089e+00,1.547500000000000000e+02,3.488888888888888573e+01
2.600000000000000089e+00,1.552500000000000000e+02,3.844444444444443576e+01
2.600000000000000089e+00,1.557500000000000000e+02,4.133333333333332149e+01
2.600000000000000089e+00,1.562500000000000000e+02,4.133333333333332149e+01
2.600000000000000089e+00,1.567500000000000000e+02,4.344444444444443576e+01
2.600000000000000089e+00,1.572500000000000000e+02,4.600000000000000000e+01
2.600000000000000089e+00,1.577500000000000000e+02,5.300000000000000000e+01
2.600000000000000089e+00,1.582500000000000000e+02,5.744444444444444997e+01
2.600000000000000089e+00,1.587500000000000000e+02,5.955555555555556424e+01
2.600000000000000089e+00,1.592500000000000000e+02,6.577777777777778567e+01
2.600000000000000089e+00,1.597500000000000000e+02,6.977777777777778567e+01
2.600000000000000089e+00,1.602500000000000000e+02,7.733333333333332860e+01
2.600000000000000089e+00,1.607500000000000000e+02,7.277777777777778567e+01
2.600000000000000089e+00,1.612500000000000000e+02,7.522222222222222854e+01
2.600000000000000089e+00,1.617500000000000000e+02,7.622222222222222854e+01
2.600000000000000089e+00,1.622500000000000000e+02,8.555555555555555713e+01
2.600000000000000089e+00,1.627500000000000000e+02,8.733333333333332860e+01
2.600000000000000089e+00,1.632500000000000000e+02,9.155555555555555713e+01
2.600000000000000089e+00,1.637500000000000000e+02,9.588888888888889994e+01
2.600000000000000089e+00,1.642500000000000000e+02,1.006666666666666714e+02
2.600000000000000089e+00,1.647500000000000000e+02,1.053333333333333286e+02
2.600000000000000089e+00,1.652500000000000000e+02,1.021111111111111001e+02
2.600000000000000089e+00,1.657500000000000000e+02,1.043333333333333286e+02
2.600000000000000089e+00,1.662500000000000000e+02,1.044444444444444429e+02
2.600000000000000089e+00,1.667500000000000000e+02,1.067777777777777715e+02
2.600000000000000089e+00,1.672500000000000000e+02,1.064444444444444429e+02
2.600000000000000089e+00,1.677500000000000000e+02,1.043333333333333286e+02
2.600000000000000089e+00,1.682500000000000000e+02,1.051111111111111001e+02
2.600000000000000089e+00,1.687500000000000000e+02,1.077777777777777715e+02
2.600000000000000089e+00,1.692500000000000000e+02,1.120000000000000000e+02
2.600000000000000089e+00,1.697500000000000000e+02,1.164444444444444571e+02
2.600000000000000089e+00,1.702500000000000000e+02,1.174444444444444571e+02
2.600000000000000089e+00,1.707500000000000000e+02,1.140000000000000000e+02
2.600000000000000089e+00,1.712500000000000000e+02,1.090000000000000000e+02
2.600000000000000089e+00,1.717500000000000000e+02,1.042222222222222285e+02
2.600000000000000089e+00,1.722500000000000000e+02,9.955555555555555713e+01
2.600000000000000089e+00,1.727500000000000000e+02,9.622222222222222854e+01
2.600000000000000089e+00,1.732500000000000000e+02,9.311111111111112848e+01
2.600000000000000089e+00,1.737500000000000000e+02,9.055555555555558556e+01
2.600000000000000089e+00,1.742500000000000000e+02,8.322222222222224275e+01
2.600000000000000089e+00,1.747500000000000000e+02,7.477777777777781409e+01
2.600000000000000089e+00,1.752500000000000000e+02,7.088888888888891415e+01
2.600000000000000089e+00,1.757500000000000000e+02,6.644444444444447129e+01
2.600000000000000089e+00,1.762500000000000000e+02,5.966666666666668561e+01
2.600000000000000089e+00,1.767500000000000000e+02,5.100000000000002132e+01
2.600000000000000089e+00,1.772500000000000000e+02,4.288888888888890705e+01
2.600000000000000089e+00,1.777500000000000000e+02,3.666666666666668561e+01
2.600000000000000089e+00,1.782500000000000000e+02,2.933333333333335347e+01
2.600000000000000089e+00,1.787500000000000000e+02,2.066666666666668561e+01
2.600000000000000089e+00,1.792500000000000000e+02,1.244444444444446241e+01
2.600000000000000089e+00,1.797500000000000000e+02,5.888888888888906159e+00
2.616000000000000103e+00,1.302500000000000000e+02,5.555555555555554692e-01
2.616000000000000103e+00,1.307500000000000000e+02,6.666666666666666297e-01
2.616000000000000103e+00,1.312500000000000000e+02,7.777777777777777901e-01
2.616000000000000103e+00,1.317500000000000000e+02,7.777777777777777901e-01
2.616000000000000103e+00,1.322500000000000000e+02,5.555555555555555802e-01
2.616000000000000103e+00,1.327500000000000000e+02,7.777777777777777901e-01
2.616000000000000103e+00,1.332500000000000000e+02,1.111111111111111160e+00
2.616000000000000103e+00,1.337500000000000000e+02,1.666666666666666741e+00
2.616000000000000103e+00,1.342500000000000000e+02,1.777777777777777679e+00
2.616000000000000103e+00,1.347500000000000000e+02,1.777777777777777679e+00
2.616000000000000103e+00,1.352500000000000000e+02,1.333333333333333259e+00
2.616000000000000103e+00,1.357500000000000000e+02,1.777777777777777679e+00
2.616000000000000103e+00,1.362500000000000000e+02,1.555555555555555358e+00
2.616000000000000103e+00,1.367500000000000000e+02,2.000000000000000000e+00
2.616000000000000103e+00,1.372500000000000000e+02,1.333333333333333259e+00
2.616000000000000103e+00,1.377500000000000000e+02,2.666666666666666519e+00
2.616000000000000103e+00,1.382500000000000000e+02,2.777777777777778123e+00
2.616000000000000103e+00,1.387500000000000000e+02,3.777777777777778123e+00
2.616000000000000103e+00,1.392500000000000000e+02,3.111111111111111160e+00
2.616000000000000103e+00,1.397500000000000000e+02,3.555555555555555802e+00
2.616000000000000103e+00,1.402500000000000000e+02,3.777777777777778567e+00
2.616000000000000103e+00,1.407500000000000000e+02,4.444444444444445530e+00
2.616000000000000103e+00,1.412500000000000000e+02,4.444444444444445530e+00
2.616000000000000103e+00,1.417500000000000000e+02,4.111111111111111605e+00
2.616000000000000103e+00,1.422500000000000000e+02,5.111111111111111605e+00
2.616000000000000103e+00,1.427500000000000000e+02,5.555555555555556246e+00
2.616000000000000103e+00,1.432500000000000000e+02,7.777777777777778567e+00
2.616000000000000103e+00,1.437500000000000000e+02,8.666666666666667851e+00
2.616000000000000103e+00,1.442500000000000000e+02,1.011111111111111249e+01
2.616000000000000103e+00,1.447500000000000000e+02,1.077777777777777857e+01
2.616000000000000103e+00,1.452500000000000000e+02,1.066666666666666607e+01
2.616000000000000103e+00,1.457500000000000000e+02,1.166666666666666607e+01
2.616000000000000103e+00,1.462500000000000000e+02,1.211111111111111249e+01
2.616000000000000103e+00,1.467500000000000000e+02,1.333333333333333393e+01
2.616000000000000103e+00,1.472500000000000000e+02,1.477777777777777857e+01
2.616000000000000103e+00,1.477500000000000000e+02,1.722222222222222499e+01
2.616000000000000103e+00,1.482500000000000000e+02,1.811111111111111072e+01
2.616000000000000103e+00,1.487500000000000000e+02,1.944444444444444642e+01
2.616000000000000103e+00,1.492500000000000000e+02,1.955555555555555713e+01
2.616000000000000103e+00,1.497500000000000000e+02,2.277777777777778212e+01
2.616000000000000103e+00,1.502500000000000000e+02,2.444444444444444642e+01
2.616000000000000103e+00,1.507500000000000000e+02,2.688888888888888928e+01
2.616000000000000103e+00,1.512500000000000000e+02,2.700000000000000000e+01
2.616000000000000103e+00,1.517500000000000000e+02,3.111111111111111072e+01
2.616000000000000103e+00,1.522500000000000000e+02,3.233333333333333570e+01
2.616000000000000103e+00,1.527500000000000000e+02,3.877777777777777857e+01
2.616000000000000103e+00,1.532500000000000000e+02,3.922222222222222143e+01
2.616000000000000103e+00,1.537500000000000000e+02,4.244444444444444287e+01
2.616000000000000103e+00,1.542500000000000000e+02,4.344444444444443576e+01
2.616000000000000103e+00,1.547500000000000000e+02,4.833333333333332149e+01
2.616000000000000103e+00,1.552500000000000000e+02,5.388888888888887863e+01
2.616000000000000103e+00,1.557500000000000000e+02,5.677777777777777146e+01
2.616000000000000103e+00,1.562500000000000000e+02,5.866666666666665719e+01
2.616000000000000103e+00,1.567500000000000000e+02,6.044444444444443576e+01
2.616000000000000103e+00,1.572500000000000000e+02,6.199999999999999289e+01
2.616000000000000103e+00,1.577500000000000000e+02,6.799999999999998579e+01
2.616000000000000103e+00,1.582500000000000000e+02,7.222222222222221433e+01
2.616000000000000103e+00,1.587500000000000000e+02,7.655555555555554292e+01
2.616000000000000103e+00,1.592500000000000000e+02,8.477777777777775725e+01
2.616000000000000103e+00,1.597500000000000000e+02,9.044444444444441444e+01
2.616000000000000103e+00,1.602500000000000000e+02,9.911111111111108585e+01
2.616000000000000103e+00,1.607500000000000000e+02,9.677777777777775725e+01
2.616000000000000103e+00,1.612500000000000000e+02,1.016666666666666430e+02
2.616000000000000103e+00,1.617500000000000000e+02,1.043333333333333144e+02
2.616000000000000103e+00,1.622500000000000000e+02,1.086666666666666430e+02
2.616000000000000103e+00,1.627500000000000000e+02,1.115555555555555429e+02
2.616000000000000103e+00,1.632500000000000000e+02,1.156666666666666430e+02
2.616000000000000103e+00,1.637500000000000000e+02,1.256666666666666430e+02
2.616000000000000103e+00,1.642500000000000000e+02,1.313333333333333144e+02
2.616000000000000103e+00,1.647500000000000000e+02,1.397777777777777430e+02
2.616000000000000103e+00,1.652500000000000000e+02,1.377777777777777430e+02
2.616000000000000103e+00,1.657500000000000000e+02,1.428888888888888573e+02
2.616000000000000103e+00,1.662500000000000000e+02,1.411111111111110858e+02
2.616000000000000103e+00,1.667500000000000000e+02,1.443333333333332860e+02
2.616000000000000103e+00,1.672500000000000000e+02,1.418888888888888573e+02
2.616000000000000103e+00,1.677500000000000000e+02,1.391111111111110858e+02
2.616000000000000103e+00,1.682500000000000000e+02,1.413333333333332860e+02
2.616000000000000103e+00,1.687500000000000000e+02,1.417777777777777430e+02
2.616000000000000103e+00,1.692500000000000000e+02,1.438888888888888289e+02
2.616000000000000103e+00,1.697500000000000000e+02,1.435555555555555145e+02
2.616000000000000103e+00,1.702500000000000000e+02,1.431111111111110574e+02
2.616000000000000103e+00,1.707500000000000000e+02,1.397777777777777430e+02
2.616000000000000103e+00,1.712500000000000000e+02,1.377777777777777430e+02
2.616000000000000103e+00,1.717500000000000000e+02,1.342222222222221717e+02
2.616000000000000103e+00,1.722500000000000000e+02,1.302222222222221717e+02
2.616000000000000103e+00,1.727500000000000000e+02,1.258888888888888431e+02
2.616000000000000103e+00,1.732500000000000000e+02,1.223333333333333002e+02
2.616000000000000103e+00,1.737500000000000000e+02,1.193333333333333002e+02
2.616000000000000103e+00,1.742500000000000000e+02,1.108888888888888573e+02
2.616000000000000103e+00,1.747500000000000000e+02,9.877777777777775725e+01
2.616000000000000103e+00,1.752500000000000000e+02,9.222222222222221433e+01
2.616000000000000103e+00,1.757500000000000000e+02,8.555555555555554292e+01
2.616000000000000103e+00,1.762500000000000000e+02,7.777777777777775725e+01
2.616000000000000103e+00,1.767500000000000000e+02,6.811111111111110006e+01
2.616000000000000103e+00,1.772500000000000000e+02,5.744444444444442865e+01
2.616000000000000103e+00,1.777500000000000000e+02,4.888888888888887863e+01
2.616000000000000103e+00,1.782500000000000000e+02,3.899999999999999289e+01
2.616000000000000103e+00,1.787500000000000000e+02,2.655555555555554292e+01
2.616000000000000103e+00,1.792500000000000000e+02,1.633333333333332149e+01
2.616000000000000103e+00,1.797500000000000000e+02,7.999999999999988454e+00
2.631999999999999673e+00,1.302500000000000000e+02,1.000000000000000000e+00
2.631999999999999673e+00,1.307500000000000000e+02,1.222222222222222321e+00
2.631999999999999673e+00,1.312500000000000000e+02,1.222222222222222321e+00
2.631999999999999673e+00,1.317500000000000000e+02,1.111111111111111160e+00
2.631999999999999673e+00,1.322500000000000000e+02,5.555555555555555802e-01
2.631999999999999673e+00,1.327500000000000000e+02,1.222222222222222321e+00
2.631999999999999673e+00,1.332500000000000000e+02,1.666666666666666741e+00
2.631999999999999673e+00,1.337500000000000000e+02,2.222222222222222321e+00
2.631999999999999673e+00,1.342500000000000000e+02,1.666666666666666741e+00
2.631999999999999673e+00,1.347500000000000000e+02,1.666666666666666741e+00
2.631999999999999673e+00,1.352500000000000000e+02,1.888888888888889062e+00
2.631999999999999673e+00,1.357500000000000000e+02,2.555555555555555802e+00
2.631999999999999673e+00,1.362500000000000000e+02,2.666666666666666519e+00
2.631999999999999673e+00,1.367500000000000000e+02,3.111111111111110716e+00
2.631999999999999673e+00,1.372500000000000000e+02,3.222222222222221433e+00
2.631999999999999673e+00,1.377500000000000000e+02,4.444444444444443754e+00
2.631999999999999673e+00,1.382500000000000000e+02,4.333333333333332149e+00
2.631999999999999673e+00,1.387500000000000000e+02,4.888888888888887507e+00
2.631999999999999673e+00,1.392500000000000000e+02,4.333333333333332149e+00
2.631999999999999673e+00,1.397500000000000000e+02,4.999999999999999112e+00
2.631999999999999673e+00,1.402500000000000000e+02,4.777777777777776791e+00
2.631999999999999673e+00,1.407500000000000000e+02,6.111111111111110716e+00
2.631999999999999673e+00,1.412500000000000000e+02,6.777777777777777679e+00
2.631999999999999673e+00,1.417500000000000000e+02,8.000000000000000000e+00
2.631999999999999673e+00,1.422500000000000000e+02,8.777777777777776791e+00
2.631999999999999673e+00,1.427500000000000000e+02,9.222222222222221433e+00
2.631999999999999673e+00,1.432500000000000000e+02,1.022222222222222143e+01
2.631999999999999673e+00,1.437500000000000000e+02,1.122222222222222143e+01
2.631999999999999673e+00,1.442500000000000000e+02,1.188888888888888751e+01
2.631999999999999673e+00,1.447500000000000000e+02,1.266666666666666607e+01
2.631999999999999673e+00,1.452500000000000000e+02,1.266666666666666607e+01
2.631999999999999673e+00,1.457500000000000000e+02,1.433333333333333393e+01
2.631999999999999673e+00,1.462500000000000000e+02,1.577777777777777857e+01
2.631999999999999673e+00,1.467500000000000000e+02,1.833333333333333215e+01
2.631999999999999673e+00,1.472500000000000000e+02,2.033333333333333215e+01
2.631999999999999673e+00,1.477500000000000000e+02,2.344444444444444287e+01
2.631999999999999673e+00,1.482500000000000000e+02,2.477777777777777501e+01
2.631999999999999673e+00,1.487500000000000000e+02,2.788888888888888573e+01
2.631999999999999673e+00,1.492500000000000000e+02,2.855555555555555358e+01
2.631999999999999673e+00,1.497500000000000000e+02,3.033333333333333215e+01
2.631999999999999673e+00,1.502500000000000000e+02,3.188888888888888573e+01
2.631999999999999673e+00,1.507500000000000000e+02,3.433333333333332860e+01
2.631999999999999673e+00,1.512500000000000000e+02,3.511111111111110716e+01
2.631999999999999673e+00,1.517500000000000000e+02,3.877777777777777146e+01
2.631999999999999673e+00,1.522500000000000000e+02,4.133333333333332860e+01
2.631999999999999673e+00,1.527500000000000000e+02,5.211111111111110716e+01
2.631999999999999673e+00,1.532500000000000000e+02,5.477777777777777146e+01
2.631999999999999673e+00,1.537500000000000000e+02,6.088888888888887863e+01
2.631999999999999673e+00,1.542500000000000000e+02,5.944444444444443576e+01
2.631999999999999673e+00,1.547500000000000000e+02,6.211111111111110716e+01
2.631999999999999673e+00,1.552500000000000000e+02,6.544444444444444287e+01
2.631999999999999673e+00,1.557500000000000000e+02,6.822222222222221433e+01
2.631999999999999673e+00,1.562500000000000000e+02,7.511111111111110006e+01
2.631999999999999673e+00,1.567500000000000000e+02,7.811111111111110006e+01
2.631999999999999673e+00,1.572500000000000000e+02,8.277777777777775725e+01
2.631999999999999673e+00,1.577500000000000000e+02,8.866666666666664298e+01
2.631999999999999673e+00,1.582500000000000000e+02,9.166666666666664298e+01
2.631999999999999673e+00,1.587500000000000000e+02,9.855555555555554292e+01
2.631999999999999673e+00,1.592500000000000000e+02,1.075555555555555429e+02
2.631999999999999673e+00,1.597500000000000000e+02,1.168888888888888715e+02
2.631999999999999673e+00,1.602500000000000000e+02,1.255555555555555429e+02
2.631999999999999673e+00,1.607500000000000000e+02,1.264444444444444144e+02
2.631999999999999673e+00,1.612500000000000000e+02,1.312222222222222001e+02
2.631999999999999673e+00,1.617500000000000000e+02,1.325555555555555145e+02
2.631999999999999673e+00,1.622500000000000000e+02,1.335555555555555145e+02
2.631999999999999673e+00,1.627500000000000000e+02,1.388888888888888573e+02
2.631999999999999673e+00,1.632500000000000000e+02,1.459999999999999716e+02
2.631999999999999673e+00,1.637500000000000000e+02,1.562222222222222001e+02
2.631999999999999673e+00,1.642500000000000000e+02,1.645555555555555145e+02
2.631999999999999673e+00,1.647500000000000000e+02,1.736666666666666288e+02
2.631999999999999673e+00,1.652500000000000000e+02,1.799999999999999716e+02
2.631999999999999673e+00,1.657500000000000000e+02,1.841111111111110858e+02
2.631999999999999673e+00,1.662500000000000000e+02,1.858888888888888857e+02
2.631999999999999673e+00,1.667500000000000000e+02,1.856666666666666572e+02
2.631999999999999673e+00,1.672500000000000000e+02,1.857777777777777430e+02
2.631999999999999673e+00,1.677500000000000000e+02,1.834444444444444287e+02
2.631999999999999673e+00,1.682500000000000000e+02,1.841111111111110858e+02
2.631999999999999673e+00,1.687500000000000000e+02,1.865555555555555429e+02
2.631999999999999673e+00,1.692500000000000000e+02,1.883333333333333428e+02
2.631999999999999673e+00,1.697500000000000000e+02,1.867777777777777999e+02
2.631999999999999673e+00,1.702500000000000000e+02,1.793333333333333428e+02
2.631999999999999673e+00,1.707500000000000000e+02,1.726666666666666572e+02
2.631999999999999673e+00,1.712500000000000000e+02,1.731111111111111143e+02
2.631999999999999673e+00,1.717500000000000000e+02,1.751111111111111143e+02
2.631999999999999673e+00,1.722500000000000000e+02,1.742222222222222570e+02
2.631999999999999673e+00,1.727500000000000000e+02,1.672222222222222570e+02
2.631999999999999673e+00,1.732500000000000000e+02,1.581111111111111427e+02
2.631999999999999673e+00,1.737500000000000000e+02,1.480000000000000284e+02
2.631999999999999673e+00,1.742500000000000000e+02,1.347777777777777999e+02
2.631999999999999673e+00,1.747500000000000000e+02,1.254444444444444713e+02
2.631999999999999673e+00,1.752500000000000000e+02,1.185555555555555856e+02
2.631999999999999673e+00,1.757500000000000000e+02,1.127777777777777857e+02
2.631999999999999673e+00,1.762500000000000000e+02,9.866666666666668561e+01
2.631999999999999673e+00,1.767500000000000000e+02,8.422222222222224275e+01
2.631999999999999673e+00,1.772500000000000000e+02,7.044444444444445708e+01
2.631999999999999673e+00,1.777500000000000000e+02,5.888888888888890705e+01
2.631999999999999673e+00,1.782500000000000000e+02,4.733333333333334991e+01
2.631999999999999673e+00,1.787500000000000000e+02,3.222222222222224275e+01
2.631999999999999673e+00,1.792500000000000000e+02,1.955555555555557490e+01
2.631999999999999673e+00,1.797500000000000000e+02,1.044444444444446596e+01
2.647999999999999687e+00,1.302500000000000000e+02,1.444444444444444420e+00
2.647999999999999687e+00,1.307500000000000000e+02,1.777777777777777679e+00
2.647999999999999687e+00,1.312500000000000000e+02,1.888888888888888618e+00
2.647999999999999687e+00,1.317500000000000000e+02,1.888888888888888618e+00
2.647999999999999687e+00,1.322500000000000000e+02,1.444444444444443976e+00
2.647999999999999687e+00,1.327500000000000000e+02,2.111111111111110716e+00
2.647999999999999687e+00,1.332500000000000000e+02,2.111111111111110716e+00
2.647999999999999687e+00,1.337500000000000000e+02,2.777777777777777235e+00
2.647999999999999687e+00,1.342500000000000000e+02,1.999999999999999778e+00
2.647999999999999687e+00,1.347500000000000000e+02,2.222222222222221877e+00
2.647999999999999687e+00,1.352500000000000000e+02,2.111111111111110716e+00
2.647999999999999687e+00,1.357500000000000000e+02,3.111111111111110716e+00
2.647999999999999687e+00,1.362500000000000000e+02,3.444444444444444198e+00
2.647999999999999687e+00,1.367500000000000000e+02,3.777777777777777235e+00
2.647999999999999687e+00,1.372500000000000000e+02,3.777777777777777235e+00
2.647999999999999687e+00,1.377500000000000000e+02,4.888888888888888395e+00
2.647999999999999687e+00,1.382500000000000000e+02,5.666666666666666963e+00
2.647999999999999687e+00,1.387500000000000000e+02,6.666666666666666963e+00
2.647999999999999687e+00,1.392500000000000000e+02,6.777777777777777679e+00
2.647999999999999687e+00,1.397500000000000000e+02,6.777777777777777679e+00
2.647999999999999687e+00,1.402500000000000000e+02,6.666666666666666963e+00
2.647999999999999687e+00,1.407500000000000000e+02,8.111111111111112493e+00
2.647999999999999687e+00,1.412500000000000000e+02,9.111111111111112493e+00
2.647999999999999687e+00,1.417500000000000000e+02,1.122222222222222321e+01
2.647999999999999687e+00,1.422500000000000000e+02,1.133333333333333393e+01
2.647999999999999687e+00,1.427500000000000000e+02,1.177777777777777857e+01
2.647999999999999687e+00,1.432500000000000000e+02,1.311111111111111249e+01
2.647999999999999687e+00,1.437500000000000000e+02,1.444444444444444464e+01
2.647999999999999687e+00,1.442500000000000000e+02,1.588888888888889106e+01
2.647999999999999687e+00,1.447500000000000000e+02,1.600000000000000355e+01
2.647999999999999687e+00,1.452500000000000000e+02,1.722222222222222499e+01
2.647999999999999687e+00,1.457500000000000000e+02,1.911111111111111072e+01
2.647999999999999687e+00,1.462500000000000000e+02,2.111111111111111072e+01
2.647999999999999687e+00,1.467500000000000000e+02,2.455555555555555713e+01
2.647999999999999687e+00,1.472500000000000000e+02,2.677777777777778212e+01
2.647999999999999687e+00,1.477500000000000000e+02,3.000000000000000355e+01
2.647999999999999687e+00,1.482500000000000000e+02,3.077777777777778212e+01
2.647999999999999687e+00,1.487500000000000000e+02,3.466666666666666430e+01
2.647999999999999687e+00,1.492500000000000000e+02,3.600000000000000000e+01
2.647999999999999687e+00,1.497500000000000000e+02,3.866666666666666430e+01
2.647999999999999687e+00,1.502500000000000000e+02,4.088888888888889284e+01
2.647999999999999687e+00,1.507500000000000000e+02,4.322222222222222854e+01
2.647999999999999687e+00,1.512500000000000000e+02,4.577777777777777857e+01
2.647999999999999687e+00,1.517500000000000000e+02,4.977777777777777857e+01
2.647999999999999687e+00,1.522500000000000000e+02,5.444444444444444997e+01
2.647999999999999687e+00,1.527500000000000000e+02,6.488888888888889994e+01
2.647999999999999687e+00,1.532500000000000000e+02,6.844444444444444287e+01
2.647999999999999687e+00,1.537500000000000000e+02,7.366666666666667140e+01
2.647999999999999687e+00,1.542500000000000000e+02,7.366666666666667140e+01
2.647999999999999687e+00,1.547500000000000000e+02,7.633333333333332860e+01
2.647999999999999687e+00,1.552500000000000000e+02,8.288888888888889994e+01
2.647999999999999687e+00,1.557500000000000000e+02,8.388888888888889994e+01
2.647999999999999687e+00,1.562500000000000000e+02,9.288888888888889994e+01
2.647999999999999687e+00,1.567500000000000000e+02,9.477777777777778567e+01
2.647999999999999687e+00,1.572500000000000000e+02,1.020000000000000142e+02
2.647999999999999687e+00,1.577500000000000000e+02,1.093333333333333570e+02
2.647999999999999687e+00,1.582500000000000000e+02,1.166666666666666856e+02
2.647999999999999687e+00,1.587500000000000000e+02,1.284444444444444571e+02
2.647999999999999687e+00,1.592500000000000000e+02,1.370000000000000000e+02
2.647999999999999687e+00,1.597500000000000000e+02,1.474444444444444287e+02
2.647999999999999687e+00,1.602500000000000000e+02,1.563333333333333428e+02
2.647999999999999687e+00,1.607500000000000000e+02,1.616666666666666572e+02
2.647999999999999687e+00,1.612500000000000000e+02,1.683333333333333428e+02
2.647999999999999687e+00,1.617500000000000000e+02,1.700000000000000000e+02
2.647999999999999687e+00,1.622500000000000000e+02,1.726666666666666572e+02
2.647999999999999687e+00,1.627500000000000000e+02,1.773333333333333428e+02
2.647999999999999687e+00,1.632500000000000000e+02,1.847777777777777999e+02
2.647999999999999687e+00,1.637500000000000000e+02,1.927777777777777999e+02
2.647999999999999687e+00,1.642500000000000000e+02,2.026666666666666572e+02
2.647999999999999687e+00,1.647500000000000000e+02,2.107777777777777999e+02
2.647999999999999687e+00,1.652500000000000000e+02,2.215555555555555713e+02
2.647999999999999687e+00,1.657500000000000000e+02,2.262222222222222570e+02
2.647999999999999687e+00,1.662500000000000000e+02,2.260000000000000000e+02
2.647999999999999687e+00,1.667500000000000000e+02,2.246666666666666572e+02
2.647999999999999687e+00,1.672500000000000000e+02,2.236666666666666572e+02
2.647999999999999687e+00,1.677500000000000000e+02,2.277777777777777999e+02
2.647999999999999687e+00,1.682500000000000000e+02,2.306666666666666572e+02
2.647999999999999687e+00,1.687500000000000000e+02,2.368888888888888857e+02
2.647999999999999687e+00,1.692500000000000000e+02,2.388888888888888857e+02
2.647999999999999687e+00,1.697500000000000000e+02,2.328888888888888857e+02
2.647999999999999687e+00,1.702500000000000000e+02,2.240000000000000000e+02
2.647999999999999687e+00,1.707500000000000000e+02,2.158888888888888857e+02
2.647999999999999687e+00,1.712500000000000000e+02,2.212222222222222001e+02
2.647999999999999687e+00,1.717500000000000000e+02,2.197777777777777430e+02
2.647999999999999687e+00,1.722500000000000000e+02,2.188888888888888857e+02
2.647999999999999687e+00,1.727500000000000000e+02,2.078888888888888857e+02
2.647999999999999687e+00,1.732500000000000000e+02,1.977777777777777430e+02
2.647999999999999687e+00,1.737500000000000000e+02,1.843333333333332860e+02
2.647999999999999687e+00,1.742500000000000000e+02,1.701111111111110858e+02
2.647999999999999687e+00,1.747500000000000000e+02,1.601111111111110858e+02
2.647999999999999687e+00,1.752500000000000000e+02,1.481111111111110858e+02
2.647999999999999687e+00,1.757500000000000000e+02,1.368888888888888573e+02
2.647999999999999687e+00,1.762500000000000000e+02,1.217777777777777573e+02
2.647999999999999687e+00,1.767500000000000000e+02,1.081111111111110858e+02
2.647999999999999687e+00,1.772500000000000000e+02,9.199999999999998579e+01
2.647999999999999687e+00,1.777500000000000000e+02,7.455555555555554292e+01
2.647999999999999687e+00,1.782500000000000000e+02,5.855555555555554292e+01
2.647999999999999687e+00,1.787500000000000000e+02,3.966666666666665009e+01
2.647999999999999687e+00,1.792500000000000000e+02,2.322222222222221077e+01
2.647999999999999687e+00,1.797500000000000000e+02,1.155555555555554292e+01
2.663999999999999702e+00,1.302500000000000000e+02,2.333333333333333481e+00
2.663999999999999702e+00,1.307500000000000000e+02,2.888888888888888840e+00
2.663999999999999702e+00,1.312500000000000000e+02,2.666666666666666519e+00
2.663999999999999702e+00,1.317500000000000000e+02,2.333333333333333037e+00
2.663999999999999702e+00,1.322500000000000000e+02,1.999999999999999778e+00
2.663999999999999702e+00,1.327500000000000000e+02,2.777777777777777235e+00
2.663999999999999702e+00,1.332500000000000000e+02,3.111111111111110716e+00
2.663999999999999702e+00,1.337500000000000000e+02,3.666666666666666075e+00
2.663999999999999702e+00,1.342500000000000000e+02,2.999999999999999556e+00
2.663999999999999702e+00,1.347500000000000000e+02,2.777777777777777235e+00
2.663999999999999702e+00,1.352500000000000000e+02,2.777777777777777235e+00
2.663999999999999702e+00,1.357500000000000000e+02,3.888888888888887951e+00
2.663999999999999702e+00,1.362500000000000000e+02,4.444444444444443754e+00
2.663999999999999702e+00,1.367500000000000000e+02,5.333333333333332149e+00
2.663999999999999702e+00,1.372500000000000000e+02,6.111111111111109828e+00
2.663999999999999702e+00,1.377500000000000000e+02,6.888888888888886619e+00
2.663999999999999702e+00,1.382500000000000000e+02,7.444444444444442865e+00
2.663999999999999702e+00,1.387500000000000000e+02,7.555555555555554470e+00
2.663999999999999702e+00,1.392500000000000000e+02,8.444444444444444642e+00
2.663999999999999702e+00,1.397500000000000000e+02,9.000000000000000000e+00
2.663999999999999702e+00,1.402500000000000000e+02,8.888888888888887507e+00
2.663999999999999702e+00,1.407500000000000000e+02,1.000000000000000000e+01
2.663999999999999702e+00,1.412500000000000000e+02,1.066666666666666607e+01
2.663999999999999702e+00,1.417500000000000000e+02,1.388888888888889106e+01
2.663999999999999702e+00,1.422500000000000000e+02,1.411111111111111249e+01
2.663999999999999702e+00,1.427500000000000000e+02,1.533333333333333393e+01
2.663999999999999702e+00,1.432500000000000000e+02,1.588888888888889106e+01
2.663999999999999702e+00,1.437500000000000000e+02,1.788888888888888928e+01
2.663999999999999702e+00,1.442500000000000000e+02,1.966666666666666785e+01
2.663999999999999702e+00,1.447500000000000000e+02,1.988888888888888928e+01
2.663999999999999702e+00,1.452500000000000000e+02,2.200000000000000000e+01
2.663999999999999702e+00,1.457500000000000000e+02,2.377777777777778212e+01
2.663999999999999702e+00,1.462500000000000000e+02,2.588888888888889639e+01
2.663999999999999702e+00,1.467500000000000000e+02,2.844444444444445352e+01
2.663999999999999702e+00,1.472500000000000000e+02,3.011111111111111782e+01
2.663999999999999702e+00,1.477500000000000000e+02,3.455555555555556424e+01
2.663999999999999702e+00,1.482500000000000000e+02,3.733333333333334281e+01
2.663999999999999702e+00,1.487500000000000000e+02,4.211111111111112137e+01
2.663999999999999702e+00,1.492500000000000000e+02,4.677777777777779278e+01
2.663999999999999702e+00,1.497500000000000000e+02,4.811111111111112137e+01
2.663999999999999702e+00,1.502500000000000000e+02,5.166666666666667851e+01
2.663999999999999702e+00,1.507500000000000000e+02,5.255555555555556424e+01
2.663999999999999702e+00,1.512500000000000000e+02,5.866666666666666430e+01
2.663999999999999702e+00,1.517500000000000000e+02,6.022222222222222854e+01
2.663999999999999702e+00,1.522500000000000000e+02,6.866666666666667140e+01
2.663999999999999702e+00,1.527500000000000000e+02,7.655555555555555713e+01
2.663999999999999702e+00,1.532500000000000000e+02,8.433333333333334281e+01
2.663999999999999702e+00,1.537500000000000000e+02,8.922222222222222854e+01
2.663999999999999702e+00,1.542500000000000000e+02,9.155555555555555713e+01
2.663999999999999702e+00,1.547500000000000000e+02,9.666666666666667140e+01
2.663999999999999702e+00,1.552500000000000000e+02,1.004444444444444429e+02
2.663999999999999702e+00,1.557500000000000000e+02,1.023333333333333286e+02
2.663999999999999702e+00,1.562500000000000000e+02,1.113333333333333286e+02
2.663999999999999702e+00,1.567500000000000000e+02,1.161111111111111001e+02
2.663999999999999702e+00,1.572500000000000000e+02,1.261111111111111001e+02
2.663999999999999702e+00,1.577500000000000000e+02,1.332222222222222001e+02
2.663999999999999702e+00,1.582500000000000000e+02,1.442222222222222001e+02
2.663999999999999702e+00,1.587500000000000000e+02,1.560000000000000000e+02
2.663999999999999702e+00,1.592500000000000000e+02,1.650000000000000000e+02
2.663999999999999702e+00,1.597500000000000000e+02,1.788888888888888857e+02
2.663999999999999702e+00,1.602500000000000000e+02,1.856666666666666572e+02
2.663999999999999702e+00,1.607500000000000000e+02,1.904444444444444287e+02
2.663999999999999702e+00,1.612500000000000000e+02,1.963333333333332860e+02
2.663999999999999702e+00,1.617500000000000000e+02,2.043333333333332860e+02
2.663999999999999702e+00,1.622500000000000000e+02,2.157777777777777430e+02
2.663999999999999702e+00,1.627500000000000000e+02,2.233333333333333428e+02
2.663999999999999702e+00,1.632500000000000000e+02,2.342222222222222570e+02
2.663999999999999702e+00,1.637500000000000000e+02,2.392222222222222570e+02
2.663999999999999702e+00,1.642500000000000000e+02,2.454444444444444571e+02
2.663999999999999702e+00,1.647500000000000000e+02,2.514444444444444571e+02
2.663999999999999702e+00,1.652500000000000000e+02,2.658888888888889142e+02
2.663999999999999702e+00,1.657500000000000000e+02,2.722222222222222285e+02
2.663999999999999702e+00,1.662500000000000000e+02,2.763333333333333712e+02
2.663999999999999702e+00,1.667500000000000000e+02,2.754444444444445139e+02
2.663999999999999702e+00,1.672500000000000000e+02,2.768888888888889142e+02
2.663999999999999702e+00,1.677500000000000000e+02,2.797777777777777715e+02
2.663999999999999702e+00,1.682500000000000000e+02,2.806666666666666856e+02
2.663999999999999702e+00,1.687500000000000000e+02,2.851111111111111427e+02
2.663999999999999702e+00,1.692500000000000000e+02,2.898888888888889142e+02
2.663999999999999702e+00,1.697500000000000000e+02,2.862222222222222285e+02
2.663999999999999702e+00,1.702500000000000000e+02,2.777777777777777715e+02
2.663999999999999702e+00,1.707500000000000000e+02,2.661111111111111427e+02
2.663999999999999702e+00,1.712500000000000000e+02,2.708888888888889142e+02
2.663999999999999702e+00,1.717500000000000000e+02,2.688888888888889142e+02
2.663999999999999702e+00,1.722500000000000000e+02,2.654444444444444571e+02
2.663999999999999702e+00,1.727500000000000000e+02,2.482222222222222570e+02
2.663999999999999702e+00,1.732500000000000000e+02,2.328888888888889142e+02
2.663999999999999702e+00,1.737500000000000000e+02,2.175555555555555713e+02
2.663999999999999702e+00,1.742500000000000000e+02,2.014444444444444571e+02
2.663999999999999702e+00,1.747500000000000000e+02,1.942222222222222570e+02
2.663999999999999702e+00,1.752500000000000000e+02,1.812222222222222570e+02
2.663999999999999702e+00,1.757500000000000000e+02,1.675555555555555713e+02
2.663999999999999702e+00,1.762500000000000000e+02,1.453333333333333712e+02
2.663999999999999702e+00,1.767500000000000000e+02,1.252222222222222427e+02
2.663999999999999702e+00,1.772500000000000000e+02,1.074444444444444713e+02
2.663999999999999702e+00,1.777500000000000000e+02,9.022222222222224275e+01
2.663999999999999702e+00,1.782500000000000000e+02,7.222222222222224275e+01
2.663999999999999702e+00,1.787500000000000000e+02,5.122222222222224985e+01
2.663999999999999702e+00,1.792500000000000000e+02,2.966666666666669627e+01
2.663999999999999702e+00,1.797500000000000000e+02,1.588888888888891593e+01
2.679999999999999716e+00,1.302500000000000000e+02,2.888888888888888840e+00
2.679999999999999716e+00,1.307500000000000000e+02,3.444444444444444198e+00
2.679999999999999716e+00,1.312500000000000000e+02,3.222222222222221877e+00
2.679999999999999716e+00,1.317500000000000000e+02,3.222222222222221877e+00
2.679999999999999716e+00,1.322500000000000000e+02,2.888888888888888840e+00
2.679999999999999716e+00,1.327500000000000000e+02,3.666666666666666519e+00
2.679999999999999716e+00,1.332500000000000000e+02,4.444444444444444642e+00
2.679999999999999716e+00,1.337500000000000000e+02,5.333333333333333037e+00
2.679999999999999716e+00,1.342500000000000000e+02,5.000000000000000000e+00
2.679999999999999716e+00,1.347500000000000000e+02,4.666666666666666963e+00
2.679999999999999716e+00,1.352500000000000000e+02,3.777777777777778123e+00
2.679999999999999716e+00,1.357500000000000000e+02,4.555555555555556246e+00
2.679999999999999716e+00,1.362500000000000000e+02,5.000000000000000000e+00
2.679999999999999716e+00,1.367500000000000000e+02,6.666666666666666963e+00
2.679999999999999716e+00,1.372500000000000000e+02,7.666666666666666963e+00
2.679999999999999716e+00,1.377500000000000000e+02,7.666666666666666963e+00
2.679999999999999716e+00,1.382500000000000000e+02,7.888888888888888395e+00
2.679999999999999716e+00,1.387500000000000000e+02,8.444444444444444642e+00
2.679999999999999716e+00,1.392500000000000000e+02,9.666666666666666075e+00
2.679999999999999716e+00,1.397500000000000000e+02,1.000000000000000000e+01
2.679999999999999716e+00,1.402500000000000000e+02,1.000000000000000000e+01
2.679999999999999716e+00,1.407500000000000000e+02,1.066666666666666607e+01
2.679999999999999716e+00,1.412500000000000000e+02,1.288888888888889106e+01
2.679999999999999716e+00,1.417500000000000000e+02,1.566666666666666963e+01
2.679999999999999716e+00,1.422500000000000000e+02,1.733333333333333570e+01
2.679999999999999716e+00,1.427500000000000000e+02,1.822222222222222499e+01
2.679999999999999716e+00,1.432500000000000000e+02,2.044444444444444642e+01
2.679999999999999716e+00,1.437500000000000000e+02,2.266666666666666785e+01
2.679999999999999716e+00,1.442500000000000000e+02,2.488888888888888928e+01
2.679999999999999716e+00,1.447500000000000000e+02,2.566666666666666785e+01
2.679999999999999716e+00,1.452500000000000000e+02,2.711111111111111427e+01
2.679999999999999716e+00,1.457500000000000000e+02,2.966666666666666785e+01
2.679999999999999716e+00,1.462500000000000000e+02,3.077777777777777501e+01
2.679999999999999716e+00,1.467500000000000000e+02,3.455555555555555003e+01
2.679999999999999716e+00,1.472500000000000000e+02,3.555555555555555003e+01
2.679999999999999716e+00,1.477500000000000000e+02,4.011111111111110716e+01
2.679999999999999716e+00,1.482500000000000000e+02,4.344444444444443576e+01
2.679999999999999716e+00,1.487500000000000000e+02,4.855555555555555003e+01
2.679999999999999716e+00,1.492500000000000000e+02,5.288888888888888573e+01
2.679999999999999716e+00,1.497500000000000000e+02,5.588888888888888573e+01
2.679999999999999716e+00,1.502500000000000000e+02,6.133333333333333570e+01
2.679999999999999716e+00,1.507500000000000000e+02,6.555555555555555713e+01
2.679999999999999716e+00,1.512500000000000000e+02,7.233333333333332860e+01
2.679999999999999716e+00,1.517500000000000000e+02,7.455555555555555713e+01
2.679999999999999716e+00,1.522500000000000000e+02,8.344444444444445708e+01
2.679999999999999716e+00,1.527500000000000000e+02,8.877777777777778567e+01
2.679999999999999716e+00,1.532500000000000000e+02,9.844444444444445708e+01
2.679999999999999716e+00,1.537500000000000000e+02,1.016666666666666856e+02
2.679999999999999716e+00,1.542500000000000000e+02,1.075555555555555856e+02
2.679999999999999716e+00,1.547500000000000000e+02,1.125555555555555856e+02
2.679999999999999716e+00,1.552500000000000000e+02,1.187777777777777857e+02
2.679999999999999716e+00,1.557500000000000000e+02,1.255555555555555856e+02
2.679999999999999716e+00,1.562500000000000000e+02,1.357777777777777999e+02
2.679999999999999716e+00,1.567500000000000000e+02,1.411111111111111143e+02
2.679999999999999716e+00,1.572500000000000000e+02,1.508888888888888857e+02
2.679999999999999716e+00,1.577500000000000000e+02,1.627777777777777999e+02
2.679999999999999716e+00,1.582500000000000000e+02,1.796666666666666572e+02
2.679999999999999716e+00,1.587500000000000000e+02,1.896666666666666572e+02
2.679999999999999716e+00,1.592500000000000000e+02,1.968888888888888857e+02
2.679999999999999716e+00,1.597500000000000000e+02,2.113333333333333428e+02
2.679999999999999716e+00,1.602500000000000000e+02,2.175555555555555713e+02
2.679999999999999716e+00,1.607500000000000000e+02,2.247777777777777999e+02
2.679999999999999716e+00,1.612500000000000000e+02,2.306666666666666572e+02
2.679999999999999716e+00,1.617500000000000000e+02,2.423333333333333428e+02
2.679999999999999716e+00,1.622500000000000000e+02,2.557777777777777999e+02
2.679999999999999716e+00,1.627500000000000000e+02,2.644444444444444571e+02
2.679999999999999716e+00,1.632500000000000000e+02,2.790000000000000000e+02
2.679999999999999716e+00,1.637500000000000000e+02,2.843333333333333144e+02
2.679999999999999716e+00,1.642500000000000000e+02,2.871111111111110858e+02
2.679999999999999716e+00,1.647500000000000000e+02,2.914444444444444002e+02
2.679999999999999716e+00,1.652500000000000000e+02,3.083333333333333144e+02
2.679999999999999716e+00,1.657500000000000000e+02,3.163333333333333144e+02
2.679999999999999716e+00,1.662500000000000000e+02,3.203333333333333144e+02
2.679999999999999716e+00,1.667500000000000000e+02,3.162222222222222285e+02
2.679999999999999716e+00,1.672500000000000000e+02,3.200000000000000000e+02
2.679999999999999716e+00,1.677500000000000000e+02,3.272222222222222285e+02
2.679999999999999716e+00,1.682500000000000000e+02,3.295555555555555998e+02
2.679999999999999716e+00,1.687500000000000000e+02,3.370000000000000000e+02
2.679999999999999716e+00,1.692500000000000000e+02,3.394444444444444002e+02
2.679999999999999716e+00,1.697500000000000000e+02,3.331111111111110858e+02
2.679999999999999716e+00,1.702500000000000000e+02,3.251111111111110858e+02
2.679999999999999716e+00,1.707500000000000000e+02,3.117777777777777715e+02
2.679999999999999716e+00,1.712500000000000000e+02,3.144444444444444002e+02
2.679999999999999716e+00,1.717500000000000000e+02,3.065555555555554861e+02
2.679999999999999716e+00,1.722500000000000000e+02,3.034444444444444002e+02
2.679999999999999716e+00,1.727500000000000000e+02,2.904444444444444002e+02
2.679999999999999716e+00,1.732500000000000000e+02,2.782222222222222285e+02
2.679999999999999716e+00,1.737500000000000000e+02,2.645555555555555429e+02
2.679999999999999716e+00,1.742500000000000000e+02,2.508888888888888857e+02
2.679999999999999716e+00,1.747500000000000000e+02,2.358888888888888857e+02
2.679999999999999716e+00,1.752500000000000000e+02,2.190000000000000000e+02
2.679999999999999716e+00,1.757500000000000000e+02,1.968888888888888857e+02
2.679999999999999716e+00,1.762500000000000000e+02,1.740000000000000000e+02
2.679999999999999716e+00,1.767500000000000000e+02,1.504444444444444571e+02
2.679999999999999716e+00,1.772500000000000000e+02,1.282222222222222285e+02
2.679999999999999716e+00,1.777500000000000000e+02,1.081111111111111285e+02
2.679999999999999716e+00,1.782500000000000000e+02,8.600000000000000000e+01
2.679999999999999716e+00,1.787500000000000000e+02,6.377777777777777857e+01
2.679999999999999716e+00,1.792500000000000000e+02,3.800000000000000000e+01
2.679999999999999716e+00,1.797500000000000000e+02,1.944444444444444642e+01
2.695999999999999730e+00,1.302500000000000000e+02,4.333333333333333037e+00
2.695999999999999730e+00,1.307500000000000000e+02,4.444444444444444642e+00
2.695999999999999730e+00,1.312500000000000000e+02,3.777777777777778123e+00
2.695999999999999730e+00,1.317500000000000000e+02,3.333333333333333481e+00
2.695999999999999730e+00,1.322500000000000000e+02,2.555555555555555358e+00
2.695999999999999730e+00,1.327500000000000000e+02,3.444444444444444198e+00
2.695999999999999730e+00,1.332500000000000000e+02,4.666666666666666963e+00
2.695999999999999730e+00,1.337500000000000000e+02,5.777777777777777679e+00
2.695999999999999730e+00,1.342500000000000000e+02,5.777777777777777679e+00
2.695999999999999730e+00,1.347500000000000000e+02,5.888888888888888395e+00
2.695999999999999730e+00,1.352500000000000000e+02,5.555555555555554470e+00
2.695999999999999730e+00,1.357500000000000000e+02,5.666666666666665186e+00
2.695999999999999730e+00,1.362500000000000000e+02,6.222222222222221433e+00
2.695999999999999730e+00,1.367500000000000000e+02,7.444444444444443754e+00
2.695999999999999730e+00,1.372500000000000000e+02,9.111111111111110716e+00
2.695999999999999730e+00,1.377500000000000000e+02,8.666666666666666075e+00
2.695999999999999730e+00,1.382500000000000000e+02,8.888888888888887507e+00
2.695999999999999730e+00,1.387500000000000000e+02,8.666666666666666075e+00
2.695999999999999730e+00,1.392500000000000000e+02,1.022222222222222143e+01
2.695999999999999730e+00,1.397500000000000000e+02,1.133333333333333393e+01
2.695999999999999730e+00,1.402500000000000000e+02,1.211111111111111249e+01
2.695999999999999730e+00,1.407500000000000000e+02,1.211111111111111249e+01
2.695999999999999730e+00,1.412500000000000000e+02,1.477777777777777857e+01
2.695999999999999730e+00,1.417500000000000000e+02,1.788888888888888928e+01
2.695999999999999730e+00,1.422500000000000000e+02,2.066666666666666785e+01
2.695999999999999730e+00,1.427500000000000000e+02,2.311111111111111427e+01
2.695999999999999730e+00,1.432500000000000000e+02,2.488888888888889639e+01
2.695999999999999730e+00,1.437500000000000000e+02,2.733333333333334281e+01
2.695999999999999730e+00,1.442500000000000000e+02,2.822222222222222854e+01
2.695999999999999730e+00,1.447500000000000000e+02,2.977777777777778212e+01
2.695999999999999730e+00,1.452500000000000000e+02,3.177777777777778212e+01
2.695999999999999730e+00,1.457500000000000000e+02,3.488888888888889284e+01
2.695999999999999730e+00,1.462500000000000000e+02,3.700000000000000000e+01
2.695999999999999730e+00,1.467500000000000000e+02,4.233333333333333570e+01
2.695999999999999730e+00,1.472500000000000000e+02,4.500000000000000000e+01
2.695999999999999730e+00,1.477500000000000000e+02,4.977777777777777857e+01
2.695999999999999730e+00,1.482500000000000000e+02,5.188888888888889284e+01
2.695999999999999730e+00,1.487500000000000000e+02,5.700000000000000711e+01
2.695999999999999730e+00,1.492500000000000000e+02,6.255555555555556424e+01
2.695999999999999730e+00,1.497500000000000000e+02,6.566666666666667140e+01
2.695999999999999730e+00,1.502500000000000000e+02,7.066666666666667140e+01
2.695999999999999730e+00,1.507500000000000000e+02,7.611111111111110006e+01
2.695999999999999730e+00,1.512500000000000000e+02,8.511111111111110006e+01
2.695999999999999730e+00,1.517500000000000000e+02,8.955555555555554292e+01
2.695999999999999730e+00,1.522500000000000000e+02,9.977777777777777146e+01
2.695999999999999730e+00,1.527500000000000000e+02,1.050000000000000000e+02
2.695999999999999730e+00,1.532500000000000000e+02,1.174444444444444429e+02
2.695999999999999730e+00,1.537500000000000000e+02,1.207777777777777715e+02
2.695999999999999730e+00,1.542500000000000000e+02,1.288888888888888857e+02
2.695999999999999730e+00,1.547500000000000000e+02,1.345555555555555429e+02
2.695999999999999730e+00,1.552500000000000000e+02,1.398888888888888857e+02
2.695999999999999730e+00,1.557500000000000000e+02,1.506666666666666572e+02
2.695999999999999730e+00,1.562500000000000000e+02,1.602222222222222001e+02
2.695999999999999730e+00,1.567500000000000000e+02,1.730000000000000000e+02
2.695999999999999730e+00,1.572500000000000000e+02,1.832222222222222570e+02
2.695999999999999730e+00,1.577500000000000000e+02,1.922222222222222570e+02
2.695999999999999730e+00,1.582500000000000000e+02,2.065555555555555713e+02
2.695999999999999730e+00,1.587500000000000000e+02,2.152222222222222570e+02
2.695999999999999730e+00,1.592500000000000000e+02,2.254444444444444571e+02
2.695999999999999730e+00,1.597500000000000000e+02,2.430000000000000000e+02
2.695999999999999730e+00,1.602500000000000000e+02,2.515555555555555429e+02
2.695999999999999730e+00,1.607500000000000000e+02,2.657777777777777715e+02
2.695999999999999730e+00,1.612500000000000000e+02,2.676666666666666288e+02
2.695999999999999730e+00,1.617500000000000000e+02,2.782222222222221717e+02
2.695999999999999730e+00,1.622500000000000000e+02,2.904444444444444002e+02
2.695999999999999730e+00,1.627500000000000000e+02,3.032222222222221717e+02
2.695999999999999730e+00,1.632500000000000000e+02,3.205555555555554861e+02
2.695999999999999730e+00,1.637500000000000000e+02,3.239999999999999432e+02
2.695999999999999730e+00,1.642500000000000000e+02,3.279999999999999432e+02
2.695999999999999730e+00,1.647500000000000000e+02,3.346666666666666288e+02
2.695999999999999730e+00,1.652500000000000000e+02,3.545555555555554861e+02
2.695999999999999730e+00,1.657500000000000000e+02,3.631111111111110290e+02
2.695999999999999730e+00,1.662500000000000000e+02,3.703333333333332007e+02
2.695999999999999730e+00,1.667500000000000000e+02,3.693333333333332007e+02
2.695999999999999730e+00,1.672500000000000000e+02,3.792222222222221149e+02
2.695999999999999730e+00,1.677500000000000000e+02,3.818888888888887436e+02
2.695999999999999730e+00,1.682500000000000000e+02,3.768888888888887436e+02
2.695999999999999730e+00,1.687500000000000000e+02,3.767777777777776578e+02
2.695999999999999730e+00,1.692500000000000000e+02,3.785555555555554861e+02
2.695999999999999730e+00,1.697500000000000000e+02,3.793333333333333144e+02
2.695999999999999730e+00,1.702500000000000000e+02,3.697777777777777715e+02
2.695999999999999730e+00,1.707500000000000000e+02,3.575555555555554861e+02
2.695999999999999730e+00,1.712500000000000000e+02,3.531111111111110290e+02
2.695999999999999730e+00,1.717500000000000000e+02,3.442222222222221149e+02
2.695999999999999730e+00,1.722500000000000000e+02,3.375555555555554292e+02
2.695999999999999730e+00,1.727500000000000000e+02,3.213333333333332007e+02
2.695999999999999730e+00,1.732500000000000000e+02,3.114444444444443434e+02
2.695999999999999730e+00,1.737500000000000000e+02,2.985555555555554292e+02
2.695999999999999730e+00,1.742500000000000000e+02,2.892222222222221149e+02
2.695999999999999730e+00,1.747500000000000000e+02,2.716666666666665151e+02
2.695999999999999730e+00,1.752500000000000000e+02,2.499999999999998579e+02
2.695999999999999730e+00,1.757500000000000000e+02,2.226666666666665151e+02
2.695999999999999730e+00,1.762500000000000000e+02,1.949999999999998579e+02
2.695999999999999730e+00,1.767500000000000000e+02,1.679999999999998579e+02
2.695999999999999730e+00,1.772500000000000000e+02,1.455555555555554008e+02
2.695999999999999730e+00,1.777500000000000000e+02,1.246666666666665151e+02
2.695999999999999730e+00,1.782500000000000000e+02,1.022222222222220580e+02
2.695999999999999730e+00,1.787500000000000000e+02,7.466666666666650087e+01
2.695999999999999730e+00,1.792500000000000000e+02,4.411111111111095084e+01
2.695999999999999730e+00,1.797500000000000000e+02,2.233333333333317583e+01
2.711999999999999744e+00,1.302500000000000000e+02,4.777777777777777679e+00
2.711999999999999744e+00,1.307500000000000000e+02,4.444444444444443754e+00
2.711999999999999744e+00,1.312500000000000000e+02,3.555555555555555358e+00
2.711999999999999744e+00,1.317500000000000000e+02,3.777777777777777235e+00
2.711999999999999744e+00,1.322500000000000000e+02,3.111111111111110716e+00
2.711999999999999744e+00,1.327500000000000000e+02,4.333333333333333037e+00
2.711999999999999744e+00,1.332500000000000000e+02,5.666666666666666963e+00
2.711999999999999744e+00,1.337500000000000000e+02,7.000000000000000000e+00
2.711999999999999744e+00,1.342500000000000000e+02,6.777777777777778567e+00
2.711999999999999744e+00,1.347500000000000000e+02,7.000000000000000000e+00
2.711999999999999744e+00,1.352500000000000000e+02,6.777777777777778567e+00
2.711999999999999744e+00,1.357500000000000000e+02,6.555555555555556246e+00
2.711999999999999744e+00,1.362500000000000000e+02,7.222222222222222321e+00
2.711999999999999744e+00,1.367500000000000000e+02,9.222222222222223209e+00
2.711999999999999744e+00,1.372500000000000000e+02,1.122222222222222321e+01
2.711999999999999744e+00,1.377500000000000000e+02,1.111111111111111249e+01
2.711999999999999744e+00,1.382500000000000000e+02,1.044444444444444464e+01
2.711999999999999744e+00,1.387500000000000000e+02,1.188888888888889106e+01
2.711999999999999744e+00,1.392500000000000000e+02,1.322222222222222321e+01
2.711999999999999744e+00,1.397500000000000000e+02,1.466666666666666963e+01
2.711999999999999744e+00,1.402500000000000000e+02,1.466666666666666963e+01
2.711999999999999744e+00,1.407500000000000000e+02,1.544444444444444819e+01
2.711999999999999744e+00,1.412500000000000000e+02,1.833333333333333925e+01
2.711999999999999744e+00,1.417500000000000000e+02,2.111111111111111782e+01
2.711999999999999744e+00,1.422500000000000000e+02,2.444444444444444642e+01
2.711999999999999744e+00,1.427500000000000000e+02,2.666666666666666785e+01
2.711999999999999744e+00,1.432500000000000000e+02,2.911111111111111072e+01
2.711999999999999744e+00,1.437500000000000000e+02,3.222222222222222143e+01
2.711999999999999744e+00,1.442500000000000000e+02,3.188888888888888573e+01
2.711999999999999744e+00,1.447500000000000000e+02,3.477777777777777146e+01
2.711999999999999744e+00,1.452500000000000000e+02,3.611111111111110716e+01
2.711999999999999744e+00,1.457500000000000000e+02,4.144444444444443576e+01
2.711999999999999744e+00,1.462500000000000000e+02,4.277777777777777146e+01
2.711999999999999744e+00,1.467500000000000000e+02,4.999999999999999289e+01
2.711999999999999744e+00,1.472500000000000000e+02,5.499999999999999289e+01
2.711999999999999744e+00,1.477500000000000000e+02,6.044444444444443576e+01
2.711999999999999744e+00,1.482500000000000000e+02,6.233333333333333570e+01
2.711999999999999744e+00,1.487500000000000000e+02,6.622222222222221433e+01
2.711999999999999744e+00,1.492500000000000000e+02,7.177777777777777146e+01
2.711999999999999744e+00,1.497500000000000000e+02,7.722222222222221433e+01
2.711999999999999744e+00,1.502500000000000000e+02,8.299999999999998579e+01
2.711999999999999744e+00,1.507500000000000000e+02,8.877777777777775725e+01
2.711999999999999744e+00,1.512500000000000000e+02,9.566666666666664298e+01
2.711999999999999744e+00,1.517500000000000000e+02,1.014444444444444144e+02
2.711999999999999744e+00,1.522500000000000000e+02,1.134444444444444144e+02
2.711999999999999744e+00,1.527500000000000000e+02,1.186666666666666288e+02
2.711999999999999744e+00,1.532500000000000000e+02,1.345555555555555145e+02
2.711999999999999744e+00,1.537500000000000000e+02,1.382222222222222001e+02
2.711999999999999744e+00,1.542500000000000000e+02,1.486666666666666288e+02
2.711999999999999744e+00,1.547500000000000000e+02,1.516666666666666288e+02
2.711999999999999744e+00,1.552500000000000000e+02,1.617777777777777430e+02
2.711999999999999744e+00,1.557500000000000000e+02,1.740000000000000000e+02
2.711999999999999744e+00,1.562500000000000000e+02,1.868888888888888857e+02
2.711999999999999744e+00,1.567500000000000000e+02,1.984444444444444287e+02
2.711999999999999744e+00,1.572500000000000000e+02,2.138888888888888289e+02
2.711999999999999744e+00,1.577500000000000000e+02,2.223333333333332860e+02
2.711999999999999744e+00,1.582500000000000000e+02,2.393333333333332860e+02
2.711999999999999744e+00,1.587500000000000000e+02,2.483333333333332860e+02
2.711999999999999744e+00,1.592500000000000000e+02,2.633333333333333144e+02
2.711999999999999744e+00,1.597500000000000000e+02,2.756666666666666288e+02
2.711999999999999744e+00,1.602500000000000000e+02,2.892222222222221717e+02
2.711999999999999744e+00,1.607500000000000000e+02,3.042222222222221717e+02
2.711999999999999744e+00,1.612500000000000000e+02,3.133333333333332575e+02
2.711999999999999744e+00,1.617500000000000000e+02,3.169999999999999432e+02
2.711999999999999744e+00,1.622500000000000000e+02,3.306666666666665719e+02
2.711999999999999744e+00,1.627500000000000000e+02,3.419999999999999432e+02
2.711999999999999744e+00,1.632500000000000000e+02,3.606666666666665719e+02
2.711999999999999744e+00,1.637500000000000000e+02,3.657777777777776578e+02
2.711999999999999744e+00,1.642500000000000000e+02,3.719999999999999432e+02
2.711999999999999744e+00,1.647500000000000000e+02,3.813333333333332575e+02
2.711999999999999744e+00,1.652500000000000000e+02,3.961111111111110290e+02
2.711999999999999744e+00,1.657500000000000000e+02,4.054444444444443434e+02
2.711999999999999744e+00,1.662500000000000000e+02,4.075555555555554861e+02
2.711999999999999744e+00,1.667500000000000000e+02,4.108888888888888573e+02
2.711999999999999744e+00,1.672500000000000000e+02,4.193333333333332575e+02
2.711999999999999744e+00,1.677500000000000000e+02,4.264444444444443434e+02
2.711999999999999744e+00,1.682500000000000000e+02,4.148888888888887436e+02
2.711999999999999744e+00,1.687500000000000000e+02,4.176666666666665151e+02
2.711999999999999744e+00,1.692500000000000000e+02,4.169999999999998295e+02
2.711999999999999744e+00,1.697500000000000000e+02,4.258888888888887436e+02
2.711999999999999744e+00,1.702500000000000000e+02,4.183333333333332007e+02
2.711999999999999744e+00,1.707500000000000000e+02,4.107777777777776009e+02
2.711999999999999744e+00,1.712500000000000000e+02,4.031111111111109153e+02
2.711999999999999744e+00,1.717500000000000000e+02,3.878888888888886868e+02
2.711999999999999744e+00,1.722500000000000000e+02,3.802222222222220012e+02
2.711999999999999744e+00,1.727500000000000000e+02,3.618888888888886868e+02
2.711999999999999744e+00,1.732500000000000000e+02,3.499999999999998295e+02
2.711999999999999744e+00,1.737500000000000000e+02,3.312222222222221149e+02
2.711999999999999744e+00,1.742500000000000000e+02,3.183333333333332007e+02
2.711999999999999744e+00,1.747500000000000000e+02,2.959999999999998295e+02
2.711999999999999744e+00,1.752500000000000000e+02,2.752222222222221149e+02
2.711999999999999744e+00,1.757500000000000000e+02,2.488888888888887720e+02
2.711999999999999744e+00,1.762500000000000000e+02,2.225555555555554292e+02
2.711999999999999744e+00,1.767500000000000000e+02,1.896666666666665151e+02
2.711999999999999744e+00,1.772500000000000000e+02,1.601111111111109437e+02
2.711999999999999744e+00,1.777500000000000000e+02,1.348888888888887152e+02
2.711999999999999744e+00,1.782500000000000000e+02,1.097777777777776151e+02
2.711999999999999744e+00,1.787500000000000000e+02,8.111111111111095795e+01
2.711999999999999744e+00,1.792500000000000000e+02,5.022222222222205801e+01
2.711999999999999744e+00,1.797500000000000000e+02,2.777777777777761159e+01
2.727999999999999758e+00,1.302500000000000000e+02,4.555555555555555358e+00
2.727999999999999758e+00,1.307500000000000000e+02,4.000000000000000000e+00
2.727999999999999758e+00,1.312500000000000000e+02,3.222222222222221877e+00
2.727999999999999758e+00,1.317500000000000000e+02,3.333333333333333481e+00
2.727999999999999758e+00,1.322500000000000000e+02,3.000000000000000000e+00
2.727999999999999758e+00,1.327500000000000000e+02,4.222222222222222321e+00
2.727999999999999758e+00,1.332500000000000000e+02,5.444444444444443754e+00
2.727999999999999758e+00,1.337500000000000000e+02,7.000000000000000000e+00
2.727999999999999758e+00,1.342500000000000000e+02,7.444444444444445530e+00
2.727999999999999758e+00,1.347500000000000000e+02,7.666666666666667851e+00
2.727999999999999758e+00,1.352500000000000000e+02,8.222222222222223209e+00
2.727999999999999758e+00,1.357500000000000000e+02,8.222222222222223209e+00
2.727999999999999758e+00,1.362500000000000000e+02,9.333333333333333925e+00
2.727999999999999758e+00,1.367500000000000000e+02,1.177777777777777857e+01
2.727999999999999758e+00,1.372500000000000000e+02,1.333333333333333393e+01
2.727999999999999758e+00,1.377500000000000000e+02,1.433333333333333393e+01
2.727999999999999758e+00,1.382500000000000000e+02,1.344444444444444464e+01
2.727999999999999758e+00,1.387500000000000000e+02,1.477777777777777857e+01
2.727999999999999758e+00,1.392500000000000000e+02,1.566666666666666607e+01
2.727999999999999758e+00,1.397500000000000000e+02,1.655555555555555358e+01
2.727999999999999758e+00,1.402500000000000000e+02,1.822222222222222143e+01
2.727999999999999758e+00,1.407500000000000000e+02,2.088888888888888928e+01
2.727999999999999758e+00,1.412500000000000000e+02,2.322222222222221788e+01
2.727999999999999758e+00,1.417500000000000000e+02,2.655555555555555358e+01
2.727999999999999758e+00,1.422500000000000000e+02,2.922222222222221788e+01
2.727999999999999758e+00,1.427500000000000000e+02,3.188888888888888573e+01
2.727999999999999758e+00,1.432500000000000000e+02,3.255555555555555003e+01
2.727999999999999758e+00,1.437500000000000000e+02,3.522222222222222143e+01
2.727999999999999758e+00,1.442500000000000000e+02,3.855555555555555003e+01
2.727999999999999758e+00,1.447500000000000000e+02,4.222222222222222143e+01
2.727999999999999758e+00,1.452500000000000000e+02,4.522222222222222143e+01
2.727999999999999758e+00,1.457500000000000000e+02,4.944444444444443576e+01
2.727999999999999758e+00,1.462500000000000000e+02,5.122222222222220722e+01
2.727999999999999758e+00,1.467500000000000000e+02,5.711111111111109295e+01
2.727999999999999758e+00,1.472500000000000000e+02,6.199999999999997868e+01
2.727999999999999758e+00,1.477500000000000000e+02,6.877777777777775725e+01
2.727999999999999758e+00,1.482500000000000000e+02,7.333333333333331439e+01
2.727999999999999758e+00,1.487500000000000000e+02,7.811111111111110006e+01
2.727999999999999758e+00,1.492500000000000000e+02,8.699999999999998579e+01
2.727999999999999758e+00,1.497500000000000000e+02,9.188888888888887152e+01
2.727999999999999758e+00,1.502500000000000000e+02,9.699999999999998579e+01
2.727999999999999758e+00,1.507500000000000000e+02,9.877777777777775725e+01
2.727999999999999758e+00,1.512500000000000000e+02,1.077777777777777573e+02
2.727999999999999758e+00,1.517500000000000000e+02,1.158888888888888573e+02
2.727999999999999758e+00,1.522500000000000000e+02,1.316666666666666288e+02
2.727999999999999758e+00,1.527500000000000000e+02,1.369999999999999716e+02
2.727999999999999758e+00,1.532500000000000000e+02,1.512222222222222001e+02
2.727999999999999758e+00,1.537500000000000000e+02,1.552222222222222001e+02
2.727999999999999758e+00,1.542500000000000000e+02,1.658888888888888573e+02
2.727999999999999758e+00,1.547500000000000000e+02,1.744444444444444287e+02
2.727999999999999758e+00,1.552500000000000000e+02,1.864444444444444287e+02
2.727999999999999758e+00,1.557500000000000000e+02,2.009999999999999716e+02
2.727999999999999758e+00,1.562500000000000000e+02,2.099999999999999716e+02
2.727999999999999758e+00,1.567500000000000000e+02,2.261111111111110858e+02
2.727999999999999758e+00,1.572500000000000000e+02,2.369999999999999716e+02
2.727999999999999758e+00,1.577500000000000000e+02,2.462222222222221717e+02
2.727999999999999758e+00,1.582500000000000000e+02,2.548888888888888289e+02
2.727999999999999758e+00,1.587500000000000000e+02,2.704444444444444002e+02
2.727999999999999758e+00,1.592500000000000000e+02,2.852222222222221717e+02
2.727999999999999758e+00,1.597500000000000000e+02,3.015555555555554861e+02
2.727999999999999758e+00,1.602500000000000000e+02,3.151111111111110858e+02
2.727999999999999758e+00,1.607500000000000000e+02,3.339999999999999432e+02
2.727999999999999758e+00,1.612500000000000000e+02,3.435555555555554861e+02
2.727999999999999758e+00,1.617500000000000000e+02,3.573333333333332575e+02
2.727999999999999758e+00,1.622500000000000000e+02,3.737777777777776578e+02
2.727999999999999758e+00,1.627500000000000000e+02,3.864444444444443434e+02
2.727999999999999758e+00,1.632500000000000000e+02,3.978888888888888573e+02
2.727999999999999758e+00,1.637500000000000000e+02,4.075555555555554861e+02
2.727999999999999758e+00,1.642500000000000000e+02,4.192222222222221717e+02
2.727999999999999758e+00,1.647500000000000000e+02,4.298888888888888573e+02
2.727999999999999758e+00,1.652500000000000000e+02,4.338888888888888573e+02
2.727999999999999758e+00,1.657500000000000000e+02,4.391111111111110858e+02
2.727999999999999758e+00,1.662500000000000000e+02,4.398888888888888573e+02
2.727999999999999758e+00,1.667500000000000000e+02,4.551111111111110290e+02
2.727999999999999758e+00,1.672500000000000000e+02,4.683333333333332575e+02
2.727999999999999758e+00,1.677500000000000000e+02,4.754444444444443434e+02
2.727999999999999758e+00,1.682500000000000000e+02,4.658888888888888573e+02
2.727999999999999758e+00,1.687500000000000000e+02,4.606666666666665719e+02
2.727999999999999758e+00,1.692500000000000000e+02,4.625555555555554861e+02
2.727999999999999758e+00,1.697500000000000000e+02,4.684444444444443434e+02
2.727999999999999758e+00,1.702500000000000000e+02,4.661111111111110290e+02
2.727999999999999758e+00,1.707500000000000000e+02,4.526666666666665719e+02
2.727999999999999758e+00,1.712500000000000000e+02,4.407777777777776578e+02
2.727999999999999758e+00,1.717500000000000000e+02,4.209999999999999432e+02
2.727999999999999758e+00,1.722500000000000000e+02,4.117777777777776578e+02
2.727999999999999758e+00,1.727500000000000000e+02,3.871111111111110290e+02
2.727999999999999758e+00,1.732500000000000000e+02,3.724444444444443434e+02
2.727999999999999758e+00,1.737500000000000000e+02,3.585555555555554292e+02
2.727999999999999758e+00,1.742500000000000000e+02,3.439999999999998295e+02
2.727999999999999758e+00,1.747500000000000000e+02,3.217777777777776009e+02
2.727999999999999758e+00,1.752500000000000000e+02,2.906666666666665151e+02
2.727999999999999758e+00,1.757500000000000000e+02,2.658888888888887436e+02
2.727999999999999758e+00,1.762500000000000000e+02,2.383333333333331723e+02
2.727999999999999758e+00,1.767500000000000000e+02,2.069999999999998579e+02
2.727999999999999758e+00,1.772500000000000000e+02,1.752222222222220864e+02
2.727999999999999758e+00,1.777500000000000000e+02,1.499999999999998579e+02
2.727999999999999758e+00,1.782500000000000000e+02,1.209999999999998721e+02
2.727999999999999758e+00,1.787500000000000000e+02,8.788888888888875783e+01
2.727999999999999758e+00,1.792500000000000000e+02,5.222222222222209354e+01
2.727999999999999758e+00,1.797500000000000000e+02,2.944444444444431852e+01
2.743999999999999773e+00,1.302500000000000000e+02,4.777777777777777679e+00
2.743999999999999773e+00,1.307500000000000000e+02,4.666666666666666963e+00
2.743999999999999773e+00,1.312500000000000000e+02,4.777777777777777679e+00
2.743999999999999773e+00,1.317500000000000000e+02,5.000000000000000000e+00
2.743999999999999773e+00,1.322500000000000000e+02,4.777777777777777679e+00
2.743999999999999773e+00,1.327500000000000000e+02,5.222222222222221433e+00
2.743999999999999773e+00,1.332500000000000000e+02,6.999999999999999112e+00
2.743999999999999773e+00,1.337500000000000000e+02,8.777777777777776791e+00
2.743999999999999773e+00,1.342500000000000000e+02,9.222222222222221433e+00
2.743999999999999773e+00,1.347500000000000000e+02,9.444444444444444642e+00
2.743999999999999773e+00,1.352500000000000000e+02,1.011111111111111072e+01
2.743999999999999773e+00,1.357500000000000000e+02,1.033333333333333393e+01
2.743999999999999773e+00,1.362500000000000000e+02,1.122222222222222143e+01
2.743999999999999773e+00,1.367500000000000000e+02,1.333333333333333393e+01
2.743999999999999773e+00,1.372500000000000000e+02,1.566666666666666607e+01
2.743999999999999773e+00,1.377500000000000000e+02,1.688888888888888928e+01
2.743999999999999773e+00,1.382500000000000000e+02,1.644444444444444642e+01
2.743999999999999773e+00,1.387500000000000000e+02,1.866666666666667140e+01
2.743999999999999773e+00,1.392500000000000000e+02,2.144444444444444642e+01
2.743999999999999773e+00,1.397500000000000000e+02,2.311111111111111427e+01
2.743999999999999773e+00,1.402500000000000000e+02,2.433333333333333215e+01
2.743999999999999773e+00,1.407500000000000000e+02,2.688888888888888573e+01
2.743999999999999773e+00,1.412500000000000000e+02,2.755555555555555358e+01
2.743999999999999773e+00,1.417500000000000000e+02,3.077777777777777501e+01
2.743999999999999773e+00,1.422500000000000000e+02,3.288888888888888573e+01
2.743999999999999773e+00,1.427500000000000000e+02,3.555555555555555003e+01
2.743999999999999773e+00,1.432500000000000000e+02,3.744444444444443576e+01
2.743999999999999773e+00,1.437500000000000000e+02,4.066666666666665719e+01
2.743999999999999773e+00,1.442500000000000000e+02,4.622222222222220722e+01
2.743999999999999773e+00,1.447500000000000000e+02,4.922222222222220722e+01
2.743999999999999773e+00,1.452500000000000000e+02,5.055555555555554292e+01
2.743999999999999773e+00,1.457500000000000000e+02,5.466666666666665009e+01
2.743999999999999773e+00,1.462500000000000000e+02,5.733333333333331439e+01
2.743999999999999773e+00,1.467500000000000000e+02,6.355555555555553582e+01
2.743999999999999773e+00,1.472500000000000000e+02,7.033333333333331439e+01
2.743999999999999773e+00,1.477500000000000000e+02,7.844444444444442865e+01
2.743999999999999773e+00,1.482500000000000000e+02,8.688888888888887152e+01
2.743999999999999773e+00,1.487500000000000000e+02,9.088888888888887152e+01
2.743999999999999773e+00,1.492500000000000000e+02,9.744444444444444287e+01
2.743999999999999773e+00,1.497500000000000000e+02,1.040000000000000000e+02
2.743999999999999773e+00,1.502500000000000000e+02,1.075555555555555571e+02
2.743999999999999773e+00,1.507500000000000000e+02,1.097777777777777857e+02
2.743999999999999773e+00,1.512500000000000000e+02,1.170000000000000142e+02
2.743999999999999773e+00,1.517500000000000000e+02,1.294444444444444571e+02
2.743999999999999773e+00,1.522500000000000000e+02,1.470000000000000284e+02
2.743999999999999773e+00,1.527500000000000000e+02,1.522222222222222570e+02
2.743999999999999773e+00,1.532500000000000000e+02,1.634444444444444571e+02
2.743999999999999773e+00,1.537500000000000000e+02,1.693333333333333428e+02
2.743999999999999773e+00,1.542500000000000000e+02,1.820000000000000000e+02
2.743999999999999773e+00,1.547500000000000000e+02,1.962222222222222570e+02
2.743999999999999773e+00,1.552500000000000000e+02,2.130000000000000284e+02
2.743999999999999773e+00,1.557500000000000000e+02,2.302222222222222570e+02
2.743999999999999773e+00,1.562500000000000000e+02,2.410000000000000000e+02
2.743999999999999773e+00,1.567500000000000000e+02,2.536666666666666572e+02
2.743999999999999773e+00,1.572500000000000000e+02,2.584444444444444571e+02
2.743999999999999773e+00,1.577500000000000000e+02,2.717777777777777715e+02
2.743999999999999773e+00,1.582500000000000000e+02,2.811111111111111427e+02
2.743999999999999773e+00,1.587500000000000000e+02,3.016666666666666856e+02
2.743999999999999773e+00,1.592500000000000000e+02,3.160000000000000000e+02
2.743999999999999773e+00,1.597500000000000000e+02,3.282222222222222285e+02
2.743999999999999773e+00,1.602500000000000000e+02,3.424444444444445139e+02
2.743999999999999773e+00,1.607500000000000000e+02,3.561111111111111427e+02
2.743999999999999773e+00,1.612500000000000000e+02,3.765555555555555998e+02
2.743999999999999773e+00,1.617500000000000000e+02,3.934444444444445139e+02
2.743999999999999773e+00,1.622500000000000000e+02,4.097777777777778283e+02
2.743999999999999773e+00,1.627500000000000000e+02,4.122222222222222285e+02
2.743999999999999773e+00,1.632500000000000000e+02,4.237777777777778283e+02
2.743999999999999773e+00,1.637500000000000000e+02,4.446666666666666856e+02
2.743999999999999773e+00,1.642500000000000000e+02,4.627777777777778283e+02
2.743999999999999773e+00,1.647500000000000000e+02,4.737777777777778283e+02
2.743999999999999773e+00,1.652500000000000000e+02,4.677777777777778283e+02
2.743999999999999773e+00,1.657500000000000000e+02,4.716666666666666856e+02
2.743999999999999773e+00,1.662500000000000000e+02,4.693333333333333144e+02
2.743999999999999773e+00,1.667500000000000000e+02,4.837777777777778283e+02
2.743999999999999773e+00,1.672500000000000000e+02,4.952222222222223422e+02
2.743999999999999773e+00,1.677500000000000000e+02,5.024444444444445708e+02
2.743999999999999773e+00,1.682500000000000000e+02,5.002222222222223422e+02
2.743999999999999773e+00,1.687500000000000000e+02,4.963333333333334281e+02
2.743999999999999773e+00,1.692500000000000000e+02,4.974444444444445139e+02
2.743999999999999773e+00,1.697500000000000000e+02,4.967777777777778283e+02
2.743999999999999773e+00,1.702500000000000000e+02,4.935555555555555998e+02
2.743999999999999773e+00,1.707500000000000000e+02,4.795555555555555998e+02
2.743999999999999773e+00,1.712500000000000000e+02,4.707777777777778283e+02
2.743999999999999773e+00,1.717500000000000000e+02,4.522222222222223422e+02
2.743999999999999773e+00,1.722500000000000000e+02,4.466666666666667993e+02
2.743999999999999773e+00,1.727500000000000000e+02,4.252222222222223422e+02
2.743999999999999773e+00,1.732500000000000000e+02,4.107777777777778283e+02
2.743999999999999773e+00,1.737500000000000000e+02,3.878888888888889142e+02
2.743999999999999773e+00,1.742500000000000000e+02,3.623333333333333144e+02
2.743999999999999773e+00,1.747500000000000000e+02,3.343333333333333144e+02
2.743999999999999773e+00,1.752500000000000000e+02,3.062222222222222285e+02
2.743999999999999773e+00,1.757500000000000000e+02,2.810000000000000000e+02
2.743999999999999773e+00,1.762500000000000000e+02,2.538888888888889142e+02
2.743999999999999773e+00,1.767500000000000000e+02,2.212222222222222570e+02
2.743999999999999773e+00,1.772500000000000000e+02,1.857777777777777999e+02
2.743999999999999773e+00,1.777500000000000000e+02,1.565555555555555713e+02
2.743999999999999773e+00,1.782500000000000000e+02,1.243333333333333712e+02
2.743999999999999773e+00,1.787500000000000000e+02,9.300000000000004263e+01
2.743999999999999773e+00,1.792500000000000000e+02,5.711111111111114269e+01
2.743999999999999773e+00,1.797500000000000000e+02,3.333333333333336412e+01
2.759999999999999787e+00,1.302500000000000000e+02,6.111111111111111605e+00
2.759999999999999787e+00,1.307500000000000000e+02,6.444444444444445530e+00
2.759999999999999787e+00,1.312500000000000000e+02,7.444444444444445530e+00
2.759999999999999787e+00,1.317500000000000000e+02,6.222222222222222321e+00
2.759999999999999787e+00,1.322500000000000000e+02,5.777777777777778567e+00
2.759999999999999787e+00,1.327500000000000000e+02,6.000000000000000000e+00
2.759999999999999787e+00,1.332500000000000000e+02,7.555555555555556246e+00
2.759999999999999787e+00,1.337500000000000000e+02,9.666666666666666075e+00
2.759999999999999787e+00,1.342500000000000000e+02,9.888888888888889284e+00
2.759999999999999787e+00,1.347500000000000000e+02,1.077777777777777857e+01
2.759999999999999787e+00,1.352500000000000000e+02,1.122222222222222321e+01
2.759999999999999787e+00,1.357500000000000000e+02,1.244444444444444464e+01
2.759999999999999787e+00,1.362500000000000000e+02,1.422222222222222321e+01
2.759999999999999787e+00,1.367500000000000000e+02,1.666666666666666785e+01
2.759999999999999787e+00,1.372500000000000000e+02,1.833333333333333570e+01
2.759999999999999787e+00,1.377500000000000000e+02,1.866666666666666785e+01
2.759999999999999787e+00,1.382500000000000000e+02,1.866666666666666785e+01
2.759999999999999787e+00,1.387500000000000000e+02,2.011111111111111427e+01
2.759999999999999787e+00,1.392500000000000000e+02,2.344444444444444642e+01
2.759999999999999787e+00,1.397500000000000000e+02,2.455555555555555713e+01
2.759999999999999787e+00,1.402500000000000000e+02,2.733333333333333215e+01
2.759999999999999787e+00,1.407500000000000000e+02,2.922222222222222499e+01
2.759999999999999787e+00,1.412500000000000000e+02,3.111111111111111427e+01
2.759999999999999787e+00,1.417500000000000000e+02,3.466666666666667140e+01
2.759999999999999787e+00,1.422500000000000000e+02,3.755555555555556424e+01
2.759999999999999787e+00,1.427500000000000000e+02,4.033333333333333570e+01
2.759999999999999787e+00,1.432500000000000000e+02,4.288888888888889284e+01
2.759999999999999787e+00,1.437500000000000000e+02,4.522222222222222854e+01
2.759999999999999787e+00,1.442500000000000000e+02,5.422222222222222854e+01
2.759999999999999787e+00,1.447500000000000000e+02,5.877777777777777857e+01
2.759999999999999787e+00,1.452500000000000000e+02,6.066666666666666430e+01
2.759999999999999787e+00,1.457500000000000000e+02,6.422222222222222854e+01
2.759999999999999787e+00,1.462500000000000000e+02,6.588888888888889994e+01
2.759999999999999787e+00,1.467500000000000000e+02,7.466666666666667140e+01
2.759999999999999787e+00,1.472500000000000000e+02,7.888888888888889994e+01
2.759999999999999787e+00,1.477500000000000000e+02,8.677777777777778567e+01
2.759999999999999787e+00,1.482500000000000000e+02,9.633333333333332860e+01
2.759999999999999787e+00,1.487500000000000000e+02,1.034444444444444571e+02
2.759999999999999787e+00,1.492500000000000000e+02,1.096666666666666856e+02
2.759999999999999787e+00,1.497500000000000000e+02,1.135555555555555856e+02
2.759999999999999787e+00,1.502500000000000000e+02,1.170000000000000142e+02
2.759999999999999787e+00,1.507500000000000000e+02,1.234444444444444571e+02
2.759999999999999787e+00,1.512500000000000000e+02,1.325555555555555713e+02
2.759999999999999787e+00,1.517500000000000000e+02,1.460000000000000284e+02
2.759999999999999787e+00,1.522500000000000000e+02,1.632222222222222570e+02
2.759999999999999787e+00,1.527500000000000000e+02,1.701111111111111143e+02
2.759999999999999787e+00,1.532500000000000000e+02,1.786666666666666572e+02
2.759999999999999787e+00,1.537500000000000000e+02,1.834444444444444571e+02
2.759999999999999787e+00,1.542500000000000000e+02,1.948888888888889142e+02
2.759999999999999787e+00,1.547500000000000000e+02,2.117777777777777999e+02
2.759999999999999787e+00,1.552500000000000000e+02,2.245555555555555713e+02
2.759999999999999787e+00,1.557500000000000000e+02,2.453333333333333712e+02
2.759999999999999787e+00,1.562500000000000000e+02,2.537777777777778283e+02
2.759999999999999787e+00,1.567500000000000000e+02,2.730000000000000568e+02
2.759999999999999787e+00,1.572500000000000000e+02,2.768888888888889142e+02
2.759999999999999787e+00,1.577500000000000000e+02,2.975555555555555998e+02
2.759999999999999787e+00,1.582500000000000000e+02,3.092222222222222285e+02
2.759999999999999787e+00,1.587500000000000000e+02,3.343333333333333712e+02
2.759999999999999787e+00,1.592500000000000000e+02,3.394444444444445139e+02
2.759999999999999787e+00,1.597500000000000000e+02,3.465555555555556566e+02
2.759999999999999787e+00,1.602500000000000000e+02,3.511111111111111427e+02
2.759999999999999787e+00,1.607500000000000000e+02,3.687777777777778283e+02
2.759999999999999787e+00,1.612500000000000000e+02,3.893333333333333144e+02
2.759999999999999787e+00,1.617500000000000000e+02,4.158888888888889142e+02
2.759999999999999787e+00,1.622500000000000000e+02,4.300000000000000000e+02
2.759999999999999787e+00,1.627500000000000000e+02,4.354444444444445139e+02
2.759999999999999787e+00,1.632500000000000000e+02,4.480000000000000568e+02
2.759999999999999787e+00,1.637500000000000000e+02,4.761111111111111427e+02
2.759999999999999787e+00,1.642500000000000000e+02,4.962222222222222285e+02
2.759999999999999787e+00,1.647500000000000000e+02,5.001111111111111427e+02
2.759999999999999787e+00,1.652500000000000000e+02,4.924444444444445139e+02
2.759999999999999787e+00,1.657500000000000000e+02,4.984444444444445139e+02
2.759999999999999787e+00,1.662500000000000000e+02,5.041111111111111427e+02
2.759999999999999787e+00,1.667500000000000000e+02,5.121111111111111995e+02
2.759999999999999787e+00,1.672500000000000000e+02,5.198888888888890278e+02
2.759999999999999787e+00,1.677500000000000000e+02,5.266666666666667425e+02
2.759999999999999787e+00,1.682500000000000000e+02,5.392222222222222854e+02
2.759999999999999787e+00,1.687500000000000000e+02,5.338888888888890278e+02
2.759999999999999787e+00,1.692500000000000000e+02,5.285555555555556566e+02
2.759999999999999787e+00,1.697500000000000000e+02,5.155555555555556566e+02
2.759999999999999787e+00,1.702500000000000000e+02,5.097777777777778851e+02
2.759999999999999787e+00,1.707500000000000000e+02,4.972222222222223422e+02
2.759999999999999787e+00,1.712500000000000000e+02,4.871111111111112564e+02
2.759999999999999787e+00,1.717500000000000000e+02,4.750000000000001705e+02
2.759999999999999787e+00,1.722500000000000000e+02,4.677777777777778851e+02
2.759999999999999787e+00,1.727500000000000000e+02,4.517777777777778851e+02
2.759999999999999787e+00,1.732500000000000000e+02,4.325555555555556566e+02
2.759999999999999787e+00,1.737500000000000000e+02,4.051111111111112564e+02
2.759999999999999787e+00,1.742500000000000000e+02,3.778888888888889710e+02
2.759999999999999787e+00,1.747500000000000000e+02,3.501111111111112564e+02
2.759999999999999787e+00,1.752500000000000000e+02,3.171111111111112564e+02
2.759999999999999787e+00,1.757500000000000000e+02,2.861111111111112564e+02
2.759999999999999787e+00,1.762500000000000000e+02,2.590000000000001137e+02
2.759999999999999787e+00,1.767500000000000000e+02,2.325555555555556566e+02
2.759999999999999787e+00,1.772500000000000000e+02,1.983333333333333997e+02
2.759999999999999787e+00,1.777500000000000000e+02,1.658888888888889426e+02
2.759999999999999787e+00,1.782500000000000000e+02,1.325555555555556282e+02
2.759999999999999787e+00,1.787500000000000000e+02,9.877777777777782831e+01
2.759999999999999787e+00,1.792500000000000000e+02,5.811111111111116401e+01
2.759999999999999787e+00,1.797500000000000000e+02,3.088888888888893902e+01
2.775999999999999801e+00,1.302500000000000000e+02,8.333333333333333925e+00
2.775999999999999801e+00,1.307500000000000000e+02,8.000000000000000000e+00
2.775999999999999801e+00,1.312500000000000000e+02,8.555555555555555358e+00
2.775999999999999801e+00,1.317500000000000000e+02,7.222222222222222321e+00
2.775999999999999801e+00,1.322500000000000000e+02,7.333333333333333037e+00
2.775999999999999801e+00,1.327500000000000000e+02,8.222222222222221433e+00
2.775999999999999801e+00,1.332500000000000000e+02,1.055555555555555536e+01
2.775999999999999801e+00,1.337500000000000000e+02,1.244444444444444287e+01
2.775999999999999801e+00,1.342500000000000000e+02,1.233333333333333393e+01
2.775999999999999801e+00,1.347500000000000000e+02,1.333333333333333393e+01
2.775999999999999801e+00,1.352500000000000000e+02,1.477777777777777857e+01
2.775999999999999801e+00,1.357500000000000000e+02,1.600000000000000000e+01
2.775999999999999801e+00,1.362500000000000000e+02,1.688888888888888928e+01
2.775999999999999801e+00,1.367500000000000000e+02,1.733333333333333215e+01
2.775999999999999801e+00,1.372500000000000000e+02,1.933333333333333215e+01
2.775999999999999801e+00,1.377500000000000000e+02,1.911111111111111072e+01
2.775999999999999801e+00,1.382500000000000000e+02,2.133333333333333215e+01
2.775999999999999801e+00,1.387500000000000000e+02,2.322222222222222499e+01
2.775999999999999801e+00,1.392500000000000000e+02,2.766666666666666785e+01
2.775999999999999801e+00,1.397500000000000000e+02,3.011111111111111072e+01
2.775999999999999801e+00,1.402500000000000000e+02,3.188888888888888573e+01
2.775999999999999801e+00,1.407500000000000000e+02,3.244444444444444287e+01
2.775999999999999801e+00,1.412500000000000000e+02,3.300000000000000000e+01
2.775999999999999801e+00,1.417500000000000000e+02,3.688888888888888573e+01
2.775999999999999801e+00,1.422500000000000000e+02,4.022222222222222143e+01
2.775999999999999801e+00,1.427500000000000000e+02,4.355555555555555003e+01
2.775999999999999801e+00,1.432500000000000000e+02,4.744444444444443576e+01
2.775999999999999801e+00,1.437500000000000000e+02,4.977777777777777146e+01
2.775999999999999801e+00,1.442500000000000000e+02,5.622222222222222143e+01
2.775999999999999801e+00,1.447500000000000000e+02,6.155555555555555003e+01
2.775999999999999801e+00,1.452500000000000000e+02,6.500000000000000000e+01
2.775999999999999801e+00,1.457500000000000000e+02,6.922222222222222854e+01
2.775999999999999801e+00,1.462500000000000000e+02,7.200000000000001421e+01
2.775999999999999801e+00,1.467500000000000000e+02,8.233333333333334281e+01
2.775999999999999801e+00,1.472500000000000000e+02,9.011111111111112848e+01
2.775999999999999801e+00,1.477500000000000000e+02,9.800000000000000000e+01
2.775999999999999801e+00,1.482500000000000000e+02,1.056666666666666714e+02
2.775999999999999801e+00,1.487500000000000000e+02,1.134444444444444429e+02
2.775999999999999801e+00,1.492500000000000000e+02,1.172222222222222143e+02
2.775999999999999801e+00,1.497500000000000000e+02,1.264444444444444429e+02
2.775999999999999801e+00,1.502500000000000000e+02,1.282222222222222001e+02
2.775999999999999801e+00,1.507500000000000000e+02,1.369999999999999716e+02
2.775999999999999801e+00,1.512500000000000000e+02,1.428888888888888857e+02
2.775999999999999801e+00,1.517500000000000000e+02,1.574444444444444287e+02
2.775999999999999801e+00,1.522500000000000000e+02,1.720000000000000000e+02
2.775999999999999801e+00,1.527500000000000000e+02,1.820000000000000000e+02
2.775999999999999801e+00,1.532500000000000000e+02,1.902222222222222001e+02
2.775999999999999801e+00,1.537500000000000000e+02,1.996666666666666572e+02
2.775999999999999801e+00,1.542500000000000000e+02,2.095555555555555429e+02
2.775999999999999801e+00,1.547500000000000000e+02,2.287777777777777430e+02
2.775999999999999801e+00,1.552500000000000000e+02,2.407777777777777430e+02
2.775999999999999801e+00,1.557500000000000000e+02,2.595555555555555429e+02
2.775999999999999801e+00,1.562500000000000000e+02,2.697777777777777715e+02
2.775999999999999801e+00,1.567500000000000000e+02,2.890000000000000000e+02
2.775999999999999801e+00,1.572500000000000000e+02,3.042222222222222285e+02
2.775999999999999801e+00,1.577500000000000000e+02,3.242222222222222285e+02
2.775999999999999801e+00,1.582500000000000000e+02,3.407777777777777715e+02
2.775999999999999801e+00,1.587500000000000000e+02,3.582222222222222285e+02
2.775999999999999801e+00,1.592500000000000000e+02,3.654444444444445139e+02
2.775999999999999801e+00,1.597500000000000000e+02,3.680000000000000568e+02
2.775999999999999801e+00,1.602500000000000000e+02,3.734444444444445139e+02
2.775999999999999801e+00,1.607500000000000000e+02,3.892222222222222285e+02
2.775999999999999801e+00,1.612500000000000000e+02,4.150000000000000000e+02
2.775999999999999801e+00,1.617500000000000000e+02,4.372222222222222285e+02
2.775999999999999801e+00,1.622500000000000000e+02,4.476666666666666856e+02
2.775999999999999801e+00,1.627500000000000000e+02,4.518888888888889142e+02
2.775999999999999801e+00,1.632500000000000000e+02,4.637777777777778283e+02
2.775999999999999801e+00,1.637500000000000000e+02,4.948888888888889142e+02
2.775999999999999801e+00,1.642500000000000000e+02,5.127777777777778283e+02
2.775999999999999801e+00,1.647500000000000000e+02,5.228888888888889142e+02
2.775999999999999801e+00,1.652500000000000000e+02,5.161111111111111995e+02
2.775999999999999801e+00,1.657500000000000000e+02,5.256666666666667425e+02
2.775999999999999801e+00,1.662500000000000000e+02,5.321111111111111995e+02
2.775999999999999801e+00,1.667500000000000000e+02,5.348888888888890278e+02
2.775999999999999801e+00,1.672500000000000000e+02,5.327777777777778283e+02
2.775999999999999801e+00,1.677500000000000000e+02,5.342222222222222854e+02
2.775999999999999801e+00,1.682500000000000000e+02,5.527777777777778283e+02
2.775999999999999801e+00,1.687500000000000000e+02,5.541111111111111995e+02
2.775999999999999801e+00,1.692500000000000000e+02,5.442222222222222854e+02
2.775999999999999801e+00,1.697500000000000000e+02,5.253333333333334849e+02
2.775999999999999801e+00,1.702500000000000000e+02,5.188888888888890278e+02
2.775999999999999801e+00,1.707500000000000000e+02,5.160000000000001137e+02
2.775999999999999801e+00,1.712500000000000000e+02,5.096666666666667425e+02
2.775999999999999801e+00,1.717500000000000000e+02,5.034444444444445139e+02
2.775999999999999801e+00,1.722500000000000000e+02,4.911111111111111427e+02
2.775999999999999801e+00,1.727500000000000000e+02,4.783333333333334281e+02
2.775999999999999801e+00,1.732500000000000000e+02,4.561111111111111427e+02
2.775999999999999801e+00,1.737500000000000000e+02,4.213333333333334281e+02
2.775999999999999801e+00,1.742500000000000000e+02,3.908888888888889710e+02
2.775999999999999801e+00,1.747500000000000000e+02,3.575555555555556566e+02
2.775999999999999801e+00,1.752500000000000000e+02,3.383333333333334281e+02
2.775999999999999801e+00,1.757500000000000000e+02,3.070000000000000568e+02
2.775999999999999801e+00,1.762500000000000000e+02,2.813333333333334281e+02
2.775999999999999801e+00,1.767500000000000000e+02,2.494444444444445423e+02
2.775999999999999801e+00,1.772500000000000000e+02,2.131111111111111995e+02
2.775999999999999801e+00,1.777500000000000000e+02,1.748888888888889994e+02
2.775999999999999801e+00,1.782500000000000000e+02,1.373333333333334565e+02
2.775999999999999801e+00,1.787500000000000000e+02,1.002222222222223280e+02
2.775999999999999801e+00,1.792500000000000000e+02,6.011111111111122085e+01
2.775999999999999801e+00,1.797500000000000000e+02,3.222222222222232801e+01
2.791999999999999815e+00,1.302500000000000000e+02,8.000000000000000000e+00
2.791999999999999815e+00,1.307500000000000000e+02,8.111111111111110716e+00
2.791999999999999815e+00,1.312500000000000000e+02,8.333333333333333925e+00
2.791999999999999815e+00,1.317500000000000000e+02,8.000000000000000000e+00
2.791999999999999815e+00,1.322500000000000000e+02,8.666666666666666075e+00
2.791999999999999815e+00,1.327500000000000000e+02,1.100000000000000000e+01
2.791999999999999815e+00,1.332500000000000000e+02,1.377777777777777679e+01
2.791999999999999815e+00,1.337500000000000000e+02,1.488888888888888573e+01
2.791999999999999815e+00,1.342500000000000000e+02,1.511111111111110894e+01
2.791999999999999815e+00,1.347500000000000000e+02,1.555555555555555536e+01
2.791999999999999815e+00,1.352500000000000000e+02,1.788888888888888928e+01
2.791999999999999815e+00,1.357500000000000000e+02,1.888888888888888928e+01
2.791999999999999815e+00,1.362500000000000000e+02,1.966666666666666785e+01
2.791999999999999815e+00,1.367500000000000000e+02,1.933333333333333215e+01
2.791999999999999815e+00,1.372500000000000000e+02,2.111111111111111072e+01
2.791999999999999815e+00,1.377500000000000000e+02,2.244444444444444642e+01
2.791999999999999815e+00,1.382500000000000000e+02,2.500000000000000000e+01
2.791999999999999815e+00,1.387500000000000000e+02,2.633333333333333215e+01
2.791999999999999815e+00,1.392500000000000000e+02,2.866666666666666785e+01
2.791999999999999815e+00,1.397500000000000000e+02,3.022222222222222499e+01
2.791999999999999815e+00,1.402500000000000000e+02,3.255555555555555713e+01
2.791999999999999815e+00,1.407500000000000000e+02,3.311111111111111427e+01
2.791999999999999815e+00,1.412500000000000000e+02,3.755555555555556424e+01
2.791999999999999815e+00,1.417500000000000000e+02,4.211111111111112137e+01
2.791999999999999815e+00,1.422500000000000000e+02,4.822222222222222854e+01
2.791999999999999815e+00,1.427500000000000000e+02,5.133333333333333570e+01
2.791999999999999815e+00,1.432500000000000000e+02,5.400000000000000000e+01
2.791999999999999815e+00,1.437500000000000000e+02,5.688888888888888573e+01
2.791999999999999815e+00,1.442500000000000000e+02,6.044444444444443576e+01
2.791999999999999815e+00,1.447500000000000000e+02,6.711111111111110006e+01
2.791999999999999815e+00,1.452500000000000000e+02,6.999999999999998579e+01
2.791999999999999815e+00,1.457500000000000000e+02,7.688888888888887152e+01
2.791999999999999815e+00,1.462500000000000000e+02,7.999999999999998579e+01
2.791999999999999815e+00,1.467500000000000000e+02,8.811111111111110006e+01
2.791999999999999815e+00,1.472500000000000000e+02,9.233333333333332860e+01
2.791999999999999815e+00,1.477500000000000000e+02,1.008888888888888715e+02
2.791999999999999815e+00,1.482500000000000000e+02,1.094444444444444144e+02
2.791999999999999815e+00,1.487500000000000000e+02,1.194444444444444144e+02
2.791999999999999815e+00,1.492500000000000000e+02,1.254444444444444144e+02
2.791999999999999815e+00,1.497500000000000000e+02,1.362222222222222001e+02
2.791999999999999815e+00,1.502500000000000000e+02,1.408888888888888573e+02
2.791999999999999815e+00,1.507500000000000000e+02,1.515555555555555145e+02
2.791999999999999815e+00,1.512500000000000000e+02,1.584444444444444287e+02
2.791999999999999815e+00,1.517500000000000000e+02,1.721111111111110858e+02
2.791999999999999815e+00,1.522500000000000000e+02,1.839999999999999716e+02
2.791999999999999815e+00,1.527500000000000000e+02,1.946666666666666288e+02
2.791999999999999815e+00,1.532500000000000000e+02,2.017777777777777430e+02
2.791999999999999815e+00,1.537500000000000000e+02,2.117777777777777430e+02
2.791999999999999815e+00,1.542500000000000000e+02,2.193333333333332860e+02
2.791999999999999815e+00,1.547500000000000000e+02,2.389999999999999716e+02
2.791999999999999815e+00,1.552500000000000000e+02,2.499999999999999716e+02
2.791999999999999815e+00,1.557500000000000000e+02,2.654444444444444002e+02
2.791999999999999815e+00,1.562500000000000000e+02,2.723333333333333144e+02
2.791999999999999815e+00,1.567500000000000000e+02,2.898888888888889142e+02
2.791999999999999815e+00,1.572500000000000000e+02,3.157777777777778283e+02
2.791999999999999815e+00,1.577500000000000000e+02,3.357777777777778283e+02
2.791999999999999815e+00,1.582500000000000000e+02,3.556666666666666856e+02
2.791999999999999815e+00,1.587500000000000000e+02,3.653333333333333144e+02
2.791999999999999815e+00,1.592500000000000000e+02,3.732222222222221717e+02
2.791999999999999815e+00,1.597500000000000000e+02,3.755555555555554861e+02
2.791999999999999815e+00,1.602500000000000000e+02,3.837777777777777715e+02
2.791999999999999815e+00,1.607500000000000000e+02,4.023333333333333144e+02
2.791999999999999815e+00,1.612500000000000000e+02,4.220000000000000000e+02
2.791999999999999815e+00,1.617500000000000000e+02,4.457777777777777715e+02
2.791999999999999815e+00,1.622500000000000000e+02,4.618888888888888573e+02
2.791999999999999815e+00,1.627500000000000000e+02,4.823333333333333144e+02
2.791999999999999815e+00,1.632500000000000000e+02,4.892222222222222285e+02
2.791999999999999815e+00,1.637500000000000000e+02,5.127777777777778283e+02
2.791999999999999815e+00,1.642500000000000000e+02,5.254444444444444571e+02
2.791999999999999815e+00,1.647500000000000000e+02,5.366666666666667425e+02
2.791999999999999815e+00,1.652500000000000000e+02,5.332222222222222854e+02
2.791999999999999815e+00,1.657500000000000000e+02,5.431111111111111995e+02
2.791999999999999815e+00,1.662500000000000000e+02,5.565555555555556566e+02
2.791999999999999815e+00,1.667500000000000000e+02,5.604444444444445708e+02
2.791999999999999815e+00,1.672500000000000000e+02,5.581111111111111995e+02
2.791999999999999815e+00,1.677500000000000000e+02,5.621111111111111995e+02
2.791999999999999815e+00,1.682500000000000000e+02,5.800000000000001137e+02
2.791999999999999815e+00,1.687500000000000000e+02,5.740000000000001137e+02
2.791999999999999815e+00,1.692500000000000000e+02,5.615555555555557703e+02
2.791999999999999815e+00,1.697500000000000000e+02,5.437777777777779420e+02
2.791999999999999815e+00,1.702500000000000000e+02,5.458888888888890278e+02
2.791999999999999815e+00,1.707500000000000000e+02,5.448888888888890278e+02
2.791999999999999815e+00,1.712500000000000000e+02,5.312222222222223991e+02
2.791999999999999815e+00,1.717500000000000000e+02,5.194444444444446844e+02
2.791999999999999815e+00,1.722500000000000000e+02,4.951111111111113132e+02
2.791999999999999815e+00,1.727500000000000000e+02,4.825555555555557135e+02
2.791999999999999815e+00,1.732500000000000000e+02,4.570000000000001705e+02
2.791999999999999815e+00,1.737500000000000000e+02,4.324444444444446276e+02
2.791999999999999815e+00,1.742500000000000000e+02,4.060000000000002274e+02
2.791999999999999815e+00,1.747500000000000000e+02,3.728888888888891415e+02
2.791999999999999815e+00,1.752500000000000000e+02,3.477777777777779988e+02
2.791999999999999815e+00,1.757500000000000000e+02,3.165555555555557135e+02
2.791999999999999815e+00,1.762500000000000000e+02,2.912222222222223991e+02
2.791999999999999815e+00,1.767500000000000000e+02,2.547777777777779704e+02
2.791999999999999815e+00,1.772500000000000000e+02,2.156666666666668561e+02
2.791999999999999815e+00,1.777500000000000000e+02,1.734444444444446560e+02
2.791999999999999815e+00,1.782500000000000000e+02,1.381111111111113132e+02
2.791999999999999815e+00,1.787500000000000000e+02,1.010000000000002132e+02
2.791999999999999815e+00,1.792500000000000000e+02,6.133333333333354176e+01
2.791999999999999815e+00,1.797500000000000000e+02,3.155555555555576674e+01
2.807999999999999829e+00,1.302500000000000000e+02,8.111111111111112493e+00
2.807999999999999829e+00,1.307500000000000000e+02,8.888888888888889284e+00
2.807999999999999829e+00,1.312500000000000000e+02,9.222222222222223209e+00
2.807999999999999829e+00,1.317500000000000000e+02,9.222222222222223209e+00
2.807999999999999829e+00,1.322500000000000000e+02,9.666666666666666075e+00
2.807999999999999829e+00,1.327500000000000000e+02,1.177777777777777857e+01
2.807999999999999829e+00,1.332500000000000000e+02,1.500000000000000000e+01
2.807999999999999829e+00,1.337500000000000000e+02,1.511111111111110894e+01
2.807999999999999829e+00,1.342500000000000000e+02,1.633333333333333215e+01
2.807999999999999829e+00,1.347500000000000000e+02,1.688888888888888928e+01
2.807999999999999829e+00,1.352500000000000000e+02,2.133333333333333215e+01
2.807999999999999829e+00,1.357500000000000000e+02,2.111111111111111072e+01
2.807999999999999829e+00,1.362500000000000000e+02,2.077777777777777501e+01
2.807999999999999829e+00,1.367500000000000000e+02,1.900000000000000000e+01
2.807999999999999829e+00,1.372500000000000000e+02,2.200000000000000000e+01
2.807999999999999829e+00,1.377500000000000000e+02,2.466666666666666785e+01
2.807999999999999829e+00,1.382500000000000000e+02,2.888888888888888928e+01
2.807999999999999829e+00,1.387500000000000000e+02,3.000000000000000000e+01
2.807999999999999829e+00,1.392500000000000000e+02,3.288888888888889284e+01
2.807999999999999829e+00,1.397500000000000000e+02,3.377777777777777857e+01
2.807999999999999829e+00,1.402500000000000000e+02,3.588888888888889284e+01
2.807999999999999829e+00,1.407500000000000000e+02,3.866666666666666430e+01
2.807999999999999829e+00,1.412500000000000000e+02,4.255555555555555003e+01
2.807999999999999829e+00,1.417500000000000000e+02,4.744444444444443576e+01
2.807999999999999829e+00,1.422500000000000000e+02,5.233333333333332149e+01
2.807999999999999829e+00,1.427500000000000000e+02,5.566666666666665719e+01
2.807999999999999829e+00,1.432500000000000000e+02,5.988888888888887863e+01
2.807999999999999829e+00,1.437500000000000000e+02,6.188888888888887863e+01
2.807999999999999829e+00,1.442500000000000000e+02,6.444444444444442865e+01
2.807999999999999829e+00,1.447500000000000000e+02,6.888888888888887152e+01
2.807999999999999829e+00,1.452500000000000000e+02,7.288888888888887152e+01
2.807999999999999829e+00,1.457500000000000000e+02,7.899999999999998579e+01
2.807999999999999829e+00,1.462500000000000000e+02,8.411111111111110006e+01
2.807999999999999829e+00,1.467500000000000000e+02,9.211111111111110006e+01
2.807999999999999829e+00,1.472500000000000000e+02,1.008888888888888715e+02
2.807999999999999829e+00,1.477500000000000000e+02,1.091111111111110858e+02
2.807999999999999829e+00,1.482500000000000000e+02,1.148888888888888573e+02
2.807999999999999829e+00,1.487500000000000000e+02,1.232222222222221859e+02
2.807999999999999829e+00,1.492500000000000000e+02,1.307777777777777430e+02
2.807999999999999829e+00,1.497500000000000000e+02,1.452222222222222001e+02
2.807999999999999829e+00,1.502500000000000000e+02,1.492222222222222001e+02
2.807999999999999829e+00,1.507500000000000000e+02,1.573333333333332860e+02
2.807999999999999829e+00,1.512500000000000000e+02,1.613333333333332860e+02
2.807999999999999829e+00,1.517500000000000000e+02,1.741111111111110858e+02
2.807999999999999829e+00,1.522500000000000000e+02,1.828888888888888289e+02
2.807999999999999829e+00,1.527500000000000000e+02,1.995555555555555145e+02
2.807999999999999829e+00,1.532500000000000000e+02,2.094444444444443718e+02
2.807999999999999829e+00,1.537500000000000000e+02,2.248888888888888289e+02
2.807999999999999829e+00,1.542500000000000000e+02,2.327777777777777430e+02
2.807999999999999829e+00,1.547500000000000000e+02,2.525555555555555145e+02
2.807999999999999829e+00,1.552500000000000000e+02,2.689999999999999432e+02
2.807999999999999829e+00,1.557500000000000000e+02,2.786666666666665719e+02
2.807999999999999829e+00,1.562500000000000000e+02,2.895555555555554861e+02
2.807999999999999829e+00,1.567500000000000000e+02,2.993333333333333144e+02
2.807999999999999829e+00,1.572500000000000000e+02,3.248888888888888573e+02
2.807999999999999829e+00,1.577500000000000000e+02,3.424444444444444002e+02
2.807999999999999829e+00,1.582500000000000000e+02,3.644444444444444002e+02
2.807999999999999829e+00,1.587500000000000000e+02,3.735555555555554861e+02
2.807999999999999829e+00,1.592500000000000000e+02,3.836666666666665719e+02
2.807999999999999829e+00,1.597500000000000000e+02,3.881111111111110290e+02
2.807999999999999829e+00,1.602500000000000000e+02,4.057777777777776578e+02
2.807999999999999829e+00,1.607500000000000000e+02,4.242222222222221149e+02
2.807999999999999829e+00,1.612500000000000000e+02,4.432222222222221149e+02
2.807999999999999829e+00,1.617500000000000000e+02,4.609999999999998295e+02
2.807999999999999829e+00,1.622500000000000000e+02,4.766666666666665151e+02
2.807999999999999829e+00,1.627500000000000000e+02,4.991111111111110290e+02
2.807999999999999829e+00,1.632500000000000000e+02,5.009999999999998295e+02
2.807999999999999829e+00,1.637500000000000000e+02,5.125555555555554292e+02
2.807999999999999829e+00,1.642500000000000000e+02,5.212222222222220580e+02
2.807999999999999829e+00,1.647500000000000000e+02,5.416666666666665151e+02
2.807999999999999829e+00,1.652500000000000000e+02,5.445555555555553156e+02
2.807999999999999829e+00,1.657500000000000000e+02,5.534444444444442297e+02
2.807999999999999829e+00,1.662500000000000000e+02,5.592222222222220580e+02
2.807999999999999829e+00,1.667500000000000000e+02,5.754444444444442297e+02
2.807999999999999829e+00,1.672500000000000000e+02,5.752222222222220580e+02
2.807999999999999829e+00,1.677500000000000000e+02,5.755555555555553156e+02
2.807999999999999829e+00,1.682500000000000000e+02,5.802222222222220580e+02
2.807999999999999829e+00,1.687500000000000000e+02,5.771111111111108585e+02
2.807999999999999829e+00,1.692500000000000000e+02,5.733333333333330302e+02
2.807999999999999829e+00,1.697500000000000000e+02,5.521111111111107448e+02
2.807999999999999829e+00,1.702500000000000000e+02,5.506666666666664014e+02
2.807999999999999829e+00,1.707500000000000000e+02,5.457777777777774872e+02
2.807999999999999829e+00,1.712500000000000000e+02,5.357777777777774872e+02
2.807999999999999829e+00,1.717500000000000000e+02,5.204444444444442297e+02
2.807999999999999829e+00,1.722500000000000000e+02,4.893333333333330870e+02
2.807999999999999829e+00,1.727500000000000000e+02,4.743333333333330870e+02
2.807999999999999829e+00,1.732500000000000000e+02,4.532222222222220012e+02
2.807999999999999829e+00,1.737500000000000000e+02,4.393333333333330870e+02
2.807999999999999829e+00,1.742500000000000000e+02,4.159999999999997726e+02
2.807999999999999829e+00,1.747500000000000000e+02,3.851111111111108585e+02
2.807999999999999829e+00,1.752500000000000000e+02,3.584444444444441729e+02
2.807999999999999829e+00,1.757500000000000000e+02,3.269999999999997158e+02
2.807999999999999829e+00,1.762500000000000000e+02,2.956666666666664014e+02
2.807999999999999829e+00,1.767500000000000000e+02,2.586666666666664014e+02
2.807999999999999829e+00,1.772500000000000000e+02,2.218888888888886015e+02
2.807999999999999829e+00,1.777500000000000000e+02,1.772222222222219443e+02
2.807999999999999829e+00,1.782500000000000000e+02,1.375555555555552871e+02
2.807999999999999829e+00,1.787500000000000000e+02,9.766666666666638719e+01
2.807999999999999829e+00,1.792500000000000000e+02,6.122222222222193722e+01
2.807999999999999829e+00,1.797500000000000000e+02,3.366666666666638008e+01
2.823999999999999844e+00,1.302500000000000000e+02,7.666666666666666963e+00
2.823999999999999844e+00,1.307500000000000000e+02,1.133333333333333393e+01
2.823999999999999844e+00,1.312500000000000000e+02,1.300000000000000000e+01
2.823999999999999844e+00,1.317500000000000000e+02,1.377777777777777679e+01
2.823999999999999844e+00,1.322500000000000000e+02,1.222222222222222143e+01
2.823999999999999844e+00,1.327500000000000000e+02,1.377777777777777679e+01
2.823999999999999844e+00,1.332500000000000000e+02,1.566666666666666430e+01
2.823999999999999844e+00,1.337500000000000000e+02,1.544444444444444287e+01
2.823999999999999844e+00,1.342500000000000000e+02,1.666666666666666785e+01
2.823999999999999844e+00,1.347500000000000000e+02,1.855555555555555713e+01
2.823999999999999844e+00,1.352500000000000000e+02,2.211111111111111427e+01
2.823999999999999844e+00,1.357500000000000000e+02,2.133333333333333215e+01
2.823999999999999844e+00,1.362500000000000000e+02,2.077777777777777501e+01
2.823999999999999844e+00,1.367500000000000000e+02,2.044444444444444287e+01
2.823999999999999844e+00,1.372500000000000000e+02,2.322222222222221788e+01
2.823999999999999844e+00,1.377500000000000000e+02,2.677777777777777501e+01
2.823999999999999844e+00,1.382500000000000000e+02,3.066666666666666785e+01
2.823999999999999844e+00,1.387500000000000000e+02,3.288888888888889284e+01
2.823999999999999844e+00,1.392500000000000000e+02,3.700000000000000000e+01
2.823999999999999844e+00,1.397500000000000000e+02,3.766666666666666430e+01
2.823999999999999844e+00,1.402500000000000000e+02,4.000000000000000000e+01
2.823999999999999844e+00,1.407500000000000000e+02,4.177777777777777857e+01
2.823999999999999844e+00,1.412500000000000000e+02,4.677777777777777146e+01
2.823999999999999844e+00,1.417500000000000000e+02,5.166666666666665719e+01
2.823999999999999844e+00,1.422500000000000000e+02,5.699999999999999289e+01
2.823999999999999844e+00,1.427500000000000000e+02,6.155555555555554292e+01
2.823999999999999844e+00,1.432500000000000000e+02,6.888888888888887152e+01
2.823999999999999844e+00,1.437500000000000000e+02,7.088888888888887152e+01
2.823999999999999844e+00,1.442500000000000000e+02,7.177777777777777146e+01
2.823999999999999844e+00,1.447500000000000000e+02,7.200000000000000000e+01
2.823999999999999844e+00,1.452500000000000000e+02,7.500000000000000000e+01
2.823999999999999844e+00,1.457500000000000000e+02,8.277777777777777146e+01
2.823999999999999844e+00,1.462500000000000000e+02,8.755555555555554292e+01
2.823999999999999844e+00,1.467500000000000000e+02,9.511111111111108585e+01
2.823999999999999844e+00,1.472500000000000000e+02,1.024444444444444144e+02
2.823999999999999844e+00,1.477500000000000000e+02,1.132222222222221859e+02
2.823999999999999844e+00,1.482500000000000000e+02,1.213333333333333002e+02
2.823999999999999844e+00,1.487500000000000000e+02,1.295555555555555145e+02
2.823999999999999844e+00,1.492500000000000000e+02,1.358888888888888289e+02
2.823999999999999844e+00,1.497500000000000000e+02,1.473333333333332860e+02
2.823999999999999844e+00,1.502500000000000000e+02,1.536666666666666003e+02
2.823999999999999844e+00,1.507500000000000000e+02,1.648888888888888289e+02
2.823999999999999844e+00,1.512500000000000000e+02,1.657777777777777146e+02
2.823999999999999844e+00,1.517500000000000000e+02,1.791111111111110574e+02
2.823999999999999844e+00,1.522500000000000000e+02,1.872222222222221717e+02
2.823999999999999844e+00,1.527500000000000000e+02,2.073333333333332860e+02
2.823999999999999844e+00,1.532500000000000000e+02,2.163333333333332860e+02
2.823999999999999844e+00,1.537500000000000000e+02,2.329999999999999716e+02
2.823999999999999844e+00,1.542500000000000000e+02,2.415555555555555145e+02
2.823999999999999844e+00,1.547500000000000000e+02,2.583333333333333144e+02
2.823999999999999844e+00,1.552500000000000000e+02,2.701111111111110858e+02
2.823999999999999844e+00,1.557500000000000000e+02,2.829999999999999432e+02
2.823999999999999844e+00,1.562500000000000000e+02,2.953333333333333144e+02
2.823999999999999844e+00,1.567500000000000000e+02,3.048888888888888573e+02
2.823999999999999844e+00,1.572500000000000000e+02,3.223333333333333144e+02
2.823999999999999844e+00,1.577500000000000000e+02,3.444444444444444002e+02
2.823999999999999844e+00,1.582500000000000000e+02,3.736666666666666856e+02
2.823999999999999844e+00,1.587500000000000000e+02,3.870000000000000000e+02
2.823999999999999844e+00,1.592500000000000000e+02,3.910000000000000000e+02
2.823999999999999844e+00,1.597500000000000000e+02,3.896666666666666856e+02
2.823999999999999844e+00,1.602500000000000000e+02,4.105555555555554861e+02
2.823999999999999844e+00,1.607500000000000000e+02,4.324444444444444002e+02
2.823999999999999844e+00,1.612500000000000000e+02,4.511111111111110858e+02
2.823999999999999844e+00,1.617500000000000000e+02,4.635555555555554861e+02
2.823999999999999844e+00,1.622500000000000000e+02,4.797777777777777715e+02
2.823999999999999844e+00,1.627500000000000000e+02,5.032222222222221717e+02
2.823999999999999844e+00,1.632500000000000000e+02,5.127777777777777146e+02
2.823999999999999844e+00,1.637500000000000000e+02,5.201111111111109722e+02
2.823999999999999844e+00,1.642500000000000000e+02,5.294444444444443434e+02
2.823999999999999844e+00,1.647500000000000000e+02,5.469999999999998863e+02
2.823999999999999844e+00,1.652500000000000000e+02,5.592222222222221717e+02
2.823999999999999844e+00,1.657500000000000000e+02,5.658888888888888005e+02
2.823999999999999844e+00,1.662500000000000000e+02,5.681111111111109722e+02
2.823999999999999844e+00,1.667500000000000000e+02,5.794444444444443434e+02
2.823999999999999844e+00,1.672500000000000000e+02,5.822222222222220580e+02
2.823999999999999844e+00,1.677500000000000000e+02,5.823333333333331439e+02
2.823999999999999844e+00,1.682500000000000000e+02,5.786666666666665151e+02
2.823999999999999844e+00,1.687500000000000000e+02,5.749999999999998863e+02
2.823999999999999844e+00,1.692500000000000000e+02,5.744444444444443434e+02
2.823999999999999844e+00,1.697500000000000000e+02,5.596666666666665151e+02
2.823999999999999844e+00,1.702500000000000000e+02,5.485555555555554292e+02
2.823999999999999844e+00,1.707500000000000000e+02,5.401111111111109722e+02
2.823999999999999844e+00,1.712500000000000000e+02,5.245555555555554292e+02
2.823999999999999844e+00,1.717500000000000000e+02,5.063333333333332007e+02
2.823999999999999844e+00,1.722500000000000000e+02,4.731111111111109153e+02
2.823999999999999844e+00,1.727500000000000000e+02,4.561111111111109153e+02
2.823999999999999844e+00,1.732500000000000000e+02,4.411111111111109153e+02
2.823999999999999844e+00,1.737500000000000000e+02,4.351111111111109153e+02
2.823999999999999844e+00,1.742500000000000000e+02,4.135555555555553724e+02
2.823999999999999844e+00,1.747500000000000000e+02,3.861111111111108585e+02
2.823999999999999844e+00,1.752500000000000000e+02,3.452222222222220012e+02
2.823999999999999844e+00,1.757500000000000000e+02,3.146666666666664582e+02
2.823999999999999844e+00,1.762500000000000000e+02,2.846666666666664582e+02
2.823999999999999844e+00,1.767500000000000000e+02,2.515555555555553156e+02
2.823999999999999844e+00,1.772500000000000000e+02,2.127777777777775157e+02
2.823999999999999844e+00,1.777500000000000000e+02,1.657777777777775157e+02
2.823999999999999844e+00,1.782500000000000000e+02,1.326666666666664014e+02
2.823999999999999844e+00,1.787500000000000000e+02,9.755555555555530134e+01
2.823999999999999844e+00,1.792500000000000000e+02,6.255555555555529423e+01
2.823999999999999844e+00,1.797500000000000000e+02,3.466666666666640850e+01
2.839999999999999858e+00,1.302500000000000000e+02,8.555555555555555358e+00
2.839999999999999858e+00,1.307500000000000000e+02,1.222222222222222143e+01
2.839999999999999858e+00,1.312500000000000000e+02,1.466666666666666607e+01
2.839999999999999858e+00,1.317500000000000000e+02,1.555555555555555536e+01
2.839999999999999858e+00,1.322500000000000000e+02,1.433333333333333393e+01
2.839999999999999858e+00,1.327500000000000000e+02,1.466666666666666607e+01
2.839999999999999858e+00,1.332500000000000000e+02,1.488888888888889106e+01
2.839999999999999858e+00,1.337500000000000000e+02,1.522222222222222321e+01
2.839999999999999858e+00,1.342500000000000000e+02,1.666666666666666785e+01
2.839999999999999858e+00,1.347500000000000000e+02,1.944444444444444642e+01
2.839999999999999858e+00,1.352500000000000000e+02,2.244444444444444642e+01
2.839999999999999858e+00,1.357500000000000000e+02,2.288888888888888928e+01
2.839999999999999858e+00,1.362500000000000000e+02,2.377777777777778212e+01
2.839999999999999858e+00,1.367500000000000000e+02,2.533333333333333215e+01
2.839999999999999858e+00,1.372500000000000000e+02,2.733333333333333215e+01
2.839999999999999858e+00,1.377500000000000000e+02,2.877777777777778212e+01
2.839999999999999858e+00,1.382500000000000000e+02,3.200000000000000711e+01
2.839999999999999858e+00,1.387500000000000000e+02,3.522222222222222854e+01
2.839999999999999858e+00,1.392500000000000000e+02,4.055555555555556424e+01
2.839999999999999858e+00,1.397500000000000000e+02,4.077777777777777857e+01
2.839999999999999858e+00,1.402500000000000000e+02,4.277777777777777857e+01
2.839999999999999858e+00,1.407500000000000000e+02,4.622222222222222854e+01
2.839999999999999858e+00,1.412500000000000000e+02,4.955555555555556424e+01
2.839999999999999858e+00,1.417500000000000000e+02,5.433333333333334281e+01
2.839999999999999858e+00,1.422500000000000000e+02,5.677777777777779278e+01
2.839999999999999858e+00,1.427500000000000000e+02,6.133333333333334991e+01
2.839999999999999858e+00,1.432500000000000000e+02,6.866666666666668561e+01
2.839999999999999858e+00,1.437500000000000000e+02,7.033333333333335702e+01
2.839999999999999858e+00,1.442500000000000000e+02,7.355555555555557135e+01
2.839999999999999858e+00,1.447500000000000000e+02,7.577777777777778567e+01
2.839999999999999858e+00,1.452500000000000000e+02,8.122222222222224275e+01
2.839999999999999858e+00,1.457500000000000000e+02,8.622222222222224275e+01
2.839999999999999858e+00,1.462500000000000000e+02,8.855555555555558556e+01
2.839999999999999858e+00,1.467500000000000000e+02,9.622222222222224275e+01
2.839999999999999858e+00,1.472500000000000000e+02,1.067777777777778141e+02
2.839999999999999858e+00,1.477500000000000000e+02,1.192222222222222427e+02
2.839999999999999858e+00,1.482500000000000000e+02,1.275555555555555856e+02
2.839999999999999858e+00,1.487500000000000000e+02,1.364444444444444855e+02
2.839999999999999858e+00,1.492500000000000000e+02,1.417777777777777999e+02
2.839999999999999858e+00,1.497500000000000000e+02,1.502222222222222570e+02
2.839999999999999858e+00,1.502500000000000000e+02,1.567777777777777999e+02
2.839999999999999858e+00,1.507500000000000000e+02,1.695555555555555713e+02
2.839999999999999858e+00,1.512500000000000000e+02,1.701111111111111143e+02
2.839999999999999858e+00,1.517500000000000000e+02,1.793333333333333428e+02
2.839999999999999858e+00,1.522500000000000000e+02,1.858888888888889142e+02
2.839999999999999858e+00,1.527500000000000000e+02,2.083333333333333712e+02
2.839999999999999858e+00,1.532500000000000000e+02,2.258888888888889142e+02
2.839999999999999858e+00,1.537500000000000000e+02,2.448888888888889142e+02
2.839999999999999858e+00,1.542500000000000000e+02,2.543333333333333712e+02
2.839999999999999858e+00,1.547500000000000000e+02,2.581111111111111427e+02
2.839999999999999858e+00,1.552500000000000000e+02,2.664444444444445139e+02
2.839999999999999858e+00,1.557500000000000000e+02,2.821111111111111427e+02
2.839999999999999858e+00,1.562500000000000000e+02,3.035555555555555998e+02
2.839999999999999858e+00,1.567500000000000000e+02,3.142222222222222285e+02
2.839999999999999858e+00,1.572500000000000000e+02,3.285555555555555998e+02
2.839999999999999858e+00,1.577500000000000000e+02,3.480000000000000000e+02
2.839999999999999858e+00,1.582500000000000000e+02,3.752222222222222285e+02
2.839999999999999858e+00,1.587500000000000000e+02,3.896666666666666856e+02
2.839999999999999858e+00,1.592500000000000000e+02,3.922222222222222285e+02
2.839999999999999858e+00,1.597500000000000000e+02,3.934444444444445139e+02
2.839999999999999858e+00,1.602500000000000000e+02,4.128888888888889142e+02
2.839999999999999858e+00,1.607500000000000000e+02,4.371111111111111427e+02
2.839999999999999858e+00,1.612500000000000000e+02,4.568888888888889142e+02
2.839999999999999858e+00,1.617500000000000000e+02,4.710000000000000000e+02
2.839999999999999858e+00,1.622500000000000000e+02,4.832222222222221717e+02
2.839999999999999858e+00,1.627500000000000000e+02,4.993333333333332575e+02
2.839999999999999858e+00,1.632500000000000000e+02,5.061111111111110290e+02
2.839999999999999858e+00,1.637500000000000000e+02,5.134444444444443434e+02
2.839999999999999858e+00,1.642500000000000000e+02,5.233333333333332575e+02
2.839999999999999858e+00,1.647500000000000000e+02,5.402222222222221717e+02
2.839999999999999858e+00,1.652500000000000000e+02,5.512222222222221717e+02
2.839999999999999858e+00,1.657500000000000000e+02,5.581111111111109722e+02
2.839999999999999858e+00,1.662500000000000000e+02,5.612222222222220580e+02
2.839999999999999858e+00,1.667500000000000000e+02,5.718888888888888005e+02
2.839999999999999858e+00,1.672500000000000000e+02,5.692222222222220580e+02
2.839999999999999858e+00,1.677500000000000000e+02,5.637777777777777146e+02
2.839999999999999858e+00,1.682500000000000000e+02,5.631111111111109722e+02
2.839999999999999858e+00,1.687500000000000000e+02,5.731111111111109722e+02
2.839999999999999858e+00,1.692500000000000000e+02,5.685555555555554292e+02
2.839999999999999858e+00,1.697500000000000000e+02,5.485555555555554292e+02
2.839999999999999858e+00,1.702500000000000000e+02,5.271111111111109722e+02
2.839999999999999858e+00,1.707500000000000000e+02,5.224444444444443434e+02
2.839999999999999858e+00,1.712500000000000000e+02,5.094444444444443434e+02
2.839999999999999858e+00,1.717500000000000000e+02,4.969999999999998295e+02
2.839999999999999858e+00,1.722500000000000000e+02,4.686666666666665151e+02
2.839999999999999858e+00,1.727500000000000000e+02,4.521111111111110290e+02
2.839999999999999858e+00,1.732500000000000000e+02,4.327777777777776578e+02
2.839999999999999858e+00,1.737500000000000000e+02,4.217777777777776578e+02
2.839999999999999858e+00,1.742500000000000000e+02,4.041111111111110290e+02
2.839999999999999858e+00,1.747500000000000000e+02,3.803333333333332575e+02
2.839999999999999858e+00,1.752500000000000000e+02,3.419999999999999432e+02
2.839999999999999858e+00,1.757500000000000000e+02,3.125555555555554861e+02
2.839999999999999858e+00,1.762500000000000000e+02,2.795555555555554861e+02
2.839999999999999858e+00,1.767500000000000000e+02,2.508888888888888005e+02
2.839999999999999858e+00,1.772500000000000000e+02,2.106666666666666003e+02
2.839999999999999858e+00,1.777500000000000000e+02,1.702222222222221433e+02
2.839999999999999858e+00,1.782500000000000000e+02,1.317777777777777146e+02
2.839999999999999858e+00,1.787500000000000000e+02,9.533333333333327175e+01
2.839999999999999858e+00,1.792500000000000000e+02,5.777777777777771462e+01
2.839999999999999858e+00,1.797500000000000000e+02,3.388888888888882889e+01
2.855999999999999872e+00,1.302500000000000000e+02,9.000000000000000000e+00
2.855999999999999872e+00,1.307500000000000000e+02,1.311111111111111249e+01
2.855999999999999872e+00,1.312500000000000000e+02,1.644444444444444642e+01
2.855999999999999872e+00,1.317500000000000000e+02,1.788888888888888928e+01
2.855999999999999872e+00,1.322500000000000000e+02,1.588888888888889106e+01
2.855999999999999872e+00,1.327500000000000000e+02,1.611111111111111427e+01
2.855999999999999872e+00,1.332500000000000000e+02,1.533333333333333570e+01
2.855999999999999872e+00,1.337500000000000000e+02,1.733333333333333570e+01
2.855999999999999872e+00,1.342500000000000000e+02,1.755555555555555713e+01
2.855999999999999872e+00,1.347500000000000000e+02,2.133333333333333215e+01
2.855999999999999872e+00,1.352500000000000000e+02,2.322222222222221788e+01
2.855999999999999872e+00,1.357500000000000000e+02,2.577777777777777146e+01
2.855999999999999872e+00,1.362500000000000000e+02,2.722222222222221433e+01
2.855999999999999872e+00,1.367500000000000000e+02,2.933333333333332504e+01
2.855999999999999872e+00,1.372500000000000000e+02,3.022222222222221433e+01
2.855999999999999872e+00,1.377500000000000000e+02,3.155555555555554648e+01
2.855999999999999872e+00,1.382500000000000000e+02,3.377777777777777146e+01
2.855999999999999872e+00,1.387500000000000000e+02,3.644444444444443576e+01
2.855999999999999872e+00,1.392500000000000000e+02,4.099999999999999289e+01
2.855999999999999872e+00,1.397500000000000000e+02,4.333333333333332149e+01
2.855999999999999872e+00,1.402500000000000000e+02,4.766666666666665719e+01
2.855999999999999872e+00,1.407500000000000000e+02,4.999999999999999289e+01
2.855999999999999872e+00,1.412500000000000000e+02,5.311111111111110716e+01
2.855999999999999872e+00,1.417500000000000000e+02,5.788888888888887863e+01
2.855999999999999872e+00,1.422500000000000000e+02,6.033333333333332149e+01
2.855999999999999872e+00,1.427500000000000000e+02,6.399999999999999289e+01
2.855999999999999872e+00,1.432500000000000000e+02,6.811111111111110006e+01
2.855999999999999872e+00,1.437500000000000000e+02,7.155555555555554292e+01
2.855999999999999872e+00,1.442500000000000000e+02,7.555555555555554292e+01
2.855999999999999872e+00,1.447500000000000000e+02,7.977777777777775725e+01
2.855999999999999872e+00,1.452500000000000000e+02,8.777777777777775725e+01
2.855999999999999872e+00,1.457500000000000000e+02,9.166666666666662877e+01
2.855999999999999872e+00,1.462500000000000000e+02,9.244444444444441444e+01
2.855999999999999872e+00,1.467500000000000000e+02,9.377777777777775725e+01
2.855999999999999872e+00,1.472500000000000000e+02,1.046666666666666430e+02
2.855999999999999872e+00,1.477500000000000000e+02,1.195555555555555429e+02
2.855999999999999872e+00,1.482500000000000000e+02,1.318888888888888857e+02
2.855999999999999872e+00,1.487500000000000000e+02,1.421111111111110858e+02
2.855999999999999872e+00,1.492500000000000000e+02,1.451111111111110858e+02
2.855999999999999872e+00,1.497500000000000000e+02,1.517777777777777430e+02
2.855999999999999872e+00,1.502500000000000000e+02,1.577777777777777430e+02
2.855999999999999872e+00,1.507500000000000000e+02,1.733333333333332860e+02
2.855999999999999872e+00,1.512500000000000000e+02,1.778888888888888289e+02
2.855999999999999872e+00,1.517500000000000000e+02,1.876666666666666288e+02
2.855999999999999872e+00,1.522500000000000000e+02,1.933333333333332860e+02
2.855999999999999872e+00,1.527500000000000000e+02,2.098888888888888289e+02
2.855999999999999872e+00,1.532500000000000000e+02,2.247777777777777146e+02
2.855999999999999872e+00,1.537500000000000000e+02,2.413333333333332575e+02
2.855999999999999872e+00,1.542500000000000000e+02,2.512222222222221717e+02
2.855999999999999872e+00,1.547500000000000000e+02,2.579999999999999432e+02
2.855999999999999872e+00,1.552500000000000000e+02,2.653333333333333144e+02
2.855999999999999872e+00,1.557500000000000000e+02,2.867777777777777715e+02
2.855999999999999872e+00,1.562500000000000000e+02,3.028888888888888573e+02
2.855999999999999872e+00,1.567500000000000000e+02,3.167777777777777146e+02
2.855999999999999872e+00,1.572500000000000000e+02,3.245555555555554861e+02
2.855999999999999872e+00,1.577500000000000000e+02,3.488888888888888573e+02
2.855999999999999872e+00,1.582500000000000000e+02,3.747777777777777715e+02
2.855999999999999872e+00,1.587500000000000000e+02,3.895555555555554861e+02
2.855999999999999872e+00,1.592500000000000000e+02,3.918888888888888573e+02
2.855999999999999872e+00,1.597500000000000000e+02,3.943333333333332575e+02
2.855999999999999872e+00,1.602500000000000000e+02,4.092222222222221717e+02
2.855999999999999872e+00,1.607500000000000000e+02,4.261111111111110858e+02
2.855999999999999872e+00,1.612500000000000000e+02,4.444444444444444002e+02
2.855999999999999872e+00,1.617500000000000000e+02,4.635555555555554861e+02
2.855999999999999872e+00,1.622500000000000000e+02,4.778888888888888573e+02
2.855999999999999872e+00,1.627500000000000000e+02,4.912222222222221717e+02
2.855999999999999872e+00,1.632500000000000000e+02,5.015555555555554861e+02
2.855999999999999872e+00,1.637500000000000000e+02,5.110000000000000000e+02
2.855999999999999872e+00,1.642500000000000000e+02,5.225555555555555429e+02
2.855999999999999872e+00,1.647500000000000000e+02,5.285555555555555429e+02
2.855999999999999872e+00,1.652500000000000000e+02,5.373333333333333712e+02
2.855999999999999872e+00,1.657500000000000000e+02,5.414444444444444571e+02
2.855999999999999872e+00,1.662500000000000000e+02,5.525555555555555429e+02
2.855999999999999872e+00,1.667500000000000000e+02,5.540000000000000000e+02
2.855999999999999872e+00,1.672500000000000000e+02,5.531111111111110858e+02
2.855999999999999872e+00,1.677500000000000000e+02,5.492222222222221717e+02
2.855999999999999872e+00,1.682500000000000000e+02,5.581111111111109722e+02
2.855999999999999872e+00,1.687500000000000000e+02,5.643333333333332575e+02
2.855999999999999872e+00,1.692500000000000000e+02,5.544444444444443434e+02
2.855999999999999872e+00,1.697500000000000000e+02,5.382222222222221717e+02
2.855999999999999872e+00,1.702500000000000000e+02,5.217777777777777146e+02
2.855999999999999872e+00,1.707500000000000000e+02,5.175555555555554292e+02
2.855999999999999872e+00,1.712500000000000000e+02,4.991111111111110290e+02
2.855999999999999872e+00,1.717500000000000000e+02,4.809999999999999432e+02
2.855999999999999872e+00,1.722500000000000000e+02,4.541111111111110290e+02
2.855999999999999872e+00,1.727500000000000000e+02,4.375555555555554292e+02
2.855999999999999872e+00,1.732500000000000000e+02,4.199999999999998295e+02
2.855999999999999872e+00,1.737500000000000000e+02,4.056666666666665151e+02
2.855999999999999872e+00,1.742500000000000000e+02,3.876666666666665151e+02
2.855999999999999872e+00,1.747500000000000000e+02,3.613333333333332007e+02
2.855999999999999872e+00,1.752500000000000000e+02,3.291111111111109153e+02
2.855999999999999872e+00,1.757500000000000000e+02,3.008888888888886868e+02
2.855999999999999872e+00,1.762500000000000000e+02,2.735555555555553724e+02
2.855999999999999872e+00,1.767500000000000000e+02,2.455555555555553440e+02
2.855999999999999872e+00,1.772500000000000000e+02,2.074444444444442581e+02
2.855999999999999872e+00,1.777500000000000000e+02,1.676666666666664867e+02
2.855999999999999872e+00,1.782500000000000000e+02,1.292222222222220296e+02
2.855999999999999872e+00,1.787500000000000000e+02,9.299999999999981526e+01
2.855999999999999872e+00,1.792500000000000000e+02,5.611111111111092242e+01
2.855999999999999872e+00,1.797500000000000000e+02,3.111111111111092598e+01
2.871999999999999886e+00,1.302500000000000000e+02,1.066666666666666607e+01
2.871999999999999886e+00,1.307500000000000000e+02,1.200000000000000000e+01
2.871999999999999886e+00,1.312500000000000000e+02,1.477777777777777857e+01
2.871999999999999886e+00,1.317500000000000000e+02,1.555555555555555713e+01
2.871999999999999886e+00,1.322500000000000000e+02,1.655555555555555713e+01
2.871999999999999886e+00,1.327500000000000000e+02,1.677777777777778212e+01
2.871999999999999886e+00,1.332500000000000000e+02,1.611111111111111427e+01
2.871999999999999886e+00,1.337500000000000000e+02,1.755555555555556069e+01
2.871999999999999886e+00,1.342500000000000000e+02,1.877777777777778212e+01
2.871999999999999886e+00,1.347500000000000000e+02,2.344444444444444642e+01
2.871999999999999886e+00,1.352500000000000000e+02,2.577777777777778212e+01
2.871999999999999886e+00,1.357500000000000000e+02,2.877777777777778212e+01
2.871999999999999886e+00,1.362500000000000000e+02,3.044444444444444642e+01
2.871999999999999886e+00,1.367500000000000000e+02,3.277777777777777857e+01
2.871999999999999886e+00,1.372500000000000000e+02,3.355555555555555713e+01
2.871999999999999886e+00,1.377500000000000000e+02,3.388888888888889284e+01
2.871999999999999886e+00,1.382500000000000000e+02,3.444444444444444997e+01
2.871999999999999886e+00,1.387500000000000000e+02,3.577777777777777857e+01
2.871999999999999886e+00,1.392500000000000000e+02,4.088888888888889284e+01
2.871999999999999886e+00,1.397500000000000000e+02,4.555555555555556424e+01
2.871999999999999886e+00,1.402500000000000000e+02,5.166666666666667851e+01
2.871999999999999886e+00,1.407500000000000000e+02,5.288888888888889284e+01
2.871999999999999886e+00,1.412500000000000000e+02,5.533333333333334281e+01
2.871999999999999886e+00,1.417500000000000000e+02,6.000000000000000711e+01
2.871999999999999886e+00,1.422500000000000000e+02,6.133333333333334281e+01
2.871999999999999886e+00,1.427500000000000000e+02,6.266666666666667851e+01
2.871999999999999886e+00,1.432500000000000000e+02,6.277777777777779278e+01
2.871999999999999886e+00,1.437500000000000000e+02,6.811111111111112848e+01
2.871999999999999886e+00,1.442500000000000000e+02,7.488888888888889994e+01
2.871999999999999886e+00,1.447500000000000000e+02,8.277777777777778567e+01
2.871999999999999886e+00,1.452500000000000000e+02,9.188888888888889994e+01
2.871999999999999886e+00,1.457500000000000000e+02,9.566666666666667140e+01
2.871999999999999886e+00,1.462500000000000000e+02,9.555555555555555713e+01
2.871999999999999886e+00,1.467500000000000000e+02,9.444444444444445708e+01
2.871999999999999886e+00,1.472500000000000000e+02,1.036666666666666714e+02
2.871999999999999886e+00,1.477500000000000000e+02,1.191111111111111001e+02
2.871999999999999886e+00,1.482500000000000000e+02,1.307777777777777715e+02
2.871999999999999886e+00,1.487500000000000000e+02,1.412222222222222001e+02
2.871999999999999886e+00,1.492500000000000000e+02,1.436666666666666572e+02
2.871999999999999886e+00,1.497500000000000000e+02,1.484444444444444571e+02
2.871999999999999886e+00,1.502500000000000000e+02,1.541111111111111143e+02
2.871999999999999886e+00,1.507500000000000000e+02,1.666666666666666572e+02
2.871999999999999886e+00,1.512500000000000000e+02,1.791111111111110858e+02
2.871999999999999886e+00,1.517500000000000000e+02,1.895555555555555429e+02
2.871999999999999886e+00,1.522500000000000000e+02,1.971111111111110858e+02
2.871999999999999886e+00,1.527500000000000000e+02,2.095555555555555429e+02
2.871999999999999886e+00,1.532500000000000000e+02,2.217777777777777430e+02
2.871999999999999886e+00,1.537500000000000000e+02,2.337777777777777430e+02
2.871999999999999886e+00,1.542500000000000000e+02,2.424444444444444287e+02
2.871999999999999886e+00,1.547500000000000000e+02,2.521111111111110858e+02
2.871999999999999886e+00,1.552500000000000000e+02,2.638888888888888573e+02
2.871999999999999886e+00,1.557500000000000000e+02,2.821111111111110858e+02
2.871999999999999886e+00,1.562500000000000000e+02,2.964444444444444002e+02
2.871999999999999886e+00,1.567500000000000000e+02,3.112222222222221717e+02
2.871999999999999886e+00,1.572500000000000000e+02,3.225555555555554861e+02
2.871999999999999886e+00,1.577500000000000000e+02,3.401111111111110290e+02
2.871999999999999886e+00,1.582500000000000000e+02,3.634444444444443434e+02
2.871999999999999886e+00,1.587500000000000000e+02,3.783333333333332007e+02
2.871999999999999886e+00,1.592500000000000000e+02,3.884444444444443434e+02
2.871999999999999886e+00,1.597500000000000000e+02,3.938888888888888573e+02
2.871999999999999886e+00,1.602500000000000000e+02,4.044444444444444002e+02
2.871999999999999886e+00,1.607500000000000000e+02,4.208888888888888573e+02
2.871999999999999886e+00,1.612500000000000000e+02,4.362222222222221717e+02
2.871999999999999886e+00,1.617500000000000000e+02,4.595555555555554861e+02
2.871999999999999886e+00,1.622500000000000000e+02,4.756666666666665719e+02
2.871999999999999886e+00,1.627500000000000000e+02,4.851111111111110290e+02
2.871999999999999886e+00,1.632500000000000000e+02,4.864444444444443434e+02
2.871999999999999886e+00,1.637500000000000000e+02,4.924444444444443434e+02
2.871999999999999886e+00,1.642500000000000000e+02,5.024444444444443434e+02
2.871999999999999886e+00,1.647500000000000000e+02,5.077777777777776578e+02
2.871999999999999886e+00,1.652500000000000000e+02,5.069999999999999432e+02
2.871999999999999886e+00,1.657500000000000000e+02,5.134444444444443434e+02
2.871999999999999886e+00,1.662500000000000000e+02,5.301111111111109722e+02
2.871999999999999886e+00,1.667500000000000000e+02,5.373333333333331439e+02
2.871999999999999886e+00,1.672500000000000000e+02,5.366666666666665151e+02
2.871999999999999886e+00,1.677500000000000000e+02,5.362222222222220580e+02
2.871999999999999886e+00,1.682500000000000000e+02,5.408888888888886868e+02
2.871999999999999886e+00,1.687500000000000000e+02,5.424444444444442297e+02
2.871999999999999886e+00,1.692500000000000000e+02,5.282222222222220580e+02
2.871999999999999886e+00,1.697500000000000000e+02,5.133333333333331439e+02
2.871999999999999886e+00,1.702500000000000000e+02,4.995555555555554292e+02
2.871999999999999886e+00,1.707500000000000000e+02,4.994444444444443434e+02
2.871999999999999886e+00,1.712500000000000000e+02,4.887777777777776578e+02
2.871999999999999886e+00,1.717500000000000000e+02,4.765555555555554292e+02
2.871999999999999886e+00,1.722500000000000000e+02,4.475555555555554292e+02
2.871999999999999886e+00,1.727500000000000000e+02,4.286666666666665151e+02
2.871999999999999886e+00,1.732500000000000000e+02,4.122222222222221149e+02
2.871999999999999886e+00,1.737500000000000000e+02,3.913333333333332007e+02
2.871999999999999886e+00,1.742500000000000000e+02,3.762222222222221149e+02
2.871999999999999886e+00,1.747500000000000000e+02,3.451111111111110290e+02
2.871999999999999886e+00,1.752500000000000000e+02,3.238888888888887436e+02
2.871999999999999886e+00,1.757500000000000000e+02,2.915555555555554292e+02
2.871999999999999886e+00,1.762500000000000000e+02,2.629999999999998863e+02
2.871999999999999886e+00,1.767500000000000000e+02,2.307777777777776862e+02
2.871999999999999886e+00,1.772500000000000000e+02,1.971111111111110006e+02
2.871999999999999886e+00,1.777500000000000000e+02,1.623333333333332291e+02
2.871999999999999886e+00,1.782500000000000000e+02,1.242222222222221291e+02
2.871999999999999886e+00,1.787500000000000000e+02,8.733333333333325754e+01
2.871999999999999886e+00,1.792500000000000000e+02,5.122222222222215038e+01
2.871999999999999886e+00,1.797500000000000000e+02,2.844444444444437536e+01
2.887999999999999901e+00,1.302500000000000000e+02,1.122222222222222143e+01
2.887999999999999901e+00,1.307500000000000000e+02,1.177777777777777679e+01
2.887999999999999901e+00,1.312500000000000000e+02,1.311111111111110894e+01
2.887999999999999901e+00,1.317500000000000000e+02,1.377777777777777679e+01
2.887999999999999901e+00,1.322500000000000000e+02,1.511111111111110894e+01
2.887999999999999901e+00,1.327500000000000000e+02,1.655555555555555358e+01
2.887999999999999901e+00,1.332500000000000000e+02,1.633333333333333215e+01
2.887999999999999901e+00,1.337500000000000000e+02,1.844444444444444287e+01
2.887999999999999901e+00,1.342500000000000000e+02,2.000000000000000000e+01
2.887999999999999901e+00,1.347500000000000000e+02,2.444444444444444287e+01
2.887999999999999901e+00,1.352500000000000000e+02,2.588888888888888573e+01
2.887999999999999901e+00,1.357500000000000000e+02,2.822222222222221788e+01
2.887999999999999901e+00,1.362500000000000000e+02,3.022222222222221788e+01
2.887999999999999901e+00,1.367500000000000000e+02,3.344444444444444287e+01
2.887999999999999901e+00,1.372500000000000000e+02,3.488888888888888573e+01
2.887999999999999901e+00,1.377500000000000000e+02,3.644444444444443576e+01
2.887999999999999901e+00,1.382500000000000000e+02,3.588888888888888573e+01
2.887999999999999901e+00,1.387500000000000000e+02,3.599999999999999289e+01
2.887999999999999901e+00,1.392500000000000000e+02,3.833333333333332860e+01
2.887999999999999901e+00,1.397500000000000000e+02,4.488888888888888573e+01
2.887999999999999901e+00,1.402500000000000000e+02,5.166666666666666430e+01
2.887999999999999901e+00,1.407500000000000000e+02,5.455555555555555003e+01
2.887999999999999901e+00,1.412500000000000000e+02,5.588888888888888573e+01
2.887999999999999901e+00,1.417500000000000000e+02,6.011111111111110716e+01
2.887999999999999901e+00,1.422500000000000000e+02,6.200000000000000000e+01
2.887999999999999901e+00,1.427500000000000000e+02,6.377777777777777857e+01
2.887999999999999901e+00,1.432500000000000000e+02,6.566666666666667140e+01
2.887999999999999901e+00,1.437500000000000000e+02,7.122222222222221433e+01
2.887999999999999901e+00,1.442500000000000000e+02,8.011111111111110006e+01
2.887999999999999901e+00,1.447500000000000000e+02,8.477777777777777146e+01
2.887999999999999901e+00,1.452500000000000000e+02,9.266666666666667140e+01
2.887999999999999901e+00,1.457500000000000000e+02,9.333333333333332860e+01
2.887999999999999901e+00,1.462500000000000000e+02,9.655555555555555713e+01
2.887999999999999901e+00,1.467500000000000000e+02,9.655555555555555713e+01
2.887999999999999901e+00,1.472500000000000000e+02,1.084444444444444571e+02
2.887999999999999901e+00,1.477500000000000000e+02,1.217777777777777857e+02
2.887999999999999901e+00,1.482500000000000000e+02,1.317777777777777999e+02
2.887999999999999901e+00,1.487500000000000000e+02,1.411111111111111143e+02
2.887999999999999901e+00,1.492500000000000000e+02,1.436666666666666572e+02
2.887999999999999901e+00,1.497500000000000000e+02,1.498888888888888857e+02
2.887999999999999901e+00,1.502500000000000000e+02,1.538888888888888857e+02
2.887999999999999901e+00,1.507500000000000000e+02,1.652222222222222285e+02
2.887999999999999901e+00,1.512500000000000000e+02,1.770000000000000000e+02
2.887999999999999901e+00,1.517500000000000000e+02,1.864444444444444571e+02
2.887999999999999901e+00,1.522500000000000000e+02,1.928888888888889142e+02
2.887999999999999901e+00,1.527500000000000000e+02,2.050000000000000284e+02
2.887999999999999901e+00,1.532500000000000000e+02,2.124444444444444855e+02
2.887999999999999901e+00,1.537500000000000000e+02,2.228888888888889426e+02
2.887999999999999901e+00,1.542500000000000000e+02,2.336666666666667425e+02
2.887999999999999901e+00,1.547500000000000000e+02,2.532222222222222854e+02
2.887999999999999901e+00,1.552500000000000000e+02,2.644444444444445139e+02
2.887999999999999901e+00,1.557500000000000000e+02,2.761111111111111427e+02
2.887999999999999901e+00,1.562500000000000000e+02,2.865555555555555998e+02
2.887999999999999901e+00,1.567500000000000000e+02,3.030000000000000000e+02
2.887999999999999901e+00,1.572500000000000000e+02,3.174444444444444571e+02
2.887999999999999901e+00,1.577500000000000000e+02,3.328888888888889142e+02
2.887999999999999901e+00,1.582500000000000000e+02,3.540000000000000000e+02
2.887999999999999901e+00,1.587500000000000000e+02,3.634444444444444002e+02
2.887999999999999901e+00,1.592500000000000000e+02,3.752222222222221717e+02
2.887999999999999901e+00,1.597500000000000000e+02,3.807777777777776578e+02
2.887999999999999901e+00,1.602500000000000000e+02,3.982222222222221149e+02
2.887999999999999901e+00,1.607500000000000000e+02,4.083333333333332007e+02
2.887999999999999901e+00,1.612500000000000000e+02,4.302222222222221149e+02
2.887999999999999901e+00,1.617500000000000000e+02,4.478888888888887436e+02
2.887999999999999901e+00,1.622500000000000000e+02,4.623333333333332007e+02
2.887999999999999901e+00,1.627500000000000000e+02,4.665555555555554292e+02
2.887999999999999901e+00,1.632500000000000000e+02,4.676666666666665151e+02
2.887999999999999901e+00,1.637500000000000000e+02,4.779999999999998295e+02
2.887999999999999901e+00,1.642500000000000000e+02,4.853333333333332007e+02
2.887999999999999901e+00,1.647500000000000000e+02,4.844444444444442865e+02
2.887999999999999901e+00,1.652500000000000000e+02,4.795555555555553724e+02
2.887999999999999901e+00,1.657500000000000000e+02,4.796666666666664582e+02
2.887999999999999901e+00,1.662500000000000000e+02,5.004444444444441729e+02
2.887999999999999901e+00,1.667500000000000000e+02,5.067777777777775441e+02
2.887999999999999901e+00,1.672500000000000000e+02,5.139999999999996589e+02
2.887999999999999901e+00,1.677500000000000000e+02,5.104444444444441160e+02
2.887999999999999901e+00,1.682500000000000000e+02,5.156666666666664014e+02
2.887999999999999901e+00,1.687500000000000000e+02,5.104444444444441729e+02
2.887999999999999901e+00,1.692500000000000000e+02,5.007777777777775441e+02
2.887999999999999901e+00,1.697500000000000000e+02,4.867777777777775441e+02
2.887999999999999901e+00,1.702500000000000000e+02,4.741111111111108585e+02
2.887999999999999901e+00,1.707500000000000000e+02,4.696666666666663446e+02
2.887999999999999901e+00,1.712500000000000000e+02,4.641111111111108016e+02
2.887999999999999901e+00,1.717500000000000000e+02,4.561111111111108016e+02
2.887999999999999901e+00,1.722500000000000000e+02,4.303333333333330302e+02
2.887999999999999901e+00,1.727500000000000000e+02,4.106666666666663446e+02
2.887999999999999901e+00,1.732500000000000000e+02,3.944444444444441160e+02
2.887999999999999901e+00,1.737500000000000000e+02,3.742222222222218875e+02
2.887999999999999901e+00,1.742500000000000000e+02,3.499999999999996021e+02
2.887999999999999901e+00,1.747500000000000000e+02,3.172222222222218875e+02
2.887999999999999901e+00,1.752500000000000000e+02,3.023333333333329733e+02
2.887999999999999901e+00,1.757500000000000000e+02,2.749999999999996589e+02
2.887999999999999901e+00,1.762500000000000000e+02,2.536666666666663161e+02
2.887999999999999901e+00,1.767500000000000000e+02,2.162222222222218591e+02
2.887999999999999901e+00,1.772500000000000000e+02,1.878888888888885447e+02
2.887999999999999901e+00,1.777500000000000000e+02,1.515555555555552019e+02
2.887999999999999901e+00,1.782500000000000000e+02,1.181111111111107448e+02
2.887999999999999901e+00,1.787500000000000000e+02,8.199999999999963052e+01
2.887999999999999901e+00,1.792500000000000000e+02,4.922222222222185195e+01
2.887999999999999901e+00,1.797500000000000000e+02,2.877777777777740553e+01
2.903999999999999915e+00,1.302500000000000000e+02,1.300000000000000000e+01
2.903999999999999915e+00,1.307500000000000000e+02,1.233333333333333393e+01
2.903999999999999915e+00,1.312500000000000000e+02,1.233333333333333393e+01
2.903999999999999915e+00,1.317500000000000000e+02,1.344444444444444287e+01
2.903999999999999915e+00,1.322500000000000000e+02,1.588888888888888573e+01
2.903999999999999915e+00,1.327500000000000000e+02,1.766666666666666075e+01
2.903999999999999915e+00,1.332500000000000000e+02,1.799999999999999645e+01
2.903999999999999915e+00,1.337500000000000000e+02,1.933333333333332860e+01
2.903999999999999915e+00,1.342500000000000000e+02,2.266666666666666075e+01
2.903999999999999915e+00,1.347500000000000000e+02,2.622222222222221788e+01
2.903999999999999915e+00,1.352500000000000000e+02,2.722222222222221788e+01
2.903999999999999915e+00,1.357500000000000000e+02,2.866666666666666075e+01
2.903999999999999915e+00,1.362500000000000000e+02,3.111111111111110361e+01
2.903999999999999915e+00,1.367500000000000000e+02,3.611111111111110716e+01
2.903999999999999915e+00,1.372500000000000000e+02,3.622222222222222143e+01
2.903999999999999915e+00,1.377500000000000000e+02,3.722222222222222143e+01
2.903999999999999915e+00,1.382500000000000000e+02,3.477777777777777146e+01
2.903999999999999915e+00,1.387500000000000000e+02,3.588888888888888573e+01
2.903999999999999915e+00,1.392500000000000000e+02,3.844444444444443576e+01
2.903999999999999915e+00,1.397500000000000000e+02,4.555555555555555003e+01
2.903999999999999915e+00,1.402500000000000000e+02,5.055555555555555003e+01
2.903999999999999915e+00,1.407500000000000000e+02,5.344444444444443576e+01
2.903999999999999915e+00,1.412500000000000000e+02,5.422222222222220722e+01
2.903999999999999915e+00,1.417500000000000000e+02,5.855555555555554292e+01
2.903999999999999915e+00,1.422500000000000000e+02,5.999999999999999289e+01
2.903999999999999915e+00,1.427500000000000000e+02,6.322222222222220722e+01
2.903999999999999915e+00,1.432500000000000000e+02,6.677777777777777146e+01
2.903999999999999915e+00,1.437500000000000000e+02,7.133333333333332860e+01
2.903999999999999915e+00,1.442500000000000000e+02,8.011111111111111427e+01
2.903999999999999915e+00,1.447500000000000000e+02,8.355555555555555713e+01
2.903999999999999915e+00,1.452500000000000000e+02,9.211111111111112848e+01
2.903999999999999915e+00,1.457500000000000000e+02,9.544444444444445708e+01
2.903999999999999915e+00,1.462500000000000000e+02,1.021111111111111285e+02
2.903999999999999915e+00,1.467500000000000000e+02,1.054444444444444571e+02
2.903999999999999915e+00,1.472500000000000000e+02,1.125555555555555571e+02
2.903999999999999915e+00,1.477500000000000000e+02,1.236666666666666714e+02
2.903999999999999915e+00,1.482500000000000000e+02,1.294444444444444571e+02
2.903999999999999915e+00,1.487500000000000000e+02,1.384444444444444571e+02
2.903999999999999915e+00,1.492500000000000000e+02,1.410000000000000284e+02
2.903999999999999915e+00,1.497500000000000000e+02,1.506666666666666856e+02
2.903999999999999915e+00,1.502500000000000000e+02,1.550000000000000284e+02
2.903999999999999915e+00,1.507500000000000000e+02,1.647777777777777999e+02
2.903999999999999915e+00,1.512500000000000000e+02,1.757777777777777999e+02
2.903999999999999915e+00,1.517500000000000000e+02,1.867777777777777999e+02
2.903999999999999915e+00,1.522500000000000000e+02,1.948888888888889142e+02
2.903999999999999915e+00,1.527500000000000000e+02,2.050000000000000284e+02
2.903999999999999915e+00,1.532500000000000000e+02,2.125555555555555713e+02
2.903999999999999915e+00,1.537500000000000000e+02,2.200000000000000284e+02
2.903999999999999915e+00,1.542500000000000000e+02,2.314444444444444855e+02
2.903999999999999915e+00,1.547500000000000000e+02,2.492222222222222854e+02
2.903999999999999915e+00,1.552500000000000000e+02,2.626666666666667425e+02
2.903999999999999915e+00,1.557500000000000000e+02,2.741111111111111995e+02
2.903999999999999915e+00,1.562500000000000000e+02,2.844444444444445139e+02
2.903999999999999915e+00,1.567500000000000000e+02,2.994444444444445139e+02
2.903999999999999915e+00,1.572500000000000000e+02,3.152222222222223422e+02
2.903999999999999915e+00,1.577500000000000000e+02,3.258888888888889710e+02
2.903999999999999915e+00,1.582500000000000000e+02,3.435555555555556566e+02
2.903999999999999915e+00,1.587500000000000000e+02,3.507777777777778851e+02
2.903999999999999915e+00,1.592500000000000000e+02,3.627777777777778851e+02
2.903999999999999915e+00,1.597500000000000000e+02,3.697777777777778851e+02
2.903999999999999915e+00,1.602500000000000000e+02,3.861111111111112564e+02
2.903999999999999915e+00,1.607500000000000000e+02,3.992222222222223422e+02
2.903999999999999915e+00,1.612500000000000000e+02,4.190000000000000568e+02
2.903999999999999915e+00,1.617500000000000000e+02,4.294444444444445139e+02
2.903999999999999915e+00,1.622500000000000000e+02,4.415555555555556566e+02
2.903999999999999915e+00,1.627500000000000000e+02,4.424444444444445708e+02
2.903999999999999915e+00,1.632500000000000000e+02,4.476666666666667993e+02
2.903999999999999915e+00,1.637500000000000000e+02,4.560000000000001705e+02
2.903999999999999915e+00,1.642500000000000000e+02,4.608888888888889710e+02
2.903999999999999915e+00,1.647500000000000000e+02,4.617777777777778283e+02
2.903999999999999915e+00,1.652500000000000000e+02,4.560000000000000000e+02
2.903999999999999915e+00,1.657500000000000000e+02,4.558888888888889142e+02
2.903999999999999915e+00,1.662500000000000000e+02,4.701111111111111427e+02
2.903999999999999915e+00,1.667500000000000000e+02,4.794444444444445139e+02
2.903999999999999915e+00,1.672500000000000000e+02,4.895555555555555998e+02
2.903999999999999915e+00,1.677500000000000000e+02,4.864444444444445139e+02
2.903999999999999915e+00,1.682500000000000000e+02,4.830000000000000568e+02
2.903999999999999915e+00,1.687500000000000000e+02,4.793333333333334281e+02
2.903999999999999915e+00,1.692500000000000000e+02,4.715555555555556566e+02
2.903999999999999915e+00,1.697500000000000000e+02,4.613333333333334281e+02
2.903999999999999915e+00,1.702500000000000000e+02,4.460000000000000568e+02
2.903999999999999915e+00,1.707500000000000000e+02,4.400000000000000568e+02
2.903999999999999915e+00,1.712500000000000000e+02,4.391111111111111427e+02
2.903999999999999915e+00,1.717500000000000000e+02,4.355555555555556566e+02
2.903999999999999915e+00,1.722500000000000000e+02,4.183333333333334849e+02
2.903999999999999915e+00,1.727500000000000000e+02,3.985555555555556566e+02
2.903999999999999915e+00,1.732500000000000000e+02,3.828888888888889710e+02
2.903999999999999915e+00,1.737500000000000000e+02,3.597777777777778283e+02
2.903999999999999915e+00,1.742500000000000000e+02,3.368888888888889710e+02
2.903999999999999915e+00,1.747500000000000000e+02,3.042222222222222854e+02
2.903999999999999915e+00,1.752500000000000000e+02,2.841111111111111427e+02
2.903999999999999915e+00,1.757500000000000000e+02,2.580000000000000568e+02
2.903999999999999915e+00,1.762500000000000000e+02,2.366666666666667140e+02
2.903999999999999915e+00,1.767500000000000000e+02,2.001111111111111711e+02
2.903999999999999915e+00,1.772500000000000000e+02,1.714444444444444855e+02
2.903999999999999915e+00,1.777500000000000000e+02,1.383333333333333997e+02
2.903999999999999915e+00,1.782500000000000000e+02,1.100000000000000568e+02
2.903999999999999915e+00,1.787500000000000000e+02,7.655555555555561398e+01
2.903999999999999915e+00,1.792500000000000000e+02,4.433333333333339255e+01
2.903999999999999915e+00,1.797500000000000000e+02,2.611111111111117111e+01
2.919999999999999929e+00,1.302500000000000000e+02,1.366666666666666607e+01
2.919999999999999929e+00,1.307500000000000000e+02,1.366666666666666607e+01
2.919999999999999929e+00,1.312500000000000000e+02,1.422222222222222321e+01
2.919999999999999929e+00,1.317500000000000000e+02,1.533333333333333570e+01
2.919999999999999929e+00,1.322500000000000000e+02,1.711111111111111427e+01
2.919999999999999929e+00,1.327500000000000000e+02,1.977777777777778212e+01
2.919999999999999929e+00,1.332500000000000000e+02,2.033333333333333925e+01
2.919999999999999929e+00,1.337500000000000000e+02,2.222222222222222854e+01
2.919999999999999929e+00,1.342500000000000000e+02,2.288888888888889639e+01
2.919999999999999929e+00,1.347500000000000000e+02,2.500000000000000355e+01
2.919999999999999929e+00,1.352500000000000000e+02,2.555555555555556069e+01
2.919999999999999929e+00,1.357500000000000000e+02,2.833333333333333925e+01
2.919999999999999929e+00,1.362500000000000000e+02,3.200000000000000711e+01
2.919999999999999929e+00,1.367500000000000000e+02,3.800000000000000711e+01
2.919999999999999929e+00,1.372500000000000000e+02,3.744444444444444997e+01
2.919999999999999929e+00,1.377500000000000000e+02,3.777777777777777857e+01
2.919999999999999929e+00,1.382500000000000000e+02,3.566666666666666430e+01
2.919999999999999929e+00,1.387500000000000000e+02,3.777777777777777857e+01
2.919999999999999929e+00,1.392500000000000000e+02,3.922222222222222854e+01
2.919999999999999929e+00,1.397500000000000000e+02,4.544444444444444997e+01
2.919999999999999929e+00,1.402500000000000000e+02,5.011111111111111427e+01
2.919999999999999929e+00,1.407500000000000000e+02,5.566666666666666430e+01
2.919999999999999929e+00,1.412500000000000000e+02,5.622222222222222854e+01
2.919999999999999929e+00,1.417500000000000000e+02,5.977777777777777857e+01
2.919999999999999929e+00,1.422500000000000000e+02,6.044444444444444997e+01
2.919999999999999929e+00,1.427500000000000000e+02,6.533333333333332860e+01
2.919999999999999929e+00,1.432500000000000000e+02,7.055555555555555713e+01
2.919999999999999929e+00,1.437500000000000000e+02,7.477777777777778567e+01
2.919999999999999929e+00,1.442500000000000000e+02,8.333333333333335702e+01
2.919999999999999929e+00,1.447500000000000000e+02,8.500000000000001421e+01
2.919999999999999929e+00,1.452500000000000000e+02,9.166666666666668561e+01
2.919999999999999929e+00,1.457500000000000000e+02,9.211111111111112848e+01
2.919999999999999929e+00,1.462500000000000000e+02,9.988888888888889994e+01
2.919999999999999929e+00,1.467500000000000000e+02,1.053333333333333286e+02
2.919999999999999929e+00,1.472500000000000000e+02,1.140000000000000000e+02
2.919999999999999929e+00,1.477500000000000000e+02,1.231111111111111285e+02
2.919999999999999929e+00,1.482500000000000000e+02,1.292222222222222570e+02
2.919999999999999929e+00,1.487500000000000000e+02,1.392222222222222570e+02
2.919999999999999929e+00,1.492500000000000000e+02,1.430000000000000284e+02
2.919999999999999929e+00,1.497500000000000000e+02,1.550000000000000284e+02
2.919999999999999929e+00,1.502500000000000000e+02,1.572222222222222570e+02
2.919999999999999929e+00,1.507500000000000000e+02,1.698888888888889142e+02
2.919999999999999929e+00,1.512500000000000000e+02,1.737777777777777999e+02
2.919999999999999929e+00,1.517500000000000000e+02,1.824444444444444571e+02
2.919999999999999929e+00,1.522500000000000000e+02,1.854444444444444571e+02
2.919999999999999929e+00,1.527500000000000000e+02,1.965555555555555713e+02
2.919999999999999929e+00,1.532500000000000000e+02,2.078888888888889142e+02
2.919999999999999929e+00,1.537500000000000000e+02,2.162222222222222570e+02
2.919999999999999929e+00,1.542500000000000000e+02,2.303333333333333428e+02
2.919999999999999929e+00,1.547500000000000000e+02,2.447777777777777999e+02
2.919999999999999929e+00,1.552500000000000000e+02,2.591111111111111427e+02
2.919999999999999929e+00,1.557500000000000000e+02,2.691111111111111427e+02
2.919999999999999929e+00,1.562500000000000000e+02,2.800000000000000000e+02
2.919999999999999929e+00,1.567500000000000000e+02,2.905555555555555429e+02
2.919999999999999929e+00,1.572500000000000000e+02,3.028888888888888573e+02
2.919999999999999929e+00,1.577500000000000000e+02,3.124444444444444002e+02
2.919999999999999929e+00,1.582500000000000000e+02,3.290000000000000000e+02
2.919999999999999929e+00,1.587500000000000000e+02,3.352222222222222285e+02
2.919999999999999929e+00,1.592500000000000000e+02,3.413333333333333144e+02
2.919999999999999929e+00,1.597500000000000000e+02,3.496666666666666856e+02
2.919999999999999929e+00,1.602500000000000000e+02,3.687777777777778283e+02
2.919999999999999929e+00,1.607500000000000000e+02,3.800000000000000000e+02
2.919999999999999929e+00,1.612500000000000000e+02,3.964444444444444002e+02
2.919999999999999929e+00,1.617500000000000000e+02,3.998888888888888573e+02
2.919999999999999929e+00,1.622500000000000000e+02,4.110000000000000000e+02
2.919999999999999929e+00,1.627500000000000000e+02,4.122222222222222285e+02
2.919999999999999929e+00,1.632500000000000000e+02,4.243333333333333144e+02
2.919999999999999929e+00,1.637500000000000000e+02,4.365555555555554861e+02
2.919999999999999929e+00,1.642500000000000000e+02,4.457777777777777715e+02
2.919999999999999929e+00,1.647500000000000000e+02,4.424444444444444002e+02
2.919999999999999929e+00,1.652500000000000000e+02,4.357777777777777715e+02
2.919999999999999929e+00,1.657500000000000000e+02,4.283333333333333144e+02
2.919999999999999929e+00,1.662500000000000000e+02,4.371111111111111427e+02
2.919999999999999929e+00,1.667500000000000000e+02,4.438888888888889710e+02
2.919999999999999929e+00,1.672500000000000000e+02,4.520000000000001705e+02
2.919999999999999929e+00,1.677500000000000000e+02,4.520000000000001705e+02
2.919999999999999929e+00,1.682500000000000000e+02,4.546666666666667993e+02
2.919999999999999929e+00,1.687500000000000000e+02,4.551111111111112564e+02
2.919999999999999929e+00,1.692500000000000000e+02,4.471111111111112564e+02
2.919999999999999929e+00,1.697500000000000000e+02,4.366666666666667993e+02
2.919999999999999929e+00,1.702500000000000000e+02,4.300000000000001705e+02
2.919999999999999929e+00,1.707500000000000000e+02,4.253333333333334849e+02
2.919999999999999929e+00,1.712500000000000000e+02,4.201111111111113132e+02
2.919999999999999929e+00,1.717500000000000000e+02,4.088888888888890847e+02
2.919999999999999929e+00,1.722500000000000000e+02,3.928888888888890847e+02
2.919999999999999929e+00,1.727500000000000000e+02,3.741111111111113132e+02
2.919999999999999929e+00,1.732500000000000000e+02,3.527777777777779988e+02
2.919999999999999929e+00,1.737500000000000000e+02,3.304444444444446276e+02
2.919999999999999929e+00,1.742500000000000000e+02,3.060000000000002274e+02
2.919999999999999929e+00,1.747500000000000000e+02,2.821111111111113701e+02
2.919999999999999929e+00,1.752500000000000000e+02,2.607777777777779988e+02
2.919999999999999929e+00,1.757500000000000000e+02,2.442222222222224843e+02
2.919999999999999929e+00,1.762500000000000000e+02,2.252222222222224843e+02
2.919999999999999929e+00,1.767500000000000000e+02,1.960000000000002558e+02
2.919999999999999929e+00,1.772500000000000000e+02,1.655555555555557987e+02
2.919999999999999929e+00,1.777500000000000000e+02,1.333333333333335986e+02
2.919999999999999929e+00,1.782500000000000000e+02,1.040000000000002700e+02
2.919999999999999929e+00,1.787500000000000000e+02,7.288888888888915574e+01
2.919999999999999929e+00,1.792500000000000000e+02,4.188888888888914863e+01
2.919999999999999929e+00,1.797500000000000000e+02,2.455555555555581648e+01
2.935999999999999943e+00,1.302500000000000000e+02,1.533333333333333393e+01
2.935999999999999943e+00,1.307500000000000000e+02,1.633333333333333215e+01
2.935999999999999943e+00,1.312500000000000000e+02,1.744444444444444287e+01
2.935999999999999943e+00,1.317500000000000000e+02,1.744444444444444287e+01
2.935999999999999943e+00,1.322500000000000000e+02,1.844444444444444287e+01
2.935999999999999943e+00,1.327500000000000000e+02,2.022222222222222143e+01
2.935999999999999943e+00,1.332500000000000000e+02,2.200000000000000000e+01
2.935999999999999943e+00,1.337500000000000000e+02,2.322222222222222499e+01
2.935999999999999943e+00,1.342500000000000000e+02,2.422222222222222499e+01
2.935999999999999943e+00,1.347500000000000000e+02,2.588888888888888928e+01
2.935999999999999943e+00,1.352500000000000000e+02,2.722222222222222499e+01
2.935999999999999943e+00,1.357500000000000000e+02,2.955555555555555713e+01
2.935999999999999943e+00,1.362500000000000000e+02,3.355555555555555713e+01
2.935999999999999943e+00,1.367500000000000000e+02,4.000000000000000000e+01
2.935999999999999943e+00,1.372500000000000000e+02,4.000000000000000000e+01
2.935999999999999943e+00,1.377500000000000000e+02,4.066666666666666430e+01
2.935999999999999943e+00,1.382500000000000000e+02,3.822222222222222143e+01
2.935999999999999943e+00,1.387500000000000000e+02,4.100000000000000000e+01
2.935999999999999943e+00,1.392500000000000000e+02,4.277777777777777146e+01
2.935999999999999943e+00,1.397500000000000000e+02,4.766666666666666430e+01
2.935999999999999943e+00,1.402500000000000000e+02,5.133333333333333570e+01
2.935999999999999943e+00,1.407500000000000000e+02,5.444444444444444997e+01
2.935999999999999943e+00,1.412500000000000000e+02,5.577777777777777857e+01
2.935999999999999943e+00,1.417500000000000000e+02,6.055555555555556424e+01
2.935999999999999943e+00,1.422500000000000000e+02,6.222222222222222854e+01
2.935999999999999943e+00,1.427500000000000000e+02,6.711111111111111427e+01
2.935999999999999943e+00,1.432500000000000000e+02,7.155555555555555713e+01
2.935999999999999943e+00,1.437500000000000000e+02,7.477777777777778567e+01
2.935999999999999943e+00,1.442500000000000000e+02,8.177777777777778567e+01
2.935999999999999943e+00,1.447500000000000000e+02,8.300000000000001421e+01
2.935999999999999943e+00,1.452500000000000000e+02,9.177777777777778567e+01
2.935999999999999943e+00,1.457500000000000000e+02,9.466666666666668561e+01
2.935999999999999943e+00,1.462500000000000000e+02,1.007777777777777857e+02
2.935999999999999943e+00,1.467500000000000000e+02,1.036666666666666856e+02
2.935999999999999943e+00,1.472500000000000000e+02,1.080000000000000142e+02
2.935999999999999943e+00,1.477500000000000000e+02,1.171111111111111285e+02
2.935999999999999943e+00,1.482500000000000000e+02,1.241111111111111285e+02
2.935999999999999943e+00,1.487500000000000000e+02,1.330000000000000284e+02
2.935999999999999943e+00,1.492500000000000000e+02,1.393333333333333428e+02
2.935999999999999943e+00,1.497500000000000000e+02,1.512222222222222570e+02
2.935999999999999943e+00,1.502500000000000000e+02,1.558888888888889142e+02
2.935999999999999943e+00,1.507500000000000000e+02,1.642222222222222570e+02
2.935999999999999943e+00,1.512500000000000000e+02,1.674444444444444571e+02
2.935999999999999943e+00,1.517500000000000000e+02,1.776666666666666572e+02
2.935999999999999943e+00,1.522500000000000000e+02,1.832222222222222001e+02
2.935999999999999943e+00,1.527500000000000000e+02,1.936666666666666572e+02
2.935999999999999943e+00,1.532500000000000000e+02,2.026666666666666572e+02
2.935999999999999943e+00,1.537500000000000000e+02,2.093333333333333428e+02
2.935999999999999943e+00,1.542500000000000000e+02,2.211111111111110858e+02
2.935999999999999943e+00,1.547500000000000000e+02,2.358888888888888289e+02
2.935999999999999943e+00,1.552500000000000000e+02,2.508888888888888289e+02
2.935999999999999943e+00,1.557500000000000000e+02,2.647777777777777146e+02
2.935999999999999943e+00,1.562500000000000000e+02,2.698888888888888573e+02
2.935999999999999943e+00,1.567500000000000000e+02,2.834444444444444002e+02
2.935999999999999943e+00,1.572500000000000000e+02,2.927777777777777146e+02
2.935999999999999943e+00,1.577500000000000000e+02,3.051111111111110290e+02
2.935999999999999943e+00,1.582500000000000000e+02,3.219999999999999432e+02
2.935999999999999943e+00,1.587500000000000000e+02,3.256666666666665719e+02
2.935999999999999943e+00,1.592500000000000000e+02,3.308888888888888005e+02
2.935999999999999943e+00,1.597500000000000000e+02,3.328888888888888005e+02
2.935999999999999943e+00,1.602500000000000000e+02,3.456666666666665719e+02
2.935999999999999943e+00,1.607500000000000000e+02,3.525555555555554861e+02
2.935999999999999943e+00,1.612500000000000000e+02,3.602222222222221717e+02
2.935999999999999943e+00,1.617500000000000000e+02,3.633333333333332575e+02
2.935999999999999943e+00,1.622500000000000000e+02,3.807777777777776578e+02
2.935999999999999943e+00,1.627500000000000000e+02,3.889999999999999432e+02
2.935999999999999943e+00,1.632500000000000000e+02,4.076666666666665719e+02
2.935999999999999943e+00,1.637500000000000000e+02,4.143333333333332575e+02
2.935999999999999943e+00,1.642500000000000000e+02,4.224444444444443434e+02
2.935999999999999943e+00,1.647500000000000000e+02,4.235555555555554292e+02
2.935999999999999943e+00,1.652500000000000000e+02,4.202222222222221149e+02
2.935999999999999943e+00,1.657500000000000000e+02,4.133333333333332007e+02
2.935999999999999943e+00,1.662500000000000000e+02,4.103333333333332007e+02
2.935999999999999943e+00,1.667500000000000000e+02,4.183333333333332007e+02
2.935999999999999943e+00,1.672500000000000000e+02,4.251111111111110290e+02
2.935999999999999943e+00,1.677500000000000000e+02,4.344444444444443434e+02
2.935999999999999943e+00,1.682500000000000000e+02,4.313333333333332575e+02
2.935999999999999943e+00,1.687500000000000000e+02,4.296666666666665719e+02
2.935999999999999943e+00,1.692500000000000000e+02,4.183333333333332575e+02
2.935999999999999943e+00,1.697500000000000000e+02,4.113333333333332575e+02
2.935999999999999943e+00,1.702500000000000000e+02,4.082222222222221717e+02
2.935999999999999943e+00,1.707500000000000000e+02,4.036666666666666856e+02
2.935999999999999943e+00,1.712500000000000000e+02,3.917777777777777715e+02
2.935999999999999943e+00,1.717500000000000000e+02,3.770000000000000000e+02
2.935999999999999943e+00,1.722500000000000000e+02,3.588888888888888573e+02
2.935999999999999943e+00,1.727500000000000000e+02,3.421111111111110858e+02
2.935999999999999943e+00,1.732500000000000000e+02,3.246666666666666856e+02
2.935999999999999943e+00,1.737500000000000000e+02,3.021111111111111427e+02
2.935999999999999943e+00,1.742500000000000000e+02,2.853333333333333144e+02
2.935999999999999943e+00,1.747500000000000000e+02,2.636666666666666856e+02
2.935999999999999943e+00,1.752500000000000000e+02,2.427777777777777430e+02
2.935999999999999943e+00,1.757500000000000000e+02,2.258888888888888289e+02
2.935999999999999943e+00,1.762500000000000000e+02,2.073333333333332860e+02
2.935999999999999943e+00,1.767500000000000000e+02,1.846666666666666288e+02
2.935999999999999943e+00,1.772500000000000000e+02,1.562222222222221717e+02
2.935999999999999943e+00,1.777500000000000000e+02,1.219999999999999432e+02
2.935999999999999943e+00,1.782500000000000000e+02,9.499999999999994316e+01
2.935999999999999943e+00,1.787500000000000000e+02,6.555555555555550029e+01
2.935999999999999943e+00,1.792500000000000000e+02,3.955555555555550740e+01
2.935999999999999943e+00,1.797500000000000000e+02,2.166666666666661811e+01
2.951999999999999957e+00,1.302500000000000000e+02,1.533333333333333393e+01
2.951999999999999957e+00,1.307500000000000000e+02,1.755555555555555358e+01
2.951999999999999957e+00,1.312500000000000000e+02,1.933333333333333215e+01
2.951999999999999957e+00,1.317500000000000000e+02,1.822222222222222499e+01
2.951999999999999957e+00,1.322500000000000000e+02,1.822222222222222499e+01
2.951999999999999957e+00,1.327500000000000000e+02,2.011111111111111072e+01
2.951999999999999957e+00,1.332500000000000000e+02,2.155555555555555713e+01
2.951999999999999957e+00,1.337500000000000000e+02,2.500000000000000000e+01
2.951999999999999957e+00,1.342500000000000000e+02,2.488888888888888928e+01
2.951999999999999957e+00,1.347500000000000000e+02,2.722222222222222499e+01
2.951999999999999957e+00,1.352500000000000000e+02,2.711111111111111427e+01
2.951999999999999957e+00,1.357500000000000000e+02,3.000000000000000355e+01
2.951999999999999957e+00,1.362500000000000000e+02,3.433333333333333570e+01
2.951999999999999957e+00,1.367500000000000000e+02,3.911111111111111427e+01
2.951999999999999957e+00,1.372500000000000000e+02,4.044444444444444997e+01
2.951999999999999957e+00,1.377500000000000000e+02,4.111111111111111427e+01
2.951999999999999957e+00,1.382500000000000000e+02,4.177777777777777857e+01
2.951999999999999957e+00,1.387500000000000000e+02,4.433333333333333570e+01
2.951999999999999957e+00,1.392500000000000000e+02,4.544444444444443576e+01
2.951999999999999957e+00,1.397500000000000000e+02,4.722222222222220722e+01
2.951999999999999957e+00,1.402500000000000000e+02,4.988888888888887863e+01
2.951999999999999957e+00,1.407500000000000000e+02,5.377777777777777146e+01
2.951999999999999957e+00,1.412500000000000000e+02,5.766666666666666430e+01
2.951999999999999957e+00,1.417500000000000000e+02,6.266666666666666430e+01
2.951999999999999957e+00,1.422500000000000000e+02,6.433333333333332860e+01
2.951999999999999957e+00,1.427500000000000000e+02,6.677777777777778567e+01
2.951999999999999957e+00,1.432500000000000000e+02,7.100000000000000000e+01
2.951999999999999957e+00,1.437500000000000000e+02,7.477777777777778567e+01
2.951999999999999957e+00,1.442500000000000000e+02,7.900000000000000000e+01
2.951999999999999957e+00,1.447500000000000000e+02,8.100000000000000000e+01
2.951999999999999957e+00,1.452500000000000000e+02,8.544444444444444287e+01
2.951999999999999957e+00,1.457500000000000000e+02,8.944444444444444287e+01
2.951999999999999957e+00,1.462500000000000000e+02,9.577777777777777146e+01
2.951999999999999957e+00,1.467500000000000000e+02,9.855555555555554292e+01
2.951999999999999957e+00,1.472500000000000000e+02,1.048888888888888715e+02
2.951999999999999957e+00,1.477500000000000000e+02,1.124444444444444429e+02
2.951999999999999957e+00,1.482500000000000000e+02,1.235555555555555429e+02
2.951999999999999957e+00,1.487500000000000000e+02,1.313333333333333144e+02
2.951999999999999957e+00,1.492500000000000000e+02,1.369999999999999716e+02
2.951999999999999957e+00,1.497500000000000000e+02,1.439999999999999716e+02
2.951999999999999957e+00,1.502500000000000000e+02,1.497777777777777430e+02
2.951999999999999957e+00,1.507500000000000000e+02,1.594444444444444287e+02
2.951999999999999957e+00,1.512500000000000000e+02,1.632222222222222001e+02
2.951999999999999957e+00,1.517500000000000000e+02,1.730000000000000000e+02
2.951999999999999957e+00,1.522500000000000000e+02,1.792222222222222570e+02
2.951999999999999957e+00,1.527500000000000000e+02,1.884444444444444571e+02
2.951999999999999957e+00,1.532500000000000000e+02,1.945555555555555713e+02
2.951999999999999957e+00,1.537500000000000000e+02,1.993333333333333428e+02
2.951999999999999957e+00,1.542500000000000000e+02,2.117777777777777999e+02
2.951999999999999957e+00,1.547500000000000000e+02,2.284444444444444571e+02
2.951999999999999957e+00,1.552500000000000000e+02,2.360000000000000000e+02
2.951999999999999957e+00,1.557500000000000000e+02,2.454444444444444287e+02
2.951999999999999957e+00,1.562500000000000000e+02,2.458888888888888857e+02
2.951999999999999957e+00,1.567500000000000000e+02,2.614444444444444002e+02
2.951999999999999957e+00,1.572500000000000000e+02,2.748888888888888573e+02
2.951999999999999957e+00,1.577500000000000000e+02,2.870000000000000000e+02
2.951999999999999957e+00,1.582500000000000000e+02,2.972222222222222285e+02
2.951999999999999957e+00,1.587500000000000000e+02,2.976666666666666856e+02
2.951999999999999957e+00,1.592500000000000000e+02,3.034444444444444571e+02
2.951999999999999957e+00,1.597500000000000000e+02,3.073333333333333144e+02
2.951999999999999957e+00,1.602500000000000000e+02,3.201111111111110858e+02
2.951999999999999957e+00,1.607500000000000000e+02,3.299999999999999432e+02
2.951999999999999957e+00,1.612500000000000000e+02,3.414444444444444002e+02
2.951999999999999957e+00,1.617500000000000000e+02,3.460000000000000000e+02
2.951999999999999957e+00,1.622500000000000000e+02,3.580000000000000000e+02
2.951999999999999957e+00,1.627500000000000000e+02,3.650000000000000000e+02
2.951999999999999957e+00,1.632500000000000000e+02,3.752222222222222285e+02
2.951999999999999957e+00,1.637500000000000000e+02,3.896666666666666856e+02
2.951999999999999957e+00,1.642500000000000000e+02,3.987777777777777715e+02
2.951999999999999957e+00,1.647500000000000000e+02,4.071111111111110858e+02
2.951999999999999957e+00,1.652500000000000000e+02,3.996666666666666856e+02
2.951999999999999957e+00,1.657500000000000000e+02,3.960000000000000000e+02
2.951999999999999957e+00,1.662500000000000000e+02,3.885555555555554861e+02
2.951999999999999957e+00,1.667500000000000000e+02,3.878888888888888573e+02
2.951999999999999957e+00,1.672500000000000000e+02,3.899999999999999432e+02
2.951999999999999957e+00,1.677500000000000000e+02,4.002222222222221717e+02
2.951999999999999957e+00,1.682500000000000000e+02,4.017777777777777715e+02
2.951999999999999957e+00,1.687500000000000000e+02,3.953333333333333144e+02
2.951999999999999957e+00,1.692500000000000000e+02,3.866666666666666856e+02
2.951999999999999957e+00,1.697500000000000000e+02,3.844444444444444002e+02
2.951999999999999957e+00,1.702500000000000000e+02,3.844444444444444002e+02
2.951999999999999957e+00,1.707500000000000000e+02,3.774444444444444002e+02
2.951999999999999957e+00,1.712500000000000000e+02,3.615555555555554861e+02
2.951999999999999957e+00,1.717500000000000000e+02,3.468888888888888573e+02
2.951999999999999957e+00,1.722500000000000000e+02,3.309999999999999432e+02
2.951999999999999957e+00,1.727500000000000000e+02,3.139999999999999432e+02
2.951999999999999957e+00,1.732500000000000000e+02,3.012222222222221717e+02
2.951999999999999957e+00,1.737500000000000000e+02,2.789999999999999432e+02
2.951999999999999957e+00,1.742500000000000000e+02,2.639999999999999432e+02
2.951999999999999957e+00,1.747500000000000000e+02,2.415555555555555145e+02
2.951999999999999957e+00,1.752500000000000000e+02,2.242222222222221717e+02
2.951999999999999957e+00,1.757500000000000000e+02,2.077777777777777430e+02
2.951999999999999957e+00,1.762500000000000000e+02,1.886666666666666288e+02
2.951999999999999957e+00,1.767500000000000000e+02,1.703333333333332860e+02
2.951999999999999957e+00,1.772500000000000000e+02,1.432222222222221717e+02
2.951999999999999957e+00,1.777500000000000000e+02,1.151111111111110716e+02
2.951999999999999957e+00,1.782500000000000000e+02,8.866666666666662877e+01
2.951999999999999957e+00,1.787500000000000000e+02,6.355555555555551450e+01
2.951999999999999957e+00,1.792500000000000000e+02,3.933333333333329307e+01
2.951999999999999957e+00,1.797500000000000000e+02,2.122222222222218235e+01
2.967999999999999972e+00,1.302500000000000000e+02,1.566666666666666607e+01
2.967999999999999972e+00,1.307500000000000000e+02,1.800000000000000000e+01
2.967999999999999972e+00,1.312500000000000000e+02,2.022222222222222143e+01
2.967999999999999972e+00,1.317500000000000000e+02,2.000000000000000000e+01
2.967999999999999972e+00,1.322500000000000000e+02,2.033333333333333215e+01
2.967999999999999972e+00,1.327500000000000000e+02,2.066666666666666785e+01
2.967999999999999972e+00,1.332500000000000000e+02,2.222222222222221788e+01
2.967999999999999972e+00,1.337500000000000000e+02,2.533333333333333215e+01
2.967999999999999972e+00,1.342500000000000000e+02,2.677777777777777501e+01
2.967999999999999972e+00,1.347500000000000000e+02,2.811111111111111072e+01
2.967999999999999972e+00,1.352500000000000000e+02,2.877777777777777501e+01
2.967999999999999972e+00,1.357500000000000000e+02,3.077777777777777501e+01
2.967999999999999972e+00,1.362500000000000000e+02,3.366666666666666430e+01
2.967999999999999972e+00,1.367500000000000000e+02,3.688888888888889284e+01
2.967999999999999972e+00,1.372500000000000000e+02,3.955555555555555713e+01
2.967999999999999972e+00,1.377500000000000000e+02,4.155555555555555713e+01
2.967999999999999972e+00,1.382500000000000000e+02,4.277777777777777857e+01
2.967999999999999972e+00,1.387500000000000000e+02,4.444444444444444997e+01
2.967999999999999972e+00,1.392500000000000000e+02,4.533333333333333570e+01
2.967999999999999972e+00,1.397500000000000000e+02,4.522222222222222143e+01
2.967999999999999972e+00,1.402500000000000000e+02,4.644444444444443576e+01
2.967999999999999972e+00,1.407500000000000000e+02,5.144444444444443576e+01
2.967999999999999972e+00,1.412500000000000000e+02,5.633333333333333570e+01
2.967999999999999972e+00,1.417500000000000000e+02,6.222222222222222854e+01
2.967999999999999972e+00,1.422500000000000000e+02,6.344444444444444997e+01
2.967999999999999972e+00,1.427500000000000000e+02,6.644444444444444287e+01
2.967999999999999972e+00,1.432500000000000000e+02,7.033333333333332860e+01
2.967999999999999972e+00,1.437500000000000000e+02,7.366666666666667140e+01
2.967999999999999972e+00,1.442500000000000000e+02,7.733333333333332860e+01
2.967999999999999972e+00,1.447500000000000000e+02,8.066666666666667140e+01
2.967999999999999972e+00,1.452500000000000000e+02,8.688888888888889994e+01
2.967999999999999972e+00,1.457500000000000000e+02,8.966666666666667140e+01
2.967999999999999972e+00,1.462500000000000000e+02,9.522222222222222854e+01
2.967999999999999972e+00,1.467500000000000000e+02,9.711111111111112848e+01
2.967999999999999972e+00,1.472500000000000000e+02,1.048888888888888999e+02
2.967999999999999972e+00,1.477500000000000000e+02,1.115555555555555571e+02
2.967999999999999972e+00,1.482500000000000000e+02,1.217777777777777857e+02
2.967999999999999972e+00,1.487500000000000000e+02,1.256666666666666856e+02
2.967999999999999972e+00,1.492500000000000000e+02,1.321111111111111143e+02
2.967999999999999972e+00,1.497500000000000000e+02,1.342222222222222285e+02
2.967999999999999972e+00,1.502500000000000000e+02,1.431111111111111143e+02
2.967999999999999972e+00,1.507500000000000000e+02,1.497777777777777999e+02
2.967999999999999972e+00,1.512500000000000000e+02,1.560000000000000284e+02
2.967999999999999972e+00,1.517500000000000000e+02,1.625555555555555713e+02
2.967999999999999972e+00,1.522500000000000000e+02,1.683333333333333428e+02
2.967999999999999972e+00,1.527500000000000000e+02,1.786666666666666572e+02
2.967999999999999972e+00,1.532500000000000000e+02,1.871111111111111143e+02
2.967999999999999972e+00,1.537500000000000000e+02,1.947777777777777999e+02
2.967999999999999972e+00,1.542500000000000000e+02,2.076666666666666572e+02
2.967999999999999972e+00,1.547500000000000000e+02,2.233333333333333428e+02
2.967999999999999972e+00,1.552500000000000000e+02,2.268888888888889142e+02
2.967999999999999972e+00,1.557500000000000000e+02,2.340000000000000284e+02
2.967999999999999972e+00,1.562500000000000000e+02,2.294444444444444855e+02
2.967999999999999972e+00,1.567500000000000000e+02,2.451111111111111711e+02
2.967999999999999972e+00,1.572500000000000000e+02,2.574444444444445139e+02
2.967999999999999972e+00,1.577500000000000000e+02,2.738888888888889710e+02
2.967999999999999972e+00,1.582500000000000000e+02,2.803333333333334281e+02
2.967999999999999972e+00,1.587500000000000000e+02,2.830000000000000568e+02
2.967999999999999972e+00,1.592500000000000000e+02,2.925555555555556566e+02
2.967999999999999972e+00,1.597500000000000000e+02,2.948888888888889710e+02
2.967999999999999972e+00,1.602500000000000000e+02,3.026666666666667993e+02
2.967999999999999972e+00,1.607500000000000000e+02,3.063333333333334281e+02
2.967999999999999972e+00,1.612500000000000000e+02,3.208888888888889710e+02
2.967999999999999972e+00,1.617500000000000000e+02,3.282222222222223422e+02
2.967999999999999972e+00,1.622500000000000000e+02,3.378888888888889710e+02
2.967999999999999972e+00,1.627500000000000000e+02,3.478888888888889710e+02
2.967999999999999972e+00,1.632500000000000000e+02,3.544444444444445139e+02
2.967999999999999972e+00,1.637500000000000000e+02,3.643333333333333144e+02
2.967999999999999972e+00,1.642500000000000000e+02,3.604444444444445139e+02
2.967999999999999972e+00,1.647500000000000000e+02,3.673333333333334281e+02
2.967999999999999972e+00,1.652500000000000000e+02,3.643333333333334281e+02
2.967999999999999972e+00,1.657500000000000000e+02,3.703333333333334281e+02
2.967999999999999972e+00,1.662500000000000000e+02,3.664444444444445139e+02
2.967999999999999972e+00,1.667500000000000000e+02,3.631111111111111427e+02
2.967999999999999972e+00,1.672500000000000000e+02,3.645555555555555998e+02
2.967999999999999972e+00,1.677500000000000000e+02,3.704444444444445139e+02
2.967999999999999972e+00,1.682500000000000000e+02,3.711111111111111427e+02
2.967999999999999972e+00,1.687500000000000000e+02,3.640000000000000568e+02
2.967999999999999972e+00,1.692500000000000000e+02,3.556666666666667425e+02
2.967999999999999972e+00,1.697500000000000000e+02,3.544444444444445139e+02
2.967999999999999972e+00,1.702500000000000000e+02,3.493333333333333144e+02
2.967999999999999972e+00,1.707500000000000000e+02,3.378888888888889142e+02
2.967999999999999972e+00,1.712500000000000000e+02,3.234444444444444571e+02
2.967999999999999972e+00,1.717500000000000000e+02,3.115555555555555998e+02
2.967999999999999972e+00,1.722500000000000000e+02,3.026666666666666856e+02
2.967999999999999972e+00,1.727500000000000000e+02,2.887777777777777715e+02
2.967999999999999972e+00,1.732500000000000000e+02,2.840000000000000000e+02
2.967999999999999972e+00,1.737500000000000000e+02,2.630000000000000000e+02
2.967999999999999972e+00,1.742500000000000000e+02,2.475555555555555429e+02
2.967999999999999972e+00,1.747500000000000000e+02,2.212222222222222001e+02
2.967999999999999972e+00,1.752500000000000000e+02,2.050000000000000000e+02
2.967999999999999972e+00,1.757500000000000000e+02,1.864444444444444287e+02
2.967999999999999972e+00,1.762500000000000000e+02,1.685555555555555145e+02
2.967999999999999972e+00,1.767500000000000000e+02,1.506666666666666288e+02
2.967999999999999972e+00,1.772500000000000000e+02,1.301111111111110858e+02
2.967999999999999972e+00,1.777500000000000000e+02,1.045555555555555429e+02
2.967999999999999972e+00,1.782500000000000000e+02,8.266666666666665719e+01
2.967999999999999972e+00,1.787500000000000000e+02,5.899999999999999289e+01
2.967999999999999972e+00,1.792500000000000000e+02,3.755555555555555003e+01
2.967999999999999972e+00,1.797500000000000000e+02,1.977777777777776791e+01
2.983999999999999986e+00,1.302500000000000000e+02,1.733333333333333215e+01
2.983999999999999986e+00,1.307500000000000000e+02,1.822222222222222143e+01
2.983999999999999986e+00,1.312500000000000000e+02,2.022222222222222143e+01
2.983999999999999986e+00,1.317500000000000000e+02,2.011111111111111072e+01
2.983999999999999986e+00,1.322500000000000000e+02,2.133333333333333215e+01
2.983999999999999986e+00,1.327500000000000000e+02,2.222222222222222499e+01
2.983999999999999986e+00,1.332500000000000000e+02,2.411111111111111427e+01
2.983999999999999986e+00,1.337500000000000000e+02,2.744444444444444642e+01
2.983999999999999986e+00,1.342500000000000000e+02,2.800000000000000355e+01
2.983999999999999986e+00,1.347500000000000000e+02,2.944444444444444642e+01
2.983999999999999986e+00,1.352500000000000000e+02,2.933333333333333215e+01
2.983999999999999986e+00,1.357500000000000000e+02,3.388888888888889284e+01
2.983999999999999986e+00,1.362500000000000000e+02,3.411111111111111427e+01
2.983999999999999986e+00,1.367500000000000000e+02,3.600000000000000711e+01
2.983999999999999986e+00,1.372500000000000000e+02,3.588888888888889284e+01
2.983999999999999986e+00,1.377500000000000000e+02,3.811111111111112137e+01
2.983999999999999986e+00,1.382500000000000000e+02,4.100000000000000711e+01
2.983999999999999986e+00,1.387500000000000000e+02,4.288888888888889284e+01
2.983999999999999986e+00,1.392500000000000000e+02,4.611111111111111427e+01
2.983999999999999986e+00,1.397500000000000000e+02,4.633333333333333570e+01
2.983999999999999986e+00,1.402500000000000000e+02,4.766666666666666430e+01
2.983999999999999986e+00,1.407500000000000000e+02,5.411111111111110716e+01
2.983999999999999986e+00,1.412500000000000000e+02,5.899999999999999289e+01
2.983999999999999986e+00,1.417500000000000000e+02,6.322222222222220722e+01
2.983999999999999986e+00,1.422500000000000000e+02,6.177777777777777146e+01
2.983999999999999986e+00,1.427500000000000000e+02,6.422222222222221433e+01
2.983999999999999986e+00,1.432500000000000000e+02,6.777777777777775725e+01
2.983999999999999986e+00,1.437500000000000000e+02,7.177777777777775725e+01
2.983999999999999986e+00,1.442500000000000000e+02,7.411111111111110006e+01
2.983999999999999986e+00,1.447500000000000000e+02,8.055555555555554292e+01
2.983999999999999986e+00,1.452500000000000000e+02,8.644444444444444287e+01
2.983999999999999986e+00,1.457500000000000000e+02,9.177777777777777146e+01
2.983999999999999986e+00,1.462500000000000000e+02,9.711111111111110006e+01
2.983999999999999986e+00,1.467500000000000000e+02,9.977777777777777146e+01
2.983999999999999986e+00,1.472500000000000000e+02,1.041111111111111001e+02
2.983999999999999986e+00,1.477500000000000000e+02,1.091111111111111001e+02
2.983999999999999986e+00,1.482500000000000000e+02,1.166666666666666714e+02
2.983999999999999986e+00,1.487500000000000000e+02,1.201111111111111285e+02
2.983999999999999986e+00,1.492500000000000000e+02,1.236666666666666856e+02
2.983999999999999986e+00,1.497500000000000000e+02,1.271111111111111285e+02
2.983999999999999986e+00,1.502500000000000000e+02,1.352222222222222285e+02
2.983999999999999986e+00,1.507500000000000000e+02,1.441111111111111143e+02
2.983999999999999986e+00,1.512500000000000000e+02,1.510000000000000284e+02
2.983999999999999986e+00,1.517500000000000000e+02,1.608888888888889142e+02
2.983999999999999986e+00,1.522500000000000000e+02,1.663333333333333712e+02
2.983999999999999986e+00,1.527500000000000000e+02,1.745555555555555713e+02
2.983999999999999986e+00,1.532500000000000000e+02,1.806666666666667140e+02
2.983999999999999986e+00,1.537500000000000000e+02,1.870000000000000284e+02
2.983999999999999986e+00,1.542500000000000000e+02,1.962222222222222570e+02
2.983999999999999986e+00,1.547500000000000000e+02,2.112222222222222570e+02
2.983999999999999986e+00,1.552500000000000000e+02,2.117777777777777999e+02
2.983999999999999986e+00,1.557500000000000000e+02,2.163333333333333428e+02
2.983999999999999986e+00,1.562500000000000000e+02,2.118888888888888857e+02
2.983999999999999986e+00,1.567500000000000000e+02,2.243333333333333428e+02
2.983999999999999986e+00,1.572500000000000000e+02,2.387777777777777999e+02
2.983999999999999986e+00,1.577500000000000000e+02,2.528888888888889142e+02
2.983999999999999986e+00,1.582500000000000000e+02,2.581111111111111427e+02
2.983999999999999986e+00,1.587500000000000000e+02,2.621111111111111427e+02
2.983999999999999986e+00,1.592500000000000000e+02,2.713333333333333144e+02
2.983999999999999986e+00,1.597500000000000000e+02,2.787777777777777715e+02
2.983999999999999986e+00,1.602500000000000000e+02,2.864444444444444571e+02
2.983999999999999986e+00,1.607500000000000000e+02,2.947777777777777715e+02
2.983999999999999986e+00,1.612500000000000000e+02,3.105555555555555998e+02
2.983999999999999986e+00,1.617500000000000000e+02,3.170000000000000000e+02
2.983999999999999986e+00,1.622500000000000000e+02,3.171111111111110858e+02
2.983999999999999986e+00,1.627500000000000000e+02,3.217777777777777715e+02
2.983999999999999986e+00,1.632500000000000000e+02,3.267777777777777715e+02
2.983999999999999986e+00,1.637500000000000000e+02,3.402222222222221717e+02
2.983999999999999986e+00,1.642500000000000000e+02,3.357777777777777715e+02
2.983999999999999986e+00,1.647500000000000000e+02,3.356666666666666856e+02
2.983999999999999986e+00,1.652500000000000000e+02,3.330000000000000000e+02
2.983999999999999986e+00,1.657500000000000000e+02,3.414444444444444002e+02
2.983999999999999986e+00,1.662500000000000000e+02,3.406666666666666288e+02
2.983999999999999986e+00,1.667500000000000000e+02,3.353333333333333144e+02
2.983999999999999986e+00,1.672500000000000000e+02,3.348888888888888573e+02
2.983999999999999986e+00,1.677500000000000000e+02,3.404444444444444002e+02
2.983999999999999986e+00,1.682500000000000000e+02,3.374444444444444002e+02
2.983999999999999986e+00,1.687500000000000000e+02,3.341111111111110858e+02
2.983999999999999986e+00,1.692500000000000000e+02,3.270000000000000000e+02
2.983999999999999986e+00,1.697500000000000000e+02,3.254444444444444571e+02
2.983999999999999986e+00,1.702500000000000000e+02,3.166666666666666856e+02
2.983999999999999986e+00,1.707500000000000000e+02,3.046666666666666856e+02
2.983999999999999986e+00,1.712500000000000000e+02,3.007777777777777715e+02
2.983999999999999986e+00,1.717500000000000000e+02,2.929999999999999432e+02
2.983999999999999986e+00,1.722500000000000000e+02,2.845555555555554861e+02
2.983999999999999986e+00,1.727500000000000000e+02,2.667777777777777146e+02
2.983999999999999986e+00,1.732500000000000000e+02,2.577777777777777146e+02
2.983999999999999986e+00,1.737500000000000000e+02,2.398888888888888289e+02
2.983999999999999986e+00,1.742500000000000000e+02,2.251111111111110858e+02
2.983999999999999986e+00,1.747500000000000000e+02,2.028888888888888857e+02
2.983999999999999986e+00,1.752500000000000000e+02,1.895555555555555429e+02
2.983999999999999986e+00,1.757500000000000000e+02,1.724444444444444287e+02
2.983999999999999986e+00,1.762500000000000000e+02,1.547777777777777430e+02
2.983999999999999986e+00,1.767500000000000000e+02,1.392222222222222001e+02
2.983999999999999986e+00,1.772500000000000000e+02,1.169999999999999858e+02
2.983999999999999986e+00,1.777500000000000000e+02,9.588888888888887152e+01
2.983999999999999986e+00,1.782500000000000000e+02,7.488888888888887152e+01
2.983999999999999986e+00,1.787500000000000000e+02,5.633333333333332149e+01
2.983999999999999986e+00,1.792500000000000000e+02,3.522222222222221433e+01
2.983999999999999986e+00,1.797500000000000000e+02,1.855555555555554648e+01
3.000000000000000000e+00,1.302500000000000000e+02,1.788888888888888928e+01
3.000000000000000000e+00,1.307500000000000000e+02,1.722222222222222143e+01
3.000000000000000000e+00,1.312500000000000000e+02,1.866666666666666785e+01
3.000000000000000000e+00,1.317500000000000000e+02,1.988888888888888928e+01
3.000000000000000000e+00,1.322500000000000000e+02,2.244444444444444642e+01
3.000000000000000000e+00,1.327500000000000000e+02,2.300000000000000000e+01
3.000000000000000000e+00,1.332500000000000000e+02,2.533333333333333215e+01
3.000000000000000000e+00,1.337500000000000000e+02,2.600000000000000000e+01
3.000000000000000000e+00,1.342500000000000000e+02,2.733333333333333215e+01
3.000000000000000000e+00,1.347500000000000000e+02,2.877777777777777501e+01
3.000000000000000000e+00,1.352500000000000000e+02,3.066666666666666785e+01
3.000000000000000000e+00,1.357500000000000000e+02,3.344444444444444287e+01
3.000000000000000000e+00,1.362500000000000000e+02,3.244444444444444287e+01
3.000000000000000000e+00,1.367500000000000000e+02,3.433333333333333570e+01
3.000000000000000000e+00,1.372500000000000000e+02,3.533333333333333570e+01
3.000000000000000000e+00,1.377500000000000000e+02,3.877777777777777857e+01
3.000000000000000000e+00,1.382500000000000000e+02,4.122222222222222143e+01
3.000000000000000000e+00,1.387500000000000000e+02,4.411111111111111427e+01
3.000000000000000000e+00,1.392500000000000000e+02,4.622222222222222854e+01
3.000000000000000000e+00,1.397500000000000000e+02,4.644444444444445708e+01
3.000000000000000000e+00,1.402500000000000000e+02,4.744444444444445708e+01
3.000000000000000000e+00,1.407500000000000000e+02,5.400000000000000711e+01
3.000000000000000000e+00,1.412500000000000000e+02,5.888888888888889284e+01
3.000000000000000000e+00,1.417500000000000000e+02,6.066666666666666430e+01
3.000000000000000000e+00,1.422500000000000000e+02,5.955555555555556424e+01
3.000000000000000000e+00,1.427500000000000000e+02,6.422222222222222854e+01
3.000000000000000000e+00,1.432500000000000000e+02,6.833333333333334281e+01
3.000000000000000000e+00,1.437500000000000000e+02,7.177777777777778567e+01
3.000000000000000000e+00,1.442500000000000000e+02,7.544444444444445708e+01
3.000000000000000000e+00,1.447500000000000000e+02,8.122222222222222854e+01
3.000000000000000000e+00,1.452500000000000000e+02,8.777777777777778567e+01
3.000000000000000000e+00,1.457500000000000000e+02,8.955555555555555713e+01
3.000000000000000000e+00,1.462500000000000000e+02,9.333333333333332860e+01
3.000000000000000000e+00,1.467500000000000000e+02,9.644444444444444287e+01
3.000000000000000000e+00,1.472500000000000000e+02,1.007777777777777715e+02
3.000000000000000000e+00,1.477500000000000000e+02,1.058888888888888715e+02
3.000000000000000000e+00,1.482500000000000000e+02,1.098888888888888715e+02
3.000000000000000000e+00,1.487500000000000000e+02,1.118888888888888715e+02
3.000000000000000000e+00,1.492500000000000000e+02,1.155555555555555429e+02
3.000000000000000000e+00,1.497500000000000000e+02,1.206666666666666430e+02
3.000000000000000000e+00,1.502500000000000000e+02,1.314444444444444287e+02
3.000000000000000000e+00,1.507500000000000000e+02,1.371111111111110858e+02
3.000000000000000000e+00,1.512500000000000000e+02,1.453333333333333144e+02
3.000000000000000000e+00,1.517500000000000000e+02,1.489999999999999716e+02
3.000000000000000000e+00,1.522500000000000000e+02,1.539999999999999716e+02
3.000000000000000000e+00,1.527500000000000000e+02,1.606666666666666572e+02
3.000000000000000000e+00,1.532500000000000000e+02,1.673333333333333144e+02
3.000000000000000000e+00,1.537500000000000000e+02,1.782222222222222001e+02
3.000000000000000000e+00,1.542500000000000000e+02,1.870000000000000000e+02
3.000000000000000000e+00,1.547500000000000000e+02,1.990000000000000000e+02
3.000000000000000000e+00,1.552500000000000000e+02,2.003333333333333428e+02
3.000000000000000000e+00,1.557500000000000000e+02,2.042222222222222570e+02
3.000000000000000000e+00,1.562500000000000000e+02,2.050000000000000284e+02
3.000000000000000000e+00,1.567500000000000000e+02,2.167777777777778283e+02
3.000000000000000000e+00,1.572500000000000000e+02,2.281111111111111711e+02
3.000000000000000000e+00,1.577500000000000000e+02,2.402222222222222854e+02
3.000000000000000000e+00,1.582500000000000000e+02,2.463333333333333997e+02
3.000000000000000000e+00,1.587500000000000000e+02,2.495555555555556282e+02
3.000000000000000000e+00,1.592500000000000000e+02,2.563333333333334281e+02
3.000000000000000000e+00,1.597500000000000000e+02,2.642222222222222854e+02
3.000000000000000000e+00,1.602500000000000000e+02,2.714444444444445139e+02
3.000000000000000000e+00,1.607500000000000000e+02,2.755555555555555998e+02
3.000000000000000000e+00,1.612500000000000000e+02,2.824444444444445139e+02
3.000000000000000000e+00,1.617500000000000000e+02,2.862222222222222285e+02
3.000000000000000000e+00,1.622500000000000000e+02,2.897777777777778283e+02
3.000000000000000000e+00,1.627500000000000000e+02,2.954444444444445139e+02
3.000000000000000000e+00,1.632500000000000000e+02,3.046666666666667425e+02
3.000000000000000000e+00,1.637500000000000000e+02,3.144444444444445139e+02
3.000000000000000000e+00,1.642500000000000000e+02,3.103333333333333712e+02
3.000000000000000000e+00,1.647500000000000000e+02,3.071111111111111427e+02
3.000000000000000000e+00,1.652500000000000000e+02,3.077777777777778283e+02
3.000000000000000000e+00,1.657500000000000000e+02,3.135555555555555998e+02
3.000000000000000000e+00,1.662500000000000000e+02,3.180000000000000568e+02
3.000000000000000000e+00,1.667500000000000000e+02,3.142222222222223422e+02
3.000000000000000000e+00,1.672500000000000000e+02,3.171111111111111995e+02
3.000000000000000000e+00,1.677500000000000000e+02,3.187777777777778851e+02
3.000000000000000000e+00,1.682500000000000000e+02,3.143333333333334281e+02
3.000000000000000000e+00,1.687500000000000000e+02,3.116666666666667425e+02
3.000000000000000000e+00,1.692500000000000000e+02,2.990000000000000568e+02
3.000000000000000000e+00,1.697500000000000000e+02,2.924444444444445139e+02
3.000000000000000000e+00,1.702500000000000000e+02,2.824444444444445139e+02
3.000000000000000000e+00,1.707500000000000000e+02,2.758888888888889710e+02
3.000000000000000000e+00,1.712500000000000000e+02,2.755555555555556566e+02
3.000000000000000000e+00,1.717500000000000000e+02,2.667777777777778851e+02
3.000000000000000000e+00,1.722500000000000000e+02,2.560000000000001137e+02
3.000000000000000000e+00,1.727500000000000000e+02,2.388888888888889994e+02
3.000000000000000000e+00,1.732500000000000000e+02,2.286666666666667709e+02
3.000000000000000000e+00,1.737500000000000000e+02,2.157777777777779136e+02
3.000000000000000000e+00,1.742500000000000000e+02,2.042222222222223138e+02
3.000000000000000000e+00,1.747500000000000000e+02,1.862222222222223138e+02
3.000000000000000000e+00,1.752500000000000000e+02,1.755555555555556566e+02
3.000000000000000000e+00,1.757500000000000000e+02,1.605555555555556566e+02
3.000000000000000000e+00,1.762500000000000000e+02,1.475555555555556566e+02
3.000000000000000000e+00,1.767500000000000000e+02,1.301111111111112280e+02
3.000000000000000000e+00,1.772500000000000000e+02,1.080000000000001137e+02
3.000000000000000000e+00,1.777500000000000000e+02,8.522222222222232801e+01
3.000000000000000000e+00,1.782500000000000000e+02,6.488888888888899942e+01
3.000000000000000000e+00,1.787500000000000000e+02,5.000000000000011369e+01
3.000000000000000000e+00,1.792500000000000000e+02,3.188888888888899942e+01
3.000000000000000000e+00,1.797500000000000000e+02,1.866666666666677443e+01
3.016000000000000014e+00,1.302500000000000000e+02,1.733333333333333215e+01
3.016000000000000014e+00,1.307500000000000000e+02,1.677777777777777501e+01
3.016000000000000014e+00,1.312500000000000000e+02,1.744444444444444287e+01
3.016000000000000014e+00,1.317500000000000000e+02,1.833333333333333215e+01
3.016000000000000014e+00,1.322500000000000000e+02,1.999999999999999645e+01
3.016000000000000014e+00,1.327500000000000000e+02,2.133333333333333215e+01
3.016000000000000014e+00,1.332500000000000000e+02,2.288888888888888573e+01
3.016000000000000014e+00,1.337500000000000000e+02,2.422222222222221788e+01
3.016000000000000014e+00,1.342500000000000000e+02,2.544444444444443931e+01
3.016000000000000014e+00,1.347500000000000000e+02,2.822222222222221433e+01
3.016000000000000014e+00,1.352500000000000000e+02,2.944444444444443931e+01
3.016000000000000014e+00,1.357500000000000000e+02,3.233333333333332860e+01
3.016000000000000014e+00,1.362500000000000000e+02,3.299999999999999289e+01
3.016000000000000014e+00,1.367500000000000000e+02,3.477777777777777146e+01
3.016000000000000014e+00,1.372500000000000000e+02,3.544444444444443576e+01
3.016000000000000014e+00,1.377500000000000000e+02,3.888888888888887863e+01
3.016000000000000014e+00,1.382500000000000000e+02,4.155555555555555003e+01
3.016000000000000014e+00,1.387500000000000000e+02,4.444444444444443576e+01
3.016000000000000014e+00,1.392500000000000000e+02,4.588888888888888573e+01
3.016000000000000014e+00,1.397500000000000000e+02,4.644444444444443576e+01
3.016000000000000014e+00,1.402500000000000000e+02,4.800000000000000000e+01
3.016000000000000014e+00,1.407500000000000000e+02,5.133333333333333570e+01
3.016000000000000014e+00,1.412500000000000000e+02,5.600000000000000000e+01
3.016000000000000014e+00,1.417500000000000000e+02,5.755555555555555003e+01
3.016000000000000014e+00,1.422500000000000000e+02,6.022222222222222143e+01
3.016000000000000014e+00,1.427500000000000000e+02,6.333333333333333570e+01
3.016000000000000014e+00,1.432500000000000000e+02,6.544444444444444287e+01
3.016000000000000014e+00,1.437500000000000000e+02,7.055555555555555713e+01
3.016000000000000014e+00,1.442500000000000000e+02,7.333333333333332860e+01
3.016000000000000014e+00,1.447500000000000000e+02,7.966666666666667140e+01
3.016000000000000014e+00,1.452500000000000000e+02,8.333333333333332860e+01
3.016000000000000014e+00,1.457500000000000000e+02,8.933333333333332860e+01
3.016000000000000014e+00,1.462500000000000000e+02,9.355555555555555713e+01
3.016000000000000014e+00,1.467500000000000000e+02,9.455555555555555713e+01
3.016000000000000014e+00,1.472500000000000000e+02,9.711111111111112848e+01
3.016000000000000014e+00,1.477500000000000000e+02,9.977777777777778567e+01
3.016000000000000014e+00,1.482500000000000000e+02,1.012222222222222427e+02
3.016000000000000014e+00,1.487500000000000000e+02,1.013333333333333570e+02
3.016000000000000014e+00,1.492500000000000000e+02,1.065555555555555856e+02
3.016000000000000014e+00,1.497500000000000000e+02,1.173333333333333570e+02
3.016000000000000014e+00,1.502500000000000000e+02,1.280000000000000284e+02
3.016000000000000014e+00,1.507500000000000000e+02,1.328888888888889142e+02
3.016000000000000014e+00,1.512500000000000000e+02,1.403333333333333712e+02
3.016000000000000014e+00,1.517500000000000000e+02,1.473333333333333712e+02
3.016000000000000014e+00,1.522500000000000000e+02,1.554444444444444855e+02
3.016000000000000014e+00,1.527500000000000000e+02,1.577777777777777999e+02
3.016000000000000014e+00,1.532500000000000000e+02,1.582222222222222570e+02
3.016000000000000014e+00,1.537500000000000000e+02,1.623333333333333712e+02
3.016000000000000014e+00,1.542500000000000000e+02,1.708888888888889142e+02
3.016000000000000014e+00,1.547500000000000000e+02,1.845555555555555713e+02
3.016000000000000014e+00,1.552500000000000000e+02,1.883333333333333712e+02
3.016000000000000014e+00,1.557500000000000000e+02,1.940000000000000284e+02
3.016000000000000014e+00,1.562500000000000000e+02,1.985555555555555713e+02
3.016000000000000014e+00,1.567500000000000000e+02,2.101111111111111143e+02
3.016000000000000014e+00,1.572500000000000000e+02,2.197777777777777999e+02
3.016000000000000014e+00,1.577500000000000000e+02,2.261111111111111143e+02
3.016000000000000014e+00,1.582500000000000000e+02,2.321111111111111143e+02
3.016000000000000014e+00,1.587500000000000000e+02,2.306666666666666572e+02
3.016000000000000014e+00,1.592500000000000000e+02,2.384444444444444287e+02
3.016000000000000014e+00,1.597500000000000000e+02,2.453333333333332860e+02
3.016000000000000014e+00,1.602500000000000000e+02,2.522222222222221717e+02
3.016000000000000014e+00,1.607500000000000000e+02,2.568888888888888573e+02
3.016000000000000014e+00,1.612500000000000000e+02,2.648888888888888573e+02
3.016000000000000014e+00,1.617500000000000000e+02,2.681111111111110290e+02
3.016000000000000014e+00,1.622500000000000000e+02,2.706666666666665719e+02
3.016000000000000014e+00,1.627500000000000000e+02,2.747777777777776578e+02
3.016000000000000014e+00,1.632500000000000000e+02,2.862222222222221149e+02
3.016000000000000014e+00,1.637500000000000000e+02,2.933333333333332007e+02
3.016000000000000014e+00,1.642500000000000000e+02,2.912222222222221149e+02
3.016000000000000014e+00,1.647500000000000000e+02,2.853333333333332007e+02
3.016000000000000014e+00,1.652500000000000000e+02,2.833333333333332007e+02
3.016000000000000014e+00,1.657500000000000000e+02,2.805555555555554292e+02
3.016000000000000014e+00,1.662500000000000000e+02,2.867777777777776578e+02
3.016000000000000014e+00,1.667500000000000000e+02,2.819999999999998295e+02
3.016000000000000014e+00,1.672500000000000000e+02,2.876666666666665151e+02
3.016000000000000014e+00,1.677500000000000000e+02,2.865555555555554292e+02
3.016000000000000014e+00,1.682500000000000000e+02,2.862222222222221149e+02
3.016000000000000014e+00,1.687500000000000000e+02,2.855555555555554292e+02
3.016000000000000014e+00,1.692500000000000000e+02,2.768888888888887436e+02
3.016000000000000014e+00,1.697500000000000000e+02,2.722222222222221149e+02
3.016000000000000014e+00,1.702500000000000000e+02,2.628888888888887436e+02
3.016000000000000014e+00,1.707500000000000000e+02,2.561111111111109722e+02
3.016000000000000014e+00,1.712500000000000000e+02,2.508888888888887720e+02
3.016000000000000014e+00,1.717500000000000000e+02,2.424444444444443434e+02
3.016000000000000014e+00,1.722500000000000000e+02,2.314444444444443434e+02
3.016000000000000014e+00,1.727500000000000000e+02,2.187777777777776862e+02
3.016000000000000014e+00,1.732500000000000000e+02,2.024444444444443434e+02
3.016000000000000014e+00,1.737500000000000000e+02,1.911111111111110006e+02
3.016000000000000014e+00,1.742500000000000000e+02,1.833333333333332575e+02
3.016000000000000014e+00,1.747500000000000000e+02,1.723333333333332575e+02
3.016000000000000014e+00,1.752500000000000000e+02,1.645555555555554861e+02
3.016000000000000014e+00,1.757500000000000000e+02,1.475555555555554861e+02
3.016000000000000014e+00,1.762500000000000000e+02,1.366666666666666003e+02
3.016000000000000014e+00,1.767500000000000000e+02,1.208888888888888005e+02
3.016000000000000014e+00,1.772500000000000000e+02,1.015555555555554719e+02
3.016000000000000014e+00,1.777500000000000000e+02,7.977777777777770041e+01
3.016000000000000014e+00,1.782500000000000000e+02,5.955555555555547897e+01
3.016000000000000014e+00,1.787500000000000000e+02,4.466666666666659324e+01
3.016000000000000014e+00,1.792500000000000000e+02,2.811111111111103966e+01
3.016000000000000014e+00,1.797500000000000000e+02,1.577777777777770574e+01
3.032000000000000028e+00,1.302500000000000000e+02,1.800000000000000000e+01
3.032000000000000028e+00,1.307500000000000000e+02,1.766666666666666785e+01
3.032000000000000028e+00,1.312500000000000000e+02,1.800000000000000000e+01
3.032000000000000028e+00,1.317500000000000000e+02,1.944444444444444642e+01
3.032000000000000028e+00,1.322500000000000000e+02,2.022222222222222499e+01
3.032000000000000028e+00,1.327500000000000000e+02,2.177777777777778212e+01
3.032000000000000028e+00,1.332500000000000000e+02,2.222222222222222499e+01
3.032000000000000028e+00,1.337500000000000000e+02,2.233333333333333215e+01
3.032000000000000028e+00,1.342500000000000000e+02,2.344444444444444287e+01
3.032000000000000028e+00,1.347500000000000000e+02,2.733333333333333215e+01
3.032000000000000028e+00,1.352500000000000000e+02,3.100000000000000000e+01
3.032000000000000028e+00,1.357500000000000000e+02,3.100000000000000000e+01
3.032000000000000028e+00,1.362500000000000000e+02,3.188888888888888928e+01
3.032000000000000028e+00,1.367500000000000000e+02,3.144444444444444642e+01
3.032000000000000028e+00,1.372500000000000000e+02,3.522222222222222143e+01
3.032000000000000028e+00,1.377500000000000000e+02,3.877777777777777857e+01
3.032000000000000028e+00,1.382500000000000000e+02,4.311111111111111427e+01
3.032000000000000028e+00,1.387500000000000000e+02,4.411111111111111427e+01
3.032000000000000028e+00,1.392500000000000000e+02,4.355555555555556424e+01
3.032000000000000028e+00,1.397500000000000000e+02,4.355555555555556424e+01
3.032000000000000028e+00,1.402500000000000000e+02,4.777777777777779278e+01
3.032000000000000028e+00,1.407500000000000000e+02,5.055555555555556424e+01
3.032000000000000028e+00,1.412500000000000000e+02,5.455555555555556424e+01
3.032000000000000028e+00,1.417500000000000000e+02,5.544444444444444997e+01
3.032000000000000028e+00,1.422500000000000000e+02,5.955555555555556424e+01
3.032000000000000028e+00,1.427500000000000000e+02,6.355555555555556424e+01
3.032000000000000028e+00,1.432500000000000000e+02,6.466666666666667140e+01
3.032000000000000028e+00,1.437500000000000000e+02,7.077777777777778567e+01
3.032000000000000028e+00,1.442500000000000000e+02,7.444444444444445708e+01
3.032000000000000028e+00,1.447500000000000000e+02,7.711111111111112848e+01
3.032000000000000028e+00,1.452500000000000000e+02,7.933333333333335702e+01
3.032000000000000028e+00,1.457500000000000000e+02,8.266666666666668561e+01
3.032000000000000028e+00,1.462500000000000000e+02,8.877777777777778567e+01
3.032000000000000028e+00,1.467500000000000000e+02,8.811111111111112848e+01
3.032000000000000028e+00,1.472500000000000000e+02,9.244444444444445708e+01
3.032000000000000028e+00,1.477500000000000000e+02,9.533333333333332860e+01
3.032000000000000028e+00,1.482500000000000000e+02,9.766666666666667140e+01
3.032000000000000028e+00,1.487500000000000000e+02,9.922222222222221433e+01
3.032000000000000028e+00,1.492500000000000000e+02,1.044444444444444429e+02
3.032000000000000028e+00,1.497500000000000000e+02,1.154444444444444429e+02
3.032000000000000028e+00,1.502500000000000000e+02,1.222222222222222143e+02
3.032000000000000028e+00,1.507500000000000000e+02,1.277777777777777573e+02
3.032000000000000028e+00,1.512500000000000000e+02,1.333333333333332860e+02
3.032000000000000028e+00,1.517500000000000000e+02,1.394444444444444002e+02
3.032000000000000028e+00,1.522500000000000000e+02,1.473333333333332860e+02
3.032000000000000028e+00,1.527500000000000000e+02,1.467777777777777430e+02
3.032000000000000028e+00,1.532500000000000000e+02,1.474444444444444287e+02
3.032000000000000028e+00,1.537500000000000000e+02,1.512222222222222001e+02
3.032000000000000028e+00,1.542500000000000000e+02,1.633333333333332860e+02
3.032000000000000028e+00,1.547500000000000000e+02,1.723333333333332860e+02
3.032000000000000028e+00,1.552500000000000000e+02,1.777777777777777430e+02
3.032000000000000028e+00,1.557500000000000000e+02,1.831111111111110858e+02
3.032000000000000028e+00,1.562500000000000000e+02,1.894444444444444287e+02
3.032000000000000028e+00,1.567500000000000000e+02,1.967777777777777430e+02
3.032000000000000028e+00,1.572500000000000000e+02,2.028888888888888289e+02
3.032000000000000028e+00,1.577500000000000000e+02,2.092222222222221717e+02
3.032000000000000028e+00,1.582500000000000000e+02,2.143333333333332860e+02
3.032000000000000028e+00,1.587500000000000000e+02,2.175555555555555145e+02
3.032000000000000028e+00,1.592500000000000000e+02,2.233333333333332860e+02
3.032000000000000028e+00,1.597500000000000000e+02,2.301111111111110858e+02
3.032000000000000028e+00,1.602500000000000000e+02,2.309999999999999716e+02
3.032000000000000028e+00,1.607500000000000000e+02,2.348888888888888289e+02
3.032000000000000028e+00,1.612500000000000000e+02,2.425555555555555145e+02
3.032000000000000028e+00,1.617500000000000000e+02,2.467777777777777146e+02
3.032000000000000028e+00,1.622500000000000000e+02,2.491111111111110574e+02
3.032000000000000028e+00,1.627500000000000000e+02,2.507777777777777146e+02
3.032000000000000028e+00,1.632500000000000000e+02,2.585555555555554861e+02
3.032000000000000028e+00,1.637500000000000000e+02,2.635555555555554861e+02
3.032000000000000028e+00,1.642500000000000000e+02,2.609999999999999432e+02
3.032000000000000028e+00,1.647500000000000000e+02,2.621111111111110290e+02
3.032000000000000028e+00,1.652500000000000000e+02,2.627777777777776578e+02
3.032000000000000028e+00,1.657500000000000000e+02,2.575555555555554861e+02
3.032000000000000028e+00,1.662500000000000000e+02,2.614444444444443434e+02
3.032000000000000028e+00,1.667500000000000000e+02,2.545555555555554577e+02
3.032000000000000028e+00,1.672500000000000000e+02,2.611111111111110290e+02
3.032000000000000028e+00,1.677500000000000000e+02,2.563333333333332575e+02
3.032000000000000028e+00,1.682500000000000000e+02,2.629999999999999432e+02
3.032000000000000028e+00,1.687500000000000000e+02,2.608888888888888573e+02
3.032000000000000028e+00,1.692500000000000000e+02,2.542222222222221717e+02
3.032000000000000028e+00,1.697500000000000000e+02,2.442222222222221717e+02
3.032000000000000028e+00,1.702500000000000000e+02,2.397777777777777146e+02
3.032000000000000028e+00,1.707500000000000000e+02,2.338888888888888289e+02
3.032000000000000028e+00,1.712500000000000000e+02,2.282222222222221717e+02
3.032000000000000028e+00,1.717500000000000000e+02,2.153333333333332575e+02
3.032000000000000028e+00,1.722500000000000000e+02,2.105555555555554577e+02
3.032000000000000028e+00,1.727500000000000000e+02,2.007777777777776862e+02
3.032000000000000028e+00,1.732500000000000000e+02,1.906666666666666003e+02
3.032000000000000028e+00,1.737500000000000000e+02,1.766666666666666003e+02
3.032000000000000028e+00,1.742500000000000000e+02,1.683333333333332575e+02
3.032000000000000028e+00,1.747500000000000000e+02,1.572222222222221433e+02
3.032000000000000028e+00,1.752500000000000000e+02,1.467777777777776862e+02
3.032000000000000028e+00,1.757500000000000000e+02,1.306666666666666003e+02
3.032000000000000028e+00,1.762500000000000000e+02,1.205555555555554861e+02
3.032000000000000028e+00,1.767500000000000000e+02,1.072222222222221575e+02
3.032000000000000028e+00,1.772500000000000000e+02,9.166666666666658614e+01
3.032000000000000028e+00,1.777500000000000000e+02,7.266666666666658614e+01
3.032000000000000028e+00,1.782500000000000000e+02,5.488888888888882178e+01
3.032000000000000028e+00,1.787500000000000000e+02,4.233333333333326465e+01
3.032000000000000028e+00,1.792500000000000000e+02,2.633333333333326109e+01
3.032000000000000028e+00,1.797500000000000000e+02,1.422222222222215038e+01
3.048000000000000043e+00,1.302500000000000000e+02,1.777777777777777857e+01
3.048000000000000043e+00,1.307500000000000000e+02,1.922222222222222499e+01
3.048000000000000043e+00,1.312500000000000000e+02,2.033333333333333215e+01
3.048000000000000043e+00,1.317500000000000000e+02,2.122222222222222499e+01
3.048000000000000043e+00,1.322500000000000000e+02,2.122222222222222499e+01
3.048000000000000043e+00,1.327500000000000000e+02,2.277777777777778212e+01
3.048000000000000043e+00,1.332500000000000000e+02,2.355555555555555713e+01
3.048000000000000043e+00,1.337500000000000000e+02,2.411111111111111427e+01
3.048000000000000043e+00,1.342500000000000000e+02,2.400000000000000000e+01
3.048000000000000043e+00,1.347500000000000000e+02,2.577777777777777501e+01
3.048000000000000043e+00,1.352500000000000000e+02,2.866666666666666785e+01
3.048000000000000043e+00,1.357500000000000000e+02,3.144444444444444287e+01
3.048000000000000043e+00,1.362500000000000000e+02,3.288888888888888573e+01
3.048000000000000043e+00,1.367500000000000000e+02,3.277777777777777146e+01
3.048000000000000043e+00,1.372500000000000000e+02,3.477777777777777146e+01
3.048000000000000043e+00,1.377500000000000000e+02,3.766666666666666430e+01
3.048000000000000043e+00,1.382500000000000000e+02,4.199999999999999289e+01
3.048000000000000043e+00,1.387500000000000000e+02,4.211111111111110716e+01
3.048000000000000043e+00,1.392500000000000000e+02,4.311111111111110716e+01
3.048000000000000043e+00,1.397500000000000000e+02,4.311111111111110716e+01
3.048000000000000043e+00,1.402500000000000000e+02,4.722222222222222143e+01
3.048000000000000043e+00,1.407500000000000000e+02,4.777777777777777146e+01
3.048000000000000043e+00,1.412500000000000000e+02,4.922222222222222143e+01
3.048000000000000043e+00,1.417500000000000000e+02,5.311111111111110716e+01
3.048000000000000043e+00,1.422500000000000000e+02,5.855555555555555003e+01
3.048000000000000043e+00,1.427500000000000000e+02,6.377777777777777146e+01
3.048000000000000043e+00,1.432500000000000000e+02,6.322222222222222143e+01
3.048000000000000043e+00,1.437500000000000000e+02,6.944444444444444287e+01
3.048000000000000043e+00,1.442500000000000000e+02,7.066666666666667140e+01
3.048000000000000043e+00,1.447500000000000000e+02,7.277777777777778567e+01
3.048000000000000043e+00,1.452500000000000000e+02,7.411111111111111427e+01
3.048000000000000043e+00,1.457500000000000000e+02,8.066666666666667140e+01
3.048000000000000043e+00,1.462500000000000000e+02,8.666666666666667140e+01
3.048000000000000043e+00,1.467500000000000000e+02,8.855555555555555713e+01
3.048000000000000043e+00,1.472500000000000000e+02,9.100000000000000000e+01
3.048000000000000043e+00,1.477500000000000000e+02,9.222222222222221433e+01
3.048000000000000043e+00,1.482500000000000000e+02,9.144444444444441444e+01
3.048000000000000043e+00,1.487500000000000000e+02,9.266666666666662877e+01
3.048000000000000043e+00,1.492500000000000000e+02,9.766666666666662877e+01
3.048000000000000043e+00,1.497500000000000000e+02,1.098888888888888573e+02
3.048000000000000043e+00,1.502500000000000000e+02,1.138888888888888573e+02
3.048000000000000043e+00,1.507500000000000000e+02,1.191111111111110858e+02
3.048000000000000043e+00,1.512500000000000000e+02,1.196666666666666430e+02
3.048000000000000043e+00,1.517500000000000000e+02,1.301111111111110858e+02
3.048000000000000043e+00,1.522500000000000000e+02,1.384444444444444287e+02
3.048000000000000043e+00,1.527500000000000000e+02,1.396666666666666572e+02
3.048000000000000043e+00,1.532500000000000000e+02,1.399999999999999716e+02
3.048000000000000043e+00,1.537500000000000000e+02,1.404444444444444287e+02
3.048000000000000043e+00,1.542500000000000000e+02,1.508888888888888573e+02
3.048000000000000043e+00,1.547500000000000000e+02,1.567777777777777430e+02
3.048000000000000043e+00,1.552500000000000000e+02,1.615555555555555145e+02
3.048000000000000043e+00,1.557500000000000000e+02,1.658888888888888573e+02
3.048000000000000043e+00,1.562500000000000000e+02,1.711111111111110858e+02
3.048000000000000043e+00,1.567500000000000000e+02,1.790000000000000000e+02
3.048000000000000043e+00,1.572500000000000000e+02,1.848888888888889142e+02
3.048000000000000043e+00,1.577500000000000000e+02,1.910000000000000284e+02
3.048000000000000043e+00,1.582500000000000000e+02,1.953333333333333712e+02
3.048000000000000043e+00,1.587500000000000000e+02,2.020000000000000284e+02
3.048000000000000043e+00,1.592500000000000000e+02,2.135555555555555713e+02
3.048000000000000043e+00,1.597500000000000000e+02,2.170000000000000000e+02
3.048000000000000043e+00,1.602500000000000000e+02,2.180000000000000000e+02
3.048000000000000043e+00,1.607500000000000000e+02,2.156666666666666572e+02
3.048000000000000043e+00,1.612500000000000000e+02,2.243333333333333428e+02
3.048000000000000043e+00,1.617500000000000000e+02,2.281111111111110858e+02
3.048000000000000043e+00,1.622500000000000000e+02,2.312222222222222001e+02
3.048000000000000043e+00,1.627500000000000000e+02,2.347777777777777430e+02
3.048000000000000043e+00,1.632500000000000000e+02,2.392222222222222001e+02
3.048000000000000043e+00,1.637500000000000000e+02,2.413333333333333428e+02
3.048000000000000043e+00,1.642500000000000000e+02,2.426666666666666572e+02
3.048000000000000043e+00,1.647500000000000000e+02,2.441111111111111143e+02
3.048000000000000043e+00,1.652500000000000000e+02,2.423333333333333428e+02
3.048000000000000043e+00,1.657500000000000000e+02,2.312222222222222001e+02
3.048000000000000043e+00,1.662500000000000000e+02,2.300000000000000000e+02
3.048000000000000043e+00,1.667500000000000000e+02,2.237777777777777430e+02
3.048000000000000043e+00,1.672500000000000000e+02,2.301111111111110858e+02
3.048000000000000043e+00,1.677500000000000000e+02,2.248888888888888857e+02
3.048000000000000043e+00,1.682500000000000000e+02,2.352222222222222001e+02
3.048000000000000043e+00,1.687500000000000000e+02,2.336666666666666572e+02
3.048000000000000043e+00,1.692500000000000000e+02,2.301111111111111143e+02
3.048000000000000043e+00,1.697500000000000000e+02,2.190000000000000000e+02
3.048000000000000043e+00,1.702500000000000000e+02,2.154444444444444287e+02
3.048000000000000043e+00,1.707500000000000000e+02,2.142222222222221717e+02
3.048000000000000043e+00,1.712500000000000000e+02,2.071111111111110574e+02
3.048000000000000043e+00,1.717500000000000000e+02,1.985555555555555145e+02
3.048000000000000043e+00,1.722500000000000000e+02,1.886666666666666288e+02
3.048000000000000043e+00,1.727500000000000000e+02,1.831111111111110858e+02
3.048000000000000043e+00,1.732500000000000000e+02,1.682222222222222001e+02
3.048000000000000043e+00,1.737500000000000000e+02,1.583333333333333428e+02
3.048000000000000043e+00,1.742500000000000000e+02,1.498888888888888857e+02
3.048000000000000043e+00,1.747500000000000000e+02,1.418888888888888857e+02
3.048000000000000043e+00,1.752500000000000000e+02,1.315555555555555429e+02
3.048000000000000043e+00,1.757500000000000000e+02,1.167777777777777715e+02
3.048000000000000043e+00,1.762500000000000000e+02,1.087777777777777715e+02
3.048000000000000043e+00,1.767500000000000000e+02,9.577777777777777146e+01
3.048000000000000043e+00,1.772500000000000000e+02,8.233333333333332860e+01
3.048000000000000043e+00,1.777500000000000000e+02,6.677777777777777146e+01
3.048000000000000043e+00,1.782500000000000000e+02,5.344444444444443576e+01
3.048000000000000043e+00,1.787500000000000000e+02,3.977777777777777146e+01
3.048000000000000043e+00,1.792500000000000000e+02,2.311111111111110361e+01
3.048000000000000043e+00,1.797500000000000000e+02,1.088888888888888040e+01
3.064000000000000057e+00,1.302500000000000000e+02,1.811111111111111072e+01
3.064000000000000057e+00,1.307500000000000000e+02,2.066666666666666785e+01
3.064000000000000057e+00,1.312500000000000000e+02,2.144444444444444287e+01
3.064000000000000057e+00,1.317500000000000000e+02,2.311111111111111072e+01
3.064000000000000057e+00,1.322500000000000000e+02,2.144444444444444287e+01
3.064000000000000057e+00,1.327500000000000000e+02,2.366666666666666785e+01
3.064000000000000057e+00,1.332500000000000000e+02,2.322222222222222499e+01
3.064000000000000057e+00,1.337500000000000000e+02,2.411111111111111427e+01
3.064000000000000057e+00,1.342500000000000000e+02,2.377777777777778212e+01
3.064000000000000057e+00,1.347500000000000000e+02,2.600000000000000355e+01
3.064000000000000057e+00,1.352500000000000000e+02,2.833333333333333925e+01
3.064000000000000057e+00,1.357500000000000000e+02,3.077777777777778212e+01
3.064000000000000057e+00,1.362500000000000000e+02,3.066666666666666785e+01
3.064000000000000057e+00,1.367500000000000000e+02,3.166666666666666785e+01
3.064000000000000057e+00,1.372500000000000000e+02,3.355555555555555003e+01
3.064000000000000057e+00,1.377500000000000000e+02,3.733333333333332860e+01
3.064000000000000057e+00,1.382500000000000000e+02,4.122222222222222143e+01
3.064000000000000057e+00,1.387500000000000000e+02,4.166666666666666430e+01
3.064000000000000057e+00,1.392500000000000000e+02,4.300000000000000000e+01
3.064000000000000057e+00,1.397500000000000000e+02,4.333333333333333570e+01
3.064000000000000057e+00,1.402500000000000000e+02,4.722222222222222143e+01
3.064000000000000057e+00,1.407500000000000000e+02,4.677777777777777146e+01
3.064000000000000057e+00,1.412500000000000000e+02,4.599999999999999289e+01
3.064000000000000057e+00,1.417500000000000000e+02,4.799999999999999289e+01
3.064000000000000057e+00,1.422500000000000000e+02,5.333333333333332149e+01
3.064000000000000057e+00,1.427500000000000000e+02,5.966666666666665719e+01
3.064000000000000057e+00,1.432500000000000000e+02,6.066666666666665719e+01
3.064000000000000057e+00,1.437500000000000000e+02,6.433333333333332860e+01
3.064000000000000057e+00,1.442500000000000000e+02,6.499999999999998579e+01
3.064000000000000057e+00,1.447500000000000000e+02,6.755555555555554292e+01
3.064000000000000057e+00,1.452500000000000000e+02,7.044444444444444287e+01
3.064000000000000057e+00,1.457500000000000000e+02,7.766666666666665719e+01
3.064000000000000057e+00,1.462500000000000000e+02,8.222222222222221433e+01
3.064000000000000057e+00,1.467500000000000000e+02,8.511111111111110006e+01
3.064000000000000057e+00,1.472500000000000000e+02,8.533333333333332860e+01
3.064000000000000057e+00,1.477500000000000000e+02,8.844444444444445708e+01
3.064000000000000057e+00,1.482500000000000000e+02,8.666666666666667140e+01
3.064000000000000057e+00,1.487500000000000000e+02,8.977777777777777146e+01
3.064000000000000057e+00,1.492500000000000000e+02,9.155555555555554292e+01
3.064000000000000057e+00,1.497500000000000000e+02,1.021111111111111001e+02
3.064000000000000057e+00,1.502500000000000000e+02,1.061111111111111001e+02
3.064000000000000057e+00,1.507500000000000000e+02,1.094444444444444429e+02
3.064000000000000057e+00,1.512500000000000000e+02,1.128888888888888715e+02
3.064000000000000057e+00,1.517500000000000000e+02,1.213333333333333144e+02
3.064000000000000057e+00,1.522500000000000000e+02,1.319999999999999716e+02
3.064000000000000057e+00,1.527500000000000000e+02,1.287777777777777430e+02
3.064000000000000057e+00,1.532500000000000000e+02,1.315555555555555429e+02
3.064000000000000057e+00,1.537500000000000000e+02,1.310000000000000000e+02
3.064000000000000057e+00,1.542500000000000000e+02,1.428888888888888857e+02
3.064000000000000057e+00,1.547500000000000000e+02,1.452222222222222285e+02
3.064000000000000057e+00,1.552500000000000000e+02,1.524444444444444571e+02
3.064000000000000057e+00,1.557500000000000000e+02,1.538888888888888857e+02
3.064000000000000057e+00,1.562500000000000000e+02,1.548888888888888857e+02
3.064000000000000057e+00,1.567500000000000000e+02,1.607777777777777999e+02
3.064000000000000057e+00,1.572500000000000000e+02,1.701111111111111143e+02
3.064000000000000057e+00,1.577500000000000000e+02,1.782222222222222570e+02
3.064000000000000057e+00,1.582500000000000000e+02,1.820000000000000284e+02
3.064000000000000057e+00,1.587500000000000000e+02,1.891111111111111711e+02
3.064000000000000057e+00,1.592500000000000000e+02,1.970000000000000284e+02
3.064000000000000057e+00,1.597500000000000000e+02,2.002222222222222570e+02
3.064000000000000057e+00,1.602500000000000000e+02,1.992222222222222570e+02
3.064000000000000057e+00,1.607500000000000000e+02,1.966666666666667140e+02
3.064000000000000057e+00,1.612500000000000000e+02,2.005555555555555713e+02
3.064000000000000057e+00,1.617500000000000000e+02,2.042222222222222570e+02
3.064000000000000057e+00,1.622500000000000000e+02,2.095555555555555713e+02
3.064000000000000057e+00,1.627500000000000000e+02,2.091111111111111143e+02
3.064000000000000057e+00,1.632500000000000000e+02,2.088888888888889142e+02
3.064000000000000057e+00,1.637500000000000000e+02,2.116666666666666572e+02
3.064000000000000057e+00,1.642500000000000000e+02,2.170000000000000000e+02
3.064000000000000057e+00,1.647500000000000000e+02,2.221111111111110858e+02
3.064000000000000057e+00,1.652500000000000000e+02,2.223333333333333428e+02
3.064000000000000057e+00,1.657500000000000000e+02,2.164444444444444571e+02
3.064000000000000057e+00,1.662500000000000000e+02,2.135555555555555713e+02
3.064000000000000057e+00,1.667500000000000000e+02,2.111111111111111143e+02
3.064000000000000057e+00,1.672500000000000000e+02,2.167777777777777999e+02
3.064000000000000057e+00,1.677500000000000000e+02,2.115555555555555713e+02
3.064000000000000057e+00,1.682500000000000000e+02,2.156666666666667140e+02
3.064000000000000057e+00,1.687500000000000000e+02,2.104444444444444855e+02
3.064000000000000057e+00,1.692500000000000000e+02,2.056666666666667140e+02
3.064000000000000057e+00,1.697500000000000000e+02,1.961111111111111711e+02
3.064000000000000057e+00,1.702500000000000000e+02,1.907777777777778283e+02
3.064000000000000057e+00,1.707500000000000000e+02,1.907777777777778283e+02
3.064000000000000057e+00,1.712500000000000000e+02,1.850000000000000853e+02
3.064000000000000057e+00,1.717500000000000000e+02,1.796666666666667425e+02
3.064000000000000057e+00,1.722500000000000000e+02,1.705555555555556282e+02
3.064000000000000057e+00,1.727500000000000000e+02,1.638888888888889426e+02
3.064000000000000057e+00,1.732500000000000000e+02,1.516666666666667425e+02
3.064000000000000057e+00,1.737500000000000000e+02,1.437777777777778567e+02
3.064000000000000057e+00,1.742500000000000000e+02,1.338888888888889710e+02
3.064000000000000057e+00,1.747500000000000000e+02,1.255555555555556424e+02
3.064000000000000057e+00,1.752500000000000000e+02,1.157777777777778709e+02
3.064000000000000057e+00,1.757500000000000000e+02,1.061111111111111995e+02
3.064000000000000057e+00,1.762500000000000000e+02,9.655555555555564240e+01
3.064000000000000057e+00,1.767500000000000000e+02,8.377777777777785673e+01
3.064000000000000057e+00,1.772500000000000000e+02,6.966666666666674246e+01
3.064000000000000057e+00,1.777500000000000000e+02,5.822222222222230670e+01
3.064000000000000057e+00,1.782500000000000000e+02,4.655555555555563529e+01
3.064000000000000057e+00,1.787500000000000000e+02,3.622222222222230670e+01
3.064000000000000057e+00,1.792500000000000000e+02,2.133333333333341741e+01
3.064000000000000057e+00,1.797500000000000000e+02,1.133333333333341919e+01
3.080000000000000071e+00,1.302500000000000000e+02,1.655555555555555358e+01
3.080000000000000071e+00,1.307500000000000000e+02,2.088888888888888928e+01
3.080000000000000071e+00,1.312500000000000000e+02,2.244444444444444287e+01
3.080000000000000071e+00,1.317500000000000000e+02,2.344444444444444287e+01
3.080000000000000071e+00,1.322500000000000000e+02,2.044444444444444287e+01
3.080000000000000071e+00,1.327500000000000000e+02,2.222222222222221788e+01
3.080000000000000071e+00,1.332500000000000000e+02,2.200000000000000000e+01
3.080000000000000071e+00,1.337500000000000000e+02,2.444444444444444287e+01
3.080000000000000071e+00,1.342500000000000000e+02,2.477777777777777501e+01
3.080000000000000071e+00,1.347500000000000000e+02,2.588888888888888573e+01
3.080000000000000071e+00,1.352500000000000000e+02,2.599999999999999645e+01
3.080000000000000071e+00,1.357500000000000000e+02,2.866666666666666075e+01
3.080000000000000071e+00,1.362500000000000000e+02,2.966666666666666075e+01
3.080000000000000071e+00,1.367500000000000000e+02,3.266666666666666430e+01
3.080000000000000071e+00,1.372500000000000000e+02,3.377777777777777146e+01
3.080000000000000071e+00,1.377500000000000000e+02,3.611111111111110716e+01
3.080000000000000071e+00,1.382500000000000000e+02,3.777777777777777146e+01
3.080000000000000071e+00,1.387500000000000000e+02,3.933333333333332149e+01
3.080000000000000071e+00,1.392500000000000000e+02,4.077777777777777146e+01
3.080000000000000071e+00,1.397500000000000000e+02,4.244444444444443576e+01
3.080000000000000071e+00,1.402500000000000000e+02,4.355555555555555003e+01
3.080000000000000071e+00,1.407500000000000000e+02,4.333333333333333570e+01
3.080000000000000071e+00,1.412500000000000000e+02,4.211111111111110716e+01
3.080000000000000071e+00,1.417500000000000000e+02,4.555555555555555003e+01
3.080000000000000071e+00,1.422500000000000000e+02,5.311111111111110716e+01
3.080000000000000071e+00,1.427500000000000000e+02,5.888888888888888573e+01
3.080000000000000071e+00,1.432500000000000000e+02,5.911111111111110716e+01
3.080000000000000071e+00,1.437500000000000000e+02,6.022222222222222143e+01
3.080000000000000071e+00,1.442500000000000000e+02,5.877777777777777146e+01
3.080000000000000071e+00,1.447500000000000000e+02,6.444444444444444287e+01
3.080000000000000071e+00,1.452500000000000000e+02,6.555555555555554292e+01
3.080000000000000071e+00,1.457500000000000000e+02,7.388888888888887152e+01
3.080000000000000071e+00,1.462500000000000000e+02,7.433333333333331439e+01
3.080000000000000071e+00,1.467500000000000000e+02,7.899999999999998579e+01
3.080000000000000071e+00,1.472500000000000000e+02,7.922222222222220012e+01
3.080000000000000071e+00,1.477500000000000000e+02,8.144444444444441444e+01
3.080000000000000071e+00,1.482500000000000000e+02,7.911111111111108585e+01
3.080000000000000071e+00,1.487500000000000000e+02,8.099999999999998579e+01
3.080000000000000071e+00,1.492500000000000000e+02,8.522222222222221433e+01
3.080000000000000071e+00,1.497500000000000000e+02,9.311111111111110006e+01
3.080000000000000071e+00,1.502500000000000000e+02,1.017777777777777715e+02
3.080000000000000071e+00,1.507500000000000000e+02,1.040000000000000000e+02
3.080000000000000071e+00,1.512500000000000000e+02,1.086666666666666714e+02
3.080000000000000071e+00,1.517500000000000000e+02,1.097777777777777715e+02
3.080000000000000071e+00,1.522500000000000000e+02,1.184444444444444429e+02
3.080000000000000071e+00,1.527500000000000000e+02,1.166666666666666714e+02
3.080000000000000071e+00,1.532500000000000000e+02,1.240000000000000000e+02
3.080000000000000071e+00,1.537500000000000000e+02,1.220000000000000000e+02
3.080000000000000071e+00,1.542500000000000000e+02,1.333333333333333428e+02
3.080000000000000071e+00,1.547500000000000000e+02,1.342222222222222001e+02
3.080000000000000071e+00,1.552500000000000000e+02,1.426666666666666572e+02
3.080000000000000071e+00,1.557500000000000000e+02,1.423333333333333144e+02
3.080000000000000071e+00,1.562500000000000000e+02,1.428888888888888857e+02
3.080000000000000071e+00,1.567500000000000000e+02,1.486666666666666572e+02
3.080000000000000071e+00,1.572500000000000000e+02,1.551111111111111143e+02
3.080000000000000071e+00,1.577500000000000000e+02,1.653333333333333428e+02
3.080000000000000071e+00,1.582500000000000000e+02,1.680000000000000000e+02
3.080000000000000071e+00,1.587500000000000000e+02,1.774444444444444571e+02
3.080000000000000071e+00,1.592500000000000000e+02,1.801111111111111143e+02
3.080000000000000071e+00,1.597500000000000000e+02,1.856666666666666572e+02
3.080000000000000071e+00,1.602500000000000000e+02,1.851111111111111143e+02
3.080000000000000071e+00,1.607500000000000000e+02,1.843333333333333428e+02
3.080000000000000071e+00,1.612500000000000000e+02,1.826666666666666572e+02
3.080000000000000071e+00,1.617500000000000000e+02,1.838888888888888857e+02
3.080000000000000071e+00,1.622500000000000000e+02,1.913333333333333428e+02
3.080000000000000071e+00,1.627500000000000000e+02,1.946666666666666572e+02
3.080000000000000071e+00,1.632500000000000000e+02,1.968888888888888857e+02
3.080000000000000071e+00,1.637500000000000000e+02,1.961111111111110858e+02
3.080000000000000071e+00,1.642500000000000000e+02,2.003333333333333428e+02
3.080000000000000071e+00,1.647500000000000000e+02,2.015555555555555713e+02
3.080000000000000071e+00,1.652500000000000000e+02,1.977777777777777999e+02
3.080000000000000071e+00,1.657500000000000000e+02,1.952222222222222570e+02
3.080000000000000071e+00,1.662500000000000000e+02,1.967777777777777999e+02
3.080000000000000071e+00,1.667500000000000000e+02,1.962222222222222570e+02
3.080000000000000071e+00,1.672500000000000000e+02,1.990000000000000284e+02
3.080000000000000071e+00,1.677500000000000000e+02,1.897777777777778283e+02
3.080000000000000071e+00,1.682500000000000000e+02,1.911111111111111711e+02
3.080000000000000071e+00,1.687500000000000000e+02,1.848888888888889426e+02
3.080000000000000071e+00,1.692500000000000000e+02,1.815555555555556282e+02
3.080000000000000071e+00,1.697500000000000000e+02,1.787777777777778283e+02
3.080000000000000071e+00,1.702500000000000000e+02,1.720000000000000284e+02
3.080000000000000071e+00,1.707500000000000000e+02,1.701111111111111427e+02
3.080000000000000071e+00,1.712500000000000000e+02,1.591111111111111427e+02
3.080000000000000071e+00,1.717500000000000000e+02,1.573333333333333712e+02
3.080000000000000071e+00,1.722500000000000000e+02,1.487777777777778283e+02
3.080000000000000071e+00,1.727500000000000000e+02,1.470000000000000568e+02
3.080000000000000071e+00,1.732500000000000000e+02,1.322222222222222854e+02
3.080000000000000071e+00,1.737500000000000000e+02,1.275555555555556140e+02
3.080000000000000071e+00,1.742500000000000000e+02,1.183333333333333854e+02
3.080000000000000071e+00,1.747500000000000000e+02,1.107777777777778283e+02
3.080000000000000071e+00,1.752500000000000000e+02,1.026666666666667282e+02
3.080000000000000071e+00,1.757500000000000000e+02,9.522222222222228538e+01
3.080000000000000071e+00,1.762500000000000000e+02,8.822222222222228538e+01
3.080000000000000071e+00,1.767500000000000000e+02,7.466666666666672825e+01
3.080000000000000071e+00,1.772500000000000000e+02,6.177777777777783541e+01
3.080000000000000071e+00,1.777500000000000000e+02,5.266666666666672114e+01
3.080000000000000071e+00,1.782500000000000000e+02,4.333333333333339255e+01
3.080000000000000071e+00,1.787500000000000000e+02,3.144444444444450326e+01
3.080000000000000071e+00,1.792500000000000000e+02,1.833333333333339255e+01
3.080000000000000071e+00,1.797500000000000000e+02,9.666666666666726471e+00
3.096000000000000085e+00,1.302500000000000000e+02,1.866666666666666785e+01
3.096000000000000085e+00,1.307500000000000000e+02,2.155555555555555713e+01
3.096000000000000085e+00,1.312500000000000000e+02,2.177777777777778212e+01
3.096000000000000085e+00,1.317500000000000000e+02,2.266666666666667140e+01
3.096000000000000085e+00,1.322500000000000000e+02,1.988888888888889284e+01
3.096000000000000085e+00,1.327500000000000000e+02,2.122222222222222499e+01
3.096000000000000085e+00,1.332500000000000000e+02,2.033333333333333925e+01
3.096000000000000085e+00,1.337500000000000000e+02,2.244444444444444642e+01
3.096000000000000085e+00,1.342500000000000000e+02,2.377777777777778212e+01
3.096000000000000085e+00,1.347500000000000000e+02,2.488888888888888928e+01
3.096000000000000085e+00,1.352500000000000000e+02,2.522222222222222499e+01
3.096000000000000085e+00,1.357500000000000000e+02,2.677777777777778212e+01
3.096000000000000085e+00,1.362500000000000000e+02,2.922222222222222499e+01
3.096000000000000085e+00,1.367500000000000000e+02,3.166666666666666785e+01
3.096000000000000085e+00,1.372500000000000000e+02,3.277777777777777857e+01
3.096000000000000085e+00,1.377500000000000000e+02,3.344444444444444287e+01
3.096000000000000085e+00,1.382500000000000000e+02,3.500000000000000000e+01
3.096000000000000085e+00,1.387500000000000000e+02,3.622222222222222143e+01
3.096000000000000085e+00,1.392500000000000000e+02,3.944444444444444997e+01
3.096000000000000085e+00,1.397500000000000000e+02,4.155555555555556424e+01
3.096000000000000085e+00,1.402500000000000000e+02,4.488888888888889284e+01
3.096000000000000085e+00,1.407500000000000000e+02,4.311111111111111427e+01
3.096000000000000085e+00,1.412500000000000000e+02,4.311111111111111427e+01
3.096000000000000085e+00,1.417500000000000000e+02,4.388888888888889284e+01
3.096000000000000085e+00,1.422500000000000000e+02,5.122222222222222854e+01
3.096000000000000085e+00,1.427500000000000000e+02,5.377777777777777857e+01
3.096000000000000085e+00,1.432500000000000000e+02,5.355555555555556424e+01
3.096000000000000085e+00,1.437500000000000000e+02,5.333333333333334281e+01
3.096000000000000085e+00,1.442500000000000000e+02,5.322222222222222854e+01
3.096000000000000085e+00,1.447500000000000000e+02,5.900000000000000000e+01
3.096000000000000085e+00,1.452500000000000000e+02,6.044444444444444997e+01
3.096000000000000085e+00,1.457500000000000000e+02,6.677777777777778567e+01
3.096000000000000085e+00,1.462500000000000000e+02,6.755555555555555713e+01
3.096000000000000085e+00,1.467500000000000000e+02,6.944444444444444287e+01
3.096000000000000085e+00,1.472500000000000000e+02,7.188888888888889994e+01
3.096000000000000085e+00,1.477500000000000000e+02,7.522222222222222854e+01
3.096000000000000085e+00,1.482500000000000000e+02,7.911111111111112848e+01
3.096000000000000085e+00,1.487500000000000000e+02,8.200000000000001421e+01
3.096000000000000085e+00,1.492500000000000000e+02,8.433333333333334281e+01
3.096000000000000085e+00,1.497500000000000000e+02,8.822222222222222854e+01
3.096000000000000085e+00,1.502500000000000000e+02,9.400000000000000000e+01
3.096000000000000085e+00,1.507500000000000000e+02,9.822222222222221433e+01
3.096000000000000085e+00,1.512500000000000000e+02,1.043333333333333144e+02
3.096000000000000085e+00,1.517500000000000000e+02,1.041111111111110858e+02
3.096000000000000085e+00,1.522500000000000000e+02,1.092222222222222143e+02
3.096000000000000085e+00,1.527500000000000000e+02,1.083333333333333144e+02
3.096000000000000085e+00,1.532500000000000000e+02,1.174444444444444144e+02
3.096000000000000085e+00,1.537500000000000000e+02,1.178888888888888573e+02
3.096000000000000085e+00,1.542500000000000000e+02,1.241111111111110858e+02
3.096000000000000085e+00,1.547500000000000000e+02,1.249999999999999574e+02
3.096000000000000085e+00,1.552500000000000000e+02,1.342222222222221717e+02
3.096000000000000085e+00,1.557500000000000000e+02,1.364444444444443718e+02
3.096000000000000085e+00,1.562500000000000000e+02,1.383333333333332575e+02
3.096000000000000085e+00,1.567500000000000000e+02,1.433333333333332575e+02
3.096000000000000085e+00,1.572500000000000000e+02,1.485555555555554861e+02
3.096000000000000085e+00,1.577500000000000000e+02,1.516666666666666003e+02
3.096000000000000085e+00,1.582500000000000000e+02,1.536666666666666003e+02
3.096000000000000085e+00,1.587500000000000000e+02,1.601111111111110290e+02
3.096000000000000085e+00,1.592500000000000000e+02,1.613333333333332575e+02
3.096000000000000085e+00,1.597500000000000000e+02,1.651111111111110574e+02
3.096000000000000085e+00,1.602500000000000000e+02,1.642222222222221717e+02
3.096000000000000085e+00,1.607500000000000000e+02,1.666666666666666288e+02
3.096000000000000085e+00,1.612500000000000000e+02,1.654444444444444287e+02
3.096000000000000085e+00,1.617500000000000000e+02,1.712222222222222001e+02
3.096000000000000085e+00,1.622500000000000000e+02,1.791111111111110858e+02
3.096000000000000085e+00,1.627500000000000000e+02,1.802222222222221717e+02
3.096000000000000085e+00,1.632500000000000000e+02,1.778888888888888289e+02
3.096000000000000085e+00,1.637500000000000000e+02,1.747777777777777430e+02
3.096000000000000085e+00,1.642500000000000000e+02,1.775555555555555429e+02
3.096000000000000085e+00,1.647500000000000000e+02,1.786666666666666572e+02
3.096000000000000085e+00,1.652500000000000000e+02,1.776666666666666572e+02
3.096000000000000085e+00,1.657500000000000000e+02,1.766666666666666572e+02
3.096000000000000085e+00,1.662500000000000000e+02,1.824444444444444571e+02
3.096000000000000085e+00,1.667500000000000000e+02,1.826666666666666572e+02
3.096000000000000085e+00,1.672500000000000000e+02,1.824444444444444571e+02
3.096000000000000085e+00,1.677500000000000000e+02,1.722222222222222570e+02
3.096000000000000085e+00,1.682500000000000000e+02,1.712222222222222570e+02
3.096000000000000085e+00,1.687500000000000000e+02,1.654444444444444571e+02
3.096000000000000085e+00,1.692500000000000000e+02,1.610000000000000000e+02
3.096000000000000085e+00,1.697500000000000000e+02,1.606666666666666572e+02
3.096000000000000085e+00,1.702500000000000000e+02,1.551111111111111143e+02
3.096000000000000085e+00,1.707500000000000000e+02,1.494444444444444571e+02
3.096000000000000085e+00,1.712500000000000000e+02,1.387777777777777999e+02
3.096000000000000085e+00,1.717500000000000000e+02,1.386666666666666572e+02
3.096000000000000085e+00,1.722500000000000000e+02,1.374444444444444571e+02
3.096000000000000085e+00,1.727500000000000000e+02,1.353333333333333428e+02
3.096000000000000085e+00,1.732500000000000000e+02,1.228888888888889142e+02
3.096000000000000085e+00,1.737500000000000000e+02,1.150000000000000142e+02
3.096000000000000085e+00,1.742500000000000000e+02,1.048888888888889142e+02
3.096000000000000085e+00,1.747500000000000000e+02,9.711111111111112848e+01
3.096000000000000085e+00,1.752500000000000000e+02,8.933333333333332860e+01
3.096000000000000085e+00,1.757500000000000000e+02,8.255555555555555713e+01
3.096000000000000085e+00,1.762500000000000000e+02,7.555555555555555713e+01
3.096000000000000085e+00,1.767500000000000000e+02,6.511111111111112848e+01
3.096000000000000085e+00,1.772500000000000000e+02,5.566666666666667851e+01
3.096000000000000085e+00,1.777500000000000000e+02,4.611111111111112137e+01
3.096000000000000085e+00,1.782500000000000000e+02,3.677777777777779278e+01
3.096000000000000085e+00,1.787500000000000000e+02,2.511111111111112493e+01
3.096000000000000085e+00,1.792500000000000000e+02,1.566666666666668029e+01
3.096000000000000085e+00,1.797500000000000000e+02,8.777777777777791002e+00
3.112000000000000099e+00,1.302500000000000000e+02,1.955555555555555358e+01
3.112000000000000099e+00,1.307500000000000000e+02,2.155555555555555358e+01
3.112000000000000099e+00,1.312500000000000000e+02,2.177777777777777501e+01
3.112000000000000099e+00,1.317500000000000000e+02,2.166666666666666785e+01
3.112000000000000099e+00,1.322500000000000000e+02,2.077777777777777857e+01
3.112000000000000099e+00,1.327500000000000000e+02,2.122222222222222499e+01
3.112000000000000099e+00,1.332500000000000000e+02,2.200000000000000000e+01
3.112000000000000099e+00,1.337500000000000000e+02,2.255555555555555358e+01
3.112000000000000099e+00,1.342500000000000000e+02,2.400000000000000000e+01
3.112000000000000099e+00,1.347500000000000000e+02,2.366666666666666785e+01
3.112000000000000099e+00,1.352500000000000000e+02,2.466666666666666785e+01
3.112000000000000099e+00,1.357500000000000000e+02,2.600000000000000000e+01
3.112000000000000099e+00,1.362500000000000000e+02,3.033333333333333215e+01
3.112000000000000099e+00,1.367500000000000000e+02,3.166666666666666785e+01
3.112000000000000099e+00,1.372500000000000000e+02,3.244444444444444287e+01
3.112000000000000099e+00,1.377500000000000000e+02,3.222222222222222143e+01
3.112000000000000099e+00,1.382500000000000000e+02,3.433333333333332860e+01
3.112000000000000099e+00,1.387500000000000000e+02,3.455555555555555003e+01
3.112000000000000099e+00,1.392500000000000000e+02,3.644444444444443576e+01
3.112000000000000099e+00,1.397500000000000000e+02,3.944444444444443576e+01
3.112000000000000099e+00,1.402500000000000000e+02,4.344444444444443576e+01
3.112000000000000099e+00,1.407500000000000000e+02,4.388888888888888573e+01
3.112000000000000099e+00,1.412500000000000000e+02,4.433333333333333570e+01
3.112000000000000099e+00,1.417500000000000000e+02,4.822222222222222854e+01
3.112000000000000099e+00,1.422500000000000000e+02,5.333333333333333570e+01
3.112000000000000099e+00,1.427500000000000000e+02,5.444444444444444997e+01
3.112000000000000099e+00,1.432500000000000000e+02,5.077777777777777857e+01
3.112000000000000099e+00,1.437500000000000000e+02,4.922222222222222854e+01
3.112000000000000099e+00,1.442500000000000000e+02,4.922222222222222854e+01
3.112000000000000099e+00,1.447500000000000000e+02,5.366666666666666430e+01
3.112000000000000099e+00,1.452500000000000000e+02,5.477777777777777857e+01
3.112000000000000099e+00,1.457500000000000000e+02,5.811111111111111427e+01
3.112000000000000099e+00,1.462500000000000000e+02,6.022222222222222854e+01
3.112000000000000099e+00,1.467500000000000000e+02,6.300000000000000000e+01
3.112000000000000099e+00,1.472500000000000000e+02,6.755555555555555713e+01
3.112000000000000099e+00,1.477500000000000000e+02,6.911111111111110006e+01
3.112000000000000099e+00,1.482500000000000000e+02,7.744444444444444287e+01
3.112000000000000099e+00,1.487500000000000000e+02,8.033333333333332860e+01
3.112000000000000099e+00,1.492500000000000000e+02,8.333333333333332860e+01
3.112000000000000099e+00,1.497500000000000000e+02,8.300000000000000000e+01
3.112000000000000099e+00,1.502500000000000000e+02,8.444444444444444287e+01
3.112000000000000099e+00,1.507500000000000000e+02,9.144444444444444287e+01
3.112000000000000099e+00,1.512500000000000000e+02,9.600000000000000000e+01
3.112000000000000099e+00,1.517500000000000000e+02,9.788888888888889994e+01
3.112000000000000099e+00,1.522500000000000000e+02,9.866666666666667140e+01
3.112000000000000099e+00,1.527500000000000000e+02,9.877777777777778567e+01
3.112000000000000099e+00,1.532500000000000000e+02,1.073333333333333286e+02
3.112000000000000099e+00,1.537500000000000000e+02,1.116666666666666714e+02
3.112000000000000099e+00,1.542500000000000000e+02,1.168888888888888715e+02
3.112000000000000099e+00,1.547500000000000000e+02,1.155555555555555429e+02
3.112000000000000099e+00,1.552500000000000000e+02,1.216666666666666714e+02
3.112000000000000099e+00,1.557500000000000000e+02,1.236666666666666714e+02
3.112000000000000099e+00,1.562500000000000000e+02,1.285555555555555713e+02
3.112000000000000099e+00,1.567500000000000000e+02,1.317777777777777999e+02
3.112000000000000099e+00,1.572500000000000000e+02,1.338888888888888857e+02
3.112000000000000099e+00,1.577500000000000000e+02,1.366666666666666572e+02
3.112000000000000099e+00,1.582500000000000000e+02,1.376666666666666572e+02
3.112000000000000099e+00,1.587500000000000000e+02,1.437777777777777999e+02
3.112000000000000099e+00,1.592500000000000000e+02,1.460000000000000000e+02
3.112000000000000099e+00,1.597500000000000000e+02,1.502222222222222001e+02
3.112000000000000099e+00,1.602500000000000000e+02,1.540000000000000000e+02
3.112000000000000099e+00,1.607500000000000000e+02,1.548888888888888857e+02
3.112000000000000099e+00,1.612500000000000000e+02,1.544444444444444287e+02
3.112000000000000099e+00,1.617500000000000000e+02,1.596666666666666572e+02
3.112000000000000099e+00,1.622500000000000000e+02,1.636666666666666572e+02
3.112000000000000099e+00,1.627500000000000000e+02,1.656666666666666572e+02
3.112000000000000099e+00,1.632500000000000000e+02,1.623333333333333428e+02
3.112000000000000099e+00,1.637500000000000000e+02,1.620000000000000000e+02
3.112000000000000099e+00,1.642500000000000000e+02,1.615555555555555429e+02
3.112000000000000099e+00,1.647500000000000000e+02,1.613333333333333428e+02
3.112000000000000099e+00,1.652500000000000000e+02,1.627777777777777999e+02
3.112000000000000099e+00,1.657500000000000000e+02,1.637777777777777999e+02
3.112000000000000099e+00,1.662500000000000000e+02,1.714444444444444571e+02
3.112000000000000099e+00,1.667500000000000000e+02,1.665555555555555713e+02
3.112000000000000099e+00,1.672500000000000000e+02,1.638888888888889142e+02
3.112000000000000099e+00,1.677500000000000000e+02,1.540000000000000284e+02
3.112000000000000099e+00,1.682500000000000000e+02,1.530000000000000284e+02
3.112000000000000099e+00,1.687500000000000000e+02,1.504444444444444571e+02
3.112000000000000099e+00,1.692500000000000000e+02,1.434444444444444571e+02
3.112000000000000099e+00,1.697500000000000000e+02,1.408888888888888857e+02
3.112000000000000099e+00,1.702500000000000000e+02,1.335555555555555713e+02
3.112000000000000099e+00,1.707500000000000000e+02,1.290000000000000000e+02
3.112000000000000099e+00,1.712500000000000000e+02,1.225555555555555571e+02
3.112000000000000099e+00,1.717500000000000000e+02,1.224444444444444571e+02
3.112000000000000099e+00,1.722500000000000000e+02,1.230000000000000142e+02
3.112000000000000099e+00,1.727500000000000000e+02,1.207777777777777857e+02
3.112000000000000099e+00,1.732500000000000000e+02,1.093333333333333570e+02
3.112000000000000099e+00,1.737500000000000000e+02,1.001111111111111285e+02
3.112000000000000099e+00,1.742500000000000000e+02,9.311111111111112848e+01
3.112000000000000099e+00,1.747500000000000000e+02,8.711111111111112848e+01
3.112000000000000099e+00,1.752500000000000000e+02,7.922222222222222854e+01
3.112000000000000099e+00,1.757500000000000000e+02,7.100000000000000000e+01
3.112000000000000099e+00,1.762500000000000000e+02,6.577777777777777146e+01
3.112000000000000099e+00,1.767500000000000000e+02,5.911111111111110716e+01
3.112000000000000099e+00,1.772500000000000000e+02,5.033333333333332149e+01
3.112000000000000099e+00,1.777500000000000000e+02,4.155555555555554292e+01
3.112000000000000099e+00,1.782500000000000000e+02,3.222222222222220722e+01
3.112000000000000099e+00,1.787500000000000000e+02,2.211111111111110006e+01
3.112000000000000099e+00,1.792500000000000000e+02,1.288888888888887863e+01
3.112000000000000099e+00,1.797500000000000000e+02,6.444444444444434872e+00
3.128000000000000114e+00,1.302500000000000000e+02,2.033333333333333215e+01
3.128000000000000114e+00,1.307500000000000000e+02,2.133333333333333215e+01
3.128000000000000114e+00,1.312500000000000000e+02,2.166666666666666785e+01
3.128000000000000114e+00,1.317500000000000000e+02,2.144444444444444642e+01
3.128000000000000114e+00,1.322500000000000000e+02,2.188888888888889639e+01
3.128000000000000114e+00,1.327500000000000000e+02,2.300000000000001066e+01
3.128000000000000114e+00,1.332500000000000000e+02,2.366666666666667496e+01
3.128000000000000114e+00,1.337500000000000000e+02,2.366666666666667496e+01
3.128000000000000114e+00,1.342500000000000000e+02,2.366666666666667496e+01
3.128000000000000114e+00,1.347500000000000000e+02,2.333333333333334281e+01
3.128000000000000114e+00,1.352500000000000000e+02,2.411111111111111782e+01
3.128000000000000114e+00,1.357500000000000000e+02,2.477777777777778567e+01
3.128000000000000114e+00,1.362500000000000000e+02,2.833333333333334281e+01
3.128000000000000114e+00,1.367500000000000000e+02,2.911111111111111782e+01
3.128000000000000114e+00,1.372500000000000000e+02,2.977777777777778567e+01
3.128000000000000114e+00,1.377500000000000000e+02,2.933333333333334281e+01
3.128000000000000114e+00,1.382500000000000000e+02,3.122222222222223209e+01
3.128000000000000114e+00,1.387500000000000000e+02,3.166666666666667496e+01
3.128000000000000114e+00,1.392500000000000000e+02,3.544444444444445708e+01
3.128000000000000114e+00,1.397500000000000000e+02,3.811111111111112137e+01
3.128000000000000114e+00,1.402500000000000000e+02,4.233333333333334281e+01
3.128000000000000114e+00,1.407500000000000000e+02,4.155555555555556424e+01
3.128000000000000114e+00,1.412500000000000000e+02,4.355555555555556424e+01
3.128000000000000114e+00,1.417500000000000000e+02,4.766666666666667851e+01
3.128000000000000114e+00,1.422500000000000000e+02,4.955555555555556424e+01
3.128000000000000114e+00,1.427500000000000000e+02,4.822222222222222854e+01
3.128000000000000114e+00,1.432500000000000000e+02,4.455555555555556424e+01
3.128000000000000114e+00,1.437500000000000000e+02,4.488888888888889284e+01
3.128000000000000114e+00,1.442500000000000000e+02,4.522222222222222854e+01
3.128000000000000114e+00,1.447500000000000000e+02,4.800000000000000711e+01
3.128000000000000114e+00,1.452500000000000000e+02,5.100000000000000711e+01
3.128000000000000114e+00,1.457500000000000000e+02,5.444444444444445708e+01
3.128000000000000114e+00,1.462500000000000000e+02,5.888888888888890705e+01
3.128000000000000114e+00,1.467500000000000000e+02,6.122222222222223564e+01
3.128000000000000114e+00,1.472500000000000000e+02,6.666666666666668561e+01
3.128000000000000114e+00,1.477500000000000000e+02,6.766666666666668561e+01
3.128000000000000114e+00,1.482500000000000000e+02,7.544444444444447129e+01
3.128000000000000114e+00,1.487500000000000000e+02,7.633333333333335702e+01
3.128000000000000114e+00,1.492500000000000000e+02,7.900000000000001421e+01
3.128000000000000114e+00,1.497500000000000000e+02,7.788888888888891415e+01
3.128000000000000114e+00,1.502500000000000000e+02,7.855555555555558556e+01
3.128000000000000114e+00,1.507500000000000000e+02,8.355555555555558556e+01
3.128000000000000114e+00,1.512500000000000000e+02,8.933333333333335702e+01
3.128000000000000114e+00,1.517500000000000000e+02,9.444444444444445708e+01
3.128000000000000114e+00,1.522500000000000000e+02,9.600000000000000000e+01
3.128000000000000114e+00,1.527500000000000000e+02,9.466666666666667140e+01
3.128000000000000114e+00,1.532500000000000000e+02,1.005555555555555429e+02
3.128000000000000114e+00,1.537500000000000000e+02,1.036666666666666714e+02
3.128000000000000114e+00,1.542500000000000000e+02,1.067777777777777715e+02
3.128000000000000114e+00,1.547500000000000000e+02,1.072222222222222143e+02
3.128000000000000114e+00,1.552500000000000000e+02,1.129999999999999858e+02
3.128000000000000114e+00,1.557500000000000000e+02,1.179999999999999858e+02
3.128000000000000114e+00,1.562500000000000000e+02,1.208888888888888715e+02
3.128000000000000114e+00,1.567500000000000000e+02,1.254444444444444144e+02
3.128000000000000114e+00,1.572500000000000000e+02,1.261111111111110858e+02
3.128000000000000114e+00,1.577500000000000000e+02,1.266666666666666430e+02
3.128000000000000114e+00,1.582500000000000000e+02,1.282222222222222001e+02
3.128000000000000114e+00,1.587500000000000000e+02,1.334444444444444287e+02
3.128000000000000114e+00,1.592500000000000000e+02,1.398888888888888857e+02
3.128000000000000114e+00,1.597500000000000000e+02,1.392222222222222001e+02
3.128000000000000114e+00,1.602500000000000000e+02,1.417777777777777430e+02
3.128000000000000114e+00,1.607500000000000000e+02,1.405555555555555145e+02
3.128000000000000114e+00,1.612500000000000000e+02,1.422222222222222001e+02
3.128000000000000114e+00,1.617500000000000000e+02,1.478888888888888573e+02
3.128000000000000114e+00,1.622500000000000000e+02,1.489999999999999716e+02
3.128000000000000114e+00,1.627500000000000000e+02,1.494444444444444002e+02
3.128000000000000114e+00,1.632500000000000000e+02,1.447777777777777430e+02
3.128000000000000114e+00,1.637500000000000000e+02,1.457777777777777430e+02
3.128000000000000114e+00,1.642500000000000000e+02,1.447777777777777430e+02
3.128000000000000114e+00,1.647500000000000000e+02,1.439999999999999716e+02
3.128000000000000114e+00,1.652500000000000000e+02,1.469999999999999716e+02
3.128000000000000114e+00,1.657500000000000000e+02,1.504444444444444287e+02
3.128000000000000114e+00,1.662500000000000000e+02,1.563333333333332860e+02
3.128000000000000114e+00,1.667500000000000000e+02,1.524444444444444287e+02
3.128000000000000114e+00,1.672500000000000000e+02,1.478888888888888857e+02
3.128000000000000114e+00,1.677500000000000000e+02,1.410000000000000000e+02
3.128000000000000114e+00,1.682500000000000000e+02,1.388888888888888857e+02
3.128000000000000114e+00,1.687500000000000000e+02,1.373333333333333144e+02
3.128000000000000114e+00,1.692500000000000000e+02,1.312222222222222001e+02
3.128000000000000114e+00,1.697500000000000000e+02,1.273333333333333144e+02
3.128000000000000114e+00,1.702500000000000000e+02,1.201111111111110858e+02
3.128000000000000114e+00,1.707500000000000000e+02,1.155555555555555287e+02
3.128000000000000114e+00,1.712500000000000000e+02,1.124444444444444144e+02
3.128000000000000114e+00,1.717500000000000000e+02,1.108888888888888573e+02
3.128000000000000114e+00,1.722500000000000000e+02,1.119999999999999574e+02
3.128000000000000114e+00,1.727500000000000000e+02,1.064444444444444002e+02
3.128000000000000114e+00,1.732500000000000000e+02,9.944444444444440023e+01
3.128000000000000114e+00,1.737500000000000000e+02,8.955555555555550029e+01
3.128000000000000114e+00,1.742500000000000000e+02,8.488888888888884310e+01
3.128000000000000114e+00,1.747500000000000000e+02,8.099999999999995737e+01
3.128000000000000114e+00,1.752500000000000000e+02,7.377777777777772883e+01
3.128000000000000114e+00,1.757500000000000000e+02,6.555555555555551450e+01
3.128000000000000114e+00,1.762500000000000000e+02,5.788888888888885020e+01
3.128000000000000114e+00,1.767500000000000000e+02,5.333333333333329307e+01
3.128000000000000114e+00,1.772500000000000000e+02,4.555555555555552161e+01
3.128000000000000114e+00,1.777500000000000000e+02,3.811111111111107874e+01
3.128000000000000114e+00,1.782500000000000000e+02,2.922222222222218946e+01
3.128000000000000114e+00,1.787500000000000000e+02,1.955555555555552516e+01
3.128000000000000114e+00,1.792500000000000000e+02,1.111111111111108052e+01
3.128000000000000114e+00,1.797500000000000000e+02,5.444444444444414444e+00
3.144000000000000128e+00,1.302500000000000000e+02,1.677777777777777501e+01
3.144000000000000128e+00,1.307500000000000000e+02,1.844444444444444287e+01
3.144000000000000128e+00,1.312500000000000000e+02,1.966666666666666785e+01
3.144000000000000128e+00,1.317500000000000000e+02,2.000000000000000000e+01
3.144000000000000128e+00,1.322500000000000000e+02,2.100000000000000000e+01
3.144000000000000128e+00,1.327500000000000000e+02,2.233333333333333215e+01
3.144000000000000128e+00,1.332500000000000000e+02,2.333333333333333215e+01
3.144000000000000128e+00,1.337500000000000000e+02,2.466666666666666785e+01
3.144000000000000128e+00,1.342500000000000000e+02,2.433333333333333215e+01
3.144000000000000128e+00,1.347500000000000000e+02,2.466666666666666785e+01
3.144000000000000128e+00,1.352500000000000000e+02,2.422222222222222499e+01
3.144000000000000128e+00,1.357500000000000000e+02,2.511111111111111427e+01
3.144000000000000128e+00,1.362500000000000000e+02,2.822222222222222499e+01
3.144000000000000128e+00,1.367500000000000000e+02,2.811111111111111427e+01
3.144000000000000128e+00,1.372500000000000000e+02,2.922222222222222499e+01
3.144000000000000128e+00,1.377500000000000000e+02,2.866666666666666785e+01
3.144000000000000128e+00,1.382500000000000000e+02,3.055555555555555713e+01
3.144000000000000128e+00,1.387500000000000000e+02,3.022222222222222499e+01
3.144000000000000128e+00,1.392500000000000000e+02,3.266666666666666430e+01
3.144000000000000128e+00,1.397500000000000000e+02,3.566666666666666430e+01
3.144000000000000128e+00,1.402500000000000000e+02,3.922222222222222143e+01
3.144000000000000128e+00,1.407500000000000000e+02,4.044444444444444287e+01
3.144000000000000128e+00,1.412500000000000000e+02,4.366666666666666430e+01
3.144000000000000128e+00,1.417500000000000000e+02,4.800000000000000000e+01
3.144000000000000128e+00,1.422500000000000000e+02,4.844444444444443576e+01
3.144000000000000128e+00,1.427500000000000000e+02,4.699999999999999289e+01
3.144000000000000128e+00,1.432500000000000000e+02,4.411111111111110716e+01
3.144000000000000128e+00,1.437500000000000000e+02,4.633333333333333570e+01
3.144000000000000128e+00,1.442500000000000000e+02,4.677777777777777857e+01
3.144000000000000128e+00,1.447500000000000000e+02,4.822222222222222854e+01
3.144000000000000128e+00,1.452500000000000000e+02,5.011111111111111427e+01
3.144000000000000128e+00,1.457500000000000000e+02,5.188888888888889284e+01
3.144000000000000128e+00,1.462500000000000000e+02,5.666666666666666430e+01
3.144000000000000128e+00,1.467500000000000000e+02,5.788888888888888573e+01
3.144000000000000128e+00,1.472500000000000000e+02,6.311111111111110716e+01
3.144000000000000128e+00,1.477500000000000000e+02,6.466666666666665719e+01
3.144000000000000128e+00,1.482500000000000000e+02,7.022222222222221433e+01
3.144000000000000128e+00,1.487500000000000000e+02,6.866666666666664298e+01
3.144000000000000128e+00,1.492500000000000000e+02,7.233333333333331439e+01
3.144000000000000128e+00,1.497500000000000000e+02,7.266666666666664298e+01
3.144000000000000128e+00,1.502500000000000000e+02,7.511111111111110006e+01
3.144000000000000128e+00,1.507500000000000000e+02,7.877777777777775725e+01
3.144000000000000128e+00,1.512500000000000000e+02,8.177777777777775725e+01
3.144000000000000128e+00,1.517500000000000000e+02,8.955555555555554292e+01
3.144000000000000128e+00,1.522500000000000000e+02,9.133333333333332860e+01
3.144000000000000128e+00,1.527500000000000000e+02,9.100000000000000000e+01
3.144000000000000128e+00,1.532500000000000000e+02,9.288888888888889994e+01
3.144000000000000128e+00,1.537500000000000000e+02,9.288888888888889994e+01
3.144000000000000128e+00,1.542500000000000000e+02,9.988888888888889994e+01
3.144000000000000128e+00,1.547500000000000000e+02,9.888888888888889994e+01
3.144000000000000128e+00,1.552500000000000000e+02,1.045555555555555571e+02
3.144000000000000128e+00,1.557500000000000000e+02,1.054444444444444571e+02
3.144000000000000128e+00,1.562500000000000000e+02,1.075555555555555571e+02
3.144000000000000128e+00,1.567500000000000000e+02,1.070000000000000000e+02
3.144000000000000128e+00,1.572500000000000000e+02,1.066666666666666714e+02
3.144000000000000128e+00,1.577500000000000000e+02,1.095555555555555571e+02
3.144000000000000128e+00,1.582500000000000000e+02,1.158888888888888999e+02
3.144000000000000128e+00,1.587500000000000000e+02,1.221111111111111285e+02
3.144000000000000128e+00,1.592500000000000000e+02,1.286666666666666856e+02
3.144000000000000128e+00,1.597500000000000000e+02,1.290000000000000284e+02
3.144000000000000128e+00,1.602500000000000000e+02,1.293333333333333428e+02
3.144000000000000128e+00,1.607500000000000000e+02,1.310000000000000284e+02
3.144000000000000128e+00,1.612500000000000000e+02,1.321111111111111143e+02
3.144000000000000128e+00,1.617500000000000000e+02,1.381111111111111143e+02
3.144000000000000128e+00,1.622500000000000000e+02,1.362222222222222285e+02
3.144000000000000128e+00,1.627500000000000000e+02,1.374444444444444571e+02
3.144000000000000128e+00,1.632500000000000000e+02,1.327777777777777999e+02
3.144000000000000128e+00,1.637500000000000000e+02,1.327777777777777999e+02
3.144000000000000128e+00,1.642500000000000000e+02,1.303333333333333428e+02
3.144000000000000128e+00,1.647500000000000000e+02,1.303333333333333428e+02
3.144000000000000128e+00,1.652500000000000000e+02,1.352222222222222285e+02
3.144000000000000128e+00,1.657500000000000000e+02,1.394444444444444571e+02
3.144000000000000128e+00,1.662500000000000000e+02,1.416666666666666856e+02
3.144000000000000128e+00,1.667500000000000000e+02,1.327777777777777999e+02
3.144000000000000128e+00,1.672500000000000000e+02,1.257777777777777857e+02
3.144000000000000128e+00,1.677500000000000000e+02,1.215555555555555571e+02
3.144000000000000128e+00,1.682500000000000000e+02,1.214444444444444571e+02
3.144000000000000128e+00,1.687500000000000000e+02,1.244444444444444571e+02
3.144000000000000128e+00,1.692500000000000000e+02,1.210000000000000000e+02
3.144000000000000128e+00,1.697500000000000000e+02,1.177777777777777857e+02
3.144000000000000128e+00,1.702500000000000000e+02,1.098888888888888999e+02
3.144000000000000128e+00,1.707500000000000000e+02,1.058888888888888999e+02
3.144000000000000128e+00,1.712500000000000000e+02,1.051111111111111285e+02
3.144000000000000128e+00,1.717500000000000000e+02,1.020000000000000000e+02
3.144000000000000128e+00,1.722500000000000000e+02,1.018888888888888999e+02
3.144000000000000128e+00,1.727500000000000000e+02,9.666666666666667140e+01
3.144000000000000128e+00,1.732500000000000000e+02,9.044444444444445708e+01
3.144000000000000128e+00,1.737500000000000000e+02,8.188888888888889994e+01
3.144000000000000128e+00,1.742500000000000000e+02,7.522222222222222854e+01
3.144000000000000128e+00,1.747500000000000000e+02,7.266666666666667140e+01
3.144000000000000128e+00,1.752500000000000000e+02,6.900000000000000000e+01
3.144000000000000128e+00,1.757500000000000000e+02,6.411111111111110006e+01
3.144000000000000128e+00,1.762500000000000000e+02,5.677777777777777146e+01
3.144000000000000128e+00,1.767500000000000000e+02,4.877777777777777146e+01
3.144000000000000128e+00,1.772500000000000000e+02,3.966666666666666430e+01
3.144000000000000128e+00,1.777500000000000000e+02,3.244444444444443576e+01
3.144000000000000128e+00,1.782500000000000000e+02,2.422222222222221433e+01
3.144000000000000128e+00,1.787500000000000000e+02,1.722222222222221433e+01
3.144000000000000128e+00,1.792500000000000000e+02,9.777777777777769685e+00
3.144000000000000128e+00,1.797500000000000000e+02,5.555555555555547365e+00
3.160000000000000142e+00,1.302500000000000000e+02,1.611111111111111072e+01
3.160000000000000142e+00,1.307500000000000000e+02,1.766666666666666785e+01
3.160000000000000142e+00,1.312500000000000000e+02,1.933333333333333215e+01
3.160000000000000142e+00,1.317500000000000000e+02,1.944444444444444287e+01
3.160000000000000142e+00,1.322500000000000000e+02,2.088888888888888573e+01
3.160000000000000142e+00,1.327500000000000000e+02,2.288888888888888573e+01
3.160000000000000142e+00,1.332500000000000000e+02,2.377777777777777501e+01
3.160000000000000142e+00,1.337500000000000000e+02,2.511111111111111072e+01
3.160000000000000142e+00,1.342500000000000000e+02,2.422222222222221788e+01
3.160000000000000142e+00,1.347500000000000000e+02,2.488888888888888573e+01
3.160000000000000142e+00,1.352500000000000000e+02,2.377777777777777501e+01
3.160000000000000142e+00,1.357500000000000000e+02,2.422222222222221788e+01
3.160000000000000142e+00,1.362500000000000000e+02,2.588888888888888573e+01
3.160000000000000142e+00,1.367500000000000000e+02,2.711111111111111072e+01
3.160000000000000142e+00,1.372500000000000000e+02,2.988888888888888573e+01
3.160000000000000142e+00,1.377500000000000000e+02,2.999999999999999645e+01
3.160000000000000142e+00,1.382500000000000000e+02,3.166666666666666075e+01
3.160000000000000142e+00,1.387500000000000000e+02,3.055555555555555358e+01
3.160000000000000142e+00,1.392500000000000000e+02,3.311111111111110716e+01
3.160000000000000142e+00,1.397500000000000000e+02,3.422222222222222143e+01
3.160000000000000142e+00,1.402500000000000000e+02,3.733333333333333570e+01
3.160000000000000142e+00,1.407500000000000000e+02,3.666666666666666430e+01
3.160000000000000142e+00,1.412500000000000000e+02,4.044444444444444997e+01
3.160000000000000142e+00,1.417500000000000000e+02,4.200000000000000000e+01
3.160000000000000142e+00,1.422500000000000000e+02,4.300000000000000000e+01
3.160000000000000142e+00,1.427500000000000000e+02,4.300000000000000000e+01
3.160000000000000142e+00,1.432500000000000000e+02,4.300000000000000000e+01
3.160000000000000142e+00,1.437500000000000000e+02,4.711111111111111427e+01
3.160000000000000142e+00,1.442500000000000000e+02,4.833333333333333570e+01
3.160000000000000142e+00,1.447500000000000000e+02,5.088888888888888573e+01
3.160000000000000142e+00,1.452500000000000000e+02,5.211111111111110716e+01
3.160000000000000142e+00,1.457500000000000000e+02,5.188888888888888573e+01
3.160000000000000142e+00,1.462500000000000000e+02,5.433333333333333570e+01
3.160000000000000142e+00,1.467500000000000000e+02,5.666666666666666430e+01
3.160000000000000142e+00,1.472500000000000000e+02,6.155555555555555003e+01
3.160000000000000142e+00,1.477500000000000000e+02,6.488888888888888573e+01
3.160000000000000142e+00,1.482500000000000000e+02,6.611111111111110006e+01
3.160000000000000142e+00,1.487500000000000000e+02,6.477777777777777146e+01
3.160000000000000142e+00,1.492500000000000000e+02,6.677777777777777146e+01
3.160000000000000142e+00,1.497500000000000000e+02,6.844444444444444287e+01
3.160000000000000142e+00,1.502500000000000000e+02,7.188888888888887152e+01
3.160000000000000142e+00,1.507500000000000000e+02,7.466666666666664298e+01
3.160000000000000142e+00,1.512500000000000000e+02,7.844444444444442865e+01
3.160000000000000142e+00,1.517500000000000000e+02,8.411111111111110006e+01
3.160000000000000142e+00,1.522500000000000000e+02,8.633333333333331439e+01
3.160000000000000142e+00,1.527500000000000000e+02,8.866666666666664298e+01
3.160000000000000142e+00,1.532500000000000000e+02,9.088888888888887152e+01
3.160000000000000142e+00,1.537500000000000000e+02,8.711111111111110006e+01
3.160000000000000142e+00,1.542500000000000000e+02,9.055555555555554292e+01
3.160000000000000142e+00,1.547500000000000000e+02,8.877777777777777146e+01
3.160000000000000142e+00,1.552500000000000000e+02,9.555555555555554292e+01
3.160000000000000142e+00,1.557500000000000000e+02,9.322222222222221433e+01
3.160000000000000142e+00,1.562500000000000000e+02,9.666666666666664298e+01
3.160000000000000142e+00,1.567500000000000000e+02,9.577777777777775725e+01
3.160000000000000142e+00,1.572500000000000000e+02,9.911111111111108585e+01
3.160000000000000142e+00,1.577500000000000000e+02,1.002222222222221859e+02
3.160000000000000142e+00,1.582500000000000000e+02,1.107777777777777573e+02
3.160000000000000142e+00,1.587500000000000000e+02,1.154444444444444144e+02
3.160000000000000142e+00,1.592500000000000000e+02,1.195555555555555429e+02
3.160000000000000142e+00,1.597500000000000000e+02,1.166666666666666430e+02
3.160000000000000142e+00,1.602500000000000000e+02,1.142222222222222143e+02
3.160000000000000142e+00,1.607500000000000000e+02,1.189999999999999858e+02
3.160000000000000142e+00,1.612500000000000000e+02,1.179999999999999858e+02
3.160000000000000142e+00,1.617500000000000000e+02,1.241111111111110858e+02
3.160000000000000142e+00,1.622500000000000000e+02,1.236666666666666288e+02
3.160000000000000142e+00,1.627500000000000000e+02,1.267777777777777573e+02
3.160000000000000142e+00,1.632500000000000000e+02,1.247777777777777573e+02
3.160000000000000142e+00,1.637500000000000000e+02,1.215555555555555429e+02
3.160000000000000142e+00,1.642500000000000000e+02,1.203333333333333144e+02
3.160000000000000142e+00,1.647500000000000000e+02,1.206666666666666430e+02
3.160000000000000142e+00,1.652500000000000000e+02,1.234444444444444144e+02
3.160000000000000142e+00,1.657500000000000000e+02,1.252222222222221859e+02
3.160000000000000142e+00,1.662500000000000000e+02,1.226666666666666288e+02
3.160000000000000142e+00,1.667500000000000000e+02,1.182222222222221859e+02
3.160000000000000142e+00,1.672500000000000000e+02,1.115555555555555287e+02
3.160000000000000142e+00,1.677500000000000000e+02,1.094444444444444144e+02
3.160000000000000142e+00,1.682500000000000000e+02,1.111111111111110858e+02
3.160000000000000142e+00,1.687500000000000000e+02,1.128888888888888715e+02
3.160000000000000142e+00,1.692500000000000000e+02,1.141111111111111001e+02
3.160000000000000142e+00,1.697500000000000000e+02,1.093333333333333286e+02
3.160000000000000142e+00,1.702500000000000000e+02,1.052222222222222143e+02
3.160000000000000142e+00,1.707500000000000000e+02,1.004444444444444144e+02
3.160000000000000142e+00,1.712500000000000000e+02,9.999999999999995737e+01
3.160000000000000142e+00,1.717500000000000000e+02,9.655555555555552871e+01
3.160000000000000142e+00,1.722500000000000000e+02,9.444444444444441444e+01
3.160000000000000142e+00,1.727500000000000000e+02,8.655555555555554292e+01
3.160000000000000142e+00,1.732500000000000000e+02,8.088888888888887152e+01
3.160000000000000142e+00,1.737500000000000000e+02,7.366666666666664298e+01
3.160000000000000142e+00,1.742500000000000000e+02,6.677777777777775725e+01
3.160000000000000142e+00,1.747500000000000000e+02,6.355555555555553582e+01
3.160000000000000142e+00,1.752500000000000000e+02,5.977777777777775015e+01
3.160000000000000142e+00,1.757500000000000000e+02,5.733333333333330728e+01
3.160000000000000142e+00,1.762500000000000000e+02,5.144444444444442155e+01
3.160000000000000142e+00,1.767500000000000000e+02,4.377777777777775015e+01
3.160000000000000142e+00,1.772500000000000000e+02,3.588888888888886441e+01
3.160000000000000142e+00,1.777500000000000000e+02,2.855555555555553227e+01
3.160000000000000142e+00,1.782500000000000000e+02,2.188888888888886797e+01
3.160000000000000142e+00,1.787500000000000000e+02,1.599999999999997868e+01
3.160000000000000142e+00,1.792500000000000000e+02,9.666666666666644758e+00
3.160000000000000142e+00,1.797500000000000000e+02,5.888888888888867079e+00
3.176000000000000156e+00,1.302500000000000000e+02,1.788888888888888928e+01
3.176000000000000156e+00,1.307500000000000000e+02,1.833333333333333215e+01
3.176000000000000156e+00,1.312500000000000000e+02,1.811111111111111072e+01
3.176000000000000156e+00,1.317500000000000000e+02,1.844444444444444287e+01
3.176000000000000156e+00,1.322500000000000000e+02,1.922222222222222143e+01
3.176000000000000156e+00,1.327500000000000000e+02,2.188888888888888573e+01
3.176000000000000156e+00,1.332500000000000000e+02,2.188888888888888573e+01
3.176000000000000156e+00,1.337500000000000000e+02,2.355555555555555358e+01
3.176000000000000156e+00,1.342500000000000000e+02,2.222222222222221788e+01
3.176000000000000156e+00,1.347500000000000000e+02,2.344444444444443931e+01
3.176000000000000156e+00,1.352500000000000000e+02,2.233333333333332504e+01
3.176000000000000156e+00,1.357500000000000000e+02,2.433333333333332504e+01
3.176000000000000156e+00,1.362500000000000000e+02,2.644444444444443931e+01
3.176000000000000156e+00,1.367500000000000000e+02,2.844444444444443931e+01
3.176000000000000156e+00,1.372500000000000000e+02,3.077777777777777146e+01
3.176000000000000156e+00,1.377500000000000000e+02,3.066666666666665719e+01
3.176000000000000156e+00,1.382500000000000000e+02,3.222222222222221433e+01
3.176000000000000156e+00,1.387500000000000000e+02,3.088888888888888218e+01
3.176000000000000156e+00,1.392500000000000000e+02,3.111111111111110361e+01
3.176000000000000156e+00,1.397500000000000000e+02,3.066666666666666075e+01
3.176000000000000156e+00,1.402500000000000000e+02,3.355555555555555003e+01
3.176000000000000156e+00,1.407500000000000000e+02,3.488888888888888573e+01
3.176000000000000156e+00,1.412500000000000000e+02,3.977777777777777857e+01
3.176000000000000156e+00,1.417500000000000000e+02,4.011111111111110716e+01
3.176000000000000156e+00,1.422500000000000000e+02,4.088888888888888573e+01
3.176000000000000156e+00,1.427500000000000000e+02,4.244444444444443576e+01
3.176000000000000156e+00,1.432500000000000000e+02,4.577777777777777146e+01
3.176000000000000156e+00,1.437500000000000000e+02,4.922222222222220722e+01
3.176000000000000156e+00,1.442500000000000000e+02,4.911111111111109295e+01
3.176000000000000156e+00,1.447500000000000000e+02,4.888888888888887863e+01
3.176000000000000156e+00,1.452500000000000000e+02,4.999999999999999289e+01
3.176000000000000156e+00,1.457500000000000000e+02,4.922222222222220722e+01
3.176000000000000156e+00,1.462500000000000000e+02,5.188888888888887863e+01
3.176000000000000156e+00,1.467500000000000000e+02,5.444444444444442865e+01
3.176000000000000156e+00,1.472500000000000000e+02,5.877777777777776436e+01
3.176000000000000156e+00,1.477500000000000000e+02,6.055555555555554292e+01
3.176000000000000156e+00,1.482500000000000000e+02,6.122222222222220722e+01
3.176000000000000156e+00,1.487500000000000000e+02,6.155555555555554292e+01
3.176000000000000156e+00,1.492500000000000000e+02,6.233333333333332149e+01
3.176000000000000156e+00,1.497500000000000000e+02,6.377777777777777146e+01
3.176000000000000156e+00,1.502500000000000000e+02,6.544444444444444287e+01
3.176000000000000156e+00,1.507500000000000000e+02,6.866666666666667140e+01
3.176000000000000156e+00,1.512500000000000000e+02,7.011111111111110006e+01
3.176000000000000156e+00,1.517500000000000000e+02,7.522222222222221433e+01
3.176000000000000156e+00,1.522500000000000000e+02,7.633333333333332860e+01
3.176000000000000156e+00,1.527500000000000000e+02,8.055555555555555713e+01
3.176000000000000156e+00,1.532500000000000000e+02,8.122222222222222854e+01
3.176000000000000156e+00,1.537500000000000000e+02,7.944444444444445708e+01
3.176000000000000156e+00,1.542500000000000000e+02,8.311111111111112848e+01
3.176000000000000156e+00,1.547500000000000000e+02,8.211111111111112848e+01
3.176000000000000156e+00,1.552500000000000000e+02,8.888888888888889994e+01
3.176000000000000156e+00,1.557500000000000000e+02,8.544444444444445708e+01
3.176000000000000156e+00,1.562500000000000000e+02,8.988888888888889994e+01
3.176000000000000156e+00,1.567500000000000000e+02,8.700000000000000000e+01
3.176000000000000156e+00,1.572500000000000000e+02,8.944444444444444287e+01
3.176000000000000156e+00,1.577500000000000000e+02,8.722222222222221433e+01
3.176000000000000156e+00,1.582500000000000000e+02,9.577777777777777146e+01
3.176000000000000156e+00,1.587500000000000000e+02,9.844444444444444287e+01
3.176000000000000156e+00,1.592500000000000000e+02,1.037777777777777715e+02
3.176000000000000156e+00,1.597500000000000000e+02,1.018888888888888715e+02
3.176000000000000156e+00,1.602500000000000000e+02,1.033333333333333144e+02
3.176000000000000156e+00,1.607500000000000000e+02,1.061111111111110858e+02
3.176000000000000156e+00,1.612500000000000000e+02,1.054444444444444144e+02
3.176000000000000156e+00,1.617500000000000000e+02,1.103333333333333144e+02
3.176000000000000156e+00,1.622500000000000000e+02,1.126666666666666430e+02
3.176000000000000156e+00,1.627500000000000000e+02,1.171111111111110858e+02
3.176000000000000156e+00,1.632500000000000000e+02,1.144444444444444144e+02
3.176000000000000156e+00,1.637500000000000000e+02,1.103333333333333002e+02
3.176000000000000156e+00,1.642500000000000000e+02,1.115555555555555003e+02
3.176000000000000156e+00,1.647500000000000000e+02,1.121111111111110716e+02
3.176000000000000156e+00,1.652500000000000000e+02,1.139999999999999574e+02
3.176000000000000156e+00,1.657500000000000000e+02,1.119999999999999574e+02
3.176000000000000156e+00,1.662500000000000000e+02,1.097777777777777288e+02
3.176000000000000156e+00,1.667500000000000000e+02,1.048888888888888431e+02
3.176000000000000156e+00,1.672500000000000000e+02,1.006666666666666288e+02
3.176000000000000156e+00,1.677500000000000000e+02,9.688888888888885731e+01
3.176000000000000156e+00,1.682500000000000000e+02,1.011111111111110858e+02
3.176000000000000156e+00,1.687500000000000000e+02,9.999999999999995737e+01
3.176000000000000156e+00,1.692500000000000000e+02,9.899999999999995737e+01
3.176000000000000156e+00,1.697500000000000000e+02,9.511111111111107164e+01
3.176000000000000156e+00,1.702500000000000000e+02,9.311111111111107164e+01
3.176000000000000156e+00,1.707500000000000000e+02,9.355555555555550029e+01
3.176000000000000156e+00,1.712500000000000000e+02,9.155555555555550029e+01
3.176000000000000156e+00,1.717500000000000000e+02,8.955555555555550029e+01
3.176000000000000156e+00,1.722500000000000000e+02,8.466666666666661456e+01
3.176000000000000156e+00,1.727500000000000000e+02,8.011111111111105743e+01
3.176000000000000156e+00,1.732500000000000000e+02,7.277777777777772883e+01
3.176000000000000156e+00,1.737500000000000000e+02,6.833333333333327175e+01
3.176000000000000156e+00,1.742500000000000000e+02,5.855555555555549319e+01
3.176000000000000156e+00,1.747500000000000000e+02,5.533333333333327886e+01
3.176000000000000156e+00,1.752500000000000000e+02,5.288888888888882889e+01
3.176000000000000156e+00,1.757500000000000000e+02,5.133333333333327886e+01
3.176000000000000156e+00,1.762500000000000000e+02,4.599999999999994316e+01
3.176000000000000156e+00,1.767500000000000000e+02,3.822222222222216459e+01
3.176000000000000156e+00,1.772500000000000000e+02,3.033333333333327531e+01
3.176000000000000156e+00,1.777500000000000000e+02,2.499999999999994316e+01
3.176000000000000156e+00,1.782500000000000000e+02,1.855555555555549674e+01
3.176000000000000156e+00,1.787500000000000000e+02,1.555555555555549851e+01
3.176000000000000156e+00,1.792500000000000000e+02,9.666666666666609231e+00
3.176000000000000156e+00,1.797500000000000000e+02,6.333333333333275306e+00
3.192000000000000171e+00,1.302500000000000000e+02,1.966666666666666785e+01
3.192000000000000171e+00,1.307500000000000000e+02,1.966666666666666785e+01
3.192000000000000171e+00,1.312500000000000000e+02,1.911111111111111072e+01
3.192000000000000171e+00,1.317500000000000000e+02,1.800000000000000000e+01
3.192000000000000171e+00,1.322500000000000000e+02,1.922222222222222499e+01
3.192000000000000171e+00,1.327500000000000000e+02,2.233333333333333215e+01
3.192000000000000171e+00,1.332500000000000000e+02,2.277777777777777501e+01
3.192000000000000171e+00,1.337500000000000000e+02,2.222222222222221788e+01
3.192000000000000171e+00,1.342500000000000000e+02,2.099999999999999645e+01
3.192000000000000171e+00,1.347500000000000000e+02,2.299999999999999645e+01
3.192000000000000171e+00,1.352500000000000000e+02,2.422222222222221788e+01
3.192000000000000171e+00,1.357500000000000000e+02,2.522222222222221788e+01
3.192000000000000171e+00,1.362500000000000000e+02,2.611111111111111072e+01
3.192000000000000171e+00,1.367500000000000000e+02,2.800000000000000000e+01
3.192000000000000171e+00,1.372500000000000000e+02,3.000000000000000000e+01
3.192000000000000171e+00,1.377500000000000000e+02,2.977777777777777501e+01
3.192000000000000171e+00,1.382500000000000000e+02,3.055555555555555358e+01
3.192000000000000171e+00,1.387500000000000000e+02,3.022222222222221788e+01
3.192000000000000171e+00,1.392500000000000000e+02,3.166666666666666075e+01
3.192000000000000171e+00,1.397500000000000000e+02,3.044444444444443931e+01
3.192000000000000171e+00,1.402500000000000000e+02,3.144444444444443931e+01
3.192000000000000171e+00,1.407500000000000000e+02,3.233333333333332860e+01
3.192000000000000171e+00,1.412500000000000000e+02,3.633333333333332860e+01
3.192000000000000171e+00,1.417500000000000000e+02,3.844444444444443576e+01
3.192000000000000171e+00,1.422500000000000000e+02,3.899999999999999289e+01
3.192000000000000171e+00,1.427500000000000000e+02,4.155555555555554292e+01
3.192000000000000171e+00,1.432500000000000000e+02,4.433333333333331439e+01
3.192000000000000171e+00,1.437500000000000000e+02,4.688888888888887863e+01
3.192000000000000171e+00,1.442500000000000000e+02,4.799999999999999289e+01
3.192000000000000171e+00,1.447500000000000000e+02,4.922222222222220722e+01
3.192000000000000171e+00,1.452500000000000000e+02,5.122222222222220722e+01
3.192000000000000171e+00,1.457500000000000000e+02,4.944444444444442865e+01
3.192000000000000171e+00,1.462500000000000000e+02,4.844444444444442865e+01
3.192000000000000171e+00,1.467500000000000000e+02,4.922222222222220722e+01
3.192000000000000171e+00,1.472500000000000000e+02,5.288888888888887863e+01
3.192000000000000171e+00,1.477500000000000000e+02,5.544444444444442865e+01
3.192000000000000171e+00,1.482500000000000000e+02,5.722222222222220722e+01
3.192000000000000171e+00,1.487500000000000000e+02,6.011111111111109295e+01
3.192000000000000171e+00,1.492500000000000000e+02,6.233333333333331439e+01
3.192000000000000171e+00,1.497500000000000000e+02,6.288888888888886441e+01
3.192000000000000171e+00,1.502500000000000000e+02,6.211111111111108585e+01
3.192000000000000171e+00,1.507500000000000000e+02,6.311111111111108585e+01
3.192000000000000171e+00,1.512500000000000000e+02,6.488888888888887152e+01
3.192000000000000171e+00,1.517500000000000000e+02,6.822222222222220012e+01
3.192000000000000171e+00,1.522500000000000000e+02,7.155555555555552871e+01
3.192000000000000171e+00,1.527500000000000000e+02,7.588888888888887152e+01
3.192000000000000171e+00,1.532500000000000000e+02,7.711111111111108585e+01
3.192000000000000171e+00,1.537500000000000000e+02,7.466666666666664298e+01
3.192000000000000171e+00,1.542500000000000000e+02,7.733333333333330017e+01
3.192000000000000171e+00,1.547500000000000000e+02,7.666666666666664298e+01
3.192000000000000171e+00,1.552500000000000000e+02,8.122222222222218591e+01
3.192000000000000171e+00,1.557500000000000000e+02,7.866666666666662877e+01
3.192000000000000171e+00,1.562500000000000000e+02,8.199999999999995737e+01
3.192000000000000171e+00,1.567500000000000000e+02,8.222222222222218591e+01
3.192000000000000171e+00,1.572500000000000000e+02,8.311111111111108585e+01
3.192000000000000171e+00,1.577500000000000000e+02,8.333333333333330017e+01
3.192000000000000171e+00,1.582500000000000000e+02,8.833333333333330017e+01
3.192000000000000171e+00,1.587500000000000000e+02,9.155555555555552871e+01
3.192000000000000171e+00,1.592500000000000000e+02,9.366666666666662877e+01
3.192000000000000171e+00,1.597500000000000000e+02,9.255555555555550029e+01
3.192000000000000171e+00,1.602500000000000000e+02,9.599999999999994316e+01
3.192000000000000171e+00,1.607500000000000000e+02,9.744444444444438602e+01
3.192000000000000171e+00,1.612500000000000000e+02,9.644444444444438602e+01
3.192000000000000171e+00,1.617500000000000000e+02,9.377777777777771462e+01
3.192000000000000171e+00,1.622500000000000000e+02,9.666666666666661456e+01
3.192000000000000171e+00,1.627500000000000000e+02,1.002222222222221717e+02
3.192000000000000171e+00,1.632500000000000000e+02,1.028888888888888431e+02
3.192000000000000171e+00,1.637500000000000000e+02,1.032222222222221717e+02
3.192000000000000171e+00,1.642500000000000000e+02,1.039999999999999432e+02
3.192000000000000171e+00,1.647500000000000000e+02,1.023333333333332718e+02
3.192000000000000171e+00,1.652500000000000000e+02,9.955555555555550029e+01
3.192000000000000171e+00,1.657500000000000000e+02,9.933333333333330017e+01
3.192000000000000171e+00,1.662500000000000000e+02,1.004444444444444002e+02
3.192000000000000171e+00,1.667500000000000000e+02,1.004444444444444002e+02
3.192000000000000171e+00,1.672500000000000000e+02,9.722222222222217169e+01
3.192000000000000171e+00,1.677500000000000000e+02,9.344444444444440023e+01
3.192000000000000171e+00,1.682500000000000000e+02,9.588888888888884310e+01
3.192000000000000171e+00,1.687500000000000000e+02,9.255555555555550029e+01
3.192000000000000171e+00,1.692500000000000000e+02,8.944444444444440023e+01
3.192000000000000171e+00,1.697500000000000000e+02,8.399999999999995737e+01
3.192000000000000171e+00,1.702500000000000000e+02,8.166666666666661456e+01
3.192000000000000171e+00,1.707500000000000000e+02,8.266666666666661456e+01
3.192000000000000171e+00,1.712500000000000000e+02,8.033333333333328596e+01
3.192000000000000171e+00,1.717500000000000000e+02,7.844444444444440023e+01
3.192000000000000171e+00,1.722500000000000000e+02,7.188888888888884310e+01
3.192000000000000171e+00,1.727500000000000000e+02,6.755555555555550029e+01
3.192000000000000171e+00,1.732500000000000000e+02,6.266666666666662167e+01
3.192000000000000171e+00,1.737500000000000000e+02,6.155555555555550740e+01
3.192000000000000171e+00,1.742500000000000000e+02,5.511111111111106453e+01
3.192000000000000171e+00,1.747500000000000000e+02,5.199999999999996447e+01
3.192000000000000171e+00,1.752500000000000000e+02,4.877777777777774304e+01
3.192000000000000171e+00,1.757500000000000000e+02,4.611111111111107874e+01
3.192000000000000171e+00,1.762500000000000000e+02,4.077777777777774304e+01
3.192000000000000171e+00,1.767500000000000000e+02,3.544444444444440734e+01
3.192000000000000171e+00,1.772500000000000000e+02,2.899999999999996803e+01
3.192000000000000171e+00,1.777500000000000000e+02,2.499999999999996803e+01
3.192000000000000171e+00,1.782500000000000000e+02,1.833333333333330017e+01
3.192000000000000171e+00,1.787500000000000000e+02,1.433333333333330017e+01
3.192000000000000171e+00,1.792500000000000000e+02,8.666666666666634100e+00
3.192000000000000171e+00,1.797500000000000000e+02,5.777777777777745705e+00
3.208000000000000185e+00,1.302500000000000000e+02,1.922222222222222499e+01
3.208000000000000185e+00,1.307500000000000000e+02,1.855555555555555713e+01
3.208000000000000185e+00,1.312500000000000000e+02,1.800000000000000000e+01
3.208000000000000185e+00,1.317500000000000000e+02,1.722222222222222143e+01
3.208000000000000185e+00,1.322500000000000000e+02,1.777777777777777501e+01
3.208000000000000185e+00,1.327500000000000000e+02,2.000000000000000000e+01
3.208000000000000185e+00,1.332500000000000000e+02,2.155555555555555713e+01
3.208000000000000185e+00,1.337500000000000000e+02,2.255555555555555713e+01
3.208000000000000185e+00,1.342500000000000000e+02,2.155555555555555713e+01
3.208000000000000185e+00,1.347500000000000000e+02,2.311111111111111427e+01
3.208000000000000185e+00,1.352500000000000000e+02,2.455555555555555713e+01
3.208000000000000185e+00,1.357500000000000000e+02,2.577777777777778212e+01
3.208000000000000185e+00,1.362500000000000000e+02,2.644444444444444642e+01
3.208000000000000185e+00,1.367500000000000000e+02,2.777777777777778212e+01
3.208000000000000185e+00,1.372500000000000000e+02,2.766666666666666785e+01
3.208000000000000185e+00,1.377500000000000000e+02,2.777777777777777501e+01
3.208000000000000185e+00,1.382500000000000000e+02,2.700000000000000000e+01
3.208000000000000185e+00,1.387500000000000000e+02,2.911111111111111427e+01
3.208000000000000185e+00,1.392500000000000000e+02,3.100000000000000000e+01
3.208000000000000185e+00,1.397500000000000000e+02,3.088888888888888573e+01
3.208000000000000185e+00,1.402500000000000000e+02,3.111111111111111072e+01
3.208000000000000185e+00,1.407500000000000000e+02,3.222222222222222143e+01
3.208000000000000185e+00,1.412500000000000000e+02,3.599999999999999289e+01
3.208000000000000185e+00,1.417500000000000000e+02,3.955555555555555003e+01
3.208000000000000185e+00,1.422500000000000000e+02,3.977777777777777146e+01
3.208000000000000185e+00,1.427500000000000000e+02,4.044444444444443576e+01
3.208000000000000185e+00,1.432500000000000000e+02,4.244444444444443576e+01
3.208000000000000185e+00,1.437500000000000000e+02,4.433333333333333570e+01
3.208000000000000185e+00,1.442500000000000000e+02,4.566666666666666430e+01
3.208000000000000185e+00,1.447500000000000000e+02,4.411111111111111427e+01
3.208000000000000185e+00,1.452500000000000000e+02,4.666666666666666430e+01
3.208000000000000185e+00,1.457500000000000000e+02,4.666666666666666430e+01
3.208000000000000185e+00,1.462500000000000000e+02,4.722222222222222143e+01
3.208000000000000185e+00,1.467500000000000000e+02,4.544444444444443576e+01
3.208000000000000185e+00,1.472500000000000000e+02,4.855555555555555003e+01
3.208000000000000185e+00,1.477500000000000000e+02,5.000000000000000000e+01
3.208000000000000185e+00,1.482500000000000000e+02,5.211111111111111427e+01
3.208000000000000185e+00,1.487500000000000000e+02,5.288888888888889284e+01
3.208000000000000185e+00,1.492500000000000000e+02,5.722222222222222854e+01
3.208000000000000185e+00,1.497500000000000000e+02,5.844444444444444997e+01
3.208000000000000185e+00,1.502500000000000000e+02,5.900000000000000000e+01
3.208000000000000185e+00,1.507500000000000000e+02,5.822222222222222143e+01
3.208000000000000185e+00,1.512500000000000000e+02,5.933333333333333570e+01
3.208000000000000185e+00,1.517500000000000000e+02,6.111111111111110716e+01
3.208000000000000185e+00,1.522500000000000000e+02,6.522222222222221433e+01
3.208000000000000185e+00,1.527500000000000000e+02,6.822222222222221433e+01
3.208000000000000185e+00,1.532500000000000000e+02,7.033333333333332860e+01
3.208000000000000185e+00,1.537500000000000000e+02,6.911111111111110006e+01
3.208000000000000185e+00,1.542500000000000000e+02,7.233333333333332860e+01
3.208000000000000185e+00,1.547500000000000000e+02,7.266666666666667140e+01
3.208000000000000185e+00,1.552500000000000000e+02,7.588888888888888573e+01
3.208000000000000185e+00,1.557500000000000000e+02,7.777777777777777146e+01
3.208000000000000185e+00,1.562500000000000000e+02,8.011111111111110006e+01
3.208000000000000185e+00,1.567500000000000000e+02,8.088888888888888573e+01
3.208000000000000185e+00,1.572500000000000000e+02,7.866666666666667140e+01
3.208000000000000185e+00,1.577500000000000000e+02,7.855555555555555713e+01
3.208000000000000185e+00,1.582500000000000000e+02,7.844444444444444287e+01
3.208000000000000185e+00,1.587500000000000000e+02,8.044444444444444287e+01
3.208000000000000185e+00,1.592500000000000000e+02,8.300000000000000000e+01
3.208000000000000185e+00,1.597500000000000000e+02,8.577777777777778567e+01
3.208000000000000185e+00,1.602500000000000000e+02,8.877777777777778567e+01
3.208000000000000185e+00,1.607500000000000000e+02,8.811111111111112848e+01
3.208000000000000185e+00,1.612500000000000000e+02,8.800000000000000000e+01
3.208000000000000185e+00,1.617500000000000000e+02,8.566666666666667140e+01
3.208000000000000185e+00,1.622500000000000000e+02,8.900000000000000000e+01
3.208000000000000185e+00,1.627500000000000000e+02,8.955555555555555713e+01
3.208000000000000185e+00,1.632500000000000000e+02,8.944444444444445708e+01
3.208000000000000185e+00,1.637500000000000000e+02,9.044444444444445708e+01
3.208000000000000185e+00,1.642500000000000000e+02,9.244444444444445708e+01
3.208000000000000185e+00,1.647500000000000000e+02,9.066666666666668561e+01
3.208000000000000185e+00,1.652500000000000000e+02,8.611111111111112848e+01
3.208000000000000185e+00,1.657500000000000000e+02,8.400000000000001421e+01
3.208000000000000185e+00,1.662500000000000000e+02,8.744444444444445708e+01
3.208000000000000185e+00,1.667500000000000000e+02,8.833333333333335702e+01
3.208000000000000185e+00,1.672500000000000000e+02,8.655555555555558556e+01
3.208000000000000185e+00,1.677500000000000000e+02,8.388888888888891415e+01
3.208000000000000185e+00,1.682500000000000000e+02,8.477777777777781409e+01
3.208000000000000185e+00,1.687500000000000000e+02,8.188888888888892836e+01
3.208000000000000185e+00,1.692500000000000000e+02,7.755555555555558556e+01
3.208000000000000185e+00,1.697500000000000000e+02,7.622222222222225696e+01
3.208000000000000185e+00,1.702500000000000000e+02,7.366666666666669983e+01
3.208000000000000185e+00,1.707500000000000000e+02,7.455555555555559977e+01
3.208000000000000185e+00,1.712500000000000000e+02,7.066666666666669983e+01
3.208000000000000185e+00,1.717500000000000000e+02,7.122222222222227117e+01
3.208000000000000185e+00,1.722500000000000000e+02,6.422222222222227117e+01
3.208000000000000185e+00,1.727500000000000000e+02,6.133333333333337123e+01
3.208000000000000185e+00,1.732500000000000000e+02,5.488888888888892126e+01
3.208000000000000185e+00,1.737500000000000000e+02,5.555555555555559266e+01
3.208000000000000185e+00,1.742500000000000000e+02,4.933333333333337123e+01
3.208000000000000185e+00,1.747500000000000000e+02,4.600000000000003553e+01
3.208000000000000185e+00,1.752500000000000000e+02,4.266666666666670693e+01
3.208000000000000185e+00,1.757500000000000000e+02,3.900000000000003553e+01
3.208000000000000185e+00,1.762500000000000000e+02,3.488888888888892126e+01
3.208000000000000185e+00,1.767500000000000000e+02,3.022222222222225696e+01
3.208000000000000185e+00,1.772500000000000000e+02,2.622222222222225696e+01
3.208000000000000185e+00,1.777500000000000000e+02,2.222222222222225696e+01
3.208000000000000185e+00,1.782500000000000000e+02,1.633333333333336768e+01
3.208000000000000185e+00,1.787500000000000000e+02,1.155555555555559089e+01
3.208000000000000185e+00,1.792500000000000000e+02,7.000000000000035527e+00
3.208000000000000185e+00,1.797500000000000000e+02,5.000000000000035527e+00
3.224000000000000199e+00,1.302500000000000000e+02,1.622222222222222143e+01
3.224000000000000199e+00,1.307500000000000000e+02,1.622222222222222143e+01
3.224000000000000199e+00,1.312500000000000000e+02,1.700000000000000000e+01
3.224000000000000199e+00,1.317500000000000000e+02,1.600000000000000000e+01
3.224000000000000199e+00,1.322500000000000000e+02,1.722222222222222499e+01
3.224000000000000199e+00,1.327500000000000000e+02,1.811111111111111072e+01
3.224000000000000199e+00,1.332500000000000000e+02,2.011111111111111072e+01
3.224000000000000199e+00,1.337500000000000000e+02,2.077777777777777857e+01
3.224000000000000199e+00,1.342500000000000000e+02,2.166666666666666785e+01
3.224000000000000199e+00,1.347500000000000000e+02,2.333333333333333215e+01
3.224000000000000199e+00,1.352500000000000000e+02,2.555555555555555713e+01
3.224000000000000199e+00,1.357500000000000000e+02,2.633333333333333215e+01
3.224000000000000199e+00,1.362500000000000000e+02,2.611111111111111072e+01
3.224000000000000199e+00,1.367500000000000000e+02,2.666666666666666785e+01
3.224000000000000199e+00,1.372500000000000000e+02,2.533333333333333215e+01
3.224000000000000199e+00,1.377500000000000000e+02,2.688888888888888928e+01
3.224000000000000199e+00,1.382500000000000000e+02,2.544444444444444642e+01
3.224000000000000199e+00,1.387500000000000000e+02,2.811111111111111427e+01
3.224000000000000199e+00,1.392500000000000000e+02,3.033333333333333215e+01
3.224000000000000199e+00,1.397500000000000000e+02,3.188888888888888928e+01
3.224000000000000199e+00,1.402500000000000000e+02,3.233333333333333570e+01
3.224000000000000199e+00,1.407500000000000000e+02,3.211111111111111427e+01
3.224000000000000199e+00,1.412500000000000000e+02,3.366666666666667140e+01
3.224000000000000199e+00,1.417500000000000000e+02,3.677777777777777857e+01
3.224000000000000199e+00,1.422500000000000000e+02,3.777777777777777857e+01
3.224000000000000199e+00,1.427500000000000000e+02,3.722222222222222143e+01
3.224000000000000199e+00,1.432500000000000000e+02,3.677777777777777857e+01
3.224000000000000199e+00,1.437500000000000000e+02,3.822222222222222854e+01
3.224000000000000199e+00,1.442500000000000000e+02,4.155555555555556424e+01
3.224000000000000199e+00,1.447500000000000000e+02,4.244444444444444997e+01
3.224000000000000199e+00,1.452500000000000000e+02,4.455555555555556424e+01
3.224000000000000199e+00,1.457500000000000000e+02,4.444444444444445708e+01
3.224000000000000199e+00,1.462500000000000000e+02,4.388888888888889284e+01
3.224000000000000199e+00,1.467500000000000000e+02,4.200000000000000711e+01
3.224000000000000199e+00,1.472500000000000000e+02,4.444444444444445708e+01
3.224000000000000199e+00,1.477500000000000000e+02,4.788888888888890705e+01
3.224000000000000199e+00,1.482500000000000000e+02,5.055555555555557135e+01
3.224000000000000199e+00,1.487500000000000000e+02,5.088888888888890705e+01
3.224000000000000199e+00,1.492500000000000000e+02,5.388888888888890705e+01
3.224000000000000199e+00,1.497500000000000000e+02,5.422222222222223564e+01
3.224000000000000199e+00,1.502500000000000000e+02,5.511111111111112137e+01
3.224000000000000199e+00,1.507500000000000000e+02,5.322222222222223564e+01
3.224000000000000199e+00,1.512500000000000000e+02,5.388888888888890705e+01
3.224000000000000199e+00,1.517500000000000000e+02,5.633333333333334991e+01
3.224000000000000199e+00,1.522500000000000000e+02,6.222222222222223564e+01
3.224000000000000199e+00,1.527500000000000000e+02,6.622222222222224275e+01
3.224000000000000199e+00,1.532500000000000000e+02,6.633333333333335702e+01
3.224000000000000199e+00,1.537500000000000000e+02,6.633333333333335702e+01
3.224000000000000199e+00,1.542500000000000000e+02,6.877777777777778567e+01
3.224000000000000199e+00,1.547500000000000000e+02,6.877777777777778567e+01
3.224000000000000199e+00,1.552500000000000000e+02,6.922222222222222854e+01
3.224000000000000199e+00,1.557500000000000000e+02,7.077777777777778567e+01
3.224000000000000199e+00,1.562500000000000000e+02,7.377777777777778567e+01
3.224000000000000199e+00,1.567500000000000000e+02,7.433333333333335702e+01
3.224000000000000199e+00,1.572500000000000000e+02,7.277777777777778567e+01
3.224000000000000199e+00,1.577500000000000000e+02,7.577777777777778567e+01
3.224000000000000199e+00,1.582500000000000000e+02,7.733333333333335702e+01
3.224000000000000199e+00,1.587500000000000000e+02,8.122222222222224275e+01
3.224000000000000199e+00,1.592500000000000000e+02,8.044444444444447129e+01
3.224000000000000199e+00,1.597500000000000000e+02,8.344444444444447129e+01
3.224000000000000199e+00,1.602500000000000000e+02,8.177777777777781409e+01
3.224000000000000199e+00,1.607500000000000000e+02,8.422222222222224275e+01
3.224000000000000199e+00,1.612500000000000000e+02,8.366666666666668561e+01
3.224000000000000199e+00,1.617500000000000000e+02,8.366666666666668561e+01
3.224000000000000199e+00,1.622500000000000000e+02,8.322222222222224275e+01
3.224000000000000199e+00,1.627500000000000000e+02,8.044444444444447129e+01
3.224000000000000199e+00,1.632500000000000000e+02,8.100000000000004263e+01
3.224000000000000199e+00,1.637500000000000000e+02,8.255555555555558556e+01
3.224000000000000199e+00,1.642500000000000000e+02,8.355555555555558556e+01
3.224000000000000199e+00,1.647500000000000000e+02,8.222222222222225696e+01
3.224000000000000199e+00,1.652500000000000000e+02,7.855555555555558556e+01
3.224000000000000199e+00,1.657500000000000000e+02,7.911111111111114269e+01
3.224000000000000199e+00,1.662500000000000000e+02,7.955555555555558556e+01
3.224000000000000199e+00,1.667500000000000000e+02,7.866666666666669983e+01
3.224000000000000199e+00,1.672500000000000000e+02,7.577777777777781409e+01
3.224000000000000199e+00,1.677500000000000000e+02,7.488888888888891415e+01
3.224000000000000199e+00,1.682500000000000000e+02,7.488888888888891415e+01
3.224000000000000199e+00,1.687500000000000000e+02,7.177777777777779988e+01
3.224000000000000199e+00,1.692500000000000000e+02,6.911111111111112848e+01
3.224000000000000199e+00,1.697500000000000000e+02,6.966666666666668561e+01
3.224000000000000199e+00,1.702500000000000000e+02,6.900000000000001421e+01
3.224000000000000199e+00,1.707500000000000000e+02,6.822222222222224275e+01
3.224000000000000199e+00,1.712500000000000000e+02,6.422222222222224275e+01
3.224000000000000199e+00,1.717500000000000000e+02,6.277777777777779988e+01
3.224000000000000199e+00,1.722500000000000000e+02,5.811111111111113559e+01
3.224000000000000199e+00,1.727500000000000000e+02,5.333333333333334991e+01
3.224000000000000199e+00,1.732500000000000000e+02,4.988888888888890705e+01
3.224000000000000199e+00,1.737500000000000000e+02,4.844444444444445708e+01
3.224000000000000199e+00,1.742500000000000000e+02,4.633333333333334281e+01
3.224000000000000199e+00,1.747500000000000000e+02,4.277777777777779278e+01
3.224000000000000199e+00,1.752500000000000000e+02,4.022222222222223564e+01
3.224000000000000199e+00,1.757500000000000000e+02,3.544444444444446418e+01
3.224000000000000199e+00,1.762500000000000000e+02,3.244444444444446418e+01
3.224000000000000199e+00,1.767500000000000000e+02,2.688888888888890349e+01
3.224000000000000199e+00,1.772500000000000000e+02,2.455555555555557135e+01
3.224000000000000199e+00,1.777500000000000000e+02,1.966666666666668206e+01
3.224000000000000199e+00,1.782500000000000000e+02,1.555555555555557135e+01
3.224000000000000199e+00,1.787500000000000000e+02,9.888888888888905271e+00
3.224000000000000199e+00,1.792500000000000000e+02,6.222222222222238308e+00
3.224000000000000199e+00,1.797500000000000000e+02,4.000000000000015987e+00
3.240000000000000213e+00,1.302500000000000000e+02,1.655555555555555358e+01
3.240000000000000213e+00,1.307500000000000000e+02,1.566666666666666607e+01
3.240000000000000213e+00,1.312500000000000000e+02,1.555555555555555713e+01
3.240000000000000213e+00,1.317500000000000000e+02,1.588888888888889106e+01
3.240000000000000213e+00,1.322500000000000000e+02,1.766666666666666785e+01
3.240000000000000213e+00,1.327500000000000000e+02,1.922222222222222499e+01
3.240000000000000213e+00,1.332500000000000000e+02,2.011111111111111072e+01
3.240000000000000213e+00,1.337500000000000000e+02,2.000000000000000000e+01
3.240000000000000213e+00,1.342500000000000000e+02,2.066666666666666785e+01
3.240000000000000213e+00,1.347500000000000000e+02,2.177777777777778212e+01
3.240000000000000213e+00,1.352500000000000000e+02,2.411111111111111427e+01
3.240000000000000213e+00,1.357500000000000000e+02,2.344444444444444642e+01
3.240000000000000213e+00,1.362500000000000000e+02,2.244444444444444642e+01
3.240000000000000213e+00,1.367500000000000000e+02,2.344444444444444642e+01
3.240000000000000213e+00,1.372500000000000000e+02,2.311111111111111427e+01
3.240000000000000213e+00,1.377500000000000000e+02,2.722222222222222499e+01
3.240000000000000213e+00,1.382500000000000000e+02,2.600000000000000000e+01
3.240000000000000213e+00,1.387500000000000000e+02,2.855555555555555713e+01
3.240000000000000213e+00,1.392500000000000000e+02,2.811111111111111427e+01
3.240000000000000213e+00,1.397500000000000000e+02,3.033333333333333925e+01
3.240000000000000213e+00,1.402500000000000000e+02,3.233333333333333570e+01
3.240000000000000213e+00,1.407500000000000000e+02,3.166666666666667140e+01
3.240000000000000213e+00,1.412500000000000000e+02,3.177777777777778212e+01
3.240000000000000213e+00,1.417500000000000000e+02,3.322222222222222854e+01
3.240000000000000213e+00,1.422500000000000000e+02,3.611111111111112137e+01
3.240000000000000213e+00,1.427500000000000000e+02,3.611111111111112137e+01
3.240000000000000213e+00,1.432500000000000000e+02,3.544444444444444997e+01
3.240000000000000213e+00,1.437500000000000000e+02,3.588888888888889284e+01
3.240000000000000213e+00,1.442500000000000000e+02,3.755555555555556424e+01
3.240000000000000213e+00,1.447500000000000000e+02,3.666666666666667140e+01
3.240000000000000213e+00,1.452500000000000000e+02,3.888888888888889284e+01
3.240000000000000213e+00,1.457500000000000000e+02,3.922222222222222854e+01
3.240000000000000213e+00,1.462500000000000000e+02,4.222222222222222854e+01
3.240000000000000213e+00,1.467500000000000000e+02,4.177777777777777857e+01
3.240000000000000213e+00,1.472500000000000000e+02,4.577777777777777857e+01
3.240000000000000213e+00,1.477500000000000000e+02,4.588888888888889284e+01
3.240000000000000213e+00,1.482500000000000000e+02,4.655555555555556424e+01
3.240000000000000213e+00,1.487500000000000000e+02,4.288888888888889284e+01
3.240000000000000213e+00,1.492500000000000000e+02,4.555555555555556424e+01
3.240000000000000213e+00,1.497500000000000000e+02,4.700000000000000711e+01
3.240000000000000213e+00,1.502500000000000000e+02,5.066666666666667851e+01
3.240000000000000213e+00,1.507500000000000000e+02,5.188888888888889284e+01
3.240000000000000213e+00,1.512500000000000000e+02,5.322222222222222854e+01
3.240000000000000213e+00,1.517500000000000000e+02,5.577777777777779278e+01
3.240000000000000213e+00,1.522500000000000000e+02,5.933333333333334281e+01
3.240000000000000213e+00,1.527500000000000000e+02,6.122222222222222854e+01
3.240000000000000213e+00,1.532500000000000000e+02,6.300000000000000000e+01
3.240000000000000213e+00,1.537500000000000000e+02,6.333333333333333570e+01
3.240000000000000213e+00,1.542500000000000000e+02,6.400000000000000000e+01
3.240000000000000213e+00,1.547500000000000000e+02,6.311111111111111427e+01
3.240000000000000213e+00,1.552500000000000000e+02,6.444444444444444287e+01
3.240000000000000213e+00,1.557500000000000000e+02,6.711111111111111427e+01
3.240000000000000213e+00,1.562500000000000000e+02,7.022222222222222854e+01
3.240000000000000213e+00,1.567500000000000000e+02,7.044444444444445708e+01
3.240000000000000213e+00,1.572500000000000000e+02,7.166666666666668561e+01
3.240000000000000213e+00,1.577500000000000000e+02,7.355555555555558556e+01
3.240000000000000213e+00,1.582500000000000000e+02,7.544444444444447129e+01
3.240000000000000213e+00,1.587500000000000000e+02,7.766666666666669983e+01
3.240000000000000213e+00,1.592500000000000000e+02,7.666666666666669983e+01
3.240000000000000213e+00,1.597500000000000000e+02,7.788888888888891415e+01
3.240000000000000213e+00,1.602500000000000000e+02,7.600000000000002842e+01
3.240000000000000213e+00,1.607500000000000000e+02,7.755555555555558556e+01
3.240000000000000213e+00,1.612500000000000000e+02,7.711111111111114269e+01
3.240000000000000213e+00,1.617500000000000000e+02,7.877777777777781409e+01
3.240000000000000213e+00,1.622500000000000000e+02,7.766666666666669983e+01
3.240000000000000213e+00,1.627500000000000000e+02,7.600000000000002842e+01
3.240000000000000213e+00,1.632500000000000000e+02,7.566666666666669983e+01
3.240000000000000213e+00,1.637500000000000000e+02,7.577777777777781409e+01
3.240000000000000213e+00,1.642500000000000000e+02,7.522222222222224275e+01
3.240000000000000213e+00,1.647500000000000000e+02,7.300000000000001421e+01
3.240000000000000213e+00,1.652500000000000000e+02,7.100000000000001421e+01
3.240000000000000213e+00,1.657500000000000000e+02,7.055555555555558556e+01
3.240000000000000213e+00,1.662500000000000000e+02,6.966666666666668561e+01
3.240000000000000213e+00,1.667500000000000000e+02,7.033333333333335702e+01
3.240000000000000213e+00,1.672500000000000000e+02,6.811111111111112848e+01
3.240000000000000213e+00,1.677500000000000000e+02,6.855555555555557135e+01
3.240000000000000213e+00,1.682500000000000000e+02,6.644444444444445708e+01
3.240000000000000213e+00,1.687500000000000000e+02,6.444444444444445708e+01
3.240000000000000213e+00,1.692500000000000000e+02,6.166666666666667851e+01
3.240000000000000213e+00,1.697500000000000000e+02,6.288888888888889284e+01
3.240000000000000213e+00,1.702500000000000000e+02,6.300000000000000000e+01
3.240000000000000213e+00,1.707500000000000000e+02,6.122222222222222143e+01
3.240000000000000213e+00,1.712500000000000000e+02,5.866666666666666430e+01
3.240000000000000213e+00,1.717500000000000000e+02,5.733333333333333570e+01
3.240000000000000213e+00,1.722500000000000000e+02,5.477777777777777857e+01
3.240000000000000213e+00,1.727500000000000000e+02,5.011111111111111427e+01
3.240000000000000213e+00,1.732500000000000000e+02,4.588888888888889284e+01
3.240000000000000213e+00,1.737500000000000000e+02,4.344444444444444997e+01
3.240000000000000213e+00,1.742500000000000000e+02,3.955555555555555713e+01
3.240000000000000213e+00,1.747500000000000000e+02,3.533333333333333570e+01
3.240000000000000213e+00,1.752500000000000000e+02,3.188888888888888928e+01
3.240000000000000213e+00,1.757500000000000000e+02,2.888888888888888928e+01
3.240000000000000213e+00,1.762500000000000000e+02,2.800000000000000000e+01
3.240000000000000213e+00,1.767500000000000000e+02,2.366666666666666785e+01
3.240000000000000213e+00,1.772500000000000000e+02,2.055555555555555358e+01
3.240000000000000213e+00,1.777500000000000000e+02,1.577777777777777679e+01
3.240000000000000213e+00,1.782500000000000000e+02,1.344444444444444287e+01
3.240000000000000213e+00,1.787500000000000000e+02,9.555555555555555358e+00
3.240000000000000213e+00,1.792500000000000000e+02,5.999999999999999112e+00
3.240000000000000213e+00,1.797500000000000000e+02,2.666666666666665630e+00
3.255999999999999783e+00,1.302500000000000000e+02,1.811111111111111072e+01
3.255999999999999783e+00,1.307500000000000000e+02,1.711111111111111072e+01
3.255999999999999783e+00,1.312500000000000000e+02,1.566666666666666430e+01
3.255999999999999783e+00,1.317500000000000000e+02,1.599999999999999822e+01
3.255999999999999783e+00,1.322500000000000000e+02,1.777777777777777501e+01
3.255999999999999783e+00,1.327500000000000000e+02,1.955555555555555358e+01
3.255999999999999783e+00,1.332500000000000000e+02,1.966666666666666785e+01
3.255999999999999783e+00,1.337500000000000000e+02,1.788888888888888928e+01
3.255999999999999783e+00,1.342500000000000000e+02,1.933333333333333215e+01
3.255999999999999783e+00,1.347500000000000000e+02,2.122222222222222143e+01
3.255999999999999783e+00,1.352500000000000000e+02,2.377777777777777501e+01
3.255999999999999783e+00,1.357500000000000000e+02,2.233333333333333215e+01
3.255999999999999783e+00,1.362500000000000000e+02,2.177777777777778212e+01
3.255999999999999783e+00,1.367500000000000000e+02,2.166666666666666785e+01
3.255999999999999783e+00,1.372500000000000000e+02,2.155555555555555713e+01
3.255999999999999783e+00,1.377500000000000000e+02,2.400000000000000000e+01
3.255999999999999783e+00,1.382500000000000000e+02,2.577777777777778212e+01
3.255999999999999783e+00,1.387500000000000000e+02,2.833333333333333215e+01
3.255999999999999783e+00,1.392500000000000000e+02,2.733333333333333215e+01
3.255999999999999783e+00,1.397500000000000000e+02,2.700000000000000000e+01
3.255999999999999783e+00,1.402500000000000000e+02,2.911111111111111072e+01
3.255999999999999783e+00,1.407500000000000000e+02,2.944444444444444287e+01
3.255999999999999783e+00,1.412500000000000000e+02,3.044444444444444287e+01
3.255999999999999783e+00,1.417500000000000000e+02,3.044444444444444287e+01
3.255999999999999783e+00,1.422500000000000000e+02,3.266666666666666430e+01
3.255999999999999783e+00,1.427500000000000000e+02,3.400000000000000000e+01
3.255999999999999783e+00,1.432500000000000000e+02,3.388888888888889284e+01
3.255999999999999783e+00,1.437500000000000000e+02,3.411111111111111427e+01
3.255999999999999783e+00,1.442500000000000000e+02,3.411111111111111427e+01
3.255999999999999783e+00,1.447500000000000000e+02,3.388888888888889284e+01
3.255999999999999783e+00,1.452500000000000000e+02,3.544444444444444997e+01
3.255999999999999783e+00,1.457500000000000000e+02,3.500000000000000711e+01
3.255999999999999783e+00,1.462500000000000000e+02,3.711111111111111427e+01
3.255999999999999783e+00,1.467500000000000000e+02,3.911111111111111427e+01
3.255999999999999783e+00,1.472500000000000000e+02,4.433333333333333570e+01
3.255999999999999783e+00,1.477500000000000000e+02,4.533333333333333570e+01
3.255999999999999783e+00,1.482500000000000000e+02,4.422222222222222143e+01
3.255999999999999783e+00,1.487500000000000000e+02,4.111111111111110716e+01
3.255999999999999783e+00,1.492500000000000000e+02,4.255555555555555003e+01
3.255999999999999783e+00,1.497500000000000000e+02,4.455555555555555003e+01
3.255999999999999783e+00,1.502500000000000000e+02,4.733333333333333570e+01
3.255999999999999783e+00,1.507500000000000000e+02,4.844444444444443576e+01
3.255999999999999783e+00,1.512500000000000000e+02,4.844444444444443576e+01
3.255999999999999783e+00,1.517500000000000000e+02,5.111111111111110716e+01
3.255999999999999783e+00,1.522500000000000000e+02,5.466666666666666430e+01
3.255999999999999783e+00,1.527500000000000000e+02,5.744444444444444997e+01
3.255999999999999783e+00,1.532500000000000000e+02,5.877777777777777857e+01
3.255999999999999783e+00,1.537500000000000000e+02,5.844444444444444997e+01
3.255999999999999783e+00,1.542500000000000000e+02,5.955555555555556424e+01
3.255999999999999783e+00,1.547500000000000000e+02,6.022222222222222854e+01
3.255999999999999783e+00,1.552500000000000000e+02,6.166666666666666430e+01
3.255999999999999783e+00,1.557500000000000000e+02,6.211111111111110716e+01
3.255999999999999783e+00,1.562500000000000000e+02,6.311111111111110716e+01
3.255999999999999783e+00,1.567500000000000000e+02,6.311111111111110716e+01
3.255999999999999783e+00,1.572500000000000000e+02,6.499999999999998579e+01
3.255999999999999783e+00,1.577500000000000000e+02,6.677777777777777146e+01
3.255999999999999783e+00,1.582500000000000000e+02,6.988888888888888573e+01
3.255999999999999783e+00,1.587500000000000000e+02,7.211111111111110006e+01
3.255999999999999783e+00,1.592500000000000000e+02,6.911111111111110006e+01
3.255999999999999783e+00,1.597500000000000000e+02,6.688888888888887152e+01
3.255999999999999783e+00,1.602500000000000000e+02,6.611111111111110006e+01
3.255999999999999783e+00,1.607500000000000000e+02,7.077777777777777146e+01
3.255999999999999783e+00,1.612500000000000000e+02,7.233333333333332860e+01
3.255999999999999783e+00,1.617500000000000000e+02,7.333333333333332860e+01
3.255999999999999783e+00,1.622500000000000000e+02,6.988888888888889994e+01
3.255999999999999783e+00,1.627500000000000000e+02,7.100000000000000000e+01
3.255999999999999783e+00,1.632500000000000000e+02,7.322222222222221433e+01
3.255999999999999783e+00,1.637500000000000000e+02,7.388888888888888573e+01
3.255999999999999783e+00,1.642500000000000000e+02,6.988888888888888573e+01
3.255999999999999783e+00,1.647500000000000000e+02,6.688888888888888573e+01
3.255999999999999783e+00,1.652500000000000000e+02,6.755555555555555713e+01
3.255999999999999783e+00,1.657500000000000000e+02,7.088888888888888573e+01
3.255999999999999783e+00,1.662500000000000000e+02,6.688888888888888573e+01
3.255999999999999783e+00,1.667500000000000000e+02,6.500000000000000000e+01
3.255999999999999783e+00,1.672500000000000000e+02,6.144444444444444997e+01
3.255999999999999783e+00,1.677500000000000000e+02,6.133333333333333570e+01
3.255999999999999783e+00,1.682500000000000000e+02,5.944444444444443576e+01
3.255999999999999783e+00,1.687500000000000000e+02,5.577777777777777146e+01
3.255999999999999783e+00,1.692500000000000000e+02,5.388888888888888573e+01
3.255999999999999783e+00,1.697500000000000000e+02,5.466666666666666430e+01
3.255999999999999783e+00,1.702500000000000000e+02,5.588888888888889284e+01
3.255999999999999783e+00,1.707500000000000000e+02,5.577777777777777857e+01
3.255999999999999783e+00,1.712500000000000000e+02,5.355555555555556424e+01
3.255999999999999783e+00,1.717500000000000000e+02,4.922222222222222854e+01
3.255999999999999783e+00,1.722500000000000000e+02,4.700000000000000711e+01
3.255999999999999783e+00,1.727500000000000000e+02,4.244444444444444997e+01
3.255999999999999783e+00,1.732500000000000000e+02,4.188888888888889284e+01
3.255999999999999783e+00,1.737500000000000000e+02,3.800000000000000711e+01
3.255999999999999783e+00,1.742500000000000000e+02,3.533333333333333570e+01
3.255999999999999783e+00,1.747500000000000000e+02,3.122222222222222854e+01
3.255999999999999783e+00,1.752500000000000000e+02,3.088888888888889639e+01
3.255999999999999783e+00,1.757500000000000000e+02,2.766666666666667140e+01
3.255999999999999783e+00,1.762500000000000000e+02,2.633333333333333925e+01
3.255999999999999783e+00,1.767500000000000000e+02,2.011111111111111782e+01
3.255999999999999783e+00,1.772500000000000000e+02,1.700000000000000355e+01
3.255999999999999783e+00,1.777500000000000000e+02,1.366666666666667140e+01
3.255999999999999783e+00,1.782500000000000000e+02,1.211111111111111605e+01
3.255999999999999783e+00,1.787500000000000000e+02,9.222222222222228538e+00
3.255999999999999783e+00,1.792500000000000000e+02,5.222222222222228538e+00
3.255999999999999783e+00,1.797500000000000000e+02,2.222222222222228538e+00
3.271999999999999797e+00,1.302500000000000000e+02,1.777777777777777501e+01
3.271999999999999797e+00,1.307500000000000000e+02,1.811111111111111072e+01
3.271999999999999797e+00,1.312500000000000000e+02,1.788888888888888573e+01
3.271999999999999797e+00,1.317500000000000000e+02,1.833333333333333215e+01
3.271999999999999797e+00,1.322500000000000000e+02,1.899999999999999645e+01
3.271999999999999797e+00,1.327500000000000000e+02,2.033333333333333215e+01
3.271999999999999797e+00,1.332500000000000000e+02,1.955555555555555358e+01
3.271999999999999797e+00,1.337500000000000000e+02,1.811111111111111072e+01
3.271999999999999797e+00,1.342500000000000000e+02,1.844444444444444287e+01
3.271999999999999797e+00,1.347500000000000000e+02,2.066666666666666785e+01
3.271999999999999797e+00,1.352500000000000000e+02,2.188888888888888573e+01
3.271999999999999797e+00,1.357500000000000000e+02,2.133333333333333215e+01
3.271999999999999797e+00,1.362500000000000000e+02,2.188888888888888573e+01
3.271999999999999797e+00,1.367500000000000000e+02,2.244444444444444287e+01
3.271999999999999797e+00,1.372500000000000000e+02,2.300000000000000000e+01
3.271999999999999797e+00,1.377500000000000000e+02,2.411111111111111072e+01
3.271999999999999797e+00,1.382500000000000000e+02,2.677777777777777501e+01
3.271999999999999797e+00,1.387500000000000000e+02,2.922222222222221788e+01
3.271999999999999797e+00,1.392500000000000000e+02,2.877777777777777501e+01
3.271999999999999797e+00,1.397500000000000000e+02,2.777777777777777501e+01
3.271999999999999797e+00,1.402500000000000000e+02,2.944444444444444287e+01
3.271999999999999797e+00,1.407500000000000000e+02,2.977777777777777501e+01
3.271999999999999797e+00,1.412500000000000000e+02,2.933333333333333215e+01
3.271999999999999797e+00,1.417500000000000000e+02,2.988888888888888928e+01
3.271999999999999797e+00,1.422500000000000000e+02,3.177777777777778212e+01
3.271999999999999797e+00,1.427500000000000000e+02,3.522222222222222143e+01
3.271999999999999797e+00,1.432500000000000000e+02,3.355555555555555713e+01
3.271999999999999797e+00,1.437500000000000000e+02,3.311111111111111427e+01
3.271999999999999797e+00,1.442500000000000000e+02,3.277777777777777857e+01
3.271999999999999797e+00,1.447500000000000000e+02,3.366666666666667140e+01
3.271999999999999797e+00,1.452500000000000000e+02,3.600000000000000711e+01
3.271999999999999797e+00,1.457500000000000000e+02,3.477777777777777857e+01
3.271999999999999797e+00,1.462500000000000000e+02,3.622222222222222854e+01
3.271999999999999797e+00,1.467500000000000000e+02,3.800000000000000711e+01
3.271999999999999797e+00,1.472500000000000000e+02,4.244444444444444997e+01
3.271999999999999797e+00,1.477500000000000000e+02,4.222222222222222854e+01
3.271999999999999797e+00,1.482500000000000000e+02,3.955555555555556424e+01
3.271999999999999797e+00,1.487500000000000000e+02,3.733333333333334281e+01
3.271999999999999797e+00,1.492500000000000000e+02,3.911111111111112137e+01
3.271999999999999797e+00,1.497500000000000000e+02,4.344444444444445708e+01
3.271999999999999797e+00,1.502500000000000000e+02,4.566666666666667851e+01
3.271999999999999797e+00,1.507500000000000000e+02,4.811111111111112137e+01
3.271999999999999797e+00,1.512500000000000000e+02,4.733333333333334281e+01
3.271999999999999797e+00,1.517500000000000000e+02,4.866666666666667851e+01
3.271999999999999797e+00,1.522500000000000000e+02,5.011111111111112137e+01
3.271999999999999797e+00,1.527500000000000000e+02,5.055555555555557135e+01
3.271999999999999797e+00,1.532500000000000000e+02,5.411111111111112137e+01
3.271999999999999797e+00,1.537500000000000000e+02,5.333333333333334991e+01
3.271999999999999797e+00,1.542500000000000000e+02,5.366666666666668561e+01
3.271999999999999797e+00,1.547500000000000000e+02,5.422222222222223564e+01
3.271999999999999797e+00,1.552500000000000000e+02,5.555555555555557135e+01
3.271999999999999797e+00,1.557500000000000000e+02,5.666666666666668561e+01
3.271999999999999797e+00,1.562500000000000000e+02,5.533333333333334991e+01
3.271999999999999797e+00,1.567500000000000000e+02,5.544444444444445708e+01
3.271999999999999797e+00,1.572500000000000000e+02,5.800000000000002132e+01
3.271999999999999797e+00,1.577500000000000000e+02,6.044444444444445708e+01
3.271999999999999797e+00,1.582500000000000000e+02,6.288888888888890705e+01
3.271999999999999797e+00,1.587500000000000000e+02,6.444444444444445708e+01
3.271999999999999797e+00,1.592500000000000000e+02,6.222222222222223564e+01
3.271999999999999797e+00,1.597500000000000000e+02,6.066666666666668561e+01
3.271999999999999797e+00,1.602500000000000000e+02,6.111111111111112137e+01
3.271999999999999797e+00,1.607500000000000000e+02,6.288888888888890705e+01
3.271999999999999797e+00,1.612500000000000000e+02,6.511111111111112848e+01
3.271999999999999797e+00,1.617500000000000000e+02,6.433333333333335702e+01
3.271999999999999797e+00,1.622500000000000000e+02,6.133333333333334991e+01
3.271999999999999797e+00,1.627500000000000000e+02,6.277777777777779278e+01
3.271999999999999797e+00,1.632500000000000000e+02,6.500000000000001421e+01
3.271999999999999797e+00,1.637500000000000000e+02,6.800000000000001421e+01
3.271999999999999797e+00,1.642500000000000000e+02,6.411111111111112848e+01
3.271999999999999797e+00,1.647500000000000000e+02,6.066666666666668561e+01
3.271999999999999797e+00,1.652500000000000000e+02,6.100000000000002132e+01
3.271999999999999797e+00,1.657500000000000000e+02,6.144444444444446418e+01
3.271999999999999797e+00,1.662500000000000000e+02,6.077777777777779988e+01
3.271999999999999797e+00,1.667500000000000000e+02,5.966666666666668561e+01
3.271999999999999797e+00,1.672500000000000000e+02,5.777777777777779988e+01
3.271999999999999797e+00,1.677500000000000000e+02,5.566666666666668561e+01
3.271999999999999797e+00,1.682500000000000000e+02,5.377777777777779988e+01
3.271999999999999797e+00,1.687500000000000000e+02,5.177777777777779988e+01
3.271999999999999797e+00,1.692500000000000000e+02,4.911111111111113559e+01
3.271999999999999797e+00,1.697500000000000000e+02,4.922222222222224985e+01
3.271999999999999797e+00,1.702500000000000000e+02,5.055555555555557845e+01
3.271999999999999797e+00,1.707500000000000000e+02,5.144444444444446418e+01
3.271999999999999797e+00,1.712500000000000000e+02,4.911111111111113559e+01
3.271999999999999797e+00,1.717500000000000000e+02,4.411111111111113559e+01
3.271999999999999797e+00,1.722500000000000000e+02,4.088888888888891415e+01
3.271999999999999797e+00,1.727500000000000000e+02,3.600000000000002132e+01
3.271999999999999797e+00,1.732500000000000000e+02,3.522222222222224985e+01
3.271999999999999797e+00,1.737500000000000000e+02,3.333333333333335702e+01
3.271999999999999797e+00,1.742500000000000000e+02,3.077777777777779988e+01
3.271999999999999797e+00,1.747500000000000000e+02,2.855555555555557490e+01
3.271999999999999797e+00,1.752500000000000000e+02,2.677777777777779988e+01
3.271999999999999797e+00,1.757500000000000000e+02,2.444444444444446773e+01
3.271999999999999797e+00,1.762500000000000000e+02,2.166666666666668917e+01
3.271999999999999797e+00,1.767500000000000000e+02,1.788888888888891060e+01
3.271999999999999797e+00,1.772500000000000000e+02,1.566666666666669094e+01
3.271999999999999797e+00,1.777500000000000000e+02,1.322222222222224453e+01
3.271999999999999797e+00,1.782500000000000000e+02,1.077777777777779988e+01
3.271999999999999797e+00,1.787500000000000000e+02,8.222222222222244525e+00
3.271999999999999797e+00,1.792500000000000000e+02,4.222222222222243637e+00
3.271999999999999797e+00,1.797500000000000000e+02,2.000000000000021760e+00
3.287999999999999812e+00,1.302500000000000000e+02,1.622222222222222143e+01
3.287999999999999812e+00,1.307500000000000000e+02,1.788888888888888928e+01
3.287999999999999812e+00,1.312500000000000000e+02,1.844444444444444287e+01
3.287999999999999812e+00,1.317500000000000000e+02,1.911111111111111072e+01
3.287999999999999812e+00,1.322500000000000000e+02,1.788888888888888573e+01
3.287999999999999812e+00,1.327500000000000000e+02,1.855555555555555358e+01
3.287999999999999812e+00,1.332500000000000000e+02,1.833333333333332860e+01
3.287999999999999812e+00,1.337500000000000000e+02,1.822222222222221788e+01
3.287999999999999812e+00,1.342500000000000000e+02,1.777777777777777501e+01
3.287999999999999812e+00,1.347500000000000000e+02,1.933333333333332860e+01
3.287999999999999812e+00,1.352500000000000000e+02,1.822222222222221788e+01
3.287999999999999812e+00,1.357500000000000000e+02,1.999999999999999645e+01
3.287999999999999812e+00,1.362500000000000000e+02,2.166666666666666075e+01
3.287999999999999812e+00,1.367500000000000000e+02,2.322222222222221788e+01
3.287999999999999812e+00,1.372500000000000000e+02,2.322222222222221788e+01
3.287999999999999812e+00,1.377500000000000000e+02,2.266666666666666075e+01
3.287999999999999812e+00,1.382500000000000000e+02,2.377777777777777146e+01
3.287999999999999812e+00,1.387500000000000000e+02,2.544444444444443931e+01
3.287999999999999812e+00,1.392500000000000000e+02,2.611111111111110361e+01
3.287999999999999812e+00,1.397500000000000000e+02,2.611111111111110361e+01
3.287999999999999812e+00,1.402500000000000000e+02,2.766666666666666075e+01
3.287999999999999812e+00,1.407500000000000000e+02,2.788888888888888573e+01
3.287999999999999812e+00,1.412500000000000000e+02,2.833333333333332860e+01
3.287999999999999812e+00,1.417500000000000000e+02,2.799999999999999645e+01
3.287999999999999812e+00,1.422500000000000000e+02,2.966666666666666075e+01
3.287999999999999812e+00,1.427500000000000000e+02,3.199999999999999645e+01
3.287999999999999812e+00,1.432500000000000000e+02,3.099999999999999645e+01
3.287999999999999812e+00,1.437500000000000000e+02,3.022222222222221788e+01
3.287999999999999812e+00,1.442500000000000000e+02,3.088888888888888573e+01
3.287999999999999812e+00,1.447500000000000000e+02,3.466666666666666430e+01
3.287999999999999812e+00,1.452500000000000000e+02,3.599999999999999289e+01
3.287999999999999812e+00,1.457500000000000000e+02,3.522222222222222143e+01
3.287999999999999812e+00,1.462500000000000000e+02,3.355555555555555003e+01
3.287999999999999812e+00,1.467500000000000000e+02,3.633333333333332860e+01
3.287999999999999812e+00,1.472500000000000000e+02,3.933333333333332860e+01
3.287999999999999812e+00,1.477500000000000000e+02,4.155555555555555003e+01
3.287999999999999812e+00,1.482500000000000000e+02,3.988888888888888573e+01
3.287999999999999812e+00,1.487500000000000000e+02,3.922222222222222143e+01
3.287999999999999812e+00,1.492500000000000000e+02,3.811111111111110716e+01
3.287999999999999812e+00,1.497500000000000000e+02,4.011111111111110716e+01
3.287999999999999812e+00,1.502500000000000000e+02,4.077777777777777146e+01
3.287999999999999812e+00,1.507500000000000000e+02,4.099999999999999289e+01
3.287999999999999812e+00,1.512500000000000000e+02,4.044444444444443576e+01
3.287999999999999812e+00,1.517500000000000000e+02,4.222222222222222143e+01
3.287999999999999812e+00,1.522500000000000000e+02,4.488888888888888573e+01
3.287999999999999812e+00,1.527500000000000000e+02,4.666666666666666430e+01
3.287999999999999812e+00,1.532500000000000000e+02,4.788888888888888573e+01
3.287999999999999812e+00,1.537500000000000000e+02,4.800000000000000000e+01
3.287999999999999812e+00,1.542500000000000000e+02,4.966666666666666430e+01
3.287999999999999812e+00,1.547500000000000000e+02,5.155555555555556424e+01
3.287999999999999812e+00,1.552500000000000000e+02,5.455555555555556424e+01
3.287999999999999812e+00,1.557500000000000000e+02,5.433333333333333570e+01
3.287999999999999812e+00,1.562500000000000000e+02,5.355555555555555003e+01
3.287999999999999812e+00,1.567500000000000000e+02,5.255555555555555003e+01
3.287999999999999812e+00,1.572500000000000000e+02,5.477777777777777146e+01
3.287999999999999812e+00,1.577500000000000000e+02,5.822222222222222143e+01
3.287999999999999812e+00,1.582500000000000000e+02,5.800000000000000000e+01
3.287999999999999812e+00,1.587500000000000000e+02,5.622222222222222143e+01
3.287999999999999812e+00,1.592500000000000000e+02,5.355555555555555003e+01
3.287999999999999812e+00,1.597500000000000000e+02,5.500000000000000000e+01
3.287999999999999812e+00,1.602500000000000000e+02,5.711111111111111427e+01
3.287999999999999812e+00,1.607500000000000000e+02,6.011111111111111427e+01
3.287999999999999812e+00,1.612500000000000000e+02,6.033333333333333570e+01
3.287999999999999812e+00,1.617500000000000000e+02,6.011111111111110716e+01
3.287999999999999812e+00,1.622500000000000000e+02,5.455555555555554292e+01
3.287999999999999812e+00,1.627500000000000000e+02,5.422222222222220722e+01
3.287999999999999812e+00,1.632500000000000000e+02,5.644444444444442865e+01
3.287999999999999812e+00,1.637500000000000000e+02,5.933333333333331439e+01
3.287999999999999812e+00,1.642500000000000000e+02,5.944444444444442155e+01
3.287999999999999812e+00,1.647500000000000000e+02,5.499999999999997868e+01
3.287999999999999812e+00,1.652500000000000000e+02,5.599999999999997868e+01
3.287999999999999812e+00,1.657500000000000000e+02,5.488888888888887863e+01
3.287999999999999812e+00,1.662500000000000000e+02,5.466666666666665719e+01
3.287999999999999812e+00,1.667500000000000000e+02,5.277777777777777146e+01
3.287999999999999812e+00,1.672500000000000000e+02,5.111111111111110716e+01
3.287999999999999812e+00,1.677500000000000000e+02,4.966666666666665719e+01
3.287999999999999812e+00,1.682500000000000000e+02,4.899999999999999289e+01
3.287999999999999812e+00,1.687500000000000000e+02,4.711111111111110716e+01
3.287999999999999812e+00,1.692500000000000000e+02,4.355555555555555003e+01
3.287999999999999812e+00,1.697500000000000000e+02,4.266666666666666430e+01
3.287999999999999812e+00,1.702500000000000000e+02,4.466666666666666430e+01
3.287999999999999812e+00,1.707500000000000000e+02,4.777777777777777146e+01
3.287999999999999812e+00,1.712500000000000000e+02,4.533333333333332149e+01
3.287999999999999812e+00,1.717500000000000000e+02,3.922222222222221433e+01
3.287999999999999812e+00,1.722500000000000000e+02,3.533333333333332149e+01
3.287999999999999812e+00,1.727500000000000000e+02,3.088888888888888218e+01
3.287999999999999812e+00,1.732500000000000000e+02,3.077777777777777146e+01
3.287999999999999812e+00,1.737500000000000000e+02,2.877777777777777146e+01
3.287999999999999812e+00,1.742500000000000000e+02,2.833333333333332860e+01
3.287999999999999812e+00,1.747500000000000000e+02,2.722222222222221788e+01
3.287999999999999812e+00,1.752500000000000000e+02,2.644444444444444287e+01
3.287999999999999812e+00,1.757500000000000000e+02,2.255555555555555358e+01
3.287999999999999812e+00,1.762500000000000000e+02,1.844444444444443931e+01
3.287999999999999812e+00,1.767500000000000000e+02,1.466666666666666252e+01
3.287999999999999812e+00,1.772500000000000000e+02,1.388888888888888395e+01
3.287999999999999812e+00,1.777500000000000000e+02,1.233333333333332860e+01
3.287999999999999812e+00,1.782500000000000000e+02,9.111111111111105387e+00
3.287999999999999812e+00,1.787500000000000000e+02,6.777777777777772350e+00
3.287999999999999812e+00,1.792500000000000000e+02,3.222222222222217436e+00
3.287999999999999812e+00,1.797500000000000000e+02,2.333333333333328596e+00
3.303999999999999826e+00,1.302500000000000000e+02,1.433333333333333393e+01
3.303999999999999826e+00,1.307500000000000000e+02,1.622222222222222499e+01
3.303999999999999826e+00,1.312500000000000000e+02,1.788888888888888928e+01
3.303999999999999826e+00,1.317500000000000000e+02,1.855555555555555713e+01
3.303999999999999826e+00,1.322500000000000000e+02,1.755555555555555713e+01
3.303999999999999826e+00,1.327500000000000000e+02,1.700000000000000000e+01
3.303999999999999826e+00,1.332500000000000000e+02,1.611111111111111072e+01
3.303999999999999826e+00,1.337500000000000000e+02,1.655555555555555713e+01
3.303999999999999826e+00,1.342500000000000000e+02,1.722222222222222499e+01
3.303999999999999826e+00,1.347500000000000000e+02,1.911111111111111072e+01
3.303999999999999826e+00,1.352500000000000000e+02,1.788888888888888928e+01
3.303999999999999826e+00,1.357500000000000000e+02,2.066666666666666785e+01
3.303999999999999826e+00,1.362500000000000000e+02,2.188888888888888928e+01
3.303999999999999826e+00,1.367500000000000000e+02,2.311111111111111427e+01
3.303999999999999826e+00,1.372500000000000000e+02,2.300000000000000000e+01
3.303999999999999826e+00,1.377500000000000000e+02,2.211111111111111072e+01
3.303999999999999826e+00,1.382500000000000000e+02,2.244444444444444287e+01
3.303999999999999826e+00,1.387500000000000000e+02,2.311111111111111072e+01
3.303999999999999826e+00,1.392500000000000000e+02,2.377777777777777501e+01
3.303999999999999826e+00,1.397500000000000000e+02,2.477777777777777501e+01
3.303999999999999826e+00,1.402500000000000000e+02,2.522222222222221788e+01
3.303999999999999826e+00,1.407500000000000000e+02,2.555555555555555358e+01
3.303999999999999826e+00,1.412500000000000000e+02,2.611111111111111072e+01
3.303999999999999826e+00,1.417500000000000000e+02,2.688888888888888573e+01
3.303999999999999826e+00,1.422500000000000000e+02,2.899999999999999645e+01
3.303999999999999826e+00,1.427500000000000000e+02,2.888888888888888573e+01
3.303999999999999826e+00,1.432500000000000000e+02,2.666666666666666075e+01
3.303999999999999826e+00,1.437500000000000000e+02,2.622222222222221788e+01
3.303999999999999826e+00,1.442500000000000000e+02,2.855555555555555358e+01
3.303999999999999826e+00,1.447500000000000000e+02,3.233333333333332860e+01
3.303999999999999826e+00,1.452500000000000000e+02,3.433333333333332860e+01
3.303999999999999826e+00,1.457500000000000000e+02,3.466666666666666430e+01
3.303999999999999826e+00,1.462500000000000000e+02,3.377777777777777146e+01
3.303999999999999826e+00,1.467500000000000000e+02,3.366666666666665719e+01
3.303999999999999826e+00,1.472500000000000000e+02,3.444444444444443576e+01
3.303999999999999826e+00,1.477500000000000000e+02,3.633333333333332149e+01
3.303999999999999826e+00,1.482500000000000000e+02,3.733333333333332149e+01
3.303999999999999826e+00,1.487500000000000000e+02,3.799999999999999289e+01
3.303999999999999826e+00,1.492500000000000000e+02,3.633333333333332149e+01
3.303999999999999826e+00,1.497500000000000000e+02,3.622222222222221433e+01
3.303999999999999826e+00,1.502500000000000000e+02,3.733333333333332149e+01
3.303999999999999826e+00,1.507500000000000000e+02,3.933333333333332149e+01
3.303999999999999826e+00,1.512500000000000000e+02,3.944444444444443576e+01
3.303999999999999826e+00,1.517500000000000000e+02,4.011111111111110006e+01
3.303999999999999826e+00,1.522500000000000000e+02,4.077777777777776436e+01
3.303999999999999826e+00,1.527500000000000000e+02,4.288888888888887863e+01
3.303999999999999826e+00,1.532500000000000000e+02,4.411111111111109295e+01
3.303999999999999826e+00,1.537500000000000000e+02,4.433333333333331439e+01
3.303999999999999826e+00,1.542500000000000000e+02,4.455555555555553582e+01
3.303999999999999826e+00,1.547500000000000000e+02,4.599999999999997868e+01
3.303999999999999826e+00,1.552500000000000000e+02,4.844444444444442155e+01
3.303999999999999826e+00,1.557500000000000000e+02,4.899999999999997868e+01
3.303999999999999826e+00,1.562500000000000000e+02,4.833333333333331439e+01
3.303999999999999826e+00,1.567500000000000000e+02,4.866666666666665009e+01
3.303999999999999826e+00,1.572500000000000000e+02,4.944444444444442155e+01
3.303999999999999826e+00,1.577500000000000000e+02,5.155555555555553582e+01
3.303999999999999826e+00,1.582500000000000000e+02,5.122222222222220012e+01
3.303999999999999826e+00,1.587500000000000000e+02,5.011111111111108585e+01
3.303999999999999826e+00,1.592500000000000000e+02,4.855555555555552161e+01
3.303999999999999826e+00,1.597500000000000000e+02,5.077777777777775015e+01
3.303999999999999826e+00,1.602500000000000000e+02,5.255555555555552161e+01
3.303999999999999826e+00,1.607500000000000000e+02,5.522222222222219301e+01
3.303999999999999826e+00,1.612500000000000000e+02,5.555555555555552161e+01
3.303999999999999826e+00,1.617500000000000000e+02,5.488888888888885731e+01
3.303999999999999826e+00,1.622500000000000000e+02,4.999999999999997158e+01
3.303999999999999826e+00,1.627500000000000000e+02,4.666666666666663588e+01
3.303999999999999826e+00,1.632500000000000000e+02,4.844444444444442155e+01
3.303999999999999826e+00,1.637500000000000000e+02,5.122222222222220012e+01
3.303999999999999826e+00,1.642500000000000000e+02,5.399999999999997868e+01
3.303999999999999826e+00,1.647500000000000000e+02,5.155555555555553582e+01
3.303999999999999826e+00,1.652500000000000000e+02,5.077777777777775015e+01
3.303999999999999826e+00,1.657500000000000000e+02,4.799999999999997868e+01
3.303999999999999826e+00,1.662500000000000000e+02,4.844444444444442865e+01
3.303999999999999826e+00,1.667500000000000000e+02,4.799999999999997868e+01
3.303999999999999826e+00,1.672500000000000000e+02,4.677777777777775015e+01
3.303999999999999826e+00,1.677500000000000000e+02,4.588888888888886441e+01
3.303999999999999826e+00,1.682500000000000000e+02,4.411111111111108585e+01
3.303999999999999826e+00,1.687500000000000000e+02,4.333333333333331439e+01
3.303999999999999826e+00,1.692500000000000000e+02,3.833333333333331439e+01
3.303999999999999826e+00,1.697500000000000000e+02,3.866666666666665009e+01
3.303999999999999826e+00,1.702500000000000000e+02,3.922222222222220012e+01
3.303999999999999826e+00,1.707500000000000000e+02,4.155555555555553582e+01
3.303999999999999826e+00,1.712500000000000000e+02,4.144444444444442155e+01
3.303999999999999826e+00,1.717500000000000000e+02,3.677777777777775015e+01
3.303999999999999826e+00,1.722500000000000000e+02,3.411111111111108585e+01
3.303999999999999826e+00,1.727500000000000000e+02,2.822222222222219656e+01
3.303999999999999826e+00,1.732500000000000000e+02,2.633333333333330373e+01
3.303999999999999826e+00,1.737500000000000000e+02,2.477777777777775370e+01
3.303999999999999826e+00,1.742500000000000000e+02,2.433333333333331083e+01
3.303999999999999826e+00,1.747500000000000000e+02,2.511111111111108585e+01
3.303999999999999826e+00,1.752500000000000000e+02,2.299999999999997158e+01
3.303999999999999826e+00,1.757500000000000000e+02,2.044444444444441800e+01
3.303999999999999826e+00,1.762500000000000000e+02,1.599999999999997158e+01
3.303999999999999826e+00,1.767500000000000000e+02,1.422222222222219479e+01
3.303999999999999826e+00,1.772500000000000000e+02,1.222222222222219479e+01
3.303999999999999826e+00,1.777500000000000000e+02,1.022222222222219479e+01
3.303999999999999826e+00,1.782500000000000000e+02,7.111111111111083183e+00
3.303999999999999826e+00,1.787500000000000000e+02,5.444444444444417108e+00
3.303999999999999826e+00,1.792500000000000000e+02,2.999999999999972022e+00
3.303999999999999826e+00,1.797500000000000000e+02,2.111111111111083627e+00
3.319999999999999840e+00,1.302500000000000000e+02,1.488888888888888751e+01
3.319999999999999840e+00,1.307500000000000000e+02,1.622222222222222143e+01
3.319999999999999840e+00,1.312500000000000000e+02,1.722222222222222143e+01
3.319999999999999840e+00,1.317500000000000000e+02,1.822222222222222143e+01
3.319999999999999840e+00,1.322500000000000000e+02,1.777777777777777501e+01
3.319999999999999840e+00,1.327500000000000000e+02,1.655555555555555358e+01
3.319999999999999840e+00,1.332500000000000000e+02,1.633333333333333215e+01
3.319999999999999840e+00,1.337500000000000000e+02,1.622222222222222143e+01
3.319999999999999840e+00,1.342500000000000000e+02,1.788888888888888928e+01
3.319999999999999840e+00,1.347500000000000000e+02,1.900000000000000000e+01
3.319999999999999840e+00,1.352500000000000000e+02,1.811111111111111072e+01
3.319999999999999840e+00,1.357500000000000000e+02,2.000000000000000000e+01
3.319999999999999840e+00,1.362500000000000000e+02,1.966666666666666785e+01
3.319999999999999840e+00,1.367500000000000000e+02,2.066666666666666785e+01
3.319999999999999840e+00,1.372500000000000000e+02,2.100000000000000000e+01
3.319999999999999840e+00,1.377500000000000000e+02,2.188888888888888928e+01
3.319999999999999840e+00,1.382500000000000000e+02,2.344444444444444642e+01
3.319999999999999840e+00,1.387500000000000000e+02,2.322222222222222499e+01
3.319999999999999840e+00,1.392500000000000000e+02,2.288888888888888928e+01
3.319999999999999840e+00,1.397500000000000000e+02,2.211111111111111427e+01
3.319999999999999840e+00,1.402500000000000000e+02,2.222222222222222854e+01
3.319999999999999840e+00,1.407500000000000000e+02,2.244444444444445352e+01
3.319999999999999840e+00,1.412500000000000000e+02,2.377777777777778567e+01
3.319999999999999840e+00,1.417500000000000000e+02,2.422222222222222854e+01
3.319999999999999840e+00,1.422500000000000000e+02,2.500000000000000355e+01
3.319999999999999840e+00,1.427500000000000000e+02,2.466666666666667140e+01
3.319999999999999840e+00,1.432500000000000000e+02,2.488888888888889639e+01
3.319999999999999840e+00,1.437500000000000000e+02,2.644444444444445352e+01
3.319999999999999840e+00,1.442500000000000000e+02,2.711111111111111782e+01
3.319999999999999840e+00,1.447500000000000000e+02,2.833333333333334281e+01
3.319999999999999840e+00,1.452500000000000000e+02,2.855555555555556069e+01
3.319999999999999840e+00,1.457500000000000000e+02,2.955555555555556069e+01
3.319999999999999840e+00,1.462500000000000000e+02,3.033333333333333925e+01
3.319999999999999840e+00,1.467500000000000000e+02,3.066666666666667140e+01
3.319999999999999840e+00,1.472500000000000000e+02,3.388888888888889284e+01
3.319999999999999840e+00,1.477500000000000000e+02,3.577777777777778567e+01
3.319999999999999840e+00,1.482500000000000000e+02,3.855555555555556424e+01
3.319999999999999840e+00,1.487500000000000000e+02,3.966666666666667851e+01
3.319999999999999840e+00,1.492500000000000000e+02,3.855555555555556424e+01
3.319999999999999840e+00,1.497500000000000000e+02,3.788888888888889284e+01
3.319999999999999840e+00,1.502500000000000000e+02,3.777777777777777857e+01
3.319999999999999840e+00,1.507500000000000000e+02,3.844444444444444997e+01
3.319999999999999840e+00,1.512500000000000000e+02,3.833333333333333570e+01
3.319999999999999840e+00,1.517500000000000000e+02,3.822222222222222854e+01
3.319999999999999840e+00,1.522500000000000000e+02,3.877777777777777857e+01
3.319999999999999840e+00,1.527500000000000000e+02,3.955555555555555713e+01
3.319999999999999840e+00,1.532500000000000000e+02,4.155555555555555713e+01
3.319999999999999840e+00,1.537500000000000000e+02,4.311111111111111427e+01
3.319999999999999840e+00,1.542500000000000000e+02,4.677777777777777857e+01
3.319999999999999840e+00,1.547500000000000000e+02,4.644444444444444997e+01
3.319999999999999840e+00,1.552500000000000000e+02,4.700000000000000000e+01
3.319999999999999840e+00,1.557500000000000000e+02,4.611111111111111427e+01
3.319999999999999840e+00,1.562500000000000000e+02,4.600000000000000000e+01
3.319999999999999840e+00,1.567500000000000000e+02,4.866666666666666430e+01
3.319999999999999840e+00,1.572500000000000000e+02,4.933333333333333570e+01
3.319999999999999840e+00,1.577500000000000000e+02,4.977777777777777857e+01
3.319999999999999840e+00,1.582500000000000000e+02,4.900000000000000000e+01
3.319999999999999840e+00,1.587500000000000000e+02,4.544444444444444997e+01
3.319999999999999840e+00,1.592500000000000000e+02,4.255555555555555713e+01
3.319999999999999840e+00,1.597500000000000000e+02,4.188888888888889284e+01
3.319999999999999840e+00,1.602500000000000000e+02,4.366666666666666430e+01
3.319999999999999840e+00,1.607500000000000000e+02,4.822222222222222854e+01
3.319999999999999840e+00,1.612500000000000000e+02,4.800000000000000711e+01
3.319999999999999840e+00,1.617500000000000000e+02,4.633333333333334281e+01
3.319999999999999840e+00,1.622500000000000000e+02,4.222222222222222854e+01
3.319999999999999840e+00,1.627500000000000000e+02,4.133333333333334281e+01
3.319999999999999840e+00,1.632500000000000000e+02,4.411111111111112137e+01
3.319999999999999840e+00,1.637500000000000000e+02,4.655555555555557135e+01
3.319999999999999840e+00,1.642500000000000000e+02,4.988888888888890705e+01
3.319999999999999840e+00,1.647500000000000000e+02,4.822222222222223564e+01
3.319999999999999840e+00,1.652500000000000000e+02,4.744444444444445708e+01
3.319999999999999840e+00,1.657500000000000000e+02,4.377777777777779278e+01
3.319999999999999840e+00,1.662500000000000000e+02,4.511111111111112137e+01
3.319999999999999840e+00,1.667500000000000000e+02,4.477777777777779278e+01
3.319999999999999840e+00,1.672500000000000000e+02,4.233333333333334281e+01
3.319999999999999840e+00,1.677500000000000000e+02,4.077777777777779278e+01
3.319999999999999840e+00,1.682500000000000000e+02,3.800000000000000711e+01
3.319999999999999840e+00,1.687500000000000000e+02,3.911111111111112137e+01
3.319999999999999840e+00,1.692500000000000000e+02,3.544444444444445708e+01
3.319999999999999840e+00,1.697500000000000000e+02,3.533333333333334991e+01
3.319999999999999840e+00,1.702500000000000000e+02,3.400000000000001421e+01
3.319999999999999840e+00,1.707500000000000000e+02,3.400000000000001421e+01
3.319999999999999840e+00,1.712500000000000000e+02,3.600000000000001421e+01
3.319999999999999840e+00,1.717500000000000000e+02,3.255555555555557135e+01
3.319999999999999840e+00,1.722500000000000000e+02,3.133333333333335347e+01
3.319999999999999840e+00,1.727500000000000000e+02,2.588888888888890349e+01
3.319999999999999840e+00,1.732500000000000000e+02,2.400000000000001421e+01
3.319999999999999840e+00,1.737500000000000000e+02,2.288888888888890349e+01
3.319999999999999840e+00,1.742500000000000000e+02,2.177777777777779633e+01
3.319999999999999840e+00,1.747500000000000000e+02,2.200000000000001776e+01
3.319999999999999840e+00,1.752500000000000000e+02,1.977777777777779633e+01
3.319999999999999840e+00,1.757500000000000000e+02,1.766666666666668561e+01
3.319999999999999840e+00,1.762500000000000000e+02,1.433333333333335169e+01
3.319999999999999840e+00,1.767500000000000000e+02,1.200000000000001954e+01
3.319999999999999840e+00,1.772500000000000000e+02,9.444444444444462405e+00
3.319999999999999840e+00,1.777500000000000000e+02,7.444444444444463294e+00
3.319999999999999840e+00,1.782500000000000000e+02,5.444444444444463294e+00
3.319999999999999840e+00,1.787500000000000000e+02,4.333333333333351689e+00
3.319999999999999840e+00,1.792500000000000000e+02,2.666666666666685170e+00
3.319999999999999840e+00,1.797500000000000000e+02,1.777777777777796331e+00
3.335999999999999854e+00,1.302500000000000000e+02,1.677777777777777857e+01
3.335999999999999854e+00,1.307500000000000000e+02,1.566666666666666607e+01
3.335999999999999854e+00,1.312500000000000000e+02,1.611111111111111072e+01
3.335999999999999854e+00,1.317500000000000000e+02,1.700000000000000000e+01
3.335999999999999854e+00,1.322500000000000000e+02,1.877777777777777857e+01
3.335999999999999854e+00,1.327500000000000000e+02,1.700000000000000000e+01
3.335999999999999854e+00,1.332500000000000000e+02,1.622222222222222143e+01
3.335999999999999854e+00,1.337500000000000000e+02,1.688888888888888928e+01
3.335999999999999854e+00,1.342500000000000000e+02,1.888888888888888928e+01
3.335999999999999854e+00,1.347500000000000000e+02,2.022222222222222143e+01
3.335999999999999854e+00,1.352500000000000000e+02,1.866666666666666785e+01
3.335999999999999854e+00,1.357500000000000000e+02,1.900000000000000000e+01
3.335999999999999854e+00,1.362500000000000000e+02,1.877777777777777857e+01
3.335999999999999854e+00,1.367500000000000000e+02,1.933333333333333215e+01
3.335999999999999854e+00,1.372500000000000000e+02,2.033333333333333215e+01
3.335999999999999854e+00,1.377500000000000000e+02,2.011111111111111072e+01
3.335999999999999854e+00,1.382500000000000000e+02,2.277777777777777501e+01
3.335999999999999854e+00,1.387500000000000000e+02,2.255555555555555358e+01
3.335999999999999854e+00,1.392500000000000000e+02,2.288888888888888573e+01
3.335999999999999854e+00,1.397500000000000000e+02,2.199999999999999645e+01
3.335999999999999854e+00,1.402500000000000000e+02,2.199999999999999645e+01
3.335999999999999854e+00,1.407500000000000000e+02,2.277777777777777146e+01
3.335999999999999854e+00,1.412500000000000000e+02,2.288888888888888218e+01
3.335999999999999854e+00,1.417500000000000000e+02,2.433333333333332504e+01
3.335999999999999854e+00,1.422500000000000000e+02,2.288888888888888218e+01
3.335999999999999854e+00,1.427500000000000000e+02,2.299999999999998934e+01
3.335999999999999854e+00,1.432500000000000000e+02,2.288888888888888218e+01
3.335999999999999854e+00,1.437500000000000000e+02,2.666666666666665719e+01
3.335999999999999854e+00,1.442500000000000000e+02,2.622222222222221077e+01
3.335999999999999854e+00,1.447500000000000000e+02,2.544444444444443221e+01
3.335999999999999854e+00,1.452500000000000000e+02,2.577777777777776791e+01
3.335999999999999854e+00,1.457500000000000000e+02,2.944444444444443221e+01
3.335999999999999854e+00,1.462500000000000000e+02,3.099999999999998934e+01
3.335999999999999854e+00,1.467500000000000000e+02,3.077777777777777146e+01
3.335999999999999854e+00,1.472500000000000000e+02,3.166666666666665719e+01
3.335999999999999854e+00,1.477500000000000000e+02,3.222222222222221433e+01
3.335999999999999854e+00,1.482500000000000000e+02,3.333333333333332149e+01
3.335999999999999854e+00,1.487500000000000000e+02,3.466666666666665719e+01
3.335999999999999854e+00,1.492500000000000000e+02,3.733333333333332149e+01
3.335999999999999854e+00,1.497500000000000000e+02,3.711111111111110716e+01
3.335999999999999854e+00,1.502500000000000000e+02,3.755555555555555003e+01
3.335999999999999854e+00,1.507500000000000000e+02,3.933333333333333570e+01
3.335999999999999854e+00,1.512500000000000000e+02,4.011111111111110716e+01
3.335999999999999854e+00,1.517500000000000000e+02,3.900000000000000000e+01
3.335999999999999854e+00,1.522500000000000000e+02,3.666666666666666430e+01
3.335999999999999854e+00,1.527500000000000000e+02,3.788888888888889284e+01
3.335999999999999854e+00,1.532500000000000000e+02,3.922222222222222143e+01
3.335999999999999854e+00,1.537500000000000000e+02,4.055555555555555713e+01
3.335999999999999854e+00,1.542500000000000000e+02,4.211111111111111427e+01
3.335999999999999854e+00,1.547500000000000000e+02,4.311111111111111427e+01
3.335999999999999854e+00,1.552500000000000000e+02,4.255555555555555713e+01
3.335999999999999854e+00,1.557500000000000000e+02,4.355555555555556424e+01
3.335999999999999854e+00,1.562500000000000000e+02,4.088888888888889284e+01
3.335999999999999854e+00,1.567500000000000000e+02,4.277777777777779278e+01
3.335999999999999854e+00,1.572500000000000000e+02,4.244444444444445708e+01
3.335999999999999854e+00,1.577500000000000000e+02,4.311111111111112137e+01
3.335999999999999854e+00,1.582500000000000000e+02,4.488888888888889284e+01
3.335999999999999854e+00,1.587500000000000000e+02,4.166666666666667851e+01
3.335999999999999854e+00,1.592500000000000000e+02,3.822222222222223564e+01
3.335999999999999854e+00,1.597500000000000000e+02,3.566666666666667851e+01
3.335999999999999854e+00,1.602500000000000000e+02,3.600000000000000711e+01
3.335999999999999854e+00,1.607500000000000000e+02,4.066666666666667851e+01
3.335999999999999854e+00,1.612500000000000000e+02,4.244444444444445708e+01
3.335999999999999854e+00,1.617500000000000000e+02,4.088888888888889994e+01
3.335999999999999854e+00,1.622500000000000000e+02,4.000000000000000711e+01
3.335999999999999854e+00,1.627500000000000000e+02,3.922222222222222854e+01
3.335999999999999854e+00,1.632500000000000000e+02,4.055555555555556424e+01
3.335999999999999854e+00,1.637500000000000000e+02,4.344444444444444997e+01
3.335999999999999854e+00,1.642500000000000000e+02,4.444444444444444997e+01
3.335999999999999854e+00,1.647500000000000000e+02,4.655555555555556424e+01
3.335999999999999854e+00,1.652500000000000000e+02,4.355555555555556424e+01
3.335999999999999854e+00,1.657500000000000000e+02,4.155555555555556424e+01
3.335999999999999854e+00,1.662500000000000000e+02,4.133333333333334281e+01
3.335999999999999854e+00,1.667500000000000000e+02,3.955555555555556424e+01
3.335999999999999854e+00,1.672500000000000000e+02,3.755555555555556424e+01
3.335999999999999854e+00,1.677500000000000000e+02,3.522222222222223564e+01
3.335999999999999854e+00,1.682500000000000000e+02,3.355555555555556424e+01
3.335999999999999854e+00,1.687500000000000000e+02,3.311111111111112137e+01
3.335999999999999854e+00,1.692500000000000000e+02,3.144444444444445708e+01
3.335999999999999854e+00,1.697500000000000000e+02,3.266666666666667851e+01
3.335999999999999854e+00,1.702500000000000000e+02,3.111111111111112493e+01
3.335999999999999854e+00,1.707500000000000000e+02,2.911111111111112493e+01
3.335999999999999854e+00,1.712500000000000000e+02,3.077777777777778923e+01
3.335999999999999854e+00,1.717500000000000000e+02,2.944444444444445708e+01
3.335999999999999854e+00,1.722500000000000000e+02,2.922222222222223920e+01
3.335999999999999854e+00,1.727500000000000000e+02,2.466666666666668206e+01
3.335999999999999854e+00,1.732500000000000000e+02,2.355555555555557135e+01
3.335999999999999854e+00,1.737500000000000000e+02,2.244444444444445708e+01
3.335999999999999854e+00,1.742500000000000000e+02,1.988888888888890349e+01
3.335999999999999854e+00,1.747500000000000000e+02,1.911111111111112493e+01
3.335999999999999854e+00,1.752500000000000000e+02,1.655555555555556779e+01
3.335999999999999854e+00,1.757500000000000000e+02,1.566666666666668029e+01
3.335999999999999854e+00,1.762500000000000000e+02,1.222222222222223742e+01
3.335999999999999854e+00,1.767500000000000000e+02,1.055555555555557135e+01
3.335999999999999854e+00,1.772500000000000000e+02,8.444444444444460629e+00
3.335999999999999854e+00,1.777500000000000000e+02,6.666666666666682950e+00
3.335999999999999854e+00,1.782500000000000000e+02,5.888888888888904383e+00
3.335999999999999854e+00,1.787500000000000000e+02,4.666666666666682062e+00
3.335999999999999854e+00,1.792500000000000000e+02,3.555555555555570901e+00
3.335999999999999854e+00,1.797500000000000000e+02,2.222222222222237420e+00
3.351999999999999869e+00,1.302500000000000000e+02,1.788888888888888928e+01
3.351999999999999869e+00,1.307500000000000000e+02,1.633333333333333570e+01
3.351999999999999869e+00,1.312500000000000000e+02,1.555555555555555713e+01
3.351999999999999869e+00,1.317500000000000000e+02,1.588888888888889106e+01
3.351999999999999869e+00,1.322500000000000000e+02,1.722222222222222499e+01
3.351999999999999869e+00,1.327500000000000000e+02,1.588888888888889106e+01
3.351999999999999869e+00,1.332500000000000000e+02,1.555555555555555713e+01
3.351999999999999869e+00,1.337500000000000000e+02,1.666666666666666785e+01
3.351999999999999869e+00,1.342500000000000000e+02,1.833333333333333570e+01
3.351999999999999869e+00,1.347500000000000000e+02,1.922222222222222499e+01
3.351999999999999869e+00,1.352500000000000000e+02,1.688888888888888928e+01
3.351999999999999869e+00,1.357500000000000000e+02,1.711111111111111072e+01
3.351999999999999869e+00,1.362500000000000000e+02,1.733333333333333215e+01
3.351999999999999869e+00,1.367500000000000000e+02,1.933333333333333215e+01
3.351999999999999869e+00,1.372500000000000000e+02,2.122222222222222499e+01
3.351999999999999869e+00,1.377500000000000000e+02,2.166666666666666785e+01
3.351999999999999869e+00,1.382500000000000000e+02,2.255555555555555358e+01
3.351999999999999869e+00,1.387500000000000000e+02,2.033333333333332860e+01
3.351999999999999869e+00,1.392500000000000000e+02,2.088888888888888573e+01
3.351999999999999869e+00,1.397500000000000000e+02,2.077777777777777501e+01
3.351999999999999869e+00,1.402500000000000000e+02,2.244444444444444287e+01
3.351999999999999869e+00,1.407500000000000000e+02,2.155555555555555358e+01
3.351999999999999869e+00,1.412500000000000000e+02,2.188888888888888573e+01
3.351999999999999869e+00,1.417500000000000000e+02,2.277777777777777501e+01
3.351999999999999869e+00,1.422500000000000000e+02,2.200000000000000000e+01
3.351999999999999869e+00,1.427500000000000000e+02,2.288888888888888928e+01
3.351999999999999869e+00,1.432500000000000000e+02,2.422222222222222499e+01
3.351999999999999869e+00,1.437500000000000000e+02,2.744444444444444642e+01
3.351999999999999869e+00,1.442500000000000000e+02,2.688888888888888928e+01
3.351999999999999869e+00,1.447500000000000000e+02,2.566666666666666785e+01
3.351999999999999869e+00,1.452500000000000000e+02,2.555555555555555358e+01
3.351999999999999869e+00,1.457500000000000000e+02,2.744444444444444287e+01
3.351999999999999869e+00,1.462500000000000000e+02,2.866666666666666785e+01
3.351999999999999869e+00,1.467500000000000000e+02,3.000000000000000000e+01
3.351999999999999869e+00,1.472500000000000000e+02,3.155555555555555713e+01
3.351999999999999869e+00,1.477500000000000000e+02,3.100000000000000000e+01
3.351999999999999869e+00,1.482500000000000000e+02,3.033333333333333215e+01
3.351999999999999869e+00,1.487500000000000000e+02,3.055555555555555358e+01
3.351999999999999869e+00,1.492500000000000000e+02,3.511111111111110716e+01
3.351999999999999869e+00,1.497500000000000000e+02,3.677777777777777857e+01
3.351999999999999869e+00,1.502500000000000000e+02,3.922222222222222143e+01
3.351999999999999869e+00,1.507500000000000000e+02,3.811111111111110716e+01
3.351999999999999869e+00,1.512500000000000000e+02,3.766666666666665719e+01
3.351999999999999869e+00,1.517500000000000000e+02,3.555555555555554292e+01
3.351999999999999869e+00,1.522500000000000000e+02,3.511111111111110006e+01
3.351999999999999869e+00,1.527500000000000000e+02,3.544444444444443576e+01
3.351999999999999869e+00,1.532500000000000000e+02,3.666666666666665719e+01
3.351999999999999869e+00,1.537500000000000000e+02,3.855555555555554292e+01
3.351999999999999869e+00,1.542500000000000000e+02,4.122222222222220722e+01
3.351999999999999869e+00,1.547500000000000000e+02,4.044444444444443576e+01
3.351999999999999869e+00,1.552500000000000000e+02,3.955555555555554292e+01
3.351999999999999869e+00,1.557500000000000000e+02,4.033333333333332149e+01
3.351999999999999869e+00,1.562500000000000000e+02,4.099999999999999289e+01
3.351999999999999869e+00,1.567500000000000000e+02,4.099999999999999289e+01
3.351999999999999869e+00,1.572500000000000000e+02,4.088888888888887863e+01
3.351999999999999869e+00,1.577500000000000000e+02,4.166666666666665009e+01
3.351999999999999869e+00,1.582500000000000000e+02,4.333333333333331439e+01
3.351999999999999869e+00,1.587500000000000000e+02,3.977777777777776436e+01
3.351999999999999869e+00,1.592500000000000000e+02,3.644444444444442865e+01
3.351999999999999869e+00,1.597500000000000000e+02,3.399999999999997868e+01
3.351999999999999869e+00,1.602500000000000000e+02,3.422222222222220012e+01
3.351999999999999869e+00,1.607500000000000000e+02,3.655555555555553582e+01
3.351999999999999869e+00,1.612500000000000000e+02,3.722222222222220012e+01
3.351999999999999869e+00,1.617500000000000000e+02,3.677777777777775015e+01
3.351999999999999869e+00,1.622500000000000000e+02,3.633333333333330728e+01
3.351999999999999869e+00,1.627500000000000000e+02,3.744444444444442155e+01
3.351999999999999869e+00,1.632500000000000000e+02,3.799999999999997868e+01
3.351999999999999869e+00,1.637500000000000000e+02,3.955555555555553582e+01
3.351999999999999869e+00,1.642500000000000000e+02,3.999999999999997868e+01
3.351999999999999869e+00,1.647500000000000000e+02,3.999999999999997868e+01
3.351999999999999869e+00,1.652500000000000000e+02,3.933333333333330728e+01
3.351999999999999869e+00,1.657500000000000000e+02,3.833333333333330728e+01
3.351999999999999869e+00,1.662500000000000000e+02,4.033333333333330728e+01
3.351999999999999869e+00,1.667500000000000000e+02,3.744444444444442155e+01
3.351999999999999869e+00,1.672500000000000000e+02,3.433333333333330728e+01
3.351999999999999869e+00,1.677500000000000000e+02,3.022222222222220012e+01
3.351999999999999869e+00,1.682500000000000000e+02,2.899999999999998224e+01
3.351999999999999869e+00,1.687500000000000000e+02,2.822222222222220367e+01
3.351999999999999869e+00,1.692500000000000000e+02,2.866666666666664653e+01
3.351999999999999869e+00,1.697500000000000000e+02,2.922222222222220012e+01
3.351999999999999869e+00,1.702500000000000000e+02,2.966666666666664298e+01
3.351999999999999869e+00,1.707500000000000000e+02,2.733333333333331083e+01
3.351999999999999869e+00,1.712500000000000000e+02,2.766666666666664298e+01
3.351999999999999869e+00,1.717500000000000000e+02,2.599999999999997513e+01
3.351999999999999869e+00,1.722500000000000000e+02,2.533333333333331083e+01
3.351999999999999869e+00,1.727500000000000000e+02,2.411111111111108585e+01
3.351999999999999869e+00,1.732500000000000000e+02,2.399999999999997513e+01
3.351999999999999869e+00,1.737500000000000000e+02,2.299999999999997513e+01
3.351999999999999869e+00,1.742500000000000000e+02,1.955555555555553227e+01
3.351999999999999869e+00,1.747500000000000000e+02,1.644444444444441800e+01
3.351999999999999869e+00,1.752500000000000000e+02,1.433333333333330906e+01
3.351999999999999869e+00,1.757500000000000000e+02,1.244444444444442155e+01
3.351999999999999869e+00,1.762500000000000000e+02,1.088888888888886619e+01
3.351999999999999869e+00,1.767500000000000000e+02,9.666666666666644758e+00
3.351999999999999869e+00,1.772500000000000000e+02,9.333333333333312609e+00
3.351999999999999869e+00,1.777500000000000000e+02,7.999999999999978684e+00
3.351999999999999869e+00,1.782500000000000000e+02,6.888888888888867079e+00
3.351999999999999869e+00,1.787500000000000000e+02,4.999999999999977796e+00
3.351999999999999869e+00,1.792500000000000000e+02,3.555555555555533598e+00
3.351999999999999869e+00,1.797500000000000000e+02,2.444444444444422437e+00
3.367999999999999883e+00,1.302500000000000000e+02,1.766666666666666785e+01
3.367999999999999883e+00,1.307500000000000000e+02,1.566666666666666607e+01
3.367999999999999883e+00,1.312500000000000000e+02,1.422222222222222143e+01
3.367999999999999883e+00,1.317500000000000000e+02,1.500000000000000000e+01
3.367999999999999883e+00,1.322500000000000000e+02,1.566666666666666607e+01
3.367999999999999883e+00,1.327500000000000000e+02,1.422222222222222321e+01
3.367999999999999883e+00,1.332500000000000000e+02,1.355555555555555713e+01
3.367999999999999883e+00,1.337500000000000000e+02,1.488888888888889106e+01
3.367999999999999883e+00,1.342500000000000000e+02,1.677777777777777857e+01
3.367999999999999883e+00,1.347500000000000000e+02,1.833333333333333215e+01
3.367999999999999883e+00,1.352500000000000000e+02,1.622222222222222143e+01
3.367999999999999883e+00,1.357500000000000000e+02,1.533333333333333393e+01
3.367999999999999883e+00,1.362500000000000000e+02,1.633333333333333215e+01
3.367999999999999883e+00,1.367500000000000000e+02,1.822222222222222143e+01
3.367999999999999883e+00,1.372500000000000000e+02,2.100000000000000000e+01
3.367999999999999883e+00,1.377500000000000000e+02,1.988888888888888928e+01
3.367999999999999883e+00,1.382500000000000000e+02,1.900000000000000355e+01
3.367999999999999883e+00,1.387500000000000000e+02,1.755555555555555713e+01
3.367999999999999883e+00,1.392500000000000000e+02,1.833333333333333215e+01
3.367999999999999883e+00,1.397500000000000000e+02,2.066666666666666785e+01
3.367999999999999883e+00,1.402500000000000000e+02,2.233333333333333215e+01
3.367999999999999883e+00,1.407500000000000000e+02,2.177777777777777501e+01
3.367999999999999883e+00,1.412500000000000000e+02,2.277777777777777501e+01
3.367999999999999883e+00,1.417500000000000000e+02,2.233333333333333215e+01
3.367999999999999883e+00,1.422500000000000000e+02,2.333333333333333215e+01
3.367999999999999883e+00,1.427500000000000000e+02,2.188888888888888573e+01
3.367999999999999883e+00,1.432500000000000000e+02,2.333333333333332860e+01
3.367999999999999883e+00,1.437500000000000000e+02,2.499999999999999645e+01
3.367999999999999883e+00,1.442500000000000000e+02,2.655555555555555358e+01
3.367999999999999883e+00,1.447500000000000000e+02,2.622222222222221788e+01
3.367999999999999883e+00,1.452500000000000000e+02,2.655555555555555358e+01
3.367999999999999883e+00,1.457500000000000000e+02,2.755555555555555358e+01
3.367999999999999883e+00,1.462500000000000000e+02,2.811111111111111072e+01
3.367999999999999883e+00,1.467500000000000000e+02,2.866666666666666785e+01
3.367999999999999883e+00,1.472500000000000000e+02,2.866666666666666785e+01
3.367999999999999883e+00,1.477500000000000000e+02,2.822222222222222499e+01
3.367999999999999883e+00,1.482500000000000000e+02,2.766666666666666785e+01
3.367999999999999883e+00,1.487500000000000000e+02,2.755555555555555713e+01
3.367999999999999883e+00,1.492500000000000000e+02,3.255555555555555713e+01
3.367999999999999883e+00,1.497500000000000000e+02,3.200000000000000000e+01
3.367999999999999883e+00,1.502500000000000000e+02,3.533333333333333570e+01
3.367999999999999883e+00,1.507500000000000000e+02,3.388888888888889284e+01
3.367999999999999883e+00,1.512500000000000000e+02,3.522222222222222143e+01
3.367999999999999883e+00,1.517500000000000000e+02,3.355555555555555713e+01
3.367999999999999883e+00,1.522500000000000000e+02,3.322222222222222143e+01
3.367999999999999883e+00,1.527500000000000000e+02,3.611111111111111427e+01
3.367999999999999883e+00,1.532500000000000000e+02,3.611111111111111427e+01
3.367999999999999883e+00,1.537500000000000000e+02,3.722222222222222143e+01
3.367999999999999883e+00,1.542500000000000000e+02,3.655555555555555713e+01
3.367999999999999883e+00,1.547500000000000000e+02,3.766666666666666430e+01
3.367999999999999883e+00,1.552500000000000000e+02,3.844444444444444997e+01
3.367999999999999883e+00,1.557500000000000000e+02,3.877777777777777857e+01
3.367999999999999883e+00,1.562500000000000000e+02,3.866666666666666430e+01
3.367999999999999883e+00,1.567500000000000000e+02,3.600000000000000000e+01
3.367999999999999883e+00,1.572500000000000000e+02,3.666666666666666430e+01
3.367999999999999883e+00,1.577500000000000000e+02,3.788888888888889284e+01
3.367999999999999883e+00,1.582500000000000000e+02,4.066666666666666430e+01
3.367999999999999883e+00,1.587500000000000000e+02,3.633333333333333570e+01
3.367999999999999883e+00,1.592500000000000000e+02,3.355555555555555003e+01
3.367999999999999883e+00,1.597500000000000000e+02,3.111111111111110361e+01
3.367999999999999883e+00,1.602500000000000000e+02,3.333333333333332860e+01
3.367999999999999883e+00,1.607500000000000000e+02,3.444444444444443576e+01
3.367999999999999883e+00,1.612500000000000000e+02,3.588888888888888573e+01
3.367999999999999883e+00,1.617500000000000000e+02,3.655555555555555003e+01
3.367999999999999883e+00,1.622500000000000000e+02,3.655555555555555003e+01
3.367999999999999883e+00,1.627500000000000000e+02,3.766666666666666430e+01
3.367999999999999883e+00,1.632500000000000000e+02,3.744444444444443576e+01
3.367999999999999883e+00,1.637500000000000000e+02,3.888888888888887863e+01
3.367999999999999883e+00,1.642500000000000000e+02,3.699999999999999289e+01
3.367999999999999883e+00,1.647500000000000000e+02,3.733333333333332149e+01
3.367999999999999883e+00,1.652500000000000000e+02,3.555555555555555003e+01
3.367999999999999883e+00,1.657500000000000000e+02,3.644444444444443576e+01
3.367999999999999883e+00,1.662500000000000000e+02,3.466666666666665719e+01
3.367999999999999883e+00,1.667500000000000000e+02,3.333333333333332149e+01
3.367999999999999883e+00,1.672500000000000000e+02,3.177777777777777146e+01
3.367999999999999883e+00,1.677500000000000000e+02,2.966666666666666075e+01
3.367999999999999883e+00,1.682500000000000000e+02,2.722222222222221788e+01
3.367999999999999883e+00,1.687500000000000000e+02,2.466666666666666075e+01
3.367999999999999883e+00,1.692500000000000000e+02,2.488888888888888573e+01
3.367999999999999883e+00,1.697500000000000000e+02,2.555555555555555358e+01
3.367999999999999883e+00,1.702500000000000000e+02,2.611111111111111072e+01
3.367999999999999883e+00,1.707500000000000000e+02,2.522222222222221788e+01
3.367999999999999883e+00,1.712500000000000000e+02,2.555555555555555358e+01
3.367999999999999883e+00,1.717500000000000000e+02,2.455555555555555358e+01
3.367999999999999883e+00,1.722500000000000000e+02,2.299999999999999645e+01
3.367999999999999883e+00,1.727500000000000000e+02,2.311111111111110361e+01
3.367999999999999883e+00,1.732500000000000000e+02,2.288888888888888218e+01
3.367999999999999883e+00,1.737500000000000000e+02,2.199999999999998934e+01
3.367999999999999883e+00,1.742500000000000000e+02,1.799999999999998934e+01
3.367999999999999883e+00,1.747500000000000000e+02,1.499999999999999112e+01
3.367999999999999883e+00,1.752500000000000000e+02,1.299999999999999112e+01
3.367999999999999883e+00,1.757500000000000000e+02,1.199999999999999112e+01
3.367999999999999883e+00,1.762500000000000000e+02,1.122222222222221255e+01
3.367999999999999883e+00,1.767500000000000000e+02,1.077777777777776613e+01
3.367999999999999883e+00,1.772500000000000000e+02,9.777777777777766133e+00
3.367999999999999883e+00,1.777500000000000000e+02,7.999999999999989342e+00
3.367999999999999883e+00,1.782500000000000000e+02,6.888888888888878625e+00
3.367999999999999883e+00,1.787500000000000000e+02,5.333333333333322379e+00
3.367999999999999883e+00,1.792500000000000000e+02,3.666666666666655860e+00
3.367999999999999883e+00,1.797500000000000000e+02,2.333333333333322823e+00
3.383999999999999897e+00,1.302500000000000000e+02,1.644444444444444642e+01
3.383999999999999897e+00,1.307500000000000000e+02,1.555555555555555713e+01
3.383999999999999897e+00,1.312500000000000000e+02,1.422222222222222321e+01
3.383999999999999897e+00,1.317500000000000000e+02,1.455555555555555713e+01
3.383999999999999897e+00,1.322500000000000000e+02,1.366666666666666607e+01
3.383999999999999897e+00,1.327500000000000000e+02,1.233333333333333393e+01
3.383999999999999897e+00,1.332500000000000000e+02,1.288888888888888751e+01
3.383999999999999897e+00,1.337500000000000000e+02,1.355555555555555536e+01
3.383999999999999897e+00,1.342500000000000000e+02,1.600000000000000000e+01
3.383999999999999897e+00,1.347500000000000000e+02,1.700000000000000000e+01
3.383999999999999897e+00,1.352500000000000000e+02,1.633333333333333215e+01
3.383999999999999897e+00,1.357500000000000000e+02,1.622222222222222499e+01
3.383999999999999897e+00,1.362500000000000000e+02,1.655555555555555713e+01
3.383999999999999897e+00,1.367500000000000000e+02,1.888888888888888928e+01
3.383999999999999897e+00,1.372500000000000000e+02,2.011111111111111427e+01
3.383999999999999897e+00,1.377500000000000000e+02,1.977777777777778212e+01
3.383999999999999897e+00,1.382500000000000000e+02,1.888888888888888928e+01
3.383999999999999897e+00,1.387500000000000000e+02,1.833333333333333215e+01
3.383999999999999897e+00,1.392500000000000000e+02,1.877777777777777501e+01
3.383999999999999897e+00,1.397500000000000000e+02,1.955555555555555358e+01
3.383999999999999897e+00,1.402500000000000000e+02,1.988888888888888573e+01
3.383999999999999897e+00,1.407500000000000000e+02,2.011111111111111072e+01
3.383999999999999897e+00,1.412500000000000000e+02,2.188888888888888573e+01
3.383999999999999897e+00,1.417500000000000000e+02,2.266666666666666075e+01
3.383999999999999897e+00,1.422500000000000000e+02,2.399999999999999645e+01
3.383999999999999897e+00,1.427500000000000000e+02,2.333333333333332860e+01
3.383999999999999897e+00,1.432500000000000000e+02,2.455555555555555358e+01
3.383999999999999897e+00,1.437500000000000000e+02,2.377777777777777501e+01
3.383999999999999897e+00,1.442500000000000000e+02,2.411111111111111072e+01
3.383999999999999897e+00,1.447500000000000000e+02,2.344444444444444287e+01
3.383999999999999897e+00,1.452500000000000000e+02,2.444444444444444287e+01
3.383999999999999897e+00,1.457500000000000000e+02,2.400000000000000000e+01
3.383999999999999897e+00,1.462500000000000000e+02,2.500000000000000000e+01
3.383999999999999897e+00,1.467500000000000000e+02,2.588888888888888573e+01
3.383999999999999897e+00,1.472500000000000000e+02,2.700000000000000000e+01
3.383999999999999897e+00,1.477500000000000000e+02,2.711111111111111072e+01
3.383999999999999897e+00,1.482500000000000000e+02,2.766666666666666785e+01
3.383999999999999897e+00,1.487500000000000000e+02,3.011111111111111072e+01
3.383999999999999897e+00,1.492500000000000000e+02,3.222222222222222143e+01
3.383999999999999897e+00,1.497500000000000000e+02,3.244444444444444287e+01
3.383999999999999897e+00,1.502500000000000000e+02,3.300000000000000000e+01
3.383999999999999897e+00,1.507500000000000000e+02,3.177777777777778212e+01
3.383999999999999897e+00,1.512500000000000000e+02,3.044444444444444642e+01
3.383999999999999897e+00,1.517500000000000000e+02,2.933333333333333925e+01
3.383999999999999897e+00,1.522500000000000000e+02,3.022222222222222854e+01
3.383999999999999897e+00,1.527500000000000000e+02,3.155555555555556069e+01
3.383999999999999897e+00,1.532500000000000000e+02,3.222222222222222854e+01
3.383999999999999897e+00,1.537500000000000000e+02,3.344444444444444997e+01
3.383999999999999897e+00,1.542500000000000000e+02,3.522222222222222854e+01
3.383999999999999897e+00,1.547500000000000000e+02,3.433333333333333570e+01
3.383999999999999897e+00,1.552500000000000000e+02,3.533333333333333570e+01
3.383999999999999897e+00,1.557500000000000000e+02,3.522222222222222854e+01
3.383999999999999897e+00,1.562500000000000000e+02,3.777777777777778567e+01
3.383999999999999897e+00,1.567500000000000000e+02,3.511111111111112137e+01
3.383999999999999897e+00,1.572500000000000000e+02,3.455555555555556424e+01
3.383999999999999897e+00,1.577500000000000000e+02,3.288888888888889284e+01
3.383999999999999897e+00,1.582500000000000000e+02,3.466666666666667140e+01
3.383999999999999897e+00,1.587500000000000000e+02,3.233333333333333570e+01
3.383999999999999897e+00,1.592500000000000000e+02,3.288888888888889284e+01
3.383999999999999897e+00,1.597500000000000000e+02,3.111111111111111782e+01
3.383999999999999897e+00,1.602500000000000000e+02,3.322222222222222854e+01
3.383999999999999897e+00,1.607500000000000000e+02,3.277777777777777857e+01
3.383999999999999897e+00,1.612500000000000000e+02,3.288888888888889284e+01
3.383999999999999897e+00,1.617500000000000000e+02,3.388888888888889284e+01
3.383999999999999897e+00,1.622500000000000000e+02,3.288888888888889284e+01
3.383999999999999897e+00,1.627500000000000000e+02,3.577777777777778567e+01
3.383999999999999897e+00,1.632500000000000000e+02,3.544444444444444997e+01
3.383999999999999897e+00,1.637500000000000000e+02,3.611111111111112137e+01
3.383999999999999897e+00,1.642500000000000000e+02,3.255555555555556424e+01
3.383999999999999897e+00,1.647500000000000000e+02,3.122222222222222854e+01
3.383999999999999897e+00,1.652500000000000000e+02,3.155555555555556069e+01
3.383999999999999897e+00,1.657500000000000000e+02,3.277777777777778567e+01
3.383999999999999897e+00,1.662500000000000000e+02,3.333333333333334281e+01
3.383999999999999897e+00,1.667500000000000000e+02,3.188888888888889994e+01
3.383999999999999897e+00,1.672500000000000000e+02,2.977777777777778923e+01
3.383999999999999897e+00,1.677500000000000000e+02,2.600000000000001421e+01
3.383999999999999897e+00,1.682500000000000000e+02,2.288888888888890349e+01
3.383999999999999897e+00,1.687500000000000000e+02,2.244444444444446063e+01
3.383999999999999897e+00,1.692500000000000000e+02,2.355555555555557135e+01
3.383999999999999897e+00,1.697500000000000000e+02,2.544444444444446063e+01
3.383999999999999897e+00,1.702500000000000000e+02,2.466666666666668561e+01
3.383999999999999897e+00,1.707500000000000000e+02,2.388888888888891060e+01
3.383999999999999897e+00,1.712500000000000000e+02,2.366666666666668561e+01
3.383999999999999897e+00,1.717500000000000000e+02,2.277777777777779988e+01
3.383999999999999897e+00,1.722500000000000000e+02,2.055555555555557490e+01
3.383999999999999897e+00,1.727500000000000000e+02,1.877777777777779988e+01
3.383999999999999897e+00,1.732500000000000000e+02,1.800000000000002132e+01
3.383999999999999897e+00,1.737500000000000000e+02,1.777777777777779988e+01
3.383999999999999897e+00,1.742500000000000000e+02,1.533333333333335524e+01
3.383999999999999897e+00,1.747500000000000000e+02,1.377777777777779988e+01
3.383999999999999897e+00,1.752500000000000000e+02,1.211111111111113381e+01
3.383999999999999897e+00,1.757500000000000000e+02,1.155555555555557667e+01
3.383999999999999897e+00,1.762500000000000000e+02,1.155555555555557667e+01
3.383999999999999897e+00,1.767500000000000000e+02,1.066666666666668739e+01
3.383999999999999897e+00,1.772500000000000000e+02,8.888888888888910600e+00
3.383999999999999897e+00,1.777500000000000000e+02,6.444444444444466846e+00
3.383999999999999897e+00,1.782500000000000000e+02,5.666666666666688279e+00
3.383999999999999897e+00,1.787500000000000000e+02,4.555555555555577563e+00
3.383999999999999897e+00,1.792500000000000000e+02,2.777777777777799884e+00
3.383999999999999897e+00,1.797500000000000000e+02,1.333333333333355464e+00
3.399999999999999911e+00,1.302500000000000000e+02,1.555555555555555713e+01
3.399999999999999911e+00,1.307500000000000000e+02,1.511111111111111249e+01
3.399999999999999911e+00,1.312500000000000000e+02,1.433333333333333393e+01
3.399999999999999911e+00,1.317500000000000000e+02,1.488888888888888751e+01
3.399999999999999911e+00,1.322500000000000000e+02,1.411111111111110894e+01
3.399999999999999911e+00,1.327500000000000000e+02,1.311111111111110894e+01
3.399999999999999911e+00,1.332500000000000000e+02,1.299999999999999822e+01
3.399999999999999911e+00,1.337500000000000000e+02,1.388888888888888573e+01
3.399999999999999911e+00,1.342500000000000000e+02,1.622222222222221788e+01
3.399999999999999911e+00,1.347500000000000000e+02,1.877777777777777501e+01
3.399999999999999911e+00,1.352500000000000000e+02,1.877777777777777501e+01
3.399999999999999911e+00,1.357500000000000000e+02,1.788888888888888573e+01
3.399999999999999911e+00,1.362500000000000000e+02,1.633333333333333215e+01
3.399999999999999911e+00,1.367500000000000000e+02,1.766666666666666430e+01
3.399999999999999911e+00,1.372500000000000000e+02,1.855555555555555358e+01
3.399999999999999911e+00,1.377500000000000000e+02,1.833333333333332860e+01
3.399999999999999911e+00,1.382500000000000000e+02,1.811111111111110361e+01
3.399999999999999911e+00,1.387500000000000000e+02,1.966666666666666075e+01
3.399999999999999911e+00,1.392500000000000000e+02,2.099999999999999645e+01
3.399999999999999911e+00,1.397500000000000000e+02,2.111111111111110361e+01
3.399999999999999911e+00,1.402500000000000000e+02,2.022222222222221433e+01
3.399999999999999911e+00,1.407500000000000000e+02,2.266666666666665719e+01
3.399999999999999911e+00,1.412500000000000000e+02,2.344444444444443931e+01
3.399999999999999911e+00,1.417500000000000000e+02,2.399999999999999645e+01
3.399999999999999911e+00,1.422500000000000000e+02,2.277777777777777146e+01
3.399999999999999911e+00,1.427500000000000000e+02,2.344444444444443931e+01
3.399999999999999911e+00,1.432500000000000000e+02,2.466666666666666075e+01
3.399999999999999911e+00,1.437500000000000000e+02,2.366666666666666075e+01
3.399999999999999911e+00,1.442500000000000000e+02,2.266666666666666075e+01
3.399999999999999911e+00,1.447500000000000000e+02,2.133333333333332860e+01
3.399999999999999911e+00,1.452500000000000000e+02,2.244444444444443931e+01
3.399999999999999911e+00,1.457500000000000000e+02,2.288888888888888218e+01
3.399999999999999911e+00,1.462500000000000000e+02,2.455555555555554648e+01
3.399999999999999911e+00,1.467500000000000000e+02,2.466666666666665719e+01
3.399999999999999911e+00,1.472500000000000000e+02,2.588888888888888218e+01
3.399999999999999911e+00,1.477500000000000000e+02,2.533333333333332504e+01
3.399999999999999911e+00,1.482500000000000000e+02,2.722222222222221433e+01
3.399999999999999911e+00,1.487500000000000000e+02,2.955555555555554648e+01
3.399999999999999911e+00,1.492500000000000000e+02,3.122222222222221433e+01
3.399999999999999911e+00,1.497500000000000000e+02,3.022222222222221433e+01
3.399999999999999911e+00,1.502500000000000000e+02,2.877777777777777146e+01
3.399999999999999911e+00,1.507500000000000000e+02,2.799999999999999645e+01
3.399999999999999911e+00,1.512500000000000000e+02,2.722222222222221788e+01
3.399999999999999911e+00,1.517500000000000000e+02,2.877777777777777501e+01
3.399999999999999911e+00,1.522500000000000000e+02,2.977777777777777501e+01
3.399999999999999911e+00,1.527500000000000000e+02,3.144444444444444287e+01
3.399999999999999911e+00,1.532500000000000000e+02,3.033333333333333215e+01
3.399999999999999911e+00,1.537500000000000000e+02,3.055555555555555358e+01
3.399999999999999911e+00,1.542500000000000000e+02,3.099999999999999645e+01
3.399999999999999911e+00,1.547500000000000000e+02,3.188888888888888573e+01
3.399999999999999911e+00,1.552500000000000000e+02,3.266666666666666430e+01
3.399999999999999911e+00,1.557500000000000000e+02,3.366666666666666430e+01
3.399999999999999911e+00,1.562500000000000000e+02,3.322222222222222143e+01
3.399999999999999911e+00,1.567500000000000000e+02,3.211111111111110716e+01
3.399999999999999911e+00,1.572500000000000000e+02,3.144444444444444287e+01
3.399999999999999911e+00,1.577500000000000000e+02,3.100000000000000000e+01
3.399999999999999911e+00,1.582500000000000000e+02,3.133333333333333215e+01
3.399999999999999911e+00,1.587500000000000000e+02,2.911111111111111072e+01
3.399999999999999911e+00,1.592500000000000000e+02,3.044444444444444287e+01
3.399999999999999911e+00,1.597500000000000000e+02,2.955555555555555358e+01
3.399999999999999911e+00,1.602500000000000000e+02,3.177777777777777501e+01
3.399999999999999911e+00,1.607500000000000000e+02,3.100000000000000000e+01
3.399999999999999911e+00,1.612500000000000000e+02,3.133333333333333215e+01
3.399999999999999911e+00,1.617500000000000000e+02,3.088888888888888928e+01
3.399999999999999911e+00,1.622500000000000000e+02,2.988888888888888928e+01
3.399999999999999911e+00,1.627500000000000000e+02,3.188888888888888928e+01
3.399999999999999911e+00,1.632500000000000000e+02,3.166666666666666785e+01
3.399999999999999911e+00,1.637500000000000000e+02,3.266666666666666430e+01
3.399999999999999911e+00,1.642500000000000000e+02,3.044444444444444642e+01
3.399999999999999911e+00,1.647500000000000000e+02,3.000000000000000355e+01
3.399999999999999911e+00,1.652500000000000000e+02,3.000000000000000355e+01
3.399999999999999911e+00,1.657500000000000000e+02,3.066666666666667140e+01
3.399999999999999911e+00,1.662500000000000000e+02,3.077777777777778212e+01
3.399999999999999911e+00,1.667500000000000000e+02,3.000000000000000355e+01
3.399999999999999911e+00,1.672500000000000000e+02,2.811111111111111427e+01
3.399999999999999911e+00,1.677500000000000000e+02,2.477777777777778212e+01
3.399999999999999911e+00,1.682500000000000000e+02,2.166666666666667140e+01
3.399999999999999911e+00,1.687500000000000000e+02,2.122222222222222854e+01
3.399999999999999911e+00,1.692500000000000000e+02,2.222222222222222854e+01
3.399999999999999911e+00,1.697500000000000000e+02,2.366666666666667140e+01
3.399999999999999911e+00,1.702500000000000000e+02,2.311111111111111427e+01
3.399999999999999911e+00,1.707500000000000000e+02,2.266666666666667140e+01
3.399999999999999911e+00,1.712500000000000000e+02,2.188888888888889639e+01
3.399999999999999911e+00,1.717500000000000000e+02,2.011111111111111782e+01
3.399999999999999911e+00,1.722500000000000000e+02,1.822222222222222854e+01
3.399999999999999911e+00,1.727500000000000000e+02,1.566666666666667140e+01
3.399999999999999911e+00,1.732500000000000000e+02,1.477777777777778390e+01
3.399999999999999911e+00,1.737500000000000000e+02,1.444444444444444997e+01
3.399999999999999911e+00,1.742500000000000000e+02,1.311111111111111605e+01
3.399999999999999911e+00,1.747500000000000000e+02,1.411111111111111605e+01
3.399999999999999911e+00,1.752500000000000000e+02,1.211111111111111605e+01
3.399999999999999911e+00,1.757500000000000000e+02,1.266666666666667140e+01
3.399999999999999911e+00,1.762500000000000000e+02,1.111111111111111605e+01
3.399999999999999911e+00,1.767500000000000000e+02,9.666666666666673180e+00
3.399999999999999911e+00,1.772500000000000000e+02,6.777777777777783008e+00
3.399999999999999911e+00,1.777500000000000000e+02,4.222222222222227650e+00
3.399999999999999911e+00,1.782500000000000000e+02,4.444444444444449971e+00
3.399999999999999911e+00,1.787500000000000000e+02,4.333333333333338366e+00
3.399999999999999911e+00,1.792500000000000000e+02,3.000000000000005329e+00
3.399999999999999911e+00,1.797500000000000000e+02,1.555555555555560909e+00
3.415999999999999925e+00,1.302500000000000000e+02,1.533333333333333393e+01
3.415999999999999925e+00,1.307500000000000000e+02,1.444444444444444287e+01
3.415999999999999925e+00,1.312500000000000000e+02,1.344444444444444287e+01
3.415999999999999925e+00,1.317500000000000000e+02,1.366666666666666430e+01
3.415999999999999925e+00,1.322500000000000000e+02,1.399999999999999822e+01
3.415999999999999925e+00,1.327500000000000000e+02,1.488888888888888573e+01
3.415999999999999925e+00,1.332500000000000000e+02,1.488888888888888573e+01
3.415999999999999925e+00,1.337500000000000000e+02,1.644444444444443931e+01
3.415999999999999925e+00,1.342500000000000000e+02,1.722222222222221788e+01
3.415999999999999925e+00,1.347500000000000000e+02,1.899999999999999645e+01
3.415999999999999925e+00,1.352500000000000000e+02,1.833333333333332860e+01
3.415999999999999925e+00,1.357500000000000000e+02,1.855555555555555358e+01
3.415999999999999925e+00,1.362500000000000000e+02,1.644444444444444287e+01
3.415999999999999925e+00,1.367500000000000000e+02,1.800000000000000000e+01
3.415999999999999925e+00,1.372500000000000000e+02,1.766666666666666785e+01
3.415999999999999925e+00,1.377500000000000000e+02,1.833333333333333215e+01
3.415999999999999925e+00,1.382500000000000000e+02,1.900000000000000000e+01
3.415999999999999925e+00,1.387500000000000000e+02,2.144444444444444287e+01
3.415999999999999925e+00,1.392500000000000000e+02,2.277777777777777501e+01
3.415999999999999925e+00,1.397500000000000000e+02,2.111111111111111072e+01
3.415999999999999925e+00,1.402500000000000000e+02,1.877777777777777501e+01
3.415999999999999925e+00,1.407500000000000000e+02,2.100000000000000000e+01
3.415999999999999925e+00,1.412500000000000000e+02,2.066666666666666785e+01
3.415999999999999925e+00,1.417500000000000000e+02,2.311111111111111427e+01
3.415999999999999925e+00,1.422500000000000000e+02,2.044444444444444642e+01
3.415999999999999925e+00,1.427500000000000000e+02,2.366666666666667140e+01
3.415999999999999925e+00,1.432500000000000000e+02,2.344444444444444642e+01
3.415999999999999925e+00,1.437500000000000000e+02,2.355555555555555713e+01
3.415999999999999925e+00,1.442500000000000000e+02,2.122222222222222499e+01
3.415999999999999925e+00,1.447500000000000000e+02,2.077777777777778212e+01
3.415999999999999925e+00,1.452500000000000000e+02,2.233333333333333925e+01
3.415999999999999925e+00,1.457500000000000000e+02,2.311111111111111427e+01
3.415999999999999925e+00,1.462500000000000000e+02,2.333333333333333215e+01
3.415999999999999925e+00,1.467500000000000000e+02,2.233333333333333215e+01
3.415999999999999925e+00,1.472500000000000000e+02,2.344444444444444287e+01
3.415999999999999925e+00,1.477500000000000000e+02,2.355555555555555358e+01
3.415999999999999925e+00,1.482500000000000000e+02,2.544444444444443931e+01
3.415999999999999925e+00,1.487500000000000000e+02,2.722222222222221788e+01
3.415999999999999925e+00,1.492500000000000000e+02,2.777777777777777146e+01
3.415999999999999925e+00,1.497500000000000000e+02,2.744444444444443931e+01
3.415999999999999925e+00,1.502500000000000000e+02,2.677777777777777146e+01
3.415999999999999925e+00,1.507500000000000000e+02,2.755555555555555358e+01
3.415999999999999925e+00,1.512500000000000000e+02,2.633333333333333215e+01
3.415999999999999925e+00,1.517500000000000000e+02,2.688888888888888573e+01
3.415999999999999925e+00,1.522500000000000000e+02,2.699999999999999645e+01
3.415999999999999925e+00,1.527500000000000000e+02,2.744444444444443931e+01
3.415999999999999925e+00,1.532500000000000000e+02,2.655555555555555358e+01
3.415999999999999925e+00,1.537500000000000000e+02,2.722222222222221788e+01
3.415999999999999925e+00,1.542500000000000000e+02,2.911111111111111072e+01
3.415999999999999925e+00,1.547500000000000000e+02,2.877777777777777501e+01
3.415999999999999925e+00,1.552500000000000000e+02,2.833333333333333215e+01
3.415999999999999925e+00,1.557500000000000000e+02,2.966666666666666785e+01
3.415999999999999925e+00,1.562500000000000000e+02,3.088888888888888573e+01
3.415999999999999925e+00,1.567500000000000000e+02,3.133333333333332860e+01
3.415999999999999925e+00,1.572500000000000000e+02,2.866666666666666075e+01
3.415999999999999925e+00,1.577500000000000000e+02,2.633333333333332860e+01
3.415999999999999925e+00,1.582500000000000000e+02,2.455555555555555358e+01
3.415999999999999925e+00,1.587500000000000000e+02,2.644444444444443931e+01
3.415999999999999925e+00,1.592500000000000000e+02,2.944444444444443931e+01
3.415999999999999925e+00,1.597500000000000000e+02,2.955555555555554648e+01
3.415999999999999925e+00,1.602500000000000000e+02,2.877777777777777146e+01
3.415999999999999925e+00,1.607500000000000000e+02,2.811111111111110361e+01
3.415999999999999925e+00,1.612500000000000000e+02,2.888888888888888218e+01
3.415999999999999925e+00,1.617500000000000000e+02,2.733333333333332504e+01
3.415999999999999925e+00,1.622500000000000000e+02,2.544444444444443931e+01
3.415999999999999925e+00,1.627500000000000000e+02,2.566666666666666075e+01
3.415999999999999925e+00,1.632500000000000000e+02,2.688888888888888573e+01
3.415999999999999925e+00,1.637500000000000000e+02,2.788888888888888573e+01
3.415999999999999925e+00,1.642500000000000000e+02,2.711111111111111072e+01
3.415999999999999925e+00,1.647500000000000000e+02,2.577777777777777501e+01
3.415999999999999925e+00,1.652500000000000000e+02,2.711111111111111072e+01
3.415999999999999925e+00,1.657500000000000000e+02,2.822222222222221788e+01
3.415999999999999925e+00,1.662500000000000000e+02,2.933333333333332860e+01
3.415999999999999925e+00,1.667500000000000000e+02,2.711111111111110361e+01
3.415999999999999925e+00,1.672500000000000000e+02,2.444444444444443931e+01
3.415999999999999925e+00,1.677500000000000000e+02,2.211111111111110361e+01
3.415999999999999925e+00,1.682500000000000000e+02,2.133333333333332860e+01
3.415999999999999925e+00,1.687500000000000000e+02,2.188888888888888573e+01
3.415999999999999925e+00,1.692500000000000000e+02,2.277777777777777501e+01
3.415999999999999925e+00,1.697500000000000000e+02,2.333333333333333215e+01
3.415999999999999925e+00,1.702500000000000000e+02,2.288888888888888573e+01
3.415999999999999925e+00,1.707500000000000000e+02,2.188888888888888573e+01
3.415999999999999925e+00,1.712500000000000000e+02,2.033333333333333215e+01
3.415999999999999925e+00,1.717500000000000000e+02,1.877777777777777501e+01
3.415999999999999925e+00,1.722500000000000000e+02,1.722222222222222143e+01
3.415999999999999925e+00,1.727500000000000000e+02,1.533333333333333393e+01
3.415999999999999925e+00,1.732500000000000000e+02,1.433333333333333393e+01
3.415999999999999925e+00,1.737500000000000000e+02,1.322222222222222143e+01
3.415999999999999925e+00,1.742500000000000000e+02,1.177777777777777679e+01
3.415999999999999925e+00,1.747500000000000000e+02,1.177777777777777679e+01
3.415999999999999925e+00,1.752500000000000000e+02,1.088888888888888751e+01
3.415999999999999925e+00,1.757500000000000000e+02,1.133333333333333393e+01
3.415999999999999925e+00,1.762500000000000000e+02,1.033333333333333393e+01
3.415999999999999925e+00,1.767500000000000000e+02,9.222222222222221433e+00
3.415999999999999925e+00,1.772500000000000000e+02,6.555555555555554470e+00
3.415999999999999925e+00,1.777500000000000000e+02,4.222222222222221433e+00
3.415999999999999925e+00,1.782500000000000000e+02,3.555555555555554914e+00
3.415999999999999925e+00,1.787500000000000000e+02,3.444444444444443310e+00
3.415999999999999925e+00,1.792500000000000000e+02,2.333333333333332593e+00
3.415999999999999925e+00,1.797500000000000000e+02,1.111111111111110272e+00
3.431999999999999940e+00,1.302500000000000000e+02,1.455555555555555536e+01
3.431999999999999940e+00,1.307500000000000000e+02,1.488888888888888751e+01
3.431999999999999940e+00,1.312500000000000000e+02,1.400000000000000000e+01
3.431999999999999940e+00,1.317500000000000000e+02,1.355555555555555713e+01
3.431999999999999940e+00,1.322500000000000000e+02,1.444444444444444819e+01
3.431999999999999940e+00,1.327500000000000000e+02,1.588888888888889106e+01
3.431999999999999940e+00,1.332500000000000000e+02,1.577777777777777857e+01
3.431999999999999940e+00,1.337500000000000000e+02,1.633333333333333215e+01
3.431999999999999940e+00,1.342500000000000000e+02,1.666666666666666785e+01
3.431999999999999940e+00,1.347500000000000000e+02,1.900000000000000000e+01
3.431999999999999940e+00,1.352500000000000000e+02,1.766666666666666785e+01
3.431999999999999940e+00,1.357500000000000000e+02,1.677777777777777501e+01
3.431999999999999940e+00,1.362500000000000000e+02,1.455555555555555536e+01
3.431999999999999940e+00,1.367500000000000000e+02,1.555555555555555536e+01
3.431999999999999940e+00,1.372500000000000000e+02,1.700000000000000000e+01
3.431999999999999940e+00,1.377500000000000000e+02,1.844444444444444642e+01
3.431999999999999940e+00,1.382500000000000000e+02,1.822222222222222499e+01
3.431999999999999940e+00,1.387500000000000000e+02,1.988888888888888928e+01
3.431999999999999940e+00,1.392500000000000000e+02,2.044444444444444642e+01
3.431999999999999940e+00,1.397500000000000000e+02,2.022222222222222499e+01
3.431999999999999940e+00,1.402500000000000000e+02,1.888888888888888928e+01
3.431999999999999940e+00,1.407500000000000000e+02,1.988888888888888928e+01
3.431999999999999940e+00,1.412500000000000000e+02,1.966666666666666785e+01
3.431999999999999940e+00,1.417500000000000000e+02,2.100000000000000000e+01
3.431999999999999940e+00,1.422500000000000000e+02,1.877777777777777857e+01
3.431999999999999940e+00,1.427500000000000000e+02,2.100000000000000000e+01
3.431999999999999940e+00,1.432500000000000000e+02,2.066666666666666785e+01
3.431999999999999940e+00,1.437500000000000000e+02,2.177777777777777501e+01
3.431999999999999940e+00,1.442500000000000000e+02,2.066666666666666785e+01
3.431999999999999940e+00,1.447500000000000000e+02,2.000000000000000000e+01
3.431999999999999940e+00,1.452500000000000000e+02,2.155555555555555713e+01
3.431999999999999940e+00,1.457500000000000000e+02,2.255555555555555713e+01
3.431999999999999940e+00,1.462500000000000000e+02,2.255555555555555713e+01
3.431999999999999940e+00,1.467500000000000000e+02,2.088888888888888928e+01
3.431999999999999940e+00,1.472500000000000000e+02,2.155555555555555713e+01
3.431999999999999940e+00,1.477500000000000000e+02,2.155555555555555713e+01
3.431999999999999940e+00,1.482500000000000000e+02,2.388888888888888928e+01
3.431999999999999940e+00,1.487500000000000000e+02,2.422222222222222499e+01
3.431999999999999940e+00,1.492500000000000000e+02,2.644444444444444642e+01
3.431999999999999940e+00,1.497500000000000000e+02,2.522222222222222499e+01
3.431999999999999940e+00,1.502500000000000000e+02,2.666666666666666785e+01
3.431999999999999940e+00,1.507500000000000000e+02,2.633333333333333215e+01
3.431999999999999940e+00,1.512500000000000000e+02,2.666666666666666785e+01
3.431999999999999940e+00,1.517500000000000000e+02,2.666666666666666785e+01
3.431999999999999940e+00,1.522500000000000000e+02,2.600000000000000000e+01
3.431999999999999940e+00,1.527500000000000000e+02,2.566666666666666785e+01
3.431999999999999940e+00,1.532500000000000000e+02,2.377777777777777501e+01
3.431999999999999940e+00,1.537500000000000000e+02,2.455555555555555358e+01
3.431999999999999940e+00,1.542500000000000000e+02,2.577777777777777501e+01
3.431999999999999940e+00,1.547500000000000000e+02,2.622222222222221788e+01
3.431999999999999940e+00,1.552500000000000000e+02,2.622222222222221788e+01
3.431999999999999940e+00,1.557500000000000000e+02,2.666666666666666075e+01
3.431999999999999940e+00,1.562500000000000000e+02,2.788888888888888573e+01
3.431999999999999940e+00,1.567500000000000000e+02,2.955555555555555358e+01
3.431999999999999940e+00,1.572500000000000000e+02,2.833333333333332860e+01
3.431999999999999940e+00,1.577500000000000000e+02,2.722222222222221788e+01
3.431999999999999940e+00,1.582500000000000000e+02,2.444444444444444287e+01
3.431999999999999940e+00,1.587500000000000000e+02,2.655555555555555358e+01
3.431999999999999940e+00,1.592500000000000000e+02,2.722222222222221788e+01
3.431999999999999940e+00,1.597500000000000000e+02,2.788888888888888573e+01
3.431999999999999940e+00,1.602500000000000000e+02,2.566666666666666075e+01
3.431999999999999940e+00,1.607500000000000000e+02,2.633333333333332860e+01
3.431999999999999940e+00,1.612500000000000000e+02,2.599999999999999645e+01
3.431999999999999940e+00,1.617500000000000000e+02,2.566666666666666075e+01
3.431999999999999940e+00,1.622500000000000000e+02,2.333333333333332860e+01
3.431999999999999940e+00,1.627500000000000000e+02,2.433333333333332860e+01
3.431999999999999940e+00,1.632500000000000000e+02,2.466666666666666075e+01
3.431999999999999940e+00,1.637500000000000000e+02,2.477777777777777146e+01
3.431999999999999940e+00,1.642500000000000000e+02,2.422222222222221433e+01
3.431999999999999940e+00,1.647500000000000000e+02,2.422222222222221433e+01
3.431999999999999940e+00,1.652500000000000000e+02,2.744444444444443931e+01
3.431999999999999940e+00,1.657500000000000000e+02,2.822222222222221788e+01
3.431999999999999940e+00,1.662500000000000000e+02,2.755555555555555358e+01
3.431999999999999940e+00,1.667500000000000000e+02,2.411111111111111072e+01
3.431999999999999940e+00,1.672500000000000000e+02,2.266666666666666785e+01
3.431999999999999940e+00,1.677500000000000000e+02,2.277777777777777501e+01
3.431999999999999940e+00,1.682500000000000000e+02,2.366666666666666785e+01
3.431999999999999940e+00,1.687500000000000000e+02,2.277777777777778212e+01
3.431999999999999940e+00,1.692500000000000000e+02,2.222222222222222854e+01
3.431999999999999940e+00,1.697500000000000000e+02,2.066666666666667496e+01
3.431999999999999940e+00,1.702500000000000000e+02,2.088888888888889639e+01
3.431999999999999940e+00,1.707500000000000000e+02,2.044444444444444997e+01
3.431999999999999940e+00,1.712500000000000000e+02,1.988888888888889639e+01
3.431999999999999940e+00,1.717500000000000000e+02,1.744444444444445352e+01
3.431999999999999940e+00,1.722500000000000000e+02,1.700000000000001066e+01
3.431999999999999940e+00,1.727500000000000000e+02,1.577777777777778745e+01
3.431999999999999940e+00,1.732500000000000000e+02,1.544444444444445530e+01
3.431999999999999940e+00,1.737500000000000000e+02,1.244444444444445530e+01
3.431999999999999940e+00,1.742500000000000000e+02,1.088888888888889994e+01
3.431999999999999940e+00,1.747500000000000000e+02,1.000000000000001243e+01
3.431999999999999940e+00,1.752500000000000000e+02,9.777777777777791002e+00
3.431999999999999940e+00,1.757500000000000000e+02,9.444444444444457076e+00
3.431999999999999940e+00,1.762500000000000000e+02,8.777777777777791002e+00
3.431999999999999940e+00,1.767500000000000000e+02,7.888888888888900830e+00
3.431999999999999940e+00,1.772500000000000000e+02,6.222222222222234755e+00
3.431999999999999940e+00,1.777500000000000000e+02,4.666666666666678509e+00
3.431999999999999940e+00,1.782500000000000000e+02,4.333333333333345472e+00
3.431999999999999940e+00,1.787500000000000000e+02,3.888888888888900386e+00
3.431999999999999940e+00,1.792500000000000000e+02,2.777777777777789225e+00
3.431999999999999940e+00,1.797500000000000000e+02,1.333333333333344584e+00
3.447999999999999954e+00,1.302500000000000000e+02,1.411111111111111249e+01
3.447999999999999954e+00,1.307500000000000000e+02,1.411111111111111249e+01
3.447999999999999954e+00,1.312500000000000000e+02,1.322222222222222321e+01
3.447999999999999954e+00,1.317500000000000000e+02,1.322222222222222321e+01
3.447999999999999954e+00,1.322500000000000000e+02,1.511111111111111249e+01
3.447999999999999954e+00,1.327500000000000000e+02,1.788888888888888928e+01
3.447999999999999954e+00,1.332500000000000000e+02,1.855555555555555713e+01
3.447999999999999954e+00,1.337500000000000000e+02,1.800000000000000000e+01
3.447999999999999954e+00,1.342500000000000000e+02,1.644444444444444642e+01
3.447999999999999954e+00,1.347500000000000000e+02,1.566666666666666607e+01
3.447999999999999954e+00,1.352500000000000000e+02,1.466666666666666607e+01
3.447999999999999954e+00,1.357500000000000000e+02,1.444444444444444287e+01
3.447999999999999954e+00,1.362500000000000000e+02,1.366666666666666430e+01
3.447999999999999954e+00,1.367500000000000000e+02,1.355555555555555181e+01
3.447999999999999954e+00,1.372500000000000000e+02,1.488888888888888573e+01
3.447999999999999954e+00,1.377500000000000000e+02,1.699999999999999645e+01
3.447999999999999954e+00,1.382500000000000000e+02,1.788888888888888573e+01
3.447999999999999954e+00,1.387500000000000000e+02,1.877777777777777501e+01
3.447999999999999954e+00,1.392500000000000000e+02,1.766666666666666075e+01
3.447999999999999954e+00,1.397500000000000000e+02,1.822222222222221788e+01
3.447999999999999954e+00,1.402500000000000000e+02,1.722222222222221788e+01
3.447999999999999954e+00,1.407500000000000000e+02,1.799999999999999645e+01
3.447999999999999954e+00,1.412500000000000000e+02,1.699999999999999645e+01
3.447999999999999954e+00,1.417500000000000000e+02,1.755555555555555358e+01
3.447999999999999954e+00,1.422500000000000000e+02,1.799999999999999645e+01
3.447999999999999954e+00,1.427500000000000000e+02,2.033333333333333215e+01
3.447999999999999954e+00,1.432500000000000000e+02,2.011111111111111072e+01
3.447999999999999954e+00,1.437500000000000000e+02,2.077777777777777501e+01
3.447999999999999954e+00,1.442500000000000000e+02,1.888888888888888928e+01
3.447999999999999954e+00,1.447500000000000000e+02,1.977777777777777501e+01
3.447999999999999954e+00,1.452500000000000000e+02,2.055555555555555358e+01
3.447999999999999954e+00,1.457500000000000000e+02,2.255555555555555358e+01
3.447999999999999954e+00,1.462500000000000000e+02,2.188888888888888573e+01
3.447999999999999954e+00,1.467500000000000000e+02,2.111111111111111072e+01
3.447999999999999954e+00,1.472500000000000000e+02,2.177777777777777501e+01
3.447999999999999954e+00,1.477500000000000000e+02,2.266666666666666785e+01
3.447999999999999954e+00,1.482500000000000000e+02,2.377777777777777501e+01
3.447999999999999954e+00,1.487500000000000000e+02,2.288888888888888573e+01
3.447999999999999954e+00,1.492500000000000000e+02,2.455555555555555358e+01
3.447999999999999954e+00,1.497500000000000000e+02,2.444444444444444287e+01
3.447999999999999954e+00,1.502500000000000000e+02,2.700000000000000000e+01
3.447999999999999954e+00,1.507500000000000000e+02,2.711111111111111072e+01
3.447999999999999954e+00,1.512500000000000000e+02,2.600000000000000000e+01
3.447999999999999954e+00,1.517500000000000000e+02,2.533333333333333215e+01
3.447999999999999954e+00,1.522500000000000000e+02,2.466666666666666785e+01
3.447999999999999954e+00,1.527500000000000000e+02,2.500000000000000000e+01
3.447999999999999954e+00,1.532500000000000000e+02,2.366666666666666785e+01
3.447999999999999954e+00,1.537500000000000000e+02,2.400000000000000000e+01
3.447999999999999954e+00,1.542500000000000000e+02,2.500000000000000000e+01
3.447999999999999954e+00,1.547500000000000000e+02,2.466666666666666785e+01
3.447999999999999954e+00,1.552500000000000000e+02,2.500000000000000000e+01
3.447999999999999954e+00,1.557500000000000000e+02,2.500000000000000000e+01
3.447999999999999954e+00,1.562500000000000000e+02,2.711111111111111072e+01
3.447999999999999954e+00,1.567500000000000000e+02,2.733333333333333215e+01
3.447999999999999954e+00,1.572500000000000000e+02,2.588888888888888928e+01
3.447999999999999954e+00,1.577500000000000000e+02,2.411111111111111427e+01
3.447999999999999954e+00,1.582500000000000000e+02,2.277777777777778212e+01
3.447999999999999954e+00,1.587500000000000000e+02,2.500000000000000355e+01
3.447999999999999954e+00,1.592500000000000000e+02,2.522222222222222854e+01
3.447999999999999954e+00,1.597500000000000000e+02,2.522222222222222854e+01
3.447999999999999954e+00,1.602500000000000000e+02,2.233333333333333925e+01
3.447999999999999954e+00,1.607500000000000000e+02,2.333333333333333925e+01
3.447999999999999954e+00,1.612500000000000000e+02,2.277777777777778212e+01
3.447999999999999954e+00,1.617500000000000000e+02,2.500000000000000355e+01
3.447999999999999954e+00,1.622500000000000000e+02,2.233333333333333925e+01
3.447999999999999954e+00,1.627500000000000000e+02,2.444444444444444642e+01
3.447999999999999954e+00,1.632500000000000000e+02,2.377777777777778212e+01
3.447999999999999954e+00,1.637500000000000000e+02,2.455555555555556069e+01
3.447999999999999954e+00,1.642500000000000000e+02,2.233333333333334281e+01
3.447999999999999954e+00,1.647500000000000000e+02,2.188888888888889639e+01
3.447999999999999954e+00,1.652500000000000000e+02,2.522222222222222854e+01
3.447999999999999954e+00,1.657500000000000000e+02,2.622222222222222854e+01
3.447999999999999954e+00,1.662500000000000000e+02,2.477777777777778567e+01
3.447999999999999954e+00,1.667500000000000000e+02,2.011111111111111782e+01
3.447999999999999954e+00,1.672500000000000000e+02,2.000000000000000711e+01
3.447999999999999954e+00,1.677500000000000000e+02,2.155555555555556069e+01
3.447999999999999954e+00,1.682500000000000000e+02,2.455555555555556069e+01
3.447999999999999954e+00,1.687500000000000000e+02,2.266666666666667496e+01
3.447999999999999954e+00,1.692500000000000000e+02,2.100000000000001066e+01
3.447999999999999954e+00,1.697500000000000000e+02,1.811111111111111782e+01
3.447999999999999954e+00,1.702500000000000000e+02,1.733333333333333925e+01
3.447999999999999954e+00,1.707500000000000000e+02,1.700000000000000711e+01
3.447999999999999954e+00,1.712500000000000000e+02,1.700000000000000711e+01
3.447999999999999954e+00,1.717500000000000000e+02,1.600000000000000711e+01
3.447999999999999954e+00,1.722500000000000000e+02,1.577777777777778567e+01
3.447999999999999954e+00,1.727500000000000000e+02,1.500000000000000711e+01
3.447999999999999954e+00,1.732500000000000000e+02,1.411111111111111960e+01
3.447999999999999954e+00,1.737500000000000000e+02,1.166666666666667318e+01
3.447999999999999954e+00,1.742500000000000000e+02,9.888888888888896389e+00
3.447999999999999954e+00,1.747500000000000000e+02,8.444444444444451747e+00
3.447999999999999954e+00,1.752500000000000000e+02,8.111111111111119598e+00
3.447999999999999954e+00,1.757500000000000000e+02,7.444444444444452635e+00
3.447999999999999954e+00,1.762500000000000000e+02,7.333333333333341919e+00
3.447999999999999954e+00,1.767500000000000000e+02,6.888888888888897277e+00
3.447999999999999954e+00,1.772500000000000000e+02,6.000000000000007994e+00
3.447999999999999954e+00,1.777500000000000000e+02,5.000000000000007994e+00
3.447999999999999954e+00,1.782500000000000000e+02,3.888888888888897721e+00
3.447999999999999954e+00,1.787500000000000000e+02,2.555555555555564240e+00
3.447999999999999954e+00,1.792500000000000000e+02,1.555555555555564240e+00
3.447999999999999954e+00,1.797500000000000000e+02,5.555555555555642400e-01
3.463999999999999968e+00,1.302500000000000000e+02,1.388888888888889106e+01
3.463999999999999968e+00,1.307500000000000000e+02,1.455555555555555713e+01
3.463999999999999968e+00,1.312500000000000000e+02,1.533333333333333393e+01
3.463999999999999968e+00,1.317500000000000000e+02,1.477777777777777857e+01
3.463999999999999968e+00,1.322500000000000000e+02,1.644444444444444642e+01
3.463999999999999968e+00,1.327500000000000000e+02,1.700000000000000000e+01
3.463999999999999968e+00,1.332500000000000000e+02,1.877777777777777857e+01
3.463999999999999968e+00,1.337500000000000000e+02,1.722222222222222499e+01
3.463999999999999968e+00,1.342500000000000000e+02,1.655555555555555713e+01
3.463999999999999968e+00,1.347500000000000000e+02,1.488888888888889106e+01
3.463999999999999968e+00,1.352500000000000000e+02,1.388888888888889106e+01
3.463999999999999968e+00,1.357500000000000000e+02,1.277777777777777857e+01
3.463999999999999968e+00,1.362500000000000000e+02,1.300000000000000000e+01
3.463999999999999968e+00,1.367500000000000000e+02,1.255555555555555713e+01
3.463999999999999968e+00,1.372500000000000000e+02,1.522222222222222321e+01
3.463999999999999968e+00,1.377500000000000000e+02,1.644444444444444642e+01
3.463999999999999968e+00,1.382500000000000000e+02,1.733333333333333215e+01
3.463999999999999968e+00,1.387500000000000000e+02,1.544444444444444464e+01
3.463999999999999968e+00,1.392500000000000000e+02,1.522222222222222321e+01
3.463999999999999968e+00,1.397500000000000000e+02,1.711111111111111427e+01
3.463999999999999968e+00,1.402500000000000000e+02,1.811111111111111427e+01
3.463999999999999968e+00,1.407500000000000000e+02,1.800000000000000355e+01
3.463999999999999968e+00,1.412500000000000000e+02,1.688888888888889284e+01
3.463999999999999968e+00,1.417500000000000000e+02,1.744444444444444642e+01
3.463999999999999968e+00,1.422500000000000000e+02,1.877777777777778212e+01
3.463999999999999968e+00,1.427500000000000000e+02,2.011111111111111427e+01
3.463999999999999968e+00,1.432500000000000000e+02,1.977777777777778212e+01
3.463999999999999968e+00,1.437500000000000000e+02,1.933333333333333925e+01
3.463999999999999968e+00,1.442500000000000000e+02,1.866666666666667140e+01
3.463999999999999968e+00,1.447500000000000000e+02,1.922222222222222854e+01
3.463999999999999968e+00,1.452500000000000000e+02,2.077777777777778212e+01
3.463999999999999968e+00,1.457500000000000000e+02,2.222222222222222854e+01
3.463999999999999968e+00,1.462500000000000000e+02,2.088888888888889639e+01
3.463999999999999968e+00,1.467500000000000000e+02,2.044444444444445352e+01
3.463999999999999968e+00,1.472500000000000000e+02,2.066666666666667496e+01
3.463999999999999968e+00,1.477500000000000000e+02,2.277777777777778567e+01
3.463999999999999968e+00,1.482500000000000000e+02,2.311111111111111782e+01
3.463999999999999968e+00,1.487500000000000000e+02,2.200000000000001066e+01
3.463999999999999968e+00,1.492500000000000000e+02,2.344444444444445352e+01
3.463999999999999968e+00,1.497500000000000000e+02,2.344444444444445352e+01
3.463999999999999968e+00,1.502500000000000000e+02,2.400000000000001066e+01
3.463999999999999968e+00,1.507500000000000000e+02,2.344444444444445708e+01
3.463999999999999968e+00,1.512500000000000000e+02,2.166666666666668206e+01
3.463999999999999968e+00,1.517500000000000000e+02,2.288888888888890349e+01
3.463999999999999968e+00,1.522500000000000000e+02,2.255555555555557135e+01
3.463999999999999968e+00,1.527500000000000000e+02,2.366666666666668206e+01
3.463999999999999968e+00,1.532500000000000000e+02,2.333333333333334636e+01
3.463999999999999968e+00,1.537500000000000000e+02,2.311111111111112493e+01
3.463999999999999968e+00,1.542500000000000000e+02,2.333333333333334636e+01
3.463999999999999968e+00,1.547500000000000000e+02,2.211111111111112493e+01
3.463999999999999968e+00,1.552500000000000000e+02,2.355555555555556779e+01
3.463999999999999968e+00,1.557500000000000000e+02,2.366666666666667496e+01
3.463999999999999968e+00,1.562500000000000000e+02,2.522222222222222854e+01
3.463999999999999968e+00,1.567500000000000000e+02,2.466666666666667496e+01
3.463999999999999968e+00,1.572500000000000000e+02,2.322222222222223209e+01
3.463999999999999968e+00,1.577500000000000000e+02,2.366666666666667496e+01
3.463999999999999968e+00,1.582500000000000000e+02,2.266666666666667496e+01
3.463999999999999968e+00,1.587500000000000000e+02,2.344444444444445352e+01
3.463999999999999968e+00,1.592500000000000000e+02,2.255555555555556069e+01
3.463999999999999968e+00,1.597500000000000000e+02,2.211111111111111427e+01
3.463999999999999968e+00,1.602500000000000000e+02,2.055555555555555713e+01
3.463999999999999968e+00,1.607500000000000000e+02,2.133333333333333215e+01
3.463999999999999968e+00,1.612500000000000000e+02,2.044444444444444642e+01
3.463999999999999968e+00,1.617500000000000000e+02,2.344444444444444642e+01
3.463999999999999968e+00,1.622500000000000000e+02,2.188888888888889639e+01
3.463999999999999968e+00,1.627500000000000000e+02,2.466666666666667140e+01
3.463999999999999968e+00,1.632500000000000000e+02,2.344444444444444642e+01
3.463999999999999968e+00,1.637500000000000000e+02,2.288888888888888928e+01
3.463999999999999968e+00,1.642500000000000000e+02,2.066666666666666785e+01
3.463999999999999968e+00,1.647500000000000000e+02,1.977777777777777501e+01
3.463999999999999968e+00,1.652500000000000000e+02,2.144444444444444287e+01
3.463999999999999968e+00,1.657500000000000000e+02,2.188888888888888573e+01
3.463999999999999968e+00,1.662500000000000000e+02,2.077777777777777501e+01
3.463999999999999968e+00,1.667500000000000000e+02,1.777777777777777501e+01
3.463999999999999968e+00,1.672500000000000000e+02,1.788888888888888573e+01
3.463999999999999968e+00,1.677500000000000000e+02,1.955555555555555358e+01
3.463999999999999968e+00,1.682500000000000000e+02,2.188888888888888573e+01
3.463999999999999968e+00,1.687500000000000000e+02,1.955555555555555358e+01
3.463999999999999968e+00,1.692500000000000000e+02,1.711111111111110716e+01
3.463999999999999968e+00,1.697500000000000000e+02,1.466666666666666252e+01
3.463999999999999968e+00,1.702500000000000000e+02,1.399999999999999467e+01
3.463999999999999968e+00,1.707500000000000000e+02,1.388888888888888395e+01
3.463999999999999968e+00,1.712500000000000000e+02,1.388888888888888395e+01
3.463999999999999968e+00,1.717500000000000000e+02,1.233333333333332860e+01
3.463999999999999968e+00,1.722500000000000000e+02,1.366666666666666252e+01
3.463999999999999968e+00,1.727500000000000000e+02,1.322222222222221966e+01
3.463999999999999968e+00,1.732500000000000000e+02,1.299999999999999822e+01
3.463999999999999968e+00,1.737500000000000000e+02,1.044444444444444287e+01
3.463999999999999968e+00,1.742500000000000000e+02,9.222222222222219656e+00
3.463999999999999968e+00,1.747500000000000000e+02,8.444444444444442865e+00
3.463999999999999968e+00,1.752500000000000000e+02,7.999999999999997335e+00
3.463999999999999968e+00,1.757500000000000000e+02,6.888888888888886619e+00
3.463999999999999968e+00,1.762500000000000000e+02,6.555555555555553582e+00
3.463999999999999968e+00,1.767500000000000000e+02,5.444444444444442865e+00
3.463999999999999968e+00,1.772500000000000000e+02,4.555555555555554470e+00
3.463999999999999968e+00,1.777500000000000000e+02,4.333333333333332149e+00
3.463999999999999968e+00,1.782500000000000000e+02,3.666666666666665630e+00
3.463999999999999968e+00,1.787500000000000000e+02,2.999999999999998668e+00
3.463999999999999968e+00,1.792500000000000000e+02,1.777777777777776791e+00
3.463999999999999968e+00,1.797500000000000000e+02,8.888888888888879514e-01
3.479999999999999982e+00,1.302500000000000000e+02,1.344444444444444287e+01
3.479999999999999982e+00,1.307500000000000000e+02,1.411111111111110894e+01
3.479999999999999982e+00,1.312500000000000000e+02,1.577777777777777679e+01
3.479999999999999982e+00,1.317500000000000000e+02,1.633333333333333215e+01
3.479999999999999982e+00,1.322500000000000000e+02,1.722222222222222143e+01
3.479999999999999982e+00,1.327500000000000000e+02,1.744444444444444287e+01
3.479999999999999982e+00,1.332500000000000000e+02,1.777777777777777501e+01
3.479999999999999982e+00,1.337500000000000000e+02,1.700000000000000000e+01
3.479999999999999982e+00,1.342500000000000000e+02,1.611111111111111072e+01
3.479999999999999982e+00,1.347500000000000000e+02,1.488888888888889106e+01
3.479999999999999982e+00,1.352500000000000000e+02,1.466666666666666963e+01
3.479999999999999982e+00,1.357500000000000000e+02,1.511111111111111427e+01
3.479999999999999982e+00,1.362500000000000000e+02,1.511111111111111427e+01
3.479999999999999982e+00,1.367500000000000000e+02,1.411111111111111427e+01
3.479999999999999982e+00,1.372500000000000000e+02,1.388888888888889106e+01
3.479999999999999982e+00,1.377500000000000000e+02,1.388888888888889106e+01
3.479999999999999982e+00,1.382500000000000000e+02,1.577777777777777857e+01
3.479999999999999982e+00,1.387500000000000000e+02,1.455555555555555713e+01
3.479999999999999982e+00,1.392500000000000000e+02,1.500000000000000178e+01
3.479999999999999982e+00,1.397500000000000000e+02,1.533333333333333570e+01
3.479999999999999982e+00,1.402500000000000000e+02,1.622222222222222499e+01
3.479999999999999982e+00,1.407500000000000000e+02,1.733333333333333570e+01
3.479999999999999982e+00,1.412500000000000000e+02,1.655555555555555713e+01
3.479999999999999982e+00,1.417500000000000000e+02,1.688888888888888928e+01
3.479999999999999982e+00,1.422500000000000000e+02,1.733333333333333215e+01
3.479999999999999982e+00,1.427500000000000000e+02,1.800000000000000000e+01
3.479999999999999982e+00,1.432500000000000000e+02,1.822222222222222499e+01
3.479999999999999982e+00,1.437500000000000000e+02,1.877777777777778212e+01
3.479999999999999982e+00,1.442500000000000000e+02,1.955555555555555713e+01
3.479999999999999982e+00,1.447500000000000000e+02,1.988888888888888928e+01
3.479999999999999982e+00,1.452500000000000000e+02,2.077777777777777857e+01
3.479999999999999982e+00,1.457500000000000000e+02,2.155555555555555713e+01
3.479999999999999982e+00,1.462500000000000000e+02,2.088888888888888928e+01
3.479999999999999982e+00,1.467500000000000000e+02,1.911111111111111427e+01
3.479999999999999982e+00,1.472500000000000000e+02,1.888888888888889284e+01
3.479999999999999982e+00,1.477500000000000000e+02,2.133333333333333925e+01
3.479999999999999982e+00,1.482500000000000000e+02,2.133333333333333925e+01
3.479999999999999982e+00,1.487500000000000000e+02,2.011111111111111427e+01
3.479999999999999982e+00,1.492500000000000000e+02,2.144444444444444642e+01
3.479999999999999982e+00,1.497500000000000000e+02,2.355555555555555713e+01
3.479999999999999982e+00,1.502500000000000000e+02,2.422222222222222499e+01
3.479999999999999982e+00,1.507500000000000000e+02,2.277777777777778212e+01
3.479999999999999982e+00,1.512500000000000000e+02,1.911111111111111427e+01
3.479999999999999982e+00,1.517500000000000000e+02,2.044444444444444642e+01
3.479999999999999982e+00,1.522500000000000000e+02,2.100000000000000355e+01
3.479999999999999982e+00,1.527500000000000000e+02,2.322222222222222854e+01
3.479999999999999982e+00,1.532500000000000000e+02,2.311111111111111782e+01
3.479999999999999982e+00,1.537500000000000000e+02,2.300000000000001066e+01
3.479999999999999982e+00,1.542500000000000000e+02,2.300000000000001066e+01
3.479999999999999982e+00,1.547500000000000000e+02,2.166666666666667496e+01
3.479999999999999982e+00,1.552500000000000000e+02,2.100000000000001066e+01
3.479999999999999982e+00,1.557500000000000000e+02,2.077777777777778567e+01
3.479999999999999982e+00,1.562500000000000000e+02,2.155555555555556069e+01
3.479999999999999982e+00,1.567500000000000000e+02,2.055555555555556069e+01
3.479999999999999982e+00,1.572500000000000000e+02,2.000000000000000711e+01
3.479999999999999982e+00,1.577500000000000000e+02,2.022222222222222854e+01
3.479999999999999982e+00,1.582500000000000000e+02,2.022222222222222854e+01
3.479999999999999982e+00,1.587500000000000000e+02,1.966666666666667140e+01
3.479999999999999982e+00,1.592500000000000000e+02,1.877777777777778212e+01
3.479999999999999982e+00,1.597500000000000000e+02,1.844444444444444642e+01
3.479999999999999982e+00,1.602500000000000000e+02,1.944444444444444642e+01
3.479999999999999982e+00,1.607500000000000000e+02,2.055555555555555713e+01
3.479999999999999982e+00,1.612500000000000000e+02,2.144444444444444642e+01
3.479999999999999982e+00,1.617500000000000000e+02,2.288888888888888928e+01
3.479999999999999982e+00,1.622500000000000000e+02,2.211111111111111427e+01
3.479999999999999982e+00,1.627500000000000000e+02,2.244444444444444642e+01
3.479999999999999982e+00,1.632500000000000000e+02,2.144444444444444642e+01
3.479999999999999982e+00,1.637500000000000000e+02,2.066666666666667140e+01
3.479999999999999982e+00,1.642500000000000000e+02,1.988888888888889639e+01
3.479999999999999982e+00,1.647500000000000000e+02,1.866666666666667496e+01
3.479999999999999982e+00,1.652500000000000000e+02,1.933333333333333925e+01
3.479999999999999982e+00,1.657500000000000000e+02,1.933333333333333925e+01
3.479999999999999982e+00,1.662500000000000000e+02,1.911111111111111782e+01
3.479999999999999982e+00,1.667500000000000000e+02,1.733333333333333925e+01
3.479999999999999982e+00,1.672500000000000000e+02,1.700000000000000711e+01
3.479999999999999982e+00,1.677500000000000000e+02,1.722222222222222854e+01
3.479999999999999982e+00,1.682500000000000000e+02,1.866666666666667496e+01
3.479999999999999982e+00,1.687500000000000000e+02,1.711111111111111782e+01
3.479999999999999982e+00,1.692500000000000000e+02,1.566666666666667318e+01
3.479999999999999982e+00,1.697500000000000000e+02,1.244444444444445175e+01
3.479999999999999982e+00,1.702500000000000000e+02,1.133333333333334103e+01
3.479999999999999982e+00,1.707500000000000000e+02,1.122222222222222854e+01
3.479999999999999982e+00,1.712500000000000000e+02,1.222222222222222854e+01
3.479999999999999982e+00,1.717500000000000000e+02,1.122222222222222854e+01
3.479999999999999982e+00,1.722500000000000000e+02,1.200000000000000711e+01
3.479999999999999982e+00,1.727500000000000000e+02,1.200000000000000711e+01
3.479999999999999982e+00,1.732500000000000000e+02,1.200000000000000711e+01
3.479999999999999982e+00,1.737500000000000000e+02,9.555555555555562464e+00
3.479999999999999982e+00,1.742500000000000000e+02,8.111111111111116045e+00
3.479999999999999982e+00,1.747500000000000000e+02,7.666666666666671404e+00
3.479999999999999982e+00,1.752500000000000000e+02,7.222222222222227650e+00
3.479999999999999982e+00,1.757500000000000000e+02,6.666666666666671404e+00
3.479999999999999982e+00,1.762500000000000000e+02,5.888888888888893725e+00
3.479999999999999982e+00,1.767500000000000000e+02,5.111111111111116045e+00
3.479999999999999982e+00,1.772500000000000000e+02,3.777777777777782564e+00
3.479999999999999982e+00,1.777500000000000000e+02,3.888888888888894169e+00
3.479999999999999982e+00,1.782500000000000000e+02,2.777777777777783452e+00
3.479999999999999982e+00,1.787500000000000000e+02,2.444444444444449971e+00
3.479999999999999982e+00,1.792500000000000000e+02,1.000000000000005551e+00
3.479999999999999982e+00,1.797500000000000000e+02,6.666666666666722918e-01
3.495999999999999996e+00,1.302500000000000000e+02,1.433333333333333393e+01
3.495999999999999996e+00,1.307500000000000000e+02,1.500000000000000000e+01
3.495999999999999996e+00,1.312500000000000000e+02,1.600000000000000000e+01
3.495999999999999996e+00,1.317500000000000000e+02,1.600000000000000000e+01
3.495999999999999996e+00,1.322500000000000000e+02,1.577777777777777857e+01
3.495999999999999996e+00,1.327500000000000000e+02,1.566666666666666607e+01
3.495999999999999996e+00,1.332500000000000000e+02,1.544444444444444464e+01
3.495999999999999996e+00,1.337500000000000000e+02,1.533333333333333393e+01
3.495999999999999996e+00,1.342500000000000000e+02,1.622222222222222143e+01
3.495999999999999996e+00,1.347500000000000000e+02,1.633333333333333215e+01
3.495999999999999996e+00,1.352500000000000000e+02,1.611111111111111072e+01
3.495999999999999996e+00,1.357500000000000000e+02,1.544444444444444464e+01
3.495999999999999996e+00,1.362500000000000000e+02,1.511111111111111249e+01
3.495999999999999996e+00,1.367500000000000000e+02,1.477777777777777857e+01
3.495999999999999996e+00,1.372500000000000000e+02,1.488888888888889106e+01
3.495999999999999996e+00,1.377500000000000000e+02,1.466666666666666963e+01
3.495999999999999996e+00,1.382500000000000000e+02,1.488888888888889106e+01
3.495999999999999996e+00,1.387500000000000000e+02,1.322222222222222321e+01
3.495999999999999996e+00,1.392500000000000000e+02,1.388888888888889106e+01
3.495999999999999996e+00,1.397500000000000000e+02,1.411111111111111249e+01
3.495999999999999996e+00,1.402500000000000000e+02,1.477777777777777857e+01
3.495999999999999996e+00,1.407500000000000000e+02,1.500000000000000000e+01
3.495999999999999996e+00,1.412500000000000000e+02,1.511111111111111249e+01
3.495999999999999996e+00,1.417500000000000000e+02,1.655555555555555713e+01
3.495999999999999996e+00,1.422500000000000000e+02,1.644444444444444642e+01
3.495999999999999996e+00,1.427500000000000000e+02,1.677777777777778212e+01
3.495999999999999996e+00,1.432500000000000000e+02,1.611111111111111427e+01
3.495999999999999996e+00,1.437500000000000000e+02,1.722222222222222499e+01
3.495999999999999996e+00,1.442500000000000000e+02,1.911111111111111427e+01
3.495999999999999996e+00,1.447500000000000000e+02,1.844444444444444642e+01
3.495999999999999996e+00,1.452500000000000000e+02,2.000000000000000355e+01
3.495999999999999996e+00,1.457500000000000000e+02,2.044444444444444642e+01
3.495999999999999996e+00,1.462500000000000000e+02,2.055555555555556069e+01
3.495999999999999996e+00,1.467500000000000000e+02,1.800000000000000355e+01
3.495999999999999996e+00,1.472500000000000000e+02,1.666666666666667140e+01
3.495999999999999996e+00,1.477500000000000000e+02,1.855555555555556069e+01
3.495999999999999996e+00,1.482500000000000000e+02,1.911111111111111427e+01
3.495999999999999996e+00,1.487500000000000000e+02,2.066666666666667140e+01
3.495999999999999996e+00,1.492500000000000000e+02,2.133333333333333925e+01
3.495999999999999996e+00,1.497500000000000000e+02,2.288888888888889639e+01
3.495999999999999996e+00,1.502500000000000000e+02,2.166666666666667140e+01
3.495999999999999996e+00,1.507500000000000000e+02,2.188888888888889639e+01
3.495999999999999996e+00,1.512500000000000000e+02,1.911111111111111782e+01
3.495999999999999996e+00,1.517500000000000000e+02,1.988888888888889639e+01
3.495999999999999996e+00,1.522500000000000000e+02,1.944444444444444997e+01
3.495999999999999996e+00,1.527500000000000000e+02,2.155555555555556069e+01
3.495999999999999996e+00,1.532500000000000000e+02,2.133333333333334281e+01
3.495999999999999996e+00,1.537500000000000000e+02,2.188888888888889994e+01
3.495999999999999996e+00,1.542500000000000000e+02,2.222222222222223209e+01
3.495999999999999996e+00,1.547500000000000000e+02,2.144444444444445708e+01
3.495999999999999996e+00,1.552500000000000000e+02,1.988888888888889994e+01
3.495999999999999996e+00,1.557500000000000000e+02,1.922222222222223209e+01
3.495999999999999996e+00,1.562500000000000000e+02,1.844444444444445708e+01
3.495999999999999996e+00,1.567500000000000000e+02,1.844444444444445708e+01
3.495999999999999996e+00,1.572500000000000000e+02,1.811111111111112493e+01
3.495999999999999996e+00,1.577500000000000000e+02,2.033333333333334636e+01
3.495999999999999996e+00,1.582500000000000000e+02,2.033333333333334636e+01
3.495999999999999996e+00,1.587500000000000000e+02,1.966666666666668206e+01
3.495999999999999996e+00,1.592500000000000000e+02,1.833333333333334636e+01
3.495999999999999996e+00,1.597500000000000000e+02,1.833333333333334636e+01
3.495999999999999996e+00,1.602500000000000000e+02,2.000000000000001421e+01
3.495999999999999996e+00,1.607500000000000000e+02,2.088888888888890349e+01
3.495999999999999996e+00,1.612500000000000000e+02,2.133333333333334636e+01
3.495999999999999996e+00,1.617500000000000000e+02,2.100000000000001421e+01
3.495999999999999996e+00,1.622500000000000000e+02,2.088888888888890349e+01
3.495999999999999996e+00,1.627500000000000000e+02,2.011111111111112493e+01
3.495999999999999996e+00,1.632500000000000000e+02,2.011111111111112493e+01
3.495999999999999996e+00,1.637500000000000000e+02,1.777777777777779278e+01
3.495999999999999996e+00,1.642500000000000000e+02,1.722222222222223920e+01
3.495999999999999996e+00,1.647500000000000000e+02,1.688888888888890349e+01
3.495999999999999996e+00,1.652500000000000000e+02,1.700000000000001776e+01
3.495999999999999996e+00,1.657500000000000000e+02,1.588888888888890527e+01
3.495999999999999996e+00,1.662500000000000000e+02,1.533333333333334814e+01
3.495999999999999996e+00,1.667500000000000000e+02,1.633333333333334636e+01
3.495999999999999996e+00,1.672500000000000000e+02,1.722222222222223564e+01
3.495999999999999996e+00,1.677500000000000000e+02,1.588888888888890172e+01
3.495999999999999996e+00,1.682500000000000000e+02,1.533333333333334814e+01
3.495999999999999996e+00,1.687500000000000000e+02,1.511111111111112670e+01
3.495999999999999996e+00,1.692500000000000000e+02,1.566666666666668029e+01
3.495999999999999996e+00,1.697500000000000000e+02,1.300000000000001421e+01
3.495999999999999996e+00,1.702500000000000000e+02,1.166666666666668029e+01
3.495999999999999996e+00,1.707500000000000000e+02,1.077777777777779278e+01
3.495999999999999996e+00,1.712500000000000000e+02,1.177777777777779278e+01
3.495999999999999996e+00,1.717500000000000000e+02,1.033333333333334814e+01
3.495999999999999996e+00,1.722500000000000000e+02,1.177777777777779278e+01
3.495999999999999996e+00,1.727500000000000000e+02,1.166666666666668029e+01
3.495999999999999996e+00,1.732500000000000000e+02,1.211111111111112670e+01
3.495999999999999996e+00,1.737500000000000000e+02,9.000000000000014211e+00
3.495999999999999996e+00,1.742500000000000000e+02,8.000000000000014211e+00
3.495999999999999996e+00,1.747500000000000000e+02,7.666666666666681174e+00
3.495999999999999996e+00,1.752500000000000000e+02,7.222222222222236532e+00
3.495999999999999996e+00,1.757500000000000000e+02,7.000000000000014211e+00
3.495999999999999996e+00,1.762500000000000000e+02,6.222222222222236532e+00
3.495999999999999996e+00,1.767500000000000000e+02,5.444444444444459741e+00
3.495999999999999996e+00,1.772500000000000000e+02,3.777777777777792778e+00
3.495999999999999996e+00,1.777500000000000000e+02,3.666666666666682062e+00
3.495999999999999996e+00,1.782500000000000000e+02,2.888888888888904827e+00
3.495999999999999996e+00,1.787500000000000000e+02,2.666666666666682506e+00
3.495999999999999996e+00,1.792500000000000000e+02,1.222222222222238086e+00
3.495999999999999996e+00,1.797500000000000000e+02,8.888888888889047157e-01
3.512000000000000011e+00,1.302500000000000000e+02,1.666666666666666785e+01
3.512000000000000011e+00,1.307500000000000000e+02,1.566666666666666607e+01
3.512000000000000011e+00,1.312500000000000000e+02,1.433333333333333393e+01
3.512000000000000011e+00,1.317500000000000000e+02,1.422222222222222321e+01
3.512000000000000011e+00,1.322500000000000000e+02,1.455555555555555713e+01
3.512000000000000011e+00,1.327500000000000000e+02,1.555555555555555713e+01
3.512000000000000011e+00,1.332500000000000000e+02,1.400000000000000000e+01
3.512000000000000011e+00,1.337500000000000000e+02,1.411111111111111249e+01
3.512000000000000011e+00,1.342500000000000000e+02,1.477777777777777857e+01
3.512000000000000011e+00,1.347500000000000000e+02,1.544444444444444464e+01
3.512000000000000011e+00,1.352500000000000000e+02,1.666666666666666785e+01
3.512000000000000011e+00,1.357500000000000000e+02,1.655555555555555713e+01
3.512000000000000011e+00,1.362500000000000000e+02,1.644444444444444642e+01
3.512000000000000011e+00,1.367500000000000000e+02,1.500000000000000000e+01
3.512000000000000011e+00,1.372500000000000000e+02,1.455555555555555536e+01
3.512000000000000011e+00,1.377500000000000000e+02,1.344444444444444287e+01
3.512000000000000011e+00,1.382500000000000000e+02,1.388888888888888751e+01
3.512000000000000011e+00,1.387500000000000000e+02,1.344444444444444287e+01
3.512000000000000011e+00,1.392500000000000000e+02,1.455555555555555181e+01
3.512000000000000011e+00,1.397500000000000000e+02,1.388888888888888573e+01
3.512000000000000011e+00,1.402500000000000000e+02,1.477777777777777679e+01
3.512000000000000011e+00,1.407500000000000000e+02,1.599999999999999822e+01
3.512000000000000011e+00,1.412500000000000000e+02,1.655555555555555358e+01
3.512000000000000011e+00,1.417500000000000000e+02,1.644444444444443931e+01
3.512000000000000011e+00,1.422500000000000000e+02,1.499999999999999467e+01
3.512000000000000011e+00,1.427500000000000000e+02,1.477777777777777324e+01
3.512000000000000011e+00,1.432500000000000000e+02,1.366666666666666252e+01
3.512000000000000011e+00,1.437500000000000000e+02,1.511111111111110539e+01
3.512000000000000011e+00,1.442500000000000000e+02,1.655555555555554648e+01
3.512000000000000011e+00,1.447500000000000000e+02,1.699999999999999289e+01
3.512000000000000011e+00,1.452500000000000000e+02,1.722222222222221433e+01
3.512000000000000011e+00,1.457500000000000000e+02,1.755555555555554648e+01
3.512000000000000011e+00,1.462500000000000000e+02,1.844444444444443576e+01
3.512000000000000011e+00,1.467500000000000000e+02,1.711111111111110361e+01
3.512000000000000011e+00,1.472500000000000000e+02,1.711111111111110361e+01
3.512000000000000011e+00,1.477500000000000000e+02,1.799999999999998934e+01
3.512000000000000011e+00,1.482500000000000000e+02,1.822222222222221077e+01
3.512000000000000011e+00,1.487500000000000000e+02,1.922222222222221077e+01
3.512000000000000011e+00,1.492500000000000000e+02,1.844444444444443221e+01
3.512000000000000011e+00,1.497500000000000000e+02,1.966666666666665364e+01
3.512000000000000011e+00,1.502500000000000000e+02,1.966666666666665364e+01
3.512000000000000011e+00,1.507500000000000000e+02,2.122222222222221077e+01
3.512000000000000011e+00,1.512500000000000000e+02,1.922222222222221077e+01
3.512000000000000011e+00,1.517500000000000000e+02,1.899999999999998934e+01
3.512000000000000011e+00,1.522500000000000000e+02,1.888888888888887507e+01
3.512000000000000011e+00,1.527500000000000000e+02,2.033333333333332149e+01
3.512000000000000011e+00,1.532500000000000000e+02,1.922222222222221077e+01
3.512000000000000011e+00,1.537500000000000000e+02,1.988888888888887507e+01
3.512000000000000011e+00,1.542500000000000000e+02,2.077777777777776436e+01
3.512000000000000011e+00,1.547500000000000000e+02,2.122222222222221077e+01
3.512000000000000011e+00,1.552500000000000000e+02,1.922222222222221077e+01
3.512000000000000011e+00,1.557500000000000000e+02,1.799999999999998934e+01
3.512000000000000011e+00,1.562500000000000000e+02,1.777777777777776791e+01
3.512000000000000011e+00,1.567500000000000000e+02,1.866666666666665364e+01
3.512000000000000011e+00,1.572500000000000000e+02,1.977777777777776791e+01
3.512000000000000011e+00,1.577500000000000000e+02,2.088888888888887507e+01
3.512000000000000011e+00,1.582500000000000000e+02,2.055555555555554292e+01
3.512000000000000011e+00,1.587500000000000000e+02,1.999999999999998579e+01
3.512000000000000011e+00,1.592500000000000000e+02,1.833333333333331794e+01
3.512000000000000011e+00,1.597500000000000000e+02,1.899999999999998579e+01
3.512000000000000011e+00,1.602500000000000000e+02,1.922222222222221077e+01
3.512000000000000011e+00,1.607500000000000000e+02,1.988888888888887507e+01
3.512000000000000011e+00,1.612500000000000000e+02,1.922222222222221077e+01
3.512000000000000011e+00,1.617500000000000000e+02,1.866666666666665364e+01
3.512000000000000011e+00,1.622500000000000000e+02,1.788888888888887507e+01
3.512000000000000011e+00,1.627500000000000000e+02,1.744444444444443221e+01
3.512000000000000011e+00,1.632500000000000000e+02,1.744444444444443221e+01
3.512000000000000011e+00,1.637500000000000000e+02,1.588888888888887863e+01
3.512000000000000011e+00,1.642500000000000000e+02,1.488888888888887863e+01
3.512000000000000011e+00,1.647500000000000000e+02,1.466666666666665719e+01
3.512000000000000011e+00,1.652500000000000000e+02,1.633333333333332504e+01
3.512000000000000011e+00,1.657500000000000000e+02,1.522222222222221255e+01
3.512000000000000011e+00,1.662500000000000000e+02,1.555555555555554470e+01
3.512000000000000011e+00,1.667500000000000000e+02,1.544444444444443398e+01
3.512000000000000011e+00,1.672500000000000000e+02,1.699999999999998934e+01
3.512000000000000011e+00,1.677500000000000000e+02,1.477777777777776613e+01
3.512000000000000011e+00,1.682500000000000000e+02,1.422222222222221255e+01
3.512000000000000011e+00,1.687500000000000000e+02,1.366666666666665719e+01
3.512000000000000011e+00,1.692500000000000000e+02,1.477777777777776969e+01
3.512000000000000011e+00,1.697500000000000000e+02,1.188888888888888040e+01
3.512000000000000011e+00,1.702500000000000000e+02,1.044444444444443754e+01
3.512000000000000011e+00,1.707500000000000000e+02,9.333333333333326820e+00
3.512000000000000011e+00,1.712500000000000000e+02,1.088888888888888040e+01
3.512000000000000011e+00,1.717500000000000000e+02,9.999999999999991118e+00
3.512000000000000011e+00,1.722500000000000000e+02,1.055555555555554825e+01
3.512000000000000011e+00,1.727500000000000000e+02,1.011111111111110183e+01
3.512000000000000011e+00,1.732500000000000000e+02,1.011111111111110183e+01
3.512000000000000011e+00,1.737500000000000000e+02,7.666666666666658081e+00
3.512000000000000011e+00,1.742500000000000000e+02,6.666666666666658081e+00
3.512000000000000011e+00,1.747500000000000000e+02,6.333333333333325044e+00
3.512000000000000011e+00,1.752500000000000000e+02,6.777777777777768797e+00
3.512000000000000011e+00,1.757500000000000000e+02,6.444444444444435760e+00
3.512000000000000011e+00,1.762500000000000000e+02,5.777777777777768797e+00
3.512000000000000011e+00,1.767500000000000000e+02,4.333333333333324155e+00
3.512000000000000011e+00,1.772500000000000000e+02,2.999999999999991118e+00
3.512000000000000011e+00,1.777500000000000000e+02,2.777777777777769241e+00
3.512000000000000011e+00,1.782500000000000000e+02,2.444444444444435760e+00
3.512000000000000011e+00,1.787500000000000000e+02,1.999999999999991118e+00
3.512000000000000011e+00,1.792500000000000000e+02,7.777777777777689083e-01
3.512000000000000011e+00,1.797500000000000000e+02,4.444444444444355935e-01
3.528000000000000025e+00,1.302500000000000000e+02,1.822222222222222499e+01
3.528000000000000025e+00,1.307500000000000000e+02,1.666666666666666785e+01
3.528000000000000025e+00,1.312500000000000000e+02,1.411111111111110894e+01
3.528000000000000025e+00,1.317500000000000000e+02,1.422222222222222143e+01
3.528000000000000025e+00,1.322500000000000000e+02,1.411111111111110894e+01
3.528000000000000025e+00,1.327500000000000000e+02,1.477777777777777679e+01
3.528000000000000025e+00,1.332500000000000000e+02,1.366666666666666430e+01
3.528000000000000025e+00,1.337500000000000000e+02,1.433333333333333037e+01
3.528000000000000025e+00,1.342500000000000000e+02,1.577777777777777679e+01
3.528000000000000025e+00,1.347500000000000000e+02,1.644444444444444287e+01
3.528000000000000025e+00,1.352500000000000000e+02,1.766666666666666430e+01
3.528000000000000025e+00,1.357500000000000000e+02,1.733333333333333215e+01
3.528000000000000025e+00,1.362500000000000000e+02,1.699999999999999645e+01
3.528000000000000025e+00,1.367500000000000000e+02,1.488888888888888573e+01
3.528000000000000025e+00,1.372500000000000000e+02,1.588888888888888573e+01
3.528000000000000025e+00,1.377500000000000000e+02,1.499999999999999467e+01
3.528000000000000025e+00,1.382500000000000000e+02,1.499999999999999467e+01
3.528000000000000025e+00,1.387500000000000000e+02,1.411111111111110716e+01
3.528000000000000025e+00,1.392500000000000000e+02,1.555555555555555181e+01
3.528000000000000025e+00,1.397500000000000000e+02,1.611111111111110716e+01
3.528000000000000025e+00,1.402500000000000000e+02,1.622222222222221788e+01
3.528000000000000025e+00,1.407500000000000000e+02,1.533333333333333037e+01
3.528000000000000025e+00,1.412500000000000000e+02,1.488888888888888573e+01
3.528000000000000025e+00,1.417500000000000000e+02,1.533333333333332860e+01
3.528000000000000025e+00,1.422500000000000000e+02,1.488888888888888395e+01
3.528000000000000025e+00,1.427500000000000000e+02,1.588888888888888395e+01
3.528000000000000025e+00,1.432500000000000000e+02,1.422222222222221610e+01
3.528000000000000025e+00,1.437500000000000000e+02,1.477777777777777146e+01
3.528000000000000025e+00,1.442500000000000000e+02,1.511111111111110539e+01
3.528000000000000025e+00,1.447500000000000000e+02,1.588888888888888040e+01
3.528000000000000025e+00,1.452500000000000000e+02,1.777777777777776791e+01
3.528000000000000025e+00,1.457500000000000000e+02,1.822222222222221433e+01
3.528000000000000025e+00,1.462500000000000000e+02,1.844444444444443576e+01
3.528000000000000025e+00,1.467500000000000000e+02,1.755555555555554648e+01
3.528000000000000025e+00,1.472500000000000000e+02,1.722222222222221433e+01
3.528000000000000025e+00,1.477500000000000000e+02,1.699999999999999289e+01
3.528000000000000025e+00,1.482500000000000000e+02,1.677777777777777146e+01
3.528000000000000025e+00,1.487500000000000000e+02,1.755555555555554648e+01
3.528000000000000025e+00,1.492500000000000000e+02,1.677777777777777146e+01
3.528000000000000025e+00,1.497500000000000000e+02,1.722222222222221433e+01
3.528000000000000025e+00,1.502500000000000000e+02,1.799999999999998934e+01
3.528000000000000025e+00,1.507500000000000000e+02,2.133333333333332504e+01
3.528000000000000025e+00,1.512500000000000000e+02,2.022222222222221433e+01
3.528000000000000025e+00,1.517500000000000000e+02,2.022222222222221433e+01
3.528000000000000025e+00,1.522500000000000000e+02,1.866666666666666075e+01
3.528000000000000025e+00,1.527500000000000000e+02,2.011111111111110361e+01
3.528000000000000025e+00,1.532500000000000000e+02,1.933333333333332860e+01
3.528000000000000025e+00,1.537500000000000000e+02,1.977777777777777146e+01
3.528000000000000025e+00,1.542500000000000000e+02,1.944444444444443931e+01
3.528000000000000025e+00,1.547500000000000000e+02,1.933333333333332860e+01
3.528000000000000025e+00,1.552500000000000000e+02,1.855555555555555358e+01
3.528000000000000025e+00,1.557500000000000000e+02,1.866666666666666430e+01
3.528000000000000025e+00,1.562500000000000000e+02,1.788888888888888573e+01
3.528000000000000025e+00,1.567500000000000000e+02,1.922222222222221788e+01
3.528000000000000025e+00,1.572500000000000000e+02,1.899999999999999645e+01
3.528000000000000025e+00,1.577500000000000000e+02,1.944444444444443931e+01
3.528000000000000025e+00,1.582500000000000000e+02,1.822222222222221788e+01
3.528000000000000025e+00,1.587500000000000000e+02,1.788888888888888573e+01
3.528000000000000025e+00,1.592500000000000000e+02,1.811111111111110716e+01
3.528000000000000025e+00,1.597500000000000000e+02,1.877777777777777501e+01
3.528000000000000025e+00,1.602500000000000000e+02,1.888888888888888573e+01
3.528000000000000025e+00,1.607500000000000000e+02,1.777777777777777501e+01
3.528000000000000025e+00,1.612500000000000000e+02,1.766666666666666785e+01
3.528000000000000025e+00,1.617500000000000000e+02,1.711111111111111072e+01
3.528000000000000025e+00,1.622500000000000000e+02,1.644444444444444642e+01
3.528000000000000025e+00,1.627500000000000000e+02,1.544444444444444464e+01
3.528000000000000025e+00,1.632500000000000000e+02,1.533333333333333393e+01
3.528000000000000025e+00,1.637500000000000000e+02,1.466666666666666607e+01
3.528000000000000025e+00,1.642500000000000000e+02,1.288888888888888751e+01
3.528000000000000025e+00,1.647500000000000000e+02,1.300000000000000000e+01
3.528000000000000025e+00,1.652500000000000000e+02,1.411111111111111249e+01
3.528000000000000025e+00,1.657500000000000000e+02,1.322222222222222321e+01
3.528000000000000025e+00,1.662500000000000000e+02,1.277777777777778034e+01
3.528000000000000025e+00,1.667500000000000000e+02,1.411111111111111427e+01
3.528000000000000025e+00,1.672500000000000000e+02,1.655555555555556069e+01
3.528000000000000025e+00,1.677500000000000000e+02,1.533333333333333748e+01
3.528000000000000025e+00,1.682500000000000000e+02,1.300000000000000533e+01
3.528000000000000025e+00,1.687500000000000000e+02,1.122222222222222676e+01
3.528000000000000025e+00,1.692500000000000000e+02,1.166666666666667140e+01
3.528000000000000025e+00,1.697500000000000000e+02,1.088888888888889284e+01
3.528000000000000025e+00,1.702500000000000000e+02,1.066666666666667140e+01
3.528000000000000025e+00,1.707500000000000000e+02,9.777777777777783896e+00
3.528000000000000025e+00,1.712500000000000000e+02,9.777777777777783896e+00
3.528000000000000025e+00,1.717500000000000000e+02,8.888888888888894613e+00
3.528000000000000025e+00,1.722500000000000000e+02,9.888888888888894613e+00
3.528000000000000025e+00,1.727500000000000000e+02,1.011111111111111605e+01
3.528000000000000025e+00,1.732500000000000000e+02,9.777777777777783896e+00
3.528000000000000025e+00,1.737500000000000000e+02,7.777777777777783008e+00
3.528000000000000025e+00,1.742500000000000000e+02,6.666666666666672292e+00
3.528000000000000025e+00,1.747500000000000000e+02,6.666666666666672292e+00
3.528000000000000025e+00,1.752500000000000000e+02,6.888888888888895501e+00
3.528000000000000025e+00,1.757500000000000000e+02,6.333333333333340143e+00
3.528000000000000025e+00,1.762500000000000000e+02,5.777777777777785673e+00
3.528000000000000025e+00,1.767500000000000000e+02,4.222222222222230315e+00
3.528000000000000025e+00,1.772500000000000000e+02,3.222222222222230315e+00
3.528000000000000025e+00,1.777500000000000000e+02,2.555555555555563796e+00
3.528000000000000025e+00,1.782500000000000000e+02,2.333333333333341475e+00
3.528000000000000025e+00,1.787500000000000000e+02,1.666666666666674734e+00
3.528000000000000025e+00,1.792500000000000000e+02,8.888888888888969442e-01
3.528000000000000025e+00,1.797500000000000000e+02,4.444444444444524689e-01
3.544000000000000039e+00,1.302500000000000000e+02,1.811111111111111072e+01
3.544000000000000039e+00,1.307500000000000000e+02,1.688888888888888928e+01
3.544000000000000039e+00,1.312500000000000000e+02,1.533333333333333393e+01
3.544000000000000039e+00,1.317500000000000000e+02,1.477777777777777679e+01
3.544000000000000039e+00,1.322500000000000000e+02,1.511111111111110894e+01
3.544000000000000039e+00,1.327500000000000000e+02,1.444444444444444287e+01
3.544000000000000039e+00,1.332500000000000000e+02,1.400000000000000000e+01
3.544000000000000039e+00,1.337500000000000000e+02,1.466666666666666607e+01
3.544000000000000039e+00,1.342500000000000000e+02,1.566666666666666607e+01
3.544000000000000039e+00,1.347500000000000000e+02,1.500000000000000000e+01
3.544000000000000039e+00,1.352500000000000000e+02,1.577777777777777679e+01
3.544000000000000039e+00,1.357500000000000000e+02,1.611111111111111072e+01
3.544000000000000039e+00,1.362500000000000000e+02,1.677777777777777501e+01
3.544000000000000039e+00,1.367500000000000000e+02,1.366666666666666430e+01
3.544000000000000039e+00,1.372500000000000000e+02,1.444444444444444287e+01
3.544000000000000039e+00,1.377500000000000000e+02,1.299999999999999822e+01
3.544000000000000039e+00,1.382500000000000000e+02,1.499999999999999822e+01
3.544000000000000039e+00,1.387500000000000000e+02,1.466666666666666430e+01
3.544000000000000039e+00,1.392500000000000000e+02,1.644444444444444287e+01
3.544000000000000039e+00,1.397500000000000000e+02,1.688888888888888928e+01
3.544000000000000039e+00,1.402500000000000000e+02,1.711111111111111072e+01
3.544000000000000039e+00,1.407500000000000000e+02,1.688888888888888573e+01
3.544000000000000039e+00,1.412500000000000000e+02,1.588888888888888573e+01
3.544000000000000039e+00,1.417500000000000000e+02,1.555555555555555181e+01
3.544000000000000039e+00,1.422500000000000000e+02,1.455555555555555181e+01
3.544000000000000039e+00,1.427500000000000000e+02,1.544444444444444287e+01
3.544000000000000039e+00,1.432500000000000000e+02,1.444444444444444287e+01
3.544000000000000039e+00,1.437500000000000000e+02,1.499999999999999822e+01
3.544000000000000039e+00,1.442500000000000000e+02,1.477777777777777679e+01
3.544000000000000039e+00,1.447500000000000000e+02,1.544444444444444287e+01
3.544000000000000039e+00,1.452500000000000000e+02,1.733333333333333215e+01
3.544000000000000039e+00,1.457500000000000000e+02,1.711111111111111072e+01
3.544000000000000039e+00,1.462500000000000000e+02,1.777777777777777501e+01
3.544000000000000039e+00,1.467500000000000000e+02,1.600000000000000000e+01
3.544000000000000039e+00,1.472500000000000000e+02,1.644444444444444642e+01
3.544000000000000039e+00,1.477500000000000000e+02,1.577777777777777857e+01
3.544000000000000039e+00,1.482500000000000000e+02,1.555555555555555713e+01
3.544000000000000039e+00,1.487500000000000000e+02,1.466666666666666607e+01
3.544000000000000039e+00,1.492500000000000000e+02,1.466666666666666607e+01
3.544000000000000039e+00,1.497500000000000000e+02,1.544444444444444464e+01
3.544000000000000039e+00,1.502500000000000000e+02,1.700000000000000000e+01
3.544000000000000039e+00,1.507500000000000000e+02,1.966666666666666785e+01
3.544000000000000039e+00,1.512500000000000000e+02,1.822222222222222143e+01
3.544000000000000039e+00,1.517500000000000000e+02,1.822222222222222143e+01
3.544000000000000039e+00,1.522500000000000000e+02,1.500000000000000000e+01
3.544000000000000039e+00,1.527500000000000000e+02,1.577777777777777679e+01
3.544000000000000039e+00,1.532500000000000000e+02,1.544444444444444287e+01
3.544000000000000039e+00,1.537500000000000000e+02,1.633333333333333215e+01
3.544000000000000039e+00,1.542500000000000000e+02,1.633333333333333215e+01
3.544000000000000039e+00,1.547500000000000000e+02,1.644444444444444287e+01
3.544000000000000039e+00,1.552500000000000000e+02,1.688888888888888928e+01
3.544000000000000039e+00,1.557500000000000000e+02,1.788888888888888928e+01
3.544000000000000039e+00,1.562500000000000000e+02,1.900000000000000000e+01
3.544000000000000039e+00,1.567500000000000000e+02,1.988888888888888928e+01
3.544000000000000039e+00,1.572500000000000000e+02,1.966666666666666785e+01
3.544000000000000039e+00,1.577500000000000000e+02,1.766666666666666785e+01
3.544000000000000039e+00,1.582500000000000000e+02,1.555555555555555536e+01
3.544000000000000039e+00,1.587500000000000000e+02,1.511111111111110894e+01
3.544000000000000039e+00,1.592500000000000000e+02,1.566666666666666430e+01
3.544000000000000039e+00,1.597500000000000000e+02,1.733333333333333215e+01
3.544000000000000039e+00,1.602500000000000000e+02,1.655555555555555358e+01
3.544000000000000039e+00,1.607500000000000000e+02,1.499999999999999822e+01
3.544000000000000039e+00,1.612500000000000000e+02,1.477777777777777679e+01
3.544000000000000039e+00,1.617500000000000000e+02,1.444444444444444287e+01
3.544000000000000039e+00,1.622500000000000000e+02,1.488888888888888573e+01
3.544000000000000039e+00,1.627500000000000000e+02,1.388888888888888573e+01
3.544000000000000039e+00,1.632500000000000000e+02,1.355555555555555181e+01
3.544000000000000039e+00,1.637500000000000000e+02,1.333333333333333037e+01
3.544000000000000039e+00,1.642500000000000000e+02,1.366666666666666430e+01
3.544000000000000039e+00,1.647500000000000000e+02,1.488888888888888573e+01
3.544000000000000039e+00,1.652500000000000000e+02,1.555555555555555181e+01
3.544000000000000039e+00,1.657500000000000000e+02,1.344444444444444287e+01
3.544000000000000039e+00,1.662500000000000000e+02,1.222222222222222143e+01
3.544000000000000039e+00,1.667500000000000000e+02,1.255555555555555536e+01
3.544000000000000039e+00,1.672500000000000000e+02,1.422222222222222143e+01
3.544000000000000039e+00,1.677500000000000000e+02,1.433333333333333393e+01
3.544000000000000039e+00,1.682500000000000000e+02,1.266666666666666607e+01
3.544000000000000039e+00,1.687500000000000000e+02,1.022222222222222143e+01
3.544000000000000039e+00,1.692500000000000000e+02,8.888888888888887507e+00
3.544000000000000039e+00,1.697500000000000000e+02,8.666666666666666075e+00
3.544000000000000039e+00,1.702500000000000000e+02,9.333333333333333925e+00
3.544000000000000039e+00,1.707500000000000000e+02,9.888888888888889284e+00
3.544000000000000039e+00,1.712500000000000000e+02,1.000000000000000000e+01
3.544000000000000039e+00,1.717500000000000000e+02,9.555555555555555358e+00
3.544000000000000039e+00,1.722500000000000000e+02,9.333333333333333925e+00
3.544000000000000039e+00,1.727500000000000000e+02,8.888888888888889284e+00
3.544000000000000039e+00,1.732500000000000000e+02,7.888888888888889284e+00
3.544000000000000039e+00,1.737500000000000000e+02,6.333333333333333037e+00
3.544000000000000039e+00,1.742500000000000000e+02,5.222222222222222321e+00
3.544000000000000039e+00,1.747500000000000000e+02,5.111111111111110716e+00
3.544000000000000039e+00,1.752500000000000000e+02,5.888888888888888395e+00
3.544000000000000039e+00,1.757500000000000000e+02,5.111111111111109828e+00
3.544000000000000039e+00,1.762500000000000000e+02,4.888888888888888395e+00
3.544000000000000039e+00,1.767500000000000000e+02,2.999999999999999556e+00
3.544000000000000039e+00,1.772500000000000000e+02,2.444444444444444198e+00
3.544000000000000039e+00,1.777500000000000000e+02,1.777777777777777457e+00
3.544000000000000039e+00,1.782500000000000000e+02,1.888888888888888395e+00
3.544000000000000039e+00,1.787500000000000000e+02,1.444444444444443976e+00
3.544000000000000039e+00,1.792500000000000000e+02,8.888888888888883955e-01
3.544000000000000039e+00,1.797500000000000000e+02,2.222222222222217380e-01
3.559999999999999609e+00,1.302500000000000000e+02,1.611111111111111072e+01
3.559999999999999609e+00,1.307500000000000000e+02,1.622222222222222143e+01
3.559999999999999609e+00,1.312500000000000000e+02,1.511111111111110894e+01
3.559999999999999609e+00,1.317500000000000000e+02,1.522222222222222143e+01
3.559999999999999609e+00,1.322500000000000000e+02,1.433333333333333393e+01
3.559999999999999609e+00,1.327500000000000000e+02,1.444444444444444464e+01
3.559999999999999609e+00,1.332500000000000000e+02,1.500000000000000000e+01
3.559999999999999609e+00,1.337500000000000000e+02,1.566666666666666607e+01
3.559999999999999609e+00,1.342500000000000000e+02,1.588888888888888751e+01
3.559999999999999609e+00,1.347500000000000000e+02,1.533333333333333393e+01
3.559999999999999609e+00,1.352500000000000000e+02,1.566666666666666607e+01
3.559999999999999609e+00,1.357500000000000000e+02,1.611111111111111072e+01
3.559999999999999609e+00,1.362500000000000000e+02,1.644444444444444642e+01
3.559999999999999609e+00,1.367500000000000000e+02,1.444444444444444464e+01
3.559999999999999609e+00,1.372500000000000000e+02,1.444444444444444464e+01
3.559999999999999609e+00,1.377500000000000000e+02,1.322222222222222321e+01
3.559999999999999609e+00,1.382500000000000000e+02,1.500000000000000000e+01
3.559999999999999609e+00,1.387500000000000000e+02,1.466666666666666607e+01
3.559999999999999609e+00,1.392500000000000000e+02,1.655555555555555358e+01
3.559999999999999609e+00,1.397500000000000000e+02,1.655555555555555358e+01
3.559999999999999609e+00,1.402500000000000000e+02,1.622222222222222143e+01
3.559999999999999609e+00,1.407500000000000000e+02,1.388888888888888751e+01
3.559999999999999609e+00,1.412500000000000000e+02,1.322222222222222143e+01
3.559999999999999609e+00,1.417500000000000000e+02,1.477777777777777679e+01
3.559999999999999609e+00,1.422500000000000000e+02,1.566666666666666430e+01
3.559999999999999609e+00,1.427500000000000000e+02,1.688888888888888573e+01
3.559999999999999609e+00,1.432500000000000000e+02,1.611111111111110716e+01
3.559999999999999609e+00,1.437500000000000000e+02,1.555555555555555181e+01
3.559999999999999609e+00,1.442500000000000000e+02,1.511111111111110894e+01
3.559999999999999609e+00,1.447500000000000000e+02,1.444444444444444287e+01
3.559999999999999609e+00,1.452500000000000000e+02,1.688888888888888573e+01
3.559999999999999609e+00,1.457500000000000000e+02,1.644444444444443931e+01
3.559999999999999609e+00,1.462500000000000000e+02,1.688888888888888573e+01
3.559999999999999609e+00,1.467500000000000000e+02,1.588888888888888573e+01
3.559999999999999609e+00,1.472500000000000000e+02,1.611111111111110716e+01
3.559999999999999609e+00,1.477500000000000000e+02,1.533333333333332860e+01
3.559999999999999609e+00,1.482500000000000000e+02,1.488888888888888573e+01
3.559999999999999609e+00,1.487500000000000000e+02,1.388888888888888573e+01
3.559999999999999609e+00,1.492500000000000000e+02,1.611111111111110716e+01
3.559999999999999609e+00,1.497500000000000000e+02,1.711111111111110716e+01
3.559999999999999609e+00,1.502500000000000000e+02,1.833333333333332860e+01
3.559999999999999609e+00,1.507500000000000000e+02,1.855555555555555358e+01
3.559999999999999609e+00,1.512500000000000000e+02,1.633333333333333215e+01
3.559999999999999609e+00,1.517500000000000000e+02,1.655555555555555358e+01
3.559999999999999609e+00,1.522500000000000000e+02,1.399999999999999822e+01
3.559999999999999609e+00,1.527500000000000000e+02,1.533333333333333037e+01
3.559999999999999609e+00,1.532500000000000000e+02,1.555555555555555181e+01
3.559999999999999609e+00,1.537500000000000000e+02,1.666666666666666075e+01
3.559999999999999609e+00,1.542500000000000000e+02,1.599999999999999467e+01
3.559999999999999609e+00,1.547500000000000000e+02,1.588888888888888573e+01
3.559999999999999609e+00,1.552500000000000000e+02,1.633333333333333215e+01
3.559999999999999609e+00,1.557500000000000000e+02,1.822222222222221788e+01
3.559999999999999609e+00,1.562500000000000000e+02,1.777777777777777501e+01
3.559999999999999609e+00,1.567500000000000000e+02,1.722222222222221788e+01
3.559999999999999609e+00,1.572500000000000000e+02,1.644444444444444287e+01
3.559999999999999609e+00,1.577500000000000000e+02,1.522222222222222143e+01
3.559999999999999609e+00,1.582500000000000000e+02,1.411111111111110894e+01
3.559999999999999609e+00,1.587500000000000000e+02,1.255555555555555181e+01
3.559999999999999609e+00,1.592500000000000000e+02,1.311111111111110894e+01
3.559999999999999609e+00,1.597500000000000000e+02,1.422222222222222143e+01
3.559999999999999609e+00,1.602500000000000000e+02,1.477777777777777679e+01
3.559999999999999609e+00,1.607500000000000000e+02,1.399999999999999822e+01
3.559999999999999609e+00,1.612500000000000000e+02,1.522222222222221966e+01
3.559999999999999609e+00,1.617500000000000000e+02,1.455555555555555181e+01
3.559999999999999609e+00,1.622500000000000000e+02,1.499999999999999822e+01
3.559999999999999609e+00,1.627500000000000000e+02,1.233333333333333037e+01
3.559999999999999609e+00,1.632500000000000000e+02,1.155555555555555181e+01
3.559999999999999609e+00,1.637500000000000000e+02,1.122222222222221966e+01
3.559999999999999609e+00,1.642500000000000000e+02,1.244444444444444109e+01
3.559999999999999609e+00,1.647500000000000000e+02,1.433333333333332860e+01
3.559999999999999609e+00,1.652500000000000000e+02,1.488888888888888395e+01
3.559999999999999609e+00,1.657500000000000000e+02,1.333333333333332860e+01
3.559999999999999609e+00,1.662500000000000000e+02,1.199999999999999467e+01
3.559999999999999609e+00,1.667500000000000000e+02,1.166666666666666252e+01
3.559999999999999609e+00,1.672500000000000000e+02,1.299999999999999467e+01
3.559999999999999609e+00,1.677500000000000000e+02,1.333333333333332860e+01
3.559999999999999609e+00,1.682500000000000000e+02,1.188888888888888395e+01
3.559999999999999609e+00,1.687500000000000000e+02,9.666666666666660745e+00
3.559999999999999609e+00,1.692500000000000000e+02,8.222222222222216104e+00
3.559999999999999609e+00,1.697500000000000000e+02,8.999999999999994671e+00
3.559999999999999609e+00,1.702500000000000000e+02,9.999999999999994671e+00
3.559999999999999609e+00,1.707500000000000000e+02,1.044444444444444109e+01
3.559999999999999609e+00,1.712500000000000000e+02,1.011111111111110716e+01
3.559999999999999609e+00,1.717500000000000000e+02,9.333333333333328596e+00
3.559999999999999609e+00,1.722500000000000000e+02,9.222222222222216104e+00
3.559999999999999609e+00,1.727500000000000000e+02,8.444444444444439313e+00
3.559999999999999609e+00,1.732500000000000000e+02,7.444444444444439313e+00
3.559999999999999609e+00,1.737500000000000000e+02,6.222222222222216992e+00
3.559999999999999609e+00,1.742500000000000000e+02,5.111111111111105387e+00
3.559999999999999609e+00,1.747500000000000000e+02,4.888888888888883066e+00
3.559999999999999609e+00,1.752500000000000000e+02,4.555555555555550029e+00
3.559999999999999609e+00,1.757500000000000000e+02,4.333333333333327708e+00
3.559999999999999609e+00,1.762500000000000000e+02,4.111111111111106275e+00
3.559999999999999609e+00,1.767500000000000000e+02,2.999999999999995115e+00
3.559999999999999609e+00,1.772500000000000000e+02,2.666666666666662078e+00
3.559999999999999609e+00,1.777500000000000000e+02,1.888888888888884177e+00
3.559999999999999609e+00,1.782500000000000000e+02,2.222222222222217436e+00
3.559999999999999609e+00,1.787500000000000000e+02,1.666666666666661856e+00
3.559999999999999609e+00,1.792500000000000000e+02,1.222222222222217658e+00
3.559999999999999609e+00,1.797500000000000000e+02,3.333333333333287629e-01
3.575999999999999623e+00,1.302500000000000000e+02,1.444444444444444464e+01
3.575999999999999623e+00,1.307500000000000000e+02,1.466666666666666607e+01
3.575999999999999623e+00,1.312500000000000000e+02,1.488888888888888751e+01
3.575999999999999623e+00,1.317500000000000000e+02,1.400000000000000000e+01
3.575999999999999623e+00,1.322500000000000000e+02,1.355555555555555713e+01
3.575999999999999623e+00,1.327500000000000000e+02,1.344444444444444819e+01
3.575999999999999623e+00,1.332500000000000000e+02,1.555555555555555891e+01
3.575999999999999623e+00,1.337500000000000000e+02,1.600000000000000355e+01
3.575999999999999623e+00,1.342500000000000000e+02,1.522222222222222676e+01
3.575999999999999623e+00,1.347500000000000000e+02,1.355555555555555891e+01
3.575999999999999623e+00,1.352500000000000000e+02,1.377777777777778034e+01
3.575999999999999623e+00,1.357500000000000000e+02,1.400000000000000178e+01
3.575999999999999623e+00,1.362500000000000000e+02,1.444444444444444819e+01
3.575999999999999623e+00,1.367500000000000000e+02,1.300000000000000178e+01
3.575999999999999623e+00,1.372500000000000000e+02,1.377777777777778034e+01
3.575999999999999623e+00,1.377500000000000000e+02,1.400000000000000178e+01
3.575999999999999623e+00,1.382500000000000000e+02,1.600000000000000355e+01
3.575999999999999623e+00,1.387500000000000000e+02,1.533333333333333570e+01
3.575999999999999623e+00,1.392500000000000000e+02,1.500000000000000178e+01
3.575999999999999623e+00,1.397500000000000000e+02,1.455555555555555713e+01
3.575999999999999623e+00,1.402500000000000000e+02,1.455555555555555713e+01
3.575999999999999623e+00,1.407500000000000000e+02,1.522222222222222321e+01
3.575999999999999623e+00,1.412500000000000000e+02,1.477777777777778034e+01
3.575999999999999623e+00,1.417500000000000000e+02,1.544444444444444819e+01
3.575999999999999623e+00,1.422500000000000000e+02,1.444444444444444819e+01
3.575999999999999623e+00,1.427500000000000000e+02,1.466666666666666963e+01
3.575999999999999623e+00,1.432500000000000000e+02,1.422222222222222321e+01
3.575999999999999623e+00,1.437500000000000000e+02,1.388888888888889106e+01
3.575999999999999623e+00,1.442500000000000000e+02,1.377777777777777857e+01
3.575999999999999623e+00,1.447500000000000000e+02,1.288888888888889106e+01
3.575999999999999623e+00,1.452500000000000000e+02,1.322222222222222321e+01
3.575999999999999623e+00,1.457500000000000000e+02,1.244444444444444819e+01
3.575999999999999623e+00,1.462500000000000000e+02,1.300000000000000178e+01
3.575999999999999623e+00,1.467500000000000000e+02,1.388888888888889106e+01
3.575999999999999623e+00,1.472500000000000000e+02,1.544444444444444464e+01
3.575999999999999623e+00,1.477500000000000000e+02,1.611111111111111072e+01
3.575999999999999623e+00,1.482500000000000000e+02,1.511111111111111249e+01
3.575999999999999623e+00,1.487500000000000000e+02,1.355555555555555713e+01
3.575999999999999623e+00,1.492500000000000000e+02,1.488888888888889106e+01
3.575999999999999623e+00,1.497500000000000000e+02,1.566666666666666963e+01
3.575999999999999623e+00,1.502500000000000000e+02,1.566666666666666963e+01
3.575999999999999623e+00,1.507500000000000000e+02,1.455555555555555713e+01
3.575999999999999623e+00,1.512500000000000000e+02,1.400000000000000178e+01
3.575999999999999623e+00,1.517500000000000000e+02,1.388888888888889106e+01
3.575999999999999623e+00,1.522500000000000000e+02,1.233333333333333393e+01
3.575999999999999623e+00,1.527500000000000000e+02,1.222222222222222143e+01
3.575999999999999623e+00,1.532500000000000000e+02,1.400000000000000000e+01
3.575999999999999623e+00,1.537500000000000000e+02,1.655555555555555358e+01
3.575999999999999623e+00,1.542500000000000000e+02,1.655555555555555358e+01
3.575999999999999623e+00,1.547500000000000000e+02,1.588888888888888751e+01
3.575999999999999623e+00,1.552500000000000000e+02,1.600000000000000000e+01
3.575999999999999623e+00,1.557500000000000000e+02,1.755555555555555713e+01
3.575999999999999623e+00,1.562500000000000000e+02,1.788888888888888928e+01
3.575999999999999623e+00,1.567500000000000000e+02,1.677777777777777857e+01
3.575999999999999623e+00,1.572500000000000000e+02,1.700000000000000000e+01
3.575999999999999623e+00,1.577500000000000000e+02,1.633333333333333215e+01
3.575999999999999623e+00,1.582500000000000000e+02,1.444444444444444287e+01
3.575999999999999623e+00,1.587500000000000000e+02,1.211111111111110894e+01
3.575999999999999623e+00,1.592500000000000000e+02,1.066666666666666430e+01
3.575999999999999623e+00,1.597500000000000000e+02,1.222222222222221966e+01
3.575999999999999623e+00,1.602500000000000000e+02,1.277777777777777324e+01
3.575999999999999623e+00,1.607500000000000000e+02,1.333333333333332860e+01
3.575999999999999623e+00,1.612500000000000000e+02,1.344444444444443754e+01
3.575999999999999623e+00,1.617500000000000000e+02,1.255555555555555003e+01
3.575999999999999623e+00,1.622500000000000000e+02,1.333333333333332860e+01
3.575999999999999623e+00,1.627500000000000000e+02,1.177777777777777324e+01
3.575999999999999623e+00,1.632500000000000000e+02,1.166666666666666252e+01
3.575999999999999623e+00,1.637500000000000000e+02,1.011111111111110716e+01
3.575999999999999623e+00,1.642500000000000000e+02,1.166666666666666252e+01
3.575999999999999623e+00,1.647500000000000000e+02,1.277777777777777324e+01
3.575999999999999623e+00,1.652500000000000000e+02,1.411111111111110716e+01
3.575999999999999623e+00,1.657500000000000000e+02,1.366666666666666252e+01
3.575999999999999623e+00,1.662500000000000000e+02,1.244444444444443754e+01
3.575999999999999623e+00,1.667500000000000000e+02,1.077777777777777146e+01
3.575999999999999623e+00,1.672500000000000000e+02,1.055555555555554825e+01
3.575999999999999623e+00,1.677500000000000000e+02,1.099999999999999289e+01
3.575999999999999623e+00,1.682500000000000000e+02,1.044444444444443754e+01
3.575999999999999623e+00,1.687500000000000000e+02,9.222222222222214327e+00
3.575999999999999623e+00,1.692500000000000000e+02,8.222222222222214327e+00
3.575999999999999623e+00,1.697500000000000000e+02,8.777777777777769685e+00
3.575999999999999623e+00,1.702500000000000000e+02,8.555555555555548253e+00
3.575999999999999623e+00,1.707500000000000000e+02,9.111111111111101835e+00
3.575999999999999623e+00,1.712500000000000000e+02,9.111111111111101835e+00
3.575999999999999623e+00,1.717500000000000000e+02,8.444444444444435760e+00
3.575999999999999623e+00,1.722500000000000000e+02,7.444444444444435760e+00
3.575999999999999623e+00,1.727500000000000000e+02,6.333333333333324155e+00
3.575999999999999623e+00,1.732500000000000000e+02,5.777777777777768797e+00
3.575999999999999623e+00,1.737500000000000000e+02,4.777777777777768797e+00
3.575999999999999623e+00,1.742500000000000000e+02,4.333333333333324155e+00
3.575999999999999623e+00,1.747500000000000000e+02,3.888888888888879958e+00
3.575999999999999623e+00,1.752500000000000000e+02,3.888888888888879958e+00
3.575999999999999623e+00,1.757500000000000000e+02,3.333333333333324600e+00
3.575999999999999623e+00,1.762500000000000000e+02,3.555555555555546476e+00
3.575999999999999623e+00,1.767500000000000000e+02,2.555555555555546476e+00
3.575999999999999623e+00,1.772500000000000000e+02,2.888888888888879958e+00
3.575999999999999623e+00,1.777500000000000000e+02,2.222222222222212995e+00
3.575999999999999623e+00,1.782500000000000000e+02,2.444444444444435316e+00
3.575999999999999623e+00,1.787500000000000000e+02,1.555555555555546476e+00
3.575999999999999623e+00,1.792500000000000000e+02,8.888888888888798467e-01
3.575999999999999623e+00,1.797500000000000000e+02,1.111111111111019872e-01
3.591999999999999638e+00,1.302500000000000000e+02,1.500000000000000000e+01
3.591999999999999638e+00,1.307500000000000000e+02,1.633333333333333215e+01
3.591999999999999638e+00,1.312500000000000000e+02,1.644444444444444642e+01
3.591999999999999638e+00,1.317500000000000000e+02,1.555555555555555713e+01
3.591999999999999638e+00,1.322500000000000000e+02,1.377777777777777857e+01
3.591999999999999638e+00,1.327500000000000000e+02,1.344444444444444464e+01
3.591999999999999638e+00,1.332500000000000000e+02,1.455555555555555713e+01
3.591999999999999638e+00,1.337500000000000000e+02,1.400000000000000178e+01
3.591999999999999638e+00,1.342500000000000000e+02,1.266666666666666963e+01
3.591999999999999638e+00,1.347500000000000000e+02,1.222222222222222321e+01
3.591999999999999638e+00,1.352500000000000000e+02,1.366666666666666607e+01
3.591999999999999638e+00,1.357500000000000000e+02,1.533333333333333393e+01
3.591999999999999638e+00,1.362500000000000000e+02,1.566666666666666607e+01
3.591999999999999638e+00,1.367500000000000000e+02,1.555555555555555713e+01
3.591999999999999638e+00,1.372500000000000000e+02,1.555555555555555713e+01
3.591999999999999638e+00,1.377500000000000000e+02,1.533333333333333393e+01
3.591999999999999638e+00,1.382500000000000000e+02,1.477777777777777857e+01
3.591999999999999638e+00,1.387500000000000000e+02,1.411111111111111249e+01
3.591999999999999638e+00,1.392500000000000000e+02,1.366666666666666607e+01
3.591999999999999638e+00,1.397500000000000000e+02,1.333333333333333393e+01
3.591999999999999638e+00,1.402500000000000000e+02,1.344444444444444287e+01
3.591999999999999638e+00,1.407500000000000000e+02,1.444444444444444287e+01
3.591999999999999638e+00,1.412500000000000000e+02,1.466666666666666430e+01
3.591999999999999638e+00,1.417500000000000000e+02,1.511111111111110894e+01
3.591999999999999638e+00,1.422500000000000000e+02,1.300000000000000000e+01
3.591999999999999638e+00,1.427500000000000000e+02,1.288888888888888751e+01
3.591999999999999638e+00,1.432500000000000000e+02,1.188888888888888751e+01
3.591999999999999638e+00,1.437500000000000000e+02,1.177777777777777679e+01
3.591999999999999638e+00,1.442500000000000000e+02,1.211111111111110894e+01
3.591999999999999638e+00,1.447500000000000000e+02,1.255555555555555536e+01
3.591999999999999638e+00,1.452500000000000000e+02,1.322222222222222143e+01
3.591999999999999638e+00,1.457500000000000000e+02,1.233333333333333393e+01
3.591999999999999638e+00,1.462500000000000000e+02,1.177777777777777679e+01
3.591999999999999638e+00,1.467500000000000000e+02,1.311111111111110894e+01
3.591999999999999638e+00,1.472500000000000000e+02,1.444444444444444287e+01
3.591999999999999638e+00,1.477500000000000000e+02,1.488888888888888751e+01
3.591999999999999638e+00,1.482500000000000000e+02,1.411111111111110894e+01
3.591999999999999638e+00,1.487500000000000000e+02,1.333333333333333037e+01
3.591999999999999638e+00,1.492500000000000000e+02,1.455555555555555181e+01
3.591999999999999638e+00,1.497500000000000000e+02,1.577777777777777324e+01
3.591999999999999638e+00,1.502500000000000000e+02,1.466666666666666252e+01
3.591999999999999638e+00,1.507500000000000000e+02,1.311111111111110539e+01
3.591999999999999638e+00,1.512500000000000000e+02,1.233333333333332682e+01
3.591999999999999638e+00,1.517500000000000000e+02,1.311111111111110539e+01
3.591999999999999638e+00,1.522500000000000000e+02,1.255555555555555003e+01
3.591999999999999638e+00,1.527500000000000000e+02,1.222222222222221610e+01
3.591999999999999638e+00,1.532500000000000000e+02,1.344444444444443754e+01
3.591999999999999638e+00,1.537500000000000000e+02,1.633333333333332504e+01
3.591999999999999638e+00,1.542500000000000000e+02,1.655555555555554648e+01
3.591999999999999638e+00,1.547500000000000000e+02,1.622222222222221433e+01
3.591999999999999638e+00,1.552500000000000000e+02,1.611111111111110361e+01
3.591999999999999638e+00,1.557500000000000000e+02,1.622222222222221433e+01
3.591999999999999638e+00,1.562500000000000000e+02,1.533333333333332327e+01
3.591999999999999638e+00,1.567500000000000000e+02,1.366666666666665719e+01
3.591999999999999638e+00,1.572500000000000000e+02,1.366666666666665719e+01
3.591999999999999638e+00,1.577500000000000000e+02,1.388888888888888040e+01
3.591999999999999638e+00,1.582500000000000000e+02,1.366666666666665897e+01
3.591999999999999638e+00,1.587500000000000000e+02,1.255555555555554825e+01
3.591999999999999638e+00,1.592500000000000000e+02,1.077777777777776969e+01
3.591999999999999638e+00,1.597500000000000000e+02,1.044444444444443576e+01
3.591999999999999638e+00,1.602500000000000000e+02,1.144444444444443576e+01
3.591999999999999638e+00,1.607500000000000000e+02,1.266666666666665719e+01
3.591999999999999638e+00,1.612500000000000000e+02,1.299999999999999112e+01
3.591999999999999638e+00,1.617500000000000000e+02,1.199999999999999112e+01
3.591999999999999638e+00,1.622500000000000000e+02,1.233333333333332327e+01
3.591999999999999638e+00,1.627500000000000000e+02,1.133333333333332327e+01
3.591999999999999638e+00,1.632500000000000000e+02,1.155555555555554470e+01
3.591999999999999638e+00,1.637500000000000000e+02,1.022222222222221255e+01
3.591999999999999638e+00,1.642500000000000000e+02,1.011111111111110006e+01
3.591999999999999638e+00,1.647500000000000000e+02,9.777777777777766133e+00
3.591999999999999638e+00,1.652500000000000000e+02,1.099999999999999112e+01
3.591999999999999638e+00,1.657500000000000000e+02,1.244444444444443576e+01
3.591999999999999638e+00,1.662500000000000000e+02,1.222222222222221433e+01
3.591999999999999638e+00,1.667500000000000000e+02,1.033333333333332504e+01
3.591999999999999638e+00,1.672500000000000000e+02,9.222222222222214327e+00
3.591999999999999638e+00,1.677500000000000000e+02,9.555555555555548253e+00
3.591999999999999638e+00,1.682500000000000000e+02,8.888888888888880402e+00
3.591999999999999638e+00,1.687500000000000000e+02,8.111111111111103611e+00
3.591999999999999638e+00,1.692500000000000000e+02,6.999999999999992895e+00
3.591999999999999638e+00,1.697500000000000000e+02,7.888888888888881290e+00
3.591999999999999638e+00,1.702500000000000000e+02,8.222222222222214327e+00
3.591999999999999638e+00,1.707500000000000000e+02,8.333333333333326820e+00
3.591999999999999638e+00,1.712500000000000000e+02,8.333333333333326820e+00
3.591999999999999638e+00,1.717500000000000000e+02,6.888888888888881290e+00
3.591999999999999638e+00,1.722500000000000000e+02,6.777777777777768797e+00
3.591999999999999638e+00,1.727500000000000000e+02,6.111111111111102723e+00
3.591999999999999638e+00,1.732500000000000000e+02,5.999999999999992006e+00
3.591999999999999638e+00,1.737500000000000000e+02,4.666666666666658081e+00
3.591999999999999638e+00,1.742500000000000000e+02,4.111111111111102723e+00
3.591999999999999638e+00,1.747500000000000000e+02,3.555555555555547809e+00
3.591999999999999638e+00,1.752500000000000000e+02,3.888888888888880846e+00
3.591999999999999638e+00,1.757500000000000000e+02,3.333333333333325488e+00
3.591999999999999638e+00,1.762500000000000000e+02,3.444444444444437092e+00
3.591999999999999638e+00,1.767500000000000000e+02,2.444444444444437092e+00
3.591999999999999638e+00,1.772500000000000000e+02,2.777777777777770130e+00
3.591999999999999638e+00,1.777500000000000000e+02,2.333333333333325488e+00
3.591999999999999638e+00,1.782500000000000000e+02,2.222222222222214771e+00
3.591999999999999638e+00,1.787500000000000000e+02,1.333333333333325710e+00
3.591999999999999638e+00,1.792500000000000000e+02,7.777777777777702406e-01
3.591999999999999638e+00,1.797500000000000000e+02,3.333333333333257653e-01
3.607999999999999652e+00,1.302500000000000000e+02,1.711111111111111072e+01
3.607999999999999652e+00,1.307500000000000000e+02,1.722222222222222143e+01
3.607999999999999652e+00,1.312500000000000000e+02,1.644444444444444287e+01
3.607999999999999652e+00,1.317500000000000000e+02,1.499999999999999822e+01
3.607999999999999652e+00,1.322500000000000000e+02,1.377777777777777679e+01
3.607999999999999652e+00,1.327500000000000000e+02,1.322222222222222143e+01
3.607999999999999652e+00,1.332500000000000000e+02,1.377777777777777679e+01
3.607999999999999652e+00,1.337500000000000000e+02,1.311111111111110894e+01
3.607999999999999652e+00,1.342500000000000000e+02,1.222222222222221966e+01
3.607999999999999652e+00,1.347500000000000000e+02,1.144444444444444109e+01
3.607999999999999652e+00,1.352500000000000000e+02,1.266666666666666252e+01
3.607999999999999652e+00,1.357500000000000000e+02,1.411111111111110716e+01
3.607999999999999652e+00,1.362500000000000000e+02,1.422222222222221966e+01
3.607999999999999652e+00,1.367500000000000000e+02,1.422222222222221966e+01
3.607999999999999652e+00,1.372500000000000000e+02,1.444444444444444109e+01
3.607999999999999652e+00,1.377500000000000000e+02,1.522222222222221966e+01
3.607999999999999652e+00,1.382500000000000000e+02,1.377777777777777679e+01
3.607999999999999652e+00,1.387500000000000000e+02,1.355555555555555536e+01
3.607999999999999652e+00,1.392500000000000000e+02,1.200000000000000000e+01
3.607999999999999652e+00,1.397500000000000000e+02,1.222222222222222143e+01
3.607999999999999652e+00,1.402500000000000000e+02,1.144444444444444287e+01
3.607999999999999652e+00,1.407500000000000000e+02,1.422222222222222143e+01
3.607999999999999652e+00,1.412500000000000000e+02,1.433333333333333393e+01
3.607999999999999652e+00,1.417500000000000000e+02,1.311111111111111249e+01
3.607999999999999652e+00,1.422500000000000000e+02,1.077777777777777857e+01
3.607999999999999652e+00,1.427500000000000000e+02,1.100000000000000000e+01
3.607999999999999652e+00,1.432500000000000000e+02,1.200000000000000000e+01
3.607999999999999652e+00,1.437500000000000000e+02,1.133333333333333393e+01
3.607999999999999652e+00,1.442500000000000000e+02,1.155555555555555536e+01
3.607999999999999652e+00,1.447500000000000000e+02,1.211111111111110894e+01
3.607999999999999652e+00,1.452500000000000000e+02,1.288888888888888751e+01
3.607999999999999652e+00,1.457500000000000000e+02,1.255555555555555536e+01
3.607999999999999652e+00,1.462500000000000000e+02,1.188888888888888751e+01
3.607999999999999652e+00,1.467500000000000000e+02,1.200000000000000000e+01
3.607999999999999652e+00,1.472500000000000000e+02,1.266666666666666607e+01
3.607999999999999652e+00,1.477500000000000000e+02,1.288888888888889106e+01
3.607999999999999652e+00,1.482500000000000000e+02,1.244444444444444819e+01
3.607999999999999652e+00,1.487500000000000000e+02,1.166666666666667140e+01
3.607999999999999652e+00,1.492500000000000000e+02,1.155555555555555891e+01
3.607999999999999652e+00,1.497500000000000000e+02,1.344444444444444819e+01
3.607999999999999652e+00,1.502500000000000000e+02,1.255555555555555713e+01
3.607999999999999652e+00,1.507500000000000000e+02,1.266666666666666963e+01
3.607999999999999652e+00,1.512500000000000000e+02,1.255555555555555713e+01
3.607999999999999652e+00,1.517500000000000000e+02,1.400000000000000178e+01
3.607999999999999652e+00,1.522500000000000000e+02,1.355555555555555713e+01
3.607999999999999652e+00,1.527500000000000000e+02,1.177777777777778034e+01
3.607999999999999652e+00,1.532500000000000000e+02,1.133333333333333570e+01
3.607999999999999652e+00,1.537500000000000000e+02,1.244444444444444819e+01
3.607999999999999652e+00,1.542500000000000000e+02,1.344444444444444819e+01
3.607999999999999652e+00,1.547500000000000000e+02,1.366666666666667140e+01
3.607999999999999652e+00,1.552500000000000000e+02,1.466666666666667140e+01
3.607999999999999652e+00,1.557500000000000000e+02,1.477777777777778034e+01
3.607999999999999652e+00,1.562500000000000000e+02,1.488888888888889106e+01
3.607999999999999652e+00,1.567500000000000000e+02,1.311111111111111427e+01
3.607999999999999652e+00,1.572500000000000000e+02,1.322222222222222676e+01
3.607999999999999652e+00,1.577500000000000000e+02,1.288888888888889284e+01
3.607999999999999652e+00,1.582500000000000000e+02,1.366666666666667140e+01
3.607999999999999652e+00,1.587500000000000000e+02,1.300000000000000533e+01
3.607999999999999652e+00,1.592500000000000000e+02,1.233333333333333748e+01
3.607999999999999652e+00,1.597500000000000000e+02,1.166666666666667140e+01
3.607999999999999652e+00,1.602500000000000000e+02,1.188888888888889284e+01
3.607999999999999652e+00,1.607500000000000000e+02,1.188888888888889284e+01
3.607999999999999652e+00,1.612500000000000000e+02,1.077777777777778034e+01
3.607999999999999652e+00,1.617500000000000000e+02,1.100000000000000533e+01
3.607999999999999652e+00,1.622500000000000000e+02,1.233333333333333748e+01
3.607999999999999652e+00,1.627500000000000000e+02,1.288888888888889284e+01
3.607999999999999652e+00,1.632500000000000000e+02,1.211111111111111427e+01
3.607999999999999652e+00,1.637500000000000000e+02,1.011111111111111427e+01
3.607999999999999652e+00,1.642500000000000000e+02,9.000000000000003553e+00
3.607999999999999652e+00,1.647500000000000000e+02,8.555555555555558911e+00
3.607999999999999652e+00,1.652500000000000000e+02,9.222222222222226762e+00
3.607999999999999652e+00,1.657500000000000000e+02,1.100000000000000533e+01
3.607999999999999652e+00,1.662500000000000000e+02,1.022222222222222676e+01
3.607999999999999652e+00,1.667500000000000000e+02,9.444444444444449971e+00
3.607999999999999652e+00,1.672500000000000000e+02,7.666666666666672292e+00
3.607999999999999652e+00,1.677500000000000000e+02,8.333333333333339255e+00
3.607999999999999652e+00,1.682500000000000000e+02,6.777777777777783008e+00
3.607999999999999652e+00,1.687500000000000000e+02,7.333333333333339255e+00
3.607999999999999652e+00,1.692500000000000000e+02,7.111111111111116934e+00
3.607999999999999652e+00,1.697500000000000000e+02,8.000000000000005329e+00
3.607999999999999652e+00,1.702500000000000000e+02,7.666666666666672292e+00
3.607999999999999652e+00,1.707500000000000000e+02,7.777777777777783008e+00
3.607999999999999652e+00,1.712500000000000000e+02,7.555555555555561575e+00
3.607999999999999652e+00,1.717500000000000000e+02,6.666666666666672292e+00
3.607999999999999652e+00,1.722500000000000000e+02,6.222222222222228538e+00
3.607999999999999652e+00,1.727500000000000000e+02,6.000000000000006217e+00
3.607999999999999652e+00,1.732500000000000000e+02,5.444444444444449971e+00
3.607999999999999652e+00,1.737500000000000000e+02,3.777777777777783452e+00
3.607999999999999652e+00,1.742500000000000000e+02,3.555555555555560687e+00
3.607999999999999652e+00,1.747500000000000000e+02,3.444444444444449971e+00
3.607999999999999652e+00,1.752500000000000000e+02,4.000000000000005329e+00
3.607999999999999652e+00,1.757500000000000000e+02,3.111111111111116490e+00
3.607999999999999652e+00,1.762500000000000000e+02,2.888888888888894169e+00
3.607999999999999652e+00,1.767500000000000000e+02,2.111111111111116490e+00
3.607999999999999652e+00,1.772500000000000000e+02,2.444444444444449527e+00
3.607999999999999652e+00,1.777500000000000000e+02,2.111111111111116490e+00
3.607999999999999652e+00,1.782500000000000000e+02,1.555555555555560687e+00
3.607999999999999652e+00,1.787500000000000000e+02,6.666666666666718477e-01
3.607999999999999652e+00,1.792500000000000000e+02,2.222222222222273447e-01
3.607999999999999652e+00,1.797500000000000000e+02,2.222222222222273447e-01
3.623999999999999666e+00,1.302500000000000000e+02,1.988888888888888928e+01
3.623999999999999666e+00,1.307500000000000000e+02,1.833333333333333215e+01
3.623999999999999666e+00,1.312500000000000000e+02,1.588888888888889106e+01
3.623999999999999666e+00,1.317500000000000000e+02,1.533333333333333570e+01
3.623999999999999666e+00,1.322500000000000000e+02,1.433333333333333570e+01
3.623999999999999666e+00,1.327500000000000000e+02,1.433333333333333570e+01
3.623999999999999666e+00,1.332500000000000000e+02,1.311111111111111427e+01
3.623999999999999666e+00,1.337500000000000000e+02,1.277777777777778034e+01
3.623999999999999666e+00,1.342500000000000000e+02,1.188888888888889284e+01
3.623999999999999666e+00,1.347500000000000000e+02,1.222222222222222676e+01
3.623999999999999666e+00,1.352500000000000000e+02,1.377777777777778034e+01
3.623999999999999666e+00,1.357500000000000000e+02,1.455555555555555713e+01
3.623999999999999666e+00,1.362500000000000000e+02,1.522222222222222321e+01
3.623999999999999666e+00,1.367500000000000000e+02,1.400000000000000178e+01
3.623999999999999666e+00,1.372500000000000000e+02,1.400000000000000178e+01
3.623999999999999666e+00,1.377500000000000000e+02,1.400000000000000178e+01
3.623999999999999666e+00,1.382500000000000000e+02,1.344444444444444819e+01
3.623999999999999666e+00,1.387500000000000000e+02,1.344444444444444819e+01
3.623999999999999666e+00,1.392500000000000000e+02,1.277777777777778034e+01
3.623999999999999666e+00,1.397500000000000000e+02,1.222222222222222676e+01
3.623999999999999666e+00,1.402500000000000000e+02,1.088888888888889284e+01
3.623999999999999666e+00,1.407500000000000000e+02,1.133333333333333748e+01
3.623999999999999666e+00,1.412500000000000000e+02,1.211111111111111427e+01
3.623999999999999666e+00,1.417500000000000000e+02,1.266666666666667140e+01
3.623999999999999666e+00,1.422500000000000000e+02,1.177777777777778390e+01
3.623999999999999666e+00,1.427500000000000000e+02,1.166666666666667140e+01
3.623999999999999666e+00,1.432500000000000000e+02,1.177777777777778034e+01
3.623999999999999666e+00,1.437500000000000000e+02,1.122222222222222321e+01
3.623999999999999666e+00,1.442500000000000000e+02,1.188888888888889106e+01
3.623999999999999666e+00,1.447500000000000000e+02,1.255555555555555713e+01
3.623999999999999666e+00,1.452500000000000000e+02,1.300000000000000178e+01
3.623999999999999666e+00,1.457500000000000000e+02,1.277777777777778034e+01
3.623999999999999666e+00,1.462500000000000000e+02,1.233333333333333748e+01
3.623999999999999666e+00,1.467500000000000000e+02,1.166666666666667140e+01
3.623999999999999666e+00,1.472500000000000000e+02,1.144444444444444997e+01
3.623999999999999666e+00,1.477500000000000000e+02,1.011111111111111605e+01
3.623999999999999666e+00,1.482500000000000000e+02,1.022222222222222854e+01
3.623999999999999666e+00,1.487500000000000000e+02,9.666666666666673180e+00
3.623999999999999666e+00,1.492500000000000000e+02,1.155555555555556246e+01
3.623999999999999666e+00,1.497500000000000000e+02,1.377777777777778390e+01
3.623999999999999666e+00,1.502500000000000000e+02,1.311111111111111605e+01
3.623999999999999666e+00,1.507500000000000000e+02,1.244444444444444997e+01
3.623999999999999666e+00,1.512500000000000000e+02,1.122222222222222854e+01
3.623999999999999666e+00,1.517500000000000000e+02,1.277777777777778390e+01
3.623999999999999666e+00,1.522500000000000000e+02,1.255555555555556246e+01
3.623999999999999666e+00,1.527500000000000000e+02,1.155555555555556246e+01
3.623999999999999666e+00,1.532500000000000000e+02,9.888888888888894613e+00
3.623999999999999666e+00,1.537500000000000000e+02,9.777777777777783896e+00
3.623999999999999666e+00,1.542500000000000000e+02,1.100000000000000533e+01
3.623999999999999666e+00,1.547500000000000000e+02,1.255555555555555891e+01
3.623999999999999666e+00,1.552500000000000000e+02,1.344444444444444819e+01
3.623999999999999666e+00,1.557500000000000000e+02,1.333333333333333570e+01
3.623999999999999666e+00,1.562500000000000000e+02,1.355555555555555713e+01
3.623999999999999666e+00,1.567500000000000000e+02,1.222222222222222321e+01
3.623999999999999666e+00,1.572500000000000000e+02,1.233333333333333570e+01
3.623999999999999666e+00,1.577500000000000000e+02,1.166666666666666963e+01
3.623999999999999666e+00,1.582500000000000000e+02,1.377777777777778034e+01
3.623999999999999666e+00,1.587500000000000000e+02,1.311111111111111427e+01
3.623999999999999666e+00,1.592500000000000000e+02,1.344444444444444819e+01
3.623999999999999666e+00,1.597500000000000000e+02,1.200000000000000178e+01
3.623999999999999666e+00,1.602500000000000000e+02,1.244444444444444819e+01
3.623999999999999666e+00,1.607500000000000000e+02,1.200000000000000178e+01
3.623999999999999666e+00,1.612500000000000000e+02,1.088888888888889106e+01
3.623999999999999666e+00,1.617500000000000000e+02,1.111111111111111249e+01
3.623999999999999666e+00,1.622500000000000000e+02,1.200000000000000000e+01
3.623999999999999666e+00,1.627500000000000000e+02,1.211111111111110894e+01
3.623999999999999666e+00,1.632500000000000000e+02,1.077777777777777679e+01
3.623999999999999666e+00,1.637500000000000000e+02,9.444444444444442865e+00
3.623999999999999666e+00,1.642500000000000000e+02,8.999999999999998224e+00
3.623999999999999666e+00,1.647500000000000000e+02,8.666666666666666075e+00
3.623999999999999666e+00,1.652500000000000000e+02,7.777777777777775903e+00
3.623999999999999666e+00,1.657500000000000000e+02,7.666666666666665186e+00
3.623999999999999666e+00,1.662500000000000000e+02,8.111111111111108940e+00
3.623999999999999666e+00,1.667500000000000000e+02,8.333333333333330373e+00
3.623999999999999666e+00,1.672500000000000000e+02,7.999999999999997335e+00
3.623999999999999666e+00,1.677500000000000000e+02,7.444444444444441977e+00
3.623999999999999666e+00,1.682500000000000000e+02,6.222222222222218768e+00
3.623999999999999666e+00,1.687500000000000000e+02,6.999999999999997335e+00
3.623999999999999666e+00,1.692500000000000000e+02,6.555555555555552694e+00
3.623999999999999666e+00,1.697500000000000000e+02,6.999999999999996447e+00
3.623999999999999666e+00,1.702500000000000000e+02,6.666666666666663410e+00
3.623999999999999666e+00,1.707500000000000000e+02,6.555555555555552694e+00
3.623999999999999666e+00,1.712500000000000000e+02,6.333333333333331261e+00
3.623999999999999666e+00,1.717500000000000000e+02,5.999999999999997335e+00
3.623999999999999666e+00,1.722500000000000000e+02,6.333333333333331261e+00
3.623999999999999666e+00,1.727500000000000000e+02,5.888888888888885731e+00
3.623999999999999666e+00,1.732500000000000000e+02,4.888888888888885731e+00
3.623999999999999666e+00,1.737500000000000000e+02,3.444444444444441089e+00
3.623999999999999666e+00,1.742500000000000000e+02,3.444444444444441089e+00
3.623999999999999666e+00,1.747500000000000000e+02,3.555555555555552250e+00
3.623999999999999666e+00,1.752500000000000000e+02,3.666666666666663854e+00
3.623999999999999666e+00,1.757500000000000000e+02,3.222222222222219212e+00
3.623999999999999666e+00,1.762500000000000000e+02,2.777777777777775015e+00
3.623999999999999666e+00,1.767500000000000000e+02,2.555555555555553138e+00
3.623999999999999666e+00,1.772500000000000000e+02,1.999999999999997335e+00
3.623999999999999666e+00,1.777500000000000000e+02,1.333333333333330595e+00
3.623999999999999666e+00,1.782500000000000000e+02,7.777777777777750146e-01
3.623999999999999666e+00,1.787500000000000000e+02,3.333333333333305948e-01
3.623999999999999666e+00,1.792500000000000000e+02,3.333333333333305948e-01
3.623999999999999666e+00,1.797500000000000000e+02,2.222222222222195176e-01
3.639999999999999680e+00,1.302500000000000000e+02,2.022222222222222143e+01
3.639999999999999680e+00,1.307500000000000000e+02,1.733333333333333215e+01
3.639999999999999680e+00,1.312500000000000000e+02,1.511111111111110894e+01
3.639999999999999680e+00,1.317500000000000000e+02,1.500000000000000000e+01
3.639999999999999680e+00,1.322500000000000000e+02,1.477777777777777679e+01
3.639999999999999680e+00,1.327500000000000000e+02,1.422222222222222143e+01
3.639999999999999680e+00,1.332500000000000000e+02,1.377777777777777679e+01
3.639999999999999680e+00,1.337500000000000000e+02,1.411111111111110894e+01
3.639999999999999680e+00,1.342500000000000000e+02,1.344444444444444287e+01
3.639999999999999680e+00,1.347500000000000000e+02,1.399999999999999822e+01
3.639999999999999680e+00,1.352500000000000000e+02,1.411111111111110894e+01
3.639999999999999680e+00,1.357500000000000000e+02,1.400000000000000000e+01
3.639999999999999680e+00,1.362500000000000000e+02,1.477777777777777857e+01
3.639999999999999680e+00,1.367500000000000000e+02,1.477777777777777857e+01
3.639999999999999680e+00,1.372500000000000000e+02,1.588888888888889106e+01
3.639999999999999680e+00,1.377500000000000000e+02,1.566666666666666607e+01
3.639999999999999680e+00,1.382500000000000000e+02,1.488888888888888751e+01
3.639999999999999680e+00,1.387500000000000000e+02,1.433333333333333393e+01
3.639999999999999680e+00,1.392500000000000000e+02,1.344444444444444464e+01
3.639999999999999680e+00,1.397500000000000000e+02,1.255555555555555713e+01
3.639999999999999680e+00,1.402500000000000000e+02,1.044444444444444642e+01
3.639999999999999680e+00,1.407500000000000000e+02,9.444444444444446418e+00
3.639999999999999680e+00,1.412500000000000000e+02,9.555555555555557135e+00
3.639999999999999680e+00,1.417500000000000000e+02,1.111111111111111249e+01
3.639999999999999680e+00,1.422500000000000000e+02,1.122222222222222321e+01
3.639999999999999680e+00,1.427500000000000000e+02,1.211111111111111249e+01
3.639999999999999680e+00,1.432500000000000000e+02,1.188888888888889106e+01
3.639999999999999680e+00,1.437500000000000000e+02,1.222222222222222321e+01
3.639999999999999680e+00,1.442500000000000000e+02,1.255555555555555713e+01
3.639999999999999680e+00,1.447500000000000000e+02,1.266666666666666963e+01
3.639999999999999680e+00,1.452500000000000000e+02,1.266666666666666963e+01
3.639999999999999680e+00,1.457500000000000000e+02,1.277777777777778034e+01
3.639999999999999680e+00,1.462500000000000000e+02,1.233333333333333570e+01
3.639999999999999680e+00,1.467500000000000000e+02,1.166666666666666963e+01
3.639999999999999680e+00,1.472500000000000000e+02,1.122222222222222321e+01
3.639999999999999680e+00,1.477500000000000000e+02,1.133333333333333570e+01
3.639999999999999680e+00,1.482500000000000000e+02,1.122222222222222321e+01
3.639999999999999680e+00,1.487500000000000000e+02,1.066666666666666963e+01
3.639999999999999680e+00,1.492500000000000000e+02,1.100000000000000178e+01
3.639999999999999680e+00,1.497500000000000000e+02,1.211111111111111427e+01
3.639999999999999680e+00,1.502500000000000000e+02,1.222222222222222321e+01
3.639999999999999680e+00,1.507500000000000000e+02,1.200000000000000178e+01
3.639999999999999680e+00,1.512500000000000000e+02,1.211111111111111427e+01
3.639999999999999680e+00,1.517500000000000000e+02,1.277777777777778034e+01
3.639999999999999680e+00,1.522500000000000000e+02,1.311111111111111427e+01
3.639999999999999680e+00,1.527500000000000000e+02,1.188888888888889106e+01
3.639999999999999680e+00,1.532500000000000000e+02,1.133333333333333570e+01
3.639999999999999680e+00,1.537500000000000000e+02,1.022222222222222321e+01
3.639999999999999680e+00,1.542500000000000000e+02,1.044444444444444642e+01
3.639999999999999680e+00,1.547500000000000000e+02,1.100000000000000178e+01
3.639999999999999680e+00,1.552500000000000000e+02,1.188888888888889106e+01
3.639999999999999680e+00,1.557500000000000000e+02,1.255555555555555713e+01
3.639999999999999680e+00,1.562500000000000000e+02,1.255555555555555713e+01
3.639999999999999680e+00,1.567500000000000000e+02,1.222222222222222321e+01
3.639999999999999680e+00,1.572500000000000000e+02,1.266666666666666607e+01
3.639999999999999680e+00,1.577500000000000000e+02,1.188888888888889106e+01
3.639999999999999680e+00,1.582500000000000000e+02,1.344444444444444819e+01
3.639999999999999680e+00,1.587500000000000000e+02,1.277777777777778034e+01
3.639999999999999680e+00,1.592500000000000000e+02,1.288888888888889106e+01
3.639999999999999680e+00,1.597500000000000000e+02,1.122222222222222321e+01
3.639999999999999680e+00,1.602500000000000000e+02,1.100000000000000178e+01
3.639999999999999680e+00,1.607500000000000000e+02,1.077777777777778034e+01
3.639999999999999680e+00,1.612500000000000000e+02,1.066666666666666963e+01
3.639999999999999680e+00,1.617500000000000000e+02,1.033333333333333570e+01
3.639999999999999680e+00,1.622500000000000000e+02,1.144444444444444819e+01
3.639999999999999680e+00,1.627500000000000000e+02,1.044444444444444819e+01
3.639999999999999680e+00,1.632500000000000000e+02,9.444444444444448195e+00
3.639999999999999680e+00,1.637500000000000000e+02,8.000000000000001776e+00
3.639999999999999680e+00,1.642500000000000000e+02,7.666666666666668739e+00
3.639999999999999680e+00,1.647500000000000000e+02,8.333333333333335702e+00
3.639999999999999680e+00,1.652500000000000000e+02,7.777777777777781232e+00
3.639999999999999680e+00,1.657500000000000000e+02,8.333333333333337478e+00
3.639999999999999680e+00,1.662500000000000000e+02,8.333333333333337478e+00
3.639999999999999680e+00,1.667500000000000000e+02,8.777777777777780344e+00
3.639999999999999680e+00,1.672500000000000000e+02,8.666666666666669627e+00
3.639999999999999680e+00,1.677500000000000000e+02,7.000000000000002665e+00
3.639999999999999680e+00,1.682500000000000000e+02,5.555555555555558023e+00
3.639999999999999680e+00,1.687500000000000000e+02,6.444444444444447306e+00
3.639999999999999680e+00,1.692500000000000000e+02,7.222222222222224985e+00
3.639999999999999680e+00,1.697500000000000000e+02,7.444444444444447306e+00
3.639999999999999680e+00,1.702500000000000000e+02,6.222222222222224985e+00
3.639999999999999680e+00,1.707500000000000000e+02,6.222222222222224985e+00
3.639999999999999680e+00,1.712500000000000000e+02,6.444444444444447306e+00
3.639999999999999680e+00,1.717500000000000000e+02,6.555555555555559799e+00
3.639999999999999680e+00,1.722500000000000000e+02,6.000000000000004441e+00
3.639999999999999680e+00,1.727500000000000000e+02,5.333333333333338366e+00
3.639999999999999680e+00,1.732500000000000000e+02,4.000000000000004441e+00
3.639999999999999680e+00,1.737500000000000000e+02,3.555555555555560243e+00
3.639999999999999680e+00,1.742500000000000000e+02,3.222222222222226762e+00
3.639999999999999680e+00,1.747500000000000000e+02,3.111111111111115601e+00
3.639999999999999680e+00,1.752500000000000000e+02,2.666666666666670960e+00
3.639999999999999680e+00,1.757500000000000000e+02,2.666666666666670960e+00
3.639999999999999680e+00,1.762500000000000000e+02,2.777777777777782120e+00
3.639999999999999680e+00,1.767500000000000000e+02,2.777777777777782120e+00
3.639999999999999680e+00,1.772500000000000000e+02,2.000000000000004441e+00
3.639999999999999680e+00,1.777500000000000000e+02,1.222222222222226762e+00
3.639999999999999680e+00,1.782500000000000000e+02,1.000000000000004441e+00
3.639999999999999680e+00,1.787500000000000000e+02,5.555555555555600211e-01
3.639999999999999680e+00,1.792500000000000000e+02,4.444444444444489162e-01
3.639999999999999680e+00,1.797500000000000000e+02,4.514906966808969668e-15
3.655999999999999694e+00,1.302500000000000000e+02,1.933333333333333215e+01
3.655999999999999694e+00,1.307500000000000000e+02,1.755555555555555358e+01
3.655999999999999694e+00,1.312500000000000000e+02,1.666666666666666785e+01
3.655999999999999694e+00,1.317500000000000000e+02,1.588888888888888751e+01
3.655999999999999694e+00,1.322500000000000000e+02,1.533333333333333393e+01
3.655999999999999694e+00,1.327500000000000000e+02,1.400000000000000000e+01
3.655999999999999694e+00,1.332500000000000000e+02,1.466666666666666607e+01
3.655999999999999694e+00,1.337500000000000000e+02,1.611111111111111072e+01
3.655999999999999694e+00,1.342500000000000000e+02,1.544444444444444287e+01
3.655999999999999694e+00,1.347500000000000000e+02,1.500000000000000000e+01
3.655999999999999694e+00,1.352500000000000000e+02,1.400000000000000000e+01
3.655999999999999694e+00,1.357500000000000000e+02,1.355555555555555536e+01
3.655999999999999694e+00,1.362500000000000000e+02,1.511111111111110894e+01
3.655999999999999694e+00,1.367500000000000000e+02,1.511111111111110894e+01
3.655999999999999694e+00,1.372500000000000000e+02,1.633333333333333215e+01
3.655999999999999694e+00,1.377500000000000000e+02,1.533333333333333037e+01
3.655999999999999694e+00,1.382500000000000000e+02,1.422222222222221966e+01
3.655999999999999694e+00,1.387500000000000000e+02,1.377777777777777679e+01
3.655999999999999694e+00,1.392500000000000000e+02,1.299999999999999822e+01
3.655999999999999694e+00,1.397500000000000000e+02,1.244444444444444287e+01
3.655999999999999694e+00,1.402500000000000000e+02,1.099999999999999822e+01
3.655999999999999694e+00,1.407500000000000000e+02,1.022222222222221966e+01
3.655999999999999694e+00,1.412500000000000000e+02,1.033333333333333037e+01
3.655999999999999694e+00,1.417500000000000000e+02,1.177777777777777679e+01
3.655999999999999694e+00,1.422500000000000000e+02,1.133333333333333037e+01
3.655999999999999694e+00,1.427500000000000000e+02,1.166666666666666430e+01
3.655999999999999694e+00,1.432500000000000000e+02,1.055555555555555181e+01
3.655999999999999694e+00,1.437500000000000000e+02,1.199999999999999822e+01
3.655999999999999694e+00,1.442500000000000000e+02,1.288888888888888573e+01
3.655999999999999694e+00,1.447500000000000000e+02,1.288888888888888573e+01
3.655999999999999694e+00,1.452500000000000000e+02,1.199999999999999467e+01
3.655999999999999694e+00,1.457500000000000000e+02,1.199999999999999467e+01
3.655999999999999694e+00,1.462500000000000000e+02,1.211111111111110716e+01
3.655999999999999694e+00,1.467500000000000000e+02,1.233333333333332860e+01
3.655999999999999694e+00,1.472500000000000000e+02,1.177777777777777146e+01
3.655999999999999694e+00,1.477500000000000000e+02,1.266666666666665897e+01
3.655999999999999694e+00,1.482500000000000000e+02,1.233333333333332682e+01
3.655999999999999694e+00,1.487500000000000000e+02,1.177777777777777146e+01
3.655999999999999694e+00,1.492500000000000000e+02,1.199999999999999289e+01
3.655999999999999694e+00,1.497500000000000000e+02,1.233333333333332682e+01
3.655999999999999694e+00,1.502500000000000000e+02,1.266666666666665897e+01
3.655999999999999694e+00,1.507500000000000000e+02,1.166666666666665897e+01
3.655999999999999694e+00,1.512500000000000000e+02,1.166666666666665897e+01
3.655999999999999694e+00,1.517500000000000000e+02,1.211111111111110539e+01
3.655999999999999694e+00,1.522500000000000000e+02,1.188888888888888395e+01
3.655999999999999694e+00,1.527500000000000000e+02,1.155555555555555003e+01
3.655999999999999694e+00,1.532500000000000000e+02,1.233333333333332860e+01
3.655999999999999694e+00,1.537500000000000000e+02,1.199999999999999467e+01
3.655999999999999694e+00,1.542500000000000000e+02,1.155555555555555003e+01
3.655999999999999694e+00,1.547500000000000000e+02,1.033333333333332860e+01
3.655999999999999694e+00,1.552500000000000000e+02,1.022222222222221610e+01
3.655999999999999694e+00,1.557500000000000000e+02,1.022222222222221610e+01
3.655999999999999694e+00,1.562500000000000000e+02,9.666666666666662522e+00
3.655999999999999694e+00,1.567500000000000000e+02,9.999999999999994671e+00
3.655999999999999694e+00,1.572500000000000000e+02,1.066666666666666252e+01
3.655999999999999694e+00,1.577500000000000000e+02,1.099999999999999467e+01
3.655999999999999694e+00,1.582500000000000000e+02,1.244444444444444109e+01
3.655999999999999694e+00,1.587500000000000000e+02,1.222222222222221966e+01
3.655999999999999694e+00,1.592500000000000000e+02,1.199999999999999467e+01
3.655999999999999694e+00,1.597500000000000000e+02,1.077777777777777324e+01
3.655999999999999694e+00,1.602500000000000000e+02,1.055555555555555181e+01
3.655999999999999694e+00,1.607500000000000000e+02,1.055555555555555181e+01
3.655999999999999694e+00,1.612500000000000000e+02,1.088888888888888573e+01
3.655999999999999694e+00,1.617500000000000000e+02,1.022222222222221966e+01
3.655999999999999694e+00,1.622500000000000000e+02,1.077777777777777679e+01
3.655999999999999694e+00,1.627500000000000000e+02,8.999999999999998224e+00
3.655999999999999694e+00,1.632500000000000000e+02,8.777777777777776791e+00
3.655999999999999694e+00,1.637500000000000000e+02,7.555555555555553582e+00
3.655999999999999694e+00,1.642500000000000000e+02,8.555555555555553582e+00
3.655999999999999694e+00,1.647500000000000000e+02,9.777777777777776791e+00
3.655999999999999694e+00,1.652500000000000000e+02,9.555555555555555358e+00
3.655999999999999694e+00,1.657500000000000000e+02,9.222222222222221433e+00
3.655999999999999694e+00,1.662500000000000000e+02,8.777777777777776791e+00
3.655999999999999694e+00,1.667500000000000000e+02,9.444444444444444642e+00
3.655999999999999694e+00,1.672500000000000000e+02,9.555555555555555358e+00
3.655999999999999694e+00,1.677500000000000000e+02,7.444444444444442865e+00
3.655999999999999694e+00,1.682500000000000000e+02,5.888888888888886619e+00
3.655999999999999694e+00,1.687500000000000000e+02,5.999999999999997335e+00
3.655999999999999694e+00,1.692500000000000000e+02,6.333333333333331261e+00
3.655999999999999694e+00,1.697500000000000000e+02,6.444444444444442865e+00
3.655999999999999694e+00,1.702500000000000000e+02,5.666666666666665186e+00
3.655999999999999694e+00,1.707500000000000000e+02,5.999999999999999112e+00
3.655999999999999694e+00,1.712500000000000000e+02,6.555555555555554470e+00
3.655999999999999694e+00,1.717500000000000000e+02,6.000000000000000000e+00
3.655999999999999694e+00,1.722500000000000000e+02,5.444444444444443754e+00
3.655999999999999694e+00,1.727500000000000000e+02,4.222222222222222321e+00
3.655999999999999694e+00,1.732500000000000000e+02,3.777777777777777235e+00
3.655999999999999694e+00,1.737500000000000000e+02,3.333333333333333481e+00
3.655999999999999694e+00,1.742500000000000000e+02,3.666666666666666519e+00
3.655999999999999694e+00,1.747500000000000000e+02,3.000000000000000000e+00
3.655999999999999694e+00,1.752500000000000000e+02,2.666666666666666519e+00
3.655999999999999694e+00,1.757500000000000000e+02,2.333333333333333481e+00
3.655999999999999694e+00,1.762500000000000000e+02,2.666666666666666519e+00
3.655999999999999694e+00,1.767500000000000000e+02,2.777777777777778123e+00
3.655999999999999694e+00,1.772500000000000000e+02,1.888888888888889284e+00
3.655999999999999694e+00,1.777500000000000000e+02,1.333333333333333703e+00
3.655999999999999694e+00,1.782500000000000000e+02,1.000000000000000222e+00
3.655999999999999694e+00,1.787500000000000000e+02,7.777777777777780122e-01
3.655999999999999694e+00,1.792500000000000000e+02,5.555555555555558023e-01
3.655999999999999694e+00,1.797500000000000000e+02,1.111111111111113825e-01
3.671999999999999709e+00,1.302500000000000000e+02,1.988888888888888928e+01
3.671999999999999709e+00,1.307500000000000000e+02,1.944444444444444287e+01
3.671999999999999709e+00,1.312500000000000000e+02,2.033333333333333215e+01
3.671999999999999709e+00,1.317500000000000000e+02,1.733333333333333215e+01
3.671999999999999709e+00,1.322500000000000000e+02,1.622222222222222143e+01
3.671999999999999709e+00,1.327500000000000000e+02,1.366666666666666607e+01
3.671999999999999709e+00,1.332500000000000000e+02,1.488888888888888751e+01
3.671999999999999709e+00,1.337500000000000000e+02,1.577777777777777679e+01
3.671999999999999709e+00,1.342500000000000000e+02,1.599999999999999822e+01
3.671999999999999709e+00,1.347500000000000000e+02,1.511111111111110894e+01
3.671999999999999709e+00,1.352500000000000000e+02,1.288888888888888751e+01
3.671999999999999709e+00,1.357500000000000000e+02,1.255555555555555536e+01
3.671999999999999709e+00,1.362500000000000000e+02,1.422222222222222143e+01
3.671999999999999709e+00,1.367500000000000000e+02,1.588888888888888751e+01
3.671999999999999709e+00,1.372500000000000000e+02,1.600000000000000000e+01
3.671999999999999709e+00,1.377500000000000000e+02,1.411111111111111249e+01
3.671999999999999709e+00,1.382500000000000000e+02,1.300000000000000000e+01
3.671999999999999709e+00,1.387500000000000000e+02,1.244444444444444287e+01
3.671999999999999709e+00,1.392500000000000000e+02,1.266666666666666430e+01
3.671999999999999709e+00,1.397500000000000000e+02,1.266666666666666430e+01
3.671999999999999709e+00,1.402500000000000000e+02,1.266666666666666430e+01
3.671999999999999709e+00,1.407500000000000000e+02,1.188888888888888573e+01
3.671999999999999709e+00,1.412500000000000000e+02,1.133333333333332860e+01
3.671999999999999709e+00,1.417500000000000000e+02,1.133333333333332860e+01
3.671999999999999709e+00,1.422500000000000000e+02,1.133333333333332860e+01
3.671999999999999709e+00,1.427500000000000000e+02,1.166666666666666252e+01
3.671999999999999709e+00,1.432500000000000000e+02,1.155555555555555181e+01
3.671999999999999709e+00,1.437500000000000000e+02,1.211111111111110894e+01
3.671999999999999709e+00,1.442500000000000000e+02,1.266666666666666607e+01
3.671999999999999709e+00,1.447500000000000000e+02,1.155555555555555536e+01
3.671999999999999709e+00,1.452500000000000000e+02,1.200000000000000000e+01
3.671999999999999709e+00,1.457500000000000000e+02,1.200000000000000000e+01
3.671999999999999709e+00,1.462500000000000000e+02,1.311111111111111249e+01
3.671999999999999709e+00,1.467500000000000000e+02,1.244444444444444464e+01
3.671999999999999709e+00,1.472500000000000000e+02,1.144444444444444464e+01
3.671999999999999709e+00,1.477500000000000000e+02,1.233333333333333393e+01
3.671999999999999709e+00,1.482500000000000000e+02,1.233333333333333393e+01
3.671999999999999709e+00,1.487500000000000000e+02,1.288888888888888751e+01
3.671999999999999709e+00,1.492500000000000000e+02,1.122222222222222143e+01
3.671999999999999709e+00,1.497500000000000000e+02,1.200000000000000000e+01
3.671999999999999709e+00,1.502500000000000000e+02,1.222222222222222143e+01
3.671999999999999709e+00,1.507500000000000000e+02,1.244444444444444287e+01
3.671999999999999709e+00,1.512500000000000000e+02,1.177777777777777679e+01
3.671999999999999709e+00,1.517500000000000000e+02,1.266666666666666607e+01
3.671999999999999709e+00,1.522500000000000000e+02,1.233333333333333393e+01
3.671999999999999709e+00,1.527500000000000000e+02,1.200000000000000000e+01
3.671999999999999709e+00,1.532500000000000000e+02,1.277777777777777857e+01
3.671999999999999709e+00,1.537500000000000000e+02,1.266666666666666607e+01
3.671999999999999709e+00,1.542500000000000000e+02,1.233333333333333393e+01
3.671999999999999709e+00,1.547500000000000000e+02,1.033333333333333393e+01
3.671999999999999709e+00,1.552500000000000000e+02,9.888888888888887507e+00
3.671999999999999709e+00,1.557500000000000000e+02,9.111111111111110716e+00
3.671999999999999709e+00,1.562500000000000000e+02,8.222222222222221433e+00
3.671999999999999709e+00,1.567500000000000000e+02,9.777777777777776791e+00
3.671999999999999709e+00,1.572500000000000000e+02,1.077777777777777679e+01
3.671999999999999709e+00,1.577500000000000000e+02,1.199999999999999822e+01
3.671999999999999709e+00,1.582500000000000000e+02,1.211111111111110894e+01
3.671999999999999709e+00,1.587500000000000000e+02,1.222222222222222143e+01
3.671999999999999709e+00,1.592500000000000000e+02,1.077777777777777679e+01
3.671999999999999709e+00,1.597500000000000000e+02,9.555555555555555358e+00
3.671999999999999709e+00,1.602500000000000000e+02,8.777777777777776791e+00
3.671999999999999709e+00,1.607500000000000000e+02,8.666666666666664298e+00
3.671999999999999709e+00,1.612500000000000000e+02,8.999999999999998224e+00
3.671999999999999709e+00,1.617500000000000000e+02,9.333333333333330373e+00
3.671999999999999709e+00,1.622500000000000000e+02,9.999999999999998224e+00
3.671999999999999709e+00,1.627500000000000000e+02,9.111111111111108940e+00
3.671999999999999709e+00,1.632500000000000000e+02,8.555555555555551805e+00
3.671999999999999709e+00,1.637500000000000000e+02,7.444444444444441977e+00
3.671999999999999709e+00,1.642500000000000000e+02,7.333333333333331261e+00
3.671999999999999709e+00,1.647500000000000000e+02,8.777777777777776791e+00
3.671999999999999709e+00,1.652500000000000000e+02,9.222222222222219656e+00
3.671999999999999709e+00,1.657500000000000000e+02,9.555555555555553582e+00
3.671999999999999709e+00,1.662500000000000000e+02,8.555555555555553582e+00
3.671999999999999709e+00,1.667500000000000000e+02,8.666666666666664298e+00
3.671999999999999709e+00,1.672500000000000000e+02,8.555555555555551805e+00
3.671999999999999709e+00,1.677500000000000000e+02,6.999999999999996447e+00
3.671999999999999709e+00,1.682500000000000000e+02,5.999999999999996447e+00
3.671999999999999709e+00,1.687500000000000000e+02,6.111111111111107164e+00
3.671999999999999709e+00,1.692500000000000000e+02,6.666666666666661634e+00
3.671999999999999709e+00,1.697500000000000000e+02,6.777777777777774126e+00
3.671999999999999709e+00,1.702500000000000000e+02,6.555555555555550917e+00
3.671999999999999709e+00,1.707500000000000000e+02,7.111111111111107164e+00
3.671999999999999709e+00,1.712500000000000000e+02,7.222222222222217880e+00
3.671999999999999709e+00,1.717500000000000000e+02,5.999999999999995559e+00
3.671999999999999709e+00,1.722500000000000000e+02,4.444444444444440201e+00
3.671999999999999709e+00,1.727500000000000000e+02,3.777777777777773238e+00
3.671999999999999709e+00,1.732500000000000000e+02,3.777777777777773238e+00
3.671999999999999709e+00,1.737500000000000000e+02,3.777777777777773238e+00
3.671999999999999709e+00,1.742500000000000000e+02,3.666666666666662078e+00
3.671999999999999709e+00,1.747500000000000000e+02,2.666666666666662078e+00
3.671999999999999709e+00,1.752500000000000000e+02,2.111111111111106275e+00
3.671999999999999709e+00,1.757500000000000000e+02,1.888888888888883955e+00
3.671999999999999709e+00,1.762500000000000000e+02,2.111111111111106275e+00
3.671999999999999709e+00,1.767500000000000000e+02,2.111111111111106275e+00
3.671999999999999709e+00,1.772500000000000000e+02,1.666666666666661856e+00
3.671999999999999709e+00,1.777500000000000000e+02,1.444444444444439535e+00
3.671999999999999709e+00,1.782500000000000000e+02,1.111111111111106275e+00
3.671999999999999709e+00,1.787500000000000000e+02,6.666666666666617447e-01
3.671999999999999709e+00,1.792500000000000000e+02,3.333333333333284298e-01
3.671999999999999709e+00,1.797500000000000000e+02,1.111111111111062338e-01
3.687999999999999723e+00,1.302500000000000000e+02,2.177777777777777501e+01
3.687999999999999723e+00,1.307500000000000000e+02,2.133333333333333215e+01
3.687999999999999723e+00,1.312500000000000000e+02,2.177777777777778212e+01
3.687999999999999723e+00,1.317500000000000000e+02,1.977777777777778212e+01
3.687999999999999723e+00,1.322500000000000000e+02,1.866666666666667140e+01
3.687999999999999723e+00,1.327500000000000000e+02,1.644444444444444642e+01
3.687999999999999723e+00,1.332500000000000000e+02,1.666666666666666785e+01
3.687999999999999723e+00,1.337500000000000000e+02,1.722222222222222499e+01
3.687999999999999723e+00,1.342500000000000000e+02,1.688888888888888928e+01
3.687999999999999723e+00,1.347500000000000000e+02,1.533333333333333570e+01
3.687999999999999723e+00,1.352500000000000000e+02,1.288888888888889106e+01
3.687999999999999723e+00,1.357500000000000000e+02,1.233333333333333570e+01
3.687999999999999723e+00,1.362500000000000000e+02,1.344444444444444819e+01
3.687999999999999723e+00,1.367500000000000000e+02,1.388888888888889284e+01
3.687999999999999723e+00,1.372500000000000000e+02,1.333333333333333748e+01
3.687999999999999723e+00,1.377500000000000000e+02,1.177777777777778390e+01
3.687999999999999723e+00,1.382500000000000000e+02,1.166666666666667140e+01
3.687999999999999723e+00,1.387500000000000000e+02,1.155555555555556246e+01
3.687999999999999723e+00,1.392500000000000000e+02,1.188888888888889461e+01
3.687999999999999723e+00,1.397500000000000000e+02,1.244444444444444997e+01
3.687999999999999723e+00,1.402500000000000000e+02,1.255555555555556246e+01
3.687999999999999723e+00,1.407500000000000000e+02,1.311111111111111605e+01
3.687999999999999723e+00,1.412500000000000000e+02,1.277777777777778390e+01
3.687999999999999723e+00,1.417500000000000000e+02,1.288888888888889461e+01
3.687999999999999723e+00,1.422500000000000000e+02,1.200000000000000711e+01
3.687999999999999723e+00,1.427500000000000000e+02,1.044444444444445175e+01
3.687999999999999723e+00,1.432500000000000000e+02,1.100000000000000711e+01
3.687999999999999723e+00,1.437500000000000000e+02,1.077777777777778567e+01
3.687999999999999723e+00,1.442500000000000000e+02,1.222222222222223031e+01
3.687999999999999723e+00,1.447500000000000000e+02,1.111111111111111960e+01
3.687999999999999723e+00,1.452500000000000000e+02,1.200000000000000888e+01
3.687999999999999723e+00,1.457500000000000000e+02,1.177777777777778567e+01
3.687999999999999723e+00,1.462500000000000000e+02,1.177777777777778567e+01
3.687999999999999723e+00,1.467500000000000000e+02,1.077777777777778567e+01
3.687999999999999723e+00,1.472500000000000000e+02,9.888888888888898165e+00
3.687999999999999723e+00,1.477500000000000000e+02,1.044444444444445175e+01
3.687999999999999723e+00,1.482500000000000000e+02,1.144444444444445175e+01
3.687999999999999723e+00,1.487500000000000000e+02,1.188888888888889817e+01
3.687999999999999723e+00,1.492500000000000000e+02,1.166666666666667673e+01
3.687999999999999723e+00,1.497500000000000000e+02,1.166666666666667673e+01
3.687999999999999723e+00,1.502500000000000000e+02,1.222222222222223031e+01
3.687999999999999723e+00,1.507500000000000000e+02,1.244444444444445175e+01
3.687999999999999723e+00,1.512500000000000000e+02,1.144444444444445175e+01
3.687999999999999723e+00,1.517500000000000000e+02,1.200000000000000711e+01
3.687999999999999723e+00,1.522500000000000000e+02,1.133333333333334103e+01
3.687999999999999723e+00,1.527500000000000000e+02,1.111111111111111960e+01
3.687999999999999723e+00,1.532500000000000000e+02,1.144444444444445175e+01
3.687999999999999723e+00,1.537500000000000000e+02,1.188888888888889817e+01
3.687999999999999723e+00,1.542500000000000000e+02,1.200000000000000888e+01
3.687999999999999723e+00,1.547500000000000000e+02,1.077777777777778745e+01
3.687999999999999723e+00,1.552500000000000000e+02,9.333333333333342807e+00
3.687999999999999723e+00,1.557500000000000000e+02,8.777777777777787449e+00
3.687999999999999723e+00,1.562500000000000000e+02,8.222222222222233867e+00
3.687999999999999723e+00,1.567500000000000000e+02,9.333333333333344584e+00
3.687999999999999723e+00,1.572500000000000000e+02,1.022222222222223387e+01
3.687999999999999723e+00,1.577500000000000000e+02,1.111111111111112137e+01
3.687999999999999723e+00,1.582500000000000000e+02,1.088888888888889994e+01
3.687999999999999723e+00,1.587500000000000000e+02,1.044444444444445530e+01
3.687999999999999723e+00,1.592500000000000000e+02,9.444444444444455300e+00
3.687999999999999723e+00,1.597500000000000000e+02,8.888888888888899942e+00
3.687999999999999723e+00,1.602500000000000000e+02,8.444444444444455300e+00
3.687999999999999723e+00,1.607500000000000000e+02,9.000000000000012434e+00
3.687999999999999723e+00,1.612500000000000000e+02,9.555555555555566016e+00
3.687999999999999723e+00,1.617500000000000000e+02,1.055555555555556602e+01
3.687999999999999723e+00,1.622500000000000000e+02,9.888888888888899942e+00
3.687999999999999723e+00,1.627500000000000000e+02,9.444444444444455300e+00
3.687999999999999723e+00,1.632500000000000000e+02,8.000000000000012434e+00
3.687999999999999723e+00,1.637500000000000000e+02,7.444444444444457076e+00
3.687999999999999723e+00,1.642500000000000000e+02,6.888888888888900830e+00
3.687999999999999723e+00,1.647500000000000000e+02,8.000000000000012434e+00
3.687999999999999723e+00,1.652500000000000000e+02,8.333333333333344584e+00
3.687999999999999723e+00,1.657500000000000000e+02,8.333333333333344584e+00
3.687999999999999723e+00,1.662500000000000000e+02,8.111111111111123151e+00
3.687999999999999723e+00,1.667500000000000000e+02,8.111111111111123151e+00
3.687999999999999723e+00,1.672500000000000000e+02,7.666666666666678509e+00
3.687999999999999723e+00,1.677500000000000000e+02,6.888888888888900830e+00
3.687999999999999723e+00,1.682500000000000000e+02,6.000000000000011546e+00
3.687999999999999723e+00,1.687500000000000000e+02,6.666666666666678509e+00
3.687999999999999723e+00,1.692500000000000000e+02,6.222222222222234755e+00
3.687999999999999723e+00,1.697500000000000000e+02,6.444444444444457076e+00
3.687999999999999723e+00,1.702500000000000000e+02,5.888888888888902606e+00
3.687999999999999723e+00,1.707500000000000000e+02,6.111111111111124927e+00
3.687999999999999723e+00,1.712500000000000000e+02,5.333333333333347248e+00
3.687999999999999723e+00,1.717500000000000000e+02,4.888888888888902606e+00
3.687999999999999723e+00,1.722500000000000000e+02,3.888888888888903050e+00
3.687999999999999723e+00,1.727500000000000000e+02,3.888888888888903050e+00
3.687999999999999723e+00,1.732500000000000000e+02,3.888888888888903050e+00
3.687999999999999723e+00,1.737500000000000000e+02,3.444444444444458409e+00
3.687999999999999723e+00,1.742500000000000000e+02,3.222222222222236088e+00
3.687999999999999723e+00,1.747500000000000000e+02,2.444444444444458409e+00
3.687999999999999723e+00,1.752500000000000000e+02,2.777777777777791446e+00
3.687999999999999723e+00,1.757500000000000000e+02,2.777777777777791446e+00
3.687999999999999723e+00,1.762500000000000000e+02,2.666666666666680285e+00
3.687999999999999723e+00,1.767500000000000000e+02,2.333333333333346804e+00
3.687999999999999723e+00,1.772500000000000000e+02,1.666666666666680285e+00
3.687999999999999723e+00,1.777500000000000000e+02,1.666666666666680285e+00
3.687999999999999723e+00,1.782500000000000000e+02,8.888888888889024953e-01
3.687999999999999723e+00,1.787500000000000000e+02,6.666666666666802854e-01
3.687999999999999723e+00,1.792500000000000000e+02,1.111111111111247052e-01
3.687999999999999723e+00,1.797500000000000000e+02,1.111111111111247052e-01
3.703999999999999737e+00,1.302500000000000000e+02,2.366666666666666785e+01
3.703999999999999737e+00,1.307500000000000000e+02,2.233333333333333215e+01
3.703999999999999737e+00,1.312500000000000000e+02,2.222222222222222499e+01
3.703999999999999737e+00,1.317500000000000000e+02,2.122222222222222499e+01
3.703999999999999737e+00,1.322500000000000000e+02,2.077777777777778212e+01
3.703999999999999737e+00,1.327500000000000000e+02,1.866666666666666785e+01
3.703999999999999737e+00,1.332500000000000000e+02,1.744444444444444642e+01
3.703999999999999737e+00,1.337500000000000000e+02,1.622222222222222499e+01
3.703999999999999737e+00,1.342500000000000000e+02,1.511111111111111427e+01
3.703999999999999737e+00,1.347500000000000000e+02,1.455555555555555891e+01
3.703999999999999737e+00,1.352500000000000000e+02,1.422222222222222676e+01
3.703999999999999737e+00,1.357500000000000000e+02,1.500000000000000533e+01
3.703999999999999737e+00,1.362500000000000000e+02,1.477777777777778390e+01
3.703999999999999737e+00,1.367500000000000000e+02,1.488888888888889461e+01
3.703999999999999737e+00,1.372500000000000000e+02,1.355555555555556246e+01
3.703999999999999737e+00,1.377500000000000000e+02,1.311111111111111605e+01
3.703999999999999737e+00,1.382500000000000000e+02,1.200000000000000533e+01
3.703999999999999737e+00,1.387500000000000000e+02,1.122222222222222676e+01
3.703999999999999737e+00,1.392500000000000000e+02,1.088888888888889284e+01
3.703999999999999737e+00,1.397500000000000000e+02,1.144444444444444819e+01
3.703999999999999737e+00,1.402500000000000000e+02,1.200000000000000178e+01
3.703999999999999737e+00,1.407500000000000000e+02,1.188888888888889106e+01
3.703999999999999737e+00,1.412500000000000000e+02,1.122222222222222321e+01
3.703999999999999737e+00,1.417500000000000000e+02,1.177777777777778034e+01
3.703999999999999737e+00,1.422500000000000000e+02,1.211111111111111427e+01
3.703999999999999737e+00,1.427500000000000000e+02,1.066666666666666963e+01
3.703999999999999737e+00,1.432500000000000000e+02,1.033333333333333570e+01
3.703999999999999737e+00,1.437500000000000000e+02,9.555555555555557135e+00
3.703999999999999737e+00,1.442500000000000000e+02,1.100000000000000178e+01
3.703999999999999737e+00,1.447500000000000000e+02,1.044444444444444642e+01
3.703999999999999737e+00,1.452500000000000000e+02,1.122222222222222321e+01
3.703999999999999737e+00,1.457500000000000000e+02,1.111111111111111427e+01
3.703999999999999737e+00,1.462500000000000000e+02,1.133333333333333748e+01
3.703999999999999737e+00,1.467500000000000000e+02,1.011111111111111605e+01
3.703999999999999737e+00,1.472500000000000000e+02,9.444444444444448195e+00
3.703999999999999737e+00,1.477500000000000000e+02,8.666666666666671404e+00
3.703999999999999737e+00,1.482500000000000000e+02,9.777777777777783896e+00
3.703999999999999737e+00,1.487500000000000000e+02,1.111111111111111605e+01
3.703999999999999737e+00,1.492500000000000000e+02,1.155555555555556246e+01
3.703999999999999737e+00,1.497500000000000000e+02,1.211111111111111605e+01
3.703999999999999737e+00,1.502500000000000000e+02,1.166666666666667140e+01
3.703999999999999737e+00,1.507500000000000000e+02,1.244444444444444819e+01
3.703999999999999737e+00,1.512500000000000000e+02,1.133333333333333748e+01
3.703999999999999737e+00,1.517500000000000000e+02,1.177777777777778390e+01
3.703999999999999737e+00,1.522500000000000000e+02,1.055555555555556246e+01
3.703999999999999737e+00,1.527500000000000000e+02,1.022222222222222854e+01
3.703999999999999737e+00,1.532500000000000000e+02,1.011111111111111605e+01
3.703999999999999737e+00,1.537500000000000000e+02,1.111111111111111605e+01
3.703999999999999737e+00,1.542500000000000000e+02,1.100000000000000533e+01
3.703999999999999737e+00,1.547500000000000000e+02,1.122222222222222676e+01
3.703999999999999737e+00,1.552500000000000000e+02,9.555555555555558911e+00
3.703999999999999737e+00,1.557500000000000000e+02,9.444444444444448195e+00
3.703999999999999737e+00,1.562500000000000000e+02,8.000000000000003553e+00
3.703999999999999737e+00,1.567500000000000000e+02,1.011111111111111427e+01
3.703999999999999737e+00,1.572500000000000000e+02,1.100000000000000533e+01
3.703999999999999737e+00,1.577500000000000000e+02,1.200000000000000533e+01
3.703999999999999737e+00,1.582500000000000000e+02,9.888888888888892836e+00
3.703999999999999737e+00,1.587500000000000000e+02,9.222222222222226762e+00
3.703999999999999737e+00,1.592500000000000000e+02,8.222222222222226762e+00
3.703999999999999737e+00,1.597500000000000000e+02,8.222222222222226762e+00
3.703999999999999737e+00,1.602500000000000000e+02,7.888888888888892836e+00
3.703999999999999737e+00,1.607500000000000000e+02,8.666666666666669627e+00
3.703999999999999737e+00,1.612500000000000000e+02,9.777777777777780344e+00
3.703999999999999737e+00,1.617500000000000000e+02,1.088888888888889106e+01
3.703999999999999737e+00,1.622500000000000000e+02,9.888888888888891060e+00
3.703999999999999737e+00,1.627500000000000000e+02,9.333333333333333925e+00
3.703999999999999737e+00,1.632500000000000000e+02,7.444444444444445530e+00
3.703999999999999737e+00,1.637500000000000000e+02,7.111111111111111605e+00
3.703999999999999737e+00,1.642500000000000000e+02,5.555555555555557135e+00
3.703999999999999737e+00,1.647500000000000000e+02,6.333333333333335702e+00
3.703999999999999737e+00,1.652500000000000000e+02,6.555555555555557135e+00
3.703999999999999737e+00,1.657500000000000000e+02,7.444444444444446418e+00
3.703999999999999737e+00,1.662500000000000000e+02,7.222222222222224097e+00
3.703999999999999737e+00,1.667500000000000000e+02,7.000000000000002665e+00
3.703999999999999737e+00,1.672500000000000000e+02,6.222222222222224097e+00
3.703999999999999737e+00,1.677500000000000000e+02,6.222222222222224097e+00
3.703999999999999737e+00,1.682500000000000000e+02,5.444444444444445530e+00
3.703999999999999737e+00,1.687500000000000000e+02,6.111111111111111605e+00
3.703999999999999737e+00,1.692500000000000000e+02,5.444444444444445530e+00
3.703999999999999737e+00,1.697500000000000000e+02,6.000000000000000888e+00
3.703999999999999737e+00,1.702500000000000000e+02,5.222222222222224097e+00
3.703999999999999737e+00,1.707500000000000000e+02,5.333333333333334814e+00
3.703999999999999737e+00,1.712500000000000000e+02,4.333333333333334814e+00
3.703999999999999737e+00,1.717500000000000000e+02,4.888888888888890172e+00
3.703999999999999737e+00,1.722500000000000000e+02,3.888888888888890616e+00
3.703999999999999737e+00,1.727500000000000000e+02,4.000000000000001776e+00
3.703999999999999737e+00,1.732500000000000000e+02,3.444444444444446418e+00
3.703999999999999737e+00,1.737500000000000000e+02,3.111111111111112937e+00
3.703999999999999737e+00,1.742500000000000000e+02,2.444444444444446418e+00
3.703999999999999737e+00,1.747500000000000000e+02,2.000000000000001776e+00
3.703999999999999737e+00,1.752500000000000000e+02,2.555555555555557135e+00
3.703999999999999737e+00,1.757500000000000000e+02,3.444444444444446418e+00
3.703999999999999737e+00,1.762500000000000000e+02,3.222222222222224541e+00
3.703999999999999737e+00,1.767500000000000000e+02,2.555555555555557579e+00
3.703999999999999737e+00,1.772500000000000000e+02,1.555555555555557801e+00
3.703999999999999737e+00,1.777500000000000000e+02,1.333333333333335480e+00
3.703999999999999737e+00,1.782500000000000000e+02,7.777777777777797885e-01
3.703999999999999737e+00,1.787500000000000000e+02,4.444444444444464182e-01
3.703999999999999737e+00,1.792500000000000000e+02,1.998401444325281773e-15
3.703999999999999737e+00,1.797500000000000000e+02,1.998401444325281773e-15
3.719999999999999751e+00,1.302500000000000000e+02,2.611111111111111427e+01
3.719999999999999751e+00,1.307500000000000000e+02,2.466666666666666785e+01
3.719999999999999751e+00,1.312500000000000000e+02,2.266666666666666785e+01
3.719999999999999751e+00,1.317500000000000000e+02,2.233333333333333215e+01
3.719999999999999751e+00,1.322500000000000000e+02,2.188888888888888928e+01
3.719999999999999751e+00,1.327500000000000000e+02,2.088888888888888928e+01
3.719999999999999751e+00,1.332500000000000000e+02,1.955555555555555713e+01
3.719999999999999751e+00,1.337500000000000000e+02,1.844444444444444642e+01
3.719999999999999751e+00,1.342500000000000000e+02,1.622222222222222499e+01
3.719999999999999751e+00,1.347500000000000000e+02,1.422222222222222321e+01
3.719999999999999751e+00,1.352500000000000000e+02,1.455555555555555713e+01
3.719999999999999751e+00,1.357500000000000000e+02,1.633333333333333215e+01
3.719999999999999751e+00,1.362500000000000000e+02,1.677777777777777857e+01
3.719999999999999751e+00,1.367500000000000000e+02,1.622222222222222499e+01
3.719999999999999751e+00,1.372500000000000000e+02,1.488888888888889106e+01
3.719999999999999751e+00,1.377500000000000000e+02,1.522222222222222321e+01
3.719999999999999751e+00,1.382500000000000000e+02,1.311111111111111249e+01
3.719999999999999751e+00,1.387500000000000000e+02,1.255555555555555713e+01
3.719999999999999751e+00,1.392500000000000000e+02,1.055555555555555713e+01
3.719999999999999751e+00,1.397500000000000000e+02,1.066666666666666963e+01
3.719999999999999751e+00,1.402500000000000000e+02,1.077777777777778034e+01
3.719999999999999751e+00,1.407500000000000000e+02,1.133333333333333570e+01
3.719999999999999751e+00,1.412500000000000000e+02,1.055555555555555713e+01
3.719999999999999751e+00,1.417500000000000000e+02,1.122222222222222321e+01
3.719999999999999751e+00,1.422500000000000000e+02,1.233333333333333570e+01
3.719999999999999751e+00,1.427500000000000000e+02,1.222222222222222321e+01
3.719999999999999751e+00,1.432500000000000000e+02,1.155555555555555713e+01
3.719999999999999751e+00,1.437500000000000000e+02,1.033333333333333393e+01
3.719999999999999751e+00,1.442500000000000000e+02,1.111111111111111249e+01
3.719999999999999751e+00,1.447500000000000000e+02,1.144444444444444464e+01
3.719999999999999751e+00,1.452500000000000000e+02,1.122222222222222321e+01
3.719999999999999751e+00,1.457500000000000000e+02,1.144444444444444819e+01
3.719999999999999751e+00,1.462500000000000000e+02,1.077777777777778034e+01
3.719999999999999751e+00,1.467500000000000000e+02,9.777777777777780344e+00
3.719999999999999751e+00,1.472500000000000000e+02,9.222222222222224985e+00
3.719999999999999751e+00,1.477500000000000000e+02,8.333333333333335702e+00
3.719999999999999751e+00,1.482500000000000000e+02,9.666666666666669627e+00
3.719999999999999751e+00,1.487500000000000000e+02,1.033333333333333570e+01
3.719999999999999751e+00,1.492500000000000000e+02,1.100000000000000178e+01
3.719999999999999751e+00,1.497500000000000000e+02,1.055555555555555713e+01
3.719999999999999751e+00,1.502500000000000000e+02,1.066666666666666963e+01
3.719999999999999751e+00,1.507500000000000000e+02,1.155555555555555713e+01
3.719999999999999751e+00,1.512500000000000000e+02,1.144444444444444819e+01
3.719999999999999751e+00,1.517500000000000000e+02,1.133333333333333570e+01
3.719999999999999751e+00,1.522500000000000000e+02,1.022222222222222321e+01
3.719999999999999751e+00,1.527500000000000000e+02,1.022222222222222321e+01
3.719999999999999751e+00,1.532500000000000000e+02,1.011111111111111249e+01
3.719999999999999751e+00,1.537500000000000000e+02,1.088888888888889106e+01
3.719999999999999751e+00,1.542500000000000000e+02,1.044444444444444464e+01
3.719999999999999751e+00,1.547500000000000000e+02,1.055555555555555536e+01
3.719999999999999751e+00,1.552500000000000000e+02,9.000000000000000000e+00
3.719999999999999751e+00,1.557500000000000000e+02,9.222222222222221433e+00
3.719999999999999751e+00,1.562500000000000000e+02,8.333333333333333925e+00
3.719999999999999751e+00,1.567500000000000000e+02,9.333333333333333925e+00
3.719999999999999751e+00,1.572500000000000000e+02,9.333333333333333925e+00
3.719999999999999751e+00,1.577500000000000000e+02,9.555555555555555358e+00
3.719999999999999751e+00,1.582500000000000000e+02,9.999999999999998224e+00
3.719999999999999751e+00,1.587500000000000000e+02,1.044444444444444287e+01
3.719999999999999751e+00,1.592500000000000000e+02,9.555555555555555358e+00
3.719999999999999751e+00,1.597500000000000000e+02,8.222222222222221433e+00
3.719999999999999751e+00,1.602500000000000000e+02,7.888888888888888395e+00
3.719999999999999751e+00,1.607500000000000000e+02,8.777777777777776791e+00
3.719999999999999751e+00,1.612500000000000000e+02,1.055555555555555358e+01
3.719999999999999751e+00,1.617500000000000000e+02,1.044444444444444287e+01
3.719999999999999751e+00,1.622500000000000000e+02,1.033333333333333215e+01
3.719999999999999751e+00,1.627500000000000000e+02,9.444444444444442865e+00
3.719999999999999751e+00,1.632500000000000000e+02,8.777777777777776791e+00
3.719999999999999751e+00,1.637500000000000000e+02,7.888888888888886619e+00
3.719999999999999751e+00,1.642500000000000000e+02,6.777777777777775903e+00
3.719999999999999751e+00,1.647500000000000000e+02,6.444444444444442865e+00
3.719999999999999751e+00,1.652500000000000000e+02,6.555555555555553582e+00
3.719999999999999751e+00,1.657500000000000000e+02,6.888888888888886619e+00
3.719999999999999751e+00,1.662500000000000000e+02,6.666666666666664298e+00
3.719999999999999751e+00,1.667500000000000000e+02,6.555555555555553582e+00
3.719999999999999751e+00,1.672500000000000000e+02,5.444444444444442865e+00
3.719999999999999751e+00,1.677500000000000000e+02,5.999999999999999112e+00
3.719999999999999751e+00,1.682500000000000000e+02,5.111111111111109828e+00
3.719999999999999751e+00,1.687500000000000000e+02,6.111111111111109828e+00
3.719999999999999751e+00,1.692500000000000000e+02,5.111111111111109828e+00
3.719999999999999751e+00,1.697500000000000000e+02,5.777777777777775903e+00
3.719999999999999751e+00,1.702500000000000000e+02,4.333333333333331261e+00
3.719999999999999751e+00,1.707500000000000000e+02,4.333333333333331261e+00
3.719999999999999751e+00,1.712500000000000000e+02,3.444444444444442865e+00
3.719999999999999751e+00,1.717500000000000000e+02,4.777777777777775903e+00
3.719999999999999751e+00,1.722500000000000000e+02,4.555555555555553582e+00
3.719999999999999751e+00,1.727500000000000000e+02,4.777777777777775903e+00
3.719999999999999751e+00,1.732500000000000000e+02,3.444444444444442421e+00
3.719999999999999751e+00,1.737500000000000000e+02,2.888888888888887063e+00
3.719999999999999751e+00,1.742500000000000000e+02,1.888888888888886841e+00
3.719999999999999751e+00,1.747500000000000000e+02,2.111111111111108940e+00
3.719999999999999751e+00,1.752500000000000000e+02,2.555555555555553138e+00
3.719999999999999751e+00,1.757500000000000000e+02,3.222222222222220100e+00
3.719999999999999751e+00,1.762500000000000000e+02,2.666666666666664742e+00
3.719999999999999751e+00,1.767500000000000000e+02,2.111111111111108940e+00
3.719999999999999751e+00,1.772500000000000000e+02,1.222222222222220100e+00
3.719999999999999751e+00,1.777500000000000000e+02,1.111111111111108940e+00
3.719999999999999751e+00,1.782500000000000000e+02,5.555555555555533598e-01
3.719999999999999751e+00,1.787500000000000000e+02,5.555555555555533598e-01
3.719999999999999751e+00,1.792500000000000000e+02,2.222222222222200172e-01
3.719999999999999751e+00,1.797500000000000000e+02,1.111111111111089261e-01
3.735999999999999766e+00,1.302500000000000000e+02,2.611111111111111072e+01
3.735999999999999766e+00,1.307500000000000000e+02,2.488888888888888573e+01
3.735999999999999766e+00,1.312500000000000000e+02,2.244444444444444287e+01
3.735999999999999766e+00,1.317500000000000000e+02,2.133333333333333215e+01
3.735999999999999766e+00,1.322500000000000000e+02,2.033333333333333215e+01
3.735999999999999766e+00,1.327500000000000000e+02,2.077777777777777501e+01
3.735999999999999766e+00,1.332500000000000000e+02,2.022222222222222143e+01
3.735999999999999766e+00,1.337500000000000000e+02,1.911111111111111072e+01
3.735999999999999766e+00,1.342500000000000000e+02,1.677777777777777501e+01
3.735999999999999766e+00,1.347500000000000000e+02,1.499999999999999822e+01
3.735999999999999766e+00,1.352500000000000000e+02,1.588888888888888573e+01
3.735999999999999766e+00,1.357500000000000000e+02,1.799999999999999645e+01
3.735999999999999766e+00,1.362500000000000000e+02,1.844444444444444287e+01
3.735999999999999766e+00,1.367500000000000000e+02,1.811111111111111072e+01
3.735999999999999766e+00,1.372500000000000000e+02,1.655555555555555358e+01
3.735999999999999766e+00,1.377500000000000000e+02,1.666666666666666075e+01
3.735999999999999766e+00,1.382500000000000000e+02,1.444444444444444109e+01
3.735999999999999766e+00,1.387500000000000000e+02,1.388888888888888573e+01
3.735999999999999766e+00,1.392500000000000000e+02,1.222222222222221966e+01
3.735999999999999766e+00,1.397500000000000000e+02,1.277777777777777324e+01
3.735999999999999766e+00,1.402500000000000000e+02,1.311111111111110716e+01
3.735999999999999766e+00,1.407500000000000000e+02,1.288888888888888573e+01
3.735999999999999766e+00,1.412500000000000000e+02,1.211111111111110716e+01
3.735999999999999766e+00,1.417500000000000000e+02,1.188888888888888573e+01
3.735999999999999766e+00,1.422500000000000000e+02,1.399999999999999822e+01
3.735999999999999766e+00,1.427500000000000000e+02,1.333333333333333037e+01
3.735999999999999766e+00,1.432500000000000000e+02,1.222222222222221966e+01
3.735999999999999766e+00,1.437500000000000000e+02,1.022222222222221966e+01
3.735999999999999766e+00,1.442500000000000000e+02,1.088888888888888573e+01
3.735999999999999766e+00,1.447500000000000000e+02,1.144444444444444109e+01
3.735999999999999766e+00,1.452500000000000000e+02,1.122222222222221966e+01
3.735999999999999766e+00,1.457500000000000000e+02,1.177777777777777679e+01
3.735999999999999766e+00,1.462500000000000000e+02,1.111111111111110894e+01
3.735999999999999766e+00,1.467500000000000000e+02,1.044444444444444287e+01
3.735999999999999766e+00,1.472500000000000000e+02,9.555555555555553582e+00
3.735999999999999766e+00,1.477500000000000000e+02,8.999999999999998224e+00
3.735999999999999766e+00,1.482500000000000000e+02,9.111111111111108940e+00
3.735999999999999766e+00,1.487500000000000000e+02,9.444444444444442865e+00
3.735999999999999766e+00,1.492500000000000000e+02,9.999999999999998224e+00
3.735999999999999766e+00,1.497500000000000000e+02,1.033333333333333037e+01
3.735999999999999766e+00,1.502500000000000000e+02,1.011111111111110894e+01
3.735999999999999766e+00,1.507500000000000000e+02,9.999999999999998224e+00
3.735999999999999766e+00,1.512500000000000000e+02,9.333333333333330373e+00
3.735999999999999766e+00,1.517500000000000000e+02,1.055555555555555181e+01
3.735999999999999766e+00,1.522500000000000000e+02,1.022222222222221966e+01
3.735999999999999766e+00,1.527500000000000000e+02,1.111111111111110716e+01
3.735999999999999766e+00,1.532500000000000000e+02,1.022222222222221966e+01
3.735999999999999766e+00,1.537500000000000000e+02,1.111111111111110894e+01
3.735999999999999766e+00,1.542500000000000000e+02,1.022222222222222143e+01
3.735999999999999766e+00,1.547500000000000000e+02,9.444444444444442865e+00
3.735999999999999766e+00,1.552500000000000000e+02,8.222222222222219656e+00
3.735999999999999766e+00,1.557500000000000000e+02,8.444444444444442865e+00
3.735999999999999766e+00,1.562500000000000000e+02,8.222222222222221433e+00
3.735999999999999766e+00,1.567500000000000000e+02,8.888888888888887507e+00
3.735999999999999766e+00,1.572500000000000000e+02,9.666666666666666075e+00
3.735999999999999766e+00,1.577500000000000000e+02,1.022222222222222143e+01
3.735999999999999766e+00,1.582500000000000000e+02,1.044444444444444464e+01
3.735999999999999766e+00,1.587500000000000000e+02,1.011111111111111072e+01
3.735999999999999766e+00,1.592500000000000000e+02,8.555555555555555358e+00
3.735999999999999766e+00,1.597500000000000000e+02,7.222222222222221433e+00
3.735999999999999766e+00,1.602500000000000000e+02,6.555555555555554470e+00
3.735999999999999766e+00,1.607500000000000000e+02,7.333333333333332149e+00
3.735999999999999766e+00,1.612500000000000000e+02,8.222222222222221433e+00
3.735999999999999766e+00,1.617500000000000000e+02,8.444444444444442865e+00
3.735999999999999766e+00,1.622500000000000000e+02,8.666666666666666075e+00
3.735999999999999766e+00,1.627500000000000000e+02,8.888888888888887507e+00
3.735999999999999766e+00,1.632500000000000000e+02,8.222222222222221433e+00
3.735999999999999766e+00,1.637500000000000000e+02,7.999999999999999112e+00
3.735999999999999766e+00,1.642500000000000000e+02,7.777777777777775903e+00
3.735999999999999766e+00,1.647500000000000000e+02,7.555555555555553582e+00
3.735999999999999766e+00,1.652500000000000000e+02,6.999999999999997335e+00
3.735999999999999766e+00,1.657500000000000000e+02,5.777777777777775015e+00
3.735999999999999766e+00,1.662500000000000000e+02,4.888888888888886619e+00
3.735999999999999766e+00,1.667500000000000000e+02,4.999999999999997335e+00
3.735999999999999766e+00,1.672500000000000000e+02,4.555555555555553582e+00
3.735999999999999766e+00,1.677500000000000000e+02,5.555555555555553582e+00
3.735999999999999766e+00,1.682500000000000000e+02,4.888888888888886619e+00
3.735999999999999766e+00,1.687500000000000000e+02,5.999999999999997335e+00
3.735999999999999766e+00,1.692500000000000000e+02,4.999999999999997335e+00
3.735999999999999766e+00,1.697500000000000000e+02,5.555555555555553582e+00
3.735999999999999766e+00,1.702500000000000000e+02,3.999999999999998224e+00
3.735999999999999766e+00,1.707500000000000000e+02,3.999999999999998224e+00
3.735999999999999766e+00,1.712500000000000000e+02,3.111111111111109384e+00
3.735999999999999766e+00,1.717500000000000000e+02,3.888888888888887507e+00
3.735999999999999766e+00,1.722500000000000000e+02,3.888888888888887507e+00
3.735999999999999766e+00,1.727500000000000000e+02,4.111111111111109828e+00
3.735999999999999766e+00,1.732500000000000000e+02,3.111111111111109384e+00
3.735999999999999766e+00,1.737500000000000000e+02,2.999999999999998668e+00
3.735999999999999766e+00,1.742500000000000000e+02,2.222222222222220989e+00
3.735999999999999766e+00,1.747500000000000000e+02,2.555555555555554470e+00
3.735999999999999766e+00,1.752500000000000000e+02,2.111111111111110272e+00
3.735999999999999766e+00,1.757500000000000000e+02,2.555555555555554470e+00
3.735999999999999766e+00,1.762500000000000000e+02,1.666666666666665408e+00
3.735999999999999766e+00,1.767500000000000000e+02,1.555555555555554470e+00
3.735999999999999766e+00,1.772500000000000000e+02,8.888888888888878403e-01
3.735999999999999766e+00,1.777500000000000000e+02,8.888888888888878403e-01
3.735999999999999766e+00,1.782500000000000000e+02,4.444444444444433095e-01
3.735999999999999766e+00,1.787500000000000000e+02,3.333333333333322046e-01
3.735999999999999766e+00,1.792500000000000000e+02,2.222222222222211274e-01
3.735999999999999766e+00,1.797500000000000000e+02,1.111111111111100364e-01
3.751999999999999780e+00,1.302500000000000000e+02,2.744444444444444287e+01
3.751999999999999780e+00,1.307500000000000000e+02,2.622222222222221788e+01
3.751999999999999780e+00,1.312500000000000000e+02,2.388888888888888573e+01
3.751999999999999780e+00,1.317500000000000000e+02,2.211111111111110361e+01
3.751999999999999780e+00,1.322500000000000000e+02,2.111111111111110361e+01
3.751999999999999780e+00,1.327500000000000000e+02,2.122222222222221788e+01
3.751999999999999780e+00,1.332500000000000000e+02,2.055555555555555003e+01
3.751999999999999780e+00,1.337500000000000000e+02,1.922222222222221788e+01
3.751999999999999780e+00,1.342500000000000000e+02,1.799999999999999645e+01
3.751999999999999780e+00,1.347500000000000000e+02,1.577777777777777324e+01
3.751999999999999780e+00,1.352500000000000000e+02,1.599999999999999467e+01
3.751999999999999780e+00,1.357500000000000000e+02,1.711111111111110361e+01
3.751999999999999780e+00,1.362500000000000000e+02,1.944444444444443931e+01
3.751999999999999780e+00,1.367500000000000000e+02,1.911111111111110361e+01
3.751999999999999780e+00,1.372500000000000000e+02,1.744444444444443931e+01
3.751999999999999780e+00,1.377500000000000000e+02,1.588888888888888040e+01
3.751999999999999780e+00,1.382500000000000000e+02,1.422222222222221433e+01
3.751999999999999780e+00,1.387500000000000000e+02,1.377777777777776969e+01
3.751999999999999780e+00,1.392500000000000000e+02,1.288888888888888040e+01
3.751999999999999780e+00,1.397500000000000000e+02,1.377777777777776969e+01
3.751999999999999780e+00,1.402500000000000000e+02,1.444444444444443576e+01
3.751999999999999780e+00,1.407500000000000000e+02,1.422222222222221433e+01
3.751999999999999780e+00,1.412500000000000000e+02,1.322222222222221433e+01
3.751999999999999780e+00,1.417500000000000000e+02,1.211111111111110183e+01
3.751999999999999780e+00,1.422500000000000000e+02,1.366666666666665719e+01
3.751999999999999780e+00,1.427500000000000000e+02,1.366666666666665719e+01
3.751999999999999780e+00,1.432500000000000000e+02,1.344444444444443576e+01
3.751999999999999780e+00,1.437500000000000000e+02,1.122222222222221433e+01
3.751999999999999780e+00,1.442500000000000000e+02,1.077777777777776969e+01
3.751999999999999780e+00,1.447500000000000000e+02,1.066666666666665719e+01
3.751999999999999780e+00,1.452500000000000000e+02,1.111111111111110183e+01
3.751999999999999780e+00,1.457500000000000000e+02,1.211111111111110183e+01
3.751999999999999780e+00,1.462500000000000000e+02,1.166666666666665719e+01
3.751999999999999780e+00,1.467500000000000000e+02,1.166666666666665719e+01
3.751999999999999780e+00,1.472500000000000000e+02,1.077777777777776969e+01
3.751999999999999780e+00,1.477500000000000000e+02,1.022222222222221255e+01
3.751999999999999780e+00,1.482500000000000000e+02,9.222222222222212551e+00
3.751999999999999780e+00,1.487500000000000000e+02,8.888888888888880402e+00
3.751999999999999780e+00,1.492500000000000000e+02,9.222222222222212551e+00
3.751999999999999780e+00,1.497500000000000000e+02,8.888888888888880402e+00
3.751999999999999780e+00,1.502500000000000000e+02,8.999999999999991118e+00
3.751999999999999780e+00,1.507500000000000000e+02,8.444444444444435760e+00
3.751999999999999780e+00,1.512500000000000000e+02,8.222222222222212551e+00
3.751999999999999780e+00,1.517500000000000000e+02,9.999999999999991118e+00
3.751999999999999780e+00,1.522500000000000000e+02,1.066666666666665719e+01
3.751999999999999780e+00,1.527500000000000000e+02,1.211111111111110183e+01
3.751999999999999780e+00,1.532500000000000000e+02,1.099999999999999112e+01
3.751999999999999780e+00,1.537500000000000000e+02,1.199999999999999112e+01
3.751999999999999780e+00,1.542500000000000000e+02,1.088888888888888040e+01
3.751999999999999780e+00,1.547500000000000000e+02,9.444444444444435760e+00
3.751999999999999780e+00,1.552500000000000000e+02,7.666666666666658081e+00
3.751999999999999780e+00,1.557500000000000000e+02,7.666666666666658081e+00
3.751999999999999780e+00,1.562500000000000000e+02,8.555555555555548253e+00
3.751999999999999780e+00,1.567500000000000000e+02,9.111111111111103611e+00
3.751999999999999780e+00,1.572500000000000000e+02,9.999999999999992895e+00
3.751999999999999780e+00,1.577500000000000000e+02,1.066666666666665897e+01
3.751999999999999780e+00,1.582500000000000000e+02,1.133333333333332682e+01
3.751999999999999780e+00,1.587500000000000000e+02,1.088888888888888040e+01
3.751999999999999780e+00,1.592500000000000000e+02,8.222222222222214327e+00
3.751999999999999780e+00,1.597500000000000000e+02,6.555555555555547365e+00
3.751999999999999780e+00,1.602500000000000000e+02,5.999999999999992895e+00
3.751999999999999780e+00,1.607500000000000000e+02,6.888888888888882178e+00
3.751999999999999780e+00,1.612500000000000000e+02,7.555555555555549141e+00
3.751999999999999780e+00,1.617500000000000000e+02,6.888888888888882178e+00
3.751999999999999780e+00,1.622500000000000000e+02,7.333333333333325932e+00
3.751999999999999780e+00,1.627500000000000000e+02,7.777777777777770574e+00
3.751999999999999780e+00,1.632500000000000000e+02,8.555555555555548253e+00
3.751999999999999780e+00,1.637500000000000000e+02,8.333333333333325044e+00
3.751999999999999780e+00,1.642500000000000000e+02,8.999999999999991118e+00
3.751999999999999780e+00,1.647500000000000000e+02,7.555555555555547365e+00
3.751999999999999780e+00,1.652500000000000000e+02,6.555555555555547365e+00
3.751999999999999780e+00,1.657500000000000000e+02,4.111111111111103611e+00
3.751999999999999780e+00,1.662500000000000000e+02,4.333333333333325932e+00
3.751999999999999780e+00,1.667500000000000000e+02,4.888888888888882178e+00
3.751999999999999780e+00,1.672500000000000000e+02,5.222222222222215215e+00
3.751999999999999780e+00,1.677500000000000000e+02,5.777777777777771462e+00
3.751999999999999780e+00,1.682500000000000000e+02,5.444444444444438425e+00
3.751999999999999780e+00,1.687500000000000000e+02,6.222222222222216992e+00
3.751999999999999780e+00,1.692500000000000000e+02,5.444444444444439313e+00
3.751999999999999780e+00,1.697500000000000000e+02,5.555555555555550029e+00
3.751999999999999780e+00,1.702500000000000000e+02,3.999999999999994227e+00
3.751999999999999780e+00,1.707500000000000000e+02,3.888888888888882622e+00
3.751999999999999780e+00,1.712500000000000000e+02,3.444444444444437980e+00
3.751999999999999780e+00,1.717500000000000000e+02,3.777777777777771462e+00
3.751999999999999780e+00,1.722500000000000000e+02,3.666666666666660745e+00
3.751999999999999780e+00,1.727500000000000000e+02,3.666666666666660745e+00
3.751999999999999780e+00,1.732500000000000000e+02,2.888888888888883510e+00
3.751999999999999780e+00,1.737500000000000000e+02,3.111111111111105387e+00
3.751999999999999780e+00,1.742500000000000000e+02,2.222222222222216548e+00
3.751999999999999780e+00,1.747500000000000000e+02,2.444444444444438869e+00
3.751999999999999780e+00,1.752500000000000000e+02,1.555555555555550029e+00
3.751999999999999780e+00,1.757500000000000000e+02,1.666666666666660968e+00
3.751999999999999780e+00,1.762500000000000000e+02,1.111111111111105387e+00
3.751999999999999780e+00,1.767500000000000000e+02,1.111111111111105387e+00
3.751999999999999780e+00,1.772500000000000000e+02,9.999999999999943379e-01
3.751999999999999780e+00,1.777500000000000000e+02,8.888888888888831774e-01
3.751999999999999780e+00,1.782500000000000000e+02,5.555555555555499181e-01
3.751999999999999780e+00,1.787500000000000000e+02,3.333333333333276527e-01
3.751999999999999780e+00,1.792500000000000000e+02,3.333333333333276527e-01
3.751999999999999780e+00,1.797500000000000000e+02,3.333333333333276527e-01
3.767999999999999794e+00,1.302500000000000000e+02,2.611111111111111072e+01
3.767999999999999794e+00,1.307500000000000000e+02,2.644444444444444287e+01
3.767999999999999794e+00,1.312500000000000000e+02,2.622222222222221788e+01
3.767999999999999794e+00,1.317500000000000000e+02,2.499999999999999645e+01
3.767999999999999794e+00,1.322500000000000000e+02,2.355555555555555358e+01
3.767999999999999794e+00,1.327500000000000000e+02,2.233333333333332860e+01
3.767999999999999794e+00,1.332500000000000000e+02,2.188888888888888573e+01
3.767999999999999794e+00,1.337500000000000000e+02,1.955555555555555358e+01
3.767999999999999794e+00,1.342500000000000000e+02,1.811111111111111072e+01
3.767999999999999794e+00,1.347500000000000000e+02,1.666666666666666430e+01
3.767999999999999794e+00,1.352500000000000000e+02,1.744444444444444287e+01
3.767999999999999794e+00,1.357500000000000000e+02,1.822222222222221788e+01
3.767999999999999794e+00,1.362500000000000000e+02,1.822222222222221788e+01
3.767999999999999794e+00,1.367500000000000000e+02,1.744444444444444287e+01
3.767999999999999794e+00,1.372500000000000000e+02,1.622222222222222143e+01
3.767999999999999794e+00,1.377500000000000000e+02,1.544444444444444287e+01
3.767999999999999794e+00,1.382500000000000000e+02,1.466666666666666430e+01
3.767999999999999794e+00,1.387500000000000000e+02,1.466666666666666430e+01
3.767999999999999794e+00,1.392500000000000000e+02,1.422222222222221966e+01
3.767999999999999794e+00,1.397500000000000000e+02,1.477777777777777679e+01
3.767999999999999794e+00,1.402500000000000000e+02,1.411111111111110894e+01
3.767999999999999794e+00,1.407500000000000000e+02,1.344444444444444287e+01
3.767999999999999794e+00,1.412500000000000000e+02,1.255555555555555181e+01
3.767999999999999794e+00,1.417500000000000000e+02,1.144444444444444109e+01
3.767999999999999794e+00,1.422500000000000000e+02,1.188888888888888573e+01
3.767999999999999794e+00,1.427500000000000000e+02,1.255555555555555181e+01
3.767999999999999794e+00,1.432500000000000000e+02,1.355555555555555181e+01
3.767999999999999794e+00,1.437500000000000000e+02,1.177777777777777324e+01
3.767999999999999794e+00,1.442500000000000000e+02,1.033333333333333037e+01
3.767999999999999794e+00,1.447500000000000000e+02,9.555555555555551805e+00
3.767999999999999794e+00,1.452500000000000000e+02,1.044444444444444109e+01
3.767999999999999794e+00,1.457500000000000000e+02,1.111111111111110894e+01
3.767999999999999794e+00,1.462500000000000000e+02,1.100000000000000000e+01
3.767999999999999794e+00,1.467500000000000000e+02,1.188888888888888751e+01
3.767999999999999794e+00,1.472500000000000000e+02,1.188888888888888751e+01
3.767999999999999794e+00,1.477500000000000000e+02,1.155555555555555536e+01
3.767999999999999794e+00,1.482500000000000000e+02,9.777777777777776791e+00
3.767999999999999794e+00,1.487500000000000000e+02,8.999999999999998224e+00
3.767999999999999794e+00,1.492500000000000000e+02,9.777777777777775015e+00
3.767999999999999794e+00,1.497500000000000000e+02,1.022222222222221966e+01
3.767999999999999794e+00,1.502500000000000000e+02,9.999999999999998224e+00
3.767999999999999794e+00,1.507500000000000000e+02,8.666666666666664298e+00
3.767999999999999794e+00,1.512500000000000000e+02,7.444444444444441977e+00
3.767999999999999794e+00,1.517500000000000000e+02,8.555555555555551805e+00
3.767999999999999794e+00,1.522500000000000000e+02,8.777777777777775015e+00
3.767999999999999794e+00,1.527500000000000000e+02,9.777777777777775015e+00
3.767999999999999794e+00,1.532500000000000000e+02,9.222222222222219656e+00
3.767999999999999794e+00,1.537500000000000000e+02,1.033333333333333037e+01
3.767999999999999794e+00,1.542500000000000000e+02,9.555555555555551805e+00
3.767999999999999794e+00,1.547500000000000000e+02,8.333333333333330373e+00
3.767999999999999794e+00,1.552500000000000000e+02,7.444444444444440201e+00
3.767999999999999794e+00,1.557500000000000000e+02,7.666666666666663410e+00
3.767999999999999794e+00,1.562500000000000000e+02,7.888888888888885731e+00
3.767999999999999794e+00,1.567500000000000000e+02,7.999999999999997335e+00
3.767999999999999794e+00,1.572500000000000000e+02,8.666666666666664298e+00
3.767999999999999794e+00,1.577500000000000000e+02,9.444444444444442865e+00
3.767999999999999794e+00,1.582500000000000000e+02,8.222222222222219656e+00
3.767999999999999794e+00,1.587500000000000000e+02,7.666666666666664298e+00
3.767999999999999794e+00,1.592500000000000000e+02,5.444444444444441977e+00
3.767999999999999794e+00,1.597500000000000000e+02,5.777777777777775015e+00
3.767999999999999794e+00,1.602500000000000000e+02,5.111111111111108052e+00
3.767999999999999794e+00,1.607500000000000000e+02,6.555555555555552694e+00
3.767999999999999794e+00,1.612500000000000000e+02,6.444444444444440201e+00
3.767999999999999794e+00,1.617500000000000000e+02,5.999999999999996447e+00
3.767999999999999794e+00,1.622500000000000000e+02,5.333333333333329485e+00
3.767999999999999794e+00,1.627500000000000000e+02,5.555555555555552694e+00
3.767999999999999794e+00,1.632500000000000000e+02,5.999999999999996447e+00
3.767999999999999794e+00,1.637500000000000000e+02,6.444444444444440201e+00
3.767999999999999794e+00,1.642500000000000000e+02,7.555555555555552694e+00
3.767999999999999794e+00,1.647500000000000000e+02,6.777777777777775015e+00
3.767999999999999794e+00,1.652500000000000000e+02,6.111111111111108052e+00
3.767999999999999794e+00,1.657500000000000000e+02,4.111111111111108052e+00
3.767999999999999794e+00,1.662500000000000000e+02,4.777777777777775015e+00
3.767999999999999794e+00,1.667500000000000000e+02,5.222222222222219656e+00
3.767999999999999794e+00,1.672500000000000000e+02,5.777777777777775015e+00
3.767999999999999794e+00,1.677500000000000000e+02,5.444444444444441977e+00
3.767999999999999794e+00,1.682500000000000000e+02,4.777777777777775015e+00
3.767999999999999794e+00,1.687500000000000000e+02,4.666666666666664298e+00
3.767999999999999794e+00,1.692500000000000000e+02,4.555555555555552694e+00
3.767999999999999794e+00,1.697500000000000000e+02,4.999999999999997335e+00
3.767999999999999794e+00,1.702500000000000000e+02,4.333333333333331261e+00
3.767999999999999794e+00,1.707500000000000000e+02,3.555555555555553582e+00
3.767999999999999794e+00,1.712500000000000000e+02,3.111111111111108940e+00
3.767999999999999794e+00,1.717500000000000000e+02,2.555555555555553582e+00
3.767999999999999794e+00,1.722500000000000000e+02,2.888888888888887063e+00
3.767999999999999794e+00,1.727500000000000000e+02,2.555555555555553582e+00
3.767999999999999794e+00,1.732500000000000000e+02,2.555555555555553582e+00
3.767999999999999794e+00,1.737500000000000000e+02,2.555555555555553582e+00
3.767999999999999794e+00,1.742500000000000000e+02,2.222222222222220100e+00
3.767999999999999794e+00,1.747500000000000000e+02,2.111111111111109384e+00
3.767999999999999794e+00,1.752500000000000000e+02,1.555555555555553582e+00
3.767999999999999794e+00,1.757500000000000000e+02,1.555555555555553582e+00
3.767999999999999794e+00,1.762500000000000000e+02,1.222222222222220323e+00
3.767999999999999794e+00,1.767500000000000000e+02,1.222222222222220323e+00
3.767999999999999794e+00,1.772500000000000000e+02,8.888888888888869522e-01
3.767999999999999794e+00,1.777500000000000000e+02,7.777777777777757917e-01
3.767999999999999794e+00,1.782500000000000000e+02,4.444444444444424214e-01
3.767999999999999794e+00,1.787500000000000000e+02,3.333333333333313164e-01
3.767999999999999794e+00,1.792500000000000000e+02,3.333333333333313164e-01
3.767999999999999794e+00,1.797500000000000000e+02,3.333333333333313164e-01
3.783999999999999808e+00,1.302500000000000000e+02,2.644444444444444642e+01
3.783999999999999808e+00,1.307500000000000000e+02,2.622222222222222499e+01
3.783999999999999808e+00,1.312500000000000000e+02,2.755555555555555713e+01
3.783999999999999808e+00,1.317500000000000000e+02,2.577777777777778212e+01
3.783999999999999808e+00,1.322500000000000000e+02,2.600000000000000355e+01
3.783999999999999808e+00,1.327500000000000000e+02,2.333333333333333925e+01
3.783999999999999808e+00,1.332500000000000000e+02,2.300000000000000355e+01
3.783999999999999808e+00,1.337500000000000000e+02,1.988888888888889284e+01
3.783999999999999808e+00,1.342500000000000000e+02,1.833333333333333925e+01
3.783999999999999808e+00,1.347500000000000000e+02,1.622222222222222499e+01
3.783999999999999808e+00,1.352500000000000000e+02,1.700000000000000355e+01
3.783999999999999808e+00,1.357500000000000000e+02,1.722222222222222854e+01
3.783999999999999808e+00,1.362500000000000000e+02,1.711111111111111782e+01
3.783999999999999808e+00,1.367500000000000000e+02,1.611111111111111782e+01
3.783999999999999808e+00,1.372500000000000000e+02,1.511111111111111960e+01
3.783999999999999808e+00,1.377500000000000000e+02,1.422222222222223031e+01
3.783999999999999808e+00,1.382500000000000000e+02,1.477777777777778567e+01
3.783999999999999808e+00,1.387500000000000000e+02,1.522222222222223031e+01
3.783999999999999808e+00,1.392500000000000000e+02,1.466666666666667673e+01
3.783999999999999808e+00,1.397500000000000000e+02,1.322222222222223387e+01
3.783999999999999808e+00,1.402500000000000000e+02,1.233333333333334458e+01
3.783999999999999808e+00,1.407500000000000000e+02,1.288888888888889994e+01
3.783999999999999808e+00,1.412500000000000000e+02,1.177777777777778745e+01
3.783999999999999808e+00,1.417500000000000000e+02,1.100000000000000888e+01
3.783999999999999808e+00,1.422500000000000000e+02,1.077777777777778567e+01
3.783999999999999808e+00,1.427500000000000000e+02,1.333333333333334103e+01
3.783999999999999808e+00,1.432500000000000000e+02,1.455555555555556246e+01
3.783999999999999808e+00,1.437500000000000000e+02,1.255555555555556246e+01
3.783999999999999808e+00,1.442500000000000000e+02,1.100000000000000711e+01
3.783999999999999808e+00,1.447500000000000000e+02,9.444444444444451747e+00
3.783999999999999808e+00,1.452500000000000000e+02,9.666666666666674956e+00
3.783999999999999808e+00,1.457500000000000000e+02,9.222222222222230315e+00
3.783999999999999808e+00,1.462500000000000000e+02,1.077777777777778567e+01
3.783999999999999808e+00,1.467500000000000000e+02,1.233333333333334103e+01
3.783999999999999808e+00,1.472500000000000000e+02,1.233333333333334103e+01
3.783999999999999808e+00,1.477500000000000000e+02,1.044444444444445175e+01
3.783999999999999808e+00,1.482500000000000000e+02,9.000000000000007105e+00
3.783999999999999808e+00,1.487500000000000000e+02,9.333333333333341031e+00
3.783999999999999808e+00,1.492500000000000000e+02,9.555555555555562464e+00
3.783999999999999808e+00,1.497500000000000000e+02,1.011111111111111782e+01
3.783999999999999808e+00,1.502500000000000000e+02,9.222222222222228538e+00
3.783999999999999808e+00,1.507500000000000000e+02,9.222222222222228538e+00
3.783999999999999808e+00,1.512500000000000000e+02,8.444444444444449971e+00
3.783999999999999808e+00,1.517500000000000000e+02,9.000000000000005329e+00
3.783999999999999808e+00,1.522500000000000000e+02,9.000000000000005329e+00
3.783999999999999808e+00,1.527500000000000000e+02,9.111111111111116045e+00
3.783999999999999808e+00,1.532500000000000000e+02,9.111111111111116045e+00
3.783999999999999808e+00,1.537500000000000000e+02,9.666666666666673180e+00
3.783999999999999808e+00,1.542500000000000000e+02,9.777777777777783896e+00
3.783999999999999808e+00,1.547500000000000000e+02,9.000000000000005329e+00
3.783999999999999808e+00,1.552500000000000000e+02,8.555555555555558911e+00
3.783999999999999808e+00,1.557500000000000000e+02,7.777777777777782120e+00
3.783999999999999808e+00,1.562500000000000000e+02,7.666666666666671404e+00
3.783999999999999808e+00,1.567500000000000000e+02,8.000000000000005329e+00
3.783999999999999808e+00,1.572500000000000000e+02,8.333333333333337478e+00
3.783999999999999808e+00,1.577500000000000000e+02,8.666666666666671404e+00
3.783999999999999808e+00,1.582500000000000000e+02,7.444444444444449083e+00
3.783999999999999808e+00,1.587500000000000000e+02,7.444444444444449083e+00
3.783999999999999808e+00,1.592500000000000000e+02,6.000000000000004441e+00
3.783999999999999808e+00,1.597500000000000000e+02,6.555555555555560687e+00
3.783999999999999808e+00,1.602500000000000000e+02,6.555555555555560687e+00
3.783999999999999808e+00,1.607500000000000000e+02,7.888888888888893725e+00
3.783999999999999808e+00,1.612500000000000000e+02,7.666666666666671404e+00
3.783999999999999808e+00,1.617500000000000000e+02,6.222222222222227650e+00
3.783999999999999808e+00,1.622500000000000000e+02,5.222222222222227650e+00
3.783999999999999808e+00,1.627500000000000000e+02,5.111111111111116934e+00
3.783999999999999808e+00,1.632500000000000000e+02,6.555555555555560687e+00
3.783999999999999808e+00,1.637500000000000000e+02,6.111111111111116934e+00
3.783999999999999808e+00,1.642500000000000000e+02,6.111111111111116934e+00
3.783999999999999808e+00,1.647500000000000000e+02,4.444444444444449971e+00
3.783999999999999808e+00,1.652500000000000000e+02,4.666666666666672292e+00
3.783999999999999808e+00,1.657500000000000000e+02,4.000000000000006217e+00
3.783999999999999808e+00,1.662500000000000000e+02,5.555555555555561575e+00
3.783999999999999808e+00,1.667500000000000000e+02,5.222222222222228538e+00
3.783999999999999808e+00,1.672500000000000000e+02,5.555555555555561575e+00
3.783999999999999808e+00,1.677500000000000000e+02,4.000000000000006217e+00
3.783999999999999808e+00,1.682500000000000000e+02,3.555555555555562020e+00
3.783999999999999808e+00,1.687500000000000000e+02,2.555555555555562020e+00
3.783999999999999808e+00,1.692500000000000000e+02,3.444444444444450415e+00
3.783999999999999808e+00,1.697500000000000000e+02,4.111111111111116934e+00
3.783999999999999808e+00,1.702500000000000000e+02,4.333333333333339255e+00
3.783999999999999808e+00,1.707500000000000000e+02,3.555555555555561131e+00
3.783999999999999808e+00,1.712500000000000000e+02,3.333333333333339255e+00
3.783999999999999808e+00,1.717500000000000000e+02,2.777777777777783896e+00
3.783999999999999808e+00,1.722500000000000000e+02,2.888888888888895057e+00
3.783999999999999808e+00,1.727500000000000000e+02,2.444444444444450859e+00
3.783999999999999808e+00,1.732500000000000000e+02,2.555555555555562020e+00
3.783999999999999808e+00,1.737500000000000000e+02,2.222222222222228538e+00
3.783999999999999808e+00,1.742500000000000000e+02,1.888888888888895279e+00
3.783999999999999808e+00,1.747500000000000000e+02,1.666666666666672958e+00
3.783999999999999808e+00,1.752500000000000000e+02,1.222222222222228316e+00
3.783999999999999808e+00,1.757500000000000000e+02,1.333333333333339477e+00
3.783999999999999808e+00,1.762500000000000000e+02,1.111111111111117156e+00
3.783999999999999808e+00,1.767500000000000000e+02,1.222222222222228316e+00
3.783999999999999808e+00,1.772500000000000000e+02,8.888888888888950568e-01
3.783999999999999808e+00,1.777500000000000000e+02,5.555555555555616865e-01
3.783999999999999808e+00,1.782500000000000000e+02,3.333333333333394766e-01
3.783999999999999808e+00,1.787500000000000000e+02,2.222222222222283994e-01
3.783999999999999808e+00,1.792500000000000000e+02,3.333333333333394766e-01
3.783999999999999808e+00,1.797500000000000000e+02,3.333333333333394766e-01
3.799999999999999822e+00,1.302500000000000000e+02,2.733333333333333215e+01
3.799999999999999822e+00,1.307500000000000000e+02,2.755555555555555713e+01
3.799999999999999822e+00,1.312500000000000000e+02,2.833333333333333215e+01
3.799999999999999822e+00,1.317500000000000000e+02,2.733333333333333215e+01
3.799999999999999822e+00,1.322500000000000000e+02,2.766666666666666785e+01
3.799999999999999822e+00,1.327500000000000000e+02,2.655555555555555713e+01
3.799999999999999822e+00,1.332500000000000000e+02,2.544444444444444642e+01
3.799999999999999822e+00,1.337500000000000000e+02,2.266666666666666785e+01
3.799999999999999822e+00,1.342500000000000000e+02,2.044444444444444287e+01
3.799999999999999822e+00,1.347500000000000000e+02,1.844444444444444287e+01
3.799999999999999822e+00,1.352500000000000000e+02,1.788888888888888928e+01
3.799999999999999822e+00,1.357500000000000000e+02,1.655555555555555358e+01
3.799999999999999822e+00,1.362500000000000000e+02,1.533333333333333393e+01
3.799999999999999822e+00,1.367500000000000000e+02,1.477777777777777679e+01
3.799999999999999822e+00,1.372500000000000000e+02,1.399999999999999822e+01
3.799999999999999822e+00,1.377500000000000000e+02,1.388888888888888573e+01
3.799999999999999822e+00,1.382500000000000000e+02,1.544444444444444287e+01
3.799999999999999822e+00,1.387500000000000000e+02,1.733333333333333215e+01
3.799999999999999822e+00,1.392500000000000000e+02,1.622222222222222499e+01
3.799999999999999822e+00,1.397500000000000000e+02,1.333333333333333393e+01
3.799999999999999822e+00,1.402500000000000000e+02,1.155555555555555536e+01
3.799999999999999822e+00,1.407500000000000000e+02,1.288888888888888751e+01
3.799999999999999822e+00,1.412500000000000000e+02,1.277777777777777679e+01
3.799999999999999822e+00,1.417500000000000000e+02,1.322222222222221966e+01
3.799999999999999822e+00,1.422500000000000000e+02,1.199999999999999822e+01
3.799999999999999822e+00,1.427500000000000000e+02,1.366666666666666430e+01
3.799999999999999822e+00,1.432500000000000000e+02,1.444444444444444287e+01
3.799999999999999822e+00,1.437500000000000000e+02,1.266666666666666430e+01
3.799999999999999822e+00,1.442500000000000000e+02,1.144444444444444287e+01
3.799999999999999822e+00,1.447500000000000000e+02,9.333333333333330373e+00
3.799999999999999822e+00,1.452500000000000000e+02,9.333333333333330373e+00
3.799999999999999822e+00,1.457500000000000000e+02,8.555555555555551805e+00
3.799999999999999822e+00,1.462500000000000000e+02,9.555555555555551805e+00
3.799999999999999822e+00,1.467500000000000000e+02,1.033333333333333037e+01
3.799999999999999822e+00,1.472500000000000000e+02,9.999999999999996447e+00
3.799999999999999822e+00,1.477500000000000000e+02,9.222222222222219656e+00
3.799999999999999822e+00,1.482500000000000000e+02,9.444444444444441089e+00
3.799999999999999822e+00,1.487500000000000000e+02,9.777777777777775015e+00
3.799999999999999822e+00,1.492500000000000000e+02,8.999999999999998224e+00
3.799999999999999822e+00,1.497500000000000000e+02,9.333333333333330373e+00
3.799999999999999822e+00,1.502500000000000000e+02,9.111111111111108940e+00
3.799999999999999822e+00,1.507500000000000000e+02,9.333333333333332149e+00
3.799999999999999822e+00,1.512500000000000000e+02,8.222222222222221433e+00
3.799999999999999822e+00,1.517500000000000000e+02,7.555555555555554470e+00
3.799999999999999822e+00,1.522500000000000000e+02,7.222222222222221433e+00
3.799999999999999822e+00,1.527500000000000000e+02,6.444444444444443754e+00
3.799999999999999822e+00,1.532500000000000000e+02,6.666666666666666963e+00
3.799999999999999822e+00,1.537500000000000000e+02,6.555555555555554470e+00
3.799999999999999822e+00,1.542500000000000000e+02,7.666666666666665186e+00
3.799999999999999822e+00,1.547500000000000000e+02,7.999999999999999112e+00
3.799999999999999822e+00,1.552500000000000000e+02,8.666666666666666075e+00
3.799999999999999822e+00,1.557500000000000000e+02,7.777777777777775903e+00
3.799999999999999822e+00,1.562500000000000000e+02,7.333333333333332149e+00
3.799999999999999822e+00,1.567500000000000000e+02,6.999999999999999112e+00
3.799999999999999822e+00,1.572500000000000000e+02,6.999999999999999112e+00
3.799999999999999822e+00,1.577500000000000000e+02,6.444444444444442865e+00
3.799999999999999822e+00,1.582500000000000000e+02,5.777777777777775903e+00
3.799999999999999822e+00,1.587500000000000000e+02,5.666666666666665186e+00
3.799999999999999822e+00,1.592500000000000000e+02,5.999999999999999112e+00
3.799999999999999822e+00,1.597500000000000000e+02,6.555555555555554470e+00
3.799999999999999822e+00,1.602500000000000000e+02,6.999999999999999112e+00
3.799999999999999822e+00,1.607500000000000000e+02,6.999999999999999112e+00
3.799999999999999822e+00,1.612500000000000000e+02,6.222222222222221433e+00
3.799999999999999822e+00,1.617500000000000000e+02,5.111111111111110716e+00
3.799999999999999822e+00,1.622500000000000000e+02,4.111111111111110716e+00
3.799999999999999822e+00,1.627500000000000000e+02,4.555555555555554470e+00
3.799999999999999822e+00,1.632500000000000000e+02,5.222222222222221433e+00
3.799999999999999822e+00,1.637500000000000000e+02,5.888888888888888395e+00
3.799999999999999822e+00,1.642500000000000000e+02,5.222222222222221433e+00
3.799999999999999822e+00,1.647500000000000000e+02,4.666666666666665186e+00
3.799999999999999822e+00,1.652500000000000000e+02,4.777777777777775903e+00
3.799999999999999822e+00,1.657500000000000000e+02,4.999999999999999112e+00
3.799999999999999822e+00,1.662500000000000000e+02,5.666666666666665186e+00
3.799999999999999822e+00,1.667500000000000000e+02,4.888888888888887507e+00
3.799999999999999822e+00,1.672500000000000000e+02,5.111111111111109828e+00
3.799999999999999822e+00,1.677500000000000000e+02,3.555555555555554026e+00
3.799999999999999822e+00,1.682500000000000000e+02,2.999999999999998668e+00
3.799999999999999822e+00,1.687500000000000000e+02,2.111111111111110272e+00
3.799999999999999822e+00,1.692500000000000000e+02,2.999999999999998668e+00
3.799999999999999822e+00,1.697500000000000000e+02,3.444444444444443310e+00
3.799999999999999822e+00,1.702500000000000000e+02,3.666666666666665630e+00
3.799999999999999822e+00,1.707500000000000000e+02,3.111111111111110272e+00
3.799999999999999822e+00,1.712500000000000000e+02,2.777777777777776791e+00
3.799999999999999822e+00,1.717500000000000000e+02,2.333333333333332149e+00
3.799999999999999822e+00,1.722500000000000000e+02,2.333333333333332149e+00
3.799999999999999822e+00,1.727500000000000000e+02,2.111111111111109828e+00
3.799999999999999822e+00,1.732500000000000000e+02,1.888888888888887507e+00
3.799999999999999822e+00,1.737500000000000000e+02,1.444444444444443088e+00
3.799999999999999822e+00,1.742500000000000000e+02,1.222222222222220767e+00
3.799999999999999822e+00,1.747500000000000000e+02,1.444444444444443088e+00
3.799999999999999822e+00,1.752500000000000000e+02,1.333333333333332149e+00
3.799999999999999822e+00,1.757500000000000000e+02,1.666666666666665408e+00
3.799999999999999822e+00,1.762500000000000000e+02,1.333333333333332149e+00
3.799999999999999822e+00,1.767500000000000000e+02,1.444444444444443088e+00
3.799999999999999822e+00,1.772500000000000000e+02,8.888888888888875073e-01
3.799999999999999822e+00,1.777500000000000000e+02,5.555555555555541369e-01
3.799999999999999822e+00,1.782500000000000000e+02,2.222222222222208499e-01
3.799999999999999822e+00,1.787500000000000000e+02,2.222222222222208499e-01
3.799999999999999822e+00,1.792500000000000000e+02,2.222222222222208499e-01
3.799999999999999822e+00,1.797500000000000000e+02,1.111111111111097310e-01
3.815999999999999837e+00,1.302500000000000000e+02,2.888888888888888928e+01
3.815999999999999837e+00,1.307500000000000000e+02,2.911111111111111427e+01
3.815999999999999837e+00,1.312500000000000000e+02,2.977777777777778212e+01
3.815999999999999837e+00,1.317500000000000000e+02,2.888888888888889639e+01
3.815999999999999837e+00,1.322500000000000000e+02,2.833333333333334281e+01
3.815999999999999837e+00,1.327500000000000000e+02,2.644444444444445352e+01
3.815999999999999837e+00,1.332500000000000000e+02,2.444444444444445352e+01
3.815999999999999837e+00,1.337500000000000000e+02,2.133333333333334281e+01
3.815999999999999837e+00,1.342500000000000000e+02,2.022222222222223209e+01
3.815999999999999837e+00,1.347500000000000000e+02,1.955555555555556779e+01
3.815999999999999837e+00,1.352500000000000000e+02,1.944444444444445708e+01
3.815999999999999837e+00,1.357500000000000000e+02,1.722222222222223209e+01
3.815999999999999837e+00,1.362500000000000000e+02,1.688888888888889994e+01
3.815999999999999837e+00,1.367500000000000000e+02,1.711111111111112493e+01
3.815999999999999837e+00,1.372500000000000000e+02,1.655555555555556779e+01
3.815999999999999837e+00,1.377500000000000000e+02,1.477777777777779100e+01
3.815999999999999837e+00,1.382500000000000000e+02,1.544444444444445708e+01
3.815999999999999837e+00,1.387500000000000000e+02,1.644444444444445708e+01
3.815999999999999837e+00,1.392500000000000000e+02,1.633333333333334636e+01
3.815999999999999837e+00,1.397500000000000000e+02,1.300000000000001243e+01
3.815999999999999837e+00,1.402500000000000000e+02,1.211111111111112315e+01
3.815999999999999837e+00,1.407500000000000000e+02,1.366666666666668029e+01
3.815999999999999837e+00,1.412500000000000000e+02,1.400000000000001421e+01
3.815999999999999837e+00,1.417500000000000000e+02,1.377777777777779278e+01
3.815999999999999837e+00,1.422500000000000000e+02,1.200000000000001421e+01
3.815999999999999837e+00,1.427500000000000000e+02,1.211111111111112670e+01
3.815999999999999837e+00,1.432500000000000000e+02,1.200000000000001421e+01
3.815999999999999837e+00,1.437500000000000000e+02,1.077777777777779278e+01
3.815999999999999837e+00,1.442500000000000000e+02,1.100000000000001421e+01
3.815999999999999837e+00,1.447500000000000000e+02,9.777777777777792778e+00
3.815999999999999837e+00,1.452500000000000000e+02,1.022222222222223742e+01
3.815999999999999837e+00,1.457500000000000000e+02,9.111111111111126704e+00
3.815999999999999837e+00,1.462500000000000000e+02,9.555555555555571345e+00
3.815999999999999837e+00,1.467500000000000000e+02,9.777777777777792778e+00
3.815999999999999837e+00,1.472500000000000000e+02,8.777777777777792778e+00
3.815999999999999837e+00,1.477500000000000000e+02,8.222222222222237420e+00
3.815999999999999837e+00,1.482500000000000000e+02,8.888888888888903494e+00
3.815999999999999837e+00,1.487500000000000000e+02,9.888888888888903494e+00
3.815999999999999837e+00,1.492500000000000000e+02,9.000000000000014211e+00
3.815999999999999837e+00,1.497500000000000000e+02,8.000000000000014211e+00
3.815999999999999837e+00,1.502500000000000000e+02,7.444444444444457964e+00
3.815999999999999837e+00,1.507500000000000000e+02,8.222222222222235644e+00
3.815999999999999837e+00,1.512500000000000000e+02,8.777777777777791002e+00
3.815999999999999837e+00,1.517500000000000000e+02,8.444444444444458853e+00
3.815999999999999837e+00,1.522500000000000000e+02,8.555555555555569569e+00
3.815999999999999837e+00,1.527500000000000000e+02,7.111111111111124039e+00
3.815999999999999837e+00,1.532500000000000000e+02,7.222222222222234755e+00
3.815999999999999837e+00,1.537500000000000000e+02,6.111111111111124039e+00
3.815999999999999837e+00,1.542500000000000000e+02,7.222222222222235644e+00
3.815999999999999837e+00,1.547500000000000000e+02,8.333333333333348136e+00
3.815999999999999837e+00,1.552500000000000000e+02,9.000000000000014211e+00
3.815999999999999837e+00,1.557500000000000000e+02,7.777777777777791890e+00
3.815999999999999837e+00,1.562500000000000000e+02,6.777777777777791890e+00
3.815999999999999837e+00,1.567500000000000000e+02,7.111111111111124927e+00
3.815999999999999837e+00,1.572500000000000000e+02,7.222222222222235644e+00
3.815999999999999837e+00,1.577500000000000000e+02,6.666666666666681174e+00
3.815999999999999837e+00,1.582500000000000000e+02,6.555555555555568681e+00
3.815999999999999837e+00,1.587500000000000000e+02,6.333333333333346360e+00
3.815999999999999837e+00,1.592500000000000000e+02,7.222222222222235644e+00
3.815999999999999837e+00,1.597500000000000000e+02,6.777777777777791890e+00
3.815999999999999837e+00,1.602500000000000000e+02,7.000000000000014211e+00
3.815999999999999837e+00,1.607500000000000000e+02,6.333333333333347248e+00
3.815999999999999837e+00,1.612500000000000000e+02,5.555555555555568681e+00
3.815999999999999837e+00,1.617500000000000000e+02,5.222222222222235644e+00
3.815999999999999837e+00,1.622500000000000000e+02,4.111111111111124927e+00
3.815999999999999837e+00,1.627500000000000000e+02,4.666666666666681174e+00
3.815999999999999837e+00,1.632500000000000000e+02,5.111111111111124927e+00
3.815999999999999837e+00,1.637500000000000000e+02,6.111111111111124927e+00
3.815999999999999837e+00,1.642500000000000000e+02,5.333333333333347248e+00
3.815999999999999837e+00,1.647500000000000000e+02,4.555555555555570457e+00
3.815999999999999837e+00,1.652500000000000000e+02,4.222222222222236532e+00
3.815999999999999837e+00,1.657500000000000000e+02,4.555555555555570457e+00
3.815999999999999837e+00,1.662500000000000000e+02,4.888888888888903494e+00
3.815999999999999837e+00,1.667500000000000000e+02,4.333333333333348136e+00
3.815999999999999837e+00,1.672500000000000000e+02,4.333333333333348136e+00
3.815999999999999837e+00,1.677500000000000000e+02,3.222222222222236976e+00
3.815999999999999837e+00,1.682500000000000000e+02,3.000000000000014211e+00
3.815999999999999837e+00,1.687500000000000000e+02,2.333333333333347692e+00
3.815999999999999837e+00,1.692500000000000000e+02,3.444444444444458409e+00
3.815999999999999837e+00,1.697500000000000000e+02,3.666666666666680729e+00
3.815999999999999837e+00,1.702500000000000000e+02,3.555555555555570013e+00
3.815999999999999837e+00,1.707500000000000000e+02,2.888888888888903494e+00
3.815999999999999837e+00,1.712500000000000000e+02,2.555555555555570013e+00
3.815999999999999837e+00,1.717500000000000000e+02,2.888888888888903494e+00
3.815999999999999837e+00,1.722500000000000000e+02,2.444444444444459297e+00
3.815999999999999837e+00,1.727500000000000000e+02,2.444444444444459297e+00
3.815999999999999837e+00,1.732500000000000000e+02,1.777777777777792556e+00
3.815999999999999837e+00,1.737500000000000000e+02,1.444444444444459075e+00
3.815999999999999837e+00,1.742500000000000000e+02,1.000000000000014655e+00
3.815999999999999837e+00,1.747500000000000000e+02,1.444444444444459075e+00
3.815999999999999837e+00,1.752500000000000000e+02,1.666666666666681396e+00
3.815999999999999837e+00,1.757500000000000000e+02,1.888888888888903717e+00
3.815999999999999837e+00,1.762500000000000000e+02,1.333333333333348136e+00
3.815999999999999837e+00,1.767500000000000000e+02,1.111111111111126037e+00
3.815999999999999837e+00,1.772500000000000000e+02,7.777777777777926671e-01
3.815999999999999837e+00,1.777500000000000000e+02,4.444444444444592968e-01
3.815999999999999837e+00,1.782500000000000000e+02,2.222222222222370869e-01
3.815999999999999837e+00,1.787500000000000000e+02,1.487698852997709764e-14
3.815999999999999837e+00,1.792500000000000000e+02,1.487698852997709764e-14
3.815999999999999837e+00,1.797500000000000000e+02,1.487698852997709764e-14
3.831999999999999851e+00,1.302500000000000000e+02,3.411111111111110716e+01
3.831999999999999851e+00,1.307500000000000000e+02,3.433333333333333570e+01
3.831999999999999851e+00,1.312500000000000000e+02,3.311111111111111427e+01
3.831999999999999851e+00,1.317500000000000000e+02,3.211111111111111427e+01
3.831999999999999851e+00,1.322500000000000000e+02,2.966666666666666785e+01
3.831999999999999851e+00,1.327500000000000000e+02,2.844444444444444287e+01
3.831999999999999851e+00,1.332500000000000000e+02,2.722222222222221788e+01
3.831999999999999851e+00,1.337500000000000000e+02,2.455555555555555358e+01
3.831999999999999851e+00,1.342500000000000000e+02,2.300000000000000000e+01
3.831999999999999851e+00,1.347500000000000000e+02,2.122222222222222499e+01
3.831999999999999851e+00,1.352500000000000000e+02,2.133333333333333215e+01
3.831999999999999851e+00,1.357500000000000000e+02,1.911111111111111072e+01
3.831999999999999851e+00,1.362500000000000000e+02,1.888888888888888573e+01
3.831999999999999851e+00,1.367500000000000000e+02,1.811111111111111072e+01
3.831999999999999851e+00,1.372500000000000000e+02,1.833333333333333215e+01
3.831999999999999851e+00,1.377500000000000000e+02,1.700000000000000000e+01
3.831999999999999851e+00,1.382500000000000000e+02,1.666666666666666785e+01
3.831999999999999851e+00,1.387500000000000000e+02,1.566666666666666607e+01
3.831999999999999851e+00,1.392500000000000000e+02,1.511111111111110894e+01
3.831999999999999851e+00,1.397500000000000000e+02,1.233333333333333037e+01
3.831999999999999851e+00,1.402500000000000000e+02,1.133333333333333037e+01
3.831999999999999851e+00,1.407500000000000000e+02,1.244444444444444287e+01
3.831999999999999851e+00,1.412500000000000000e+02,1.277777777777777679e+01
3.831999999999999851e+00,1.417500000000000000e+02,1.333333333333333393e+01
3.831999999999999851e+00,1.422500000000000000e+02,1.100000000000000000e+01
3.831999999999999851e+00,1.427500000000000000e+02,1.044444444444444464e+01
3.831999999999999851e+00,1.432500000000000000e+02,1.000000000000000000e+01
3.831999999999999851e+00,1.437500000000000000e+02,9.777777777777778567e+00
3.831999999999999851e+00,1.442500000000000000e+02,9.666666666666666075e+00
3.831999999999999851e+00,1.447500000000000000e+02,9.444444444444444642e+00
3.831999999999999851e+00,1.452500000000000000e+02,1.000000000000000000e+01
3.831999999999999851e+00,1.457500000000000000e+02,1.022222222222222321e+01
3.831999999999999851e+00,1.462500000000000000e+02,9.555555555555555358e+00
3.831999999999999851e+00,1.467500000000000000e+02,9.666666666666666075e+00
3.831999999999999851e+00,1.472500000000000000e+02,8.888888888888887507e+00
3.831999999999999851e+00,1.477500000000000000e+02,8.444444444444442865e+00
3.831999999999999851e+00,1.482500000000000000e+02,9.222222222222219656e+00
3.831999999999999851e+00,1.487500000000000000e+02,9.444444444444442865e+00
3.831999999999999851e+00,1.492500000000000000e+02,1.022222222222222143e+01
3.831999999999999851e+00,1.497500000000000000e+02,8.111111111111110716e+00
3.831999999999999851e+00,1.502500000000000000e+02,8.111111111111110716e+00
3.831999999999999851e+00,1.507500000000000000e+02,7.444444444444443754e+00
3.831999999999999851e+00,1.512500000000000000e+02,8.777777777777776791e+00
3.831999999999999851e+00,1.517500000000000000e+02,8.333333333333333925e+00
3.831999999999999851e+00,1.522500000000000000e+02,7.666666666666666963e+00
3.831999999999999851e+00,1.527500000000000000e+02,6.444444444444443754e+00
3.831999999999999851e+00,1.532500000000000000e+02,6.222222222222221433e+00
3.831999999999999851e+00,1.537500000000000000e+02,5.666666666666666963e+00
3.831999999999999851e+00,1.542500000000000000e+02,6.111111111111110716e+00
3.831999999999999851e+00,1.547500000000000000e+02,7.444444444444443754e+00
3.831999999999999851e+00,1.552500000000000000e+02,8.000000000000000000e+00
3.831999999999999851e+00,1.557500000000000000e+02,7.444444444444443754e+00
3.831999999999999851e+00,1.562500000000000000e+02,6.222222222222221433e+00
3.831999999999999851e+00,1.567500000000000000e+02,6.222222222222221433e+00
3.831999999999999851e+00,1.572500000000000000e+02,5.777777777777777679e+00
3.831999999999999851e+00,1.577500000000000000e+02,5.555555555555554470e+00
3.831999999999999851e+00,1.582500000000000000e+02,5.888888888888888395e+00
3.831999999999999851e+00,1.587500000000000000e+02,5.999999999999999112e+00
3.831999999999999851e+00,1.592500000000000000e+02,6.999999999999999112e+00
3.831999999999999851e+00,1.597500000000000000e+02,6.555555555555554470e+00
3.831999999999999851e+00,1.602500000000000000e+02,6.888888888888888395e+00
3.831999999999999851e+00,1.607500000000000000e+02,5.333333333333332149e+00
3.831999999999999851e+00,1.612500000000000000e+02,4.666666666666665186e+00
3.831999999999999851e+00,1.617500000000000000e+02,4.999999999999999112e+00
3.831999999999999851e+00,1.622500000000000000e+02,4.999999999999999112e+00
3.831999999999999851e+00,1.627500000000000000e+02,5.777777777777775903e+00
3.831999999999999851e+00,1.632500000000000000e+02,5.666666666666665186e+00
3.831999999999999851e+00,1.637500000000000000e+02,7.111111111111109828e+00
3.831999999999999851e+00,1.642500000000000000e+02,6.666666666666665186e+00
3.831999999999999851e+00,1.647500000000000000e+02,5.888888888888888395e+00
3.831999999999999851e+00,1.652500000000000000e+02,4.333333333333333037e+00
3.831999999999999851e+00,1.657500000000000000e+02,4.333333333333333037e+00
3.831999999999999851e+00,1.662500000000000000e+02,3.777777777777777235e+00
3.831999999999999851e+00,1.667500000000000000e+02,4.111111111111110716e+00
3.831999999999999851e+00,1.672500000000000000e+02,3.666666666666666075e+00
3.831999999999999851e+00,1.677500000000000000e+02,3.999999999999999556e+00
3.831999999999999851e+00,1.682500000000000000e+02,3.999999999999999556e+00
3.831999999999999851e+00,1.687500000000000000e+02,3.999999999999999556e+00
3.831999999999999851e+00,1.692500000000000000e+02,4.111111111111110716e+00
3.831999999999999851e+00,1.697500000000000000e+02,3.777777777777777235e+00
3.831999999999999851e+00,1.702500000000000000e+02,3.666666666666666519e+00
3.831999999999999851e+00,1.707500000000000000e+02,3.333333333333333481e+00
3.831999999999999851e+00,1.712500000000000000e+02,2.777777777777778123e+00
3.831999999999999851e+00,1.717500000000000000e+02,2.777777777777778123e+00
3.831999999999999851e+00,1.722500000000000000e+02,2.000000000000000000e+00
3.831999999999999851e+00,1.727500000000000000e+02,2.222222222222222321e+00
3.831999999999999851e+00,1.732500000000000000e+02,1.444444444444444642e+00
3.831999999999999851e+00,1.737500000000000000e+02,1.444444444444444642e+00
3.831999999999999851e+00,1.742500000000000000e+02,1.333333333333333259e+00
3.831999999999999851e+00,1.747500000000000000e+02,1.777777777777777901e+00
3.831999999999999851e+00,1.752500000000000000e+02,2.111111111111111160e+00
3.831999999999999851e+00,1.757500000000000000e+02,1.666666666666666741e+00
3.831999999999999851e+00,1.762500000000000000e+02,1.333333333333333259e+00
3.831999999999999851e+00,1.767500000000000000e+02,7.777777777777776791e-01
3.831999999999999851e+00,1.772500000000000000e+02,6.666666666666666297e-01
3.831999999999999851e+00,1.777500000000000000e+02,3.333333333333332593e-01
3.831999999999999851e+00,1.782500000000000000e+02,2.222222222222221821e-01
3.831999999999999851e+00,1.787500000000000000e+02,1.111111111111110633e-01
3.831999999999999851e+00,1.792500000000000000e+02,-3.700743415417188263e-17
3.831999999999999851e+00,1.797500000000000000e+02,-3.700743415417188263e-17
3.847999999999999865e+00,1.302500000000000000e+02,3.622222222222222143e+01
3.847999999999999865e+00,1.307500000000000000e+02,3.677777777777777857e+01
3.847999999999999865e+00,1.312500000000000000e+02,3.588888888888889284e+01
3.847999999999999865e+00,1.317500000000000000e+02,3.411111111111111427e+01
3.847999999999999865e+00,1.322500000000000000e+02,3.166666666666667140e+01
3.847999999999999865e+00,1.327500000000000000e+02,2.833333333333333925e+01
3.847999999999999865e+00,1.332500000000000000e+02,2.844444444444444642e+01
3.847999999999999865e+00,1.337500000000000000e+02,2.455555555555555713e+01
3.847999999999999865e+00,1.342500000000000000e+02,2.333333333333333215e+01
3.847999999999999865e+00,1.347500000000000000e+02,2.222222222222221788e+01
3.847999999999999865e+00,1.352500000000000000e+02,2.233333333333332860e+01
3.847999999999999865e+00,1.357500000000000000e+02,2.188888888888888573e+01
3.847999999999999865e+00,1.362500000000000000e+02,2.088888888888888573e+01
3.847999999999999865e+00,1.367500000000000000e+02,2.055555555555555358e+01
3.847999999999999865e+00,1.372500000000000000e+02,2.044444444444444287e+01
3.847999999999999865e+00,1.377500000000000000e+02,1.822222222222222143e+01
3.847999999999999865e+00,1.382500000000000000e+02,1.711111111111111072e+01
3.847999999999999865e+00,1.387500000000000000e+02,1.466666666666666430e+01
3.847999999999999865e+00,1.392500000000000000e+02,1.477777777777777679e+01
3.847999999999999865e+00,1.397500000000000000e+02,1.222222222222221966e+01
3.847999999999999865e+00,1.402500000000000000e+02,1.155555555555555181e+01
3.847999999999999865e+00,1.407500000000000000e+02,1.199999999999999822e+01
3.847999999999999865e+00,1.412500000000000000e+02,1.188888888888888573e+01
3.847999999999999865e+00,1.417500000000000000e+02,1.177777777777777679e+01
3.847999999999999865e+00,1.422500000000000000e+02,9.222222222222219656e+00
3.847999999999999865e+00,1.427500000000000000e+02,8.777777777777776791e+00
3.847999999999999865e+00,1.432500000000000000e+02,8.555555555555553582e+00
3.847999999999999865e+00,1.437500000000000000e+02,9.111111111111108940e+00
3.847999999999999865e+00,1.442500000000000000e+02,9.555555555555553582e+00
3.847999999999999865e+00,1.447500000000000000e+02,9.444444444444442865e+00
3.847999999999999865e+00,1.452500000000000000e+02,9.777777777777776791e+00
3.847999999999999865e+00,1.457500000000000000e+02,9.777777777777776791e+00
3.847999999999999865e+00,1.462500000000000000e+02,9.333333333333330373e+00
3.847999999999999865e+00,1.467500000000000000e+02,1.077777777777777679e+01
3.847999999999999865e+00,1.472500000000000000e+02,9.999999999999998224e+00
3.847999999999999865e+00,1.477500000000000000e+02,9.555555555555555358e+00
3.847999999999999865e+00,1.482500000000000000e+02,9.444444444444444642e+00
3.847999999999999865e+00,1.487500000000000000e+02,9.666666666666666075e+00
3.847999999999999865e+00,1.492500000000000000e+02,1.033333333333333393e+01
3.847999999999999865e+00,1.497500000000000000e+02,8.000000000000000000e+00
3.847999999999999865e+00,1.502500000000000000e+02,7.444444444444443754e+00
3.847999999999999865e+00,1.507500000000000000e+02,7.222222222222221433e+00
3.847999999999999865e+00,1.512500000000000000e+02,8.777777777777776791e+00
3.847999999999999865e+00,1.517500000000000000e+02,9.444444444444444642e+00
3.847999999999999865e+00,1.522500000000000000e+02,9.222222222222221433e+00
3.847999999999999865e+00,1.527500000000000000e+02,8.333333333333333925e+00
3.847999999999999865e+00,1.532500000000000000e+02,7.777777777777777679e+00
3.847999999999999865e+00,1.537500000000000000e+02,6.888888888888888395e+00
3.847999999999999865e+00,1.542500000000000000e+02,6.555555555555554470e+00
3.847999999999999865e+00,1.547500000000000000e+02,6.888888888888888395e+00
3.847999999999999865e+00,1.552500000000000000e+02,7.444444444444442865e+00
3.847999999999999865e+00,1.557500000000000000e+02,6.888888888888888395e+00
3.847999999999999865e+00,1.562500000000000000e+02,5.888888888888888395e+00
3.847999999999999865e+00,1.567500000000000000e+02,5.444444444444443754e+00
3.847999999999999865e+00,1.572500000000000000e+02,5.333333333333333037e+00
3.847999999999999865e+00,1.577500000000000000e+02,5.444444444444443754e+00
3.847999999999999865e+00,1.582500000000000000e+02,5.666666666666666963e+00
3.847999999999999865e+00,1.587500000000000000e+02,5.222222222222222321e+00
3.847999999999999865e+00,1.592500000000000000e+02,5.333333333333333037e+00
3.847999999999999865e+00,1.597500000000000000e+02,5.111111111111110716e+00
3.847999999999999865e+00,1.602500000000000000e+02,5.777777777777777679e+00
3.847999999999999865e+00,1.607500000000000000e+02,6.111111111111110716e+00
3.847999999999999865e+00,1.612500000000000000e+02,5.666666666666666963e+00
3.847999999999999865e+00,1.617500000000000000e+02,6.000000000000000000e+00
3.847999999999999865e+00,1.622500000000000000e+02,5.666666666666666963e+00
3.847999999999999865e+00,1.627500000000000000e+02,5.888888888888888395e+00
3.847999999999999865e+00,1.632500000000000000e+02,5.777777777777777679e+00
3.847999999999999865e+00,1.637500000000000000e+02,5.888888888888888395e+00
3.847999999999999865e+00,1.642500000000000000e+02,5.666666666666666963e+00
3.847999999999999865e+00,1.647500000000000000e+02,5.222222222222222321e+00
3.847999999999999865e+00,1.652500000000000000e+02,4.666666666666666963e+00
3.847999999999999865e+00,1.657500000000000000e+02,4.666666666666666963e+00
3.847999999999999865e+00,1.662500000000000000e+02,4.000000000000000000e+00
3.847999999999999865e+00,1.667500000000000000e+02,4.000000000000000000e+00
3.847999999999999865e+00,1.672500000000000000e+02,4.111111111111110716e+00
3.847999999999999865e+00,1.677500000000000000e+02,4.111111111111110716e+00
3.847999999999999865e+00,1.682500000000000000e+02,4.111111111111110716e+00
3.847999999999999865e+00,1.687500000000000000e+02,3.222222222222221877e+00
3.847999999999999865e+00,1.692500000000000000e+02,3.222222222222221877e+00
3.847999999999999865e+00,1.697500000000000000e+02,3.222222222222221877e+00
3.847999999999999865e+00,1.702500000000000000e+02,3.555555555555555358e+00
3.847999999999999865e+00,1.707500000000000000e+02,3.555555555555555358e+00
3.847999999999999865e+00,1.712500000000000000e+02,2.777777777777777235e+00
3.847999999999999865e+00,1.717500000000000000e+02,2.555555555555554914e+00
3.847999999999999865e+00,1.722500000000000000e+02,1.999999999999999334e+00
3.847999999999999865e+00,1.727500000000000000e+02,2.444444444444443754e+00
3.847999999999999865e+00,1.732500000000000000e+02,2.222222222222221433e+00
3.847999999999999865e+00,1.737500000000000000e+02,1.999999999999999112e+00
3.847999999999999865e+00,1.742500000000000000e+02,1.777777777777776791e+00
3.847999999999999865e+00,1.747500000000000000e+02,1.666666666666665853e+00
3.847999999999999865e+00,1.752500000000000000e+02,1.777777777777776791e+00
3.847999999999999865e+00,1.757500000000000000e+02,1.111111111111110050e+00
3.847999999999999865e+00,1.762500000000000000e+02,9.999999999999990008e-01
3.847999999999999865e+00,1.767500000000000000e+02,5.555555555555545810e-01
3.847999999999999865e+00,1.772500000000000000e+02,5.555555555555545810e-01
3.847999999999999865e+00,1.777500000000000000e+02,3.333333333333323156e-01
3.847999999999999865e+00,1.782500000000000000e+02,4.444444444444434761e-01
3.847999999999999865e+00,1.787500000000000000e+02,3.333333333333323711e-01
3.847999999999999865e+00,1.792500000000000000e+02,1.111111111111101613e-01
3.847999999999999865e+00,1.797500000000000000e+02,-9.436895709313830594e-16
3.863999999999999879e+00,1.302500000000000000e+02,4.033333333333333570e+01
3.863999999999999879e+00,1.307500000000000000e+02,3.744444444444444997e+01
3.863999999999999879e+00,1.312500000000000000e+02,3.455555555555556424e+01
3.863999999999999879e+00,1.317500000000000000e+02,3.300000000000000711e+01
3.863999999999999879e+00,1.322500000000000000e+02,3.288888888888889284e+01
3.863999999999999879e+00,1.327500000000000000e+02,3.055555555555556069e+01
3.863999999999999879e+00,1.332500000000000000e+02,3.055555555555556069e+01
3.863999999999999879e+00,1.337500000000000000e+02,2.655555555555556069e+01
3.863999999999999879e+00,1.342500000000000000e+02,2.600000000000001066e+01
3.863999999999999879e+00,1.347500000000000000e+02,2.511111111111112493e+01
3.863999999999999879e+00,1.352500000000000000e+02,2.455555555555556779e+01
3.863999999999999879e+00,1.357500000000000000e+02,2.333333333333334281e+01
3.863999999999999879e+00,1.362500000000000000e+02,2.233333333333334281e+01
3.863999999999999879e+00,1.367500000000000000e+02,2.144444444444445708e+01
3.863999999999999879e+00,1.372500000000000000e+02,2.111111111111112493e+01
3.863999999999999879e+00,1.377500000000000000e+02,1.800000000000001066e+01
3.863999999999999879e+00,1.382500000000000000e+02,1.677777777777778923e+01
3.863999999999999879e+00,1.387500000000000000e+02,1.355555555555556957e+01
3.863999999999999879e+00,1.392500000000000000e+02,1.333333333333334814e+01
3.863999999999999879e+00,1.397500000000000000e+02,1.288888888888890172e+01
3.863999999999999879e+00,1.402500000000000000e+02,1.222222222222223564e+01
3.863999999999999879e+00,1.407500000000000000e+02,1.311111111111112315e+01
3.863999999999999879e+00,1.412500000000000000e+02,1.144444444444445708e+01
3.863999999999999879e+00,1.417500000000000000e+02,1.277777777777779100e+01
3.863999999999999879e+00,1.422500000000000000e+02,1.088888888888889994e+01
3.863999999999999879e+00,1.427500000000000000e+02,1.122222222222223387e+01
3.863999999999999879e+00,1.432500000000000000e+02,1.011111111111112137e+01
3.863999999999999879e+00,1.437500000000000000e+02,9.888888888888899942e+00
3.863999999999999879e+00,1.442500000000000000e+02,9.555555555555566016e+00
3.863999999999999879e+00,1.447500000000000000e+02,9.333333333333344584e+00
3.863999999999999879e+00,1.452500000000000000e+02,8.777777777777789225e+00
3.863999999999999879e+00,1.457500000000000000e+02,8.333333333333344584e+00
3.863999999999999879e+00,1.462500000000000000e+02,7.666666666666678509e+00
3.863999999999999879e+00,1.467500000000000000e+02,9.333333333333344584e+00
3.863999999999999879e+00,1.472500000000000000e+02,9.777777777777789225e+00
3.863999999999999879e+00,1.477500000000000000e+02,1.022222222222223387e+01
3.863999999999999879e+00,1.482500000000000000e+02,9.666666666666676733e+00
3.863999999999999879e+00,1.487500000000000000e+02,9.111111111111121375e+00
3.863999999999999879e+00,1.492500000000000000e+02,9.444444444444455300e+00
3.863999999999999879e+00,1.497500000000000000e+02,8.222222222222233867e+00
3.863999999999999879e+00,1.502500000000000000e+02,7.888888888888899942e+00
3.863999999999999879e+00,1.507500000000000000e+02,7.111111111111122263e+00
3.863999999999999879e+00,1.512500000000000000e+02,8.111111111111123151e+00
3.863999999999999879e+00,1.517500000000000000e+02,8.888888888888899942e+00
3.863999999999999879e+00,1.522500000000000000e+02,8.888888888888899942e+00
3.863999999999999879e+00,1.527500000000000000e+02,8.222222222222233867e+00
3.863999999999999879e+00,1.532500000000000000e+02,7.666666666666677621e+00
3.863999999999999879e+00,1.537500000000000000e+02,7.000000000000010658e+00
3.863999999999999879e+00,1.542500000000000000e+02,6.444444444444454412e+00
3.863999999999999879e+00,1.547500000000000000e+02,5.777777777777788337e+00
3.863999999999999879e+00,1.552500000000000000e+02,5.888888888888899942e+00
3.863999999999999879e+00,1.557500000000000000e+02,5.444444444444456188e+00
3.863999999999999879e+00,1.562500000000000000e+02,5.111111111111122263e+00
3.863999999999999879e+00,1.567500000000000000e+02,4.555555555555566905e+00
3.863999999999999879e+00,1.572500000000000000e+02,5.222222222222232979e+00
3.863999999999999879e+00,1.577500000000000000e+02,5.555555555555566905e+00
3.863999999999999879e+00,1.582500000000000000e+02,5.666666666666677621e+00
3.863999999999999879e+00,1.587500000000000000e+02,4.555555555555566016e+00
3.863999999999999879e+00,1.592500000000000000e+02,4.666666666666677621e+00
3.863999999999999879e+00,1.597500000000000000e+02,4.222222222222232979e+00
3.863999999999999879e+00,1.602500000000000000e+02,5.222222222222232979e+00
3.863999999999999879e+00,1.607500000000000000e+02,5.444444444444456188e+00
3.863999999999999879e+00,1.612500000000000000e+02,5.666666666666678509e+00
3.863999999999999879e+00,1.617500000000000000e+02,5.333333333333345472e+00
3.863999999999999879e+00,1.622500000000000000e+02,5.444444444444456188e+00
3.863999999999999879e+00,1.627500000000000000e+02,5.444444444444456188e+00
3.863999999999999879e+00,1.632500000000000000e+02,5.444444444444456188e+00
3.863999999999999879e+00,1.637500000000000000e+02,5.222222222222232979e+00
3.863999999999999879e+00,1.642500000000000000e+02,5.222222222222232979e+00
3.863999999999999879e+00,1.647500000000000000e+02,5.444444444444454412e+00
3.863999999999999879e+00,1.652500000000000000e+02,4.888888888888899054e+00
3.863999999999999879e+00,1.657500000000000000e+02,5.000000000000010658e+00
3.863999999999999879e+00,1.662500000000000000e+02,3.888888888888899942e+00
3.863999999999999879e+00,1.667500000000000000e+02,3.888888888888899942e+00
3.863999999999999879e+00,1.672500000000000000e+02,3.777777777777789225e+00
3.863999999999999879e+00,1.677500000000000000e+02,4.000000000000011546e+00
3.863999999999999879e+00,1.682500000000000000e+02,3.777777777777789225e+00
3.863999999999999879e+00,1.687500000000000000e+02,3.111111111111122707e+00
3.863999999999999879e+00,1.692500000000000000e+02,2.777777777777789225e+00
3.863999999999999879e+00,1.697500000000000000e+02,2.888888888888900386e+00
3.863999999999999879e+00,1.702500000000000000e+02,3.000000000000011990e+00
3.863999999999999879e+00,1.707500000000000000e+02,3.444444444444456632e+00
3.863999999999999879e+00,1.712500000000000000e+02,2.888888888888901274e+00
3.863999999999999879e+00,1.717500000000000000e+02,2.333333333333345472e+00
3.863999999999999879e+00,1.722500000000000000e+02,1.888888888888901052e+00
3.863999999999999879e+00,1.727500000000000000e+02,2.111111111111123595e+00
3.863999999999999879e+00,1.732500000000000000e+02,2.444444444444456632e+00
3.863999999999999879e+00,1.737500000000000000e+02,2.111111111111123595e+00
3.863999999999999879e+00,1.742500000000000000e+02,1.777777777777790114e+00
3.863999999999999879e+00,1.747500000000000000e+02,1.333333333333345694e+00
3.863999999999999879e+00,1.752500000000000000e+02,1.111111111111123373e+00
3.863999999999999879e+00,1.757500000000000000e+02,1.111111111111123373e+00
3.863999999999999879e+00,1.762500000000000000e+02,1.222222222222234533e+00
3.863999999999999879e+00,1.767500000000000000e+02,1.000000000000012212e+00
3.863999999999999879e+00,1.772500000000000000e+02,6.666666666666788421e-01
3.863999999999999879e+00,1.777500000000000000e+02,4.444444444444566322e-01
3.863999999999999879e+00,1.782500000000000000e+02,4.444444444444566322e-01
3.863999999999999879e+00,1.787500000000000000e+02,3.333333333333455273e-01
3.863999999999999879e+00,1.792500000000000000e+02,1.111111111111233313e-01
3.863999999999999879e+00,1.797500000000000000e+02,1.223095698795380841e-14
3.879999999999999893e+00,1.302500000000000000e+02,4.133333333333333570e+01
3.879999999999999893e+00,1.307500000000000000e+02,3.855555555555555713e+01
3.879999999999999893e+00,1.312500000000000000e+02,3.544444444444444997e+01
3.879999999999999893e+00,1.317500000000000000e+02,3.500000000000000711e+01
3.879999999999999893e+00,1.322500000000000000e+02,3.433333333333333570e+01
3.879999999999999893e+00,1.327500000000000000e+02,3.311111111111111427e+01
3.879999999999999893e+00,1.332500000000000000e+02,3.111111111111111427e+01
3.879999999999999893e+00,1.337500000000000000e+02,2.788888888888888928e+01
3.879999999999999893e+00,1.342500000000000000e+02,2.722222222222222499e+01
3.879999999999999893e+00,1.347500000000000000e+02,2.788888888888888928e+01
3.879999999999999893e+00,1.352500000000000000e+02,2.633333333333333215e+01
3.879999999999999893e+00,1.357500000000000000e+02,2.411111111111111072e+01
3.879999999999999893e+00,1.362500000000000000e+02,2.255555555555555358e+01
3.879999999999999893e+00,1.367500000000000000e+02,2.244444444444444287e+01
3.879999999999999893e+00,1.372500000000000000e+02,2.100000000000000000e+01
3.879999999999999893e+00,1.377500000000000000e+02,1.733333333333333215e+01
3.879999999999999893e+00,1.382500000000000000e+02,1.533333333333333393e+01
3.879999999999999893e+00,1.387500000000000000e+02,1.477777777777777679e+01
3.879999999999999893e+00,1.392500000000000000e+02,1.488888888888888751e+01
3.879999999999999893e+00,1.397500000000000000e+02,1.577777777777777679e+01
3.879999999999999893e+00,1.402500000000000000e+02,1.433333333333333037e+01
3.879999999999999893e+00,1.407500000000000000e+02,1.444444444444444287e+01
3.879999999999999893e+00,1.412500000000000000e+02,1.244444444444444287e+01
3.879999999999999893e+00,1.417500000000000000e+02,1.266666666666666607e+01
3.879999999999999893e+00,1.422500000000000000e+02,1.211111111111110894e+01
3.879999999999999893e+00,1.427500000000000000e+02,1.288888888888888573e+01
3.879999999999999893e+00,1.432500000000000000e+02,1.177777777777777324e+01
3.879999999999999893e+00,1.437500000000000000e+02,1.066666666666666252e+01
3.879999999999999893e+00,1.442500000000000000e+02,1.055555555555555181e+01
3.879999999999999893e+00,1.447500000000000000e+02,9.777777777777775015e+00
3.879999999999999893e+00,1.452500000000000000e+02,9.222222222222219656e+00
3.879999999999999893e+00,1.457500000000000000e+02,7.777777777777774126e+00
3.879999999999999893e+00,1.462500000000000000e+02,8.111111111111107164e+00
3.879999999999999893e+00,1.467500000000000000e+02,8.888888888888883955e+00
3.879999999999999893e+00,1.472500000000000000e+02,9.222222222222217880e+00
3.879999999999999893e+00,1.477500000000000000e+02,1.011111111111110716e+01
3.879999999999999893e+00,1.482500000000000000e+02,9.444444444444441089e+00
3.879999999999999893e+00,1.487500000000000000e+02,8.777777777777773238e+00
3.879999999999999893e+00,1.492500000000000000e+02,7.666666666666661634e+00
3.879999999999999893e+00,1.497500000000000000e+02,7.777777777777774126e+00
3.879999999999999893e+00,1.502500000000000000e+02,7.333333333333329485e+00
3.879999999999999893e+00,1.507500000000000000e+02,6.777777777777774126e+00
3.879999999999999893e+00,1.512500000000000000e+02,6.444444444444440201e+00
3.879999999999999893e+00,1.517500000000000000e+02,6.999999999999995559e+00
3.879999999999999893e+00,1.522500000000000000e+02,7.666666666666661634e+00
3.879999999999999893e+00,1.527500000000000000e+02,7.999999999999995559e+00
3.879999999999999893e+00,1.532500000000000000e+02,7.111111111111107164e+00
3.879999999999999893e+00,1.537500000000000000e+02,6.555555555555550917e+00
3.879999999999999893e+00,1.542500000000000000e+02,5.666666666666661634e+00
3.879999999999999893e+00,1.547500000000000000e+02,5.888888888888883066e+00
3.879999999999999893e+00,1.552500000000000000e+02,5.999999999999993783e+00
3.879999999999999893e+00,1.557500000000000000e+02,5.222222222222216104e+00
3.879999999999999893e+00,1.562500000000000000e+02,4.888888888888883066e+00
3.879999999999999893e+00,1.567500000000000000e+02,4.666666666666660745e+00
3.879999999999999893e+00,1.572500000000000000e+02,5.888888888888883066e+00
3.879999999999999893e+00,1.577500000000000000e+02,5.777777777777772350e+00
3.879999999999999893e+00,1.582500000000000000e+02,5.555555555555550029e+00
3.879999999999999893e+00,1.587500000000000000e+02,4.666666666666660745e+00
3.879999999999999893e+00,1.592500000000000000e+02,4.666666666666660745e+00
3.879999999999999893e+00,1.597500000000000000e+02,4.111111111111104499e+00
3.879999999999999893e+00,1.602500000000000000e+02,4.777777777777771462e+00
3.879999999999999893e+00,1.607500000000000000e+02,5.444444444444438425e+00
3.879999999999999893e+00,1.612500000000000000e+02,5.666666666666660745e+00
3.879999999999999893e+00,1.617500000000000000e+02,5.111111111111105387e+00
3.879999999999999893e+00,1.622500000000000000e+02,4.444444444444438425e+00
3.879999999999999893e+00,1.627500000000000000e+02,3.999999999999994227e+00
3.879999999999999893e+00,1.632500000000000000e+02,3.777777777777771462e+00
3.879999999999999893e+00,1.637500000000000000e+02,3.666666666666660301e+00
3.879999999999999893e+00,1.642500000000000000e+02,3.888888888888882178e+00
3.879999999999999893e+00,1.647500000000000000e+02,4.888888888888882178e+00
3.879999999999999893e+00,1.652500000000000000e+02,5.444444444444438425e+00
3.879999999999999893e+00,1.657500000000000000e+02,5.666666666666660745e+00
3.879999999999999893e+00,1.662500000000000000e+02,4.444444444444438425e+00
3.879999999999999893e+00,1.667500000000000000e+02,3.666666666666660745e+00
3.879999999999999893e+00,1.672500000000000000e+02,3.777777777777771462e+00
3.879999999999999893e+00,1.677500000000000000e+02,3.888888888888882178e+00
3.879999999999999893e+00,1.682500000000000000e+02,3.555555555555548697e+00
3.879999999999999893e+00,1.687500000000000000e+02,2.333333333333326376e+00
3.879999999999999893e+00,1.692500000000000000e+02,1.666666666666659857e+00
3.879999999999999893e+00,1.697500000000000000e+02,1.888888888888882178e+00
3.879999999999999893e+00,1.702500000000000000e+02,1.999999999999993561e+00
3.879999999999999893e+00,1.707500000000000000e+02,2.777777777777771462e+00
3.879999999999999893e+00,1.712500000000000000e+02,2.444444444444437980e+00
3.879999999999999893e+00,1.717500000000000000e+02,2.222222222222215660e+00
3.879999999999999893e+00,1.722500000000000000e+02,1.777777777777771462e+00
3.879999999999999893e+00,1.727500000000000000e+02,1.888888888888882400e+00
3.879999999999999893e+00,1.732500000000000000e+02,2.222222222222215660e+00
3.879999999999999893e+00,1.737500000000000000e+02,1.888888888888882400e+00
3.879999999999999893e+00,1.742500000000000000e+02,1.444444444444438203e+00
3.879999999999999893e+00,1.747500000000000000e+02,9.999999999999936717e-01
3.879999999999999893e+00,1.752500000000000000e+02,6.666666666666603014e-01
3.879999999999999893e+00,1.757500000000000000e+02,9.999999999999936717e-01
3.879999999999999893e+00,1.762500000000000000e+02,1.222222222222215882e+00
3.879999999999999893e+00,1.767500000000000000e+02,1.111111111111104721e+00
3.879999999999999893e+00,1.772500000000000000e+02,7.777777777777713508e-01
3.879999999999999893e+00,1.777500000000000000e+02,4.444444444444379805e-01
3.879999999999999893e+00,1.782500000000000000e+02,4.444444444444379805e-01
3.879999999999999893e+00,1.787500000000000000e+02,2.222222222222157706e-01
3.879999999999999893e+00,1.792500000000000000e+02,1.111111111111046656e-01
3.879999999999999893e+00,1.797500000000000000e+02,-6.439293542825907934e-15
3.895999999999999908e+00,1.302500000000000000e+02,4.955555555555556424e+01
3.895999999999999908e+00,1.307500000000000000e+02,4.344444444444444997e+01
3.895999999999999908e+00,1.312500000000000000e+02,3.833333333333333570e+01
3.895999999999999908e+00,1.317500000000000000e+02,3.811111111111111427e+01
3.895999999999999908e+00,1.322500000000000000e+02,3.700000000000000711e+01
3.895999999999999908e+00,1.327500000000000000e+02,3.711111111111111427e+01
3.895999999999999908e+00,1.332500000000000000e+02,3.233333333333333570e+01
3.895999999999999908e+00,1.337500000000000000e+02,3.122222222222221788e+01
3.895999999999999908e+00,1.342500000000000000e+02,2.988888888888888573e+01
3.895999999999999908e+00,1.347500000000000000e+02,3.066666666666666075e+01
3.895999999999999908e+00,1.352500000000000000e+02,2.877777777777777146e+01
3.895999999999999908e+00,1.357500000000000000e+02,2.522222222222221433e+01
3.895999999999999908e+00,1.362500000000000000e+02,2.411111111111110361e+01
3.895999999999999908e+00,1.367500000000000000e+02,2.299999999999998934e+01
3.895999999999999908e+00,1.372500000000000000e+02,2.166666666666665719e+01
3.895999999999999908e+00,1.377500000000000000e+02,1.877777777777776791e+01
3.895999999999999908e+00,1.382500000000000000e+02,1.733333333333332504e+01
3.895999999999999908e+00,1.387500000000000000e+02,1.666666666666665719e+01
3.895999999999999908e+00,1.392500000000000000e+02,1.599999999999999112e+01
3.895999999999999908e+00,1.397500000000000000e+02,1.677777777777776791e+01
3.895999999999999908e+00,1.402500000000000000e+02,1.499999999999998757e+01
3.895999999999999908e+00,1.407500000000000000e+02,1.466666666666665542e+01
3.895999999999999908e+00,1.412500000000000000e+02,1.233333333333332149e+01
3.895999999999999908e+00,1.417500000000000000e+02,1.244444444444443398e+01
3.895999999999999908e+00,1.422500000000000000e+02,1.244444444444443398e+01
3.895999999999999908e+00,1.427500000000000000e+02,1.322222222222220900e+01
3.895999999999999908e+00,1.432500000000000000e+02,1.255555555555554292e+01
3.895999999999999908e+00,1.437500000000000000e+02,1.166666666666665186e+01
3.895999999999999908e+00,1.442500000000000000e+02,1.066666666666665186e+01
3.895999999999999908e+00,1.447500000000000000e+02,9.777777777777764356e+00
3.895999999999999908e+00,1.452500000000000000e+02,9.333333333333319715e+00
3.895999999999999908e+00,1.457500000000000000e+02,8.444444444444430431e+00
3.895999999999999908e+00,1.462500000000000000e+02,9.333333333333319715e+00
3.895999999999999908e+00,1.467500000000000000e+02,8.444444444444430431e+00
3.895999999999999908e+00,1.472500000000000000e+02,9.888888888888873296e+00
3.895999999999999908e+00,1.477500000000000000e+02,1.055555555555554115e+01
3.895999999999999908e+00,1.482500000000000000e+02,1.011111111111109473e+01
3.895999999999999908e+00,1.487500000000000000e+02,8.666666666666650087e+00
3.895999999999999908e+00,1.492500000000000000e+02,7.888888888888872408e+00
3.895999999999999908e+00,1.497500000000000000e+02,8.222222222222205446e+00
3.895999999999999908e+00,1.502500000000000000e+02,8.444444444444428655e+00
3.895999999999999908e+00,1.507500000000000000e+02,7.444444444444428655e+00
3.895999999999999908e+00,1.512500000000000000e+02,7.333333333333317938e+00
3.895999999999999908e+00,1.517500000000000000e+02,7.222222222222207222e+00
3.895999999999999908e+00,1.522500000000000000e+02,7.999999999999984901e+00
3.895999999999999908e+00,1.527500000000000000e+02,8.666666666666651864e+00
3.895999999999999908e+00,1.532500000000000000e+02,7.777777777777761692e+00
3.895999999999999908e+00,1.537500000000000000e+02,7.444444444444428655e+00
3.895999999999999908e+00,1.542500000000000000e+02,6.222222222222206334e+00
3.895999999999999908e+00,1.547500000000000000e+02,6.555555555555539371e+00
3.895999999999999908e+00,1.552500000000000000e+02,6.222222222222206334e+00
3.895999999999999908e+00,1.557500000000000000e+02,5.666666666666650087e+00
3.895999999999999908e+00,1.562500000000000000e+02,5.333333333333317050e+00
3.895999999999999908e+00,1.567500000000000000e+02,5.333333333333317050e+00
3.895999999999999908e+00,1.572500000000000000e+02,5.999999999999983125e+00
3.895999999999999908e+00,1.577500000000000000e+02,5.666666666666650087e+00
3.895999999999999908e+00,1.582500000000000000e+02,4.777777777777760804e+00
3.895999999999999908e+00,1.587500000000000000e+02,4.777777777777760804e+00
3.895999999999999908e+00,1.592500000000000000e+02,4.999999999999983125e+00
3.895999999999999908e+00,1.597500000000000000e+02,4.111111111111093841e+00
3.895999999999999908e+00,1.602500000000000000e+02,4.222222222222204557e+00
3.895999999999999908e+00,1.607500000000000000e+02,4.222222222222204557e+00
3.895999999999999908e+00,1.612500000000000000e+02,4.555555555555538483e+00
3.895999999999999908e+00,1.617500000000000000e+02,4.111111111111093841e+00
3.895999999999999908e+00,1.622500000000000000e+02,3.888888888888871964e+00
3.895999999999999908e+00,1.627500000000000000e+02,4.111111111111093841e+00
3.895999999999999908e+00,1.632500000000000000e+02,3.555555555555538039e+00
3.895999999999999908e+00,1.637500000000000000e+02,3.888888888888871520e+00
3.895999999999999908e+00,1.642500000000000000e+02,3.777777777777760360e+00
3.895999999999999908e+00,1.647500000000000000e+02,4.666666666666649199e+00
3.895999999999999908e+00,1.652500000000000000e+02,4.444444444444425990e+00
3.895999999999999908e+00,1.657500000000000000e+02,4.333333333333315274e+00
3.895999999999999908e+00,1.662500000000000000e+02,3.222222222222204113e+00
3.895999999999999908e+00,1.667500000000000000e+02,2.777777777777759471e+00
3.895999999999999908e+00,1.672500000000000000e+02,3.111111111111092953e+00
3.895999999999999908e+00,1.677500000000000000e+02,3.999999999999981792e+00
3.895999999999999908e+00,1.682500000000000000e+02,4.111111111111092953e+00
3.895999999999999908e+00,1.687500000000000000e+02,3.555555555555537595e+00
3.895999999999999908e+00,1.692500000000000000e+02,2.555555555555537595e+00
3.895999999999999908e+00,1.697500000000000000e+02,2.333333333333315718e+00
3.895999999999999908e+00,1.702500000000000000e+02,2.222222222222204557e+00
3.895999999999999908e+00,1.707500000000000000e+02,2.666666666666648755e+00
3.895999999999999908e+00,1.712500000000000000e+02,2.222222222222204113e+00
3.895999999999999908e+00,1.717500000000000000e+02,1.666666666666648533e+00
3.895999999999999908e+00,1.722500000000000000e+02,1.333333333333315274e+00
3.895999999999999908e+00,1.727500000000000000e+02,1.333333333333315274e+00
3.895999999999999908e+00,1.732500000000000000e+02,1.555555555555537595e+00
3.895999999999999908e+00,1.737500000000000000e+02,1.444444444444426212e+00
3.895999999999999908e+00,1.742500000000000000e+02,1.222222222222203891e+00
3.895999999999999908e+00,1.747500000000000000e+02,1.111111111111092953e+00
3.895999999999999908e+00,1.752500000000000000e+02,7.777777777777595825e-01
3.895999999999999908e+00,1.757500000000000000e+02,1.111111111111092953e+00
3.895999999999999908e+00,1.762500000000000000e+02,9.999999999999817923e-01
3.895999999999999908e+00,1.767500000000000000e+02,7.777777777777595825e-01
3.895999999999999908e+00,1.772500000000000000e+02,5.555555555555374836e-01
3.895999999999999908e+00,1.777500000000000000e+02,3.333333333333152182e-01
3.895999999999999908e+00,1.782500000000000000e+02,2.222222222222041133e-01
3.895999999999999908e+00,1.787500000000000000e+02,-1.809663530139005161e-14
3.895999999999999908e+00,1.792500000000000000e+02,-1.809663530139005161e-14
3.895999999999999908e+00,1.797500000000000000e+02,-1.809663530139005161e-14
3.911999999999999922e+00,1.302500000000000000e+02,5.222222222222222143e+01
3.911999999999999922e+00,1.307500000000000000e+02,4.888888888888888573e+01
3.911999999999999922e+00,1.312500000000000000e+02,4.500000000000000000e+01
3.911999999999999922e+00,1.317500000000000000e+02,4.455555555555556424e+01
3.911999999999999922e+00,1.322500000000000000e+02,4.144444444444444997e+01
3.911999999999999922e+00,1.327500000000000000e+02,4.088888888888889284e+01
3.911999999999999922e+00,1.332500000000000000e+02,3.477777777777777857e+01
3.911999999999999922e+00,1.337500000000000000e+02,3.444444444444444997e+01
3.911999999999999922e+00,1.342500000000000000e+02,3.177777777777778212e+01
3.911999999999999922e+00,1.347500000000000000e+02,3.155555555555555713e+01
3.911999999999999922e+00,1.352500000000000000e+02,2.822222222222222499e+01
3.911999999999999922e+00,1.357500000000000000e+02,2.411111111111111427e+01
3.911999999999999922e+00,1.362500000000000000e+02,2.288888888888889639e+01
3.911999999999999922e+00,1.367500000000000000e+02,2.244444444444444642e+01
3.911999999999999922e+00,1.372500000000000000e+02,2.188888888888889639e+01
3.911999999999999922e+00,1.377500000000000000e+02,2.066666666666667140e+01
3.911999999999999922e+00,1.382500000000000000e+02,1.922222222222222854e+01
3.911999999999999922e+00,1.387500000000000000e+02,1.966666666666667140e+01
3.911999999999999922e+00,1.392500000000000000e+02,1.900000000000000355e+01
3.911999999999999922e+00,1.397500000000000000e+02,1.822222222222222499e+01
3.911999999999999922e+00,1.402500000000000000e+02,1.644444444444444642e+01
3.911999999999999922e+00,1.407500000000000000e+02,1.466666666666666963e+01
3.911999999999999922e+00,1.412500000000000000e+02,1.366666666666666963e+01
3.911999999999999922e+00,1.417500000000000000e+02,1.244444444444444819e+01
3.911999999999999922e+00,1.422500000000000000e+02,1.277777777777778034e+01
3.911999999999999922e+00,1.427500000000000000e+02,1.244444444444444819e+01
3.911999999999999922e+00,1.432500000000000000e+02,1.288888888888889284e+01
3.911999999999999922e+00,1.437500000000000000e+02,1.200000000000000533e+01
3.911999999999999922e+00,1.442500000000000000e+02,1.155555555555556246e+01
3.911999999999999922e+00,1.447500000000000000e+02,1.011111111111111605e+01
3.911999999999999922e+00,1.452500000000000000e+02,1.011111111111111605e+01
3.911999999999999922e+00,1.457500000000000000e+02,9.444444444444449971e+00
3.911999999999999922e+00,1.462500000000000000e+02,1.088888888888889461e+01
3.911999999999999922e+00,1.467500000000000000e+02,9.444444444444451747e+00
3.911999999999999922e+00,1.472500000000000000e+02,9.777777777777783896e+00
3.911999999999999922e+00,1.477500000000000000e+02,9.777777777777783896e+00
3.911999999999999922e+00,1.482500000000000000e+02,1.000000000000000711e+01
3.911999999999999922e+00,1.487500000000000000e+02,9.333333333333341031e+00
3.911999999999999922e+00,1.492500000000000000e+02,8.666666666666673180e+00
3.911999999999999922e+00,1.497500000000000000e+02,8.000000000000007105e+00
3.911999999999999922e+00,1.502500000000000000e+02,8.555555555555562464e+00
3.911999999999999922e+00,1.507500000000000000e+02,7.111111111111118710e+00
3.911999999999999922e+00,1.512500000000000000e+02,6.666666666666674956e+00
3.911999999999999922e+00,1.517500000000000000e+02,6.333333333333341919e+00
3.911999999999999922e+00,1.522500000000000000e+02,7.000000000000007994e+00
3.911999999999999922e+00,1.527500000000000000e+02,8.333333333333341031e+00
3.911999999999999922e+00,1.532500000000000000e+02,7.000000000000007994e+00
3.911999999999999922e+00,1.537500000000000000e+02,7.000000000000007994e+00
3.911999999999999922e+00,1.542500000000000000e+02,6.333333333333341919e+00
3.911999999999999922e+00,1.547500000000000000e+02,7.111111111111118710e+00
3.911999999999999922e+00,1.552500000000000000e+02,6.666666666666674956e+00
3.911999999999999922e+00,1.557500000000000000e+02,5.444444444444452635e+00
3.911999999999999922e+00,1.562500000000000000e+02,5.111111111111118710e+00
3.911999999999999922e+00,1.567500000000000000e+02,5.000000000000007994e+00
3.911999999999999922e+00,1.572500000000000000e+02,5.444444444444452635e+00
3.911999999999999922e+00,1.577500000000000000e+02,5.444444444444452635e+00
3.911999999999999922e+00,1.582500000000000000e+02,4.222222222222230315e+00
3.911999999999999922e+00,1.587500000000000000e+02,4.666666666666674956e+00
3.911999999999999922e+00,1.592500000000000000e+02,4.444444444444452635e+00
3.911999999999999922e+00,1.597500000000000000e+02,4.444444444444452635e+00
3.911999999999999922e+00,1.602500000000000000e+02,4.222222222222231203e+00
3.911999999999999922e+00,1.607500000000000000e+02,4.111111111111119598e+00
3.911999999999999922e+00,1.612500000000000000e+02,4.333333333333341919e+00
3.911999999999999922e+00,1.617500000000000000e+02,4.000000000000007994e+00
3.911999999999999922e+00,1.622500000000000000e+02,3.666666666666674956e+00
3.911999999999999922e+00,1.627500000000000000e+02,4.111111111111119598e+00
3.911999999999999922e+00,1.632500000000000000e+02,3.888888888888897721e+00
3.911999999999999922e+00,1.637500000000000000e+02,4.222222222222231203e+00
3.911999999999999922e+00,1.642500000000000000e+02,3.666666666666674956e+00
3.911999999999999922e+00,1.647500000000000000e+02,4.111111111111119598e+00
3.911999999999999922e+00,1.652500000000000000e+02,4.111111111111119598e+00
3.911999999999999922e+00,1.657500000000000000e+02,3.888888888888897721e+00
3.911999999999999922e+00,1.662500000000000000e+02,2.555555555555564240e+00
3.911999999999999922e+00,1.667500000000000000e+02,1.888888888888897499e+00
3.911999999999999922e+00,1.672500000000000000e+02,2.555555555555564240e+00
3.911999999999999922e+00,1.677500000000000000e+02,4.000000000000007994e+00
3.911999999999999922e+00,1.682500000000000000e+02,4.222222222222230315e+00
3.911999999999999922e+00,1.687500000000000000e+02,3.666666666666674956e+00
3.911999999999999922e+00,1.692500000000000000e+02,2.333333333333341475e+00
3.911999999999999922e+00,1.697500000000000000e+02,2.000000000000008438e+00
3.911999999999999922e+00,1.702500000000000000e+02,1.888888888888897277e+00
3.911999999999999922e+00,1.707500000000000000e+02,2.333333333333341475e+00
3.911999999999999922e+00,1.712500000000000000e+02,2.222222222222230759e+00
3.911999999999999922e+00,1.717500000000000000e+02,1.777777777777786339e+00
3.911999999999999922e+00,1.722500000000000000e+02,1.666666666666675178e+00
3.911999999999999922e+00,1.727500000000000000e+02,1.333333333333341919e+00
3.911999999999999922e+00,1.732500000000000000e+02,1.222222222222230759e+00
3.911999999999999922e+00,1.737500000000000000e+02,1.111111111111119598e+00
3.911999999999999922e+00,1.742500000000000000e+02,1.111111111111119598e+00
3.911999999999999922e+00,1.747500000000000000e+02,1.111111111111119598e+00
3.911999999999999922e+00,1.752500000000000000e+02,8.888888888888972772e-01
3.911999999999999922e+00,1.757500000000000000e+02,1.000000000000008438e+00
3.911999999999999922e+00,1.762500000000000000e+02,1.000000000000008438e+00
3.911999999999999922e+00,1.767500000000000000e+02,6.666666666666750674e-01
3.911999999999999922e+00,1.772500000000000000e+02,5.555555555555639069e-01
3.911999999999999922e+00,1.777500000000000000e+02,3.333333333333417525e-01
3.911999999999999922e+00,1.782500000000000000e+02,2.222222222222306753e-01
3.911999999999999922e+00,1.787500000000000000e+02,8.474702421305361066e-15
3.911999999999999922e+00,1.792500000000000000e+02,8.474702421305361066e-15
3.911999999999999922e+00,1.797500000000000000e+02,8.474702421305361066e-15
3.927999999999999936e+00,1.302500000000000000e+02,5.477777777777777146e+01
3.927999999999999936e+00,1.307500000000000000e+02,5.200000000000000000e+01
3.927999999999999936e+00,1.312500000000000000e+02,4.855555555555556424e+01
3.927999999999999936e+00,1.317500000000000000e+02,4.744444444444444997e+01
3.927999999999999936e+00,1.322500000000000000e+02,4.588888888888889284e+01
3.927999999999999936e+00,1.327500000000000000e+02,4.333333333333333570e+01
3.927999999999999936e+00,1.332500000000000000e+02,3.633333333333333570e+01
3.927999999999999936e+00,1.337500000000000000e+02,3.500000000000000000e+01
3.927999999999999936e+00,1.342500000000000000e+02,3.266666666666666430e+01
3.927999999999999936e+00,1.347500000000000000e+02,3.222222222222222143e+01
3.927999999999999936e+00,1.352500000000000000e+02,2.822222222222221788e+01
3.927999999999999936e+00,1.357500000000000000e+02,2.533333333333332860e+01
3.927999999999999936e+00,1.362500000000000000e+02,2.399999999999999645e+01
3.927999999999999936e+00,1.367500000000000000e+02,2.355555555555555358e+01
3.927999999999999936e+00,1.372500000000000000e+02,2.344444444444444287e+01
3.927999999999999936e+00,1.377500000000000000e+02,2.211111111111111072e+01
3.927999999999999936e+00,1.382500000000000000e+02,2.066666666666666785e+01
3.927999999999999936e+00,1.387500000000000000e+02,2.033333333333333215e+01
3.927999999999999936e+00,1.392500000000000000e+02,1.933333333333333215e+01
3.927999999999999936e+00,1.397500000000000000e+02,1.755555555555555358e+01
3.927999999999999936e+00,1.402500000000000000e+02,1.600000000000000000e+01
3.927999999999999936e+00,1.407500000000000000e+02,1.555555555555555713e+01
3.927999999999999936e+00,1.412500000000000000e+02,1.522222222222222321e+01
3.927999999999999936e+00,1.417500000000000000e+02,1.433333333333333570e+01
3.927999999999999936e+00,1.422500000000000000e+02,1.288888888888889106e+01
3.927999999999999936e+00,1.427500000000000000e+02,1.188888888888889106e+01
3.927999999999999936e+00,1.432500000000000000e+02,1.166666666666666607e+01
3.927999999999999936e+00,1.437500000000000000e+02,1.255555555555555713e+01
3.927999999999999936e+00,1.442500000000000000e+02,1.144444444444444464e+01
3.927999999999999936e+00,1.447500000000000000e+02,1.033333333333333393e+01
3.927999999999999936e+00,1.452500000000000000e+02,9.111111111111112493e+00
3.927999999999999936e+00,1.457500000000000000e+02,8.666666666666667851e+00
3.927999999999999936e+00,1.462500000000000000e+02,1.044444444444444464e+01
3.927999999999999936e+00,1.467500000000000000e+02,1.000000000000000178e+01
3.927999999999999936e+00,1.472500000000000000e+02,1.100000000000000000e+01
3.927999999999999936e+00,1.477500000000000000e+02,1.022222222222222321e+01
3.927999999999999936e+00,1.482500000000000000e+02,9.555555555555555358e+00
3.927999999999999936e+00,1.487500000000000000e+02,9.666666666666666075e+00
3.927999999999999936e+00,1.492500000000000000e+02,9.333333333333333925e+00
3.927999999999999936e+00,1.497500000000000000e+02,8.333333333333333925e+00
3.927999999999999936e+00,1.502500000000000000e+02,8.111111111111110716e+00
3.927999999999999936e+00,1.507500000000000000e+02,6.777777777777777679e+00
3.927999999999999936e+00,1.512500000000000000e+02,7.222222222222221433e+00
3.927999999999999936e+00,1.517500000000000000e+02,7.333333333333333037e+00
3.927999999999999936e+00,1.522500000000000000e+02,8.222222222222223209e+00
3.927999999999999936e+00,1.527500000000000000e+02,8.888888888888889284e+00
3.927999999999999936e+00,1.532500000000000000e+02,8.111111111111112493e+00
3.927999999999999936e+00,1.537500000000000000e+02,7.555555555555556246e+00
3.927999999999999936e+00,1.542500000000000000e+02,7.222222222222222321e+00
3.927999999999999936e+00,1.547500000000000000e+02,6.777777777777778567e+00
3.927999999999999936e+00,1.552500000000000000e+02,6.222222222222224097e+00
3.927999999999999936e+00,1.557500000000000000e+02,5.222222222222224097e+00
3.927999999999999936e+00,1.562500000000000000e+02,4.888888888888890172e+00
3.927999999999999936e+00,1.567500000000000000e+02,4.777777777777779455e+00
3.927999999999999936e+00,1.572500000000000000e+02,5.000000000000000888e+00
3.927999999999999936e+00,1.577500000000000000e+02,5.111111111111112493e+00
3.927999999999999936e+00,1.582500000000000000e+02,4.000000000000000888e+00
3.927999999999999936e+00,1.587500000000000000e+02,3.444444444444445974e+00
3.927999999999999936e+00,1.592500000000000000e+02,3.555555555555557135e+00
3.927999999999999936e+00,1.597500000000000000e+02,4.444444444444446418e+00
3.927999999999999936e+00,1.602500000000000000e+02,4.444444444444446418e+00
3.927999999999999936e+00,1.607500000000000000e+02,4.777777777777779455e+00
3.927999999999999936e+00,1.612500000000000000e+02,4.222222222222224097e+00
3.927999999999999936e+00,1.617500000000000000e+02,4.666666666666668739e+00
3.927999999999999936e+00,1.622500000000000000e+02,4.000000000000001776e+00
3.927999999999999936e+00,1.627500000000000000e+02,4.000000000000001776e+00
3.927999999999999936e+00,1.632500000000000000e+02,3.666666666666668295e+00
3.927999999999999936e+00,1.637500000000000000e+02,3.777777777777779900e+00
3.927999999999999936e+00,1.642500000000000000e+02,3.555555555555557579e+00
3.927999999999999936e+00,1.647500000000000000e+02,3.444444444444446418e+00
3.927999999999999936e+00,1.652500000000000000e+02,3.000000000000002220e+00
3.927999999999999936e+00,1.657500000000000000e+02,2.444444444444446862e+00
3.927999999999999936e+00,1.662500000000000000e+02,2.000000000000002220e+00
3.927999999999999936e+00,1.667500000000000000e+02,1.666666666666668961e+00
3.927999999999999936e+00,1.672500000000000000e+02,2.666666666666669183e+00
3.927999999999999936e+00,1.677500000000000000e+02,3.333333333333335702e+00
3.927999999999999936e+00,1.682500000000000000e+02,3.888888888888891060e+00
3.927999999999999936e+00,1.687500000000000000e+02,3.555555555555557579e+00
3.927999999999999936e+00,1.692500000000000000e+02,2.555555555555557579e+00
3.927999999999999936e+00,1.697500000000000000e+02,2.111111111111113381e+00
3.927999999999999936e+00,1.702500000000000000e+02,2.333333333333335702e+00
3.927999999999999936e+00,1.707500000000000000e+02,2.444444444444446862e+00
3.927999999999999936e+00,1.712500000000000000e+02,2.333333333333335702e+00
3.927999999999999936e+00,1.717500000000000000e+02,1.888888888888891060e+00
3.927999999999999936e+00,1.722500000000000000e+02,2.333333333333335258e+00
3.927999999999999936e+00,1.727500000000000000e+02,1.888888888888891060e+00
3.927999999999999936e+00,1.732500000000000000e+02,1.555555555555557801e+00
3.927999999999999936e+00,1.737500000000000000e+02,1.222222222222224319e+00
3.927999999999999936e+00,1.742500000000000000e+02,1.333333333333335480e+00
3.927999999999999936e+00,1.747500000000000000e+02,1.222222222222224319e+00
3.927999999999999936e+00,1.752500000000000000e+02,7.777777777777797885e-01
3.927999999999999936e+00,1.757500000000000000e+02,6.666666666666686281e-01
3.927999999999999936e+00,1.762500000000000000e+02,4.444444444444464182e-01
3.927999999999999936e+00,1.767500000000000000e+02,3.333333333333353132e-01
3.927999999999999936e+00,1.772500000000000000e+02,4.444444444444464182e-01
3.927999999999999936e+00,1.777500000000000000e+02,4.444444444444464182e-01
3.927999999999999936e+00,1.782500000000000000e+02,3.333333333333353132e-01
3.927999999999999936e+00,1.787500000000000000e+02,1.998401444325281773e-15
3.927999999999999936e+00,1.792500000000000000e+02,1.998401444325281773e-15
3.927999999999999936e+00,1.797500000000000000e+02,1.998401444325281773e-15
3.943999999999999950e+00,1.302500000000000000e+02,5.177777777777777857e+01
3.943999999999999950e+00,1.307500000000000000e+02,5.300000000000000000e+01
3.943999999999999950e+00,1.312500000000000000e+02,5.477777777777777857e+01
3.943999999999999950e+00,1.317500000000000000e+02,5.333333333333333570e+01
3.943999999999999950e+00,1.322500000000000000e+02,5.077777777777777857e+01
3.943999999999999950e+00,1.327500000000000000e+02,4.522222222222222854e+01
3.943999999999999950e+00,1.332500000000000000e+02,3.900000000000000711e+01
3.943999999999999950e+00,1.337500000000000000e+02,3.600000000000000711e+01
3.943999999999999950e+00,1.342500000000000000e+02,3.288888888888889994e+01
3.943999999999999950e+00,1.347500000000000000e+02,3.200000000000000711e+01
3.943999999999999950e+00,1.352500000000000000e+02,2.944444444444445352e+01
3.943999999999999950e+00,1.357500000000000000e+02,2.844444444444445352e+01
3.943999999999999950e+00,1.362500000000000000e+02,2.655555555555556069e+01
3.943999999999999950e+00,1.367500000000000000e+02,2.522222222222222854e+01
3.943999999999999950e+00,1.372500000000000000e+02,2.422222222222222854e+01
3.943999999999999950e+00,1.377500000000000000e+02,2.255555555555556069e+01
3.943999999999999950e+00,1.382500000000000000e+02,2.200000000000001066e+01
3.943999999999999950e+00,1.387500000000000000e+02,2.044444444444445352e+01
3.943999999999999950e+00,1.392500000000000000e+02,1.966666666666667496e+01
3.943999999999999950e+00,1.397500000000000000e+02,1.722222222222223209e+01
3.943999999999999950e+00,1.402500000000000000e+02,1.600000000000001066e+01
3.943999999999999950e+00,1.407500000000000000e+02,1.622222222222223209e+01
3.943999999999999950e+00,1.412500000000000000e+02,1.677777777777778567e+01
3.943999999999999950e+00,1.417500000000000000e+02,1.655555555555556424e+01
3.943999999999999950e+00,1.422500000000000000e+02,1.455555555555556424e+01
3.943999999999999950e+00,1.427500000000000000e+02,1.222222222222223031e+01
3.943999999999999950e+00,1.432500000000000000e+02,1.122222222222223031e+01
3.943999999999999950e+00,1.437500000000000000e+02,1.166666666666667673e+01
3.943999999999999950e+00,1.442500000000000000e+02,1.211111111111112137e+01
3.943999999999999950e+00,1.447500000000000000e+02,1.244444444444445530e+01
3.943999999999999950e+00,1.452500000000000000e+02,1.100000000000000888e+01
3.943999999999999950e+00,1.457500000000000000e+02,9.000000000000008882e+00
3.943999999999999950e+00,1.462500000000000000e+02,9.777777777777787449e+00
3.943999999999999950e+00,1.467500000000000000e+02,9.444444444444453524e+00
3.943999999999999950e+00,1.472500000000000000e+02,9.333333333333342807e+00
3.943999999999999950e+00,1.477500000000000000e+02,8.000000000000008882e+00
3.943999999999999950e+00,1.482500000000000000e+02,7.555555555555564240e+00
3.943999999999999950e+00,1.487500000000000000e+02,9.111111111111119598e+00
3.943999999999999950e+00,1.492500000000000000e+02,8.777777777777785673e+00
3.943999999999999950e+00,1.497500000000000000e+02,8.333333333333341031e+00
3.943999999999999950e+00,1.502500000000000000e+02,8.333333333333341031e+00
3.943999999999999950e+00,1.507500000000000000e+02,7.555555555555564240e+00
3.943999999999999950e+00,1.512500000000000000e+02,7.444444444444452635e+00
3.943999999999999950e+00,1.517500000000000000e+02,6.888888888888897277e+00
3.943999999999999950e+00,1.522500000000000000e+02,7.111111111111120486e+00
3.943999999999999950e+00,1.527500000000000000e+02,7.666666666666675845e+00
3.943999999999999950e+00,1.532500000000000000e+02,7.222222222222232091e+00
3.943999999999999950e+00,1.537500000000000000e+02,6.444444444444454412e+00
3.943999999999999950e+00,1.542500000000000000e+02,6.444444444444454412e+00
3.943999999999999950e+00,1.547500000000000000e+02,5.777777777777788337e+00
3.943999999999999950e+00,1.552500000000000000e+02,5.777777777777788337e+00
3.943999999999999950e+00,1.557500000000000000e+02,4.333333333333343695e+00
3.943999999999999950e+00,1.562500000000000000e+02,4.555555555555565128e+00
3.943999999999999950e+00,1.567500000000000000e+02,4.111111111111120486e+00
3.943999999999999950e+00,1.572500000000000000e+02,4.888888888888899054e+00
3.943999999999999950e+00,1.577500000000000000e+02,4.444444444444454412e+00
3.943999999999999950e+00,1.582500000000000000e+02,4.777777777777788337e+00
3.943999999999999950e+00,1.587500000000000000e+02,4.000000000000009770e+00
3.943999999999999950e+00,1.592500000000000000e+02,4.000000000000009770e+00
3.943999999999999950e+00,1.597500000000000000e+02,4.777777777777788337e+00
3.943999999999999950e+00,1.602500000000000000e+02,4.777777777777788337e+00
3.943999999999999950e+00,1.607500000000000000e+02,5.444444444444454412e+00
3.943999999999999950e+00,1.612500000000000000e+02,4.555555555555565128e+00
3.943999999999999950e+00,1.617500000000000000e+02,5.222222222222232091e+00
3.943999999999999950e+00,1.622500000000000000e+02,4.444444444444454412e+00
3.943999999999999950e+00,1.627500000000000000e+02,3.777777777777787449e+00
3.943999999999999950e+00,1.632500000000000000e+02,3.111111111111120930e+00
3.943999999999999950e+00,1.637500000000000000e+02,3.222222222222232091e+00
3.943999999999999950e+00,1.642500000000000000e+02,3.333333333333343251e+00
3.943999999999999950e+00,1.647500000000000000e+02,3.222222222222232091e+00
3.943999999999999950e+00,1.652500000000000000e+02,3.222222222222232091e+00
3.943999999999999950e+00,1.657500000000000000e+02,2.777777777777787449e+00
3.943999999999999950e+00,1.662500000000000000e+02,2.444444444444453968e+00
3.943999999999999950e+00,1.667500000000000000e+02,1.666666666666676511e+00
3.943999999999999950e+00,1.672500000000000000e+02,1.888888888888898832e+00
3.943999999999999950e+00,1.677500000000000000e+02,2.555555555555565572e+00
3.943999999999999950e+00,1.682500000000000000e+02,2.777777777777787449e+00
3.943999999999999950e+00,1.687500000000000000e+02,2.888888888888898610e+00
3.943999999999999950e+00,1.692500000000000000e+02,1.888888888888898832e+00
3.943999999999999950e+00,1.697500000000000000e+02,1.666666666666676511e+00
3.943999999999999950e+00,1.702500000000000000e+02,1.666666666666676511e+00
3.943999999999999950e+00,1.707500000000000000e+02,2.111111111111120930e+00
3.943999999999999950e+00,1.712500000000000000e+02,2.444444444444453968e+00
3.943999999999999950e+00,1.717500000000000000e+02,2.333333333333343251e+00
3.943999999999999950e+00,1.722500000000000000e+02,2.333333333333343251e+00
3.943999999999999950e+00,1.727500000000000000e+02,2.000000000000009770e+00
3.943999999999999950e+00,1.732500000000000000e+02,2.000000000000009770e+00
3.943999999999999950e+00,1.737500000000000000e+02,1.555555555555565350e+00
3.943999999999999950e+00,1.742500000000000000e+02,1.333333333333343029e+00
3.943999999999999950e+00,1.747500000000000000e+02,1.000000000000009770e+00
3.943999999999999950e+00,1.752500000000000000e+02,7.777777777777875601e-01
3.943999999999999950e+00,1.757500000000000000e+02,6.666666666666763996e-01
3.943999999999999950e+00,1.762500000000000000e+02,5.555555555555653502e-01
3.943999999999999950e+00,1.767500000000000000e+02,4.444444444444542452e-01
3.943999999999999950e+00,1.772500000000000000e+02,5.555555555555654612e-01
3.943999999999999950e+00,1.777500000000000000e+02,5.555555555555654612e-01
3.943999999999999950e+00,1.782500000000000000e+02,4.444444444444543563e-01
3.943999999999999950e+00,1.787500000000000000e+02,1.111111111111209998e-01
3.943999999999999950e+00,1.792500000000000000e+02,9.899488636240979678e-15
3.943999999999999950e+00,1.797500000000000000e+02,9.899488636240979678e-15
3.959999999999999964e+00,1.302500000000000000e+02,5.800000000000000000e+01
3.959999999999999964e+00,1.307500000000000000e+02,5.888888888888889284e+01
3.959999999999999964e+00,1.312500000000000000e+02,6.000000000000000711e+01
3.959999999999999964e+00,1.317500000000000000e+02,5.633333333333334281e+01
3.959999999999999964e+00,1.322500000000000000e+02,5.255555555555556424e+01
3.959999999999999964e+00,1.327500000000000000e+02,4.700000000000000711e+01
3.959999999999999964e+00,1.332500000000000000e+02,4.444444444444445708e+01
3.959999999999999964e+00,1.337500000000000000e+02,4.166666666666667851e+01
3.959999999999999964e+00,1.342500000000000000e+02,3.866666666666667851e+01
3.959999999999999964e+00,1.347500000000000000e+02,3.555555555555556424e+01
3.959999999999999964e+00,1.352500000000000000e+02,3.211111111111112137e+01
3.959999999999999964e+00,1.357500000000000000e+02,3.044444444444445352e+01
3.959999999999999964e+00,1.362500000000000000e+02,2.800000000000001066e+01
3.959999999999999964e+00,1.367500000000000000e+02,2.566666666666667496e+01
3.959999999999999964e+00,1.372500000000000000e+02,2.455555555555556779e+01
3.959999999999999964e+00,1.377500000000000000e+02,2.188888888888889994e+01
3.959999999999999964e+00,1.382500000000000000e+02,2.255555555555556779e+01
3.959999999999999964e+00,1.387500000000000000e+02,2.022222222222223209e+01
3.959999999999999964e+00,1.392500000000000000e+02,1.911111111111112493e+01
3.959999999999999964e+00,1.397500000000000000e+02,1.711111111111112493e+01
3.959999999999999964e+00,1.402500000000000000e+02,1.622222222222223564e+01
3.959999999999999964e+00,1.407500000000000000e+02,1.755555555555556779e+01
3.959999999999999964e+00,1.412500000000000000e+02,1.666666666666668206e+01
3.959999999999999964e+00,1.417500000000000000e+02,1.700000000000001421e+01
3.959999999999999964e+00,1.422500000000000000e+02,1.544444444444445885e+01
3.959999999999999964e+00,1.427500000000000000e+02,1.422222222222223742e+01
3.959999999999999964e+00,1.432500000000000000e+02,1.222222222222223742e+01
3.959999999999999964e+00,1.437500000000000000e+02,1.188888888888890527e+01
3.959999999999999964e+00,1.442500000000000000e+02,1.200000000000001599e+01
3.959999999999999964e+00,1.447500000000000000e+02,1.288888888888890527e+01
3.959999999999999964e+00,1.452500000000000000e+02,1.188888888888890527e+01
3.959999999999999964e+00,1.457500000000000000e+02,1.100000000000001421e+01
3.959999999999999964e+00,1.462500000000000000e+02,1.111111111111112670e+01
3.959999999999999964e+00,1.467500000000000000e+02,1.111111111111112670e+01
3.959999999999999964e+00,1.472500000000000000e+02,1.011111111111112670e+01
3.959999999999999964e+00,1.477500000000000000e+02,8.000000000000014211e+00
3.959999999999999964e+00,1.482500000000000000e+02,6.777777777777791890e+00
3.959999999999999964e+00,1.487500000000000000e+02,8.555555555555569569e+00
3.959999999999999964e+00,1.492500000000000000e+02,8.777777777777791002e+00
3.959999999999999964e+00,1.497500000000000000e+02,8.888888888888901718e+00
3.959999999999999964e+00,1.502500000000000000e+02,7.888888888888902606e+00
3.959999999999999964e+00,1.507500000000000000e+02,7.777777777777790114e+00
3.959999999999999964e+00,1.512500000000000000e+02,7.444444444444457076e+00
3.959999999999999964e+00,1.517500000000000000e+02,7.111111111111124039e+00
3.959999999999999964e+00,1.522500000000000000e+02,7.222222222222235644e+00
3.959999999999999964e+00,1.527500000000000000e+02,8.111111111111123151e+00
3.959999999999999964e+00,1.532500000000000000e+02,8.444444444444457076e+00
3.959999999999999964e+00,1.537500000000000000e+02,7.444444444444457076e+00
3.959999999999999964e+00,1.542500000000000000e+02,6.000000000000013323e+00
3.959999999999999964e+00,1.547500000000000000e+02,5.111111111111124039e+00
3.959999999999999964e+00,1.552500000000000000e+02,5.222222222222234755e+00
3.959999999999999964e+00,1.557500000000000000e+02,5.000000000000012434e+00
3.959999999999999964e+00,1.562500000000000000e+02,5.000000000000012434e+00
3.959999999999999964e+00,1.567500000000000000e+02,4.666666666666679397e+00
3.959999999999999964e+00,1.572500000000000000e+02,5.222222222222234755e+00
3.959999999999999964e+00,1.577500000000000000e+02,4.111111111111124039e+00
3.959999999999999964e+00,1.582500000000000000e+02,4.333333333333346360e+00
3.959999999999999964e+00,1.587500000000000000e+02,4.000000000000013323e+00
3.959999999999999964e+00,1.592500000000000000e+02,4.111111111111124039e+00
3.959999999999999964e+00,1.597500000000000000e+02,5.222222222222235644e+00
3.959999999999999964e+00,1.602500000000000000e+02,4.888888888888902606e+00
3.959999999999999964e+00,1.607500000000000000e+02,6.111111111111124927e+00
3.959999999999999964e+00,1.612500000000000000e+02,4.444444444444457964e+00
3.959999999999999964e+00,1.617500000000000000e+02,5.222222222222236532e+00
3.959999999999999964e+00,1.622500000000000000e+02,4.444444444444457964e+00
3.959999999999999964e+00,1.627500000000000000e+02,3.666666666666680285e+00
3.959999999999999964e+00,1.632500000000000000e+02,2.888888888888902162e+00
3.959999999999999964e+00,1.637500000000000000e+02,3.222222222222235644e+00
3.959999999999999964e+00,1.642500000000000000e+02,3.888888888888902162e+00
3.959999999999999964e+00,1.647500000000000000e+02,3.555555555555569125e+00
3.959999999999999964e+00,1.652500000000000000e+02,3.444444444444457520e+00
3.959999999999999964e+00,1.657500000000000000e+02,3.111111111111124483e+00
3.959999999999999964e+00,1.662500000000000000e+02,2.888888888888902162e+00
3.959999999999999964e+00,1.667500000000000000e+02,2.333333333333346804e+00
3.959999999999999964e+00,1.672500000000000000e+02,2.111111111111124483e+00
3.959999999999999964e+00,1.677500000000000000e+02,2.333333333333346804e+00
3.959999999999999964e+00,1.682500000000000000e+02,2.333333333333346804e+00
3.959999999999999964e+00,1.687500000000000000e+02,2.666666666666680285e+00
3.959999999999999964e+00,1.692500000000000000e+02,1.777777777777791224e+00
3.959999999999999964e+00,1.697500000000000000e+02,1.222222222222235866e+00
3.959999999999999964e+00,1.702500000000000000e+02,1.000000000000013545e+00
3.959999999999999964e+00,1.707500000000000000e+02,2.000000000000013767e+00
3.959999999999999964e+00,1.712500000000000000e+02,2.111111111111124483e+00
3.959999999999999964e+00,1.717500000000000000e+02,2.111111111111124483e+00
3.959999999999999964e+00,1.722500000000000000e+02,1.444444444444457964e+00
3.959999999999999964e+00,1.727500000000000000e+02,1.555555555555568903e+00
3.959999999999999964e+00,1.732500000000000000e+02,1.777777777777791224e+00
3.959999999999999964e+00,1.737500000000000000e+02,1.666666666666680285e+00
3.959999999999999964e+00,1.742500000000000000e+02,1.777777777777791224e+00
3.959999999999999964e+00,1.747500000000000000e+02,1.333333333333347026e+00
3.959999999999999964e+00,1.752500000000000000e+02,1.000000000000013545e+00
3.959999999999999964e+00,1.757500000000000000e+02,4.444444444444580200e-01
3.959999999999999964e+00,1.762500000000000000e+02,3.333333333333469706e-01
3.959999999999999964e+00,1.767500000000000000e+02,3.333333333333469706e-01
3.959999999999999964e+00,1.772500000000000000e+02,4.444444444444580200e-01
3.959999999999999964e+00,1.777500000000000000e+02,5.555555555555691249e-01
3.959999999999999964e+00,1.782500000000000000e+02,4.444444444444580200e-01
3.959999999999999964e+00,1.787500000000000000e+02,2.222222222222358379e-01
3.959999999999999964e+00,1.792500000000000000e+02,1.361873576873525409e-14
3.959999999999999964e+00,1.797500000000000000e+02,1.361873576873525409e-14
3.975999999999999979e+00,1.302500000000000000e+02,6.711111111111111427e+01
3.975999999999999979e+00,1.307500000000000000e+02,6.533333333333332860e+01
3.975999999999999979e+00,1.312500000000000000e+02,6.355555555555555003e+01
3.975999999999999979e+00,1.317500000000000000e+02,5.866666666666666430e+01
3.975999999999999979e+00,1.322500000000000000e+02,5.455555555555555003e+01
3.975999999999999979e+00,1.327500000000000000e+02,4.988888888888888573e+01
3.975999999999999979e+00,1.332500000000000000e+02,4.888888888888888573e+01
3.975999999999999979e+00,1.337500000000000000e+02,4.611111111111110716e+01
3.975999999999999979e+00,1.342500000000000000e+02,4.311111111111110716e+01
3.975999999999999979e+00,1.347500000000000000e+02,3.911111111111110716e+01
3.975999999999999979e+00,1.352500000000000000e+02,3.655555555555555003e+01
3.975999999999999979e+00,1.357500000000000000e+02,3.433333333333332860e+01
3.975999999999999979e+00,1.362500000000000000e+02,3.244444444444443576e+01
3.975999999999999979e+00,1.367500000000000000e+02,2.977777777777777146e+01
3.975999999999999979e+00,1.372500000000000000e+02,2.766666666666666075e+01
3.975999999999999979e+00,1.377500000000000000e+02,2.522222222222221788e+01
3.975999999999999979e+00,1.382500000000000000e+02,2.522222222222221788e+01
3.975999999999999979e+00,1.387500000000000000e+02,2.188888888888888573e+01
3.975999999999999979e+00,1.392500000000000000e+02,2.033333333333333215e+01
3.975999999999999979e+00,1.397500000000000000e+02,1.766666666666666430e+01
3.975999999999999979e+00,1.402500000000000000e+02,1.766666666666666430e+01
3.975999999999999979e+00,1.407500000000000000e+02,1.666666666666666430e+01
3.975999999999999979e+00,1.412500000000000000e+02,1.611111111111111072e+01
3.975999999999999979e+00,1.417500000000000000e+02,1.633333333333333215e+01
3.975999999999999979e+00,1.422500000000000000e+02,1.600000000000000000e+01
3.975999999999999979e+00,1.427500000000000000e+02,1.466666666666666607e+01
3.975999999999999979e+00,1.432500000000000000e+02,1.311111111111111249e+01
3.975999999999999979e+00,1.437500000000000000e+02,1.177777777777777857e+01
3.975999999999999979e+00,1.442500000000000000e+02,1.177777777777777857e+01
3.975999999999999979e+00,1.447500000000000000e+02,1.222222222222222321e+01
3.975999999999999979e+00,1.452500000000000000e+02,1.311111111111111427e+01
3.975999999999999979e+00,1.457500000000000000e+02,1.311111111111111427e+01
3.975999999999999979e+00,1.462500000000000000e+02,1.166666666666667140e+01
3.975999999999999979e+00,1.467500000000000000e+02,1.011111111111111605e+01
3.975999999999999979e+00,1.472500000000000000e+02,8.222222222222226762e+00
3.975999999999999979e+00,1.477500000000000000e+02,7.333333333333336590e+00
3.975999999999999979e+00,1.482500000000000000e+02,7.333333333333336590e+00
3.975999999999999979e+00,1.487500000000000000e+02,8.111111111111114269e+00
3.975999999999999979e+00,1.492500000000000000e+02,8.444444444444448195e+00
3.975999999999999979e+00,1.497500000000000000e+02,8.333333333333337478e+00
3.975999999999999979e+00,1.502500000000000000e+02,8.333333333333337478e+00
3.975999999999999979e+00,1.507500000000000000e+02,8.888888888888892836e+00
3.975999999999999979e+00,1.512500000000000000e+02,8.555555555555558911e+00
3.975999999999999979e+00,1.517500000000000000e+02,7.333333333333336590e+00
3.975999999999999979e+00,1.522500000000000000e+02,6.444444444444447306e+00
3.975999999999999979e+00,1.527500000000000000e+02,6.555555555555559799e+00
3.975999999999999979e+00,1.532500000000000000e+02,6.888888888888892836e+00
3.975999999999999979e+00,1.537500000000000000e+02,6.222222222222225874e+00
3.975999999999999979e+00,1.542500000000000000e+02,5.888888888888892836e+00
3.975999999999999979e+00,1.547500000000000000e+02,5.444444444444449083e+00
3.975999999999999979e+00,1.552500000000000000e+02,5.555555555555559799e+00
3.975999999999999979e+00,1.557500000000000000e+02,4.333333333333336590e+00
3.975999999999999979e+00,1.562500000000000000e+02,4.555555555555559799e+00
3.975999999999999979e+00,1.567500000000000000e+02,4.555555555555559799e+00
3.975999999999999979e+00,1.572500000000000000e+02,5.444444444444449083e+00
3.975999999999999979e+00,1.577500000000000000e+02,5.000000000000004441e+00
3.975999999999999979e+00,1.582500000000000000e+02,5.555555555555559799e+00
3.975999999999999979e+00,1.587500000000000000e+02,6.000000000000003553e+00
3.975999999999999979e+00,1.592500000000000000e+02,6.000000000000003553e+00
3.975999999999999979e+00,1.597500000000000000e+02,5.777777777777781232e+00
3.975999999999999979e+00,1.602500000000000000e+02,5.111111111111114269e+00
3.975999999999999979e+00,1.607500000000000000e+02,4.777777777777781232e+00
3.975999999999999979e+00,1.612500000000000000e+02,3.555555555555558911e+00
3.975999999999999979e+00,1.617500000000000000e+02,3.555555555555558911e+00
3.975999999999999979e+00,1.622500000000000000e+02,3.555555555555558911e+00
3.975999999999999979e+00,1.627500000000000000e+02,3.222222222222225430e+00
3.975999999999999979e+00,1.632500000000000000e+02,2.666666666666670071e+00
3.975999999999999979e+00,1.637500000000000000e+02,2.888888888888892392e+00
3.975999999999999979e+00,1.642500000000000000e+02,3.333333333333337034e+00
3.975999999999999979e+00,1.647500000000000000e+02,3.000000000000003553e+00
3.975999999999999979e+00,1.652500000000000000e+02,3.000000000000003553e+00
3.975999999999999979e+00,1.657500000000000000e+02,3.111111111111114713e+00
3.975999999999999979e+00,1.662500000000000000e+02,3.000000000000003553e+00
3.975999999999999979e+00,1.667500000000000000e+02,2.666666666666670071e+00
3.975999999999999979e+00,1.672500000000000000e+02,2.111111111111114713e+00
3.975999999999999979e+00,1.677500000000000000e+02,2.111111111111114713e+00
3.975999999999999979e+00,1.682500000000000000e+02,2.000000000000003553e+00
3.975999999999999979e+00,1.687500000000000000e+02,2.333333333333337034e+00
3.975999999999999979e+00,1.692500000000000000e+02,2.000000000000003553e+00
3.975999999999999979e+00,1.697500000000000000e+02,1.777777777777781454e+00
3.975999999999999979e+00,1.702500000000000000e+02,1.555555555555559133e+00
3.975999999999999979e+00,1.707500000000000000e+02,2.333333333333337034e+00
3.975999999999999979e+00,1.712500000000000000e+02,2.222222222222225874e+00
3.975999999999999979e+00,1.717500000000000000e+02,2.111111111111114713e+00
3.975999999999999979e+00,1.722500000000000000e+02,1.444444444444448195e+00
3.975999999999999979e+00,1.727500000000000000e+02,1.222222222222225874e+00
3.975999999999999979e+00,1.732500000000000000e+02,1.555555555555559133e+00
3.975999999999999979e+00,1.737500000000000000e+02,1.444444444444448195e+00
3.975999999999999979e+00,1.742500000000000000e+02,1.777777777777781454e+00
3.975999999999999979e+00,1.747500000000000000e+02,1.111111111111114935e+00
3.975999999999999979e+00,1.752500000000000000e+02,8.888888888888925033e-01
3.975999999999999979e+00,1.757500000000000000e+02,3.333333333333369786e-01
3.975999999999999979e+00,1.762500000000000000e+02,3.333333333333369786e-01
3.975999999999999979e+00,1.767500000000000000e+02,3.333333333333369786e-01
3.975999999999999979e+00,1.772500000000000000e+02,2.222222222222258736e-01
3.975999999999999979e+00,1.777500000000000000e+02,4.444444444444481390e-01
3.975999999999999979e+00,1.782500000000000000e+02,3.333333333333370341e-01
3.975999999999999979e+00,1.787500000000000000e+02,3.333333333333370341e-01
3.975999999999999979e+00,1.792500000000000000e+02,1.111111111111147826e-01
3.975999999999999979e+00,1.797500000000000000e+02,2.222222222222258736e-01
3.991999999999999993e+00,1.302500000000000000e+02,7.544444444444444287e+01
3.991999999999999993e+00,1.307500000000000000e+02,7.055555555555555713e+01
3.991999999999999993e+00,1.312500000000000000e+02,6.266666666666666430e+01
3.991999999999999993e+00,1.317500000000000000e+02,5.722222222222222143e+01
3.991999999999999993e+00,1.322500000000000000e+02,5.411111111111110716e+01
3.991999999999999993e+00,1.327500000000000000e+02,5.211111111111110716e+01
3.991999999999999993e+00,1.332500000000000000e+02,5.255555555555554292e+01
3.991999999999999993e+00,1.337500000000000000e+02,4.977777777777776436e+01
3.991999999999999993e+00,1.342500000000000000e+02,4.777777777777776436e+01
3.991999999999999993e+00,1.347500000000000000e+02,4.277777777777776436e+01
3.991999999999999993e+00,1.352500000000000000e+02,3.966666666666665009e+01
3.991999999999999993e+00,1.357500000000000000e+02,3.566666666666665009e+01
3.991999999999999993e+00,1.362500000000000000e+02,3.433333333333331439e+01
3.991999999999999993e+00,1.367500000000000000e+02,3.222222222222220722e+01
3.991999999999999993e+00,1.372500000000000000e+02,3.088888888888887152e+01
3.991999999999999993e+00,1.377500000000000000e+02,2.855555555555553937e+01
3.991999999999999993e+00,1.382500000000000000e+02,2.655555555555553937e+01
3.991999999999999993e+00,1.387500000000000000e+02,2.388888888888887152e+01
3.991999999999999993e+00,1.392500000000000000e+02,2.155555555555553937e+01
3.991999999999999993e+00,1.397500000000000000e+02,1.911111111111109651e+01
3.991999999999999993e+00,1.402500000000000000e+02,1.888888888888887152e+01
3.991999999999999993e+00,1.407500000000000000e+02,1.655555555555553937e+01
3.991999999999999993e+00,1.412500000000000000e+02,1.599999999999998046e+01
3.991999999999999993e+00,1.417500000000000000e+02,1.599999999999998046e+01
3.991999999999999993e+00,1.422500000000000000e+02,1.622222222222220367e+01
3.991999999999999993e+00,1.427500000000000000e+02,1.566666666666665009e+01
3.991999999999999993e+00,1.432500000000000000e+02,1.366666666666665009e+01
3.991999999999999993e+00,1.437500000000000000e+02,1.222222222222220545e+01
3.991999999999999993e+00,1.442500000000000000e+02,1.077777777777776258e+01
3.991999999999999993e+00,1.447500000000000000e+02,1.055555555555554115e+01
3.991999999999999993e+00,1.452500000000000000e+02,1.266666666666665186e+01
3.991999999999999993e+00,1.457500000000000000e+02,1.455555555555554115e+01
3.991999999999999993e+00,1.462500000000000000e+02,1.266666666666665186e+01
3.991999999999999993e+00,1.467500000000000000e+02,1.011111111111109651e+01
3.991999999999999993e+00,1.472500000000000000e+02,7.777777777777763468e+00
3.991999999999999993e+00,1.477500000000000000e+02,7.444444444444429543e+00
3.991999999999999993e+00,1.482500000000000000e+02,7.666666666666652752e+00
3.991999999999999993e+00,1.487500000000000000e+02,7.777777777777764356e+00
3.991999999999999993e+00,1.492500000000000000e+02,8.999999999999987566e+00
3.991999999999999993e+00,1.497500000000000000e+02,8.666666666666653640e+00
3.991999999999999993e+00,1.502500000000000000e+02,7.777777777777764356e+00
3.991999999999999993e+00,1.507500000000000000e+02,7.666666666666652752e+00
3.991999999999999993e+00,1.512500000000000000e+02,7.555555555555542036e+00
3.991999999999999993e+00,1.517500000000000000e+02,6.999999999999985789e+00
3.991999999999999993e+00,1.522500000000000000e+02,5.777777777777763468e+00
3.991999999999999993e+00,1.527500000000000000e+02,5.555555555555540259e+00
3.991999999999999993e+00,1.532500000000000000e+02,5.555555555555540259e+00
3.991999999999999993e+00,1.537500000000000000e+02,5.333333333333318826e+00
3.991999999999999993e+00,1.542500000000000000e+02,5.888888888888874185e+00
3.991999999999999993e+00,1.547500000000000000e+02,6.111111111111096506e+00
3.991999999999999993e+00,1.552500000000000000e+02,5.888888888888874185e+00
3.991999999999999993e+00,1.557500000000000000e+02,4.111111111111095617e+00
3.991999999999999993e+00,1.562500000000000000e+02,3.888888888888873741e+00
3.991999999999999993e+00,1.567500000000000000e+02,4.777777777777763468e+00
3.991999999999999993e+00,1.572500000000000000e+02,5.666666666666652752e+00
3.991999999999999993e+00,1.577500000000000000e+02,6.222222222222208110e+00
3.991999999999999993e+00,1.582500000000000000e+02,6.111111111111097394e+00
3.991999999999999993e+00,1.587500000000000000e+02,6.444444444444431319e+00
3.991999999999999993e+00,1.592500000000000000e+02,6.444444444444431319e+00
3.991999999999999993e+00,1.597500000000000000e+02,5.999999999999986677e+00
3.991999999999999993e+00,1.602500000000000000e+02,5.222222222222209886e+00
3.991999999999999993e+00,1.607500000000000000e+02,3.777777777777764801e+00
3.991999999999999993e+00,1.612500000000000000e+02,2.666666666666654084e+00
3.991999999999999993e+00,1.617500000000000000e+02,2.555555555555542924e+00
3.991999999999999993e+00,1.622500000000000000e+02,2.777777777777764801e+00
3.991999999999999993e+00,1.627500000000000000e+02,2.777777777777764801e+00
3.991999999999999993e+00,1.632500000000000000e+02,2.777777777777764801e+00
3.991999999999999993e+00,1.637500000000000000e+02,2.888888888888876405e+00
3.991999999999999993e+00,1.642500000000000000e+02,3.333333333333321047e+00
3.991999999999999993e+00,1.647500000000000000e+02,2.555555555555543368e+00
3.991999999999999993e+00,1.652500000000000000e+02,2.444444444444432207e+00
3.991999999999999993e+00,1.657500000000000000e+02,2.777777777777765689e+00
3.991999999999999993e+00,1.662500000000000000e+02,3.111111111111098726e+00
3.991999999999999993e+00,1.667500000000000000e+02,3.222222222222210331e+00
3.991999999999999993e+00,1.672500000000000000e+02,2.444444444444432651e+00
3.991999999999999993e+00,1.677500000000000000e+02,1.777777777777765911e+00
3.991999999999999993e+00,1.682500000000000000e+02,1.888888888888876849e+00
3.991999999999999993e+00,1.687500000000000000e+02,2.111111111111099170e+00
3.991999999999999993e+00,1.692500000000000000e+02,2.222222222222210331e+00
3.991999999999999993e+00,1.697500000000000000e+02,2.222222222222210331e+00
3.991999999999999993e+00,1.702500000000000000e+02,2.555555555555543368e+00
3.991999999999999993e+00,1.707500000000000000e+02,2.999999999999988010e+00
3.991999999999999993e+00,1.712500000000000000e+02,2.444444444444432651e+00
3.991999999999999993e+00,1.717500000000000000e+02,2.111111111111099614e+00
3.991999999999999993e+00,1.722500000000000000e+02,1.999999999999988454e+00
3.991999999999999993e+00,1.727500000000000000e+02,1.333333333333321713e+00
3.991999999999999993e+00,1.732500000000000000e+02,1.222222222222210553e+00
3.991999999999999993e+00,1.737500000000000000e+02,1.111111111111099392e+00
3.991999999999999993e+00,1.742500000000000000e+02,1.999999999999988232e+00
3.991999999999999993e+00,1.747500000000000000e+02,1.333333333333321491e+00
3.991999999999999993e+00,1.752500000000000000e+02,8.888888888888771822e-01
3.991999999999999993e+00,1.757500000000000000e+02,1.111111111110994615e-01
3.991999999999999993e+00,1.762500000000000000e+02,1.111111111110994615e-01
3.991999999999999993e+00,1.767500000000000000e+02,2.222222222222105525e-01
3.991999999999999993e+00,1.772500000000000000e+02,1.111111111110994476e-01
3.991999999999999993e+00,1.777500000000000000e+02,4.444444444444328179e-01
3.991999999999999993e+00,1.782500000000000000e+02,3.333333333333217130e-01
3.991999999999999993e+00,1.787500000000000000e+02,3.333333333333217130e-01
3.991999999999999993e+00,1.792500000000000000e+02,2.222222222222105803e-01
3.991999999999999993e+00,1.797500000000000000e+02,4.444444444444328179e-01
