Distance_Angstrom,Angle_Degree,Smoothed_Density
2.407999999999999918e+00,1.302500000000000000e+02,0.000000000000000000e+00
2.407999999999999918e+00,1.307500000000000000e+02,0.000000000000000000e+00
2.407999999999999918e+00,1.312500000000000000e+02,0.000000000000000000e+00
2.407999999999999918e+00,1.317500000000000000e+02,1.111111111111111049e-01
2.407999999999999918e+00,1.322500000000000000e+02,1.111111111111111049e-01
2.407999999999999918e+00,1.327500000000000000e+02,1.111111111111111049e-01
2.407999999999999918e+00,1.332500000000000000e+02,0.000000000000000000e+00
2.407999999999999918e+00,1.337500000000000000e+02,0.000000000000000000e+00
2.407999999999999918e+00,1.342500000000000000e+02,0.000000000000000000e+00
2.407999999999999918e+00,1.347500000000000000e+02,1.111111111111111049e-01
2.407999999999999918e+00,1.352500000000000000e+02,1.111111111111111049e-01
2.407999999999999918e+00,1.357500000000000000e+02,1.111111111111111049e-01
2.407999999999999918e+00,1.362500000000000000e+02,0.000000000000000000e+00
2.407999999999999918e+00,1.367500000000000000e+02,0.000000000000000000e+00
2.407999999999999918e+00,1.372500000000000000e+02,0.000000000000000000e+00
2.407999999999999918e+00,1.377500000000000000e+02,0.000000000000000000e+00
2.407999999999999918e+00,1.382500000000000000e+02,0.000000000000000000e+00
2.407999999999999918e+00,1.387500000000000000e+02,0.000000000000000000e+00
2.407999999999999918e+00,1.392500000000000000e+02,0.000000000000000000e+00
2.407999999999999918e+00,1.397500000000000000e+02,0.000000000000000000e+00
2.407999999999999918e+00,1.402500000000000000e+02,1.111111111111111049e-01
2.407999999999999918e+00,1.407500000000000000e+02,1.111111111111111049e-01
2.407999999999999918e+00,1.412500000000000000e+02,1.111111111111111049e-01
2.407999999999999918e+00,1.417500000000000000e+02,0.000000000000000000e+00
2.407999999999999918e+00,1.422500000000000000e+02,0.000000000000000000e+00
2.407999999999999918e+00,1.427500000000000000e+02,2.222222222222222099e-01
2.407999999999999918e+00,1.432500000000000000e+02,2.222222222222222099e-01
2.407999999999999918e+00,1.437500000000000000e+02,4.444444444444444198e-01
2.407999999999999918e+00,1.442500000000000000e+02,3.333333333333333148e-01
2.407999999999999918e+00,1.447500000000000000e+02,3.333333333333333148e-01
2.407999999999999918e+00,1.452500000000000000e+02,1.111111111111111188e-01
2.407999999999999918e+00,1.457500000000000000e+02,1.850371707708594131e-17
2.407999999999999918e+00,1.462500000000000000e+02,1.850371707708594131e-17
2.407999999999999918e+00,1.467500000000000000e+02,1.111111111111111188e-01
2.407999999999999918e+00,1.472500000000000000e+02,2.222222222222222376e-01
2.407999999999999918e+00,1.477500000000000000e+02,3.333333333333333148e-01
2.407999999999999918e+00,1.482500000000000000e+02,7.777777777777777901e-01
2.407999999999999918e+00,1.487500000000000000e+02,6.666666666666666297e-01
2.407999999999999918e+00,1.492500000000000000e+02,5.555555555555555802e-01
2.407999999999999918e+00,1.497500000000000000e+02,0.000000000000000000e+00
2.407999999999999918e+00,1.502500000000000000e+02,0.000000000000000000e+00
2.407999999999999918e+00,1.507500000000000000e+02,2.222222222222222099e-01
2.407999999999999918e+00,1.512500000000000000e+02,2.222222222222222099e-01
2.407999999999999918e+00,1.517500000000000000e+02,4.444444444444444198e-01
2.407999999999999918e+00,1.522500000000000000e+02,2.222222222222222099e-01
2.407999999999999918e+00,1.527500000000000000e+02,7.777777777777777901e-01
2.407999999999999918e+00,1.532500000000000000e+02,6.666666666666666297e-01
2.407999999999999918e+00,1.537500000000000000e+02,1.444444444444444642e+00
2.407999999999999918e+00,1.542500000000000000e+02,1.444444444444444642e+00
2.407999999999999918e+00,1.547500000000000000e+02,1.333333333333333703e+00
2.407999999999999918e+00,1.552500000000000000e+02,1.111111111111111382e+00
2.407999999999999918e+00,1.557500000000000000e+02,5.555555555555556912e-01
2.407999999999999918e+00,1.562500000000000000e+02,1.111111111111111382e+00
2.407999999999999918e+00,1.567500000000000000e+02,8.888888888888889506e-01
2.407999999999999918e+00,1.572500000000000000e+02,1.000000000000000222e+00
2.407999999999999918e+00,1.577500000000000000e+02,7.777777777777780122e-01
2.407999999999999918e+00,1.582500000000000000e+02,5.555555555555556912e-01
2.407999999999999918e+00,1.587500000000000000e+02,5.555555555555556912e-01
2.407999999999999918e+00,1.592500000000000000e+02,4.444444444444446418e-01
2.407999999999999918e+00,1.597500000000000000e+02,7.777777777777780122e-01
2.407999999999999918e+00,1.602500000000000000e+02,1.222222222222222543e+00
2.407999999999999918e+00,1.607500000000000000e+02,1.444444444444444642e+00
2.407999999999999918e+00,1.612500000000000000e+02,1.000000000000000222e+00
2.407999999999999918e+00,1.617500000000000000e+02,6.666666666666669627e-01
2.407999999999999918e+00,1.622500000000000000e+02,2.222222222222225430e-01
2.407999999999999918e+00,1.627500000000000000e+02,3.333333333333336479e-01
2.407999999999999918e+00,1.632500000000000000e+02,3.333333333333336479e-01
2.407999999999999918e+00,1.637500000000000000e+02,4.444444444444446973e-01
2.407999999999999918e+00,1.642500000000000000e+02,7.777777777777780122e-01
2.407999999999999918e+00,1.647500000000000000e+02,6.666666666666668517e-01
2.407999999999999918e+00,1.652500000000000000e+02,7.777777777777780122e-01
2.407999999999999918e+00,1.657500000000000000e+02,4.444444444444446418e-01
2.407999999999999918e+00,1.662500000000000000e+02,5.555555555555556912e-01
2.407999999999999918e+00,1.667500000000000000e+02,1.000000000000000222e+00
2.407999999999999918e+00,1.672500000000000000e+02,1.000000000000000222e+00
2.407999999999999918e+00,1.677500000000000000e+02,1.000000000000000222e+00
2.407999999999999918e+00,1.682500000000000000e+02,6.666666666666669627e-01
2.407999999999999918e+00,1.687500000000000000e+02,1.222222222222222543e+00
2.407999999999999918e+00,1.692500000000000000e+02,1.222222222222222543e+00
2.407999999999999918e+00,1.697500000000000000e+02,1.333333333333333703e+00
2.407999999999999918e+00,1.702500000000000000e+02,7.777777777777780122e-01
2.407999999999999918e+00,1.707500000000000000e+02,6.666666666666668517e-01
2.407999999999999918e+00,1.712500000000000000e+02,2.222222222222224042e-01
2.407999999999999918e+00,1.717500000000000000e+02,2.222222222222224042e-01
2.407999999999999918e+00,1.722500000000000000e+02,4.444444444444446418e-01
2.407999999999999918e+00,1.727500000000000000e+02,5.555555555555556912e-01
2.407999999999999918e+00,1.732500000000000000e+02,5.555555555555556912e-01
2.407999999999999918e+00,1.737500000000000000e+02,4.444444444444446418e-01
2.407999999999999918e+00,1.742500000000000000e+02,4.444444444444446418e-01
2.407999999999999918e+00,1.747500000000000000e+02,3.333333333333335369e-01
2.407999999999999918e+00,1.752500000000000000e+02,1.111111111111113409e-01
2.407999999999999918e+00,1.757500000000000000e+02,2.405483220021172340e-16
2.407999999999999918e+00,1.762500000000000000e+02,2.405483220021172340e-16
2.407999999999999918e+00,1.767500000000000000e+02,2.222222222222224597e-01
2.407999999999999918e+00,1.772500000000000000e+02,3.333333333333335369e-01
2.407999999999999918e+00,1.777500000000000000e+02,3.333333333333335369e-01
2.407999999999999918e+00,1.782500000000000000e+02,1.111111111111113409e-01
2.407999999999999918e+00,1.787500000000000000e+02,2.405483220021172340e-16
2.407999999999999918e+00,1.792500000000000000e+02,2.405483220021172340e-16
2.407999999999999918e+00,1.797500000000000000e+02,2.405483220021172340e-16
2.423999999999999932e+00,1.302500000000000000e+02,0.000000000000000000e+00
2.423999999999999932e+00,1.307500000000000000e+02,0.000000000000000000e+00
2.423999999999999932e+00,1.312500000000000000e+02,0.000000000000000000e+00
2.423999999999999932e+00,1.317500000000000000e+02,1.111111111111111049e-01
2.423999999999999932e+00,1.322500000000000000e+02,1.111111111111111049e-01
2.423999999999999932e+00,1.327500000000000000e+02,1.111111111111111049e-01
2.423999999999999932e+00,1.332500000000000000e+02,0.000000000000000000e+00
2.423999999999999932e+00,1.337500000000000000e+02,0.000000000000000000e+00
2.423999999999999932e+00,1.342500000000000000e+02,0.000000000000000000e+00
2.423999999999999932e+00,1.347500000000000000e+02,1.111111111111111049e-01
2.423999999999999932e+00,1.352500000000000000e+02,1.111111111111111049e-01
2.423999999999999932e+00,1.357500000000000000e+02,1.111111111111111049e-01
2.423999999999999932e+00,1.362500000000000000e+02,0.000000000000000000e+00
2.423999999999999932e+00,1.367500000000000000e+02,0.000000000000000000e+00
2.423999999999999932e+00,1.372500000000000000e+02,0.000000000000000000e+00
2.423999999999999932e+00,1.377500000000000000e+02,0.000000000000000000e+00
2.423999999999999932e+00,1.382500000000000000e+02,0.000000000000000000e+00
2.423999999999999932e+00,1.387500000000000000e+02,0.000000000000000000e+00
2.423999999999999932e+00,1.392500000000000000e+02,0.000000000000000000e+00
2.423999999999999932e+00,1.397500000000000000e+02,0.000000000000000000e+00
2.423999999999999932e+00,1.402500000000000000e+02,1.111111111111111049e-01
2.423999999999999932e+00,1.407500000000000000e+02,1.111111111111111049e-01
2.423999999999999932e+00,1.412500000000000000e+02,1.111111111111111049e-01
2.423999999999999932e+00,1.417500000000000000e+02,2.222222222222222099e-01
2.423999999999999932e+00,1.422500000000000000e+02,2.222222222222222099e-01
2.423999999999999932e+00,1.427500000000000000e+02,3.333333333333333148e-01
2.423999999999999932e+00,1.432500000000000000e+02,1.111111111111111188e-01
2.423999999999999932e+00,1.437500000000000000e+02,2.222222222222222376e-01
2.423999999999999932e+00,1.442500000000000000e+02,2.222222222222222376e-01
2.423999999999999932e+00,1.447500000000000000e+02,3.333333333333333148e-01
2.423999999999999932e+00,1.452500000000000000e+02,2.222222222222222376e-01
2.423999999999999932e+00,1.457500000000000000e+02,1.111111111111111466e-01
2.423999999999999932e+00,1.462500000000000000e+02,3.700743415417188263e-17
2.423999999999999932e+00,1.467500000000000000e+02,2.222222222222222376e-01
2.423999999999999932e+00,1.472500000000000000e+02,3.333333333333333148e-01
2.423999999999999932e+00,1.477500000000000000e+02,5.555555555555554692e-01
2.423999999999999932e+00,1.482500000000000000e+02,1.111111111111111160e+00
2.423999999999999932e+00,1.487500000000000000e+02,1.000000000000000000e+00
2.423999999999999932e+00,1.492500000000000000e+02,1.000000000000000000e+00
2.423999999999999932e+00,1.497500000000000000e+02,2.222222222222221821e-01
2.423999999999999932e+00,1.502500000000000000e+02,4.444444444444443643e-01
2.423999999999999932e+00,1.507500000000000000e+02,3.333333333333332593e-01
2.423999999999999932e+00,1.512500000000000000e+02,4.444444444444443643e-01
2.423999999999999932e+00,1.517500000000000000e+02,3.333333333333332593e-01
2.423999999999999932e+00,1.522500000000000000e+02,5.555555555555554692e-01
2.423999999999999932e+00,1.527500000000000000e+02,8.888888888888888395e-01
2.423999999999999932e+00,1.532500000000000000e+02,1.000000000000000000e+00
2.423999999999999932e+00,1.537500000000000000e+02,1.666666666666666741e+00
2.423999999999999932e+00,1.542500000000000000e+02,1.777777777777777901e+00
2.423999999999999932e+00,1.547500000000000000e+02,1.777777777777777901e+00
2.423999999999999932e+00,1.552500000000000000e+02,1.333333333333333703e+00
2.423999999999999932e+00,1.557500000000000000e+02,7.777777777777780122e-01
2.423999999999999932e+00,1.562500000000000000e+02,1.000000000000000222e+00
2.423999999999999932e+00,1.567500000000000000e+02,8.888888888888889506e-01
2.423999999999999932e+00,1.572500000000000000e+02,1.333333333333333259e+00
2.423999999999999932e+00,1.577500000000000000e+02,1.555555555555555580e+00
2.423999999999999932e+00,1.582500000000000000e+02,1.555555555555555580e+00
2.423999999999999932e+00,1.587500000000000000e+02,1.555555555555555580e+00
2.423999999999999932e+00,1.592500000000000000e+02,1.333333333333333259e+00
2.423999999999999932e+00,1.597500000000000000e+02,1.111111111111111160e+00
2.423999999999999932e+00,1.602500000000000000e+02,1.222222222222222321e+00
2.423999999999999932e+00,1.607500000000000000e+02,1.666666666666666741e+00
2.423999999999999932e+00,1.612500000000000000e+02,1.666666666666666741e+00
2.423999999999999932e+00,1.617500000000000000e+02,1.888888888888889062e+00
2.423999999999999932e+00,1.622500000000000000e+02,1.333333333333333259e+00
2.423999999999999932e+00,1.627500000000000000e+02,1.333333333333333259e+00
2.423999999999999932e+00,1.632500000000000000e+02,1.222222222222222099e+00
2.423999999999999932e+00,1.637500000000000000e+02,1.222222222222222099e+00
2.423999999999999932e+00,1.642500000000000000e+02,1.555555555555555358e+00
2.423999999999999932e+00,1.647500000000000000e+02,1.111111111111110938e+00
2.423999999999999932e+00,1.652500000000000000e+02,1.111111111111110938e+00
2.423999999999999932e+00,1.657500000000000000e+02,8.888888888888887285e-01
2.423999999999999932e+00,1.662500000000000000e+02,1.333333333333333259e+00
2.423999999999999932e+00,1.667500000000000000e+02,2.111111111111111160e+00
2.423999999999999932e+00,1.672500000000000000e+02,2.333333333333333481e+00
2.423999999999999932e+00,1.677500000000000000e+02,2.000000000000000000e+00
2.423999999999999932e+00,1.682500000000000000e+02,1.222222222222222099e+00
2.423999999999999932e+00,1.687500000000000000e+02,1.777777777777777679e+00
2.423999999999999932e+00,1.692500000000000000e+02,1.777777777777777679e+00
2.423999999999999932e+00,1.697500000000000000e+02,2.111111111111111160e+00
2.423999999999999932e+00,1.702500000000000000e+02,1.666666666666666741e+00
2.423999999999999932e+00,1.707500000000000000e+02,1.555555555555555580e+00
2.423999999999999932e+00,1.712500000000000000e+02,1.000000000000000000e+00
2.423999999999999932e+00,1.717500000000000000e+02,6.666666666666666297e-01
2.423999999999999932e+00,1.722500000000000000e+02,1.333333333333333259e+00
2.423999999999999932e+00,1.727500000000000000e+02,1.555555555555555580e+00
2.423999999999999932e+00,1.732500000000000000e+02,1.444444444444444642e+00
2.423999999999999932e+00,1.737500000000000000e+02,7.777777777777780122e-01
2.423999999999999932e+00,1.742500000000000000e+02,6.666666666666668517e-01
2.423999999999999932e+00,1.747500000000000000e+02,5.555555555555556912e-01
2.423999999999999932e+00,1.752500000000000000e+02,5.555555555555556912e-01
2.423999999999999932e+00,1.757500000000000000e+02,5.555555555555556912e-01
2.423999999999999932e+00,1.762500000000000000e+02,4.444444444444446418e-01
2.423999999999999932e+00,1.767500000000000000e+02,5.555555555555558023e-01
2.423999999999999932e+00,1.772500000000000000e+02,8.888888888888891726e-01
2.423999999999999932e+00,1.777500000000000000e+02,8.888888888888891726e-01
2.423999999999999932e+00,1.782500000000000000e+02,5.555555555555558023e-01
2.423999999999999932e+00,1.787500000000000000e+02,2.220446049250313081e-16
2.423999999999999932e+00,1.792500000000000000e+02,2.220446049250313081e-16
2.423999999999999932e+00,1.797500000000000000e+02,2.220446049250313081e-16
2.439999999999999947e+00,1.302500000000000000e+02,0.000000000000000000e+00
2.439999999999999947e+00,1.307500000000000000e+02,0.000000000000000000e+00
2.439999999999999947e+00,1.312500000000000000e+02,0.000000000000000000e+00
2.439999999999999947e+00,1.317500000000000000e+02,1.111111111111111049e-01
2.439999999999999947e+00,1.322500000000000000e+02,1.111111111111111049e-01
2.439999999999999947e+00,1.327500000000000000e+02,1.111111111111111049e-01
2.439999999999999947e+00,1.332500000000000000e+02,0.000000000000000000e+00
2.439999999999999947e+00,1.337500000000000000e+02,0.000000000000000000e+00
2.439999999999999947e+00,1.342500000000000000e+02,0.000000000000000000e+00
2.439999999999999947e+00,1.347500000000000000e+02,1.111111111111111049e-01
2.439999999999999947e+00,1.352500000000000000e+02,2.222222222222222099e-01
2.439999999999999947e+00,1.357500000000000000e+02,3.333333333333333148e-01
2.439999999999999947e+00,1.362500000000000000e+02,2.222222222222222376e-01
2.439999999999999947e+00,1.367500000000000000e+02,1.111111111111111466e-01
2.439999999999999947e+00,1.372500000000000000e+02,1.111111111111111466e-01
2.439999999999999947e+00,1.377500000000000000e+02,1.111111111111111466e-01
2.439999999999999947e+00,1.382500000000000000e+02,2.222222222222222376e-01
2.439999999999999947e+00,1.387500000000000000e+02,1.111111111111111466e-01
2.439999999999999947e+00,1.392500000000000000e+02,2.222222222222222376e-01
2.439999999999999947e+00,1.397500000000000000e+02,2.222222222222222376e-01
2.439999999999999947e+00,1.402500000000000000e+02,3.333333333333333148e-01
2.439999999999999947e+00,1.407500000000000000e+02,2.222222222222222376e-01
2.439999999999999947e+00,1.412500000000000000e+02,1.111111111111111466e-01
2.439999999999999947e+00,1.417500000000000000e+02,2.222222222222222376e-01
2.439999999999999947e+00,1.422500000000000000e+02,2.222222222222222376e-01
2.439999999999999947e+00,1.427500000000000000e+02,2.222222222222222376e-01
2.439999999999999947e+00,1.432500000000000000e+02,3.700743415417188263e-17
2.439999999999999947e+00,1.437500000000000000e+02,3.700743415417188263e-17
2.439999999999999947e+00,1.442500000000000000e+02,3.333333333333333148e-01
2.439999999999999947e+00,1.447500000000000000e+02,4.444444444444444198e-01
2.439999999999999947e+00,1.452500000000000000e+02,4.444444444444444198e-01
2.439999999999999947e+00,1.457500000000000000e+02,2.222222222222221821e-01
2.439999999999999947e+00,1.462500000000000000e+02,3.333333333333332593e-01
2.439999999999999947e+00,1.467500000000000000e+02,5.555555555555554692e-01
2.439999999999999947e+00,1.472500000000000000e+02,5.555555555555554692e-01
2.439999999999999947e+00,1.477500000000000000e+02,7.777777777777776791e-01
2.439999999999999947e+00,1.482500000000000000e+02,1.222222222222222099e+00
2.439999999999999947e+00,1.487500000000000000e+02,1.333333333333333259e+00
2.439999999999999947e+00,1.492500000000000000e+02,1.333333333333333259e+00
2.439999999999999947e+00,1.497500000000000000e+02,7.777777777777776791e-01
2.439999999999999947e+00,1.502500000000000000e+02,8.888888888888888395e-01
2.439999999999999947e+00,1.507500000000000000e+02,6.666666666666666297e-01
2.439999999999999947e+00,1.512500000000000000e+02,8.888888888888889506e-01
2.439999999999999947e+00,1.517500000000000000e+02,7.777777777777777901e-01
2.439999999999999947e+00,1.522500000000000000e+02,1.111111111111111160e+00
2.439999999999999947e+00,1.527500000000000000e+02,1.333333333333333259e+00
2.439999999999999947e+00,1.532500000000000000e+02,1.888888888888889062e+00
2.439999999999999947e+00,1.537500000000000000e+02,2.444444444444444642e+00
2.439999999999999947e+00,1.542500000000000000e+02,2.333333333333333481e+00
2.439999999999999947e+00,1.547500000000000000e+02,2.111111111111111160e+00
2.439999999999999947e+00,1.552500000000000000e+02,2.111111111111111160e+00
2.439999999999999947e+00,1.557500000000000000e+02,2.000000000000000000e+00
2.439999999999999947e+00,1.562500000000000000e+02,1.888888888888888618e+00
2.439999999999999947e+00,1.567500000000000000e+02,1.666666666666666297e+00
2.439999999999999947e+00,1.572500000000000000e+02,1.999999999999999778e+00
2.439999999999999947e+00,1.577500000000000000e+02,2.444444444444444198e+00
2.439999999999999947e+00,1.582500000000000000e+02,2.666666666666666519e+00
2.439999999999999947e+00,1.587500000000000000e+02,3.333333333333333481e+00
2.439999999999999947e+00,1.592500000000000000e+02,3.777777777777778123e+00
2.439999999999999947e+00,1.597500000000000000e+02,3.777777777777778123e+00
2.439999999999999947e+00,1.602500000000000000e+02,3.555555555555555802e+00
2.439999999999999947e+00,1.607500000000000000e+02,3.888888888888889284e+00
2.439999999999999947e+00,1.612500000000000000e+02,3.222222222222222765e+00
2.439999999999999947e+00,1.617500000000000000e+02,4.000000000000000888e+00
2.439999999999999947e+00,1.622500000000000000e+02,3.111111111111112049e+00
2.439999999999999947e+00,1.627500000000000000e+02,3.555555555555556690e+00
2.439999999999999947e+00,1.632500000000000000e+02,3.000000000000001332e+00
2.439999999999999947e+00,1.637500000000000000e+02,2.888888888888889728e+00
2.439999999999999947e+00,1.642500000000000000e+02,3.222222222222223209e+00
2.439999999999999947e+00,1.647500000000000000e+02,2.888888888888889728e+00
2.439999999999999947e+00,1.652500000000000000e+02,2.777777777777778567e+00
2.439999999999999947e+00,1.657500000000000000e+02,2.777777777777778567e+00
2.439999999999999947e+00,1.662500000000000000e+02,2.888888888888889728e+00
2.439999999999999947e+00,1.667500000000000000e+02,3.888888888888889728e+00
2.439999999999999947e+00,1.672500000000000000e+02,3.888888888888889728e+00
2.439999999999999947e+00,1.677500000000000000e+02,3.777777777777778567e+00
2.439999999999999947e+00,1.682500000000000000e+02,3.333333333333333925e+00
2.439999999999999947e+00,1.687500000000000000e+02,3.666666666666667407e+00
2.439999999999999947e+00,1.692500000000000000e+02,3.777777777777778567e+00
2.439999999999999947e+00,1.697500000000000000e+02,4.000000000000000888e+00
2.439999999999999947e+00,1.702500000000000000e+02,3.444444444444445086e+00
2.439999999999999947e+00,1.707500000000000000e+02,3.000000000000000444e+00
2.439999999999999947e+00,1.712500000000000000e+02,1.888888888888889284e+00
2.439999999999999947e+00,1.717500000000000000e+02,1.333333333333333703e+00
2.439999999999999947e+00,1.722500000000000000e+02,2.222222222222222765e+00
2.439999999999999947e+00,1.727500000000000000e+02,2.666666666666667407e+00
2.439999999999999947e+00,1.732500000000000000e+02,2.666666666666667407e+00
2.439999999999999947e+00,1.737500000000000000e+02,1.444444444444444864e+00
2.439999999999999947e+00,1.742500000000000000e+02,1.222222222222222543e+00
2.439999999999999947e+00,1.747500000000000000e+02,1.111111111111111605e+00
2.439999999999999947e+00,1.752500000000000000e+02,1.222222222222222543e+00
2.439999999999999947e+00,1.757500000000000000e+02,1.444444444444444864e+00
2.439999999999999947e+00,1.762500000000000000e+02,1.333333333333333925e+00
2.439999999999999947e+00,1.767500000000000000e+02,1.333333333333333925e+00
2.439999999999999947e+00,1.772500000000000000e+02,1.555555555555556024e+00
2.439999999999999947e+00,1.777500000000000000e+02,1.444444444444444864e+00
2.439999999999999947e+00,1.782500000000000000e+02,1.111111111111111605e+00
2.439999999999999947e+00,1.787500000000000000e+02,4.444444444444449194e-01
2.439999999999999947e+00,1.792500000000000000e+02,3.333333333333338699e-01
2.439999999999999947e+00,1.797500000000000000e+02,2.222222222222227650e-01
2.455999999999999961e+00,1.302500000000000000e+02,0.000000000000000000e+00
2.455999999999999961e+00,1.307500000000000000e+02,0.000000000000000000e+00
2.455999999999999961e+00,1.312500000000000000e+02,0.000000000000000000e+00
2.455999999999999961e+00,1.317500000000000000e+02,0.000000000000000000e+00
2.455999999999999961e+00,1.322500000000000000e+02,0.000000000000000000e+00
2.455999999999999961e+00,1.327500000000000000e+02,0.000000000000000000e+00
2.455999999999999961e+00,1.332500000000000000e+02,0.000000000000000000e+00
2.455999999999999961e+00,1.337500000000000000e+02,0.000000000000000000e+00
2.455999999999999961e+00,1.342500000000000000e+02,0.000000000000000000e+00
2.455999999999999961e+00,1.347500000000000000e+02,1.111111111111111049e-01
2.455999999999999961e+00,1.352500000000000000e+02,2.222222222222222099e-01
2.455999999999999961e+00,1.357500000000000000e+02,3.333333333333333148e-01
2.455999999999999961e+00,1.362500000000000000e+02,4.444444444444444198e-01
2.455999999999999961e+00,1.367500000000000000e+02,3.333333333333333148e-01
2.455999999999999961e+00,1.372500000000000000e+02,3.333333333333333148e-01
2.455999999999999961e+00,1.377500000000000000e+02,2.222222222222222376e-01
2.455999999999999961e+00,1.382500000000000000e+02,3.333333333333333148e-01
2.455999999999999961e+00,1.387500000000000000e+02,2.222222222222222376e-01
2.455999999999999961e+00,1.392500000000000000e+02,4.444444444444444753e-01
2.455999999999999961e+00,1.397500000000000000e+02,4.444444444444444753e-01
2.455999999999999961e+00,1.402500000000000000e+02,4.444444444444444753e-01
2.455999999999999961e+00,1.407500000000000000e+02,2.222222222222222376e-01
2.455999999999999961e+00,1.412500000000000000e+02,1.111111111111111466e-01
2.455999999999999961e+00,1.417500000000000000e+02,4.444444444444444753e-01
2.455999999999999961e+00,1.422500000000000000e+02,4.444444444444444753e-01
2.455999999999999961e+00,1.427500000000000000e+02,5.555555555555555802e-01
2.455999999999999961e+00,1.432500000000000000e+02,4.444444444444444753e-01
2.455999999999999961e+00,1.437500000000000000e+02,5.555555555555555802e-01
2.455999999999999961e+00,1.442500000000000000e+02,6.666666666666666297e-01
2.455999999999999961e+00,1.447500000000000000e+02,6.666666666666666297e-01
2.455999999999999961e+00,1.452500000000000000e+02,5.555555555555555802e-01
2.455999999999999961e+00,1.457500000000000000e+02,4.444444444444444753e-01
2.455999999999999961e+00,1.462500000000000000e+02,6.666666666666666297e-01
2.455999999999999961e+00,1.467500000000000000e+02,7.777777777777777901e-01
2.455999999999999961e+00,1.472500000000000000e+02,8.888888888888889506e-01
2.455999999999999961e+00,1.477500000000000000e+02,1.555555555555555580e+00
2.455999999999999961e+00,1.482500000000000000e+02,2.111111111111111160e+00
2.455999999999999961e+00,1.487500000000000000e+02,2.333333333333333481e+00
2.455999999999999961e+00,1.492500000000000000e+02,2.111111111111111160e+00
2.455999999999999961e+00,1.497500000000000000e+02,1.555555555555555580e+00
2.455999999999999961e+00,1.502500000000000000e+02,1.888888888888889062e+00
2.455999999999999961e+00,1.507500000000000000e+02,1.777777777777777901e+00
2.455999999999999961e+00,1.512500000000000000e+02,2.555555555555555802e+00
2.455999999999999961e+00,1.517500000000000000e+02,2.555555555555555802e+00
2.455999999999999961e+00,1.522500000000000000e+02,3.000000000000000000e+00
2.455999999999999961e+00,1.527500000000000000e+02,2.888888888888888840e+00
2.455999999999999961e+00,1.532500000000000000e+02,3.555555555555555358e+00
2.455999999999999961e+00,1.537500000000000000e+02,3.888888888888888840e+00
2.455999999999999961e+00,1.542500000000000000e+02,3.666666666666666519e+00
2.455999999999999961e+00,1.547500000000000000e+02,3.222222222222222765e+00
2.455999999999999961e+00,1.552500000000000000e+02,3.111111111111111160e+00
2.455999999999999961e+00,1.557500000000000000e+02,3.333333333333333481e+00
2.455999999999999961e+00,1.562500000000000000e+02,3.111111111111111160e+00
2.455999999999999961e+00,1.567500000000000000e+02,3.222222222222222765e+00
2.455999999999999961e+00,1.572500000000000000e+02,4.111111111111111605e+00
2.455999999999999961e+00,1.577500000000000000e+02,4.555555555555556246e+00
2.455999999999999961e+00,1.582500000000000000e+02,5.333333333333333037e+00
2.455999999999999961e+00,1.587500000000000000e+02,5.555555555555556246e+00
2.455999999999999961e+00,1.592500000000000000e+02,7.111111111111111605e+00
2.455999999999999961e+00,1.597500000000000000e+02,7.777777777777778567e+00
2.455999999999999961e+00,1.602500000000000000e+02,7.111111111111111605e+00
2.455999999999999961e+00,1.607500000000000000e+02,6.666666666666666963e+00
2.455999999999999961e+00,1.612500000000000000e+02,5.555555555555556246e+00
2.455999999999999961e+00,1.617500000000000000e+02,6.666666666666666963e+00
2.455999999999999961e+00,1.622500000000000000e+02,6.666666666666666963e+00
2.455999999999999961e+00,1.627500000000000000e+02,6.777777777777777679e+00
2.455999999999999961e+00,1.632500000000000000e+02,7.111111111111110716e+00
2.455999999999999961e+00,1.637500000000000000e+02,6.666666666666666963e+00
2.455999999999999961e+00,1.642500000000000000e+02,6.333333333333333037e+00
2.455999999999999961e+00,1.647500000000000000e+02,5.444444444444443754e+00
2.455999999999999961e+00,1.652500000000000000e+02,4.888888888888888395e+00
2.455999999999999961e+00,1.657500000000000000e+02,5.111111111111110716e+00
2.455999999999999961e+00,1.662500000000000000e+02,6.000000000000000000e+00
2.455999999999999961e+00,1.667500000000000000e+02,7.000000000000000000e+00
2.455999999999999961e+00,1.672500000000000000e+02,7.444444444444443754e+00
2.455999999999999961e+00,1.677500000000000000e+02,6.111111111111110716e+00
2.455999999999999961e+00,1.682500000000000000e+02,6.222222222222221433e+00
2.455999999999999961e+00,1.687500000000000000e+02,6.555555555555554470e+00
2.455999999999999961e+00,1.692500000000000000e+02,7.444444444444443754e+00
2.455999999999999961e+00,1.697500000000000000e+02,7.777777777777777679e+00
2.455999999999999961e+00,1.702500000000000000e+02,7.000000000000000000e+00
2.455999999999999961e+00,1.707500000000000000e+02,6.777777777777777679e+00
2.455999999999999961e+00,1.712500000000000000e+02,4.888888888888888395e+00
2.455999999999999961e+00,1.717500000000000000e+02,4.333333333333332149e+00
2.455999999999999961e+00,1.722500000000000000e+02,4.111111111111109828e+00
2.455999999999999961e+00,1.727500000000000000e+02,4.777777777777776791e+00
2.455999999999999961e+00,1.732500000000000000e+02,4.555555555555554470e+00
2.455999999999999961e+00,1.737500000000000000e+02,3.777777777777776791e+00
2.455999999999999961e+00,1.742500000000000000e+02,3.777777777777776791e+00
2.455999999999999961e+00,1.747500000000000000e+02,3.555555555555554914e+00
2.455999999999999961e+00,1.752500000000000000e+02,3.222222222222221433e+00
2.455999999999999961e+00,1.757500000000000000e+02,3.111111111111110272e+00
2.455999999999999961e+00,1.762500000000000000e+02,2.777777777777776791e+00
2.455999999999999961e+00,1.767500000000000000e+02,2.888888888888887951e+00
2.455999999999999961e+00,1.772500000000000000e+02,2.222222222222221433e+00
2.455999999999999961e+00,1.777500000000000000e+02,2.111111111111110272e+00
2.455999999999999961e+00,1.782500000000000000e+02,1.999999999999999112e+00
2.455999999999999961e+00,1.787500000000000000e+02,1.555555555555554692e+00
2.455999999999999961e+00,1.792500000000000000e+02,1.111111111111110494e+00
2.455999999999999961e+00,1.797500000000000000e+02,3.333333333333325932e-01
2.471999999999999975e+00,1.302500000000000000e+02,0.000000000000000000e+00
2.471999999999999975e+00,1.307500000000000000e+02,0.000000000000000000e+00
2.471999999999999975e+00,1.312500000000000000e+02,1.111111111111111049e-01
2.471999999999999975e+00,1.317500000000000000e+02,4.444444444444444198e-01
2.471999999999999975e+00,1.322500000000000000e+02,4.444444444444444198e-01
2.471999999999999975e+00,1.327500000000000000e+02,3.333333333333333148e-01
2.471999999999999975e+00,1.332500000000000000e+02,0.000000000000000000e+00
2.471999999999999975e+00,1.337500000000000000e+02,0.000000000000000000e+00
2.471999999999999975e+00,1.342500000000000000e+02,0.000000000000000000e+00
2.471999999999999975e+00,1.347500000000000000e+02,1.111111111111111049e-01
2.471999999999999975e+00,1.352500000000000000e+02,2.222222222222222099e-01
2.471999999999999975e+00,1.357500000000000000e+02,3.333333333333333148e-01
2.471999999999999975e+00,1.362500000000000000e+02,4.444444444444444198e-01
2.471999999999999975e+00,1.367500000000000000e+02,3.333333333333333148e-01
2.471999999999999975e+00,1.372500000000000000e+02,3.333333333333333148e-01
2.471999999999999975e+00,1.377500000000000000e+02,3.333333333333333148e-01
2.471999999999999975e+00,1.382500000000000000e+02,5.555555555555554692e-01
2.471999999999999975e+00,1.387500000000000000e+02,5.555555555555554692e-01
2.471999999999999975e+00,1.392500000000000000e+02,7.777777777777776791e-01
2.471999999999999975e+00,1.397500000000000000e+02,6.666666666666666297e-01
2.471999999999999975e+00,1.402500000000000000e+02,7.777777777777776791e-01
2.471999999999999975e+00,1.407500000000000000e+02,7.777777777777776791e-01
2.471999999999999975e+00,1.412500000000000000e+02,1.000000000000000000e+00
2.471999999999999975e+00,1.417500000000000000e+02,8.888888888888888395e-01
2.471999999999999975e+00,1.422500000000000000e+02,6.666666666666666297e-01
2.471999999999999975e+00,1.427500000000000000e+02,1.000000000000000000e+00
2.471999999999999975e+00,1.432500000000000000e+02,1.222222222222222321e+00
2.471999999999999975e+00,1.437500000000000000e+02,1.333333333333333259e+00
2.471999999999999975e+00,1.442500000000000000e+02,1.333333333333333259e+00
2.471999999999999975e+00,1.447500000000000000e+02,1.333333333333333259e+00
2.471999999999999975e+00,1.452500000000000000e+02,1.111111111111110938e+00
2.471999999999999975e+00,1.457500000000000000e+02,8.888888888888887285e-01
2.471999999999999975e+00,1.462500000000000000e+02,1.333333333333333259e+00
2.471999999999999975e+00,1.467500000000000000e+02,1.666666666666666741e+00
2.471999999999999975e+00,1.472500000000000000e+02,2.000000000000000000e+00
2.471999999999999975e+00,1.477500000000000000e+02,2.333333333333333481e+00
2.471999999999999975e+00,1.482500000000000000e+02,2.666666666666666519e+00
2.471999999999999975e+00,1.487500000000000000e+02,2.666666666666666519e+00
2.471999999999999975e+00,1.492500000000000000e+02,2.444444444444444198e+00
2.471999999999999975e+00,1.497500000000000000e+02,2.333333333333333481e+00
2.471999999999999975e+00,1.502500000000000000e+02,2.444444444444444198e+00
2.471999999999999975e+00,1.507500000000000000e+02,3.222222222222221877e+00
2.471999999999999975e+00,1.512500000000000000e+02,4.000000000000000000e+00
2.471999999999999975e+00,1.517500000000000000e+02,4.444444444444444642e+00
2.471999999999999975e+00,1.522500000000000000e+02,4.555555555555556246e+00
2.471999999999999975e+00,1.527500000000000000e+02,4.333333333333333925e+00
2.471999999999999975e+00,1.532500000000000000e+02,4.888888888888889284e+00
2.471999999999999975e+00,1.537500000000000000e+02,4.444444444444445530e+00
2.471999999999999975e+00,1.542500000000000000e+02,4.777777777777778567e+00
2.471999999999999975e+00,1.547500000000000000e+02,4.555555555555556246e+00
2.471999999999999975e+00,1.552500000000000000e+02,5.222222222222222321e+00
2.471999999999999975e+00,1.557500000000000000e+02,5.444444444444445530e+00
2.471999999999999975e+00,1.562500000000000000e+02,5.222222222222222321e+00
2.471999999999999975e+00,1.567500000000000000e+02,5.444444444444445530e+00
2.471999999999999975e+00,1.572500000000000000e+02,6.333333333333334814e+00
2.471999999999999975e+00,1.577500000000000000e+02,6.888888888888890172e+00
2.471999999999999975e+00,1.582500000000000000e+02,7.555555555555557135e+00
2.471999999999999975e+00,1.587500000000000000e+02,8.333333333333335702e+00
2.471999999999999975e+00,1.592500000000000000e+02,9.555555555555557135e+00
2.471999999999999975e+00,1.597500000000000000e+02,1.077777777777778034e+01
2.471999999999999975e+00,1.602500000000000000e+02,1.033333333333333570e+01
2.471999999999999975e+00,1.607500000000000000e+02,1.100000000000000178e+01
2.471999999999999975e+00,1.612500000000000000e+02,9.333333333333335702e+00
2.471999999999999975e+00,1.617500000000000000e+02,1.044444444444444819e+01
2.471999999999999975e+00,1.622500000000000000e+02,1.055555555555555891e+01
2.471999999999999975e+00,1.627500000000000000e+02,1.244444444444444819e+01
2.471999999999999975e+00,1.632500000000000000e+02,1.255555555555555713e+01
2.471999999999999975e+00,1.637500000000000000e+02,1.311111111111111249e+01
2.471999999999999975e+00,1.642500000000000000e+02,1.200000000000000000e+01
2.471999999999999975e+00,1.647500000000000000e+02,1.088888888888889106e+01
2.471999999999999975e+00,1.652500000000000000e+02,8.555555555555557135e+00
2.471999999999999975e+00,1.657500000000000000e+02,9.555555555555557135e+00
2.471999999999999975e+00,1.662500000000000000e+02,1.055555555555555713e+01
2.471999999999999975e+00,1.667500000000000000e+02,1.211111111111111249e+01
2.471999999999999975e+00,1.672500000000000000e+02,1.200000000000000000e+01
2.471999999999999975e+00,1.677500000000000000e+02,1.100000000000000000e+01
2.471999999999999975e+00,1.682500000000000000e+02,1.111111111111110894e+01
2.471999999999999975e+00,1.687500000000000000e+02,1.166666666666666430e+01
2.471999999999999975e+00,1.692500000000000000e+02,1.244444444444444287e+01
2.471999999999999975e+00,1.697500000000000000e+02,1.288888888888888751e+01
2.471999999999999975e+00,1.702500000000000000e+02,1.133333333333333393e+01
2.471999999999999975e+00,1.707500000000000000e+02,1.155555555555555713e+01
2.471999999999999975e+00,1.712500000000000000e+02,1.000000000000000178e+01
2.471999999999999975e+00,1.717500000000000000e+02,9.444444444444446418e+00
2.471999999999999975e+00,1.722500000000000000e+02,8.222222222222223209e+00
2.471999999999999975e+00,1.727500000000000000e+02,8.000000000000001776e+00
2.471999999999999975e+00,1.732500000000000000e+02,8.111111111111112493e+00
2.471999999999999975e+00,1.737500000000000000e+02,8.000000000000001776e+00
2.471999999999999975e+00,1.742500000000000000e+02,8.333333333333333925e+00
2.471999999999999975e+00,1.747500000000000000e+02,7.111111111111111605e+00
2.471999999999999975e+00,1.752500000000000000e+02,5.333333333333333037e+00
2.471999999999999975e+00,1.757500000000000000e+02,4.666666666666666963e+00
2.471999999999999975e+00,1.762500000000000000e+02,4.555555555555556246e+00
2.471999999999999975e+00,1.767500000000000000e+02,4.666666666666666963e+00
2.471999999999999975e+00,1.772500000000000000e+02,3.555555555555555802e+00
2.471999999999999975e+00,1.777500000000000000e+02,3.111111111111111160e+00
2.471999999999999975e+00,1.782500000000000000e+02,2.888888888888889284e+00
2.471999999999999975e+00,1.787500000000000000e+02,2.222222222222222765e+00
2.471999999999999975e+00,1.792500000000000000e+02,1.444444444444444864e+00
2.471999999999999975e+00,1.797500000000000000e+02,6.666666666666672958e-01
2.487999999999999989e+00,1.302500000000000000e+02,0.000000000000000000e+00
2.487999999999999989e+00,1.307500000000000000e+02,0.000000000000000000e+00
2.487999999999999989e+00,1.312500000000000000e+02,1.111111111111111049e-01
2.487999999999999989e+00,1.317500000000000000e+02,4.444444444444444198e-01
2.487999999999999989e+00,1.322500000000000000e+02,4.444444444444444198e-01
2.487999999999999989e+00,1.327500000000000000e+02,4.444444444444444198e-01
2.487999999999999989e+00,1.332500000000000000e+02,1.111111111111110911e-01
2.487999999999999989e+00,1.337500000000000000e+02,1.111111111111110911e-01
2.487999999999999989e+00,1.342500000000000000e+02,-1.850371707708594131e-17
2.487999999999999989e+00,1.347500000000000000e+02,2.222222222222221821e-01
2.487999999999999989e+00,1.352500000000000000e+02,3.333333333333332593e-01
2.487999999999999989e+00,1.357500000000000000e+02,3.333333333333332593e-01
2.487999999999999989e+00,1.362500000000000000e+02,5.555555555555554692e-01
2.487999999999999989e+00,1.367500000000000000e+02,6.666666666666666297e-01
2.487999999999999989e+00,1.372500000000000000e+02,7.777777777777776791e-01
2.487999999999999989e+00,1.377500000000000000e+02,7.777777777777776791e-01
2.487999999999999989e+00,1.382500000000000000e+02,7.777777777777776791e-01
2.487999999999999989e+00,1.387500000000000000e+02,7.777777777777776791e-01
2.487999999999999989e+00,1.392500000000000000e+02,6.666666666666666297e-01
2.487999999999999989e+00,1.397500000000000000e+02,4.444444444444443643e-01
2.487999999999999989e+00,1.402500000000000000e+02,6.666666666666666297e-01
2.487999999999999989e+00,1.407500000000000000e+02,1.000000000000000000e+00
2.487999999999999989e+00,1.412500000000000000e+02,1.444444444444444420e+00
2.487999999999999989e+00,1.417500000000000000e+02,1.444444444444444420e+00
2.487999999999999989e+00,1.422500000000000000e+02,9.999999999999998890e-01
2.487999999999999989e+00,1.427500000000000000e+02,1.333333333333333259e+00
2.487999999999999989e+00,1.432500000000000000e+02,1.666666666666666741e+00
2.487999999999999989e+00,1.437500000000000000e+02,2.000000000000000000e+00
2.487999999999999989e+00,1.442500000000000000e+02,2.000000000000000000e+00
2.487999999999999989e+00,1.447500000000000000e+02,1.777777777777777679e+00
2.487999999999999989e+00,1.452500000000000000e+02,1.444444444444444420e+00
2.487999999999999989e+00,1.457500000000000000e+02,1.333333333333333259e+00
2.487999999999999989e+00,1.462500000000000000e+02,2.444444444444444642e+00
2.487999999999999989e+00,1.467500000000000000e+02,3.555555555555555802e+00
2.487999999999999989e+00,1.472500000000000000e+02,3.888888888888889284e+00
2.487999999999999989e+00,1.477500000000000000e+02,3.666666666666666519e+00
2.487999999999999989e+00,1.482500000000000000e+02,3.555555555555555358e+00
2.487999999999999989e+00,1.487500000000000000e+02,3.666666666666666519e+00
2.487999999999999989e+00,1.492500000000000000e+02,3.222222222222221877e+00
2.487999999999999989e+00,1.497500000000000000e+02,3.222222222222221877e+00
2.487999999999999989e+00,1.502500000000000000e+02,3.666666666666666519e+00
2.487999999999999989e+00,1.507500000000000000e+02,5.444444444444445530e+00
2.487999999999999989e+00,1.512500000000000000e+02,6.000000000000000888e+00
2.487999999999999989e+00,1.517500000000000000e+02,6.777777777777778567e+00
2.487999999999999989e+00,1.522500000000000000e+02,6.666666666666667851e+00
2.487999999999999989e+00,1.527500000000000000e+02,7.111111111111111605e+00
2.487999999999999989e+00,1.532500000000000000e+02,7.222222222222222321e+00
2.487999999999999989e+00,1.537500000000000000e+02,6.444444444444445530e+00
2.487999999999999989e+00,1.542500000000000000e+02,7.333333333333334814e+00
2.487999999999999989e+00,1.547500000000000000e+02,7.222222222222224097e+00
2.487999999999999989e+00,1.552500000000000000e+02,8.000000000000001776e+00
2.487999999999999989e+00,1.557500000000000000e+02,7.555555555555557135e+00
2.487999999999999989e+00,1.562500000000000000e+02,7.777777777777779455e+00
2.487999999999999989e+00,1.567500000000000000e+02,8.666666666666669627e+00
2.487999999999999989e+00,1.572500000000000000e+02,9.777777777777780344e+00
2.487999999999999989e+00,1.577500000000000000e+02,1.011111111111111427e+01
2.487999999999999989e+00,1.582500000000000000e+02,1.088888888888889106e+01
2.487999999999999989e+00,1.587500000000000000e+02,1.222222222222222321e+01
2.487999999999999989e+00,1.592500000000000000e+02,1.433333333333333570e+01
2.487999999999999989e+00,1.597500000000000000e+02,1.611111111111111427e+01
2.487999999999999989e+00,1.602500000000000000e+02,1.577777777777778034e+01
2.487999999999999989e+00,1.607500000000000000e+02,1.722222222222222499e+01
2.487999999999999989e+00,1.612500000000000000e+02,1.588888888888889106e+01
2.487999999999999989e+00,1.617500000000000000e+02,1.700000000000000355e+01
2.487999999999999989e+00,1.622500000000000000e+02,1.655555555555555713e+01
2.487999999999999989e+00,1.627500000000000000e+02,1.800000000000000000e+01
2.487999999999999989e+00,1.632500000000000000e+02,1.877777777777777501e+01
2.487999999999999989e+00,1.637500000000000000e+02,2.022222222222221788e+01
2.487999999999999989e+00,1.642500000000000000e+02,1.933333333333333215e+01
2.487999999999999989e+00,1.647500000000000000e+02,1.788888888888888573e+01
2.487999999999999989e+00,1.652500000000000000e+02,1.533333333333333037e+01
2.487999999999999989e+00,1.657500000000000000e+02,1.555555555555555181e+01
2.487999999999999989e+00,1.662500000000000000e+02,1.677777777777777501e+01
2.487999999999999989e+00,1.667500000000000000e+02,1.699999999999999645e+01
2.487999999999999989e+00,1.672500000000000000e+02,1.833333333333332860e+01
2.487999999999999989e+00,1.677500000000000000e+02,1.799999999999999645e+01
2.487999999999999989e+00,1.682500000000000000e+02,1.899999999999999645e+01
2.487999999999999989e+00,1.687500000000000000e+02,1.955555555555555358e+01
2.487999999999999989e+00,1.692500000000000000e+02,1.955555555555555358e+01
2.487999999999999989e+00,1.697500000000000000e+02,1.988888888888888573e+01
2.487999999999999989e+00,1.702500000000000000e+02,1.799999999999999645e+01
2.487999999999999989e+00,1.707500000000000000e+02,1.799999999999999645e+01
2.487999999999999989e+00,1.712500000000000000e+02,1.744444444444443931e+01
2.487999999999999989e+00,1.717500000000000000e+02,1.599999999999999467e+01
2.487999999999999989e+00,1.722500000000000000e+02,1.466666666666666252e+01
2.487999999999999989e+00,1.727500000000000000e+02,1.322222222222221610e+01
2.487999999999999989e+00,1.732500000000000000e+02,1.433333333333332860e+01
2.487999999999999989e+00,1.737500000000000000e+02,1.444444444444443754e+01
2.487999999999999989e+00,1.742500000000000000e+02,1.411111111111110539e+01
2.487999999999999989e+00,1.747500000000000000e+02,1.266666666666665897e+01
2.487999999999999989e+00,1.752500000000000000e+02,1.088888888888888040e+01
2.487999999999999989e+00,1.757500000000000000e+02,9.999999999999991118e+00
2.487999999999999989e+00,1.762500000000000000e+02,8.777777777777769685e+00
2.487999999999999989e+00,1.767500000000000000e+02,7.999999999999990230e+00
2.487999999999999989e+00,1.772500000000000000e+02,6.333333333333324155e+00
2.487999999999999989e+00,1.777500000000000000e+02,5.444444444444435760e+00
2.487999999999999989e+00,1.782500000000000000e+02,4.333333333333324155e+00
2.487999999999999989e+00,1.787500000000000000e+02,3.555555555555546476e+00
2.487999999999999989e+00,1.792500000000000000e+02,2.111111111111101835e+00
2.487999999999999989e+00,1.797500000000000000e+02,9.999999999999907851e-01
2.504000000000000004e+00,1.302500000000000000e+02,0.000000000000000000e+00
2.504000000000000004e+00,1.307500000000000000e+02,0.000000000000000000e+00
2.504000000000000004e+00,1.312500000000000000e+02,1.111111111111111049e-01
2.504000000000000004e+00,1.317500000000000000e+02,4.444444444444444198e-01
2.504000000000000004e+00,1.322500000000000000e+02,4.444444444444444198e-01
2.504000000000000004e+00,1.327500000000000000e+02,6.666666666666666297e-01
2.504000000000000004e+00,1.332500000000000000e+02,3.333333333333333148e-01
2.504000000000000004e+00,1.337500000000000000e+02,3.333333333333333148e-01
2.504000000000000004e+00,1.342500000000000000e+02,2.222222222222222099e-01
2.504000000000000004e+00,1.347500000000000000e+02,4.444444444444444198e-01
2.504000000000000004e+00,1.352500000000000000e+02,5.555555555555554692e-01
2.504000000000000004e+00,1.357500000000000000e+02,3.333333333333333148e-01
2.504000000000000004e+00,1.362500000000000000e+02,5.555555555555554692e-01
2.504000000000000004e+00,1.367500000000000000e+02,8.888888888888888395e-01
2.504000000000000004e+00,1.372500000000000000e+02,1.222222222222222099e+00
2.504000000000000004e+00,1.377500000000000000e+02,1.222222222222222099e+00
2.504000000000000004e+00,1.382500000000000000e+02,1.111111111111110938e+00
2.504000000000000004e+00,1.387500000000000000e+02,8.888888888888887285e-01
2.504000000000000004e+00,1.392500000000000000e+02,6.666666666666665186e-01
2.504000000000000004e+00,1.397500000000000000e+02,5.555555555555553582e-01
2.504000000000000004e+00,1.402500000000000000e+02,1.333333333333333037e+00
2.504000000000000004e+00,1.407500000000000000e+02,1.777777777777777457e+00
2.504000000000000004e+00,1.412500000000000000e+02,2.111111111111110716e+00
2.504000000000000004e+00,1.417500000000000000e+02,1.666666666666666297e+00
2.504000000000000004e+00,1.422500000000000000e+02,1.222222222222221877e+00
2.504000000000000004e+00,1.427500000000000000e+02,1.888888888888888395e+00
2.504000000000000004e+00,1.432500000000000000e+02,2.555555555555554914e+00
2.504000000000000004e+00,1.437500000000000000e+02,2.777777777777777235e+00
2.504000000000000004e+00,1.442500000000000000e+02,2.444444444444444198e+00
2.504000000000000004e+00,1.447500000000000000e+02,1.999999999999999334e+00
2.504000000000000004e+00,1.452500000000000000e+02,2.333333333333332593e+00
2.504000000000000004e+00,1.457500000000000000e+02,3.222222222222221433e+00
2.504000000000000004e+00,1.462500000000000000e+02,4.333333333333332149e+00
2.504000000000000004e+00,1.467500000000000000e+02,5.333333333333332149e+00
2.504000000000000004e+00,1.472500000000000000e+02,5.888888888888888395e+00
2.504000000000000004e+00,1.477500000000000000e+02,5.222222222222221433e+00
2.504000000000000004e+00,1.482500000000000000e+02,5.222222222222221433e+00
2.504000000000000004e+00,1.487500000000000000e+02,3.888888888888887951e+00
2.504000000000000004e+00,1.492500000000000000e+02,3.777777777777776791e+00
2.504000000000000004e+00,1.497500000000000000e+02,3.777777777777776791e+00
2.504000000000000004e+00,1.502500000000000000e+02,5.111111111111109828e+00
2.504000000000000004e+00,1.507500000000000000e+02,7.333333333333332149e+00
2.504000000000000004e+00,1.512500000000000000e+02,7.888888888888888395e+00
2.504000000000000004e+00,1.517500000000000000e+02,8.111111111111110716e+00
2.504000000000000004e+00,1.522500000000000000e+02,7.555555555555554470e+00
2.504000000000000004e+00,1.527500000000000000e+02,7.777777777777777679e+00
2.504000000000000004e+00,1.532500000000000000e+02,8.444444444444444642e+00
2.504000000000000004e+00,1.537500000000000000e+02,8.444444444444444642e+00
2.504000000000000004e+00,1.542500000000000000e+02,1.066666666666666607e+01
2.504000000000000004e+00,1.547500000000000000e+02,1.066666666666666607e+01
2.504000000000000004e+00,1.552500000000000000e+02,1.188888888888888751e+01
2.504000000000000004e+00,1.557500000000000000e+02,1.144444444444444287e+01
2.504000000000000004e+00,1.562500000000000000e+02,1.222222222222222143e+01
2.504000000000000004e+00,1.567500000000000000e+02,1.366666666666666607e+01
2.504000000000000004e+00,1.572500000000000000e+02,1.577777777777777679e+01
2.504000000000000004e+00,1.577500000000000000e+02,1.711111111111111072e+01
2.504000000000000004e+00,1.582500000000000000e+02,1.777777777777777501e+01
2.504000000000000004e+00,1.587500000000000000e+02,1.800000000000000000e+01
2.504000000000000004e+00,1.592500000000000000e+02,1.911111111111111072e+01
2.504000000000000004e+00,1.597500000000000000e+02,2.100000000000000000e+01
2.504000000000000004e+00,1.602500000000000000e+02,2.200000000000000000e+01
2.504000000000000004e+00,1.607500000000000000e+02,2.388888888888888928e+01
2.504000000000000004e+00,1.612500000000000000e+02,2.311111111111111427e+01
2.504000000000000004e+00,1.617500000000000000e+02,2.433333333333333925e+01
2.504000000000000004e+00,1.622500000000000000e+02,2.377777777777778212e+01
2.504000000000000004e+00,1.627500000000000000e+02,2.533333333333333925e+01
2.504000000000000004e+00,1.632500000000000000e+02,2.611111111111111427e+01
2.504000000000000004e+00,1.637500000000000000e+02,2.888888888888889639e+01
2.504000000000000004e+00,1.642500000000000000e+02,2.811111111111111782e+01
2.504000000000000004e+00,1.647500000000000000e+02,2.733333333333334281e+01
2.504000000000000004e+00,1.652500000000000000e+02,2.411111111111111782e+01
2.504000000000000004e+00,1.657500000000000000e+02,2.533333333333334281e+01
2.504000000000000004e+00,1.662500000000000000e+02,2.533333333333334281e+01
2.504000000000000004e+00,1.667500000000000000e+02,2.744444444444445352e+01
2.504000000000000004e+00,1.672500000000000000e+02,3.055555555555556069e+01
2.504000000000000004e+00,1.677500000000000000e+02,3.088888888888889639e+01
2.504000000000000004e+00,1.682500000000000000e+02,3.122222222222222854e+01
2.504000000000000004e+00,1.687500000000000000e+02,2.966666666666667496e+01
2.504000000000000004e+00,1.692500000000000000e+02,2.955555555555556069e+01
2.504000000000000004e+00,1.697500000000000000e+02,2.933333333333334281e+01
2.504000000000000004e+00,1.702500000000000000e+02,2.722222222222223209e+01
2.504000000000000004e+00,1.707500000000000000e+02,2.622222222222223209e+01
2.504000000000000004e+00,1.712500000000000000e+02,2.644444444444445708e+01
2.504000000000000004e+00,1.717500000000000000e+02,2.600000000000001066e+01
2.504000000000000004e+00,1.722500000000000000e+02,2.588888888888889994e+01
2.504000000000000004e+00,1.727500000000000000e+02,2.244444444444445708e+01
2.504000000000000004e+00,1.732500000000000000e+02,2.222222222222223920e+01
2.504000000000000004e+00,1.737500000000000000e+02,2.133333333333334636e+01
2.504000000000000004e+00,1.742500000000000000e+02,2.122222222222223920e+01
2.504000000000000004e+00,1.747500000000000000e+02,1.900000000000001421e+01
2.504000000000000004e+00,1.752500000000000000e+02,1.688888888888890349e+01
2.504000000000000004e+00,1.757500000000000000e+02,1.600000000000001421e+01
2.504000000000000004e+00,1.762500000000000000e+02,1.366666666666668029e+01
2.504000000000000004e+00,1.767500000000000000e+02,1.222222222222223564e+01
2.504000000000000004e+00,1.772500000000000000e+02,9.333333333333346360e+00
2.504000000000000004e+00,1.777500000000000000e+02,8.777777777777791002e+00
2.504000000000000004e+00,1.782500000000000000e+02,6.888888888888902606e+00
2.504000000000000004e+00,1.787500000000000000e+02,5.555555555555568681e+00
2.504000000000000004e+00,1.792500000000000000e+02,2.888888888888902162e+00
2.504000000000000004e+00,1.797500000000000000e+02,1.333333333333346582e+00
2.520000000000000018e+00,1.302500000000000000e+02,1.111111111111111049e-01
2.520000000000000018e+00,1.307500000000000000e+02,1.111111111111111049e-01
2.520000000000000018e+00,1.312500000000000000e+02,1.111111111111111049e-01
2.520000000000000018e+00,1.317500000000000000e+02,1.111111111111111049e-01
2.520000000000000018e+00,1.322500000000000000e+02,2.222222222222222099e-01
2.520000000000000018e+00,1.327500000000000000e+02,5.555555555555554692e-01
2.520000000000000018e+00,1.332500000000000000e+02,4.444444444444444198e-01
2.520000000000000018e+00,1.337500000000000000e+02,3.333333333333333148e-01
2.520000000000000018e+00,1.342500000000000000e+02,3.333333333333333148e-01
2.520000000000000018e+00,1.347500000000000000e+02,8.888888888888889506e-01
2.520000000000000018e+00,1.352500000000000000e+02,1.222222222222222321e+00
2.520000000000000018e+00,1.357500000000000000e+02,8.888888888888889506e-01
2.520000000000000018e+00,1.362500000000000000e+02,1.111111111111111382e+00
2.520000000000000018e+00,1.367500000000000000e+02,1.333333333333333703e+00
2.520000000000000018e+00,1.372500000000000000e+02,2.000000000000000444e+00
2.520000000000000018e+00,1.377500000000000000e+02,1.666666666666666963e+00
2.520000000000000018e+00,1.382500000000000000e+02,1.444444444444444642e+00
2.520000000000000018e+00,1.387500000000000000e+02,1.000000000000000222e+00
2.520000000000000018e+00,1.392500000000000000e+02,6.666666666666668517e-01
2.520000000000000018e+00,1.397500000000000000e+02,6.666666666666668517e-01
2.520000000000000018e+00,1.402500000000000000e+02,1.444444444444444642e+00
2.520000000000000018e+00,1.407500000000000000e+02,2.444444444444444642e+00
2.520000000000000018e+00,1.412500000000000000e+02,2.444444444444444642e+00
2.520000000000000018e+00,1.417500000000000000e+02,2.111111111111111160e+00
2.520000000000000018e+00,1.422500000000000000e+02,1.333333333333333259e+00
2.520000000000000018e+00,1.427500000000000000e+02,2.555555555555555802e+00
2.520000000000000018e+00,1.432500000000000000e+02,3.888888888888889284e+00
2.520000000000000018e+00,1.437500000000000000e+02,4.222222222222222321e+00
2.520000000000000018e+00,1.442500000000000000e+02,3.333333333333333481e+00
2.520000000000000018e+00,1.447500000000000000e+02,2.555555555555555358e+00
2.520000000000000018e+00,1.452500000000000000e+02,3.777777777777777235e+00
2.520000000000000018e+00,1.457500000000000000e+02,5.222222222222221433e+00
2.520000000000000018e+00,1.462500000000000000e+02,6.666666666666666963e+00
2.520000000000000018e+00,1.467500000000000000e+02,7.777777777777777679e+00
2.520000000000000018e+00,1.472500000000000000e+02,8.111111111111110716e+00
2.520000000000000018e+00,1.477500000000000000e+02,7.333333333333333037e+00
2.520000000000000018e+00,1.482500000000000000e+02,7.666666666666666963e+00
2.520000000000000018e+00,1.487500000000000000e+02,7.666666666666666963e+00
2.520000000000000018e+00,1.492500000000000000e+02,7.555555555555554470e+00
2.520000000000000018e+00,1.497500000000000000e+02,7.111111111111109828e+00
2.520000000000000018e+00,1.502500000000000000e+02,8.333333333333332149e+00
2.520000000000000018e+00,1.507500000000000000e+02,1.011111111111110894e+01
2.520000000000000018e+00,1.512500000000000000e+02,1.022222222222222143e+01
2.520000000000000018e+00,1.517500000000000000e+02,1.044444444444444287e+01
2.520000000000000018e+00,1.522500000000000000e+02,1.044444444444444287e+01
2.520000000000000018e+00,1.527500000000000000e+02,1.222222222222222143e+01
2.520000000000000018e+00,1.532500000000000000e+02,1.444444444444444287e+01
2.520000000000000018e+00,1.537500000000000000e+02,1.600000000000000000e+01
2.520000000000000018e+00,1.542500000000000000e+02,1.800000000000000000e+01
2.520000000000000018e+00,1.547500000000000000e+02,1.744444444444444642e+01
2.520000000000000018e+00,1.552500000000000000e+02,1.855555555555555713e+01
2.520000000000000018e+00,1.557500000000000000e+02,1.944444444444444642e+01
2.520000000000000018e+00,1.562500000000000000e+02,1.977777777777778212e+01
2.520000000000000018e+00,1.567500000000000000e+02,2.166666666666666785e+01
2.520000000000000018e+00,1.572500000000000000e+02,2.344444444444444287e+01
2.520000000000000018e+00,1.577500000000000000e+02,2.500000000000000000e+01
2.520000000000000018e+00,1.582500000000000000e+02,2.677777777777778212e+01
2.520000000000000018e+00,1.587500000000000000e+02,2.600000000000000355e+01
2.520000000000000018e+00,1.592500000000000000e+02,2.800000000000000355e+01
2.520000000000000018e+00,1.597500000000000000e+02,2.988888888888889639e+01
2.520000000000000018e+00,1.602500000000000000e+02,3.155555555555556069e+01
2.520000000000000018e+00,1.607500000000000000e+02,3.411111111111112137e+01
2.520000000000000018e+00,1.612500000000000000e+02,3.377777777777778567e+01
2.520000000000000018e+00,1.617500000000000000e+02,3.600000000000000711e+01
2.520000000000000018e+00,1.622500000000000000e+02,3.577777777777779278e+01
2.520000000000000018e+00,1.627500000000000000e+02,3.644444444444445708e+01
2.520000000000000018e+00,1.632500000000000000e+02,3.822222222222223564e+01
2.520000000000000018e+00,1.637500000000000000e+02,4.066666666666667851e+01
2.520000000000000018e+00,1.642500000000000000e+02,3.988888888888890705e+01
2.520000000000000018e+00,1.647500000000000000e+02,3.922222222222223564e+01
2.520000000000000018e+00,1.652500000000000000e+02,3.766666666666668561e+01
2.520000000000000018e+00,1.657500000000000000e+02,3.977777777777779988e+01
2.520000000000000018e+00,1.662500000000000000e+02,4.000000000000002132e+01
2.520000000000000018e+00,1.667500000000000000e+02,4.200000000000002132e+01
2.520000000000000018e+00,1.672500000000000000e+02,4.577777777777779278e+01
2.520000000000000018e+00,1.677500000000000000e+02,4.544444444444445708e+01
2.520000000000000018e+00,1.682500000000000000e+02,4.577777777777779278e+01
2.520000000000000018e+00,1.687500000000000000e+02,4.322222222222223564e+01
2.520000000000000018e+00,1.692500000000000000e+02,4.422222222222223564e+01
2.520000000000000018e+00,1.697500000000000000e+02,4.444444444444445708e+01
2.520000000000000018e+00,1.702500000000000000e+02,4.255555555555557135e+01
2.520000000000000018e+00,1.707500000000000000e+02,4.033333333333334991e+01
2.520000000000000018e+00,1.712500000000000000e+02,3.733333333333334991e+01
2.520000000000000018e+00,1.717500000000000000e+02,3.655555555555557135e+01
2.520000000000000018e+00,1.722500000000000000e+02,3.577777777777779278e+01
2.520000000000000018e+00,1.727500000000000000e+02,3.377777777777779278e+01
2.520000000000000018e+00,1.732500000000000000e+02,3.277777777777779278e+01
2.520000000000000018e+00,1.737500000000000000e+02,3.122222222222223920e+01
2.520000000000000018e+00,1.742500000000000000e+02,3.122222222222223920e+01
2.520000000000000018e+00,1.747500000000000000e+02,2.944444444444446063e+01
2.520000000000000018e+00,1.752500000000000000e+02,2.722222222222223920e+01
2.520000000000000018e+00,1.757500000000000000e+02,2.533333333333334636e+01
2.520000000000000018e+00,1.762500000000000000e+02,2.211111111111112493e+01
2.520000000000000018e+00,1.767500000000000000e+02,2.011111111111112493e+01
2.520000000000000018e+00,1.772500000000000000e+02,1.600000000000001066e+01
2.520000000000000018e+00,1.777500000000000000e+02,1.377777777777779100e+01
2.520000000000000018e+00,1.782500000000000000e+02,1.044444444444445708e+01
2.520000000000000018e+00,1.787500000000000000e+02,8.222222222222235644e+00
2.520000000000000018e+00,1.792500000000000000e+02,4.777777777777791002e+00
2.520000000000000018e+00,1.797500000000000000e+02,2.666666666666679841e+00
2.536000000000000032e+00,1.302500000000000000e+02,5.555555555555554692e-01
2.536000000000000032e+00,1.307500000000000000e+02,4.444444444444444198e-01
2.536000000000000032e+00,1.312500000000000000e+02,3.333333333333333148e-01
2.536000000000000032e+00,1.317500000000000000e+02,2.222222222222222099e-01
2.536000000000000032e+00,1.322500000000000000e+02,3.333333333333333148e-01
2.536000000000000032e+00,1.327500000000000000e+02,5.555555555555554692e-01
2.536000000000000032e+00,1.332500000000000000e+02,3.333333333333333148e-01
2.536000000000000032e+00,1.337500000000000000e+02,4.444444444444444198e-01
2.536000000000000032e+00,1.342500000000000000e+02,7.777777777777776791e-01
2.536000000000000032e+00,1.347500000000000000e+02,1.333333333333333259e+00
2.536000000000000032e+00,1.352500000000000000e+02,1.333333333333333259e+00
2.536000000000000032e+00,1.357500000000000000e+02,8.888888888888888395e-01
2.536000000000000032e+00,1.362500000000000000e+02,1.000000000000000000e+00
2.536000000000000032e+00,1.367500000000000000e+02,1.222222222222222099e+00
2.536000000000000032e+00,1.372500000000000000e+02,2.000000000000000000e+00
2.536000000000000032e+00,1.377500000000000000e+02,2.222222222222221877e+00
2.536000000000000032e+00,1.382500000000000000e+02,2.444444444444444198e+00
2.536000000000000032e+00,1.387500000000000000e+02,2.000000000000000000e+00
2.536000000000000032e+00,1.392500000000000000e+02,1.555555555555555580e+00
2.536000000000000032e+00,1.397500000000000000e+02,1.333333333333333259e+00
2.536000000000000032e+00,1.402500000000000000e+02,2.666666666666666519e+00
2.536000000000000032e+00,1.407500000000000000e+02,3.666666666666666519e+00
2.536000000000000032e+00,1.412500000000000000e+02,4.666666666666666963e+00
2.536000000000000032e+00,1.417500000000000000e+02,4.111111111111111605e+00
2.536000000000000032e+00,1.422500000000000000e+02,4.000000000000000000e+00
2.536000000000000032e+00,1.427500000000000000e+02,4.777777777777777679e+00
2.536000000000000032e+00,1.432500000000000000e+02,5.555555555555556246e+00
2.536000000000000032e+00,1.437500000000000000e+02,5.444444444444445530e+00
2.536000000000000032e+00,1.442500000000000000e+02,4.444444444444445530e+00
2.536000000000000032e+00,1.447500000000000000e+02,5.000000000000000888e+00
2.536000000000000032e+00,1.452500000000000000e+02,6.777777777777778567e+00
2.536000000000000032e+00,1.457500000000000000e+02,8.222222222222223209e+00
2.536000000000000032e+00,1.462500000000000000e+02,7.777777777777778567e+00
2.536000000000000032e+00,1.467500000000000000e+02,9.000000000000000000e+00
2.536000000000000032e+00,1.472500000000000000e+02,1.000000000000000000e+01
2.536000000000000032e+00,1.477500000000000000e+02,1.066666666666666607e+01
2.536000000000000032e+00,1.482500000000000000e+02,1.088888888888889106e+01
2.536000000000000032e+00,1.487500000000000000e+02,1.088888888888889106e+01
2.536000000000000032e+00,1.492500000000000000e+02,1.100000000000000000e+01
2.536000000000000032e+00,1.497500000000000000e+02,1.111111111111110894e+01
2.536000000000000032e+00,1.502500000000000000e+02,1.255555555555555536e+01
2.536000000000000032e+00,1.507500000000000000e+02,1.400000000000000000e+01
2.536000000000000032e+00,1.512500000000000000e+02,1.422222222222222321e+01
2.536000000000000032e+00,1.517500000000000000e+02,1.511111111111111249e+01
2.536000000000000032e+00,1.522500000000000000e+02,1.666666666666666785e+01
2.536000000000000032e+00,1.527500000000000000e+02,1.888888888888888928e+01
2.536000000000000032e+00,1.532500000000000000e+02,2.155555555555555358e+01
2.536000000000000032e+00,1.537500000000000000e+02,2.433333333333332860e+01
2.536000000000000032e+00,1.542500000000000000e+02,2.755555555555555358e+01
2.536000000000000032e+00,1.547500000000000000e+02,2.688888888888888573e+01
2.536000000000000032e+00,1.552500000000000000e+02,2.799999999999999645e+01
2.536000000000000032e+00,1.557500000000000000e+02,2.933333333333332860e+01
2.536000000000000032e+00,1.562500000000000000e+02,3.088888888888888573e+01
2.536000000000000032e+00,1.567500000000000000e+02,3.322222222222222143e+01
2.536000000000000032e+00,1.572500000000000000e+02,3.577777777777777857e+01
2.536000000000000032e+00,1.577500000000000000e+02,3.833333333333333570e+01
2.536000000000000032e+00,1.582500000000000000e+02,4.055555555555555003e+01
2.536000000000000032e+00,1.587500000000000000e+02,3.911111111111110716e+01
2.536000000000000032e+00,1.592500000000000000e+02,3.933333333333332149e+01
2.536000000000000032e+00,1.597500000000000000e+02,4.011111111111110716e+01
2.536000000000000032e+00,1.602500000000000000e+02,4.211111111111110716e+01
2.536000000000000032e+00,1.607500000000000000e+02,4.433333333333332149e+01
2.536000000000000032e+00,1.612500000000000000e+02,4.766666666666665719e+01
2.536000000000000032e+00,1.617500000000000000e+02,5.033333333333332149e+01
2.536000000000000032e+00,1.622500000000000000e+02,5.422222222222220722e+01
2.536000000000000032e+00,1.627500000000000000e+02,5.366666666666665009e+01
2.536000000000000032e+00,1.632500000000000000e+02,5.488888888888886441e+01
2.536000000000000032e+00,1.637500000000000000e+02,5.677777777777775015e+01
2.536000000000000032e+00,1.642500000000000000e+02,5.566666666666665009e+01
2.536000000000000032e+00,1.647500000000000000e+02,5.699999999999997868e+01
2.536000000000000032e+00,1.652500000000000000e+02,5.455555555555553582e+01
2.536000000000000032e+00,1.657500000000000000e+02,5.888888888888886441e+01
2.536000000000000032e+00,1.662500000000000000e+02,5.855555555555553582e+01
2.536000000000000032e+00,1.667500000000000000e+02,6.322222222222220012e+01
2.536000000000000032e+00,1.672500000000000000e+02,6.255555555555553582e+01
2.536000000000000032e+00,1.677500000000000000e+02,6.166666666666665009e+01
2.536000000000000032e+00,1.682500000000000000e+02,5.999999999999997868e+01
2.536000000000000032e+00,1.687500000000000000e+02,6.044444444444442155e+01
2.536000000000000032e+00,1.692500000000000000e+02,6.188888888888886441e+01
2.536000000000000032e+00,1.697500000000000000e+02,6.122222222222220012e+01
2.536000000000000032e+00,1.702500000000000000e+02,6.033333333333331439e+01
2.536000000000000032e+00,1.707500000000000000e+02,5.933333333333331439e+01
2.536000000000000032e+00,1.712500000000000000e+02,5.522222222222220722e+01
2.536000000000000032e+00,1.717500000000000000e+02,5.444444444444442865e+01
2.536000000000000032e+00,1.722500000000000000e+02,5.222222222222220722e+01
2.536000000000000032e+00,1.727500000000000000e+02,5.233333333333331439e+01
2.536000000000000032e+00,1.732500000000000000e+02,4.844444444444442865e+01
2.536000000000000032e+00,1.737500000000000000e+02,4.599999999999997868e+01
2.536000000000000032e+00,1.742500000000000000e+02,4.422222222222220722e+01
2.536000000000000032e+00,1.747500000000000000e+02,4.088888888888887863e+01
2.536000000000000032e+00,1.752500000000000000e+02,3.633333333333332149e+01
2.536000000000000032e+00,1.757500000000000000e+02,3.255555555555554292e+01
2.536000000000000032e+00,1.762500000000000000e+02,2.855555555555554292e+01
2.536000000000000032e+00,1.767500000000000000e+02,2.622222222222221077e+01
2.536000000000000032e+00,1.772500000000000000e+02,2.177777777777776791e+01
2.536000000000000032e+00,1.777500000000000000e+02,1.877777777777776791e+01
2.536000000000000032e+00,1.782500000000000000e+02,1.511111111111110006e+01
2.536000000000000032e+00,1.787500000000000000e+02,1.144444444444443398e+01
2.536000000000000032e+00,1.792500000000000000e+02,6.888888888888878625e+00
2.536000000000000032e+00,1.797500000000000000e+02,3.444444444444434428e+00
2.552000000000000046e+00,1.302500000000000000e+02,1.000000000000000000e+00
2.552000000000000046e+00,1.307500000000000000e+02,7.777777777777777901e-01
2.552000000000000046e+00,1.312500000000000000e+02,5.555555555555556912e-01
2.552000000000000046e+00,1.317500000000000000e+02,3.333333333333334259e-01
2.552000000000000046e+00,1.322500000000000000e+02,6.666666666666666297e-01
2.552000000000000046e+00,1.327500000000000000e+02,7.777777777777777901e-01
2.552000000000000046e+00,1.332500000000000000e+02,5.555555555555555802e-01
2.552000000000000046e+00,1.337500000000000000e+02,4.444444444444444753e-01
2.552000000000000046e+00,1.342500000000000000e+02,8.888888888888889506e-01
2.552000000000000046e+00,1.347500000000000000e+02,1.555555555555555580e+00
2.552000000000000046e+00,1.352500000000000000e+02,1.666666666666666741e+00
2.552000000000000046e+00,1.357500000000000000e+02,1.555555555555555358e+00
2.552000000000000046e+00,1.362500000000000000e+02,1.222222222222222099e+00
2.552000000000000046e+00,1.367500000000000000e+02,1.555555555555555358e+00
2.552000000000000046e+00,1.372500000000000000e+02,1.888888888888888618e+00
2.552000000000000046e+00,1.377500000000000000e+02,2.333333333333333037e+00
2.552000000000000046e+00,1.382500000000000000e+02,2.777777777777777235e+00
2.552000000000000046e+00,1.387500000000000000e+02,2.777777777777777235e+00
2.552000000000000046e+00,1.392500000000000000e+02,2.666666666666666519e+00
2.552000000000000046e+00,1.397500000000000000e+02,2.333333333333333037e+00
2.552000000000000046e+00,1.402500000000000000e+02,2.999999999999999556e+00
2.552000000000000046e+00,1.407500000000000000e+02,4.555555555555554470e+00
2.552000000000000046e+00,1.412500000000000000e+02,6.000000000000000000e+00
2.552000000000000046e+00,1.417500000000000000e+02,6.222222222222222321e+00
2.552000000000000046e+00,1.422500000000000000e+02,6.444444444444445530e+00
2.552000000000000046e+00,1.427500000000000000e+02,6.777777777777778567e+00
2.552000000000000046e+00,1.432500000000000000e+02,7.000000000000000888e+00
2.552000000000000046e+00,1.437500000000000000e+02,6.333333333333334814e+00
2.552000000000000046e+00,1.442500000000000000e+02,6.555555555555557135e+00
2.552000000000000046e+00,1.447500000000000000e+02,8.111111111111112493e+00
2.552000000000000046e+00,1.452500000000000000e+02,9.888888888888891060e+00
2.552000000000000046e+00,1.457500000000000000e+02,1.077777777777777857e+01
2.552000000000000046e+00,1.462500000000000000e+02,1.122222222222222321e+01
2.552000000000000046e+00,1.467500000000000000e+02,1.333333333333333393e+01
2.552000000000000046e+00,1.472500000000000000e+02,1.377777777777777857e+01
2.552000000000000046e+00,1.477500000000000000e+02,1.366666666666666607e+01
2.552000000000000046e+00,1.482500000000000000e+02,1.311111111111111249e+01
2.552000000000000046e+00,1.487500000000000000e+02,1.466666666666666607e+01
2.552000000000000046e+00,1.492500000000000000e+02,1.588888888888888751e+01
2.552000000000000046e+00,1.497500000000000000e+02,1.777777777777777501e+01
2.552000000000000046e+00,1.502500000000000000e+02,1.944444444444444287e+01
2.552000000000000046e+00,1.507500000000000000e+02,2.211111111111111072e+01
2.552000000000000046e+00,1.512500000000000000e+02,2.266666666666666785e+01
2.552000000000000046e+00,1.517500000000000000e+02,2.411111111111111072e+01
2.552000000000000046e+00,1.522500000000000000e+02,2.522222222222221788e+01
2.552000000000000046e+00,1.527500000000000000e+02,2.811111111111111072e+01
2.552000000000000046e+00,1.532500000000000000e+02,2.977777777777777501e+01
2.552000000000000046e+00,1.537500000000000000e+02,3.322222222222222143e+01
2.552000000000000046e+00,1.542500000000000000e+02,3.566666666666666430e+01
2.552000000000000046e+00,1.547500000000000000e+02,3.622222222222222143e+01
2.552000000000000046e+00,1.552500000000000000e+02,3.877777777777777857e+01
2.552000000000000046e+00,1.557500000000000000e+02,4.000000000000000000e+01
2.552000000000000046e+00,1.562500000000000000e+02,4.244444444444444997e+01
2.552000000000000046e+00,1.567500000000000000e+02,4.466666666666666430e+01
2.552000000000000046e+00,1.572500000000000000e+02,4.677777777777777857e+01
2.552000000000000046e+00,1.577500000000000000e+02,5.133333333333333570e+01
2.552000000000000046e+00,1.582500000000000000e+02,5.355555555555555003e+01
2.552000000000000046e+00,1.587500000000000000e+02,5.655555555555555003e+01
2.552000000000000046e+00,1.592500000000000000e+02,5.455555555555555003e+01
2.552000000000000046e+00,1.597500000000000000e+02,5.600000000000000000e+01
2.552000000000000046e+00,1.602500000000000000e+02,5.588888888888888573e+01
2.552000000000000046e+00,1.607500000000000000e+02,6.100000000000000000e+01
2.552000000000000046e+00,1.612500000000000000e+02,6.366666666666666430e+01
2.552000000000000046e+00,1.617500000000000000e+02,6.688888888888888573e+01
2.552000000000000046e+00,1.622500000000000000e+02,7.144444444444444287e+01
2.552000000000000046e+00,1.627500000000000000e+02,7.255555555555554292e+01
2.552000000000000046e+00,1.632500000000000000e+02,7.477777777777777146e+01
2.552000000000000046e+00,1.637500000000000000e+02,7.622222222222221433e+01
2.552000000000000046e+00,1.642500000000000000e+02,7.666666666666665719e+01
2.552000000000000046e+00,1.647500000000000000e+02,7.633333333333332860e+01
2.552000000000000046e+00,1.652500000000000000e+02,7.588888888888887152e+01
2.552000000000000046e+00,1.657500000000000000e+02,7.844444444444442865e+01
2.552000000000000046e+00,1.662500000000000000e+02,7.988888888888887152e+01
2.552000000000000046e+00,1.667500000000000000e+02,8.355555555555554292e+01
2.552000000000000046e+00,1.672500000000000000e+02,8.199999999999998579e+01
2.552000000000000046e+00,1.677500000000000000e+02,8.433333333333332860e+01
2.552000000000000046e+00,1.682500000000000000e+02,8.355555555555554292e+01
2.552000000000000046e+00,1.687500000000000000e+02,8.488888888888887152e+01
2.552000000000000046e+00,1.692500000000000000e+02,8.499999999999998579e+01
2.552000000000000046e+00,1.697500000000000000e+02,8.099999999999998579e+01
2.552000000000000046e+00,1.702500000000000000e+02,7.855555555555554292e+01
2.552000000000000046e+00,1.707500000000000000e+02,7.666666666666664298e+01
2.552000000000000046e+00,1.712500000000000000e+02,7.222222222222220012e+01
2.552000000000000046e+00,1.717500000000000000e+02,7.222222222222220012e+01
2.552000000000000046e+00,1.722500000000000000e+02,6.933333333333331439e+01
2.552000000000000046e+00,1.727500000000000000e+02,7.188888888888887152e+01
2.552000000000000046e+00,1.732500000000000000e+02,6.888888888888887152e+01
2.552000000000000046e+00,1.737500000000000000e+02,6.477777777777775725e+01
2.552000000000000046e+00,1.742500000000000000e+02,5.922222222222220012e+01
2.552000000000000046e+00,1.747500000000000000e+02,5.399999999999997868e+01
2.552000000000000046e+00,1.752500000000000000e+02,4.822222222222220012e+01
2.552000000000000046e+00,1.757500000000000000e+02,4.377777777777775015e+01
2.552000000000000046e+00,1.762500000000000000e+02,3.911111111111108585e+01
2.552000000000000046e+00,1.767500000000000000e+02,3.544444444444442155e+01
2.552000000000000046e+00,1.772500000000000000e+02,3.122222222222219656e+01
2.552000000000000046e+00,1.777500000000000000e+02,2.599999999999997158e+01
2.552000000000000046e+00,1.782500000000000000e+02,2.111111111111108229e+01
2.552000000000000046e+00,1.787500000000000000e+02,1.533333333333330550e+01
2.552000000000000046e+00,1.792500000000000000e+02,9.444444444444416220e+00
2.552000000000000046e+00,1.797500000000000000e+02,5.222222222222193899e+00
2.568000000000000060e+00,1.302500000000000000e+02,1.111111111111110938e+00
2.568000000000000060e+00,1.307500000000000000e+02,8.888888888888888395e-01
2.568000000000000060e+00,1.312500000000000000e+02,1.000000000000000000e+00
2.568000000000000060e+00,1.317500000000000000e+02,8.888888888888889506e-01
2.568000000000000060e+00,1.322500000000000000e+02,1.111111111111111160e+00
2.568000000000000060e+00,1.327500000000000000e+02,1.111111111111111160e+00
2.568000000000000060e+00,1.332500000000000000e+02,6.666666666666666297e-01
2.568000000000000060e+00,1.337500000000000000e+02,6.666666666666666297e-01
2.568000000000000060e+00,1.342500000000000000e+02,1.222222222222222099e+00
2.568000000000000060e+00,1.347500000000000000e+02,1.555555555555555358e+00
2.568000000000000060e+00,1.352500000000000000e+02,1.666666666666666297e+00
2.568000000000000060e+00,1.357500000000000000e+02,1.555555555555555358e+00
2.568000000000000060e+00,1.362500000000000000e+02,1.222222222222222099e+00
2.568000000000000060e+00,1.367500000000000000e+02,1.888888888888888618e+00
2.568000000000000060e+00,1.372500000000000000e+02,1.777777777777777457e+00
2.568000000000000060e+00,1.377500000000000000e+02,2.888888888888887951e+00
2.568000000000000060e+00,1.382500000000000000e+02,3.333333333333332149e+00
2.568000000000000060e+00,1.387500000000000000e+02,4.111111111111109828e+00
2.568000000000000060e+00,1.392500000000000000e+02,3.888888888888887507e+00
2.568000000000000060e+00,1.397500000000000000e+02,3.888888888888887507e+00
2.568000000000000060e+00,1.402500000000000000e+02,4.333333333333332149e+00
2.568000000000000060e+00,1.407500000000000000e+02,5.888888888888888395e+00
2.568000000000000060e+00,1.412500000000000000e+02,7.555555555555554470e+00
2.568000000000000060e+00,1.417500000000000000e+02,8.555555555555555358e+00
2.568000000000000060e+00,1.422500000000000000e+02,9.555555555555555358e+00
2.568000000000000060e+00,1.427500000000000000e+02,9.111111111111108940e+00
2.568000000000000060e+00,1.432500000000000000e+02,8.555555555555555358e+00
2.568000000000000060e+00,1.437500000000000000e+02,7.777777777777777679e+00
2.568000000000000060e+00,1.442500000000000000e+02,8.555555555555555358e+00
2.568000000000000060e+00,1.447500000000000000e+02,1.000000000000000000e+01
2.568000000000000060e+00,1.452500000000000000e+02,1.133333333333333393e+01
2.568000000000000060e+00,1.457500000000000000e+02,1.288888888888888751e+01
2.568000000000000060e+00,1.462500000000000000e+02,1.388888888888888751e+01
2.568000000000000060e+00,1.467500000000000000e+02,1.555555555555555536e+01
2.568000000000000060e+00,1.472500000000000000e+02,1.644444444444444287e+01
2.568000000000000060e+00,1.477500000000000000e+02,1.733333333333333215e+01
2.568000000000000060e+00,1.482500000000000000e+02,1.844444444444444287e+01
2.568000000000000060e+00,1.487500000000000000e+02,1.855555555555555358e+01
2.568000000000000060e+00,1.492500000000000000e+02,1.988888888888888573e+01
2.568000000000000060e+00,1.497500000000000000e+02,2.211111111111110361e+01
2.568000000000000060e+00,1.502500000000000000e+02,2.522222222222221433e+01
2.568000000000000060e+00,1.507500000000000000e+02,3.011111111111110361e+01
2.568000000000000060e+00,1.512500000000000000e+02,3.233333333333332860e+01
2.568000000000000060e+00,1.517500000000000000e+02,3.488888888888888573e+01
2.568000000000000060e+00,1.522500000000000000e+02,3.588888888888888573e+01
2.568000000000000060e+00,1.527500000000000000e+02,3.633333333333333570e+01
2.568000000000000060e+00,1.532500000000000000e+02,3.688888888888888573e+01
2.568000000000000060e+00,1.537500000000000000e+02,4.088888888888888573e+01
2.568000000000000060e+00,1.542500000000000000e+02,4.511111111111110716e+01
2.568000000000000060e+00,1.547500000000000000e+02,4.700000000000000000e+01
2.568000000000000060e+00,1.552500000000000000e+02,4.988888888888889284e+01
2.568000000000000060e+00,1.557500000000000000e+02,5.244444444444444997e+01
2.568000000000000060e+00,1.562500000000000000e+02,5.800000000000000000e+01
2.568000000000000060e+00,1.567500000000000000e+02,5.966666666666666430e+01
2.568000000000000060e+00,1.572500000000000000e+02,6.200000000000000000e+01
2.568000000000000060e+00,1.577500000000000000e+02,6.411111111111110006e+01
2.568000000000000060e+00,1.582500000000000000e+02,6.611111111111110006e+01
2.568000000000000060e+00,1.587500000000000000e+02,6.955555555555555713e+01
2.568000000000000060e+00,1.592500000000000000e+02,6.944444444444444287e+01
2.568000000000000060e+00,1.597500000000000000e+02,7.355555555555555713e+01
2.568000000000000060e+00,1.602500000000000000e+02,7.666666666666667140e+01
2.568000000000000060e+00,1.607500000000000000e+02,8.322222222222222854e+01
2.568000000000000060e+00,1.612500000000000000e+02,8.544444444444445708e+01
2.568000000000000060e+00,1.617500000000000000e+02,8.811111111111112848e+01
2.568000000000000060e+00,1.622500000000000000e+02,9.355555555555555713e+01
2.568000000000000060e+00,1.627500000000000000e+02,9.700000000000000000e+01
2.568000000000000060e+00,1.632500000000000000e+02,9.966666666666667140e+01
2.568000000000000060e+00,1.637500000000000000e+02,1.024444444444444429e+02
2.568000000000000060e+00,1.642500000000000000e+02,1.046666666666666714e+02
2.568000000000000060e+00,1.647500000000000000e+02,1.046666666666666714e+02
2.568000000000000060e+00,1.652500000000000000e+02,1.020000000000000000e+02
2.568000000000000060e+00,1.657500000000000000e+02,1.042222222222222285e+02
2.568000000000000060e+00,1.662500000000000000e+02,1.047777777777777857e+02
2.568000000000000060e+00,1.667500000000000000e+02,1.062222222222222427e+02
2.568000000000000060e+00,1.672500000000000000e+02,1.031111111111111427e+02
2.568000000000000060e+00,1.677500000000000000e+02,1.093333333333333712e+02
2.568000000000000060e+00,1.682500000000000000e+02,1.112222222222222427e+02
2.568000000000000060e+00,1.687500000000000000e+02,1.124444444444444571e+02
2.568000000000000060e+00,1.692500000000000000e+02,1.101111111111111285e+02
2.568000000000000060e+00,1.697500000000000000e+02,1.055555555555555856e+02
2.568000000000000060e+00,1.702500000000000000e+02,1.030000000000000426e+02
2.568000000000000060e+00,1.707500000000000000e+02,9.711111111111114269e+01
2.568000000000000060e+00,1.712500000000000000e+02,9.611111111111114269e+01
2.568000000000000060e+00,1.717500000000000000e+02,9.477777777777781409e+01
2.568000000000000060e+00,1.722500000000000000e+02,9.322222222222224275e+01
2.568000000000000060e+00,1.727500000000000000e+02,9.122222222222224275e+01
2.568000000000000060e+00,1.732500000000000000e+02,8.844444444444445708e+01
2.568000000000000060e+00,1.737500000000000000e+02,8.422222222222224275e+01
2.568000000000000060e+00,1.742500000000000000e+02,7.855555555555557135e+01
2.568000000000000060e+00,1.747500000000000000e+02,7.066666666666668561e+01
2.568000000000000060e+00,1.752500000000000000e+02,6.533333333333335702e+01
2.568000000000000060e+00,1.757500000000000000e+02,5.900000000000002132e+01
2.568000000000000060e+00,1.762500000000000000e+02,5.100000000000002132e+01
2.568000000000000060e+00,1.767500000000000000e+02,4.455555555555557845e+01
2.568000000000000060e+00,1.772500000000000000e+02,3.888888888888891415e+01
2.568000000000000060e+00,1.777500000000000000e+02,3.466666666666669272e+01
2.568000000000000060e+00,1.782500000000000000e+02,2.722222222222224630e+01
2.568000000000000060e+00,1.787500000000000000e+02,1.922222222222224630e+01
2.568000000000000060e+00,1.792500000000000000e+02,1.088888888888891415e+01
2.568000000000000060e+00,1.797500000000000000e+02,5.222222222222247190e+00
2.584000000000000075e+00,1.302500000000000000e+02,1.000000000000000000e+00
2.584000000000000075e+00,1.307500000000000000e+02,8.888888888888888395e-01
2.584000000000000075e+00,1.312500000000000000e+02,1.222222222222222099e+00
2.584000000000000075e+00,1.317500000000000000e+02,1.444444444444444420e+00
2.584000000000000075e+00,1.322500000000000000e+02,2.000000000000000000e+00
2.584000000000000075e+00,1.327500000000000000e+02,2.111111111111111160e+00
2.584000000000000075e+00,1.332500000000000000e+02,1.444444444444444642e+00
2.584000000000000075e+00,1.337500000000000000e+02,1.000000000000000222e+00
2.584000000000000075e+00,1.342500000000000000e+02,1.444444444444444642e+00
2.584000000000000075e+00,1.347500000000000000e+02,2.111111111111111160e+00
2.584000000000000075e+00,1.352500000000000000e+02,2.555555555555555802e+00
2.584000000000000075e+00,1.357500000000000000e+02,2.777777777777778123e+00
2.584000000000000075e+00,1.362500000000000000e+02,2.222222222222222321e+00
2.584000000000000075e+00,1.367500000000000000e+02,3.666666666666666519e+00
2.584000000000000075e+00,1.372500000000000000e+02,3.777777777777778123e+00
2.584000000000000075e+00,1.377500000000000000e+02,4.666666666666666963e+00
2.584000000000000075e+00,1.382500000000000000e+02,4.111111111111110716e+00
2.584000000000000075e+00,1.387500000000000000e+02,4.555555555555554470e+00
2.584000000000000075e+00,1.392500000000000000e+02,5.333333333333332149e+00
2.584000000000000075e+00,1.397500000000000000e+02,6.555555555555554470e+00
2.584000000000000075e+00,1.402500000000000000e+02,7.000000000000000000e+00
2.584000000000000075e+00,1.407500000000000000e+02,8.666666666666666075e+00
2.584000000000000075e+00,1.412500000000000000e+02,9.000000000000000000e+00
2.584000000000000075e+00,1.417500000000000000e+02,1.011111111111111072e+01
2.584000000000000075e+00,1.422500000000000000e+02,1.111111111111110894e+01
2.584000000000000075e+00,1.427500000000000000e+02,1.144444444444444287e+01
2.584000000000000075e+00,1.432500000000000000e+02,1.277777777777777679e+01
2.584000000000000075e+00,1.437500000000000000e+02,1.133333333333333037e+01
2.584000000000000075e+00,1.442500000000000000e+02,1.288888888888888573e+01
2.584000000000000075e+00,1.447500000000000000e+02,1.299999999999999822e+01
2.584000000000000075e+00,1.452500000000000000e+02,1.488888888888888573e+01
2.584000000000000075e+00,1.457500000000000000e+02,1.622222222222221788e+01
2.584000000000000075e+00,1.462500000000000000e+02,1.788888888888888573e+01
2.584000000000000075e+00,1.467500000000000000e+02,2.055555555555555358e+01
2.584000000000000075e+00,1.472500000000000000e+02,2.222222222222221788e+01
2.584000000000000075e+00,1.477500000000000000e+02,2.333333333333333215e+01
2.584000000000000075e+00,1.482500000000000000e+02,2.455555555555555358e+01
2.584000000000000075e+00,1.487500000000000000e+02,2.433333333333332860e+01
2.584000000000000075e+00,1.492500000000000000e+02,2.788888888888888573e+01
2.584000000000000075e+00,1.497500000000000000e+02,2.999999999999999645e+01
2.584000000000000075e+00,1.502500000000000000e+02,3.311111111111110716e+01
2.584000000000000075e+00,1.507500000000000000e+02,3.688888888888887863e+01
2.584000000000000075e+00,1.512500000000000000e+02,4.099999999999999289e+01
2.584000000000000075e+00,1.517500000000000000e+02,4.422222222222220722e+01
2.584000000000000075e+00,1.522500000000000000e+02,4.399999999999999289e+01
2.584000000000000075e+00,1.527500000000000000e+02,4.488888888888887863e+01
2.584000000000000075e+00,1.532500000000000000e+02,4.655555555555554292e+01
2.584000000000000075e+00,1.537500000000000000e+02,5.299999999999999289e+01
2.584000000000000075e+00,1.542500000000000000e+02,5.644444444444443576e+01
2.584000000000000075e+00,1.547500000000000000e+02,5.988888888888888573e+01
2.584000000000000075e+00,1.552500000000000000e+02,6.344444444444443576e+01
2.584000000000000075e+00,1.557500000000000000e+02,6.555555555555554292e+01
2.584000000000000075e+00,1.562500000000000000e+02,7.133333333333332860e+01
2.584000000000000075e+00,1.567500000000000000e+02,7.377777777777777146e+01
2.584000000000000075e+00,1.572500000000000000e+02,7.833333333333332860e+01
2.584000000000000075e+00,1.577500000000000000e+02,8.266666666666667140e+01
2.584000000000000075e+00,1.582500000000000000e+02,8.500000000000000000e+01
2.584000000000000075e+00,1.587500000000000000e+02,8.900000000000000000e+01
2.584000000000000075e+00,1.592500000000000000e+02,8.955555555555554292e+01
2.584000000000000075e+00,1.597500000000000000e+02,9.488888888888887152e+01
2.584000000000000075e+00,1.602500000000000000e+02,1.002222222222222143e+02
2.584000000000000075e+00,1.607500000000000000e+02,1.084444444444444429e+02
2.584000000000000075e+00,1.612500000000000000e+02,1.062222222222222143e+02
2.584000000000000075e+00,1.617500000000000000e+02,1.075555555555555429e+02
2.584000000000000075e+00,1.622500000000000000e+02,1.083333333333333144e+02
2.584000000000000075e+00,1.627500000000000000e+02,1.177777777777777573e+02
2.584000000000000075e+00,1.632500000000000000e+02,1.232222222222221859e+02
2.584000000000000075e+00,1.637500000000000000e+02,1.306666666666666288e+02
2.584000000000000075e+00,1.642500000000000000e+02,1.361111111111110858e+02
2.584000000000000075e+00,1.647500000000000000e+02,1.341111111111110858e+02
2.584000000000000075e+00,1.652500000000000000e+02,1.328888888888888857e+02
2.584000000000000075e+00,1.657500000000000000e+02,1.316666666666666572e+02
2.584000000000000075e+00,1.662500000000000000e+02,1.336666666666666572e+02
2.584000000000000075e+00,1.667500000000000000e+02,1.307777777777777430e+02
2.584000000000000075e+00,1.672500000000000000e+02,1.309999999999999716e+02
2.584000000000000075e+00,1.677500000000000000e+02,1.399999999999999716e+02
2.584000000000000075e+00,1.682500000000000000e+02,1.469999999999999716e+02
2.584000000000000075e+00,1.687500000000000000e+02,1.429999999999999716e+02
2.584000000000000075e+00,1.692500000000000000e+02,1.395555555555555429e+02
2.584000000000000075e+00,1.697500000000000000e+02,1.316666666666666572e+02
2.584000000000000075e+00,1.702500000000000000e+02,1.332222222222222001e+02
2.584000000000000075e+00,1.707500000000000000e+02,1.247777777777777715e+02
2.584000000000000075e+00,1.712500000000000000e+02,1.247777777777777715e+02
2.584000000000000075e+00,1.717500000000000000e+02,1.200000000000000000e+02
2.584000000000000075e+00,1.722500000000000000e+02,1.185555555555555429e+02
2.584000000000000075e+00,1.727500000000000000e+02,1.142222222222222143e+02
2.584000000000000075e+00,1.732500000000000000e+02,1.146666666666666430e+02
2.584000000000000075e+00,1.737500000000000000e+02,1.111111111111110858e+02
2.584000000000000075e+00,1.742500000000000000e+02,1.045555555555555287e+02
2.584000000000000075e+00,1.747500000000000000e+02,9.333333333333330017e+01
2.584000000000000075e+00,1.752500000000000000e+02,8.422222222222218591e+01
2.584000000000000075e+00,1.757500000000000000e+02,7.599999999999995737e+01
2.584000000000000075e+00,1.762500000000000000e+02,6.499999999999995737e+01
2.584000000000000075e+00,1.767500000000000000e+02,5.644444444444440734e+01
2.584000000000000075e+00,1.772500000000000000e+02,4.988888888888885731e+01
2.584000000000000075e+00,1.777500000000000000e+02,4.322222222222219301e+01
2.584000000000000075e+00,1.782500000000000000e+02,3.288888888888885731e+01
2.584000000000000075e+00,1.787500000000000000e+02,2.188888888888885731e+01
2.584000000000000075e+00,1.792500000000000000e+02,1.211111111111107874e+01
2.584000000000000075e+00,1.797500000000000000e+02,6.555555555555522496e+00
2.600000000000000089e+00,1.302500000000000000e+02,1.333333333333333259e+00
2.600000000000000089e+00,1.307500000000000000e+02,1.222222222222222099e+00
2.600000000000000089e+00,1.312500000000000000e+02,1.666666666666666741e+00
2.600000000000000089e+00,1.317500000000000000e+02,1.888888888888889062e+00
2.600000000000000089e+00,1.322500000000000000e+02,2.111111111111111160e+00
2.600000000000000089e+00,1.327500000000000000e+02,2.111111111111111160e+00
2.600000000000000089e+00,1.332500000000000000e+02,1.222222222222222321e+00
2.600000000000000089e+00,1.337500000000000000e+02,1.444444444444444642e+00
2.600000000000000089e+00,1.342500000000000000e+02,2.111111111111111160e+00
2.600000000000000089e+00,1.347500000000000000e+02,3.000000000000000000e+00
2.600000000000000089e+00,1.352500000000000000e+02,3.333333333333333481e+00
2.600000000000000089e+00,1.357500000000000000e+02,3.444444444444444198e+00
2.600000000000000089e+00,1.362500000000000000e+02,3.333333333333332593e+00
2.600000000000000089e+00,1.367500000000000000e+02,5.222222222222222321e+00
2.600000000000000089e+00,1.372500000000000000e+02,5.444444444444443754e+00
2.600000000000000089e+00,1.377500000000000000e+02,6.000000000000000000e+00
2.600000000000000089e+00,1.382500000000000000e+02,4.888888888888888395e+00
2.600000000000000089e+00,1.387500000000000000e+02,5.222222222222222321e+00
2.600000000000000089e+00,1.392500000000000000e+02,7.111111111111110716e+00
2.600000000000000089e+00,1.397500000000000000e+02,8.222222222222221433e+00
2.600000000000000089e+00,1.402500000000000000e+02,9.333333333333333925e+00
2.600000000000000089e+00,1.407500000000000000e+02,9.333333333333333925e+00
2.600000000000000089e+00,1.412500000000000000e+02,1.044444444444444464e+01
2.600000000000000089e+00,1.417500000000000000e+02,1.200000000000000000e+01
2.600000000000000089e+00,1.422500000000000000e+02,1.422222222222222143e+01
2.600000000000000089e+00,1.427500000000000000e+02,1.466666666666666607e+01
2.600000000000000089e+00,1.432500000000000000e+02,1.566666666666666607e+01
2.600000000000000089e+00,1.437500000000000000e+02,1.433333333333333393e+01
2.600000000000000089e+00,1.442500000000000000e+02,1.577777777777777679e+01
2.600000000000000089e+00,1.447500000000000000e+02,1.622222222222221788e+01
2.600000000000000089e+00,1.452500000000000000e+02,1.899999999999999645e+01
2.600000000000000089e+00,1.457500000000000000e+02,2.099999999999999645e+01
2.600000000000000089e+00,1.462500000000000000e+02,2.244444444444443931e+01
2.600000000000000089e+00,1.467500000000000000e+02,2.433333333333332860e+01
2.600000000000000089e+00,1.472500000000000000e+02,2.577777777777777146e+01
2.600000000000000089e+00,1.477500000000000000e+02,2.766666666666665719e+01
2.600000000000000089e+00,1.482500000000000000e+02,2.988888888888887507e+01
2.600000000000000089e+00,1.487500000000000000e+02,3.155555555555554292e+01
2.600000000000000089e+00,1.492500000000000000e+02,3.544444444444443576e+01
2.600000000000000089e+00,1.497500000000000000e+02,3.711111111111110006e+01
2.600000000000000089e+00,1.502500000000000000e+02,3.988888888888887863e+01
2.600000000000000089e+00,1.507500000000000000e+02,4.399999999999999289e+01
2.600000000000000089e+00,1.512500000000000000e+02,4.799999999999999289e+01
2.600000000000000089e+00,1.517500000000000000e+02,5.255555555555554292e+01
2.600000000000000089e+00,1.522500000000000000e+02,5.344444444444442865e+01
2.600000000000000089e+00,1.527500000000000000e+02,5.966666666666665009e+01
2.600000000000000089e+00,1.532500000000000000e+02,6.255555555555554292e+01
2.600000000000000089e+00,1.537500000000000000e+02,6.877777777777777146e+01
2.600000000000000089e+00,1.542500000000000000e+02,7.144444444444444287e+01
2.600000000000000089e+00,1.547500000000000000e+02,7.533333333333332860e+01
2.600000000000000089e+00,1.552500000000000000e+02,8.111111111111110006e+01
2.600000000000000089e+00,1.557500000000000000e+02,8.355555555555555713e+01
2.600000000000000089e+00,1.562500000000000000e+02,8.922222222222221433e+01
2.600000000000000089e+00,1.567500000000000000e+02,9.299999999999998579e+01
2.600000000000000089e+00,1.572500000000000000e+02,9.822222222222221433e+01
2.600000000000000089e+00,1.577500000000000000e+02,1.021111111111111001e+02
2.600000000000000089e+00,1.582500000000000000e+02,1.012222222222222143e+02
2.600000000000000089e+00,1.587500000000000000e+02,1.014444444444444429e+02
2.600000000000000089e+00,1.592500000000000000e+02,1.074444444444444429e+02
2.600000000000000089e+00,1.597500000000000000e+02,1.152222222222222143e+02
2.600000000000000089e+00,1.602500000000000000e+02,1.266666666666666714e+02
2.600000000000000089e+00,1.607500000000000000e+02,1.310000000000000000e+02
2.600000000000000089e+00,1.612500000000000000e+02,1.322222222222222285e+02
2.600000000000000089e+00,1.617500000000000000e+02,1.343333333333333428e+02
2.600000000000000089e+00,1.622500000000000000e+02,1.382222222222222285e+02
2.600000000000000089e+00,1.627500000000000000e+02,1.466666666666666572e+02
2.600000000000000089e+00,1.632500000000000000e+02,1.495555555555555713e+02
2.600000000000000089e+00,1.637500000000000000e+02,1.563333333333333428e+02
2.600000000000000089e+00,1.642500000000000000e+02,1.640000000000000000e+02
2.600000000000000089e+00,1.647500000000000000e+02,1.681111111111111143e+02
2.600000000000000089e+00,1.652500000000000000e+02,1.706666666666666572e+02
2.600000000000000089e+00,1.657500000000000000e+02,1.701111111111111143e+02
2.600000000000000089e+00,1.662500000000000000e+02,1.716666666666666572e+02
2.600000000000000089e+00,1.667500000000000000e+02,1.672222222222222001e+02
2.600000000000000089e+00,1.672500000000000000e+02,1.675555555555555429e+02
2.600000000000000089e+00,1.677500000000000000e+02,1.722222222222222001e+02
2.600000000000000089e+00,1.682500000000000000e+02,1.793333333333333428e+02
2.600000000000000089e+00,1.687500000000000000e+02,1.744444444444444287e+02
2.600000000000000089e+00,1.692500000000000000e+02,1.711111111111110858e+02
2.600000000000000089e+00,1.697500000000000000e+02,1.666666666666666288e+02
2.600000000000000089e+00,1.702500000000000000e+02,1.688888888888888573e+02
2.600000000000000089e+00,1.707500000000000000e+02,1.621111111111110858e+02
2.600000000000000089e+00,1.712500000000000000e+02,1.576666666666666288e+02
2.600000000000000089e+00,1.717500000000000000e+02,1.515555555555555145e+02
2.600000000000000089e+00,1.722500000000000000e+02,1.442222222222221717e+02
2.600000000000000089e+00,1.727500000000000000e+02,1.351111111111110574e+02
2.600000000000000089e+00,1.732500000000000000e+02,1.332222222222221717e+02
2.600000000000000089e+00,1.737500000000000000e+02,1.327777777777777430e+02
2.600000000000000089e+00,1.742500000000000000e+02,1.281111111111110574e+02
2.600000000000000089e+00,1.747500000000000000e+02,1.146666666666666288e+02
2.600000000000000089e+00,1.752500000000000000e+02,1.041111111111110716e+02
2.600000000000000089e+00,1.757500000000000000e+02,9.544444444444440023e+01
2.600000000000000089e+00,1.762500000000000000e+02,8.266666666666661456e+01
2.600000000000000089e+00,1.767500000000000000e+02,7.111111111111107164e+01
2.600000000000000089e+00,1.772500000000000000e+02,5.944444444444440023e+01
2.600000000000000089e+00,1.777500000000000000e+02,5.088888888888885020e+01
2.600000000000000089e+00,1.782500000000000000e+02,3.888888888888885020e+01
2.600000000000000089e+00,1.787500000000000000e+02,2.588888888888884665e+01
2.600000000000000089e+00,1.792500000000000000e+02,1.455555555555551450e+01
2.600000000000000089e+00,1.797500000000000000e+02,7.444444444444403786e+00
2.616000000000000103e+00,1.302500000000000000e+02,1.444444444444444642e+00
2.616000000000000103e+00,1.307500000000000000e+02,1.444444444444444642e+00
2.616000000000000103e+00,1.312500000000000000e+02,1.555555555555555580e+00
2.616000000000000103e+00,1.317500000000000000e+02,1.555555555555555580e+00
2.616000000000000103e+00,1.322500000000000000e+02,1.888888888888889062e+00
2.616000000000000103e+00,1.327500000000000000e+02,2.222222222222222321e+00
2.616000000000000103e+00,1.332500000000000000e+02,1.777777777777777901e+00
2.616000000000000103e+00,1.337500000000000000e+02,2.000000000000000000e+00
2.616000000000000103e+00,1.342500000000000000e+02,2.555555555555555358e+00
2.616000000000000103e+00,1.347500000000000000e+02,3.777777777777777235e+00
2.616000000000000103e+00,1.352500000000000000e+02,4.333333333333333037e+00
2.616000000000000103e+00,1.357500000000000000e+02,4.666666666666666075e+00
2.616000000000000103e+00,1.362500000000000000e+02,4.666666666666666075e+00
2.616000000000000103e+00,1.367500000000000000e+02,6.444444444444443754e+00
2.616000000000000103e+00,1.372500000000000000e+02,7.000000000000000000e+00
2.616000000000000103e+00,1.377500000000000000e+02,6.666666666666666963e+00
2.616000000000000103e+00,1.382500000000000000e+02,5.222222222222222321e+00
2.616000000000000103e+00,1.387500000000000000e+02,4.666666666666666963e+00
2.616000000000000103e+00,1.392500000000000000e+02,8.000000000000000000e+00
2.616000000000000103e+00,1.397500000000000000e+02,9.222222222222223209e+00
2.616000000000000103e+00,1.402500000000000000e+02,1.133333333333333393e+01
2.616000000000000103e+00,1.407500000000000000e+02,1.122222222222222321e+01
2.616000000000000103e+00,1.412500000000000000e+02,1.222222222222222321e+01
2.616000000000000103e+00,1.417500000000000000e+02,1.344444444444444464e+01
2.616000000000000103e+00,1.422500000000000000e+02,1.511111111111111249e+01
2.616000000000000103e+00,1.427500000000000000e+02,1.688888888888888928e+01
2.616000000000000103e+00,1.432500000000000000e+02,1.833333333333333215e+01
2.616000000000000103e+00,1.437500000000000000e+02,1.833333333333333215e+01
2.616000000000000103e+00,1.442500000000000000e+02,2.011111111111111072e+01
2.616000000000000103e+00,1.447500000000000000e+02,2.233333333333333215e+01
2.616000000000000103e+00,1.452500000000000000e+02,2.577777777777778212e+01
2.616000000000000103e+00,1.457500000000000000e+02,2.711111111111111427e+01
2.616000000000000103e+00,1.462500000000000000e+02,2.744444444444444642e+01
2.616000000000000103e+00,1.467500000000000000e+02,2.877777777777778212e+01
2.616000000000000103e+00,1.472500000000000000e+02,2.966666666666666785e+01
2.616000000000000103e+00,1.477500000000000000e+02,3.100000000000000000e+01
2.616000000000000103e+00,1.482500000000000000e+02,3.277777777777777857e+01
2.616000000000000103e+00,1.487500000000000000e+02,3.622222222222222143e+01
2.616000000000000103e+00,1.492500000000000000e+02,4.266666666666666430e+01
2.616000000000000103e+00,1.497500000000000000e+02,4.522222222222222143e+01
2.616000000000000103e+00,1.502500000000000000e+02,4.988888888888888573e+01
2.616000000000000103e+00,1.507500000000000000e+02,5.177777777777777146e+01
2.616000000000000103e+00,1.512500000000000000e+02,5.755555555555555003e+01
2.616000000000000103e+00,1.517500000000000000e+02,5.888888888888888573e+01
2.616000000000000103e+00,1.522500000000000000e+02,6.188888888888888573e+01
2.616000000000000103e+00,1.527500000000000000e+02,7.088888888888888573e+01
2.616000000000000103e+00,1.532500000000000000e+02,7.655555555555555713e+01
2.616000000000000103e+00,1.537500000000000000e+02,8.366666666666667140e+01
2.616000000000000103e+00,1.542500000000000000e+02,8.377777777777777146e+01
2.616000000000000103e+00,1.547500000000000000e+02,8.833333333333332860e+01
2.616000000000000103e+00,1.552500000000000000e+02,9.533333333333332860e+01
2.616000000000000103e+00,1.557500000000000000e+02,9.911111111111112848e+01
2.616000000000000103e+00,1.562500000000000000e+02,1.066666666666666856e+02
2.616000000000000103e+00,1.567500000000000000e+02,1.110000000000000142e+02
2.616000000000000103e+00,1.572500000000000000e+02,1.175555555555555856e+02
2.616000000000000103e+00,1.577500000000000000e+02,1.245555555555555856e+02
2.616000000000000103e+00,1.582500000000000000e+02,1.255555555555555856e+02
2.616000000000000103e+00,1.587500000000000000e+02,1.297777777777777999e+02
2.616000000000000103e+00,1.592500000000000000e+02,1.356666666666667140e+02
2.616000000000000103e+00,1.597500000000000000e+02,1.407777777777777999e+02
2.616000000000000103e+00,1.602500000000000000e+02,1.478888888888889142e+02
2.616000000000000103e+00,1.607500000000000000e+02,1.504444444444444855e+02
2.616000000000000103e+00,1.612500000000000000e+02,1.582222222222222570e+02
2.616000000000000103e+00,1.617500000000000000e+02,1.611111111111111143e+02
2.616000000000000103e+00,1.622500000000000000e+02,1.688888888888888857e+02
2.616000000000000103e+00,1.627500000000000000e+02,1.760000000000000000e+02
2.616000000000000103e+00,1.632500000000000000e+02,1.767777777777777999e+02
2.616000000000000103e+00,1.637500000000000000e+02,1.816666666666666572e+02
2.616000000000000103e+00,1.642500000000000000e+02,1.875555555555555429e+02
2.616000000000000103e+00,1.647500000000000000e+02,1.971111111111110858e+02
2.616000000000000103e+00,1.652500000000000000e+02,2.022222222222221717e+02
2.616000000000000103e+00,1.657500000000000000e+02,1.993333333333332860e+02
2.616000000000000103e+00,1.662500000000000000e+02,2.006666666666666288e+02
2.616000000000000103e+00,1.667500000000000000e+02,2.018888888888888289e+02
2.616000000000000103e+00,1.672500000000000000e+02,2.061111111111110574e+02
2.616000000000000103e+00,1.677500000000000000e+02,2.089999999999999147e+02
2.616000000000000103e+00,1.682500000000000000e+02,2.091111111111110006e+02
2.616000000000000103e+00,1.687500000000000000e+02,2.047777777777776862e+02
2.616000000000000103e+00,1.692500000000000000e+02,2.015555555555554577e+02
2.616000000000000103e+00,1.697500000000000000e+02,1.975555555555554577e+02
2.616000000000000103e+00,1.702500000000000000e+02,2.021111111111110006e+02
2.616000000000000103e+00,1.707500000000000000e+02,1.982222222222221433e+02
2.616000000000000103e+00,1.712500000000000000e+02,1.932222222222221433e+02
2.616000000000000103e+00,1.717500000000000000e+02,1.857777777777776862e+02
2.616000000000000103e+00,1.722500000000000000e+02,1.778888888888887720e+02
2.616000000000000103e+00,1.727500000000000000e+02,1.673333333333332291e+02
2.616000000000000103e+00,1.732500000000000000e+02,1.612222222222220864e+02
2.616000000000000103e+00,1.737500000000000000e+02,1.575555555555554292e+02
2.616000000000000103e+00,1.742500000000000000e+02,1.492222222222220864e+02
2.616000000000000103e+00,1.747500000000000000e+02,1.363333333333332007e+02
2.616000000000000103e+00,1.752500000000000000e+02,1.225555555555554292e+02
2.616000000000000103e+00,1.757500000000000000e+02,1.157777777777776578e+02
2.616000000000000103e+00,1.762500000000000000e+02,1.018888888888887578e+02
2.616000000000000103e+00,1.767500000000000000e+02,8.777777777777765778e+01
2.616000000000000103e+00,1.772500000000000000e+02,7.099999999999987210e+01
2.616000000000000103e+00,1.777500000000000000e+02,5.711111111111099348e+01
2.616000000000000103e+00,1.782500000000000000e+02,4.477777777777765778e+01
2.616000000000000103e+00,1.787500000000000000e+02,3.099999999999987566e+01
2.616000000000000103e+00,1.792500000000000000e+02,1.844444444444432207e+01
2.616000000000000103e+00,1.797500000000000000e+02,9.888888888888766715e+00
2.631999999999999673e+00,1.302500000000000000e+02,2.000000000000000000e+00
2.631999999999999673e+00,1.307500000000000000e+02,2.111111111111111160e+00
2.631999999999999673e+00,1.312500000000000000e+02,2.555555555555555802e+00
2.631999999999999673e+00,1.317500000000000000e+02,1.888888888888889062e+00
2.631999999999999673e+00,1.322500000000000000e+02,2.333333333333333481e+00
2.631999999999999673e+00,1.327500000000000000e+02,2.555555555555555802e+00
2.631999999999999673e+00,1.332500000000000000e+02,2.888888888888889284e+00
2.631999999999999673e+00,1.337500000000000000e+02,3.444444444444445086e+00
2.631999999999999673e+00,1.342500000000000000e+02,3.777777777777778567e+00
2.631999999999999673e+00,1.347500000000000000e+02,4.222222222222222321e+00
2.631999999999999673e+00,1.352500000000000000e+02,4.888888888888889284e+00
2.631999999999999673e+00,1.357500000000000000e+02,5.000000000000000888e+00
2.631999999999999673e+00,1.362500000000000000e+02,6.111111111111111605e+00
2.631999999999999673e+00,1.367500000000000000e+02,6.444444444444445530e+00
2.631999999999999673e+00,1.372500000000000000e+02,7.111111111111111605e+00
2.631999999999999673e+00,1.377500000000000000e+02,6.555555555555556246e+00
2.631999999999999673e+00,1.382500000000000000e+02,6.111111111111111605e+00
2.631999999999999673e+00,1.387500000000000000e+02,6.555555555555556246e+00
2.631999999999999673e+00,1.392500000000000000e+02,9.000000000000000000e+00
2.631999999999999673e+00,1.397500000000000000e+02,1.044444444444444464e+01
2.631999999999999673e+00,1.402500000000000000e+02,1.133333333333333393e+01
2.631999999999999673e+00,1.407500000000000000e+02,1.088888888888889106e+01
2.631999999999999673e+00,1.412500000000000000e+02,1.211111111111111427e+01
2.631999999999999673e+00,1.417500000000000000e+02,1.422222222222222676e+01
2.631999999999999673e+00,1.422500000000000000e+02,1.755555555555556069e+01
2.631999999999999673e+00,1.427500000000000000e+02,1.888888888888889284e+01
2.631999999999999673e+00,1.432500000000000000e+02,2.055555555555556069e+01
2.631999999999999673e+00,1.437500000000000000e+02,2.111111111111111427e+01
2.631999999999999673e+00,1.442500000000000000e+02,2.455555555555556069e+01
2.631999999999999673e+00,1.447500000000000000e+02,2.755555555555556069e+01
2.631999999999999673e+00,1.452500000000000000e+02,3.100000000000001066e+01
2.631999999999999673e+00,1.457500000000000000e+02,3.244444444444444997e+01
2.631999999999999673e+00,1.462500000000000000e+02,3.400000000000000711e+01
2.631999999999999673e+00,1.467500000000000000e+02,3.377777777777778567e+01
2.631999999999999673e+00,1.472500000000000000e+02,3.422222222222222854e+01
2.631999999999999673e+00,1.477500000000000000e+02,3.500000000000000711e+01
2.631999999999999673e+00,1.482500000000000000e+02,3.888888888888889994e+01
2.631999999999999673e+00,1.487500000000000000e+02,4.544444444444445708e+01
2.631999999999999673e+00,1.492500000000000000e+02,5.211111111111112137e+01
2.631999999999999673e+00,1.497500000000000000e+02,5.511111111111112137e+01
2.631999999999999673e+00,1.502500000000000000e+02,5.988888888888889284e+01
2.631999999999999673e+00,1.507500000000000000e+02,6.144444444444444997e+01
2.631999999999999673e+00,1.512500000000000000e+02,6.855555555555555713e+01
2.631999999999999673e+00,1.517500000000000000e+02,6.666666666666667140e+01
2.631999999999999673e+00,1.522500000000000000e+02,7.344444444444445708e+01
2.631999999999999673e+00,1.527500000000000000e+02,8.266666666666667140e+01
2.631999999999999673e+00,1.532500000000000000e+02,9.022222222222222854e+01
2.631999999999999673e+00,1.537500000000000000e+02,9.555555555555555713e+01
2.631999999999999673e+00,1.542500000000000000e+02,9.633333333333332860e+01
2.631999999999999673e+00,1.547500000000000000e+02,1.026666666666666714e+02
2.631999999999999673e+00,1.552500000000000000e+02,1.102222222222222285e+02
2.631999999999999673e+00,1.557500000000000000e+02,1.157777777777777857e+02
2.631999999999999673e+00,1.562500000000000000e+02,1.253333333333333570e+02
2.631999999999999673e+00,1.567500000000000000e+02,1.281111111111111143e+02
2.631999999999999673e+00,1.572500000000000000e+02,1.346666666666666856e+02
2.631999999999999673e+00,1.577500000000000000e+02,1.390000000000000284e+02
2.631999999999999673e+00,1.582500000000000000e+02,1.431111111111111143e+02
2.631999999999999673e+00,1.587500000000000000e+02,1.501111111111111143e+02
2.631999999999999673e+00,1.592500000000000000e+02,1.612222222222222570e+02
2.631999999999999673e+00,1.597500000000000000e+02,1.663333333333333428e+02
2.631999999999999673e+00,1.602500000000000000e+02,1.738888888888889142e+02
2.631999999999999673e+00,1.607500000000000000e+02,1.784444444444444571e+02
2.631999999999999673e+00,1.612500000000000000e+02,1.946666666666666572e+02
2.631999999999999673e+00,1.617500000000000000e+02,2.020000000000000000e+02
2.631999999999999673e+00,1.622500000000000000e+02,2.120000000000000000e+02
2.631999999999999673e+00,1.627500000000000000e+02,2.160000000000000000e+02
2.631999999999999673e+00,1.632500000000000000e+02,2.150000000000000000e+02
2.631999999999999673e+00,1.637500000000000000e+02,2.123333333333333428e+02
2.631999999999999673e+00,1.642500000000000000e+02,2.171111111111110858e+02
2.631999999999999673e+00,1.647500000000000000e+02,2.242222222222222001e+02
2.631999999999999673e+00,1.652500000000000000e+02,2.355555555555555429e+02
2.631999999999999673e+00,1.657500000000000000e+02,2.328888888888888857e+02
2.631999999999999673e+00,1.662500000000000000e+02,2.363333333333333428e+02
2.631999999999999673e+00,1.667500000000000000e+02,2.375555555555555429e+02
2.631999999999999673e+00,1.672500000000000000e+02,2.437777777777777430e+02
2.631999999999999673e+00,1.677500000000000000e+02,2.436666666666666288e+02
2.631999999999999673e+00,1.682500000000000000e+02,2.408888888888888289e+02
2.631999999999999673e+00,1.687500000000000000e+02,2.361111111111110574e+02
2.631999999999999673e+00,1.692500000000000000e+02,2.357777777777777146e+02
2.631999999999999673e+00,1.697500000000000000e+02,2.342222222222221717e+02
2.631999999999999673e+00,1.702500000000000000e+02,2.352222222222221717e+02
2.631999999999999673e+00,1.707500000000000000e+02,2.319999999999999716e+02
2.631999999999999673e+00,1.712500000000000000e+02,2.239999999999999716e+02
2.631999999999999673e+00,1.717500000000000000e+02,2.169999999999999716e+02
2.631999999999999673e+00,1.722500000000000000e+02,2.064444444444444287e+02
2.631999999999999673e+00,1.727500000000000000e+02,1.960000000000000000e+02
2.631999999999999673e+00,1.732500000000000000e+02,1.855555555555555429e+02
2.631999999999999673e+00,1.737500000000000000e+02,1.773333333333333428e+02
2.631999999999999673e+00,1.742500000000000000e+02,1.658888888888888857e+02
2.631999999999999673e+00,1.747500000000000000e+02,1.548888888888888857e+02
2.631999999999999673e+00,1.752500000000000000e+02,1.414444444444444287e+02
2.631999999999999673e+00,1.757500000000000000e+02,1.355555555555555429e+02
2.631999999999999673e+00,1.762500000000000000e+02,1.201111111111111001e+02
2.631999999999999673e+00,1.767500000000000000e+02,1.032222222222222143e+02
2.631999999999999673e+00,1.772500000000000000e+02,8.199999999999998579e+01
2.631999999999999673e+00,1.777500000000000000e+02,6.677777777777775725e+01
2.631999999999999673e+00,1.782500000000000000e+02,5.411111111111109295e+01
2.631999999999999673e+00,1.787500000000000000e+02,3.822222222222220722e+01
2.631999999999999673e+00,1.792500000000000000e+02,2.288888888888887152e+01
2.631999999999999673e+00,1.797500000000000000e+02,1.277777777777775903e+01
2.647999999999999687e+00,1.302500000000000000e+02,1.777777777777777679e+00
2.647999999999999687e+00,1.307500000000000000e+02,2.000000000000000000e+00
2.647999999999999687e+00,1.312500000000000000e+02,2.777777777777777235e+00
2.647999999999999687e+00,1.317500000000000000e+02,2.555555555555555358e+00
2.647999999999999687e+00,1.322500000000000000e+02,2.888888888888888840e+00
2.647999999999999687e+00,1.327500000000000000e+02,3.666666666666666519e+00
2.647999999999999687e+00,1.332500000000000000e+02,4.333333333333333037e+00
2.647999999999999687e+00,1.337500000000000000e+02,5.222222222222222321e+00
2.647999999999999687e+00,1.342500000000000000e+02,4.888888888888889284e+00
2.647999999999999687e+00,1.347500000000000000e+02,4.555555555555556246e+00
2.647999999999999687e+00,1.352500000000000000e+02,5.000000000000000000e+00
2.647999999999999687e+00,1.357500000000000000e+02,5.444444444444443754e+00
2.647999999999999687e+00,1.362500000000000000e+02,7.333333333333333037e+00
2.647999999999999687e+00,1.367500000000000000e+02,7.555555555555556246e+00
2.647999999999999687e+00,1.372500000000000000e+02,8.888888888888889284e+00
2.647999999999999687e+00,1.377500000000000000e+02,8.555555555555555358e+00
2.647999999999999687e+00,1.382500000000000000e+02,8.444444444444444642e+00
2.647999999999999687e+00,1.387500000000000000e+02,8.666666666666666075e+00
2.647999999999999687e+00,1.392500000000000000e+02,9.777777777777776791e+00
2.647999999999999687e+00,1.397500000000000000e+02,1.288888888888889106e+01
2.647999999999999687e+00,1.402500000000000000e+02,1.344444444444444464e+01
2.647999999999999687e+00,1.407500000000000000e+02,1.522222222222222321e+01
2.647999999999999687e+00,1.412500000000000000e+02,1.588888888888889106e+01
2.647999999999999687e+00,1.417500000000000000e+02,1.833333333333333570e+01
2.647999999999999687e+00,1.422500000000000000e+02,2.033333333333333570e+01
2.647999999999999687e+00,1.427500000000000000e+02,2.077777777777778212e+01
2.647999999999999687e+00,1.432500000000000000e+02,2.233333333333333925e+01
2.647999999999999687e+00,1.437500000000000000e+02,2.422222222222222854e+01
2.647999999999999687e+00,1.442500000000000000e+02,2.844444444444444642e+01
2.647999999999999687e+00,1.447500000000000000e+02,3.222222222222222143e+01
2.647999999999999687e+00,1.452500000000000000e+02,3.655555555555555713e+01
2.647999999999999687e+00,1.457500000000000000e+02,3.700000000000000000e+01
2.647999999999999687e+00,1.462500000000000000e+02,3.955555555555555003e+01
2.647999999999999687e+00,1.467500000000000000e+02,3.911111111111110716e+01
2.647999999999999687e+00,1.472500000000000000e+02,4.322222222222222143e+01
2.647999999999999687e+00,1.477500000000000000e+02,4.455555555555555003e+01
2.647999999999999687e+00,1.482500000000000000e+02,4.888888888888888573e+01
2.647999999999999687e+00,1.487500000000000000e+02,5.344444444444443576e+01
2.647999999999999687e+00,1.492500000000000000e+02,6.144444444444443576e+01
2.647999999999999687e+00,1.497500000000000000e+02,6.622222222222221433e+01
2.647999999999999687e+00,1.502500000000000000e+02,7.177777777777777146e+01
2.647999999999999687e+00,1.507500000000000000e+02,7.155555555555554292e+01
2.647999999999999687e+00,1.512500000000000000e+02,7.799999999999998579e+01
2.647999999999999687e+00,1.517500000000000000e+02,7.566666666666664298e+01
2.647999999999999687e+00,1.522500000000000000e+02,8.355555555555554292e+01
2.647999999999999687e+00,1.527500000000000000e+02,8.788888888888887152e+01
2.647999999999999687e+00,1.532500000000000000e+02,9.788888888888887152e+01
2.647999999999999687e+00,1.537500000000000000e+02,1.063333333333333144e+02
2.647999999999999687e+00,1.542500000000000000e+02,1.118888888888888715e+02
2.647999999999999687e+00,1.547500000000000000e+02,1.168888888888888715e+02
2.647999999999999687e+00,1.552500000000000000e+02,1.223333333333333286e+02
2.647999999999999687e+00,1.557500000000000000e+02,1.290000000000000000e+02
2.647999999999999687e+00,1.562500000000000000e+02,1.422222222222222285e+02
2.647999999999999687e+00,1.567500000000000000e+02,1.488888888888888857e+02
2.647999999999999687e+00,1.572500000000000000e+02,1.570000000000000000e+02
2.647999999999999687e+00,1.577500000000000000e+02,1.607777777777777715e+02
2.647999999999999687e+00,1.582500000000000000e+02,1.655555555555555429e+02
2.647999999999999687e+00,1.587500000000000000e+02,1.763333333333333428e+02
2.647999999999999687e+00,1.592500000000000000e+02,1.881111111111111143e+02
2.647999999999999687e+00,1.597500000000000000e+02,1.931111111111111143e+02
2.647999999999999687e+00,1.602500000000000000e+02,1.996666666666666572e+02
2.647999999999999687e+00,1.607500000000000000e+02,2.071111111111111143e+02
2.647999999999999687e+00,1.612500000000000000e+02,2.261111111111111143e+02
2.647999999999999687e+00,1.617500000000000000e+02,2.324444444444444571e+02
2.647999999999999687e+00,1.622500000000000000e+02,2.438888888888889142e+02
2.647999999999999687e+00,1.627500000000000000e+02,2.477777777777778283e+02
2.647999999999999687e+00,1.632500000000000000e+02,2.544444444444444855e+02
2.647999999999999687e+00,1.637500000000000000e+02,2.528888888888889142e+02
2.647999999999999687e+00,1.642500000000000000e+02,2.598888888888889142e+02
2.647999999999999687e+00,1.647500000000000000e+02,2.591111111111111427e+02
2.647999999999999687e+00,1.652500000000000000e+02,2.667777777777777715e+02
2.647999999999999687e+00,1.657500000000000000e+02,2.613333333333333144e+02
2.647999999999999687e+00,1.662500000000000000e+02,2.673333333333333144e+02
2.647999999999999687e+00,1.667500000000000000e+02,2.728888888888889142e+02
2.647999999999999687e+00,1.672500000000000000e+02,2.810000000000000000e+02
2.647999999999999687e+00,1.677500000000000000e+02,2.804444444444444002e+02
2.647999999999999687e+00,1.682500000000000000e+02,2.759999999999999432e+02
2.647999999999999687e+00,1.687500000000000000e+02,2.684444444444444002e+02
2.647999999999999687e+00,1.692500000000000000e+02,2.708888888888888573e+02
2.647999999999999687e+00,1.697500000000000000e+02,2.620000000000000000e+02
2.647999999999999687e+00,1.702500000000000000e+02,2.636666666666666856e+02
2.647999999999999687e+00,1.707500000000000000e+02,2.597777777777777715e+02
2.647999999999999687e+00,1.712500000000000000e+02,2.576666666666666856e+02
2.647999999999999687e+00,1.717500000000000000e+02,2.483333333333333428e+02
2.647999999999999687e+00,1.722500000000000000e+02,2.411111111111111143e+02
2.647999999999999687e+00,1.727500000000000000e+02,2.314444444444444571e+02
2.647999999999999687e+00,1.732500000000000000e+02,2.192222222222222570e+02
2.647999999999999687e+00,1.737500000000000000e+02,2.004444444444444571e+02
2.647999999999999687e+00,1.742500000000000000e+02,1.855555555555555713e+02
2.647999999999999687e+00,1.747500000000000000e+02,1.766666666666667140e+02
2.647999999999999687e+00,1.752500000000000000e+02,1.660000000000000284e+02
2.647999999999999687e+00,1.757500000000000000e+02,1.573333333333333712e+02
2.647999999999999687e+00,1.762500000000000000e+02,1.386666666666667140e+02
2.647999999999999687e+00,1.767500000000000000e+02,1.182222222222222712e+02
2.647999999999999687e+00,1.772500000000000000e+02,9.566666666666669983e+01
2.647999999999999687e+00,1.777500000000000000e+02,7.900000000000004263e+01
2.647999999999999687e+00,1.782500000000000000e+02,6.455555555555558556e+01
2.647999999999999687e+00,1.787500000000000000e+02,4.744444444444447839e+01
2.647999999999999687e+00,1.792500000000000000e+02,2.755555555555558911e+01
2.647999999999999687e+00,1.797500000000000000e+02,1.500000000000003375e+01
2.663999999999999702e+00,1.302500000000000000e+02,2.888888888888888840e+00
2.663999999999999702e+00,1.307500000000000000e+02,2.666666666666666519e+00
2.663999999999999702e+00,1.312500000000000000e+02,3.222222222222221877e+00
2.663999999999999702e+00,1.317500000000000000e+02,3.333333333333333481e+00
2.663999999999999702e+00,1.322500000000000000e+02,3.555555555555555358e+00
2.663999999999999702e+00,1.327500000000000000e+02,3.888888888888888840e+00
2.663999999999999702e+00,1.332500000000000000e+02,4.666666666666666963e+00
2.663999999999999702e+00,1.337500000000000000e+02,5.666666666666666963e+00
2.663999999999999702e+00,1.342500000000000000e+02,5.888888888888889284e+00
2.663999999999999702e+00,1.347500000000000000e+02,5.888888888888889284e+00
2.663999999999999702e+00,1.352500000000000000e+02,6.222222222222222321e+00
2.663999999999999702e+00,1.357500000000000000e+02,6.888888888888889284e+00
2.663999999999999702e+00,1.362500000000000000e+02,8.111111111111112493e+00
2.663999999999999702e+00,1.367500000000000000e+02,9.555555555555555358e+00
2.663999999999999702e+00,1.372500000000000000e+02,1.133333333333333393e+01
2.663999999999999702e+00,1.377500000000000000e+02,1.166666666666666607e+01
2.663999999999999702e+00,1.382500000000000000e+02,1.144444444444444464e+01
2.663999999999999702e+00,1.387500000000000000e+02,1.200000000000000000e+01
2.663999999999999702e+00,1.392500000000000000e+02,1.211111111111111249e+01
2.663999999999999702e+00,1.397500000000000000e+02,1.622222222222222499e+01
2.663999999999999702e+00,1.402500000000000000e+02,1.577777777777777857e+01
2.663999999999999702e+00,1.407500000000000000e+02,1.800000000000000000e+01
2.663999999999999702e+00,1.412500000000000000e+02,1.800000000000000000e+01
2.663999999999999702e+00,1.417500000000000000e+02,2.022222222222222143e+01
2.663999999999999702e+00,1.422500000000000000e+02,2.400000000000000000e+01
2.663999999999999702e+00,1.427500000000000000e+02,2.322222222222221788e+01
2.663999999999999702e+00,1.432500000000000000e+02,2.588888888888888573e+01
2.663999999999999702e+00,1.437500000000000000e+02,2.677777777777777501e+01
2.663999999999999702e+00,1.442500000000000000e+02,3.311111111111110716e+01
2.663999999999999702e+00,1.447500000000000000e+02,3.633333333333333570e+01
2.663999999999999702e+00,1.452500000000000000e+02,4.066666666666666430e+01
2.663999999999999702e+00,1.457500000000000000e+02,4.100000000000000000e+01
2.663999999999999702e+00,1.462500000000000000e+02,4.566666666666666430e+01
2.663999999999999702e+00,1.467500000000000000e+02,4.622222222222222854e+01
2.663999999999999702e+00,1.472500000000000000e+02,5.211111111111111427e+01
2.663999999999999702e+00,1.477500000000000000e+02,5.511111111111111427e+01
2.663999999999999702e+00,1.482500000000000000e+02,6.000000000000000000e+01
2.663999999999999702e+00,1.487500000000000000e+02,6.477777777777777146e+01
2.663999999999999702e+00,1.492500000000000000e+02,7.322222222222221433e+01
2.663999999999999702e+00,1.497500000000000000e+02,7.933333333333331439e+01
2.663999999999999702e+00,1.502500000000000000e+02,8.422222222222221433e+01
2.663999999999999702e+00,1.507500000000000000e+02,8.422222222222221433e+01
2.663999999999999702e+00,1.512500000000000000e+02,8.855555555555554292e+01
2.663999999999999702e+00,1.517500000000000000e+02,9.122222222222221433e+01
2.663999999999999702e+00,1.522500000000000000e+02,9.900000000000000000e+01
2.663999999999999702e+00,1.527500000000000000e+02,1.056666666666666714e+02
2.663999999999999702e+00,1.532500000000000000e+02,1.141111111111111001e+02
2.663999999999999702e+00,1.537500000000000000e+02,1.232222222222222143e+02
2.663999999999999702e+00,1.542500000000000000e+02,1.316666666666666572e+02
2.663999999999999702e+00,1.547500000000000000e+02,1.396666666666666572e+02
2.663999999999999702e+00,1.552500000000000000e+02,1.464444444444444287e+02
2.663999999999999702e+00,1.557500000000000000e+02,1.506666666666666572e+02
2.663999999999999702e+00,1.562500000000000000e+02,1.592222222222222001e+02
2.663999999999999702e+00,1.567500000000000000e+02,1.691111111111110858e+02
2.663999999999999702e+00,1.572500000000000000e+02,1.812222222222221717e+02
2.663999999999999702e+00,1.577500000000000000e+02,1.857777777777777146e+02
2.663999999999999702e+00,1.582500000000000000e+02,1.925555555555555145e+02
2.663999999999999702e+00,1.587500000000000000e+02,1.987777777777777430e+02
2.663999999999999702e+00,1.592500000000000000e+02,2.120000000000000000e+02
2.663999999999999702e+00,1.597500000000000000e+02,2.156666666666666572e+02
2.663999999999999702e+00,1.602500000000000000e+02,2.255555555555555429e+02
2.663999999999999702e+00,1.607500000000000000e+02,2.365555555555555429e+02
2.663999999999999702e+00,1.612500000000000000e+02,2.550000000000000000e+02
2.663999999999999702e+00,1.617500000000000000e+02,2.658888888888889142e+02
2.663999999999999702e+00,1.622500000000000000e+02,2.743333333333333712e+02
2.663999999999999702e+00,1.627500000000000000e+02,2.738888888888889142e+02
2.663999999999999702e+00,1.632500000000000000e+02,2.856666666666666856e+02
2.663999999999999702e+00,1.637500000000000000e+02,2.843333333333333144e+02
2.663999999999999702e+00,1.642500000000000000e+02,2.955555555555555998e+02
2.663999999999999702e+00,1.647500000000000000e+02,2.865555555555555998e+02
2.663999999999999702e+00,1.652500000000000000e+02,2.931111111111111427e+02
2.663999999999999702e+00,1.657500000000000000e+02,2.871111111111111427e+02
2.663999999999999702e+00,1.662500000000000000e+02,2.995555555555555998e+02
2.663999999999999702e+00,1.667500000000000000e+02,3.058888888888889142e+02
2.663999999999999702e+00,1.672500000000000000e+02,3.152222222222222285e+02
2.663999999999999702e+00,1.677500000000000000e+02,3.125555555555555998e+02
2.663999999999999702e+00,1.682500000000000000e+02,3.131111111111111427e+02
2.663999999999999702e+00,1.687500000000000000e+02,3.066666666666667425e+02
2.663999999999999702e+00,1.692500000000000000e+02,3.053333333333334281e+02
2.663999999999999702e+00,1.697500000000000000e+02,2.942222222222223422e+02
2.663999999999999702e+00,1.702500000000000000e+02,2.911111111111111995e+02
2.663999999999999702e+00,1.707500000000000000e+02,2.894444444444445139e+02
2.663999999999999702e+00,1.712500000000000000e+02,2.854444444444445139e+02
2.663999999999999702e+00,1.717500000000000000e+02,2.797777777777778851e+02
2.663999999999999702e+00,1.722500000000000000e+02,2.662222222222223422e+02
2.663999999999999702e+00,1.727500000000000000e+02,2.565555555555556566e+02
2.663999999999999702e+00,1.732500000000000000e+02,2.390000000000001137e+02
2.663999999999999702e+00,1.737500000000000000e+02,2.222222222222223138e+02
2.663999999999999702e+00,1.742500000000000000e+02,2.050000000000001137e+02
2.663999999999999702e+00,1.747500000000000000e+02,1.952222222222223138e+02
2.663999999999999702e+00,1.752500000000000000e+02,1.823333333333333997e+02
2.663999999999999702e+00,1.757500000000000000e+02,1.710000000000000853e+02
2.663999999999999702e+00,1.762500000000000000e+02,1.514444444444445139e+02
2.663999999999999702e+00,1.767500000000000000e+02,1.315555555555556282e+02
2.663999999999999702e+00,1.772500000000000000e+02,1.106666666666667282e+02
2.663999999999999702e+00,1.777500000000000000e+02,9.388888888888895679e+01
2.663999999999999702e+00,1.782500000000000000e+02,7.611111111111117111e+01
2.663999999999999702e+00,1.787500000000000000e+02,5.477777777777783541e+01
2.663999999999999702e+00,1.792500000000000000e+02,3.188888888888895323e+01
2.663999999999999702e+00,1.797500000000000000e+02,1.755555555555561753e+01
2.679999999999999716e+00,1.302500000000000000e+02,3.222222222222221877e+00
2.679999999999999716e+00,1.307500000000000000e+02,3.333333333333333481e+00
2.679999999999999716e+00,1.312500000000000000e+02,3.666666666666666519e+00
2.679999999999999716e+00,1.317500000000000000e+02,4.666666666666666963e+00
2.679999999999999716e+00,1.322500000000000000e+02,4.222222222222222321e+00
2.679999999999999716e+00,1.327500000000000000e+02,4.222222222222222321e+00
2.679999999999999716e+00,1.332500000000000000e+02,4.777777777777777679e+00
2.679999999999999716e+00,1.337500000000000000e+02,5.777777777777777679e+00
2.679999999999999716e+00,1.342500000000000000e+02,6.777777777777777679e+00
2.679999999999999716e+00,1.347500000000000000e+02,7.333333333333333037e+00
2.679999999999999716e+00,1.352500000000000000e+02,7.444444444444443754e+00
2.679999999999999716e+00,1.357500000000000000e+02,8.444444444444444642e+00
2.679999999999999716e+00,1.362500000000000000e+02,8.444444444444444642e+00
2.679999999999999716e+00,1.367500000000000000e+02,1.077777777777777679e+01
2.679999999999999716e+00,1.372500000000000000e+02,1.222222222222222143e+01
2.679999999999999716e+00,1.377500000000000000e+02,1.266666666666666607e+01
2.679999999999999716e+00,1.382500000000000000e+02,1.333333333333333393e+01
2.679999999999999716e+00,1.387500000000000000e+02,1.388888888888889106e+01
2.679999999999999716e+00,1.392500000000000000e+02,1.455555555555555713e+01
2.679999999999999716e+00,1.397500000000000000e+02,1.744444444444444642e+01
2.679999999999999716e+00,1.402500000000000000e+02,1.755555555555555713e+01
2.679999999999999716e+00,1.407500000000000000e+02,2.011111111111111427e+01
2.679999999999999716e+00,1.412500000000000000e+02,2.088888888888888928e+01
2.679999999999999716e+00,1.417500000000000000e+02,2.377777777777778212e+01
2.679999999999999716e+00,1.422500000000000000e+02,2.744444444444444642e+01
2.679999999999999716e+00,1.427500000000000000e+02,2.766666666666667140e+01
2.679999999999999716e+00,1.432500000000000000e+02,2.900000000000000355e+01
2.679999999999999716e+00,1.437500000000000000e+02,3.022222222222222854e+01
2.679999999999999716e+00,1.442500000000000000e+02,3.411111111111112137e+01
2.679999999999999716e+00,1.447500000000000000e+02,3.777777777777778567e+01
2.679999999999999716e+00,1.452500000000000000e+02,4.333333333333334281e+01
2.679999999999999716e+00,1.457500000000000000e+02,4.611111111111112137e+01
2.679999999999999716e+00,1.462500000000000000e+02,5.055555555555557135e+01
2.679999999999999716e+00,1.467500000000000000e+02,5.277777777777779278e+01
2.679999999999999716e+00,1.472500000000000000e+02,5.855555555555557135e+01
2.679999999999999716e+00,1.477500000000000000e+02,6.311111111111112137e+01
2.679999999999999716e+00,1.482500000000000000e+02,6.633333333333334281e+01
2.679999999999999716e+00,1.487500000000000000e+02,7.111111111111112848e+01
2.679999999999999716e+00,1.492500000000000000e+02,7.755555555555555713e+01
2.679999999999999716e+00,1.497500000000000000e+02,8.344444444444445708e+01
2.679999999999999716e+00,1.502500000000000000e+02,8.977777777777778567e+01
2.679999999999999716e+00,1.507500000000000000e+02,9.477777777777778567e+01
2.679999999999999716e+00,1.512500000000000000e+02,9.944444444444445708e+01
2.679999999999999716e+00,1.517500000000000000e+02,1.063333333333333570e+02
2.679999999999999716e+00,1.522500000000000000e+02,1.132222222222222427e+02
2.679999999999999716e+00,1.527500000000000000e+02,1.222222222222222427e+02
2.679999999999999716e+00,1.532500000000000000e+02,1.291111111111111143e+02
2.679999999999999716e+00,1.537500000000000000e+02,1.395555555555555713e+02
2.679999999999999716e+00,1.542500000000000000e+02,1.484444444444444571e+02
2.679999999999999716e+00,1.547500000000000000e+02,1.568888888888889142e+02
2.679999999999999716e+00,1.552500000000000000e+02,1.650000000000000284e+02
2.679999999999999716e+00,1.557500000000000000e+02,1.730000000000000284e+02
2.679999999999999716e+00,1.562500000000000000e+02,1.807777777777778283e+02
2.679999999999999716e+00,1.567500000000000000e+02,1.925555555555555713e+02
2.679999999999999716e+00,1.572500000000000000e+02,2.011111111111111711e+02
2.679999999999999716e+00,1.577500000000000000e+02,2.078888888888889142e+02
2.679999999999999716e+00,1.582500000000000000e+02,2.171111111111111711e+02
2.679999999999999716e+00,1.587500000000000000e+02,2.265555555555555713e+02
2.679999999999999716e+00,1.592500000000000000e+02,2.382222222222222570e+02
2.679999999999999716e+00,1.597500000000000000e+02,2.397777777777777999e+02
2.679999999999999716e+00,1.602500000000000000e+02,2.490000000000000000e+02
2.679999999999999716e+00,1.607500000000000000e+02,2.591111111111111427e+02
2.679999999999999716e+00,1.612500000000000000e+02,2.748888888888889142e+02
2.679999999999999716e+00,1.617500000000000000e+02,2.845555555555555998e+02
2.679999999999999716e+00,1.622500000000000000e+02,2.924444444444445139e+02
2.679999999999999716e+00,1.627500000000000000e+02,2.928888888888889710e+02
2.679999999999999716e+00,1.632500000000000000e+02,3.071111111111111427e+02
2.679999999999999716e+00,1.637500000000000000e+02,3.146666666666666856e+02
2.679999999999999716e+00,1.642500000000000000e+02,3.222222222222222285e+02
2.679999999999999716e+00,1.647500000000000000e+02,3.146666666666666856e+02
2.679999999999999716e+00,1.652500000000000000e+02,3.134444444444444571e+02
2.679999999999999716e+00,1.657500000000000000e+02,3.127777777777777715e+02
2.679999999999999716e+00,1.662500000000000000e+02,3.252222222222222285e+02
2.679999999999999716e+00,1.667500000000000000e+02,3.367777777777777715e+02
2.679999999999999716e+00,1.672500000000000000e+02,3.438888888888889142e+02
2.679999999999999716e+00,1.677500000000000000e+02,3.424444444444445139e+02
2.679999999999999716e+00,1.682500000000000000e+02,3.422222222222223422e+02
2.679999999999999716e+00,1.687500000000000000e+02,3.403333333333334281e+02
2.679999999999999716e+00,1.692500000000000000e+02,3.344444444444445139e+02
2.679999999999999716e+00,1.697500000000000000e+02,3.201111111111111995e+02
2.679999999999999716e+00,1.702500000000000000e+02,3.118888888888889710e+02
2.679999999999999716e+00,1.707500000000000000e+02,3.075555555555556566e+02
2.679999999999999716e+00,1.712500000000000000e+02,3.047777777777778851e+02
2.679999999999999716e+00,1.717500000000000000e+02,3.003333333333334281e+02
2.679999999999999716e+00,1.722500000000000000e+02,2.915555555555555998e+02
2.679999999999999716e+00,1.727500000000000000e+02,2.798888888888889710e+02
2.679999999999999716e+00,1.732500000000000000e+02,2.606666666666667425e+02
2.679999999999999716e+00,1.737500000000000000e+02,2.434444444444445423e+02
2.679999999999999716e+00,1.742500000000000000e+02,2.253333333333333997e+02
2.679999999999999716e+00,1.747500000000000000e+02,2.157777777777778283e+02
2.679999999999999716e+00,1.752500000000000000e+02,2.001111111111111711e+02
2.679999999999999716e+00,1.757500000000000000e+02,1.887777777777778283e+02
2.679999999999999716e+00,1.762500000000000000e+02,1.690000000000000568e+02
2.679999999999999716e+00,1.767500000000000000e+02,1.487777777777778283e+02
2.679999999999999716e+00,1.772500000000000000e+02,1.245555555555555998e+02
2.679999999999999716e+00,1.777500000000000000e+02,1.041111111111111569e+02
2.679999999999999716e+00,1.782500000000000000e+02,8.366666666666671404e+01
2.679999999999999716e+00,1.787500000000000000e+02,6.222222222222226407e+01
2.679999999999999716e+00,1.792500000000000000e+02,3.688888888888893547e+01
2.679999999999999716e+00,1.797500000000000000e+02,1.933333333333337833e+01
2.695999999999999730e+00,1.302500000000000000e+02,4.777777777777777679e+00
2.695999999999999730e+00,1.307500000000000000e+02,4.555555555555556246e+00
2.695999999999999730e+00,1.312500000000000000e+02,4.777777777777777679e+00
2.695999999999999730e+00,1.317500000000000000e+02,5.111111111111111605e+00
2.695999999999999730e+00,1.322500000000000000e+02,5.444444444444445530e+00
2.695999999999999730e+00,1.327500000000000000e+02,5.111111111111111605e+00
2.695999999999999730e+00,1.332500000000000000e+02,6.000000000000000000e+00
2.695999999999999730e+00,1.337500000000000000e+02,6.000000000000000000e+00
2.695999999999999730e+00,1.342500000000000000e+02,6.777777777777778567e+00
2.695999999999999730e+00,1.347500000000000000e+02,7.444444444444445530e+00
2.695999999999999730e+00,1.352500000000000000e+02,8.888888888888891060e+00
2.695999999999999730e+00,1.357500000000000000e+02,1.033333333333333393e+01
2.695999999999999730e+00,1.362500000000000000e+02,9.666666666666667851e+00
2.695999999999999730e+00,1.367500000000000000e+02,1.177777777777777857e+01
2.695999999999999730e+00,1.372500000000000000e+02,1.333333333333333393e+01
2.695999999999999730e+00,1.377500000000000000e+02,1.422222222222222321e+01
2.695999999999999730e+00,1.382500000000000000e+02,1.500000000000000178e+01
2.695999999999999730e+00,1.387500000000000000e+02,1.588888888888889106e+01
2.695999999999999730e+00,1.392500000000000000e+02,1.733333333333333215e+01
2.695999999999999730e+00,1.397500000000000000e+02,1.844444444444444287e+01
2.695999999999999730e+00,1.402500000000000000e+02,1.966666666666666785e+01
2.695999999999999730e+00,1.407500000000000000e+02,2.177777777777777501e+01
2.695999999999999730e+00,1.412500000000000000e+02,2.300000000000000000e+01
2.695999999999999730e+00,1.417500000000000000e+02,2.377777777777777501e+01
2.695999999999999730e+00,1.422500000000000000e+02,2.700000000000000000e+01
2.695999999999999730e+00,1.427500000000000000e+02,2.844444444444444287e+01
2.695999999999999730e+00,1.432500000000000000e+02,3.288888888888888573e+01
2.695999999999999730e+00,1.437500000000000000e+02,3.544444444444444287e+01
2.695999999999999730e+00,1.442500000000000000e+02,3.911111111111110716e+01
2.695999999999999730e+00,1.447500000000000000e+02,4.188888888888888573e+01
2.695999999999999730e+00,1.452500000000000000e+02,4.755555555555555003e+01
2.695999999999999730e+00,1.457500000000000000e+02,5.111111111111110716e+01
2.695999999999999730e+00,1.462500000000000000e+02,5.511111111111110716e+01
2.695999999999999730e+00,1.467500000000000000e+02,5.566666666666665719e+01
2.695999999999999730e+00,1.472500000000000000e+02,6.033333333333332149e+01
2.695999999999999730e+00,1.477500000000000000e+02,6.555555555555554292e+01
2.695999999999999730e+00,1.482500000000000000e+02,7.099999999999998579e+01
2.695999999999999730e+00,1.487500000000000000e+02,7.677777777777775725e+01
2.695999999999999730e+00,1.492500000000000000e+02,8.322222222222218591e+01
2.695999999999999730e+00,1.497500000000000000e+02,8.988888888888885731e+01
2.695999999999999730e+00,1.502500000000000000e+02,9.799999999999995737e+01
2.695999999999999730e+00,1.507500000000000000e+02,1.028888888888888573e+02
2.695999999999999730e+00,1.512500000000000000e+02,1.092222222222221859e+02
2.695999999999999730e+00,1.517500000000000000e+02,1.194444444444444144e+02
2.695999999999999730e+00,1.522500000000000000e+02,1.284444444444444287e+02
2.695999999999999730e+00,1.527500000000000000e+02,1.374444444444444287e+02
2.695999999999999730e+00,1.532500000000000000e+02,1.419999999999999716e+02
2.695999999999999730e+00,1.537500000000000000e+02,1.496666666666666288e+02
2.695999999999999730e+00,1.542500000000000000e+02,1.585555555555555145e+02
2.695999999999999730e+00,1.547500000000000000e+02,1.689999999999999716e+02
2.695999999999999730e+00,1.552500000000000000e+02,1.805555555555555145e+02
2.695999999999999730e+00,1.557500000000000000e+02,1.906666666666666288e+02
2.695999999999999730e+00,1.562500000000000000e+02,1.962222222222221717e+02
2.695999999999999730e+00,1.567500000000000000e+02,2.068888888888888289e+02
2.695999999999999730e+00,1.572500000000000000e+02,2.176666666666666003e+02
2.695999999999999730e+00,1.577500000000000000e+02,2.287777777777777146e+02
2.695999999999999730e+00,1.582500000000000000e+02,2.421111111111110574e+02
2.695999999999999730e+00,1.587500000000000000e+02,2.467777777777777146e+02
2.695999999999999730e+00,1.592500000000000000e+02,2.555555555555555145e+02
2.695999999999999730e+00,1.597500000000000000e+02,2.535555555555555145e+02
2.695999999999999730e+00,1.602500000000000000e+02,2.651111111111110290e+02
2.695999999999999730e+00,1.607500000000000000e+02,2.741111111111110290e+02
2.695999999999999730e+00,1.612500000000000000e+02,2.918888888888888573e+02
2.695999999999999730e+00,1.617500000000000000e+02,3.054444444444444002e+02
2.695999999999999730e+00,1.622500000000000000e+02,3.175555555555554861e+02
2.695999999999999730e+00,1.627500000000000000e+02,3.191111111111110290e+02
2.695999999999999730e+00,1.632500000000000000e+02,3.301111111111110290e+02
2.695999999999999730e+00,1.637500000000000000e+02,3.372222222222221717e+02
2.695999999999999730e+00,1.642500000000000000e+02,3.403333333333333144e+02
2.695999999999999730e+00,1.647500000000000000e+02,3.346666666666666288e+02
2.695999999999999730e+00,1.652500000000000000e+02,3.364444444444444002e+02
2.695999999999999730e+00,1.657500000000000000e+02,3.405555555555554861e+02
2.695999999999999730e+00,1.662500000000000000e+02,3.507777777777777715e+02
2.695999999999999730e+00,1.667500000000000000e+02,3.541111111111110858e+02
2.695999999999999730e+00,1.672500000000000000e+02,3.610000000000000000e+02
2.695999999999999730e+00,1.677500000000000000e+02,3.665555555555554861e+02
2.695999999999999730e+00,1.682500000000000000e+02,3.716666666666665719e+02
2.695999999999999730e+00,1.687500000000000000e+02,3.712222222222221717e+02
2.695999999999999730e+00,1.692500000000000000e+02,3.558888888888888573e+02
2.695999999999999730e+00,1.697500000000000000e+02,3.457777777777777715e+02
2.695999999999999730e+00,1.702500000000000000e+02,3.375555555555555429e+02
2.695999999999999730e+00,1.707500000000000000e+02,3.328888888888888573e+02
2.695999999999999730e+00,1.712500000000000000e+02,3.264444444444444002e+02
2.695999999999999730e+00,1.717500000000000000e+02,3.162222222222221717e+02
2.695999999999999730e+00,1.722500000000000000e+02,3.029999999999999432e+02
2.695999999999999730e+00,1.727500000000000000e+02,2.869999999999999432e+02
2.695999999999999730e+00,1.732500000000000000e+02,2.716666666666666288e+02
2.695999999999999730e+00,1.737500000000000000e+02,2.632222222222221717e+02
2.695999999999999730e+00,1.742500000000000000e+02,2.468888888888888289e+02
2.695999999999999730e+00,1.747500000000000000e+02,2.329999999999999716e+02
2.695999999999999730e+00,1.752500000000000000e+02,2.098888888888888289e+02
2.695999999999999730e+00,1.757500000000000000e+02,1.961111111111110574e+02
2.695999999999999730e+00,1.762500000000000000e+02,1.781111111111110574e+02
2.695999999999999730e+00,1.767500000000000000e+02,1.595555555555555145e+02
2.695999999999999730e+00,1.772500000000000000e+02,1.339999999999999432e+02
2.695999999999999730e+00,1.777500000000000000e+02,1.095555555555555003e+02
2.695999999999999730e+00,1.782500000000000000e+02,8.711111111111104321e+01
2.695999999999999730e+00,1.787500000000000000e+02,6.344444444444437892e+01
2.695999999999999730e+00,1.792500000000000000e+02,3.766666666666660745e+01
2.695999999999999730e+00,1.797500000000000000e+02,1.922222222222216104e+01
2.711999999999999744e+00,1.302500000000000000e+02,4.666666666666666963e+00
2.711999999999999744e+00,1.307500000000000000e+02,5.222222222222222321e+00
2.711999999999999744e+00,1.312500000000000000e+02,6.222222222222222321e+00
2.711999999999999744e+00,1.317500000000000000e+02,5.666666666666666963e+00
2.711999999999999744e+00,1.322500000000000000e+02,6.333333333333333037e+00
2.711999999999999744e+00,1.327500000000000000e+02,6.888888888888889284e+00
2.711999999999999744e+00,1.332500000000000000e+02,8.000000000000000000e+00
2.711999999999999744e+00,1.337500000000000000e+02,7.777777777777778567e+00
2.711999999999999744e+00,1.342500000000000000e+02,7.111111111111111605e+00
2.711999999999999744e+00,1.347500000000000000e+02,7.444444444444445530e+00
2.711999999999999744e+00,1.352500000000000000e+02,8.333333333333333925e+00
2.711999999999999744e+00,1.357500000000000000e+02,1.033333333333333393e+01
2.711999999999999744e+00,1.362500000000000000e+02,9.888888888888891060e+00
2.711999999999999744e+00,1.367500000000000000e+02,1.233333333333333570e+01
2.711999999999999744e+00,1.372500000000000000e+02,1.300000000000000178e+01
2.711999999999999744e+00,1.377500000000000000e+02,1.444444444444444819e+01
2.711999999999999744e+00,1.382500000000000000e+02,1.588888888888889106e+01
2.711999999999999744e+00,1.387500000000000000e+02,1.755555555555555713e+01
2.711999999999999744e+00,1.392500000000000000e+02,2.022222222222222499e+01
2.711999999999999744e+00,1.397500000000000000e+02,2.044444444444444642e+01
2.711999999999999744e+00,1.402500000000000000e+02,2.233333333333333925e+01
2.711999999999999744e+00,1.407500000000000000e+02,2.455555555555556069e+01
2.711999999999999744e+00,1.412500000000000000e+02,2.733333333333333925e+01
2.711999999999999744e+00,1.417500000000000000e+02,2.900000000000000355e+01
2.711999999999999744e+00,1.422500000000000000e+02,2.988888888888889639e+01
2.711999999999999744e+00,1.427500000000000000e+02,3.233333333333334281e+01
2.711999999999999744e+00,1.432500000000000000e+02,3.600000000000000711e+01
2.711999999999999744e+00,1.437500000000000000e+02,4.011111111111112137e+01
2.711999999999999744e+00,1.442500000000000000e+02,4.188888888888889284e+01
2.711999999999999744e+00,1.447500000000000000e+02,4.322222222222222854e+01
2.711999999999999744e+00,1.452500000000000000e+02,4.811111111111111427e+01
2.711999999999999744e+00,1.457500000000000000e+02,5.255555555555556424e+01
2.711999999999999744e+00,1.462500000000000000e+02,5.833333333333334281e+01
2.711999999999999744e+00,1.467500000000000000e+02,5.988888888888889284e+01
2.711999999999999744e+00,1.472500000000000000e+02,6.655555555555555713e+01
2.711999999999999744e+00,1.477500000000000000e+02,7.066666666666667140e+01
2.711999999999999744e+00,1.482500000000000000e+02,7.700000000000001421e+01
2.711999999999999744e+00,1.487500000000000000e+02,8.066666666666667140e+01
2.711999999999999744e+00,1.492500000000000000e+02,8.622222222222222854e+01
2.711999999999999744e+00,1.497500000000000000e+02,9.533333333333332860e+01
2.711999999999999744e+00,1.502500000000000000e+02,1.031111111111111001e+02
2.711999999999999744e+00,1.507500000000000000e+02,1.100000000000000000e+02
2.711999999999999744e+00,1.512500000000000000e+02,1.154444444444444429e+02
2.711999999999999744e+00,1.517500000000000000e+02,1.264444444444444429e+02
2.711999999999999744e+00,1.522500000000000000e+02,1.388888888888888857e+02
2.711999999999999744e+00,1.527500000000000000e+02,1.478888888888888857e+02
2.711999999999999744e+00,1.532500000000000000e+02,1.523333333333333144e+02
2.711999999999999744e+00,1.537500000000000000e+02,1.562222222222222001e+02
2.711999999999999744e+00,1.542500000000000000e+02,1.645555555555555429e+02
2.711999999999999744e+00,1.547500000000000000e+02,1.768888888888888857e+02
2.711999999999999744e+00,1.552500000000000000e+02,1.881111111111110858e+02
2.711999999999999744e+00,1.557500000000000000e+02,2.015555555555555429e+02
2.711999999999999744e+00,1.562500000000000000e+02,2.081111111111110858e+02
2.711999999999999744e+00,1.567500000000000000e+02,2.198888888888888857e+02
2.711999999999999744e+00,1.572500000000000000e+02,2.288888888888888857e+02
2.711999999999999744e+00,1.577500000000000000e+02,2.417777777777777430e+02
2.711999999999999744e+00,1.582500000000000000e+02,2.550000000000000000e+02
2.711999999999999744e+00,1.587500000000000000e+02,2.648888888888888573e+02
2.711999999999999744e+00,1.592500000000000000e+02,2.721111111111110858e+02
2.711999999999999744e+00,1.597500000000000000e+02,2.748888888888888573e+02
2.711999999999999744e+00,1.602500000000000000e+02,2.862222222222221717e+02
2.711999999999999744e+00,1.607500000000000000e+02,2.959999999999999432e+02
2.711999999999999744e+00,1.612500000000000000e+02,3.105555555555554861e+02
2.711999999999999744e+00,1.617500000000000000e+02,3.183333333333332575e+02
2.711999999999999744e+00,1.622500000000000000e+02,3.305555555555554861e+02
2.711999999999999744e+00,1.627500000000000000e+02,3.337777777777777146e+02
2.711999999999999744e+00,1.632500000000000000e+02,3.447777777777776578e+02
2.711999999999999744e+00,1.637500000000000000e+02,3.529999999999998295e+02
2.711999999999999744e+00,1.642500000000000000e+02,3.601111111111110290e+02
2.711999999999999744e+00,1.647500000000000000e+02,3.622222222222221717e+02
2.711999999999999744e+00,1.652500000000000000e+02,3.674444444444444002e+02
2.711999999999999744e+00,1.657500000000000000e+02,3.758888888888888573e+02
2.711999999999999744e+00,1.662500000000000000e+02,3.777777777777776578e+02
2.711999999999999744e+00,1.667500000000000000e+02,3.801111111111110290e+02
2.711999999999999744e+00,1.672500000000000000e+02,3.809999999999999432e+02
2.711999999999999744e+00,1.677500000000000000e+02,3.864444444444443434e+02
2.711999999999999744e+00,1.682500000000000000e+02,3.868888888888887436e+02
2.711999999999999744e+00,1.687500000000000000e+02,3.842222222222221149e+02
2.711999999999999744e+00,1.692500000000000000e+02,3.721111111111110290e+02
2.711999999999999744e+00,1.697500000000000000e+02,3.627777777777776578e+02
2.711999999999999744e+00,1.702500000000000000e+02,3.574444444444443434e+02
2.711999999999999744e+00,1.707500000000000000e+02,3.539999999999999432e+02
2.711999999999999744e+00,1.712500000000000000e+02,3.459999999999999432e+02
2.711999999999999744e+00,1.717500000000000000e+02,3.291111111111110290e+02
2.711999999999999744e+00,1.722500000000000000e+02,3.178888888888887436e+02
2.711999999999999744e+00,1.727500000000000000e+02,3.075555555555554292e+02
2.711999999999999744e+00,1.732500000000000000e+02,3.003333333333332007e+02
2.711999999999999744e+00,1.737500000000000000e+02,2.842222222222221149e+02
2.711999999999999744e+00,1.742500000000000000e+02,2.652222222222221149e+02
2.711999999999999744e+00,1.747500000000000000e+02,2.429999999999998863e+02
2.711999999999999744e+00,1.752500000000000000e+02,2.202222222222220864e+02
2.711999999999999744e+00,1.757500000000000000e+02,1.991111111111109722e+02
2.711999999999999744e+00,1.762500000000000000e+02,1.836666666666665151e+02
2.711999999999999744e+00,1.767500000000000000e+02,1.641111111111109722e+02
2.711999999999999744e+00,1.772500000000000000e+02,1.385555555555554008e+02
2.711999999999999744e+00,1.777500000000000000e+02,1.104444444444443008e+02
2.711999999999999744e+00,1.782500000000000000e+02,8.822222222222207222e+01
2.711999999999999744e+00,1.787500000000000000e+02,6.577777777777764356e+01
2.711999999999999744e+00,1.792500000000000000e+02,4.055555555555541503e+01
2.711999999999999744e+00,1.797500000000000000e+02,2.122222222222208288e+01
2.727999999999999758e+00,1.302500000000000000e+02,5.555555555555556246e+00
2.727999999999999758e+00,1.307500000000000000e+02,5.777777777777778567e+00
2.727999999999999758e+00,1.312500000000000000e+02,6.666666666666666963e+00
2.727999999999999758e+00,1.317500000000000000e+02,5.888888888888889284e+00
2.727999999999999758e+00,1.322500000000000000e+02,6.666666666666666963e+00
2.727999999999999758e+00,1.327500000000000000e+02,7.222222222222222321e+00
2.727999999999999758e+00,1.332500000000000000e+02,8.222222222222223209e+00
2.727999999999999758e+00,1.337500000000000000e+02,8.777777777777778567e+00
2.727999999999999758e+00,1.342500000000000000e+02,8.111111111111112493e+00
2.727999999999999758e+00,1.347500000000000000e+02,8.666666666666666075e+00
2.727999999999999758e+00,1.352500000000000000e+02,9.222222222222221433e+00
2.727999999999999758e+00,1.357500000000000000e+02,1.100000000000000000e+01
2.727999999999999758e+00,1.362500000000000000e+02,1.100000000000000000e+01
2.727999999999999758e+00,1.367500000000000000e+02,1.400000000000000000e+01
2.727999999999999758e+00,1.372500000000000000e+02,1.511111111111110894e+01
2.727999999999999758e+00,1.377500000000000000e+02,1.711111111111111072e+01
2.727999999999999758e+00,1.382500000000000000e+02,1.777777777777777501e+01
2.727999999999999758e+00,1.387500000000000000e+02,1.911111111111111072e+01
2.727999999999999758e+00,1.392500000000000000e+02,2.255555555555555358e+01
2.727999999999999758e+00,1.397500000000000000e+02,2.288888888888888573e+01
2.727999999999999758e+00,1.402500000000000000e+02,2.566666666666666075e+01
2.727999999999999758e+00,1.407500000000000000e+02,2.788888888888888573e+01
2.727999999999999758e+00,1.412500000000000000e+02,3.066666666666666075e+01
2.727999999999999758e+00,1.417500000000000000e+02,3.299999999999999289e+01
2.727999999999999758e+00,1.422500000000000000e+02,3.422222222222222143e+01
2.727999999999999758e+00,1.427500000000000000e+02,3.811111111111110716e+01
2.727999999999999758e+00,1.432500000000000000e+02,4.144444444444444287e+01
2.727999999999999758e+00,1.437500000000000000e+02,4.533333333333333570e+01
2.727999999999999758e+00,1.442500000000000000e+02,4.655555555555555003e+01
2.727999999999999758e+00,1.447500000000000000e+02,4.688888888888888573e+01
2.727999999999999758e+00,1.452500000000000000e+02,5.055555555555555003e+01
2.727999999999999758e+00,1.457500000000000000e+02,5.722222222222222143e+01
2.727999999999999758e+00,1.462500000000000000e+02,6.477777777777777146e+01
2.727999999999999758e+00,1.467500000000000000e+02,6.555555555555555713e+01
2.727999999999999758e+00,1.472500000000000000e+02,7.166666666666667140e+01
2.727999999999999758e+00,1.477500000000000000e+02,7.900000000000000000e+01
2.727999999999999758e+00,1.482500000000000000e+02,8.666666666666667140e+01
2.727999999999999758e+00,1.487500000000000000e+02,8.655555555555555713e+01
2.727999999999999758e+00,1.492500000000000000e+02,9.288888888888889994e+01
2.727999999999999758e+00,1.497500000000000000e+02,1.051111111111111285e+02
2.727999999999999758e+00,1.502500000000000000e+02,1.162222222222222285e+02
2.727999999999999758e+00,1.507500000000000000e+02,1.183333333333333286e+02
2.727999999999999758e+00,1.512500000000000000e+02,1.230000000000000000e+02
2.727999999999999758e+00,1.517500000000000000e+02,1.341111111111111143e+02
2.727999999999999758e+00,1.522500000000000000e+02,1.490000000000000000e+02
2.727999999999999758e+00,1.527500000000000000e+02,1.576666666666666572e+02
2.727999999999999758e+00,1.532500000000000000e+02,1.624444444444444287e+02
2.727999999999999758e+00,1.537500000000000000e+02,1.608888888888888857e+02
2.727999999999999758e+00,1.542500000000000000e+02,1.673333333333333428e+02
2.727999999999999758e+00,1.547500000000000000e+02,1.792222222222222570e+02
2.727999999999999758e+00,1.552500000000000000e+02,1.974444444444444571e+02
2.727999999999999758e+00,1.557500000000000000e+02,2.112222222222222570e+02
2.727999999999999758e+00,1.562500000000000000e+02,2.186666666666666572e+02
2.727999999999999758e+00,1.567500000000000000e+02,2.263333333333333428e+02
2.727999999999999758e+00,1.572500000000000000e+02,2.418888888888888857e+02
2.727999999999999758e+00,1.577500000000000000e+02,2.570000000000000000e+02
2.727999999999999758e+00,1.582500000000000000e+02,2.700000000000000000e+02
2.727999999999999758e+00,1.587500000000000000e+02,2.720000000000000000e+02
2.727999999999999758e+00,1.592500000000000000e+02,2.756666666666666856e+02
2.727999999999999758e+00,1.597500000000000000e+02,2.828888888888888573e+02
2.727999999999999758e+00,1.602500000000000000e+02,2.983333333333333144e+02
2.727999999999999758e+00,1.607500000000000000e+02,3.094444444444444002e+02
2.727999999999999758e+00,1.612500000000000000e+02,3.263333333333333144e+02
2.727999999999999758e+00,1.617500000000000000e+02,3.324444444444444002e+02
2.727999999999999758e+00,1.622500000000000000e+02,3.457777777777777715e+02
2.727999999999999758e+00,1.627500000000000000e+02,3.471111111111110858e+02
2.727999999999999758e+00,1.632500000000000000e+02,3.595555555555554861e+02
2.727999999999999758e+00,1.637500000000000000e+02,3.668888888888888573e+02
2.727999999999999758e+00,1.642500000000000000e+02,3.768888888888888573e+02
2.727999999999999758e+00,1.647500000000000000e+02,3.882222222222221717e+02
2.727999999999999758e+00,1.652500000000000000e+02,3.931111111111110858e+02
2.727999999999999758e+00,1.657500000000000000e+02,4.015555555555554861e+02
2.727999999999999758e+00,1.662500000000000000e+02,3.914444444444444002e+02
2.727999999999999758e+00,1.667500000000000000e+02,3.934444444444444002e+02
2.727999999999999758e+00,1.672500000000000000e+02,3.897777777777777715e+02
2.727999999999999758e+00,1.677500000000000000e+02,4.015555555555554861e+02
2.727999999999999758e+00,1.682500000000000000e+02,3.959999999999999432e+02
2.727999999999999758e+00,1.687500000000000000e+02,3.935555555555554861e+02
2.727999999999999758e+00,1.692500000000000000e+02,3.805555555555554861e+02
2.727999999999999758e+00,1.697500000000000000e+02,3.801111111111110858e+02
2.727999999999999758e+00,1.702500000000000000e+02,3.793333333333333144e+02
2.727999999999999758e+00,1.707500000000000000e+02,3.751111111111111427e+02
2.727999999999999758e+00,1.712500000000000000e+02,3.640000000000000568e+02
2.727999999999999758e+00,1.717500000000000000e+02,3.387777777777778283e+02
2.727999999999999758e+00,1.722500000000000000e+02,3.226666666666666856e+02
2.727999999999999758e+00,1.727500000000000000e+02,3.134444444444445139e+02
2.727999999999999758e+00,1.732500000000000000e+02,3.091111111111111427e+02
2.727999999999999758e+00,1.737500000000000000e+02,2.934444444444445139e+02
2.727999999999999758e+00,1.742500000000000000e+02,2.803333333333334281e+02
2.727999999999999758e+00,1.747500000000000000e+02,2.538888888888889426e+02
2.727999999999999758e+00,1.752500000000000000e+02,2.333333333333333997e+02
2.727999999999999758e+00,1.757500000000000000e+02,2.020000000000000853e+02
2.727999999999999758e+00,1.762500000000000000e+02,1.886666666666667425e+02
2.727999999999999758e+00,1.767500000000000000e+02,1.670000000000000853e+02
2.727999999999999758e+00,1.772500000000000000e+02,1.422222222222223138e+02
2.727999999999999758e+00,1.777500000000000000e+02,1.143333333333334139e+02
2.727999999999999758e+00,1.782500000000000000e+02,9.022222222222229959e+01
2.727999999999999758e+00,1.787500000000000000e+02,6.755555555555564240e+01
2.727999999999999758e+00,1.792500000000000000e+02,4.055555555555563529e+01
2.727999999999999758e+00,1.797500000000000000e+02,2.111111111111119598e+01
2.743999999999999773e+00,1.302500000000000000e+02,5.111111111111110716e+00
2.743999999999999773e+00,1.307500000000000000e+02,6.000000000000000000e+00
2.743999999999999773e+00,1.312500000000000000e+02,6.888888888888889284e+00
2.743999999999999773e+00,1.317500000000000000e+02,7.000000000000000000e+00
2.743999999999999773e+00,1.322500000000000000e+02,7.111111111111110716e+00
2.743999999999999773e+00,1.327500000000000000e+02,7.888888888888888395e+00
2.743999999999999773e+00,1.332500000000000000e+02,8.222222222222221433e+00
2.743999999999999773e+00,1.337500000000000000e+02,9.444444444444442865e+00
2.743999999999999773e+00,1.342500000000000000e+02,9.333333333333330373e+00
2.743999999999999773e+00,1.347500000000000000e+02,1.066666666666666430e+01
2.743999999999999773e+00,1.352500000000000000e+02,1.011111111111110894e+01
2.743999999999999773e+00,1.357500000000000000e+02,1.155555555555555536e+01
2.743999999999999773e+00,1.362500000000000000e+02,1.155555555555555536e+01
2.743999999999999773e+00,1.367500000000000000e+02,1.455555555555555536e+01
2.743999999999999773e+00,1.372500000000000000e+02,1.544444444444444287e+01
2.743999999999999773e+00,1.377500000000000000e+02,1.777777777777777501e+01
2.743999999999999773e+00,1.382500000000000000e+02,1.877777777777777501e+01
2.743999999999999773e+00,1.387500000000000000e+02,2.011111111111111072e+01
2.743999999999999773e+00,1.392500000000000000e+02,2.366666666666666785e+01
2.743999999999999773e+00,1.397500000000000000e+02,2.500000000000000000e+01
2.743999999999999773e+00,1.402500000000000000e+02,2.788888888888888573e+01
2.743999999999999773e+00,1.407500000000000000e+02,2.944444444444444287e+01
2.743999999999999773e+00,1.412500000000000000e+02,3.366666666666666430e+01
2.743999999999999773e+00,1.417500000000000000e+02,3.844444444444444287e+01
2.743999999999999773e+00,1.422500000000000000e+02,4.100000000000000000e+01
2.743999999999999773e+00,1.427500000000000000e+02,4.422222222222222854e+01
2.743999999999999773e+00,1.432500000000000000e+02,4.477777777777779278e+01
2.743999999999999773e+00,1.437500000000000000e+02,4.744444444444445708e+01
2.743999999999999773e+00,1.442500000000000000e+02,4.800000000000000711e+01
2.743999999999999773e+00,1.447500000000000000e+02,4.900000000000000711e+01
2.743999999999999773e+00,1.452500000000000000e+02,5.300000000000000711e+01
2.743999999999999773e+00,1.457500000000000000e+02,5.844444444444445708e+01
2.743999999999999773e+00,1.462500000000000000e+02,6.733333333333334281e+01
2.743999999999999773e+00,1.467500000000000000e+02,7.133333333333334281e+01
2.743999999999999773e+00,1.472500000000000000e+02,8.000000000000001421e+01
2.743999999999999773e+00,1.477500000000000000e+02,8.755555555555555713e+01
2.743999999999999773e+00,1.482500000000000000e+02,9.500000000000000000e+01
2.743999999999999773e+00,1.487500000000000000e+02,9.422222222222222854e+01
2.743999999999999773e+00,1.492500000000000000e+02,1.010000000000000000e+02
2.743999999999999773e+00,1.497500000000000000e+02,1.107777777777777715e+02
2.743999999999999773e+00,1.502500000000000000e+02,1.224444444444444429e+02
2.743999999999999773e+00,1.507500000000000000e+02,1.262222222222222143e+02
2.743999999999999773e+00,1.512500000000000000e+02,1.322222222222222001e+02
2.743999999999999773e+00,1.517500000000000000e+02,1.422222222222222001e+02
2.743999999999999773e+00,1.522500000000000000e+02,1.548888888888888857e+02
2.743999999999999773e+00,1.527500000000000000e+02,1.663333333333333144e+02
2.743999999999999773e+00,1.532500000000000000e+02,1.717777777777777430e+02
2.743999999999999773e+00,1.537500000000000000e+02,1.738888888888888289e+02
2.743999999999999773e+00,1.542500000000000000e+02,1.757777777777777430e+02
2.743999999999999773e+00,1.547500000000000000e+02,1.906666666666666288e+02
2.743999999999999773e+00,1.552500000000000000e+02,2.071111111111110858e+02
2.743999999999999773e+00,1.557500000000000000e+02,2.263333333333332860e+02
2.743999999999999773e+00,1.562500000000000000e+02,2.335555555555555145e+02
2.743999999999999773e+00,1.567500000000000000e+02,2.423333333333332860e+02
2.743999999999999773e+00,1.572500000000000000e+02,2.548888888888888289e+02
2.743999999999999773e+00,1.577500000000000000e+02,2.699999999999999432e+02
2.743999999999999773e+00,1.582500000000000000e+02,2.793333333333333144e+02
2.743999999999999773e+00,1.587500000000000000e+02,2.822222222222221717e+02
2.743999999999999773e+00,1.592500000000000000e+02,2.835555555555554861e+02
2.743999999999999773e+00,1.597500000000000000e+02,2.972222222222221717e+02
2.743999999999999773e+00,1.602500000000000000e+02,3.132222222222221717e+02
2.743999999999999773e+00,1.607500000000000000e+02,3.286666666666665719e+02
2.743999999999999773e+00,1.612500000000000000e+02,3.393333333333332575e+02
2.743999999999999773e+00,1.617500000000000000e+02,3.422222222222221717e+02
2.743999999999999773e+00,1.622500000000000000e+02,3.504444444444444002e+02
2.743999999999999773e+00,1.627500000000000000e+02,3.511111111111110858e+02
2.743999999999999773e+00,1.632500000000000000e+02,3.601111111111110858e+02
2.743999999999999773e+00,1.637500000000000000e+02,3.728888888888888573e+02
2.743999999999999773e+00,1.642500000000000000e+02,3.843333333333333144e+02
2.743999999999999773e+00,1.647500000000000000e+02,4.018888888888889142e+02
2.743999999999999773e+00,1.652500000000000000e+02,4.020000000000000000e+02
2.743999999999999773e+00,1.657500000000000000e+02,4.146666666666666856e+02
2.743999999999999773e+00,1.662500000000000000e+02,4.061111111111110858e+02
2.743999999999999773e+00,1.667500000000000000e+02,4.112222222222221717e+02
2.743999999999999773e+00,1.672500000000000000e+02,4.019999999999999432e+02
2.743999999999999773e+00,1.677500000000000000e+02,4.104444444444443434e+02
2.743999999999999773e+00,1.682500000000000000e+02,3.966666666666665719e+02
2.743999999999999773e+00,1.687500000000000000e+02,3.962222222222221717e+02
2.743999999999999773e+00,1.692500000000000000e+02,3.853333333333333144e+02
2.743999999999999773e+00,1.697500000000000000e+02,3.870000000000000000e+02
2.743999999999999773e+00,1.702500000000000000e+02,3.826666666666666856e+02
2.743999999999999773e+00,1.707500000000000000e+02,3.752222222222221717e+02
2.743999999999999773e+00,1.712500000000000000e+02,3.656666666666665719e+02
2.743999999999999773e+00,1.717500000000000000e+02,3.477777777777776578e+02
2.743999999999999773e+00,1.722500000000000000e+02,3.415555555555554861e+02
2.743999999999999773e+00,1.727500000000000000e+02,3.332222222222221717e+02
2.743999999999999773e+00,1.732500000000000000e+02,3.255555555555554861e+02
2.743999999999999773e+00,1.737500000000000000e+02,2.986666666666665719e+02
2.743999999999999773e+00,1.742500000000000000e+02,2.814444444444443434e+02
2.743999999999999773e+00,1.747500000000000000e+02,2.551111111111110006e+02
2.743999999999999773e+00,1.752500000000000000e+02,2.393333333333332291e+02
2.743999999999999773e+00,1.757500000000000000e+02,2.097777777777776862e+02
2.743999999999999773e+00,1.762500000000000000e+02,1.906666666666665435e+02
2.743999999999999773e+00,1.767500000000000000e+02,1.654444444444443434e+02
2.743999999999999773e+00,1.772500000000000000e+02,1.422222222222221433e+02
2.743999999999999773e+00,1.777500000000000000e+02,1.156666666666665861e+02
2.743999999999999773e+00,1.782500000000000000e+02,9.144444444444435760e+01
2.743999999999999773e+00,1.787500000000000000e+02,6.799999999999991473e+01
2.743999999999999773e+00,1.792500000000000000e+02,4.266666666666657903e+01
2.743999999999999773e+00,1.797500000000000000e+02,2.322222222222213972e+01
2.759999999999999787e+00,1.302500000000000000e+02,5.444444444444443754e+00
2.759999999999999787e+00,1.307500000000000000e+02,6.111111111111110716e+00
2.759999999999999787e+00,1.312500000000000000e+02,6.555555555555554470e+00
2.759999999999999787e+00,1.317500000000000000e+02,7.333333333333333037e+00
2.759999999999999787e+00,1.322500000000000000e+02,7.222222222222222321e+00
2.759999999999999787e+00,1.327500000000000000e+02,7.666666666666666963e+00
2.759999999999999787e+00,1.332500000000000000e+02,8.111111111111110716e+00
2.759999999999999787e+00,1.337500000000000000e+02,1.000000000000000000e+01
2.759999999999999787e+00,1.342500000000000000e+02,1.111111111111111249e+01
2.759999999999999787e+00,1.347500000000000000e+02,1.200000000000000000e+01
2.759999999999999787e+00,1.352500000000000000e+02,1.166666666666666607e+01
2.759999999999999787e+00,1.357500000000000000e+02,1.322222222222222321e+01
2.759999999999999787e+00,1.362500000000000000e+02,1.455555555555555713e+01
2.759999999999999787e+00,1.367500000000000000e+02,1.600000000000000355e+01
2.759999999999999787e+00,1.372500000000000000e+02,1.811111111111111427e+01
2.759999999999999787e+00,1.377500000000000000e+02,2.111111111111111427e+01
2.759999999999999787e+00,1.382500000000000000e+02,2.355555555555555713e+01
2.759999999999999787e+00,1.387500000000000000e+02,2.333333333333333215e+01
2.759999999999999787e+00,1.392500000000000000e+02,2.488888888888888573e+01
2.759999999999999787e+00,1.397500000000000000e+02,2.566666666666666075e+01
2.759999999999999787e+00,1.402500000000000000e+02,2.944444444444443931e+01
2.759999999999999787e+00,1.407500000000000000e+02,3.088888888888888218e+01
2.759999999999999787e+00,1.412500000000000000e+02,3.577777777777777146e+01
2.759999999999999787e+00,1.417500000000000000e+02,4.155555555555555003e+01
2.759999999999999787e+00,1.422500000000000000e+02,4.577777777777777146e+01
2.759999999999999787e+00,1.427500000000000000e+02,4.744444444444443576e+01
2.759999999999999787e+00,1.432500000000000000e+02,4.711111111111110716e+01
2.759999999999999787e+00,1.437500000000000000e+02,4.933333333333332149e+01
2.759999999999999787e+00,1.442500000000000000e+02,5.177777777777777146e+01
2.759999999999999787e+00,1.447500000000000000e+02,5.455555555555555003e+01
2.759999999999999787e+00,1.452500000000000000e+02,6.100000000000000000e+01
2.759999999999999787e+00,1.457500000000000000e+02,6.622222222222221433e+01
2.759999999999999787e+00,1.462500000000000000e+02,7.200000000000000000e+01
2.759999999999999787e+00,1.467500000000000000e+02,7.533333333333332860e+01
2.759999999999999787e+00,1.472500000000000000e+02,8.211111111111110006e+01
2.759999999999999787e+00,1.477500000000000000e+02,9.066666666666667140e+01
2.759999999999999787e+00,1.482500000000000000e+02,9.711111111111112848e+01
2.759999999999999787e+00,1.487500000000000000e+02,9.844444444444445708e+01
2.759999999999999787e+00,1.492500000000000000e+02,1.058888888888889142e+02
2.759999999999999787e+00,1.497500000000000000e+02,1.133333333333333570e+02
2.759999999999999787e+00,1.502500000000000000e+02,1.248888888888889142e+02
2.759999999999999787e+00,1.507500000000000000e+02,1.272222222222222427e+02
2.759999999999999787e+00,1.512500000000000000e+02,1.362222222222222570e+02
2.759999999999999787e+00,1.517500000000000000e+02,1.457777777777777999e+02
2.759999999999999787e+00,1.522500000000000000e+02,1.572222222222222570e+02
2.759999999999999787e+00,1.527500000000000000e+02,1.673333333333333712e+02
2.759999999999999787e+00,1.532500000000000000e+02,1.743333333333333712e+02
2.759999999999999787e+00,1.537500000000000000e+02,1.766666666666667140e+02
2.759999999999999787e+00,1.542500000000000000e+02,1.797777777777778283e+02
2.759999999999999787e+00,1.547500000000000000e+02,1.910000000000000853e+02
2.759999999999999787e+00,1.552500000000000000e+02,2.114444444444445423e+02
2.759999999999999787e+00,1.557500000000000000e+02,2.288888888888889994e+02
2.759999999999999787e+00,1.562500000000000000e+02,2.423333333333333997e+02
2.759999999999999787e+00,1.567500000000000000e+02,2.514444444444445423e+02
2.759999999999999787e+00,1.572500000000000000e+02,2.645555555555556566e+02
2.759999999999999787e+00,1.577500000000000000e+02,2.751111111111111995e+02
2.759999999999999787e+00,1.582500000000000000e+02,2.806666666666667425e+02
2.759999999999999787e+00,1.587500000000000000e+02,2.840000000000000568e+02
2.759999999999999787e+00,1.592500000000000000e+02,2.923333333333334281e+02
2.759999999999999787e+00,1.597500000000000000e+02,3.078888888888889710e+02
2.759999999999999787e+00,1.602500000000000000e+02,3.234444444444445708e+02
2.759999999999999787e+00,1.607500000000000000e+02,3.304444444444445708e+02
2.759999999999999787e+00,1.612500000000000000e+02,3.422222222222223422e+02
2.759999999999999787e+00,1.617500000000000000e+02,3.448888888888889710e+02
2.759999999999999787e+00,1.622500000000000000e+02,3.597777777777778851e+02
2.759999999999999787e+00,1.627500000000000000e+02,3.594444444444445708e+02
2.759999999999999787e+00,1.632500000000000000e+02,3.657777777777778851e+02
2.759999999999999787e+00,1.637500000000000000e+02,3.757777777777778851e+02
2.759999999999999787e+00,1.642500000000000000e+02,3.876666666666667993e+02
2.759999999999999787e+00,1.647500000000000000e+02,4.073333333333334849e+02
2.759999999999999787e+00,1.652500000000000000e+02,4.087777777777778851e+02
2.759999999999999787e+00,1.657500000000000000e+02,4.114444444444445708e+02
2.759999999999999787e+00,1.662500000000000000e+02,4.065555555555556566e+02
2.759999999999999787e+00,1.667500000000000000e+02,4.077777777777778851e+02
2.759999999999999787e+00,1.672500000000000000e+02,4.097777777777778851e+02
2.759999999999999787e+00,1.677500000000000000e+02,4.181111111111112564e+02
2.759999999999999787e+00,1.682500000000000000e+02,4.055555555555556566e+02
2.759999999999999787e+00,1.687500000000000000e+02,4.044444444444445708e+02
2.759999999999999787e+00,1.692500000000000000e+02,3.884444444444445708e+02
2.759999999999999787e+00,1.697500000000000000e+02,3.863333333333334849e+02
2.759999999999999787e+00,1.702500000000000000e+02,3.772222222222223422e+02
2.759999999999999787e+00,1.707500000000000000e+02,3.715555555555556566e+02
2.759999999999999787e+00,1.712500000000000000e+02,3.615555555555556566e+02
2.759999999999999787e+00,1.717500000000000000e+02,3.498888888888889710e+02
2.759999999999999787e+00,1.722500000000000000e+02,3.386666666666667993e+02
2.759999999999999787e+00,1.727500000000000000e+02,3.288888888888889710e+02
2.759999999999999787e+00,1.732500000000000000e+02,3.121111111111112564e+02
2.759999999999999787e+00,1.737500000000000000e+02,2.928888888888889710e+02
2.759999999999999787e+00,1.742500000000000000e+02,2.778888888888889710e+02
2.759999999999999787e+00,1.747500000000000000e+02,2.572222222222223422e+02
2.759999999999999787e+00,1.752500000000000000e+02,2.374444444444445423e+02
2.759999999999999787e+00,1.757500000000000000e+02,2.137777777777778567e+02
2.759999999999999787e+00,1.762500000000000000e+02,1.927777777777778567e+02
2.759999999999999787e+00,1.767500000000000000e+02,1.677777777777778567e+02
2.759999999999999787e+00,1.772500000000000000e+02,1.410000000000000853e+02
2.759999999999999787e+00,1.777500000000000000e+02,1.157777777777778709e+02
2.759999999999999787e+00,1.782500000000000000e+02,9.211111111111119953e+01
2.759999999999999787e+00,1.787500000000000000e+02,6.822222222222231380e+01
2.759999999999999787e+00,1.792500000000000000e+02,4.166666666666676377e+01
2.759999999999999787e+00,1.797500000000000000e+02,2.133333333333342807e+01
2.775999999999999801e+00,1.302500000000000000e+02,5.222222222222222321e+00
2.775999999999999801e+00,1.307500000000000000e+02,5.222222222222222321e+00
2.775999999999999801e+00,1.312500000000000000e+02,5.888888888888889284e+00
2.775999999999999801e+00,1.317500000000000000e+02,7.666666666666666963e+00
2.775999999999999801e+00,1.322500000000000000e+02,8.444444444444444642e+00
2.775999999999999801e+00,1.327500000000000000e+02,9.333333333333333925e+00
2.775999999999999801e+00,1.332500000000000000e+02,9.444444444444444642e+00
2.775999999999999801e+00,1.337500000000000000e+02,1.022222222222222143e+01
2.775999999999999801e+00,1.342500000000000000e+02,1.077777777777777679e+01
2.775999999999999801e+00,1.347500000000000000e+02,1.144444444444444287e+01
2.775999999999999801e+00,1.352500000000000000e+02,1.211111111111110894e+01
2.775999999999999801e+00,1.357500000000000000e+02,1.433333333333333037e+01
2.775999999999999801e+00,1.362500000000000000e+02,1.611111111111111072e+01
2.775999999999999801e+00,1.367500000000000000e+02,1.722222222222221788e+01
2.775999999999999801e+00,1.372500000000000000e+02,1.899999999999999645e+01
2.775999999999999801e+00,1.377500000000000000e+02,2.144444444444444287e+01
2.775999999999999801e+00,1.382500000000000000e+02,2.355555555555555358e+01
2.775999999999999801e+00,1.387500000000000000e+02,2.455555555555555358e+01
2.775999999999999801e+00,1.392500000000000000e+02,2.677777777777777501e+01
2.775999999999999801e+00,1.397500000000000000e+02,2.844444444444444287e+01
2.775999999999999801e+00,1.402500000000000000e+02,3.088888888888888573e+01
2.775999999999999801e+00,1.407500000000000000e+02,3.222222222222222143e+01
2.775999999999999801e+00,1.412500000000000000e+02,3.911111111111110716e+01
2.775999999999999801e+00,1.417500000000000000e+02,4.333333333333333570e+01
2.775999999999999801e+00,1.422500000000000000e+02,4.688888888888888573e+01
2.775999999999999801e+00,1.427500000000000000e+02,4.533333333333333570e+01
2.775999999999999801e+00,1.432500000000000000e+02,4.677777777777777857e+01
2.775999999999999801e+00,1.437500000000000000e+02,4.922222222222222854e+01
2.775999999999999801e+00,1.442500000000000000e+02,5.422222222222222854e+01
2.775999999999999801e+00,1.447500000000000000e+02,5.944444444444445708e+01
2.775999999999999801e+00,1.452500000000000000e+02,6.555555555555555713e+01
2.775999999999999801e+00,1.457500000000000000e+02,6.711111111111112848e+01
2.775999999999999801e+00,1.462500000000000000e+02,7.011111111111112848e+01
2.775999999999999801e+00,1.467500000000000000e+02,7.488888888888889994e+01
2.775999999999999801e+00,1.472500000000000000e+02,8.344444444444445708e+01
2.775999999999999801e+00,1.477500000000000000e+02,8.966666666666667140e+01
2.775999999999999801e+00,1.482500000000000000e+02,9.877777777777777146e+01
2.775999999999999801e+00,1.487500000000000000e+02,1.025555555555555429e+02
2.775999999999999801e+00,1.492500000000000000e+02,1.122222222222222143e+02
2.775999999999999801e+00,1.497500000000000000e+02,1.184444444444444144e+02
2.775999999999999801e+00,1.502500000000000000e+02,1.308888888888888573e+02
2.775999999999999801e+00,1.507500000000000000e+02,1.325555555555555145e+02
2.775999999999999801e+00,1.512500000000000000e+02,1.382222222222222001e+02
2.775999999999999801e+00,1.517500000000000000e+02,1.453333333333332860e+02
2.775999999999999801e+00,1.522500000000000000e+02,1.548888888888888289e+02
2.775999999999999801e+00,1.527500000000000000e+02,1.644444444444444002e+02
2.775999999999999801e+00,1.532500000000000000e+02,1.703333333333332860e+02
2.775999999999999801e+00,1.537500000000000000e+02,1.784444444444444287e+02
2.775999999999999801e+00,1.542500000000000000e+02,1.857777777777777430e+02
2.775999999999999801e+00,1.547500000000000000e+02,1.998888888888888857e+02
2.775999999999999801e+00,1.552500000000000000e+02,2.176666666666666572e+02
2.775999999999999801e+00,1.557500000000000000e+02,2.320000000000000000e+02
2.775999999999999801e+00,1.562500000000000000e+02,2.430000000000000000e+02
2.775999999999999801e+00,1.567500000000000000e+02,2.545555555555555429e+02
2.775999999999999801e+00,1.572500000000000000e+02,2.655555555555555429e+02
2.775999999999999801e+00,1.577500000000000000e+02,2.781111111111110858e+02
2.775999999999999801e+00,1.582500000000000000e+02,2.813333333333333144e+02
2.775999999999999801e+00,1.587500000000000000e+02,2.907777777777777715e+02
2.775999999999999801e+00,1.592500000000000000e+02,2.952222222222222285e+02
2.775999999999999801e+00,1.597500000000000000e+02,3.135555555555555998e+02
2.775999999999999801e+00,1.602500000000000000e+02,3.223333333333333144e+02
2.775999999999999801e+00,1.607500000000000000e+02,3.325555555555555998e+02
2.775999999999999801e+00,1.612500000000000000e+02,3.411111111111111427e+02
2.775999999999999801e+00,1.617500000000000000e+02,3.447777777777778283e+02
2.775999999999999801e+00,1.622500000000000000e+02,3.615555555555555998e+02
2.775999999999999801e+00,1.627500000000000000e+02,3.558888888888889142e+02
2.775999999999999801e+00,1.632500000000000000e+02,3.670000000000000000e+02
2.775999999999999801e+00,1.637500000000000000e+02,3.725555555555555998e+02
2.775999999999999801e+00,1.642500000000000000e+02,3.903333333333333144e+02
2.775999999999999801e+00,1.647500000000000000e+02,3.983333333333333144e+02
2.775999999999999801e+00,1.652500000000000000e+02,4.071111111111110858e+02
2.775999999999999801e+00,1.657500000000000000e+02,4.078888888888888573e+02
2.775999999999999801e+00,1.662500000000000000e+02,4.153333333333333144e+02
2.775999999999999801e+00,1.667500000000000000e+02,4.102222222222222285e+02
2.775999999999999801e+00,1.672500000000000000e+02,4.137777777777778283e+02
2.775999999999999801e+00,1.677500000000000000e+02,4.105555555555555998e+02
2.775999999999999801e+00,1.682500000000000000e+02,4.021111111111111427e+02
2.775999999999999801e+00,1.687500000000000000e+02,3.986666666666667425e+02
2.775999999999999801e+00,1.692500000000000000e+02,3.896666666666667425e+02
2.775999999999999801e+00,1.697500000000000000e+02,3.838888888888889710e+02
2.775999999999999801e+00,1.702500000000000000e+02,3.707777777777778283e+02
2.775999999999999801e+00,1.707500000000000000e+02,3.653333333333334281e+02
2.775999999999999801e+00,1.712500000000000000e+02,3.572222222222223422e+02
2.775999999999999801e+00,1.717500000000000000e+02,3.555555555555556566e+02
2.775999999999999801e+00,1.722500000000000000e+02,3.448888888888889710e+02
2.775999999999999801e+00,1.727500000000000000e+02,3.330000000000000568e+02
2.775999999999999801e+00,1.732500000000000000e+02,3.132222222222223422e+02
2.775999999999999801e+00,1.737500000000000000e+02,2.948888888888889710e+02
2.775999999999999801e+00,1.742500000000000000e+02,2.746666666666667993e+02
2.775999999999999801e+00,1.747500000000000000e+02,2.530000000000001137e+02
2.775999999999999801e+00,1.752500000000000000e+02,2.283333333333334565e+02
2.775999999999999801e+00,1.757500000000000000e+02,2.091111111111112280e+02
2.775999999999999801e+00,1.762500000000000000e+02,1.848888888888890278e+02
2.775999999999999801e+00,1.767500000000000000e+02,1.633333333333334849e+02
2.775999999999999801e+00,1.772500000000000000e+02,1.387777777777779420e+02
2.775999999999999801e+00,1.777500000000000000e+02,1.142222222222223849e+02
2.775999999999999801e+00,1.782500000000000000e+02,9.133333333333348492e+01
2.775999999999999801e+00,1.787500000000000000e+02,6.533333333333348492e+01
2.775999999999999801e+00,1.792500000000000000e+02,4.166666666666682062e+01
2.775999999999999801e+00,1.797500000000000000e+02,2.211111111111126704e+01
2.791999999999999815e+00,1.302500000000000000e+02,5.888888888888889284e+00
2.791999999999999815e+00,1.307500000000000000e+02,5.555555555555556246e+00
2.791999999999999815e+00,1.312500000000000000e+02,6.444444444444445530e+00
2.791999999999999815e+00,1.317500000000000000e+02,8.111111111111112493e+00
2.791999999999999815e+00,1.322500000000000000e+02,9.222222222222223209e+00
2.791999999999999815e+00,1.327500000000000000e+02,1.055555555555555713e+01
2.791999999999999815e+00,1.332500000000000000e+02,1.077777777777778034e+01
2.791999999999999815e+00,1.337500000000000000e+02,1.100000000000000178e+01
2.791999999999999815e+00,1.342500000000000000e+02,1.111111111111111427e+01
2.791999999999999815e+00,1.347500000000000000e+02,1.155555555555555713e+01
2.791999999999999815e+00,1.352500000000000000e+02,1.277777777777777857e+01
2.791999999999999815e+00,1.357500000000000000e+02,1.522222222222222321e+01
2.791999999999999815e+00,1.362500000000000000e+02,1.766666666666666785e+01
2.791999999999999815e+00,1.367500000000000000e+02,1.911111111111111427e+01
2.791999999999999815e+00,1.372500000000000000e+02,2.044444444444444642e+01
2.791999999999999815e+00,1.377500000000000000e+02,2.288888888888888928e+01
2.791999999999999815e+00,1.382500000000000000e+02,2.611111111111111427e+01
2.791999999999999815e+00,1.387500000000000000e+02,2.744444444444444642e+01
2.791999999999999815e+00,1.392500000000000000e+02,2.855555555555556069e+01
2.791999999999999815e+00,1.397500000000000000e+02,2.900000000000000355e+01
2.791999999999999815e+00,1.402500000000000000e+02,3.133333333333333925e+01
2.791999999999999815e+00,1.407500000000000000e+02,3.433333333333333570e+01
2.791999999999999815e+00,1.412500000000000000e+02,3.944444444444444997e+01
2.791999999999999815e+00,1.417500000000000000e+02,4.311111111111111427e+01
2.791999999999999815e+00,1.422500000000000000e+02,4.733333333333333570e+01
2.791999999999999815e+00,1.427500000000000000e+02,4.766666666666666430e+01
2.791999999999999815e+00,1.432500000000000000e+02,5.022222222222222143e+01
2.791999999999999815e+00,1.437500000000000000e+02,5.088888888888888573e+01
2.791999999999999815e+00,1.442500000000000000e+02,5.755555555555555003e+01
2.791999999999999815e+00,1.447500000000000000e+02,6.188888888888888573e+01
2.791999999999999815e+00,1.452500000000000000e+02,6.766666666666667140e+01
2.791999999999999815e+00,1.457500000000000000e+02,6.922222222222222854e+01
2.791999999999999815e+00,1.462500000000000000e+02,7.122222222222222854e+01
2.791999999999999815e+00,1.467500000000000000e+02,7.577777777777778567e+01
2.791999999999999815e+00,1.472500000000000000e+02,8.233333333333332860e+01
2.791999999999999815e+00,1.477500000000000000e+02,9.200000000000000000e+01
2.791999999999999815e+00,1.482500000000000000e+02,1.000000000000000000e+02
2.791999999999999815e+00,1.487500000000000000e+02,1.075555555555555429e+02
2.791999999999999815e+00,1.492500000000000000e+02,1.129999999999999858e+02
2.791999999999999815e+00,1.497500000000000000e+02,1.209999999999999858e+02
2.791999999999999815e+00,1.502500000000000000e+02,1.304444444444444287e+02
2.791999999999999815e+00,1.507500000000000000e+02,1.339999999999999716e+02
2.791999999999999815e+00,1.512500000000000000e+02,1.391111111111110858e+02
2.791999999999999815e+00,1.517500000000000000e+02,1.453333333333333144e+02
2.791999999999999815e+00,1.522500000000000000e+02,1.561111111111110858e+02
2.791999999999999815e+00,1.527500000000000000e+02,1.637777777777777430e+02
2.791999999999999815e+00,1.532500000000000000e+02,1.715555555555555145e+02
2.791999999999999815e+00,1.537500000000000000e+02,1.767777777777777146e+02
2.791999999999999815e+00,1.542500000000000000e+02,1.876666666666666003e+02
2.791999999999999815e+00,1.547500000000000000e+02,2.017777777777777146e+02
2.791999999999999815e+00,1.552500000000000000e+02,2.168888888888888289e+02
2.791999999999999815e+00,1.557500000000000000e+02,2.286666666666666003e+02
2.791999999999999815e+00,1.562500000000000000e+02,2.365555555555554577e+02
2.791999999999999815e+00,1.567500000000000000e+02,2.471111111111110006e+02
2.791999999999999815e+00,1.572500000000000000e+02,2.547777777777776862e+02
2.791999999999999815e+00,1.577500000000000000e+02,2.636666666666665719e+02
2.791999999999999815e+00,1.582500000000000000e+02,2.719999999999998863e+02
2.791999999999999815e+00,1.587500000000000000e+02,2.901111111111110290e+02
2.791999999999999815e+00,1.592500000000000000e+02,3.009999999999999432e+02
2.791999999999999815e+00,1.597500000000000000e+02,3.169999999999999432e+02
2.791999999999999815e+00,1.602500000000000000e+02,3.222222222222221717e+02
2.791999999999999815e+00,1.607500000000000000e+02,3.308888888888888573e+02
2.791999999999999815e+00,1.612500000000000000e+02,3.409999999999999432e+02
2.791999999999999815e+00,1.617500000000000000e+02,3.472222222222221717e+02
2.791999999999999815e+00,1.622500000000000000e+02,3.635555555555554861e+02
2.791999999999999815e+00,1.627500000000000000e+02,3.608888888888888573e+02
2.791999999999999815e+00,1.632500000000000000e+02,3.715555555555554861e+02
2.791999999999999815e+00,1.637500000000000000e+02,3.682222222222221717e+02
2.791999999999999815e+00,1.642500000000000000e+02,3.850000000000000000e+02
2.791999999999999815e+00,1.647500000000000000e+02,3.901111111111111427e+02
2.791999999999999815e+00,1.652500000000000000e+02,4.051111111111111427e+02
2.791999999999999815e+00,1.657500000000000000e+02,3.998888888888889142e+02
2.791999999999999815e+00,1.662500000000000000e+02,4.070000000000000000e+02
2.791999999999999815e+00,1.667500000000000000e+02,4.008888888888889142e+02
2.791999999999999815e+00,1.672500000000000000e+02,4.095555555555555998e+02
2.791999999999999815e+00,1.677500000000000000e+02,4.022222222222222285e+02
2.791999999999999815e+00,1.682500000000000000e+02,3.952222222222222285e+02
2.791999999999999815e+00,1.687500000000000000e+02,3.873333333333333144e+02
2.791999999999999815e+00,1.692500000000000000e+02,3.832222222222222285e+02
2.791999999999999815e+00,1.697500000000000000e+02,3.783333333333333144e+02
2.791999999999999815e+00,1.702500000000000000e+02,3.671111111111111427e+02
2.791999999999999815e+00,1.707500000000000000e+02,3.593333333333333144e+02
2.791999999999999815e+00,1.712500000000000000e+02,3.487777777777777715e+02
2.791999999999999815e+00,1.717500000000000000e+02,3.457777777777777715e+02
2.791999999999999815e+00,1.722500000000000000e+02,3.298888888888888573e+02
2.791999999999999815e+00,1.727500000000000000e+02,3.245555555555555429e+02
2.791999999999999815e+00,1.732500000000000000e+02,3.054444444444444002e+02
2.791999999999999815e+00,1.737500000000000000e+02,2.949999999999999432e+02
2.791999999999999815e+00,1.742500000000000000e+02,2.697777777777777715e+02
2.791999999999999815e+00,1.747500000000000000e+02,2.472222222222222001e+02
2.791999999999999815e+00,1.752500000000000000e+02,2.172222222222222001e+02
2.791999999999999815e+00,1.757500000000000000e+02,1.997777777777777430e+02
2.791999999999999815e+00,1.762500000000000000e+02,1.771111111111110858e+02
2.791999999999999815e+00,1.767500000000000000e+02,1.606666666666666288e+02
2.791999999999999815e+00,1.772500000000000000e+02,1.414444444444444002e+02
2.791999999999999815e+00,1.777500000000000000e+02,1.195555555555555003e+02
2.791999999999999815e+00,1.782500000000000000e+02,9.288888888888884310e+01
2.791999999999999815e+00,1.787500000000000000e+02,6.233333333333328596e+01
2.791999999999999815e+00,1.792500000000000000e+02,3.799999999999995026e+01
2.791999999999999815e+00,1.797500000000000000e+02,2.166666666666661811e+01
2.807999999999999829e+00,1.302500000000000000e+02,7.333333333333333037e+00
2.807999999999999829e+00,1.307500000000000000e+02,6.555555555555556246e+00
2.807999999999999829e+00,1.312500000000000000e+02,7.111111111111111605e+00
2.807999999999999829e+00,1.317500000000000000e+02,9.000000000000001776e+00
2.807999999999999829e+00,1.322500000000000000e+02,1.022222222222222321e+01
2.807999999999999829e+00,1.327500000000000000e+02,1.155555555555555713e+01
2.807999999999999829e+00,1.332500000000000000e+02,1.177777777777777857e+01
2.807999999999999829e+00,1.337500000000000000e+02,1.211111111111111249e+01
2.807999999999999829e+00,1.342500000000000000e+02,1.177777777777777857e+01
2.807999999999999829e+00,1.347500000000000000e+02,1.233333333333333393e+01
2.807999999999999829e+00,1.352500000000000000e+02,1.388888888888888751e+01
2.807999999999999829e+00,1.357500000000000000e+02,1.666666666666666785e+01
2.807999999999999829e+00,1.362500000000000000e+02,1.900000000000000000e+01
2.807999999999999829e+00,1.367500000000000000e+02,2.033333333333333215e+01
2.807999999999999829e+00,1.372500000000000000e+02,2.011111111111111072e+01
2.807999999999999829e+00,1.377500000000000000e+02,2.077777777777777501e+01
2.807999999999999829e+00,1.382500000000000000e+02,2.311111111111111072e+01
2.807999999999999829e+00,1.387500000000000000e+02,2.755555555555555358e+01
2.807999999999999829e+00,1.392500000000000000e+02,2.977777777777777146e+01
2.807999999999999829e+00,1.397500000000000000e+02,3.133333333333332504e+01
2.807999999999999829e+00,1.402500000000000000e+02,3.244444444444443576e+01
2.807999999999999829e+00,1.407500000000000000e+02,3.466666666666665719e+01
2.807999999999999829e+00,1.412500000000000000e+02,3.844444444444443576e+01
2.807999999999999829e+00,1.417500000000000000e+02,4.111111111111110006e+01
2.807999999999999829e+00,1.422500000000000000e+02,4.755555555555554292e+01
2.807999999999999829e+00,1.427500000000000000e+02,4.911111111111110716e+01
2.807999999999999829e+00,1.432500000000000000e+02,5.211111111111110716e+01
2.807999999999999829e+00,1.437500000000000000e+02,5.111111111111110716e+01
2.807999999999999829e+00,1.442500000000000000e+02,5.933333333333332149e+01
2.807999999999999829e+00,1.447500000000000000e+02,6.566666666666665719e+01
2.807999999999999829e+00,1.452500000000000000e+02,7.111111111111110006e+01
2.807999999999999829e+00,1.457500000000000000e+02,7.111111111111110006e+01
2.807999999999999829e+00,1.462500000000000000e+02,7.255555555555554292e+01
2.807999999999999829e+00,1.467500000000000000e+02,7.988888888888887152e+01
2.807999999999999829e+00,1.472500000000000000e+02,8.588888888888887152e+01
2.807999999999999829e+00,1.477500000000000000e+02,9.666666666666664298e+01
2.807999999999999829e+00,1.482500000000000000e+02,1.027777777777777573e+02
2.807999999999999829e+00,1.487500000000000000e+02,1.141111111111110858e+02
2.807999999999999829e+00,1.492500000000000000e+02,1.174444444444444144e+02
2.807999999999999829e+00,1.497500000000000000e+02,1.263333333333333002e+02
2.807999999999999829e+00,1.502500000000000000e+02,1.342222222222221717e+02
2.807999999999999829e+00,1.507500000000000000e+02,1.393333333333332860e+02
2.807999999999999829e+00,1.512500000000000000e+02,1.422222222222221717e+02
2.807999999999999829e+00,1.517500000000000000e+02,1.444444444444444002e+02
2.807999999999999829e+00,1.522500000000000000e+02,1.542222222222221717e+02
2.807999999999999829e+00,1.527500000000000000e+02,1.605555555555555145e+02
2.807999999999999829e+00,1.532500000000000000e+02,1.702222222222221717e+02
2.807999999999999829e+00,1.537500000000000000e+02,1.777777777777777146e+02
2.807999999999999829e+00,1.542500000000000000e+02,1.883333333333332575e+02
2.807999999999999829e+00,1.547500000000000000e+02,2.016666666666666003e+02
2.807999999999999829e+00,1.552500000000000000e+02,2.148888888888888289e+02
2.807999999999999829e+00,1.557500000000000000e+02,2.304444444444443718e+02
2.807999999999999829e+00,1.562500000000000000e+02,2.357777777777777146e+02
2.807999999999999829e+00,1.567500000000000000e+02,2.419999999999999147e+02
2.807999999999999829e+00,1.572500000000000000e+02,2.457777777777777146e+02
2.807999999999999829e+00,1.577500000000000000e+02,2.622222222222221717e+02
2.807999999999999829e+00,1.582500000000000000e+02,2.745555555555554861e+02
2.807999999999999829e+00,1.587500000000000000e+02,2.918888888888888573e+02
2.807999999999999829e+00,1.592500000000000000e+02,2.949999999999999432e+02
2.807999999999999829e+00,1.597500000000000000e+02,3.093333333333332575e+02
2.807999999999999829e+00,1.602500000000000000e+02,3.173333333333332575e+02
2.807999999999999829e+00,1.607500000000000000e+02,3.294444444444443434e+02
2.807999999999999829e+00,1.612500000000000000e+02,3.378888888888887436e+02
2.807999999999999829e+00,1.617500000000000000e+02,3.452222222222221149e+02
2.807999999999999829e+00,1.622500000000000000e+02,3.531111111111110290e+02
2.807999999999999829e+00,1.627500000000000000e+02,3.548888888888888573e+02
2.807999999999999829e+00,1.632500000000000000e+02,3.686666666666665719e+02
2.807999999999999829e+00,1.637500000000000000e+02,3.755555555555554861e+02
2.807999999999999829e+00,1.642500000000000000e+02,3.822222222222221717e+02
2.807999999999999829e+00,1.647500000000000000e+02,3.792222222222221717e+02
2.807999999999999829e+00,1.652500000000000000e+02,3.866666666666665719e+02
2.807999999999999829e+00,1.657500000000000000e+02,3.963333333333332575e+02
2.807999999999999829e+00,1.662500000000000000e+02,4.029999999999999432e+02
2.807999999999999829e+00,1.667500000000000000e+02,4.026666666666665719e+02
2.807999999999999829e+00,1.672500000000000000e+02,3.966666666666665719e+02
2.807999999999999829e+00,1.677500000000000000e+02,3.886666666666665719e+02
2.807999999999999829e+00,1.682500000000000000e+02,3.765555555555554861e+02
2.807999999999999829e+00,1.687500000000000000e+02,3.672222222222221717e+02
2.807999999999999829e+00,1.692500000000000000e+02,3.702222222222221717e+02
2.807999999999999829e+00,1.697500000000000000e+02,3.684444444444443434e+02
2.807999999999999829e+00,1.702500000000000000e+02,3.631111111111110290e+02
2.807999999999999829e+00,1.707500000000000000e+02,3.479999999999999432e+02
2.807999999999999829e+00,1.712500000000000000e+02,3.375555555555554861e+02
2.807999999999999829e+00,1.717500000000000000e+02,3.364444444444444002e+02
2.807999999999999829e+00,1.722500000000000000e+02,3.283333333333332575e+02
2.807999999999999829e+00,1.727500000000000000e+02,3.213333333333332575e+02
2.807999999999999829e+00,1.732500000000000000e+02,3.008888888888888573e+02
2.807999999999999829e+00,1.737500000000000000e+02,2.829999999999999432e+02
2.807999999999999829e+00,1.742500000000000000e+02,2.605555555555554861e+02
2.807999999999999829e+00,1.747500000000000000e+02,2.389999999999999147e+02
2.807999999999999829e+00,1.752500000000000000e+02,2.155555555555554577e+02
2.807999999999999829e+00,1.757500000000000000e+02,1.973333333333332575e+02
2.807999999999999829e+00,1.762500000000000000e+02,1.733333333333332575e+02
2.807999999999999829e+00,1.767500000000000000e+02,1.555555555555554861e+02
2.807999999999999829e+00,1.772500000000000000e+02,1.365555555555554861e+02
2.807999999999999829e+00,1.777500000000000000e+02,1.155555555555554861e+02
2.807999999999999829e+00,1.782500000000000000e+02,8.855555555555548608e+01
2.807999999999999829e+00,1.787500000000000000e+02,5.966666666666660035e+01
2.807999999999999829e+00,1.792500000000000000e+02,3.799999999999993605e+01
2.807999999999999829e+00,1.797500000000000000e+02,2.299999999999993250e+01
2.823999999999999844e+00,1.302500000000000000e+02,7.666666666666666963e+00
2.823999999999999844e+00,1.307500000000000000e+02,7.888888888888889284e+00
2.823999999999999844e+00,1.312500000000000000e+02,8.444444444444444642e+00
2.823999999999999844e+00,1.317500000000000000e+02,1.044444444444444464e+01
2.823999999999999844e+00,1.322500000000000000e+02,1.111111111111111249e+01
2.823999999999999844e+00,1.327500000000000000e+02,1.255555555555555713e+01
2.823999999999999844e+00,1.332500000000000000e+02,1.322222222222222321e+01
2.823999999999999844e+00,1.337500000000000000e+02,1.455555555555555713e+01
2.823999999999999844e+00,1.342500000000000000e+02,1.455555555555555713e+01
2.823999999999999844e+00,1.347500000000000000e+02,1.488888888888889106e+01
2.823999999999999844e+00,1.352500000000000000e+02,1.511111111111111249e+01
2.823999999999999844e+00,1.357500000000000000e+02,1.700000000000000000e+01
2.823999999999999844e+00,1.362500000000000000e+02,1.866666666666666785e+01
2.823999999999999844e+00,1.367500000000000000e+02,2.033333333333333215e+01
2.823999999999999844e+00,1.372500000000000000e+02,2.111111111111111072e+01
2.823999999999999844e+00,1.377500000000000000e+02,2.288888888888888928e+01
2.823999999999999844e+00,1.382500000000000000e+02,2.622222222222222499e+01
2.823999999999999844e+00,1.387500000000000000e+02,2.966666666666666785e+01
2.823999999999999844e+00,1.392500000000000000e+02,3.044444444444444287e+01
2.823999999999999844e+00,1.397500000000000000e+02,3.144444444444444287e+01
2.823999999999999844e+00,1.402500000000000000e+02,3.377777777777777857e+01
2.823999999999999844e+00,1.407500000000000000e+02,3.611111111111110716e+01
2.823999999999999844e+00,1.412500000000000000e+02,3.777777777777777857e+01
2.823999999999999844e+00,1.417500000000000000e+02,4.033333333333333570e+01
2.823999999999999844e+00,1.422500000000000000e+02,4.655555555555555003e+01
2.823999999999999844e+00,1.427500000000000000e+02,4.955555555555555003e+01
2.823999999999999844e+00,1.432500000000000000e+02,5.122222222222222143e+01
2.823999999999999844e+00,1.437500000000000000e+02,5.100000000000000000e+01
2.823999999999999844e+00,1.442500000000000000e+02,5.877777777777777146e+01
2.823999999999999844e+00,1.447500000000000000e+02,6.377777777777777146e+01
2.823999999999999844e+00,1.452500000000000000e+02,7.099999999999998579e+01
2.823999999999999844e+00,1.457500000000000000e+02,7.155555555555554292e+01
2.823999999999999844e+00,1.462500000000000000e+02,7.822222222222221433e+01
2.823999999999999844e+00,1.467500000000000000e+02,8.399999999999998579e+01
2.823999999999999844e+00,1.472500000000000000e+02,8.855555555555554292e+01
2.823999999999999844e+00,1.477500000000000000e+02,9.666666666666664298e+01
2.823999999999999844e+00,1.482500000000000000e+02,1.016666666666666430e+02
2.823999999999999844e+00,1.487500000000000000e+02,1.144444444444444144e+02
2.823999999999999844e+00,1.492500000000000000e+02,1.161111111111110858e+02
2.823999999999999844e+00,1.497500000000000000e+02,1.242222222222221859e+02
2.823999999999999844e+00,1.502500000000000000e+02,1.291111111111110858e+02
2.823999999999999844e+00,1.507500000000000000e+02,1.355555555555555429e+02
2.823999999999999844e+00,1.512500000000000000e+02,1.403333333333333428e+02
2.823999999999999844e+00,1.517500000000000000e+02,1.445555555555555713e+02
2.823999999999999844e+00,1.522500000000000000e+02,1.563333333333333428e+02
2.823999999999999844e+00,1.527500000000000000e+02,1.595555555555555429e+02
2.823999999999999844e+00,1.532500000000000000e+02,1.721111111111110858e+02
2.823999999999999844e+00,1.537500000000000000e+02,1.820000000000000000e+02
2.823999999999999844e+00,1.542500000000000000e+02,1.946666666666666572e+02
2.823999999999999844e+00,1.547500000000000000e+02,2.033333333333333428e+02
2.823999999999999844e+00,1.552500000000000000e+02,2.103333333333333428e+02
2.823999999999999844e+00,1.557500000000000000e+02,2.247777777777777999e+02
2.823999999999999844e+00,1.562500000000000000e+02,2.327777777777777999e+02
2.823999999999999844e+00,1.567500000000000000e+02,2.391111111111111143e+02
2.823999999999999844e+00,1.572500000000000000e+02,2.421111111111111143e+02
2.823999999999999844e+00,1.577500000000000000e+02,2.528888888888889142e+02
2.823999999999999844e+00,1.582500000000000000e+02,2.644444444444444571e+02
2.823999999999999844e+00,1.587500000000000000e+02,2.791111111111111427e+02
2.823999999999999844e+00,1.592500000000000000e+02,2.912222222222222285e+02
2.823999999999999844e+00,1.597500000000000000e+02,2.975555555555555998e+02
2.823999999999999844e+00,1.602500000000000000e+02,3.111111111111111427e+02
2.823999999999999844e+00,1.607500000000000000e+02,3.185555555555555998e+02
2.823999999999999844e+00,1.612500000000000000e+02,3.331111111111111427e+02
2.823999999999999844e+00,1.617500000000000000e+02,3.411111111111111427e+02
2.823999999999999844e+00,1.622500000000000000e+02,3.468888888888889142e+02
2.823999999999999844e+00,1.627500000000000000e+02,3.534444444444445139e+02
2.823999999999999844e+00,1.632500000000000000e+02,3.571111111111111427e+02
2.823999999999999844e+00,1.637500000000000000e+02,3.651111111111111427e+02
2.823999999999999844e+00,1.642500000000000000e+02,3.671111111111111427e+02
2.823999999999999844e+00,1.647500000000000000e+02,3.708888888888889142e+02
2.823999999999999844e+00,1.652500000000000000e+02,3.725555555555555998e+02
2.823999999999999844e+00,1.657500000000000000e+02,3.785555555555555998e+02
2.823999999999999844e+00,1.662500000000000000e+02,3.844444444444445139e+02
2.823999999999999844e+00,1.667500000000000000e+02,3.867777777777778283e+02
2.823999999999999844e+00,1.672500000000000000e+02,3.826666666666667425e+02
2.823999999999999844e+00,1.677500000000000000e+02,3.766666666666667425e+02
2.823999999999999844e+00,1.682500000000000000e+02,3.651111111111111427e+02
2.823999999999999844e+00,1.687500000000000000e+02,3.556666666666667425e+02
2.823999999999999844e+00,1.692500000000000000e+02,3.523333333333334281e+02
2.823999999999999844e+00,1.697500000000000000e+02,3.493333333333334281e+02
2.823999999999999844e+00,1.702500000000000000e+02,3.448888888888889710e+02
2.823999999999999844e+00,1.707500000000000000e+02,3.322222222222223422e+02
2.823999999999999844e+00,1.712500000000000000e+02,3.192222222222223422e+02
2.823999999999999844e+00,1.717500000000000000e+02,3.187777777777778851e+02
2.823999999999999844e+00,1.722500000000000000e+02,3.086666666666667993e+02
2.823999999999999844e+00,1.727500000000000000e+02,3.046666666666667993e+02
2.823999999999999844e+00,1.732500000000000000e+02,2.807777777777778851e+02
2.823999999999999844e+00,1.737500000000000000e+02,2.648888888888890278e+02
2.823999999999999844e+00,1.742500000000000000e+02,2.447777777777779136e+02
2.823999999999999844e+00,1.747500000000000000e+02,2.285555555555556566e+02
2.823999999999999844e+00,1.752500000000000000e+02,2.052222222222223138e+02
2.823999999999999844e+00,1.757500000000000000e+02,1.881111111111111995e+02
2.823999999999999844e+00,1.762500000000000000e+02,1.633333333333334281e+02
2.823999999999999844e+00,1.767500000000000000e+02,1.466666666666667709e+02
2.823999999999999844e+00,1.772500000000000000e+02,1.255555555555556566e+02
2.823999999999999844e+00,1.777500000000000000e+02,1.066666666666667567e+02
2.823999999999999844e+00,1.782500000000000000e+02,8.277777777777787094e+01
2.823999999999999844e+00,1.787500000000000000e+02,5.744444444444454234e+01
2.823999999999999844e+00,1.792500000000000000e+02,3.622222222222232091e+01
2.823999999999999844e+00,1.797500000000000000e+02,2.088888888888898521e+01
2.839999999999999858e+00,1.302500000000000000e+02,8.666666666666666075e+00
2.839999999999999858e+00,1.307500000000000000e+02,8.333333333333333925e+00
2.839999999999999858e+00,1.312500000000000000e+02,8.111111111111112493e+00
2.839999999999999858e+00,1.317500000000000000e+02,9.777777777777778567e+00
2.839999999999999858e+00,1.322500000000000000e+02,1.077777777777777857e+01
2.839999999999999858e+00,1.327500000000000000e+02,1.188888888888889106e+01
2.839999999999999858e+00,1.332500000000000000e+02,1.277777777777778034e+01
2.839999999999999858e+00,1.337500000000000000e+02,1.522222222222222676e+01
2.839999999999999858e+00,1.342500000000000000e+02,1.611111111111111427e+01
2.839999999999999858e+00,1.347500000000000000e+02,1.655555555555555713e+01
2.839999999999999858e+00,1.352500000000000000e+02,1.588888888888889106e+01
2.839999999999999858e+00,1.357500000000000000e+02,1.688888888888888928e+01
2.839999999999999858e+00,1.362500000000000000e+02,1.766666666666666785e+01
2.839999999999999858e+00,1.367500000000000000e+02,1.855555555555555713e+01
2.839999999999999858e+00,1.372500000000000000e+02,2.011111111111111427e+01
2.839999999999999858e+00,1.377500000000000000e+02,2.222222222222222499e+01
2.839999999999999858e+00,1.382500000000000000e+02,2.533333333333333215e+01
2.839999999999999858e+00,1.387500000000000000e+02,2.900000000000000000e+01
2.839999999999999858e+00,1.392500000000000000e+02,3.122222222222222499e+01
2.839999999999999858e+00,1.397500000000000000e+02,3.366666666666666430e+01
2.839999999999999858e+00,1.402500000000000000e+02,3.588888888888889284e+01
2.839999999999999858e+00,1.407500000000000000e+02,3.755555555555555713e+01
2.839999999999999858e+00,1.412500000000000000e+02,3.966666666666666430e+01
2.839999999999999858e+00,1.417500000000000000e+02,4.233333333333333570e+01
2.839999999999999858e+00,1.422500000000000000e+02,4.688888888888888573e+01
2.839999999999999858e+00,1.427500000000000000e+02,4.911111111111110716e+01
2.839999999999999858e+00,1.432500000000000000e+02,5.088888888888887863e+01
2.839999999999999858e+00,1.437500000000000000e+02,5.344444444444443576e+01
2.839999999999999858e+00,1.442500000000000000e+02,6.055555555555555003e+01
2.839999999999999858e+00,1.447500000000000000e+02,6.622222222222221433e+01
2.839999999999999858e+00,1.452500000000000000e+02,7.166666666666667140e+01
2.839999999999999858e+00,1.457500000000000000e+02,7.400000000000000000e+01
2.839999999999999858e+00,1.462500000000000000e+02,7.988888888888888573e+01
2.839999999999999858e+00,1.467500000000000000e+02,8.733333333333332860e+01
2.839999999999999858e+00,1.472500000000000000e+02,8.666666666666667140e+01
2.839999999999999858e+00,1.477500000000000000e+02,9.111111111111112848e+01
2.839999999999999858e+00,1.482500000000000000e+02,9.533333333333335702e+01
2.839999999999999858e+00,1.487500000000000000e+02,1.071111111111111285e+02
2.839999999999999858e+00,1.492500000000000000e+02,1.122222222222222285e+02
2.839999999999999858e+00,1.497500000000000000e+02,1.197777777777777857e+02
2.839999999999999858e+00,1.502500000000000000e+02,1.267777777777777857e+02
2.839999999999999858e+00,1.507500000000000000e+02,1.300000000000000284e+02
2.839999999999999858e+00,1.512500000000000000e+02,1.312222222222222570e+02
2.839999999999999858e+00,1.517500000000000000e+02,1.363333333333333712e+02
2.839999999999999858e+00,1.522500000000000000e+02,1.507777777777777999e+02
2.839999999999999858e+00,1.527500000000000000e+02,1.621111111111111427e+02
2.839999999999999858e+00,1.532500000000000000e+02,1.747777777777778283e+02
2.839999999999999858e+00,1.537500000000000000e+02,1.852222222222222854e+02
2.839999999999999858e+00,1.542500000000000000e+02,1.950000000000000853e+02
2.839999999999999858e+00,1.547500000000000000e+02,2.010000000000000853e+02
2.839999999999999858e+00,1.552500000000000000e+02,2.095555555555556282e+02
2.839999999999999858e+00,1.557500000000000000e+02,2.191111111111111711e+02
2.839999999999999858e+00,1.562500000000000000e+02,2.302222222222222570e+02
2.839999999999999858e+00,1.567500000000000000e+02,2.346666666666667140e+02
2.839999999999999858e+00,1.572500000000000000e+02,2.375555555555555713e+02
2.839999999999999858e+00,1.577500000000000000e+02,2.477777777777777999e+02
2.839999999999999858e+00,1.582500000000000000e+02,2.587777777777777715e+02
2.839999999999999858e+00,1.587500000000000000e+02,2.712222222222222285e+02
2.839999999999999858e+00,1.592500000000000000e+02,2.811111111111111427e+02
2.839999999999999858e+00,1.597500000000000000e+02,2.864444444444445139e+02
2.839999999999999858e+00,1.602500000000000000e+02,3.013333333333334281e+02
2.839999999999999858e+00,1.607500000000000000e+02,3.093333333333334281e+02
2.839999999999999858e+00,1.612500000000000000e+02,3.234444444444445139e+02
2.839999999999999858e+00,1.617500000000000000e+02,3.274444444444445139e+02
2.839999999999999858e+00,1.622500000000000000e+02,3.276666666666667425e+02
2.839999999999999858e+00,1.627500000000000000e+02,3.270000000000000568e+02
2.839999999999999858e+00,1.632500000000000000e+02,3.314444444444445139e+02
2.839999999999999858e+00,1.637500000000000000e+02,3.442222222222222285e+02
2.839999999999999858e+00,1.642500000000000000e+02,3.485555555555555998e+02
2.839999999999999858e+00,1.647500000000000000e+02,3.510000000000000000e+02
2.839999999999999858e+00,1.652500000000000000e+02,3.517777777777777715e+02
2.839999999999999858e+00,1.657500000000000000e+02,3.578888888888888573e+02
2.839999999999999858e+00,1.662500000000000000e+02,3.660000000000000000e+02
2.839999999999999858e+00,1.667500000000000000e+02,3.697777777777778283e+02
2.839999999999999858e+00,1.672500000000000000e+02,3.638888888888889142e+02
2.839999999999999858e+00,1.677500000000000000e+02,3.533333333333333144e+02
2.839999999999999858e+00,1.682500000000000000e+02,3.421111111111110858e+02
2.839999999999999858e+00,1.687500000000000000e+02,3.383333333333333144e+02
2.839999999999999858e+00,1.692500000000000000e+02,3.377777777777777715e+02
2.839999999999999858e+00,1.697500000000000000e+02,3.334444444444444002e+02
2.839999999999999858e+00,1.702500000000000000e+02,3.253333333333333144e+02
2.839999999999999858e+00,1.707500000000000000e+02,3.114444444444444571e+02
2.839999999999999858e+00,1.712500000000000000e+02,2.983333333333333144e+02
2.839999999999999858e+00,1.717500000000000000e+02,2.983333333333333144e+02
2.839999999999999858e+00,1.722500000000000000e+02,2.932222222222222285e+02
2.839999999999999858e+00,1.727500000000000000e+02,2.886666666666666856e+02
2.839999999999999858e+00,1.732500000000000000e+02,2.657777777777777715e+02
2.839999999999999858e+00,1.737500000000000000e+02,2.456666666666666572e+02
2.839999999999999858e+00,1.742500000000000000e+02,2.265555555555555429e+02
2.839999999999999858e+00,1.747500000000000000e+02,2.100000000000000000e+02
2.839999999999999858e+00,1.752500000000000000e+02,1.945555555555555429e+02
2.839999999999999858e+00,1.757500000000000000e+02,1.787777777777777430e+02
2.839999999999999858e+00,1.762500000000000000e+02,1.574444444444444287e+02
2.839999999999999858e+00,1.767500000000000000e+02,1.372222222222222001e+02
2.839999999999999858e+00,1.772500000000000000e+02,1.116666666666666430e+02
2.839999999999999858e+00,1.777500000000000000e+02,9.333333333333331439e+01
2.839999999999999858e+00,1.782500000000000000e+02,7.466666666666664298e+01
2.839999999999999858e+00,1.787500000000000000e+02,5.544444444444442155e+01
2.839999999999999858e+00,1.792500000000000000e+02,3.566666666666664298e+01
2.839999999999999858e+00,1.797500000000000000e+02,1.899999999999997513e+01
2.855999999999999872e+00,1.302500000000000000e+02,8.111111111111110716e+00
2.855999999999999872e+00,1.307500000000000000e+02,8.222222222222221433e+00
2.855999999999999872e+00,1.312500000000000000e+02,8.000000000000000000e+00
2.855999999999999872e+00,1.317500000000000000e+02,9.555555555555555358e+00
2.855999999999999872e+00,1.322500000000000000e+02,1.044444444444444464e+01
2.855999999999999872e+00,1.327500000000000000e+02,1.288888888888889106e+01
2.855999999999999872e+00,1.332500000000000000e+02,1.322222222222222321e+01
2.855999999999999872e+00,1.337500000000000000e+02,1.544444444444444819e+01
2.855999999999999872e+00,1.342500000000000000e+02,1.600000000000000355e+01
2.855999999999999872e+00,1.347500000000000000e+02,1.755555555555555713e+01
2.855999999999999872e+00,1.352500000000000000e+02,1.733333333333333215e+01
2.855999999999999872e+00,1.357500000000000000e+02,1.711111111111111072e+01
2.855999999999999872e+00,1.362500000000000000e+02,1.733333333333333215e+01
2.855999999999999872e+00,1.367500000000000000e+02,1.844444444444444287e+01
2.855999999999999872e+00,1.372500000000000000e+02,2.111111111111111072e+01
2.855999999999999872e+00,1.377500000000000000e+02,2.377777777777777501e+01
2.855999999999999872e+00,1.382500000000000000e+02,2.777777777777777501e+01
2.855999999999999872e+00,1.387500000000000000e+02,2.933333333333333215e+01
2.855999999999999872e+00,1.392500000000000000e+02,3.288888888888889284e+01
2.855999999999999872e+00,1.397500000000000000e+02,3.288888888888889284e+01
2.855999999999999872e+00,1.402500000000000000e+02,3.666666666666666430e+01
2.855999999999999872e+00,1.407500000000000000e+02,3.755555555555555003e+01
2.855999999999999872e+00,1.412500000000000000e+02,4.155555555555555003e+01
2.855999999999999872e+00,1.417500000000000000e+02,4.377777777777777146e+01
2.855999999999999872e+00,1.422500000000000000e+02,4.622222222222222143e+01
2.855999999999999872e+00,1.427500000000000000e+02,4.766666666666666430e+01
2.855999999999999872e+00,1.432500000000000000e+02,4.955555555555555003e+01
2.855999999999999872e+00,1.437500000000000000e+02,5.511111111111110716e+01
2.855999999999999872e+00,1.442500000000000000e+02,6.055555555555555003e+01
2.855999999999999872e+00,1.447500000000000000e+02,6.555555555555555713e+01
2.855999999999999872e+00,1.452500000000000000e+02,7.055555555555555713e+01
2.855999999999999872e+00,1.457500000000000000e+02,7.377777777777777146e+01
2.855999999999999872e+00,1.462500000000000000e+02,7.933333333333332860e+01
2.855999999999999872e+00,1.467500000000000000e+02,8.355555555555555713e+01
2.855999999999999872e+00,1.472500000000000000e+02,8.555555555555554292e+01
2.855999999999999872e+00,1.477500000000000000e+02,8.944444444444441444e+01
2.855999999999999872e+00,1.482500000000000000e+02,9.755555555555554292e+01
2.855999999999999872e+00,1.487500000000000000e+02,1.037777777777777573e+02
2.855999999999999872e+00,1.492500000000000000e+02,1.093333333333333144e+02
2.855999999999999872e+00,1.497500000000000000e+02,1.134444444444444144e+02
2.855999999999999872e+00,1.502500000000000000e+02,1.224444444444444144e+02
2.855999999999999872e+00,1.507500000000000000e+02,1.266666666666666430e+02
2.855999999999999872e+00,1.512500000000000000e+02,1.297777777777777430e+02
2.855999999999999872e+00,1.517500000000000000e+02,1.386666666666666572e+02
2.855999999999999872e+00,1.522500000000000000e+02,1.524444444444444287e+02
2.855999999999999872e+00,1.527500000000000000e+02,1.646666666666666288e+02
2.855999999999999872e+00,1.532500000000000000e+02,1.717777777777777430e+02
2.855999999999999872e+00,1.537500000000000000e+02,1.795555555555555429e+02
2.855999999999999872e+00,1.542500000000000000e+02,1.862222222222222001e+02
2.855999999999999872e+00,1.547500000000000000e+02,1.977777777777777430e+02
2.855999999999999872e+00,1.552500000000000000e+02,2.085555555555555145e+02
2.855999999999999872e+00,1.557500000000000000e+02,2.142222222222221717e+02
2.855999999999999872e+00,1.562500000000000000e+02,2.188888888888888289e+02
2.855999999999999872e+00,1.567500000000000000e+02,2.231111111111110858e+02
2.855999999999999872e+00,1.572500000000000000e+02,2.303333333333332860e+02
2.855999999999999872e+00,1.577500000000000000e+02,2.333333333333332860e+02
2.855999999999999872e+00,1.582500000000000000e+02,2.421111111111110858e+02
2.855999999999999872e+00,1.587500000000000000e+02,2.542222222222222001e+02
2.855999999999999872e+00,1.592500000000000000e+02,2.696666666666666856e+02
2.855999999999999872e+00,1.597500000000000000e+02,2.730000000000000000e+02
2.855999999999999872e+00,1.602500000000000000e+02,2.851111111111110858e+02
2.855999999999999872e+00,1.607500000000000000e+02,2.940000000000000000e+02
2.855999999999999872e+00,1.612500000000000000e+02,3.104444444444444002e+02
2.855999999999999872e+00,1.617500000000000000e+02,3.135555555555555429e+02
2.855999999999999872e+00,1.622500000000000000e+02,3.150000000000000000e+02
2.855999999999999872e+00,1.627500000000000000e+02,3.115555555555555998e+02
2.855999999999999872e+00,1.632500000000000000e+02,3.135555555555555998e+02
2.855999999999999872e+00,1.637500000000000000e+02,3.192222222222222285e+02
2.855999999999999872e+00,1.642500000000000000e+02,3.225555555555555998e+02
2.855999999999999872e+00,1.647500000000000000e+02,3.290000000000000000e+02
2.855999999999999872e+00,1.652500000000000000e+02,3.335555555555555998e+02
2.855999999999999872e+00,1.657500000000000000e+02,3.331111111111111427e+02
2.855999999999999872e+00,1.662500000000000000e+02,3.398888888888889142e+02
2.855999999999999872e+00,1.667500000000000000e+02,3.364444444444445139e+02
2.855999999999999872e+00,1.672500000000000000e+02,3.383333333333334281e+02
2.855999999999999872e+00,1.677500000000000000e+02,3.242222222222223422e+02
2.855999999999999872e+00,1.682500000000000000e+02,3.226666666666667425e+02
2.855999999999999872e+00,1.687500000000000000e+02,3.213333333333334281e+02
2.855999999999999872e+00,1.692500000000000000e+02,3.188888888888889710e+02
2.855999999999999872e+00,1.697500000000000000e+02,3.170000000000000568e+02
2.855999999999999872e+00,1.702500000000000000e+02,3.067777777777778283e+02
2.855999999999999872e+00,1.707500000000000000e+02,2.966666666666666856e+02
2.855999999999999872e+00,1.712500000000000000e+02,2.855555555555555998e+02
2.855999999999999872e+00,1.717500000000000000e+02,2.803333333333333712e+02
2.855999999999999872e+00,1.722500000000000000e+02,2.713333333333333712e+02
2.855999999999999872e+00,1.727500000000000000e+02,2.620000000000000568e+02
2.855999999999999872e+00,1.732500000000000000e+02,2.464444444444444855e+02
2.855999999999999872e+00,1.737500000000000000e+02,2.353333333333333712e+02
2.855999999999999872e+00,1.742500000000000000e+02,2.133333333333333712e+02
2.855999999999999872e+00,1.747500000000000000e+02,1.981111111111111711e+02
2.855999999999999872e+00,1.752500000000000000e+02,1.786666666666667140e+02
2.855999999999999872e+00,1.757500000000000000e+02,1.662222222222222570e+02
2.855999999999999872e+00,1.762500000000000000e+02,1.438888888888889142e+02
2.855999999999999872e+00,1.767500000000000000e+02,1.263333333333333712e+02
2.855999999999999872e+00,1.772500000000000000e+02,1.022222222222222712e+02
2.855999999999999872e+00,1.777500000000000000e+02,8.700000000000004263e+01
2.855999999999999872e+00,1.782500000000000000e+02,7.000000000000004263e+01
2.855999999999999872e+00,1.787500000000000000e+02,5.233333333333337123e+01
2.855999999999999872e+00,1.792500000000000000e+02,3.277777777777781409e+01
2.855999999999999872e+00,1.797500000000000000e+02,1.744444444444448195e+01
2.871999999999999886e+00,1.302500000000000000e+02,8.555555555555555358e+00
2.871999999999999886e+00,1.307500000000000000e+02,8.333333333333333925e+00
2.871999999999999886e+00,1.312500000000000000e+02,8.111111111111110716e+00
2.871999999999999886e+00,1.317500000000000000e+02,8.777777777777776791e+00
2.871999999999999886e+00,1.322500000000000000e+02,9.333333333333333925e+00
2.871999999999999886e+00,1.327500000000000000e+02,1.144444444444444464e+01
2.871999999999999886e+00,1.332500000000000000e+02,1.188888888888889106e+01
2.871999999999999886e+00,1.337500000000000000e+02,1.366666666666666607e+01
2.871999999999999886e+00,1.342500000000000000e+02,1.400000000000000000e+01
2.871999999999999886e+00,1.347500000000000000e+02,1.644444444444444642e+01
2.871999999999999886e+00,1.352500000000000000e+02,1.800000000000000000e+01
2.871999999999999886e+00,1.357500000000000000e+02,1.855555555555555713e+01
2.871999999999999886e+00,1.362500000000000000e+02,1.966666666666666785e+01
2.871999999999999886e+00,1.367500000000000000e+02,1.977777777777777857e+01
2.871999999999999886e+00,1.372500000000000000e+02,2.222222222222222499e+01
2.871999999999999886e+00,1.377500000000000000e+02,2.311111111111111427e+01
2.871999999999999886e+00,1.382500000000000000e+02,2.744444444444444642e+01
2.871999999999999886e+00,1.387500000000000000e+02,2.822222222222222499e+01
2.871999999999999886e+00,1.392500000000000000e+02,3.322222222222222143e+01
2.871999999999999886e+00,1.397500000000000000e+02,3.288888888888889284e+01
2.871999999999999886e+00,1.402500000000000000e+02,3.655555555555555713e+01
2.871999999999999886e+00,1.407500000000000000e+02,3.666666666666666430e+01
2.871999999999999886e+00,1.412500000000000000e+02,4.088888888888889284e+01
2.871999999999999886e+00,1.417500000000000000e+02,4.488888888888889284e+01
2.871999999999999886e+00,1.422500000000000000e+02,4.744444444444444997e+01
2.871999999999999886e+00,1.427500000000000000e+02,5.033333333333333570e+01
2.871999999999999886e+00,1.432500000000000000e+02,5.133333333333333570e+01
2.871999999999999886e+00,1.437500000000000000e+02,5.800000000000000000e+01
2.871999999999999886e+00,1.442500000000000000e+02,6.222222222222222854e+01
2.871999999999999886e+00,1.447500000000000000e+02,6.811111111111111427e+01
2.871999999999999886e+00,1.452500000000000000e+02,7.188888888888889994e+01
2.871999999999999886e+00,1.457500000000000000e+02,7.277777777777778567e+01
2.871999999999999886e+00,1.462500000000000000e+02,7.377777777777778567e+01
2.871999999999999886e+00,1.467500000000000000e+02,7.755555555555555713e+01
2.871999999999999886e+00,1.472500000000000000e+02,8.255555555555555713e+01
2.871999999999999886e+00,1.477500000000000000e+02,9.033333333333332860e+01
2.871999999999999886e+00,1.482500000000000000e+02,9.755555555555555713e+01
2.871999999999999886e+00,1.487500000000000000e+02,1.036666666666666714e+02
2.871999999999999886e+00,1.492500000000000000e+02,1.080000000000000000e+02
2.871999999999999886e+00,1.497500000000000000e+02,1.127777777777777715e+02
2.871999999999999886e+00,1.502500000000000000e+02,1.206666666666666714e+02
2.871999999999999886e+00,1.507500000000000000e+02,1.261111111111111285e+02
2.871999999999999886e+00,1.512500000000000000e+02,1.286666666666666856e+02
2.871999999999999886e+00,1.517500000000000000e+02,1.351111111111111143e+02
2.871999999999999886e+00,1.522500000000000000e+02,1.462222222222222285e+02
2.871999999999999886e+00,1.527500000000000000e+02,1.606666666666666572e+02
2.871999999999999886e+00,1.532500000000000000e+02,1.671111111111111143e+02
2.871999999999999886e+00,1.537500000000000000e+02,1.698888888888889142e+02
2.871999999999999886e+00,1.542500000000000000e+02,1.732222222222222570e+02
2.871999999999999886e+00,1.547500000000000000e+02,1.845555555555555713e+02
2.871999999999999886e+00,1.552500000000000000e+02,1.962222222222222570e+02
2.871999999999999886e+00,1.557500000000000000e+02,2.011111111111111143e+02
2.871999999999999886e+00,1.562500000000000000e+02,2.050000000000000000e+02
2.871999999999999886e+00,1.567500000000000000e+02,2.121111111111110858e+02
2.871999999999999886e+00,1.572500000000000000e+02,2.231111111111110858e+02
2.871999999999999886e+00,1.577500000000000000e+02,2.304444444444444287e+02
2.871999999999999886e+00,1.582500000000000000e+02,2.408888888888888857e+02
2.871999999999999886e+00,1.587500000000000000e+02,2.498888888888888857e+02
2.871999999999999886e+00,1.592500000000000000e+02,2.598888888888888573e+02
2.871999999999999886e+00,1.597500000000000000e+02,2.661111111111110858e+02
2.871999999999999886e+00,1.602500000000000000e+02,2.731111111111110858e+02
2.871999999999999886e+00,1.607500000000000000e+02,2.785555555555554861e+02
2.871999999999999886e+00,1.612500000000000000e+02,2.841111111111110290e+02
2.871999999999999886e+00,1.617500000000000000e+02,2.881111111111110290e+02
2.871999999999999886e+00,1.622500000000000000e+02,2.918888888888888573e+02
2.871999999999999886e+00,1.627500000000000000e+02,2.939999999999999432e+02
2.871999999999999886e+00,1.632500000000000000e+02,2.994444444444444002e+02
2.871999999999999886e+00,1.637500000000000000e+02,3.064444444444444002e+02
2.871999999999999886e+00,1.642500000000000000e+02,3.045555555555554861e+02
2.871999999999999886e+00,1.647500000000000000e+02,3.056666666666666288e+02
2.871999999999999886e+00,1.652500000000000000e+02,3.086666666666666288e+02
2.871999999999999886e+00,1.657500000000000000e+02,3.116666666666666288e+02
2.871999999999999886e+00,1.662500000000000000e+02,3.163333333333333144e+02
2.871999999999999886e+00,1.667500000000000000e+02,3.134444444444444002e+02
2.871999999999999886e+00,1.672500000000000000e+02,3.206666666666666856e+02
2.871999999999999886e+00,1.677500000000000000e+02,3.083333333333333144e+02
2.871999999999999886e+00,1.682500000000000000e+02,3.092222222222222285e+02
2.871999999999999886e+00,1.687500000000000000e+02,3.020000000000000000e+02
2.871999999999999886e+00,1.692500000000000000e+02,3.028888888888888573e+02
2.871999999999999886e+00,1.697500000000000000e+02,2.958888888888888573e+02
2.871999999999999886e+00,1.702500000000000000e+02,2.900000000000000000e+02
2.871999999999999886e+00,1.707500000000000000e+02,2.811111111111111427e+02
2.871999999999999886e+00,1.712500000000000000e+02,2.743333333333333144e+02
2.871999999999999886e+00,1.717500000000000000e+02,2.613333333333333144e+02
2.871999999999999886e+00,1.722500000000000000e+02,2.508888888888888857e+02
2.871999999999999886e+00,1.727500000000000000e+02,2.397777777777777430e+02
2.871999999999999886e+00,1.732500000000000000e+02,2.278888888888888289e+02
2.871999999999999886e+00,1.737500000000000000e+02,2.161111111111110574e+02
2.871999999999999886e+00,1.742500000000000000e+02,1.951111111111110574e+02
2.871999999999999886e+00,1.747500000000000000e+02,1.804444444444443718e+02
2.871999999999999886e+00,1.752500000000000000e+02,1.675555555555555145e+02
2.871999999999999886e+00,1.757500000000000000e+02,1.584444444444444002e+02
2.871999999999999886e+00,1.762500000000000000e+02,1.407777777777777430e+02
2.871999999999999886e+00,1.767500000000000000e+02,1.188888888888888431e+02
2.871999999999999886e+00,1.772500000000000000e+02,9.688888888888884310e+01
2.871999999999999886e+00,1.777500000000000000e+02,8.344444444444438602e+01
2.871999999999999886e+00,1.782500000000000000e+02,6.944444444444438602e+01
2.871999999999999886e+00,1.787500000000000000e+02,5.066666666666660745e+01
2.871999999999999886e+00,1.792500000000000000e+02,3.011111111111105743e+01
2.871999999999999886e+00,1.797500000000000000e+02,1.544444444444439135e+01
2.887999999999999901e+00,1.302500000000000000e+02,7.555555555555554470e+00
2.887999999999999901e+00,1.307500000000000000e+02,8.222222222222221433e+00
2.887999999999999901e+00,1.312500000000000000e+02,9.333333333333332149e+00
2.887999999999999901e+00,1.317500000000000000e+02,1.022222222222222143e+01
2.887999999999999901e+00,1.322500000000000000e+02,1.066666666666666607e+01
2.887999999999999901e+00,1.327500000000000000e+02,1.133333333333333393e+01
2.887999999999999901e+00,1.332500000000000000e+02,1.188888888888889106e+01
2.887999999999999901e+00,1.337500000000000000e+02,1.233333333333333570e+01
2.887999999999999901e+00,1.342500000000000000e+02,1.411111111111111427e+01
2.887999999999999901e+00,1.347500000000000000e+02,1.644444444444444642e+01
2.887999999999999901e+00,1.352500000000000000e+02,2.022222222222222499e+01
2.887999999999999901e+00,1.357500000000000000e+02,2.044444444444444642e+01
2.887999999999999901e+00,1.362500000000000000e+02,2.288888888888889639e+01
2.887999999999999901e+00,1.367500000000000000e+02,2.333333333333334281e+01
2.887999999999999901e+00,1.372500000000000000e+02,2.533333333333334281e+01
2.887999999999999901e+00,1.377500000000000000e+02,2.411111111111111782e+01
2.887999999999999901e+00,1.382500000000000000e+02,2.711111111111111782e+01
2.887999999999999901e+00,1.387500000000000000e+02,2.800000000000001066e+01
2.887999999999999901e+00,1.392500000000000000e+02,3.322222222222222854e+01
2.887999999999999901e+00,1.397500000000000000e+02,3.377777777777778567e+01
2.887999999999999901e+00,1.402500000000000000e+02,3.711111111111112137e+01
2.887999999999999901e+00,1.407500000000000000e+02,3.800000000000000711e+01
2.887999999999999901e+00,1.412500000000000000e+02,4.055555555555556424e+01
2.887999999999999901e+00,1.417500000000000000e+02,4.433333333333333570e+01
2.887999999999999901e+00,1.422500000000000000e+02,4.655555555555555003e+01
2.887999999999999901e+00,1.427500000000000000e+02,4.944444444444443576e+01
2.887999999999999901e+00,1.432500000000000000e+02,4.866666666666666430e+01
2.887999999999999901e+00,1.437500000000000000e+02,5.488888888888889284e+01
2.887999999999999901e+00,1.442500000000000000e+02,5.877777777777779278e+01
2.887999999999999901e+00,1.447500000000000000e+02,6.600000000000001421e+01
2.887999999999999901e+00,1.452500000000000000e+02,6.877777777777778567e+01
2.887999999999999901e+00,1.457500000000000000e+02,6.988888888888889994e+01
2.887999999999999901e+00,1.462500000000000000e+02,7.133333333333335702e+01
2.887999999999999901e+00,1.467500000000000000e+02,7.366666666666668561e+01
2.887999999999999901e+00,1.472500000000000000e+02,8.088888888888889994e+01
2.887999999999999901e+00,1.477500000000000000e+02,8.744444444444445708e+01
2.887999999999999901e+00,1.482500000000000000e+02,9.722222222222222854e+01
2.887999999999999901e+00,1.487500000000000000e+02,1.033333333333333286e+02
2.887999999999999901e+00,1.492500000000000000e+02,1.073333333333333286e+02
2.887999999999999901e+00,1.497500000000000000e+02,1.118888888888888999e+02
2.887999999999999901e+00,1.502500000000000000e+02,1.196666666666666714e+02
2.887999999999999901e+00,1.507500000000000000e+02,1.277777777777777857e+02
2.887999999999999901e+00,1.512500000000000000e+02,1.297777777777777999e+02
2.887999999999999901e+00,1.517500000000000000e+02,1.313333333333333428e+02
2.887999999999999901e+00,1.522500000000000000e+02,1.403333333333333428e+02
2.887999999999999901e+00,1.527500000000000000e+02,1.482222222222222001e+02
2.887999999999999901e+00,1.532500000000000000e+02,1.556666666666666572e+02
2.887999999999999901e+00,1.537500000000000000e+02,1.557777777777777715e+02
2.887999999999999901e+00,1.542500000000000000e+02,1.643333333333333428e+02
2.887999999999999901e+00,1.547500000000000000e+02,1.724444444444444571e+02
2.887999999999999901e+00,1.552500000000000000e+02,1.814444444444444571e+02
2.887999999999999901e+00,1.557500000000000000e+02,1.818888888888889142e+02
2.887999999999999901e+00,1.562500000000000000e+02,1.902222222222222570e+02
2.887999999999999901e+00,1.567500000000000000e+02,1.968888888888889142e+02
2.887999999999999901e+00,1.572500000000000000e+02,2.103333333333333712e+02
2.887999999999999901e+00,1.577500000000000000e+02,2.167777777777778283e+02
2.887999999999999901e+00,1.582500000000000000e+02,2.285555555555556282e+02
2.887999999999999901e+00,1.587500000000000000e+02,2.378888888888889426e+02
2.887999999999999901e+00,1.592500000000000000e+02,2.444444444444444855e+02
2.887999999999999901e+00,1.597500000000000000e+02,2.524444444444444855e+02
2.887999999999999901e+00,1.602500000000000000e+02,2.583333333333334281e+02
2.887999999999999901e+00,1.607500000000000000e+02,2.635555555555555998e+02
2.887999999999999901e+00,1.612500000000000000e+02,2.710000000000000568e+02
2.887999999999999901e+00,1.617500000000000000e+02,2.726666666666667425e+02
2.887999999999999901e+00,1.622500000000000000e+02,2.806666666666667425e+02
2.887999999999999901e+00,1.627500000000000000e+02,2.838888888888889710e+02
2.887999999999999901e+00,1.632500000000000000e+02,2.892222222222223422e+02
2.887999999999999901e+00,1.637500000000000000e+02,2.946666666666667425e+02
2.887999999999999901e+00,1.642500000000000000e+02,2.888888888888889710e+02
2.887999999999999901e+00,1.647500000000000000e+02,2.945555555555556566e+02
2.887999999999999901e+00,1.652500000000000000e+02,2.911111111111112564e+02
2.887999999999999901e+00,1.657500000000000000e+02,2.894444444444445708e+02
2.887999999999999901e+00,1.662500000000000000e+02,2.875555555555556566e+02
2.887999999999999901e+00,1.667500000000000000e+02,2.857777777777778851e+02
2.887999999999999901e+00,1.672500000000000000e+02,2.967777777777778851e+02
2.887999999999999901e+00,1.677500000000000000e+02,2.942222222222223422e+02
2.887999999999999901e+00,1.682500000000000000e+02,2.976666666666667425e+02
2.887999999999999901e+00,1.687500000000000000e+02,2.891111111111111427e+02
2.887999999999999901e+00,1.692500000000000000e+02,2.834444444444445139e+02
2.887999999999999901e+00,1.697500000000000000e+02,2.717777777777778283e+02
2.887999999999999901e+00,1.702500000000000000e+02,2.706666666666667425e+02
2.887999999999999901e+00,1.707500000000000000e+02,2.662222222222223422e+02
2.887999999999999901e+00,1.712500000000000000e+02,2.650000000000000568e+02
2.887999999999999901e+00,1.717500000000000000e+02,2.506666666666667425e+02
2.887999999999999901e+00,1.722500000000000000e+02,2.368888888888889426e+02
2.887999999999999901e+00,1.727500000000000000e+02,2.220000000000000853e+02
2.887999999999999901e+00,1.732500000000000000e+02,2.070000000000000853e+02
2.887999999999999901e+00,1.737500000000000000e+02,1.950000000000000853e+02
2.887999999999999901e+00,1.742500000000000000e+02,1.814444444444445423e+02
2.887999999999999901e+00,1.747500000000000000e+02,1.702222222222223138e+02
2.887999999999999901e+00,1.752500000000000000e+02,1.576666666666667709e+02
2.887999999999999901e+00,1.757500000000000000e+02,1.472222222222223138e+02
2.887999999999999901e+00,1.762500000000000000e+02,1.294444444444445423e+02
2.887999999999999901e+00,1.767500000000000000e+02,1.100000000000001137e+02
2.887999999999999901e+00,1.772500000000000000e+02,8.844444444444457076e+01
2.887999999999999901e+00,1.777500000000000000e+02,7.588888888888901363e+01
2.887999999999999901e+00,1.782500000000000000e+02,6.366666666666677799e+01
2.887999999999999901e+00,1.787500000000000000e+02,4.877777777777788515e+01
2.887999999999999901e+00,1.792500000000000000e+02,3.066666666666677088e+01
2.887999999999999901e+00,1.797500000000000000e+02,1.622222222222232446e+01
2.903999999999999915e+00,1.302500000000000000e+02,7.888888888888888395e+00
2.903999999999999915e+00,1.307500000000000000e+02,8.333333333333333925e+00
2.903999999999999915e+00,1.312500000000000000e+02,9.888888888888887507e+00
2.903999999999999915e+00,1.317500000000000000e+02,1.066666666666666607e+01
2.903999999999999915e+00,1.322500000000000000e+02,1.200000000000000000e+01
2.903999999999999915e+00,1.327500000000000000e+02,1.188888888888889106e+01
2.903999999999999915e+00,1.332500000000000000e+02,1.344444444444444819e+01
2.903999999999999915e+00,1.337500000000000000e+02,1.411111111111111427e+01
2.903999999999999915e+00,1.342500000000000000e+02,1.633333333333333570e+01
2.903999999999999915e+00,1.347500000000000000e+02,1.700000000000000355e+01
2.903999999999999915e+00,1.352500000000000000e+02,1.955555555555555713e+01
2.903999999999999915e+00,1.357500000000000000e+02,2.000000000000000000e+01
2.903999999999999915e+00,1.362500000000000000e+02,2.255555555555555358e+01
2.903999999999999915e+00,1.367500000000000000e+02,2.455555555555555358e+01
2.903999999999999915e+00,1.372500000000000000e+02,2.633333333333333215e+01
2.903999999999999915e+00,1.377500000000000000e+02,2.533333333333333215e+01
2.903999999999999915e+00,1.382500000000000000e+02,2.755555555555555358e+01
2.903999999999999915e+00,1.387500000000000000e+02,2.899999999999999645e+01
2.903999999999999915e+00,1.392500000000000000e+02,3.366666666666666430e+01
2.903999999999999915e+00,1.397500000000000000e+02,3.388888888888888573e+01
2.903999999999999915e+00,1.402500000000000000e+02,3.544444444444443576e+01
2.903999999999999915e+00,1.407500000000000000e+02,3.844444444444443576e+01
2.903999999999999915e+00,1.412500000000000000e+02,4.133333333333332149e+01
2.903999999999999915e+00,1.417500000000000000e+02,4.455555555555554292e+01
2.903999999999999915e+00,1.422500000000000000e+02,4.311111111111109295e+01
2.903999999999999915e+00,1.427500000000000000e+02,4.511111111111109295e+01
2.903999999999999915e+00,1.432500000000000000e+02,4.544444444444442865e+01
2.903999999999999915e+00,1.437500000000000000e+02,5.222222222222220722e+01
2.903999999999999915e+00,1.442500000000000000e+02,5.522222222222220722e+01
2.903999999999999915e+00,1.447500000000000000e+02,6.111111111111109295e+01
2.903999999999999915e+00,1.452500000000000000e+02,6.455555555555554292e+01
2.903999999999999915e+00,1.457500000000000000e+02,6.799999999999998579e+01
2.903999999999999915e+00,1.462500000000000000e+02,7.144444444444441444e+01
2.903999999999999915e+00,1.467500000000000000e+02,7.388888888888885731e+01
2.903999999999999915e+00,1.472500000000000000e+02,7.799999999999997158e+01
2.903999999999999915e+00,1.477500000000000000e+02,8.299999999999997158e+01
2.903999999999999915e+00,1.482500000000000000e+02,8.844444444444441444e+01
2.903999999999999915e+00,1.487500000000000000e+02,9.511111111111108585e+01
2.903999999999999915e+00,1.492500000000000000e+02,1.005555555555555429e+02
2.903999999999999915e+00,1.497500000000000000e+02,1.082222222222222143e+02
2.903999999999999915e+00,1.502500000000000000e+02,1.163333333333333144e+02
2.903999999999999915e+00,1.507500000000000000e+02,1.232222222222222143e+02
2.903999999999999915e+00,1.512500000000000000e+02,1.242222222222222143e+02
2.903999999999999915e+00,1.517500000000000000e+02,1.247777777777777715e+02
2.903999999999999915e+00,1.522500000000000000e+02,1.308888888888888857e+02
2.903999999999999915e+00,1.527500000000000000e+02,1.388888888888888857e+02
2.903999999999999915e+00,1.532500000000000000e+02,1.491111111111111143e+02
2.903999999999999915e+00,1.537500000000000000e+02,1.528888888888888857e+02
2.903999999999999915e+00,1.542500000000000000e+02,1.645555555555555429e+02
2.903999999999999915e+00,1.547500000000000000e+02,1.668888888888888857e+02
2.903999999999999915e+00,1.552500000000000000e+02,1.698888888888888857e+02
2.903999999999999915e+00,1.557500000000000000e+02,1.672222222222222001e+02
2.903999999999999915e+00,1.562500000000000000e+02,1.816666666666666572e+02
2.903999999999999915e+00,1.567500000000000000e+02,1.922222222222222001e+02
2.903999999999999915e+00,1.572500000000000000e+02,2.043333333333333428e+02
2.903999999999999915e+00,1.577500000000000000e+02,2.104444444444444571e+02
2.903999999999999915e+00,1.582500000000000000e+02,2.195555555555555713e+02
2.903999999999999915e+00,1.587500000000000000e+02,2.252222222222222570e+02
2.903999999999999915e+00,1.592500000000000000e+02,2.241111111111111143e+02
2.903999999999999915e+00,1.597500000000000000e+02,2.315555555555555713e+02
2.903999999999999915e+00,1.602500000000000000e+02,2.373333333333333712e+02
2.903999999999999915e+00,1.607500000000000000e+02,2.451111111111111711e+02
2.903999999999999915e+00,1.612500000000000000e+02,2.511111111111111711e+02
2.903999999999999915e+00,1.617500000000000000e+02,2.532222222222222854e+02
2.903999999999999915e+00,1.622500000000000000e+02,2.614444444444445139e+02
2.903999999999999915e+00,1.627500000000000000e+02,2.660000000000000568e+02
2.903999999999999915e+00,1.632500000000000000e+02,2.742222222222222854e+02
2.903999999999999915e+00,1.637500000000000000e+02,2.762222222222222854e+02
2.903999999999999915e+00,1.642500000000000000e+02,2.754444444444445139e+02
2.903999999999999915e+00,1.647500000000000000e+02,2.783333333333334281e+02
2.903999999999999915e+00,1.652500000000000000e+02,2.762222222222222854e+02
2.903999999999999915e+00,1.657500000000000000e+02,2.727777777777778283e+02
2.903999999999999915e+00,1.662500000000000000e+02,2.674444444444445139e+02
2.903999999999999915e+00,1.667500000000000000e+02,2.663333333333334281e+02
2.903999999999999915e+00,1.672500000000000000e+02,2.744444444444445139e+02
2.903999999999999915e+00,1.677500000000000000e+02,2.803333333333334281e+02
2.903999999999999915e+00,1.682500000000000000e+02,2.834444444444445139e+02
2.903999999999999915e+00,1.687500000000000000e+02,2.732222222222222285e+02
2.903999999999999915e+00,1.692500000000000000e+02,2.626666666666666856e+02
2.903999999999999915e+00,1.697500000000000000e+02,2.487777777777778283e+02
2.903999999999999915e+00,1.702500000000000000e+02,2.482222222222222854e+02
2.903999999999999915e+00,1.707500000000000000e+02,2.446666666666667425e+02
2.903999999999999915e+00,1.712500000000000000e+02,2.405555555555556566e+02
2.903999999999999915e+00,1.717500000000000000e+02,2.291111111111111995e+02
2.903999999999999915e+00,1.722500000000000000e+02,2.177777777777778567e+02
2.903999999999999915e+00,1.727500000000000000e+02,2.083333333333333997e+02
2.903999999999999915e+00,1.732500000000000000e+02,1.930000000000000853e+02
2.903999999999999915e+00,1.737500000000000000e+02,1.801111111111111995e+02
2.903999999999999915e+00,1.742500000000000000e+02,1.696666666666667425e+02
2.903999999999999915e+00,1.747500000000000000e+02,1.572222222222222854e+02
2.903999999999999915e+00,1.752500000000000000e+02,1.484444444444444855e+02
2.903999999999999915e+00,1.757500000000000000e+02,1.367777777777778283e+02
2.903999999999999915e+00,1.762500000000000000e+02,1.232222222222222854e+02
2.903999999999999915e+00,1.767500000000000000e+02,1.018888888888889568e+02
2.903999999999999915e+00,1.772500000000000000e+02,8.377777777777784252e+01
2.903999999999999915e+00,1.777500000000000000e+02,7.144444444444451392e+01
2.903999999999999915e+00,1.782500000000000000e+02,6.000000000000006395e+01
2.903999999999999915e+00,1.787500000000000000e+02,4.477777777777784962e+01
2.903999999999999915e+00,1.792500000000000000e+02,2.700000000000006750e+01
2.903999999999999915e+00,1.797500000000000000e+02,1.400000000000006573e+01
2.919999999999999929e+00,1.302500000000000000e+02,8.888888888888887507e+00
2.919999999999999929e+00,1.307500000000000000e+02,9.444444444444444642e+00
2.919999999999999929e+00,1.312500000000000000e+02,1.055555555555555536e+01
2.919999999999999929e+00,1.317500000000000000e+02,1.044444444444444287e+01
2.919999999999999929e+00,1.322500000000000000e+02,1.166666666666666430e+01
2.919999999999999929e+00,1.327500000000000000e+02,1.233333333333333037e+01
2.919999999999999929e+00,1.332500000000000000e+02,1.377777777777777679e+01
2.919999999999999929e+00,1.337500000000000000e+02,1.455555555555555536e+01
2.919999999999999929e+00,1.342500000000000000e+02,1.666666666666666785e+01
2.919999999999999929e+00,1.347500000000000000e+02,1.633333333333333215e+01
2.919999999999999929e+00,1.352500000000000000e+02,1.855555555555555713e+01
2.919999999999999929e+00,1.357500000000000000e+02,1.855555555555555713e+01
2.919999999999999929e+00,1.362500000000000000e+02,2.111111111111111427e+01
2.919999999999999929e+00,1.367500000000000000e+02,2.388888888888888928e+01
2.919999999999999929e+00,1.372500000000000000e+02,2.522222222222222499e+01
2.919999999999999929e+00,1.377500000000000000e+02,2.544444444444444642e+01
2.919999999999999929e+00,1.382500000000000000e+02,2.644444444444444642e+01
2.919999999999999929e+00,1.387500000000000000e+02,2.944444444444444642e+01
2.919999999999999929e+00,1.392500000000000000e+02,3.300000000000000711e+01
2.919999999999999929e+00,1.397500000000000000e+02,3.333333333333333570e+01
2.919999999999999929e+00,1.402500000000000000e+02,3.422222222222222854e+01
2.919999999999999929e+00,1.407500000000000000e+02,3.755555555555556424e+01
2.919999999999999929e+00,1.412500000000000000e+02,3.955555555555556424e+01
2.919999999999999929e+00,1.417500000000000000e+02,4.088888888888889284e+01
2.919999999999999929e+00,1.422500000000000000e+02,3.988888888888889284e+01
2.919999999999999929e+00,1.427500000000000000e+02,4.088888888888889284e+01
2.919999999999999929e+00,1.432500000000000000e+02,4.300000000000000711e+01
2.919999999999999929e+00,1.437500000000000000e+02,4.788888888888889284e+01
2.919999999999999929e+00,1.442500000000000000e+02,5.288888888888889284e+01
2.919999999999999929e+00,1.447500000000000000e+02,5.677777777777777857e+01
2.919999999999999929e+00,1.452500000000000000e+02,5.933333333333333570e+01
2.919999999999999929e+00,1.457500000000000000e+02,6.477777777777777146e+01
2.919999999999999929e+00,1.462500000000000000e+02,6.933333333333332860e+01
2.919999999999999929e+00,1.467500000000000000e+02,7.211111111111110006e+01
2.919999999999999929e+00,1.472500000000000000e+02,7.255555555555555713e+01
2.919999999999999929e+00,1.477500000000000000e+02,7.555555555555555713e+01
2.919999999999999929e+00,1.482500000000000000e+02,8.122222222222221433e+01
2.919999999999999929e+00,1.487500000000000000e+02,8.533333333333332860e+01
2.919999999999999929e+00,1.492500000000000000e+02,9.166666666666667140e+01
2.919999999999999929e+00,1.497500000000000000e+02,9.677777777777777146e+01
2.919999999999999929e+00,1.502500000000000000e+02,1.063333333333333286e+02
2.919999999999999929e+00,1.507500000000000000e+02,1.131111111111111285e+02
2.919999999999999929e+00,1.512500000000000000e+02,1.191111111111111285e+02
2.919999999999999929e+00,1.517500000000000000e+02,1.203333333333333286e+02
2.919999999999999929e+00,1.522500000000000000e+02,1.257777777777777715e+02
2.919999999999999929e+00,1.527500000000000000e+02,1.305555555555555429e+02
2.919999999999999929e+00,1.532500000000000000e+02,1.402222222222222001e+02
2.919999999999999929e+00,1.537500000000000000e+02,1.443333333333333428e+02
2.919999999999999929e+00,1.542500000000000000e+02,1.560000000000000000e+02
2.919999999999999929e+00,1.547500000000000000e+02,1.594444444444444287e+02
2.919999999999999929e+00,1.552500000000000000e+02,1.621111111111111143e+02
2.919999999999999929e+00,1.557500000000000000e+02,1.604444444444444287e+02
2.919999999999999929e+00,1.562500000000000000e+02,1.734444444444444287e+02
2.919999999999999929e+00,1.567500000000000000e+02,1.846666666666666288e+02
2.919999999999999929e+00,1.572500000000000000e+02,1.926666666666666288e+02
2.919999999999999929e+00,1.577500000000000000e+02,1.944444444444444287e+02
2.919999999999999929e+00,1.582500000000000000e+02,1.995555555555555429e+02
2.919999999999999929e+00,1.587500000000000000e+02,2.071111111111110858e+02
2.919999999999999929e+00,1.592500000000000000e+02,2.083333333333332860e+02
2.919999999999999929e+00,1.597500000000000000e+02,2.176666666666666288e+02
2.919999999999999929e+00,1.602500000000000000e+02,2.224444444444444287e+02
2.919999999999999929e+00,1.607500000000000000e+02,2.334444444444444287e+02
2.919999999999999929e+00,1.612500000000000000e+02,2.393333333333332860e+02
2.919999999999999929e+00,1.617500000000000000e+02,2.425555555555555145e+02
2.919999999999999929e+00,1.622500000000000000e+02,2.496666666666666288e+02
2.919999999999999929e+00,1.627500000000000000e+02,2.494444444444444287e+02
2.919999999999999929e+00,1.632500000000000000e+02,2.543333333333332860e+02
2.919999999999999929e+00,1.637500000000000000e+02,2.465555555555555145e+02
2.919999999999999929e+00,1.642500000000000000e+02,2.485555555555555145e+02
2.919999999999999929e+00,1.647500000000000000e+02,2.565555555555554861e+02
2.919999999999999929e+00,1.652500000000000000e+02,2.606666666666666288e+02
2.919999999999999929e+00,1.657500000000000000e+02,2.541111111111110858e+02
2.919999999999999929e+00,1.662500000000000000e+02,2.491111111111110858e+02
2.919999999999999929e+00,1.667500000000000000e+02,2.483333333333332860e+02
2.919999999999999929e+00,1.672500000000000000e+02,2.548888888888888289e+02
2.919999999999999929e+00,1.677500000000000000e+02,2.563333333333332575e+02
2.919999999999999929e+00,1.682500000000000000e+02,2.555555555555555145e+02
2.919999999999999929e+00,1.687500000000000000e+02,2.511111111111110574e+02
2.919999999999999929e+00,1.692500000000000000e+02,2.417777777777777146e+02
2.919999999999999929e+00,1.697500000000000000e+02,2.324444444444443718e+02
2.919999999999999929e+00,1.702500000000000000e+02,2.272222222222221717e+02
2.919999999999999929e+00,1.707500000000000000e+02,2.204444444444443718e+02
2.919999999999999929e+00,1.712500000000000000e+02,2.142222222222221717e+02
2.919999999999999929e+00,1.717500000000000000e+02,2.084444444444443718e+02
2.919999999999999929e+00,1.722500000000000000e+02,2.037777777777777146e+02
2.919999999999999929e+00,1.727500000000000000e+02,1.949999999999999147e+02
2.919999999999999929e+00,1.732500000000000000e+02,1.837777777777777146e+02
2.919999999999999929e+00,1.737500000000000000e+02,1.669999999999999432e+02
2.919999999999999929e+00,1.742500000000000000e+02,1.574444444444443718e+02
2.919999999999999929e+00,1.747500000000000000e+02,1.398888888888888289e+02
2.919999999999999929e+00,1.752500000000000000e+02,1.324444444444443718e+02
2.919999999999999929e+00,1.757500000000000000e+02,1.221111111111110432e+02
2.919999999999999929e+00,1.762500000000000000e+02,1.101111111111110432e+02
2.919999999999999929e+00,1.767500000000000000e+02,9.299999999999994316e+01
2.919999999999999929e+00,1.772500000000000000e+02,7.755555555555550029e+01
2.919999999999999929e+00,1.777500000000000000e+02,6.477777777777771462e+01
2.919999999999999929e+00,1.782500000000000000e+02,5.088888888888882178e+01
2.919999999999999929e+00,1.787500000000000000e+02,3.711111111111104321e+01
2.919999999999999929e+00,1.792500000000000000e+02,2.299999999999993250e+01
2.919999999999999929e+00,1.797500000000000000e+02,1.266666666666660035e+01
2.935999999999999943e+00,1.302500000000000000e+02,1.000000000000000000e+01
2.935999999999999943e+00,1.307500000000000000e+02,9.666666666666666075e+00
2.935999999999999943e+00,1.312500000000000000e+02,1.011111111111111249e+01
2.935999999999999943e+00,1.317500000000000000e+02,9.777777777777778567e+00
2.935999999999999943e+00,1.322500000000000000e+02,1.122222222222222321e+01
2.935999999999999943e+00,1.327500000000000000e+02,1.200000000000000178e+01
2.935999999999999943e+00,1.332500000000000000e+02,1.366666666666666963e+01
2.935999999999999943e+00,1.337500000000000000e+02,1.488888888888889106e+01
2.935999999999999943e+00,1.342500000000000000e+02,1.611111111111111072e+01
2.935999999999999943e+00,1.347500000000000000e+02,1.588888888888889106e+01
2.935999999999999943e+00,1.352500000000000000e+02,1.655555555555555713e+01
2.935999999999999943e+00,1.357500000000000000e+02,1.611111111111111072e+01
2.935999999999999943e+00,1.362500000000000000e+02,1.777777777777777857e+01
2.935999999999999943e+00,1.367500000000000000e+02,2.100000000000000000e+01
2.935999999999999943e+00,1.372500000000000000e+02,2.322222222222222499e+01
2.935999999999999943e+00,1.377500000000000000e+02,2.488888888888888928e+01
2.935999999999999943e+00,1.382500000000000000e+02,2.644444444444444642e+01
2.935999999999999943e+00,1.387500000000000000e+02,2.966666666666667140e+01
2.935999999999999943e+00,1.392500000000000000e+02,3.188888888888889639e+01
2.935999999999999943e+00,1.397500000000000000e+02,3.111111111111111782e+01
2.935999999999999943e+00,1.402500000000000000e+02,3.288888888888889284e+01
2.935999999999999943e+00,1.407500000000000000e+02,3.577777777777778567e+01
2.935999999999999943e+00,1.412500000000000000e+02,3.955555555555556424e+01
2.935999999999999943e+00,1.417500000000000000e+02,3.944444444444444997e+01
2.935999999999999943e+00,1.422500000000000000e+02,3.855555555555555713e+01
2.935999999999999943e+00,1.427500000000000000e+02,3.933333333333333570e+01
2.935999999999999943e+00,1.432500000000000000e+02,4.222222222222222143e+01
2.935999999999999943e+00,1.437500000000000000e+02,4.588888888888888573e+01
2.935999999999999943e+00,1.442500000000000000e+02,4.966666666666666430e+01
2.935999999999999943e+00,1.447500000000000000e+02,5.511111111111111427e+01
2.935999999999999943e+00,1.452500000000000000e+02,5.955555555555556424e+01
2.935999999999999943e+00,1.457500000000000000e+02,6.422222222222222854e+01
2.935999999999999943e+00,1.462500000000000000e+02,6.633333333333332860e+01
2.935999999999999943e+00,1.467500000000000000e+02,6.955555555555555713e+01
2.935999999999999943e+00,1.472500000000000000e+02,7.133333333333332860e+01
2.935999999999999943e+00,1.477500000000000000e+02,7.577777777777778567e+01
2.935999999999999943e+00,1.482500000000000000e+02,8.055555555555555713e+01
2.935999999999999943e+00,1.487500000000000000e+02,8.266666666666667140e+01
2.935999999999999943e+00,1.492500000000000000e+02,8.655555555555554292e+01
2.935999999999999943e+00,1.497500000000000000e+02,8.988888888888887152e+01
2.935999999999999943e+00,1.502500000000000000e+02,9.733333333333332860e+01
2.935999999999999943e+00,1.507500000000000000e+02,1.027777777777777857e+02
2.935999999999999943e+00,1.512500000000000000e+02,1.130000000000000142e+02
2.935999999999999943e+00,1.517500000000000000e+02,1.183333333333333570e+02
2.935999999999999943e+00,1.522500000000000000e+02,1.228888888888889142e+02
2.935999999999999943e+00,1.527500000000000000e+02,1.237777777777778141e+02
2.935999999999999943e+00,1.532500000000000000e+02,1.323333333333333712e+02
2.935999999999999943e+00,1.537500000000000000e+02,1.378888888888889426e+02
2.935999999999999943e+00,1.542500000000000000e+02,1.474444444444444855e+02
2.935999999999999943e+00,1.547500000000000000e+02,1.524444444444444855e+02
2.935999999999999943e+00,1.552500000000000000e+02,1.570000000000000284e+02
2.935999999999999943e+00,1.557500000000000000e+02,1.580000000000000284e+02
2.935999999999999943e+00,1.562500000000000000e+02,1.644444444444444855e+02
2.935999999999999943e+00,1.567500000000000000e+02,1.725555555555555713e+02
2.935999999999999943e+00,1.572500000000000000e+02,1.788888888888889142e+02
2.935999999999999943e+00,1.577500000000000000e+02,1.786666666666667140e+02
2.935999999999999943e+00,1.582500000000000000e+02,1.821111111111111711e+02
2.935999999999999943e+00,1.587500000000000000e+02,1.894444444444444855e+02
2.935999999999999943e+00,1.592500000000000000e+02,1.931111111111111711e+02
2.935999999999999943e+00,1.597500000000000000e+02,2.013333333333333712e+02
2.935999999999999943e+00,1.602500000000000000e+02,2.024444444444444855e+02
2.935999999999999943e+00,1.607500000000000000e+02,2.131111111111111711e+02
2.935999999999999943e+00,1.612500000000000000e+02,2.146666666666667140e+02
2.935999999999999943e+00,1.617500000000000000e+02,2.185555555555555713e+02
2.935999999999999943e+00,1.622500000000000000e+02,2.245555555555555713e+02
2.935999999999999943e+00,1.627500000000000000e+02,2.282222222222222570e+02
2.935999999999999943e+00,1.632500000000000000e+02,2.351111111111111143e+02
2.935999999999999943e+00,1.637500000000000000e+02,2.268888888888889142e+02
2.935999999999999943e+00,1.642500000000000000e+02,2.294444444444444855e+02
2.935999999999999943e+00,1.647500000000000000e+02,2.342222222222222854e+02
2.935999999999999943e+00,1.652500000000000000e+02,2.404444444444444855e+02
2.935999999999999943e+00,1.657500000000000000e+02,2.396666666666667140e+02
2.935999999999999943e+00,1.662500000000000000e+02,2.344444444444444855e+02
2.935999999999999943e+00,1.667500000000000000e+02,2.330000000000000284e+02
2.935999999999999943e+00,1.672500000000000000e+02,2.333333333333333712e+02
2.935999999999999943e+00,1.677500000000000000e+02,2.321111111111111711e+02
2.935999999999999943e+00,1.682500000000000000e+02,2.295555555555556282e+02
2.935999999999999943e+00,1.687500000000000000e+02,2.232222222222222854e+02
2.935999999999999943e+00,1.692500000000000000e+02,2.185555555555556282e+02
2.935999999999999943e+00,1.697500000000000000e+02,2.118888888888889426e+02
2.935999999999999943e+00,1.702500000000000000e+02,2.083333333333333997e+02
2.935999999999999943e+00,1.707500000000000000e+02,2.004444444444445423e+02
2.935999999999999943e+00,1.712500000000000000e+02,1.916666666666667425e+02
2.935999999999999943e+00,1.717500000000000000e+02,1.848888888888889426e+02
2.935999999999999943e+00,1.722500000000000000e+02,1.795555555555556282e+02
2.935999999999999943e+00,1.727500000000000000e+02,1.715555555555556282e+02
2.935999999999999943e+00,1.732500000000000000e+02,1.618888888888889426e+02
2.935999999999999943e+00,1.737500000000000000e+02,1.498888888888889426e+02
2.935999999999999943e+00,1.742500000000000000e+02,1.431111111111111711e+02
2.935999999999999943e+00,1.747500000000000000e+02,1.298888888888889426e+02
2.935999999999999943e+00,1.752500000000000000e+02,1.201111111111111853e+02
2.935999999999999943e+00,1.757500000000000000e+02,1.111111111111111853e+02
2.935999999999999943e+00,1.762500000000000000e+02,1.022222222222222854e+02
2.935999999999999943e+00,1.767500000000000000e+02,8.922222222222228538e+01
2.935999999999999943e+00,1.772500000000000000e+02,7.411111111111118532e+01
2.935999999999999943e+00,1.777500000000000000e+02,6.077777777777784962e+01
2.935999999999999943e+00,1.782500000000000000e+02,4.677777777777784962e+01
2.935999999999999943e+00,1.787500000000000000e+02,3.322222222222229249e+01
2.935999999999999943e+00,1.792500000000000000e+02,1.844444444444451392e+01
2.935999999999999943e+00,1.797500000000000000e+02,9.666666666666735352e+00
2.951999999999999957e+00,1.302500000000000000e+02,1.022222222222222143e+01
2.951999999999999957e+00,1.307500000000000000e+02,1.077777777777777679e+01
2.951999999999999957e+00,1.312500000000000000e+02,1.144444444444444287e+01
2.951999999999999957e+00,1.317500000000000000e+02,1.144444444444444287e+01
2.951999999999999957e+00,1.322500000000000000e+02,1.166666666666666607e+01
2.951999999999999957e+00,1.327500000000000000e+02,1.200000000000000000e+01
2.951999999999999957e+00,1.332500000000000000e+02,1.233333333333333393e+01
2.951999999999999957e+00,1.337500000000000000e+02,1.322222222222222143e+01
2.951999999999999957e+00,1.342500000000000000e+02,1.422222222222222143e+01
2.951999999999999957e+00,1.347500000000000000e+02,1.500000000000000000e+01
2.951999999999999957e+00,1.352500000000000000e+02,1.600000000000000000e+01
2.951999999999999957e+00,1.357500000000000000e+02,1.522222222222222143e+01
2.951999999999999957e+00,1.362500000000000000e+02,1.733333333333333215e+01
2.951999999999999957e+00,1.367500000000000000e+02,1.977777777777777501e+01
2.951999999999999957e+00,1.372500000000000000e+02,2.244444444444444287e+01
2.951999999999999957e+00,1.377500000000000000e+02,2.422222222222221788e+01
2.951999999999999957e+00,1.382500000000000000e+02,2.433333333333333215e+01
2.951999999999999957e+00,1.387500000000000000e+02,2.766666666666666785e+01
2.951999999999999957e+00,1.392500000000000000e+02,2.944444444444444287e+01
2.951999999999999957e+00,1.397500000000000000e+02,3.200000000000000000e+01
2.951999999999999957e+00,1.402500000000000000e+02,3.300000000000000000e+01
2.951999999999999957e+00,1.407500000000000000e+02,3.511111111111111427e+01
2.951999999999999957e+00,1.412500000000000000e+02,3.644444444444444997e+01
2.951999999999999957e+00,1.417500000000000000e+02,3.911111111111111427e+01
2.951999999999999957e+00,1.422500000000000000e+02,4.100000000000000000e+01
2.951999999999999957e+00,1.427500000000000000e+02,4.377777777777777146e+01
2.951999999999999957e+00,1.432500000000000000e+02,4.577777777777777146e+01
2.951999999999999957e+00,1.437500000000000000e+02,4.744444444444443576e+01
2.951999999999999957e+00,1.442500000000000000e+02,4.844444444444443576e+01
2.951999999999999957e+00,1.447500000000000000e+02,5.355555555555555003e+01
2.951999999999999957e+00,1.452500000000000000e+02,5.488888888888888573e+01
2.951999999999999957e+00,1.457500000000000000e+02,5.922222222222222143e+01
2.951999999999999957e+00,1.462500000000000000e+02,5.900000000000000000e+01
2.951999999999999957e+00,1.467500000000000000e+02,6.444444444444444287e+01
2.951999999999999957e+00,1.472500000000000000e+02,6.799999999999998579e+01
2.951999999999999957e+00,1.477500000000000000e+02,7.266666666666665719e+01
2.951999999999999957e+00,1.482500000000000000e+02,7.955555555555554292e+01
2.951999999999999957e+00,1.487500000000000000e+02,8.111111111111110006e+01
2.951999999999999957e+00,1.492500000000000000e+02,8.377777777777777146e+01
2.951999999999999957e+00,1.497500000000000000e+02,8.411111111111110006e+01
2.951999999999999957e+00,1.502500000000000000e+02,9.200000000000000000e+01
2.951999999999999957e+00,1.507500000000000000e+02,9.744444444444445708e+01
2.951999999999999957e+00,1.512500000000000000e+02,1.084444444444444571e+02
2.951999999999999957e+00,1.517500000000000000e+02,1.115555555555555571e+02
2.951999999999999957e+00,1.522500000000000000e+02,1.175555555555555571e+02
2.951999999999999957e+00,1.527500000000000000e+02,1.181111111111111285e+02
2.951999999999999957e+00,1.532500000000000000e+02,1.252222222222222427e+02
2.951999999999999957e+00,1.537500000000000000e+02,1.282222222222222570e+02
2.951999999999999957e+00,1.542500000000000000e+02,1.340000000000000284e+02
2.951999999999999957e+00,1.547500000000000000e+02,1.397777777777777999e+02
2.951999999999999957e+00,1.552500000000000000e+02,1.457777777777777999e+02
2.951999999999999957e+00,1.557500000000000000e+02,1.497777777777777999e+02
2.951999999999999957e+00,1.562500000000000000e+02,1.540000000000000284e+02
2.951999999999999957e+00,1.567500000000000000e+02,1.583333333333333428e+02
2.951999999999999957e+00,1.572500000000000000e+02,1.626666666666666856e+02
2.951999999999999957e+00,1.577500000000000000e+02,1.651111111111111143e+02
2.951999999999999957e+00,1.582500000000000000e+02,1.717777777777777999e+02
2.951999999999999957e+00,1.587500000000000000e+02,1.781111111111111143e+02
2.951999999999999957e+00,1.592500000000000000e+02,1.853333333333333428e+02
2.951999999999999957e+00,1.597500000000000000e+02,1.917777777777777999e+02
2.951999999999999957e+00,1.602500000000000000e+02,1.937777777777777999e+02
2.951999999999999957e+00,1.607500000000000000e+02,2.007777777777777999e+02
2.951999999999999957e+00,1.612500000000000000e+02,2.012222222222222570e+02
2.951999999999999957e+00,1.617500000000000000e+02,2.055555555555555713e+02
2.951999999999999957e+00,1.622500000000000000e+02,2.061111111111111143e+02
2.951999999999999957e+00,1.627500000000000000e+02,2.105555555555555713e+02
2.951999999999999957e+00,1.632500000000000000e+02,2.104444444444444571e+02
2.951999999999999957e+00,1.637500000000000000e+02,2.064444444444444571e+02
2.951999999999999957e+00,1.642500000000000000e+02,2.058888888888889142e+02
2.951999999999999957e+00,1.647500000000000000e+02,2.102222222222222570e+02
2.951999999999999957e+00,1.652500000000000000e+02,2.168888888888889142e+02
2.951999999999999957e+00,1.657500000000000000e+02,2.202222222222222570e+02
2.951999999999999957e+00,1.662500000000000000e+02,2.216666666666667140e+02
2.951999999999999957e+00,1.667500000000000000e+02,2.164444444444444855e+02
2.951999999999999957e+00,1.672500000000000000e+02,2.126666666666667140e+02
2.951999999999999957e+00,1.677500000000000000e+02,2.064444444444444855e+02
2.951999999999999957e+00,1.682500000000000000e+02,2.034444444444444855e+02
2.951999999999999957e+00,1.687500000000000000e+02,2.005555555555556282e+02
2.951999999999999957e+00,1.692500000000000000e+02,2.002222222222222854e+02
2.951999999999999957e+00,1.697500000000000000e+02,1.934444444444444855e+02
2.951999999999999957e+00,1.702500000000000000e+02,1.880000000000000284e+02
2.951999999999999957e+00,1.707500000000000000e+02,1.785555555555555713e+02
2.951999999999999957e+00,1.712500000000000000e+02,1.741111111111111143e+02
2.951999999999999957e+00,1.717500000000000000e+02,1.650000000000000284e+02
2.951999999999999957e+00,1.722500000000000000e+02,1.610000000000000284e+02
2.951999999999999957e+00,1.727500000000000000e+02,1.533333333333333428e+02
2.951999999999999957e+00,1.732500000000000000e+02,1.496666666666666856e+02
2.951999999999999957e+00,1.737500000000000000e+02,1.373333333333333428e+02
2.951999999999999957e+00,1.742500000000000000e+02,1.310000000000000284e+02
2.951999999999999957e+00,1.747500000000000000e+02,1.185555555555555856e+02
2.951999999999999957e+00,1.752500000000000000e+02,1.096666666666666856e+02
2.951999999999999957e+00,1.757500000000000000e+02,1.013333333333333570e+02
2.951999999999999957e+00,1.762500000000000000e+02,9.088888888888891415e+01
2.951999999999999957e+00,1.767500000000000000e+02,8.077777777777781409e+01
2.951999999999999957e+00,1.772500000000000000e+02,6.644444444444447129e+01
2.951999999999999957e+00,1.777500000000000000e+02,5.511111111111114269e+01
2.951999999999999957e+00,1.782500000000000000e+02,4.288888888888891415e+01
2.951999999999999957e+00,1.787500000000000000e+02,3.044444444444447129e+01
2.951999999999999957e+00,1.792500000000000000e+02,1.711111111111113914e+01
2.951999999999999957e+00,1.797500000000000000e+02,8.222222222222249854e+00
2.967999999999999972e+00,1.302500000000000000e+02,8.222222222222221433e+00
2.967999999999999972e+00,1.307500000000000000e+02,9.444444444444442865e+00
2.967999999999999972e+00,1.312500000000000000e+02,1.088888888888888751e+01
2.967999999999999972e+00,1.317500000000000000e+02,1.177777777777777679e+01
2.967999999999999972e+00,1.322500000000000000e+02,1.288888888888888751e+01
2.967999999999999972e+00,1.327500000000000000e+02,1.300000000000000000e+01
2.967999999999999972e+00,1.332500000000000000e+02,1.400000000000000000e+01
2.967999999999999972e+00,1.337500000000000000e+02,1.455555555555555713e+01
2.967999999999999972e+00,1.342500000000000000e+02,1.566666666666666963e+01
2.967999999999999972e+00,1.347500000000000000e+02,1.611111111111111427e+01
2.967999999999999972e+00,1.352500000000000000e+02,1.566666666666666963e+01
2.967999999999999972e+00,1.357500000000000000e+02,1.488888888888889106e+01
2.967999999999999972e+00,1.362500000000000000e+02,1.722222222222222499e+01
2.967999999999999972e+00,1.367500000000000000e+02,2.011111111111111072e+01
2.967999999999999972e+00,1.372500000000000000e+02,2.211111111111111427e+01
2.967999999999999972e+00,1.377500000000000000e+02,2.400000000000000000e+01
2.967999999999999972e+00,1.382500000000000000e+02,2.366666666666666785e+01
2.967999999999999972e+00,1.387500000000000000e+02,2.644444444444444287e+01
2.967999999999999972e+00,1.392500000000000000e+02,2.700000000000000000e+01
2.967999999999999972e+00,1.397500000000000000e+02,2.955555555555555713e+01
2.967999999999999972e+00,1.402500000000000000e+02,3.255555555555555713e+01
2.967999999999999972e+00,1.407500000000000000e+02,3.600000000000000000e+01
2.967999999999999972e+00,1.412500000000000000e+02,4.022222222222222143e+01
2.967999999999999972e+00,1.417500000000000000e+02,4.077777777777777857e+01
2.967999999999999972e+00,1.422500000000000000e+02,4.044444444444444997e+01
2.967999999999999972e+00,1.427500000000000000e+02,4.100000000000000000e+01
2.967999999999999972e+00,1.432500000000000000e+02,4.411111111111111427e+01
2.967999999999999972e+00,1.437500000000000000e+02,4.744444444444444997e+01
2.967999999999999972e+00,1.442500000000000000e+02,4.600000000000000000e+01
2.967999999999999972e+00,1.447500000000000000e+02,5.200000000000000000e+01
2.967999999999999972e+00,1.452500000000000000e+02,5.377777777777777146e+01
2.967999999999999972e+00,1.457500000000000000e+02,5.900000000000000000e+01
2.967999999999999972e+00,1.462500000000000000e+02,5.855555555555556424e+01
2.967999999999999972e+00,1.467500000000000000e+02,6.388888888888889284e+01
2.967999999999999972e+00,1.472500000000000000e+02,6.900000000000001421e+01
2.967999999999999972e+00,1.477500000000000000e+02,7.255555555555555713e+01
2.967999999999999972e+00,1.482500000000000000e+02,7.844444444444444287e+01
2.967999999999999972e+00,1.487500000000000000e+02,8.144444444444444287e+01
2.967999999999999972e+00,1.492500000000000000e+02,8.311111111111111427e+01
2.967999999999999972e+00,1.497500000000000000e+02,8.311111111111111427e+01
2.967999999999999972e+00,1.502500000000000000e+02,8.577777777777778567e+01
2.967999999999999972e+00,1.507500000000000000e+02,9.077777777777778567e+01
2.967999999999999972e+00,1.512500000000000000e+02,9.888888888888891415e+01
2.967999999999999972e+00,1.517500000000000000e+02,1.041111111111111285e+02
2.967999999999999972e+00,1.522500000000000000e+02,1.104444444444444571e+02
2.967999999999999972e+00,1.527500000000000000e+02,1.122222222222222285e+02
2.967999999999999972e+00,1.532500000000000000e+02,1.180000000000000000e+02
2.967999999999999972e+00,1.537500000000000000e+02,1.186666666666666714e+02
2.967999999999999972e+00,1.542500000000000000e+02,1.255555555555555429e+02
2.967999999999999972e+00,1.547500000000000000e+02,1.298888888888888857e+02
2.967999999999999972e+00,1.552500000000000000e+02,1.363333333333333144e+02
2.967999999999999972e+00,1.557500000000000000e+02,1.381111111111110858e+02
2.967999999999999972e+00,1.562500000000000000e+02,1.433333333333333144e+02
2.967999999999999972e+00,1.567500000000000000e+02,1.457777777777777430e+02
2.967999999999999972e+00,1.572500000000000000e+02,1.497777777777777430e+02
2.967999999999999972e+00,1.577500000000000000e+02,1.527777777777777430e+02
2.967999999999999972e+00,1.582500000000000000e+02,1.602222222222222001e+02
2.967999999999999972e+00,1.587500000000000000e+02,1.644444444444444287e+02
2.967999999999999972e+00,1.592500000000000000e+02,1.698888888888888573e+02
2.967999999999999972e+00,1.597500000000000000e+02,1.746666666666666288e+02
2.967999999999999972e+00,1.602500000000000000e+02,1.812222222222221717e+02
2.967999999999999972e+00,1.607500000000000000e+02,1.857777777777777430e+02
2.967999999999999972e+00,1.612500000000000000e+02,1.882222222222222001e+02
2.967999999999999972e+00,1.617500000000000000e+02,1.856666666666666572e+02
2.967999999999999972e+00,1.622500000000000000e+02,1.851111111111110858e+02
2.967999999999999972e+00,1.627500000000000000e+02,1.885555555555555429e+02
2.967999999999999972e+00,1.632500000000000000e+02,1.890000000000000000e+02
2.967999999999999972e+00,1.637500000000000000e+02,1.901111111111111143e+02
2.967999999999999972e+00,1.642500000000000000e+02,1.908888888888889142e+02
2.967999999999999972e+00,1.647500000000000000e+02,1.960000000000000284e+02
2.967999999999999972e+00,1.652500000000000000e+02,1.997777777777778283e+02
2.967999999999999972e+00,1.657500000000000000e+02,2.058888888888889426e+02
2.967999999999999972e+00,1.662500000000000000e+02,2.041111111111111711e+02
2.967999999999999972e+00,1.667500000000000000e+02,1.987777777777778283e+02
2.967999999999999972e+00,1.672500000000000000e+02,1.908888888888889426e+02
2.967999999999999972e+00,1.677500000000000000e+02,1.903333333333333997e+02
2.967999999999999972e+00,1.682500000000000000e+02,1.883333333333333997e+02
2.967999999999999972e+00,1.687500000000000000e+02,1.837777777777778283e+02
2.967999999999999972e+00,1.692500000000000000e+02,1.768888888888889142e+02
2.967999999999999972e+00,1.697500000000000000e+02,1.720000000000000000e+02
2.967999999999999972e+00,1.702500000000000000e+02,1.690000000000000000e+02
2.967999999999999972e+00,1.707500000000000000e+02,1.627777777777777999e+02
2.967999999999999972e+00,1.712500000000000000e+02,1.584444444444444571e+02
2.967999999999999972e+00,1.717500000000000000e+02,1.488888888888889142e+02
2.967999999999999972e+00,1.722500000000000000e+02,1.442222222222222570e+02
2.967999999999999972e+00,1.727500000000000000e+02,1.394444444444444855e+02
2.967999999999999972e+00,1.732500000000000000e+02,1.342222222222222570e+02
2.967999999999999972e+00,1.737500000000000000e+02,1.274444444444444713e+02
2.967999999999999972e+00,1.742500000000000000e+02,1.183333333333333712e+02
2.967999999999999972e+00,1.747500000000000000e+02,1.122222222222222712e+02
2.967999999999999972e+00,1.752500000000000000e+02,1.040000000000000426e+02
2.967999999999999972e+00,1.757500000000000000e+02,9.588888888888892836e+01
2.967999999999999972e+00,1.762500000000000000e+02,8.411111111111115690e+01
2.967999999999999972e+00,1.767500000000000000e+02,7.433333333333338544e+01
2.967999999999999972e+00,1.772500000000000000e+02,5.944444444444449260e+01
2.967999999999999972e+00,1.777500000000000000e+02,4.877777777777782831e+01
2.967999999999999972e+00,1.782500000000000000e+02,3.766666666666672114e+01
2.967999999999999972e+00,1.787500000000000000e+02,2.900000000000005329e+01
2.967999999999999972e+00,1.792500000000000000e+02,1.700000000000005329e+01
2.967999999999999972e+00,1.797500000000000000e+02,9.111111111111164007e+00
2.983999999999999986e+00,1.302500000000000000e+02,7.777777777777778567e+00
2.983999999999999986e+00,1.307500000000000000e+02,1.044444444444444464e+01
2.983999999999999986e+00,1.312500000000000000e+02,1.122222222222222321e+01
2.983999999999999986e+00,1.317500000000000000e+02,1.277777777777777857e+01
2.983999999999999986e+00,1.322500000000000000e+02,1.311111111111111249e+01
2.983999999999999986e+00,1.327500000000000000e+02,1.477777777777777857e+01
2.983999999999999986e+00,1.332500000000000000e+02,1.444444444444444464e+01
2.983999999999999986e+00,1.337500000000000000e+02,1.455555555555555713e+01
2.983999999999999986e+00,1.342500000000000000e+02,1.577777777777778034e+01
2.983999999999999986e+00,1.347500000000000000e+02,1.666666666666666785e+01
2.983999999999999986e+00,1.352500000000000000e+02,1.655555555555555713e+01
2.983999999999999986e+00,1.357500000000000000e+02,1.577777777777777857e+01
2.983999999999999986e+00,1.362500000000000000e+02,1.866666666666666785e+01
2.983999999999999986e+00,1.367500000000000000e+02,2.111111111111111072e+01
2.983999999999999986e+00,1.372500000000000000e+02,2.455555555555555713e+01
2.983999999999999986e+00,1.377500000000000000e+02,2.622222222222222499e+01
2.983999999999999986e+00,1.382500000000000000e+02,2.555555555555555713e+01
2.983999999999999986e+00,1.387500000000000000e+02,2.555555555555555713e+01
2.983999999999999986e+00,1.392500000000000000e+02,2.544444444444444642e+01
2.983999999999999986e+00,1.397500000000000000e+02,2.844444444444444642e+01
2.983999999999999986e+00,1.402500000000000000e+02,3.022222222222222499e+01
2.983999999999999986e+00,1.407500000000000000e+02,3.300000000000000000e+01
2.983999999999999986e+00,1.412500000000000000e+02,3.566666666666666430e+01
2.983999999999999986e+00,1.417500000000000000e+02,3.777777777777777857e+01
2.983999999999999986e+00,1.422500000000000000e+02,3.900000000000000000e+01
2.983999999999999986e+00,1.427500000000000000e+02,3.966666666666666430e+01
2.983999999999999986e+00,1.432500000000000000e+02,4.455555555555555003e+01
2.983999999999999986e+00,1.437500000000000000e+02,4.822222222222222143e+01
2.983999999999999986e+00,1.442500000000000000e+02,4.922222222222222143e+01
2.983999999999999986e+00,1.447500000000000000e+02,5.133333333333333570e+01
2.983999999999999986e+00,1.452500000000000000e+02,5.088888888888889284e+01
2.983999999999999986e+00,1.457500000000000000e+02,5.522222222222222854e+01
2.983999999999999986e+00,1.462500000000000000e+02,5.700000000000000000e+01
2.983999999999999986e+00,1.467500000000000000e+02,6.077777777777777146e+01
2.983999999999999986e+00,1.472500000000000000e+02,6.644444444444444287e+01
2.983999999999999986e+00,1.477500000000000000e+02,6.944444444444444287e+01
2.983999999999999986e+00,1.482500000000000000e+02,7.655555555555555713e+01
2.983999999999999986e+00,1.487500000000000000e+02,7.944444444444444287e+01
2.983999999999999986e+00,1.492500000000000000e+02,8.088888888888887152e+01
2.983999999999999986e+00,1.497500000000000000e+02,8.033333333333331439e+01
2.983999999999999986e+00,1.502500000000000000e+02,8.311111111111108585e+01
2.983999999999999986e+00,1.507500000000000000e+02,8.877777777777775725e+01
2.983999999999999986e+00,1.512500000000000000e+02,9.577777777777775725e+01
2.983999999999999986e+00,1.517500000000000000e+02,9.822222222222218591e+01
2.983999999999999986e+00,1.522500000000000000e+02,1.028888888888888573e+02
2.983999999999999986e+00,1.527500000000000000e+02,1.053333333333333002e+02
2.983999999999999986e+00,1.532500000000000000e+02,1.085555555555555287e+02
2.983999999999999986e+00,1.537500000000000000e+02,1.075555555555555287e+02
2.983999999999999986e+00,1.542500000000000000e+02,1.115555555555555287e+02
2.983999999999999986e+00,1.547500000000000000e+02,1.185555555555555287e+02
2.983999999999999986e+00,1.552500000000000000e+02,1.264444444444444144e+02
2.983999999999999986e+00,1.557500000000000000e+02,1.293333333333333144e+02
2.983999999999999986e+00,1.562500000000000000e+02,1.334444444444444287e+02
2.983999999999999986e+00,1.567500000000000000e+02,1.397777777777777430e+02
2.983999999999999986e+00,1.572500000000000000e+02,1.447777777777777430e+02
2.983999999999999986e+00,1.577500000000000000e+02,1.489999999999999716e+02
2.983999999999999986e+00,1.582500000000000000e+02,1.514444444444444287e+02
2.983999999999999986e+00,1.587500000000000000e+02,1.507777777777777430e+02
2.983999999999999986e+00,1.592500000000000000e+02,1.574444444444444287e+02
2.983999999999999986e+00,1.597500000000000000e+02,1.603333333333332860e+02
2.983999999999999986e+00,1.602500000000000000e+02,1.703333333333332860e+02
2.983999999999999986e+00,1.607500000000000000e+02,1.723333333333332860e+02
2.983999999999999986e+00,1.612500000000000000e+02,1.765555555555555145e+02
2.983999999999999986e+00,1.617500000000000000e+02,1.764444444444443718e+02
2.983999999999999986e+00,1.622500000000000000e+02,1.724444444444443718e+02
2.983999999999999986e+00,1.627500000000000000e+02,1.722222222222221717e+02
2.983999999999999986e+00,1.632500000000000000e+02,1.699999999999999716e+02
2.983999999999999986e+00,1.637500000000000000e+02,1.737777777777777430e+02
2.983999999999999986e+00,1.642500000000000000e+02,1.750000000000000000e+02
2.983999999999999986e+00,1.647500000000000000e+02,1.811111111111110858e+02
2.983999999999999986e+00,1.652500000000000000e+02,1.827777777777777430e+02
2.983999999999999986e+00,1.657500000000000000e+02,1.884444444444444287e+02
2.983999999999999986e+00,1.662500000000000000e+02,1.872222222222222001e+02
2.983999999999999986e+00,1.667500000000000000e+02,1.821111111111110858e+02
2.983999999999999986e+00,1.672500000000000000e+02,1.759999999999999716e+02
2.983999999999999986e+00,1.677500000000000000e+02,1.726666666666666288e+02
2.983999999999999986e+00,1.682500000000000000e+02,1.682222222222221717e+02
2.983999999999999986e+00,1.687500000000000000e+02,1.626666666666666288e+02
2.983999999999999986e+00,1.692500000000000000e+02,1.551111111111110858e+02
2.983999999999999986e+00,1.697500000000000000e+02,1.575555555555555429e+02
2.983999999999999986e+00,1.702500000000000000e+02,1.543333333333333144e+02
2.983999999999999986e+00,1.707500000000000000e+02,1.502222222222222001e+02
2.983999999999999986e+00,1.712500000000000000e+02,1.454444444444444287e+02
2.983999999999999986e+00,1.717500000000000000e+02,1.377777777777777430e+02
2.983999999999999986e+00,1.722500000000000000e+02,1.359999999999999716e+02
2.983999999999999986e+00,1.727500000000000000e+02,1.322222222222222001e+02
2.983999999999999986e+00,1.732500000000000000e+02,1.302222222222222001e+02
2.983999999999999986e+00,1.737500000000000000e+02,1.232222222222221859e+02
2.983999999999999986e+00,1.742500000000000000e+02,1.123333333333333002e+02
2.983999999999999986e+00,1.747500000000000000e+02,1.028888888888888431e+02
2.983999999999999986e+00,1.752500000000000000e+02,9.588888888888884310e+01
2.983999999999999986e+00,1.757500000000000000e+02,8.633333333333327175e+01
2.983999999999999986e+00,1.762500000000000000e+02,7.599999999999994316e+01
2.983999999999999986e+00,1.767500000000000000e+02,6.488888888888882889e+01
2.983999999999999986e+00,1.772500000000000000e+02,5.377777777777771462e+01
2.983999999999999986e+00,1.777500000000000000e+02,4.488888888888882178e+01
2.983999999999999986e+00,1.782500000000000000e+02,3.399999999999992895e+01
2.983999999999999986e+00,1.787500000000000000e+02,2.522222222222215393e+01
2.983999999999999986e+00,1.792500000000000000e+02,1.511111111111104321e+01
2.983999999999999986e+00,1.797500000000000000e+02,9.333333333333264648e+00
3.000000000000000000e+00,1.302500000000000000e+02,8.555555555555555358e+00
3.000000000000000000e+00,1.307500000000000000e+02,9.888888888888889284e+00
3.000000000000000000e+00,1.312500000000000000e+02,1.000000000000000000e+01
3.000000000000000000e+00,1.317500000000000000e+02,1.111111111111111249e+01
3.000000000000000000e+00,1.322500000000000000e+02,1.200000000000000000e+01
3.000000000000000000e+00,1.327500000000000000e+02,1.400000000000000000e+01
3.000000000000000000e+00,1.332500000000000000e+02,1.522222222222222143e+01
3.000000000000000000e+00,1.337500000000000000e+02,1.533333333333333393e+01
3.000000000000000000e+00,1.342500000000000000e+02,1.666666666666666785e+01
3.000000000000000000e+00,1.347500000000000000e+02,1.622222222222222143e+01
3.000000000000000000e+00,1.352500000000000000e+02,1.611111111111111072e+01
3.000000000000000000e+00,1.357500000000000000e+02,1.566666666666666430e+01
3.000000000000000000e+00,1.362500000000000000e+02,1.866666666666666430e+01
3.000000000000000000e+00,1.367500000000000000e+02,2.055555555555555358e+01
3.000000000000000000e+00,1.372500000000000000e+02,2.333333333333333215e+01
3.000000000000000000e+00,1.377500000000000000e+02,2.488888888888888573e+01
3.000000000000000000e+00,1.382500000000000000e+02,2.533333333333332860e+01
3.000000000000000000e+00,1.387500000000000000e+02,2.444444444444443931e+01
3.000000000000000000e+00,1.392500000000000000e+02,2.388888888888888573e+01
3.000000000000000000e+00,1.397500000000000000e+02,2.555555555555555358e+01
3.000000000000000000e+00,1.402500000000000000e+02,2.922222222222221788e+01
3.000000000000000000e+00,1.407500000000000000e+02,3.122222222222221788e+01
3.000000000000000000e+00,1.412500000000000000e+02,3.455555555555555003e+01
3.000000000000000000e+00,1.417500000000000000e+02,3.466666666666666430e+01
3.000000000000000000e+00,1.422500000000000000e+02,3.622222222222222143e+01
3.000000000000000000e+00,1.427500000000000000e+02,3.666666666666666430e+01
3.000000000000000000e+00,1.432500000000000000e+02,3.955555555555555003e+01
3.000000000000000000e+00,1.437500000000000000e+02,4.277777777777777146e+01
3.000000000000000000e+00,1.442500000000000000e+02,4.588888888888887863e+01
3.000000000000000000e+00,1.447500000000000000e+02,4.922222222222220722e+01
3.000000000000000000e+00,1.452500000000000000e+02,4.911111111111109295e+01
3.000000000000000000e+00,1.457500000000000000e+02,5.211111111111109295e+01
3.000000000000000000e+00,1.462500000000000000e+02,5.522222222222220722e+01
3.000000000000000000e+00,1.467500000000000000e+02,5.855555555555554292e+01
3.000000000000000000e+00,1.472500000000000000e+02,6.211111111111109295e+01
3.000000000000000000e+00,1.477500000000000000e+02,6.533333333333331439e+01
3.000000000000000000e+00,1.482500000000000000e+02,7.033333333333331439e+01
3.000000000000000000e+00,1.487500000000000000e+02,7.333333333333331439e+01
3.000000000000000000e+00,1.492500000000000000e+02,7.455555555555554292e+01
3.000000000000000000e+00,1.497500000000000000e+02,7.599999999999998579e+01
3.000000000000000000e+00,1.502500000000000000e+02,7.611111111111110006e+01
3.000000000000000000e+00,1.507500000000000000e+02,7.933333333333331439e+01
3.000000000000000000e+00,1.512500000000000000e+02,8.699999999999998579e+01
3.000000000000000000e+00,1.517500000000000000e+02,9.099999999999998579e+01
3.000000000000000000e+00,1.522500000000000000e+02,9.733333333333331439e+01
3.000000000000000000e+00,1.527500000000000000e+02,9.933333333333331439e+01
3.000000000000000000e+00,1.532500000000000000e+02,1.033333333333333144e+02
3.000000000000000000e+00,1.537500000000000000e+02,1.019999999999999858e+02
3.000000000000000000e+00,1.542500000000000000e+02,1.054444444444444144e+02
3.000000000000000000e+00,1.547500000000000000e+02,1.102222222222221859e+02
3.000000000000000000e+00,1.552500000000000000e+02,1.165555555555555287e+02
3.000000000000000000e+00,1.557500000000000000e+02,1.174444444444444144e+02
3.000000000000000000e+00,1.562500000000000000e+02,1.232222222222222143e+02
3.000000000000000000e+00,1.567500000000000000e+02,1.312222222222222001e+02
3.000000000000000000e+00,1.572500000000000000e+02,1.376666666666666572e+02
3.000000000000000000e+00,1.577500000000000000e+02,1.411111111111111143e+02
3.000000000000000000e+00,1.582500000000000000e+02,1.403333333333333428e+02
3.000000000000000000e+00,1.587500000000000000e+02,1.375555555555555429e+02
3.000000000000000000e+00,1.592500000000000000e+02,1.403333333333333428e+02
3.000000000000000000e+00,1.597500000000000000e+02,1.434444444444444571e+02
3.000000000000000000e+00,1.602500000000000000e+02,1.542222222222222570e+02
3.000000000000000000e+00,1.607500000000000000e+02,1.561111111111111143e+02
3.000000000000000000e+00,1.612500000000000000e+02,1.606666666666666572e+02
3.000000000000000000e+00,1.617500000000000000e+02,1.622222222222222001e+02
3.000000000000000000e+00,1.622500000000000000e+02,1.637777777777777715e+02
3.000000000000000000e+00,1.627500000000000000e+02,1.624444444444444287e+02
3.000000000000000000e+00,1.632500000000000000e+02,1.573333333333333428e+02
3.000000000000000000e+00,1.637500000000000000e+02,1.590000000000000000e+02
3.000000000000000000e+00,1.642500000000000000e+02,1.621111111111111143e+02
3.000000000000000000e+00,1.647500000000000000e+02,1.721111111111111143e+02
3.000000000000000000e+00,1.652500000000000000e+02,1.697777777777777999e+02
3.000000000000000000e+00,1.657500000000000000e+02,1.695555555555555713e+02
3.000000000000000000e+00,1.662500000000000000e+02,1.628888888888888857e+02
3.000000000000000000e+00,1.667500000000000000e+02,1.627777777777777999e+02
3.000000000000000000e+00,1.672500000000000000e+02,1.606666666666666856e+02
3.000000000000000000e+00,1.677500000000000000e+02,1.590000000000000284e+02
3.000000000000000000e+00,1.682500000000000000e+02,1.517777777777777999e+02
3.000000000000000000e+00,1.687500000000000000e+02,1.438888888888888857e+02
3.000000000000000000e+00,1.692500000000000000e+02,1.414444444444444571e+02
3.000000000000000000e+00,1.697500000000000000e+02,1.448888888888888857e+02
3.000000000000000000e+00,1.702500000000000000e+02,1.448888888888888857e+02
3.000000000000000000e+00,1.707500000000000000e+02,1.380000000000000000e+02
3.000000000000000000e+00,1.712500000000000000e+02,1.324444444444444571e+02
3.000000000000000000e+00,1.717500000000000000e+02,1.241111111111111285e+02
3.000000000000000000e+00,1.722500000000000000e+02,1.218888888888888999e+02
3.000000000000000000e+00,1.727500000000000000e+02,1.202222222222222285e+02
3.000000000000000000e+00,1.732500000000000000e+02,1.182222222222222285e+02
3.000000000000000000e+00,1.737500000000000000e+02,1.096666666666666714e+02
3.000000000000000000e+00,1.742500000000000000e+02,9.855555555555555713e+01
3.000000000000000000e+00,1.747500000000000000e+02,8.977777777777778567e+01
3.000000000000000000e+00,1.752500000000000000e+02,8.388888888888889994e+01
3.000000000000000000e+00,1.757500000000000000e+02,7.511111111111112848e+01
3.000000000000000000e+00,1.762500000000000000e+02,6.733333333333335702e+01
3.000000000000000000e+00,1.767500000000000000e+02,5.633333333333334991e+01
3.000000000000000000e+00,1.772500000000000000e+02,4.500000000000002132e+01
3.000000000000000000e+00,1.777500000000000000e+02,3.588888888888890705e+01
3.000000000000000000e+00,1.782500000000000000e+02,2.666666666666668561e+01
3.000000000000000000e+00,1.787500000000000000e+02,2.011111111111112848e+01
3.000000000000000000e+00,1.792500000000000000e+02,1.233333333333334991e+01
3.000000000000000000e+00,1.797500000000000000e+02,9.111111111111126704e+00
3.016000000000000014e+00,1.302500000000000000e+02,9.666666666666666075e+00
3.016000000000000014e+00,1.307500000000000000e+02,1.022222222222222143e+01
3.016000000000000014e+00,1.312500000000000000e+02,1.022222222222222143e+01
3.016000000000000014e+00,1.317500000000000000e+02,1.122222222222222143e+01
3.016000000000000014e+00,1.322500000000000000e+02,1.277777777777777679e+01
3.016000000000000014e+00,1.327500000000000000e+02,1.466666666666666430e+01
3.016000000000000014e+00,1.332500000000000000e+02,1.499999999999999822e+01
3.016000000000000014e+00,1.337500000000000000e+02,1.466666666666666430e+01
3.016000000000000014e+00,1.342500000000000000e+02,1.655555555555555358e+01
3.016000000000000014e+00,1.347500000000000000e+02,1.611111111111110716e+01
3.016000000000000014e+00,1.352500000000000000e+02,1.677777777777777501e+01
3.016000000000000014e+00,1.357500000000000000e+02,1.555555555555555181e+01
3.016000000000000014e+00,1.362500000000000000e+02,1.844444444444443931e+01
3.016000000000000014e+00,1.367500000000000000e+02,1.933333333333332860e+01
3.016000000000000014e+00,1.372500000000000000e+02,2.222222222222221788e+01
3.016000000000000014e+00,1.377500000000000000e+02,2.300000000000000000e+01
3.016000000000000014e+00,1.382500000000000000e+02,2.366666666666666785e+01
3.016000000000000014e+00,1.387500000000000000e+02,2.266666666666666785e+01
3.016000000000000014e+00,1.392500000000000000e+02,2.277777777777777501e+01
3.016000000000000014e+00,1.397500000000000000e+02,2.611111111111111072e+01
3.016000000000000014e+00,1.402500000000000000e+02,2.844444444444444287e+01
3.016000000000000014e+00,1.407500000000000000e+02,3.188888888888888573e+01
3.016000000000000014e+00,1.412500000000000000e+02,3.233333333333333570e+01
3.016000000000000014e+00,1.417500000000000000e+02,3.555555555555555713e+01
3.016000000000000014e+00,1.422500000000000000e+02,3.600000000000000000e+01
3.016000000000000014e+00,1.427500000000000000e+02,3.833333333333333570e+01
3.016000000000000014e+00,1.432500000000000000e+02,3.788888888888888573e+01
3.016000000000000014e+00,1.437500000000000000e+02,4.044444444444444287e+01
3.016000000000000014e+00,1.442500000000000000e+02,4.455555555555555003e+01
3.016000000000000014e+00,1.447500000000000000e+02,4.977777777777777146e+01
3.016000000000000014e+00,1.452500000000000000e+02,4.822222222222220722e+01
3.016000000000000014e+00,1.457500000000000000e+02,4.944444444444443576e+01
3.016000000000000014e+00,1.462500000000000000e+02,5.033333333333332149e+01
3.016000000000000014e+00,1.467500000000000000e+02,5.444444444444443576e+01
3.016000000000000014e+00,1.472500000000000000e+02,5.799999999999999289e+01
3.016000000000000014e+00,1.477500000000000000e+02,6.088888888888887863e+01
3.016000000000000014e+00,1.482500000000000000e+02,6.544444444444444287e+01
3.016000000000000014e+00,1.487500000000000000e+02,6.588888888888887152e+01
3.016000000000000014e+00,1.492500000000000000e+02,6.822222222222221433e+01
3.016000000000000014e+00,1.497500000000000000e+02,7.133333333333331439e+01
3.016000000000000014e+00,1.502500000000000000e+02,7.477777777777775725e+01
3.016000000000000014e+00,1.507500000000000000e+02,7.777777777777775725e+01
3.016000000000000014e+00,1.512500000000000000e+02,8.344444444444442865e+01
3.016000000000000014e+00,1.517500000000000000e+02,8.555555555555554292e+01
3.016000000000000014e+00,1.522500000000000000e+02,9.055555555555554292e+01
3.016000000000000014e+00,1.527500000000000000e+02,9.388888888888887152e+01
3.016000000000000014e+00,1.532500000000000000e+02,9.611111111111110006e+01
3.016000000000000014e+00,1.537500000000000000e+02,9.622222222222221433e+01
3.016000000000000014e+00,1.542500000000000000e+02,9.388888888888887152e+01
3.016000000000000014e+00,1.547500000000000000e+02,1.012222222222222143e+02
3.016000000000000014e+00,1.552500000000000000e+02,1.083333333333333144e+02
3.016000000000000014e+00,1.557500000000000000e+02,1.121111111111110858e+02
3.016000000000000014e+00,1.562500000000000000e+02,1.154444444444444144e+02
3.016000000000000014e+00,1.567500000000000000e+02,1.209999999999999858e+02
3.016000000000000014e+00,1.572500000000000000e+02,1.288888888888888857e+02
3.016000000000000014e+00,1.577500000000000000e+02,1.293333333333333144e+02
3.016000000000000014e+00,1.582500000000000000e+02,1.271111111111110858e+02
3.016000000000000014e+00,1.587500000000000000e+02,1.219999999999999858e+02
3.016000000000000014e+00,1.592500000000000000e+02,1.244444444444444144e+02
3.016000000000000014e+00,1.597500000000000000e+02,1.273333333333333144e+02
3.016000000000000014e+00,1.602500000000000000e+02,1.336666666666666572e+02
3.016000000000000014e+00,1.607500000000000000e+02,1.393333333333333144e+02
3.016000000000000014e+00,1.612500000000000000e+02,1.485555555555555429e+02
3.016000000000000014e+00,1.617500000000000000e+02,1.567777777777777715e+02
3.016000000000000014e+00,1.622500000000000000e+02,1.560000000000000000e+02
3.016000000000000014e+00,1.627500000000000000e+02,1.511111111111111143e+02
3.016000000000000014e+00,1.632500000000000000e+02,1.433333333333333428e+02
3.016000000000000014e+00,1.637500000000000000e+02,1.500000000000000000e+02
3.016000000000000014e+00,1.642500000000000000e+02,1.514444444444444571e+02
3.016000000000000014e+00,1.647500000000000000e+02,1.616666666666666572e+02
3.016000000000000014e+00,1.652500000000000000e+02,1.555555555555555429e+02
3.016000000000000014e+00,1.657500000000000000e+02,1.562222222222222001e+02
3.016000000000000014e+00,1.662500000000000000e+02,1.503333333333333428e+02
3.016000000000000014e+00,1.667500000000000000e+02,1.506666666666666572e+02
3.016000000000000014e+00,1.672500000000000000e+02,1.495555555555555429e+02
3.016000000000000014e+00,1.677500000000000000e+02,1.464444444444444287e+02
3.016000000000000014e+00,1.682500000000000000e+02,1.398888888888888857e+02
3.016000000000000014e+00,1.687500000000000000e+02,1.311111111111111143e+02
3.016000000000000014e+00,1.692500000000000000e+02,1.317777777777777715e+02
3.016000000000000014e+00,1.697500000000000000e+02,1.320000000000000000e+02
3.016000000000000014e+00,1.702500000000000000e+02,1.314444444444444287e+02
3.016000000000000014e+00,1.707500000000000000e+02,1.246666666666666714e+02
3.016000000000000014e+00,1.712500000000000000e+02,1.213333333333333286e+02
3.016000000000000014e+00,1.717500000000000000e+02,1.147777777777777715e+02
3.016000000000000014e+00,1.722500000000000000e+02,1.114444444444444429e+02
3.016000000000000014e+00,1.727500000000000000e+02,1.067777777777777715e+02
3.016000000000000014e+00,1.732500000000000000e+02,1.034444444444444429e+02
3.016000000000000014e+00,1.737500000000000000e+02,9.422222222222221433e+01
3.016000000000000014e+00,1.742500000000000000e+02,8.666666666666664298e+01
3.016000000000000014e+00,1.747500000000000000e+02,7.733333333333331439e+01
3.016000000000000014e+00,1.752500000000000000e+02,7.088888888888887152e+01
3.016000000000000014e+00,1.757500000000000000e+02,6.344444444444442155e+01
3.016000000000000014e+00,1.762500000000000000e+02,5.766666666666665009e+01
3.016000000000000014e+00,1.767500000000000000e+02,4.922222222222220012e+01
3.016000000000000014e+00,1.772500000000000000e+02,3.955555555555553582e+01
3.016000000000000014e+00,1.777500000000000000e+02,3.277777777777775725e+01
3.016000000000000014e+00,1.782500000000000000e+02,2.466666666666664653e+01
3.016000000000000014e+00,1.787500000000000000e+02,1.766666666666664653e+01
3.016000000000000014e+00,1.792500000000000000e+02,1.011111111111109118e+01
3.016000000000000014e+00,1.797500000000000000e+02,7.555555555555535818e+00
3.032000000000000028e+00,1.302500000000000000e+02,9.444444444444444642e+00
3.032000000000000028e+00,1.307500000000000000e+02,9.222222222222223209e+00
3.032000000000000028e+00,1.312500000000000000e+02,1.033333333333333570e+01
3.032000000000000028e+00,1.317500000000000000e+02,1.100000000000000178e+01
3.032000000000000028e+00,1.322500000000000000e+02,1.322222222222222321e+01
3.032000000000000028e+00,1.327500000000000000e+02,1.366666666666666607e+01
3.032000000000000028e+00,1.332500000000000000e+02,1.555555555555555536e+01
3.032000000000000028e+00,1.337500000000000000e+02,1.500000000000000000e+01
3.032000000000000028e+00,1.342500000000000000e+02,1.677777777777777857e+01
3.032000000000000028e+00,1.347500000000000000e+02,1.500000000000000000e+01
3.032000000000000028e+00,1.352500000000000000e+02,1.577777777777777679e+01
3.032000000000000028e+00,1.357500000000000000e+02,1.522222222222221966e+01
3.032000000000000028e+00,1.362500000000000000e+02,1.733333333333333215e+01
3.032000000000000028e+00,1.367500000000000000e+02,1.777777777777777501e+01
3.032000000000000028e+00,1.372500000000000000e+02,1.866666666666666785e+01
3.032000000000000028e+00,1.377500000000000000e+02,1.922222222222222499e+01
3.032000000000000028e+00,1.382500000000000000e+02,2.011111111111111427e+01
3.032000000000000028e+00,1.387500000000000000e+02,2.066666666666667140e+01
3.032000000000000028e+00,1.392500000000000000e+02,2.211111111111111427e+01
3.032000000000000028e+00,1.397500000000000000e+02,2.500000000000000000e+01
3.032000000000000028e+00,1.402500000000000000e+02,2.844444444444444287e+01
3.032000000000000028e+00,1.407500000000000000e+02,3.244444444444444287e+01
3.032000000000000028e+00,1.412500000000000000e+02,3.466666666666666430e+01
3.032000000000000028e+00,1.417500000000000000e+02,3.677777777777777857e+01
3.032000000000000028e+00,1.422500000000000000e+02,3.533333333333333570e+01
3.032000000000000028e+00,1.427500000000000000e+02,3.633333333333333570e+01
3.032000000000000028e+00,1.432500000000000000e+02,3.377777777777777857e+01
3.032000000000000028e+00,1.437500000000000000e+02,3.655555555555555003e+01
3.032000000000000028e+00,1.442500000000000000e+02,3.922222222222222143e+01
3.032000000000000028e+00,1.447500000000000000e+02,4.522222222222222143e+01
3.032000000000000028e+00,1.452500000000000000e+02,4.355555555555555003e+01
3.032000000000000028e+00,1.457500000000000000e+02,4.455555555555555003e+01
3.032000000000000028e+00,1.462500000000000000e+02,4.766666666666666430e+01
3.032000000000000028e+00,1.467500000000000000e+02,5.444444444444444997e+01
3.032000000000000028e+00,1.472500000000000000e+02,5.888888888888889284e+01
3.032000000000000028e+00,1.477500000000000000e+02,5.777777777777777857e+01
3.032000000000000028e+00,1.482500000000000000e+02,5.655555555555556424e+01
3.032000000000000028e+00,1.487500000000000000e+02,5.522222222222222854e+01
3.032000000000000028e+00,1.492500000000000000e+02,6.022222222222222854e+01
3.032000000000000028e+00,1.497500000000000000e+02,6.522222222222222854e+01
3.032000000000000028e+00,1.502500000000000000e+02,7.011111111111111427e+01
3.032000000000000028e+00,1.507500000000000000e+02,7.033333333333332860e+01
3.032000000000000028e+00,1.512500000000000000e+02,7.588888888888888573e+01
3.032000000000000028e+00,1.517500000000000000e+02,7.822222222222221433e+01
3.032000000000000028e+00,1.522500000000000000e+02,8.422222222222221433e+01
3.032000000000000028e+00,1.527500000000000000e+02,8.777777777777777146e+01
3.032000000000000028e+00,1.532500000000000000e+02,8.833333333333332860e+01
3.032000000000000028e+00,1.537500000000000000e+02,8.988888888888889994e+01
3.032000000000000028e+00,1.542500000000000000e+02,8.644444444444445708e+01
3.032000000000000028e+00,1.547500000000000000e+02,9.266666666666667140e+01
3.032000000000000028e+00,1.552500000000000000e+02,9.711111111111110006e+01
3.032000000000000028e+00,1.557500000000000000e+02,1.042222222222222143e+02
3.032000000000000028e+00,1.562500000000000000e+02,1.078888888888888715e+02
3.032000000000000028e+00,1.567500000000000000e+02,1.127777777777777715e+02
3.032000000000000028e+00,1.572500000000000000e+02,1.193333333333333286e+02
3.032000000000000028e+00,1.577500000000000000e+02,1.204444444444444571e+02
3.032000000000000028e+00,1.582500000000000000e+02,1.212222222222222285e+02
3.032000000000000028e+00,1.587500000000000000e+02,1.151111111111111285e+02
3.032000000000000028e+00,1.592500000000000000e+02,1.171111111111111285e+02
3.032000000000000028e+00,1.597500000000000000e+02,1.188888888888888999e+02
3.032000000000000028e+00,1.602500000000000000e+02,1.236666666666666714e+02
3.032000000000000028e+00,1.607500000000000000e+02,1.271111111111111001e+02
3.032000000000000028e+00,1.612500000000000000e+02,1.333333333333333428e+02
3.032000000000000028e+00,1.617500000000000000e+02,1.394444444444444287e+02
3.032000000000000028e+00,1.622500000000000000e+02,1.405555555555555429e+02
3.032000000000000028e+00,1.627500000000000000e+02,1.384444444444444287e+02
3.032000000000000028e+00,1.632500000000000000e+02,1.329999999999999716e+02
3.032000000000000028e+00,1.637500000000000000e+02,1.363333333333333144e+02
3.032000000000000028e+00,1.642500000000000000e+02,1.348888888888888857e+02
3.032000000000000028e+00,1.647500000000000000e+02,1.406666666666666572e+02
3.032000000000000028e+00,1.652500000000000000e+02,1.372222222222222001e+02
3.032000000000000028e+00,1.657500000000000000e+02,1.373333333333333428e+02
3.032000000000000028e+00,1.662500000000000000e+02,1.331111111111111143e+02
3.032000000000000028e+00,1.667500000000000000e+02,1.323333333333333428e+02
3.032000000000000028e+00,1.672500000000000000e+02,1.304444444444444571e+02
3.032000000000000028e+00,1.677500000000000000e+02,1.294444444444444571e+02
3.032000000000000028e+00,1.682500000000000000e+02,1.290000000000000284e+02
3.032000000000000028e+00,1.687500000000000000e+02,1.245555555555555856e+02
3.032000000000000028e+00,1.692500000000000000e+02,1.256666666666666856e+02
3.032000000000000028e+00,1.697500000000000000e+02,1.212222222222222427e+02
3.032000000000000028e+00,1.702500000000000000e+02,1.182222222222222427e+02
3.032000000000000028e+00,1.707500000000000000e+02,1.107777777777778141e+02
3.032000000000000028e+00,1.712500000000000000e+02,1.067777777777778141e+02
3.032000000000000028e+00,1.717500000000000000e+02,1.020000000000000426e+02
3.032000000000000028e+00,1.722500000000000000e+02,9.766666666666669983e+01
3.032000000000000028e+00,1.727500000000000000e+02,9.288888888888892836e+01
3.032000000000000028e+00,1.732500000000000000e+02,8.988888888888892836e+01
3.032000000000000028e+00,1.737500000000000000e+02,8.311111111111115690e+01
3.032000000000000028e+00,1.742500000000000000e+02,7.566666666666671404e+01
3.032000000000000028e+00,1.747500000000000000e+02,6.722222222222227117e+01
3.032000000000000028e+00,1.752500000000000000e+02,6.111111111111114980e+01
3.032000000000000028e+00,1.757500000000000000e+02,5.533333333333337123e+01
3.032000000000000028e+00,1.762500000000000000e+02,4.911111111111114269e+01
3.032000000000000028e+00,1.767500000000000000e+02,4.122222222222225696e+01
3.032000000000000028e+00,1.772500000000000000e+02,3.433333333333336412e+01
3.032000000000000028e+00,1.777500000000000000e+02,2.811111111111114269e+01
3.032000000000000028e+00,1.782500000000000000e+02,2.322222222222225341e+01
3.032000000000000028e+00,1.787500000000000000e+02,1.600000000000003197e+01
3.032000000000000028e+00,1.792500000000000000e+02,1.033333333333336412e+01
3.032000000000000028e+00,1.797500000000000000e+02,6.888888888888920370e+00
3.048000000000000043e+00,1.302500000000000000e+02,1.000000000000000000e+01
3.048000000000000043e+00,1.307500000000000000e+02,1.011111111111111249e+01
3.048000000000000043e+00,1.312500000000000000e+02,1.088888888888889106e+01
3.048000000000000043e+00,1.317500000000000000e+02,1.188888888888889106e+01
3.048000000000000043e+00,1.322500000000000000e+02,1.322222222222222321e+01
3.048000000000000043e+00,1.327500000000000000e+02,1.266666666666666963e+01
3.048000000000000043e+00,1.332500000000000000e+02,1.377777777777778034e+01
3.048000000000000043e+00,1.337500000000000000e+02,1.400000000000000178e+01
3.048000000000000043e+00,1.342500000000000000e+02,1.711111111111111427e+01
3.048000000000000043e+00,1.347500000000000000e+02,1.666666666666666785e+01
3.048000000000000043e+00,1.352500000000000000e+02,1.788888888888888928e+01
3.048000000000000043e+00,1.357500000000000000e+02,1.666666666666666785e+01
3.048000000000000043e+00,1.362500000000000000e+02,1.766666666666666785e+01
3.048000000000000043e+00,1.367500000000000000e+02,1.711111111111111072e+01
3.048000000000000043e+00,1.372500000000000000e+02,1.777777777777777857e+01
3.048000000000000043e+00,1.377500000000000000e+02,1.833333333333333215e+01
3.048000000000000043e+00,1.382500000000000000e+02,1.922222222222222143e+01
3.048000000000000043e+00,1.387500000000000000e+02,2.111111111111111072e+01
3.048000000000000043e+00,1.392500000000000000e+02,2.255555555555555358e+01
3.048000000000000043e+00,1.397500000000000000e+02,2.488888888888888573e+01
3.048000000000000043e+00,1.402500000000000000e+02,2.755555555555555358e+01
3.048000000000000043e+00,1.407500000000000000e+02,3.222222222222222143e+01
3.048000000000000043e+00,1.412500000000000000e+02,3.388888888888888573e+01
3.048000000000000043e+00,1.417500000000000000e+02,3.522222222222222143e+01
3.048000000000000043e+00,1.422500000000000000e+02,3.344444444444444287e+01
3.048000000000000043e+00,1.427500000000000000e+02,3.500000000000000000e+01
3.048000000000000043e+00,1.432500000000000000e+02,3.455555555555555713e+01
3.048000000000000043e+00,1.437500000000000000e+02,3.677777777777777857e+01
3.048000000000000043e+00,1.442500000000000000e+02,3.955555555555556424e+01
3.048000000000000043e+00,1.447500000000000000e+02,4.288888888888889284e+01
3.048000000000000043e+00,1.452500000000000000e+02,4.255555555555556424e+01
3.048000000000000043e+00,1.457500000000000000e+02,4.322222222222222854e+01
3.048000000000000043e+00,1.462500000000000000e+02,4.666666666666666430e+01
3.048000000000000043e+00,1.467500000000000000e+02,5.133333333333333570e+01
3.048000000000000043e+00,1.472500000000000000e+02,5.711111111111110716e+01
3.048000000000000043e+00,1.477500000000000000e+02,5.644444444444443576e+01
3.048000000000000043e+00,1.482500000000000000e+02,5.499999999999999289e+01
3.048000000000000043e+00,1.487500000000000000e+02,5.333333333333332149e+01
3.048000000000000043e+00,1.492500000000000000e+02,5.888888888888887863e+01
3.048000000000000043e+00,1.497500000000000000e+02,6.333333333333332149e+01
3.048000000000000043e+00,1.502500000000000000e+02,6.788888888888887152e+01
3.048000000000000043e+00,1.507500000000000000e+02,6.688888888888887152e+01
3.048000000000000043e+00,1.512500000000000000e+02,6.844444444444444287e+01
3.048000000000000043e+00,1.517500000000000000e+02,7.122222222222221433e+01
3.048000000000000043e+00,1.522500000000000000e+02,7.477777777777777146e+01
3.048000000000000043e+00,1.527500000000000000e+02,7.944444444444444287e+01
3.048000000000000043e+00,1.532500000000000000e+02,7.866666666666665719e+01
3.048000000000000043e+00,1.537500000000000000e+02,8.299999999999998579e+01
3.048000000000000043e+00,1.542500000000000000e+02,8.122222222222221433e+01
3.048000000000000043e+00,1.547500000000000000e+02,8.533333333333332860e+01
3.048000000000000043e+00,1.552500000000000000e+02,8.499999999999998579e+01
3.048000000000000043e+00,1.557500000000000000e+02,9.244444444444444287e+01
3.048000000000000043e+00,1.562500000000000000e+02,9.466666666666667140e+01
3.048000000000000043e+00,1.567500000000000000e+02,1.008888888888888999e+02
3.048000000000000043e+00,1.572500000000000000e+02,1.058888888888888999e+02
3.048000000000000043e+00,1.577500000000000000e+02,1.077777777777777857e+02
3.048000000000000043e+00,1.582500000000000000e+02,1.093333333333333286e+02
3.048000000000000043e+00,1.587500000000000000e+02,1.060000000000000000e+02
3.048000000000000043e+00,1.592500000000000000e+02,1.082222222222222285e+02
3.048000000000000043e+00,1.597500000000000000e+02,1.111111111111111285e+02
3.048000000000000043e+00,1.602500000000000000e+02,1.116666666666666714e+02
3.048000000000000043e+00,1.607500000000000000e+02,1.135555555555555429e+02
3.048000000000000043e+00,1.612500000000000000e+02,1.178888888888888715e+02
3.048000000000000043e+00,1.617500000000000000e+02,1.217777777777777715e+02
3.048000000000000043e+00,1.622500000000000000e+02,1.245555555555555429e+02
3.048000000000000043e+00,1.627500000000000000e+02,1.234444444444444144e+02
3.048000000000000043e+00,1.632500000000000000e+02,1.246666666666666430e+02
3.048000000000000043e+00,1.637500000000000000e+02,1.245555555555555429e+02
3.048000000000000043e+00,1.642500000000000000e+02,1.211111111111111001e+02
3.048000000000000043e+00,1.647500000000000000e+02,1.242222222222222143e+02
3.048000000000000043e+00,1.652500000000000000e+02,1.224444444444444429e+02
3.048000000000000043e+00,1.657500000000000000e+02,1.237777777777777715e+02
3.048000000000000043e+00,1.662500000000000000e+02,1.203333333333333286e+02
3.048000000000000043e+00,1.667500000000000000e+02,1.218888888888888999e+02
3.048000000000000043e+00,1.672500000000000000e+02,1.206666666666666714e+02
3.048000000000000043e+00,1.677500000000000000e+02,1.198888888888888715e+02
3.048000000000000043e+00,1.682500000000000000e+02,1.197777777777777573e+02
3.048000000000000043e+00,1.687500000000000000e+02,1.155555555555555287e+02
3.048000000000000043e+00,1.692500000000000000e+02,1.131111111111110858e+02
3.048000000000000043e+00,1.697500000000000000e+02,1.073333333333333144e+02
3.048000000000000043e+00,1.702500000000000000e+02,1.039999999999999858e+02
3.048000000000000043e+00,1.707500000000000000e+02,9.933333333333331439e+01
3.048000000000000043e+00,1.712500000000000000e+02,9.711111111111108585e+01
3.048000000000000043e+00,1.717500000000000000e+02,9.177777777777775725e+01
3.048000000000000043e+00,1.722500000000000000e+02,8.844444444444441444e+01
3.048000000000000043e+00,1.727500000000000000e+02,8.277777777777775725e+01
3.048000000000000043e+00,1.732500000000000000e+02,8.088888888888885731e+01
3.048000000000000043e+00,1.737500000000000000e+02,7.488888888888885731e+01
3.048000000000000043e+00,1.742500000000000000e+02,6.755555555555552871e+01
3.048000000000000043e+00,1.747500000000000000e+02,5.999999999999997158e+01
3.048000000000000043e+00,1.752500000000000000e+02,5.522222222222219301e+01
3.048000000000000043e+00,1.757500000000000000e+02,4.977777777777774304e+01
3.048000000000000043e+00,1.762500000000000000e+02,4.511111111111107874e+01
3.048000000000000043e+00,1.767500000000000000e+02,3.955555555555552161e+01
3.048000000000000043e+00,1.772500000000000000e+02,3.599999999999997158e+01
3.048000000000000043e+00,1.777500000000000000e+02,2.988888888888886086e+01
3.048000000000000043e+00,1.782500000000000000e+02,2.322222222222219656e+01
3.048000000000000043e+00,1.787500000000000000e+02,1.555555555555552871e+01
3.048000000000000043e+00,1.792500000000000000e+02,9.999999999999973355e+00
3.048000000000000043e+00,1.797500000000000000e+02,6.222222222222196564e+00
3.064000000000000057e+00,1.302500000000000000e+02,1.022222222222222321e+01
3.064000000000000057e+00,1.307500000000000000e+02,1.122222222222222321e+01
3.064000000000000057e+00,1.312500000000000000e+02,1.144444444444444464e+01
3.064000000000000057e+00,1.317500000000000000e+02,1.177777777777777857e+01
3.064000000000000057e+00,1.322500000000000000e+02,1.111111111111111249e+01
3.064000000000000057e+00,1.327500000000000000e+02,1.177777777777777857e+01
3.064000000000000057e+00,1.332500000000000000e+02,1.422222222222222321e+01
3.064000000000000057e+00,1.337500000000000000e+02,1.511111111111111249e+01
3.064000000000000057e+00,1.342500000000000000e+02,1.700000000000000000e+01
3.064000000000000057e+00,1.347500000000000000e+02,1.744444444444444642e+01
3.064000000000000057e+00,1.352500000000000000e+02,1.822222222222222499e+01
3.064000000000000057e+00,1.357500000000000000e+02,1.766666666666666785e+01
3.064000000000000057e+00,1.362500000000000000e+02,1.744444444444444287e+01
3.064000000000000057e+00,1.367500000000000000e+02,1.744444444444444287e+01
3.064000000000000057e+00,1.372500000000000000e+02,1.811111111111111072e+01
3.064000000000000057e+00,1.377500000000000000e+02,1.833333333333333215e+01
3.064000000000000057e+00,1.382500000000000000e+02,1.900000000000000000e+01
3.064000000000000057e+00,1.387500000000000000e+02,2.100000000000000000e+01
3.064000000000000057e+00,1.392500000000000000e+02,2.366666666666666785e+01
3.064000000000000057e+00,1.397500000000000000e+02,2.488888888888888928e+01
3.064000000000000057e+00,1.402500000000000000e+02,2.766666666666666785e+01
3.064000000000000057e+00,1.407500000000000000e+02,3.033333333333333215e+01
3.064000000000000057e+00,1.412500000000000000e+02,3.200000000000000000e+01
3.064000000000000057e+00,1.417500000000000000e+02,3.222222222222222143e+01
3.064000000000000057e+00,1.422500000000000000e+02,3.044444444444444287e+01
3.064000000000000057e+00,1.427500000000000000e+02,3.333333333333333570e+01
3.064000000000000057e+00,1.432500000000000000e+02,3.488888888888888573e+01
3.064000000000000057e+00,1.437500000000000000e+02,3.611111111111110716e+01
3.064000000000000057e+00,1.442500000000000000e+02,3.700000000000000000e+01
3.064000000000000057e+00,1.447500000000000000e+02,3.722222222222222143e+01
3.064000000000000057e+00,1.452500000000000000e+02,3.922222222222222143e+01
3.064000000000000057e+00,1.457500000000000000e+02,4.166666666666666430e+01
3.064000000000000057e+00,1.462500000000000000e+02,4.455555555555555003e+01
3.064000000000000057e+00,1.467500000000000000e+02,4.844444444444443576e+01
3.064000000000000057e+00,1.472500000000000000e+02,5.233333333333333570e+01
3.064000000000000057e+00,1.477500000000000000e+02,5.233333333333333570e+01
3.064000000000000057e+00,1.482500000000000000e+02,5.166666666666666430e+01
3.064000000000000057e+00,1.487500000000000000e+02,5.177777777777777146e+01
3.064000000000000057e+00,1.492500000000000000e+02,5.777777777777777146e+01
3.064000000000000057e+00,1.497500000000000000e+02,5.933333333333333570e+01
3.064000000000000057e+00,1.502500000000000000e+02,6.244444444444444997e+01
3.064000000000000057e+00,1.507500000000000000e+02,6.244444444444444997e+01
3.064000000000000057e+00,1.512500000000000000e+02,6.500000000000000000e+01
3.064000000000000057e+00,1.517500000000000000e+02,7.022222222222222854e+01
3.064000000000000057e+00,1.522500000000000000e+02,6.944444444444444287e+01
3.064000000000000057e+00,1.527500000000000000e+02,7.300000000000000000e+01
3.064000000000000057e+00,1.532500000000000000e+02,7.088888888888888573e+01
3.064000000000000057e+00,1.537500000000000000e+02,7.755555555555555713e+01
3.064000000000000057e+00,1.542500000000000000e+02,7.811111111111110006e+01
3.064000000000000057e+00,1.547500000000000000e+02,7.966666666666667140e+01
3.064000000000000057e+00,1.552500000000000000e+02,7.788888888888888573e+01
3.064000000000000057e+00,1.557500000000000000e+02,8.200000000000000000e+01
3.064000000000000057e+00,1.562500000000000000e+02,8.366666666666667140e+01
3.064000000000000057e+00,1.567500000000000000e+02,9.011111111111112848e+01
3.064000000000000057e+00,1.572500000000000000e+02,9.355555555555555713e+01
3.064000000000000057e+00,1.577500000000000000e+02,9.833333333333332860e+01
3.064000000000000057e+00,1.582500000000000000e+02,1.003333333333333286e+02
3.064000000000000057e+00,1.587500000000000000e+02,1.006666666666666714e+02
3.064000000000000057e+00,1.592500000000000000e+02,1.011111111111111285e+02
3.064000000000000057e+00,1.597500000000000000e+02,1.034444444444444571e+02
3.064000000000000057e+00,1.602500000000000000e+02,1.053333333333333570e+02
3.064000000000000057e+00,1.607500000000000000e+02,1.081111111111111285e+02
3.064000000000000057e+00,1.612500000000000000e+02,1.083333333333333286e+02
3.064000000000000057e+00,1.617500000000000000e+02,1.075555555555555429e+02
3.064000000000000057e+00,1.622500000000000000e+02,1.098888888888888715e+02
3.064000000000000057e+00,1.627500000000000000e+02,1.108888888888888715e+02
3.064000000000000057e+00,1.632500000000000000e+02,1.155555555555555429e+02
3.064000000000000057e+00,1.637500000000000000e+02,1.131111111111111001e+02
3.064000000000000057e+00,1.642500000000000000e+02,1.105555555555555429e+02
3.064000000000000057e+00,1.647500000000000000e+02,1.093333333333333286e+02
3.064000000000000057e+00,1.652500000000000000e+02,1.055555555555555429e+02
3.064000000000000057e+00,1.657500000000000000e+02,1.044444444444444144e+02
3.064000000000000057e+00,1.662500000000000000e+02,1.021111111111110858e+02
3.064000000000000057e+00,1.667500000000000000e+02,1.046666666666666430e+02
3.064000000000000057e+00,1.672500000000000000e+02,1.041111111111110858e+02
3.064000000000000057e+00,1.677500000000000000e+02,1.026666666666666288e+02
3.064000000000000057e+00,1.682500000000000000e+02,1.041111111111110716e+02
3.064000000000000057e+00,1.687500000000000000e+02,1.016666666666666288e+02
3.064000000000000057e+00,1.692500000000000000e+02,1.022222222222221859e+02
3.064000000000000057e+00,1.697500000000000000e+02,9.711111111111108585e+01
3.064000000000000057e+00,1.702500000000000000e+02,9.511111111111108585e+01
3.064000000000000057e+00,1.707500000000000000e+02,8.944444444444441444e+01
3.064000000000000057e+00,1.712500000000000000e+02,8.833333333333331439e+01
3.064000000000000057e+00,1.717500000000000000e+02,8.122222222222221433e+01
3.064000000000000057e+00,1.722500000000000000e+02,7.944444444444444287e+01
3.064000000000000057e+00,1.727500000000000000e+02,7.333333333333332860e+01
3.064000000000000057e+00,1.732500000000000000e+02,7.566666666666665719e+01
3.064000000000000057e+00,1.737500000000000000e+02,6.933333333333332860e+01
3.064000000000000057e+00,1.742500000000000000e+02,6.177777777777777146e+01
3.064000000000000057e+00,1.747500000000000000e+02,5.355555555555555003e+01
3.064000000000000057e+00,1.752500000000000000e+02,5.055555555555555003e+01
3.064000000000000057e+00,1.757500000000000000e+02,4.511111111111110716e+01
3.064000000000000057e+00,1.762500000000000000e+02,4.011111111111110716e+01
3.064000000000000057e+00,1.767500000000000000e+02,3.344444444444443576e+01
3.064000000000000057e+00,1.772500000000000000e+02,3.155555555555554648e+01
3.064000000000000057e+00,1.777500000000000000e+02,2.599999999999998934e+01
3.064000000000000057e+00,1.782500000000000000e+02,2.066666666666665719e+01
3.064000000000000057e+00,1.787500000000000000e+02,1.399999999999999112e+01
3.064000000000000057e+00,1.792500000000000000e+02,9.666666666666657193e+00
3.064000000000000057e+00,1.797500000000000000e+02,5.999999999999990230e+00
3.080000000000000071e+00,1.302500000000000000e+02,1.211111111111110894e+01
3.080000000000000071e+00,1.307500000000000000e+02,1.222222222222222143e+01
3.080000000000000071e+00,1.312500000000000000e+02,1.133333333333333393e+01
3.080000000000000071e+00,1.317500000000000000e+02,1.144444444444444464e+01
3.080000000000000071e+00,1.322500000000000000e+02,1.111111111111111249e+01
3.080000000000000071e+00,1.327500000000000000e+02,1.300000000000000000e+01
3.080000000000000071e+00,1.332500000000000000e+02,1.455555555555555536e+01
3.080000000000000071e+00,1.337500000000000000e+02,1.600000000000000000e+01
3.080000000000000071e+00,1.342500000000000000e+02,1.633333333333333215e+01
3.080000000000000071e+00,1.347500000000000000e+02,1.844444444444444287e+01
3.080000000000000071e+00,1.352500000000000000e+02,1.855555555555555358e+01
3.080000000000000071e+00,1.357500000000000000e+02,1.811111111111111072e+01
3.080000000000000071e+00,1.362500000000000000e+02,1.722222222222222143e+01
3.080000000000000071e+00,1.367500000000000000e+02,1.688888888888888928e+01
3.080000000000000071e+00,1.372500000000000000e+02,1.777777777777777501e+01
3.080000000000000071e+00,1.377500000000000000e+02,1.755555555555555358e+01
3.080000000000000071e+00,1.382500000000000000e+02,1.788888888888888573e+01
3.080000000000000071e+00,1.387500000000000000e+02,1.999999999999999645e+01
3.080000000000000071e+00,1.392500000000000000e+02,2.177777777777777146e+01
3.080000000000000071e+00,1.397500000000000000e+02,2.322222222222221433e+01
3.080000000000000071e+00,1.402500000000000000e+02,2.499999999999998934e+01
3.080000000000000071e+00,1.407500000000000000e+02,2.733333333333332504e+01
3.080000000000000071e+00,1.412500000000000000e+02,2.777777777777776791e+01
3.080000000000000071e+00,1.417500000000000000e+02,2.811111111111110006e+01
3.080000000000000071e+00,1.422500000000000000e+02,2.811111111111110006e+01
3.080000000000000071e+00,1.427500000000000000e+02,3.244444444444443576e+01
3.080000000000000071e+00,1.432500000000000000e+02,3.544444444444443576e+01
3.080000000000000071e+00,1.437500000000000000e+02,3.599999999999999289e+01
3.080000000000000071e+00,1.442500000000000000e+02,3.499999999999999289e+01
3.080000000000000071e+00,1.447500000000000000e+02,3.444444444444443576e+01
3.080000000000000071e+00,1.452500000000000000e+02,3.633333333333332149e+01
3.080000000000000071e+00,1.457500000000000000e+02,4.088888888888887863e+01
3.080000000000000071e+00,1.462500000000000000e+02,4.066666666666665719e+01
3.080000000000000071e+00,1.467500000000000000e+02,4.333333333333332149e+01
3.080000000000000071e+00,1.472500000000000000e+02,4.466666666666665719e+01
3.080000000000000071e+00,1.477500000000000000e+02,4.833333333333332149e+01
3.080000000000000071e+00,1.482500000000000000e+02,4.988888888888887863e+01
3.080000000000000071e+00,1.487500000000000000e+02,5.066666666666665719e+01
3.080000000000000071e+00,1.492500000000000000e+02,5.533333333333332149e+01
3.080000000000000071e+00,1.497500000000000000e+02,5.544444444444443576e+01
3.080000000000000071e+00,1.502500000000000000e+02,5.766666666666665719e+01
3.080000000000000071e+00,1.507500000000000000e+02,5.755555555555554292e+01
3.080000000000000071e+00,1.512500000000000000e+02,6.022222222222220722e+01
3.080000000000000071e+00,1.517500000000000000e+02,6.466666666666664298e+01
3.080000000000000071e+00,1.522500000000000000e+02,6.311111111111109295e+01
3.080000000000000071e+00,1.527500000000000000e+02,6.655555555555554292e+01
3.080000000000000071e+00,1.532500000000000000e+02,6.555555555555554292e+01
3.080000000000000071e+00,1.537500000000000000e+02,7.222222222222221433e+01
3.080000000000000071e+00,1.542500000000000000e+02,7.211111111111110006e+01
3.080000000000000071e+00,1.547500000000000000e+02,7.388888888888888573e+01
3.080000000000000071e+00,1.552500000000000000e+02,7.155555555555555713e+01
3.080000000000000071e+00,1.557500000000000000e+02,7.388888888888888573e+01
3.080000000000000071e+00,1.562500000000000000e+02,7.533333333333332860e+01
3.080000000000000071e+00,1.567500000000000000e+02,7.966666666666667140e+01
3.080000000000000071e+00,1.572500000000000000e+02,8.455555555555555713e+01
3.080000000000000071e+00,1.577500000000000000e+02,8.844444444444444287e+01
3.080000000000000071e+00,1.582500000000000000e+02,9.066666666666667140e+01
3.080000000000000071e+00,1.587500000000000000e+02,8.988888888888889994e+01
3.080000000000000071e+00,1.592500000000000000e+02,8.844444444444445708e+01
3.080000000000000071e+00,1.597500000000000000e+02,9.344444444444445708e+01
3.080000000000000071e+00,1.602500000000000000e+02,9.411111111111112848e+01
3.080000000000000071e+00,1.607500000000000000e+02,9.833333333333335702e+01
3.080000000000000071e+00,1.612500000000000000e+02,9.822222222222224275e+01
3.080000000000000071e+00,1.617500000000000000e+02,9.955555555555558556e+01
3.080000000000000071e+00,1.622500000000000000e+02,1.025555555555555856e+02
3.080000000000000071e+00,1.627500000000000000e+02,1.007777777777777857e+02
3.080000000000000071e+00,1.632500000000000000e+02,1.033333333333333570e+02
3.080000000000000071e+00,1.637500000000000000e+02,1.026666666666666856e+02
3.080000000000000071e+00,1.642500000000000000e+02,1.008888888888889142e+02
3.080000000000000071e+00,1.647500000000000000e+02,1.025555555555555856e+02
3.080000000000000071e+00,1.652500000000000000e+02,9.633333333333335702e+01
3.080000000000000071e+00,1.657500000000000000e+02,9.766666666666668561e+01
3.080000000000000071e+00,1.662500000000000000e+02,9.233333333333335702e+01
3.080000000000000071e+00,1.667500000000000000e+02,9.522222222222224275e+01
3.080000000000000071e+00,1.672500000000000000e+02,9.244444444444447129e+01
3.080000000000000071e+00,1.677500000000000000e+02,9.133333333333337123e+01
3.080000000000000071e+00,1.682500000000000000e+02,9.122222222222227117e+01
3.080000000000000071e+00,1.687500000000000000e+02,8.822222222222227117e+01
3.080000000000000071e+00,1.692500000000000000e+02,8.866666666666669983e+01
3.080000000000000071e+00,1.697500000000000000e+02,8.266666666666669983e+01
3.080000000000000071e+00,1.702500000000000000e+02,8.433333333333337123e+01
3.080000000000000071e+00,1.707500000000000000e+02,8.022222222222225696e+01
3.080000000000000071e+00,1.712500000000000000e+02,8.088888888888892836e+01
3.080000000000000071e+00,1.717500000000000000e+02,7.122222222222225696e+01
3.080000000000000071e+00,1.722500000000000000e+02,6.855555555555558556e+01
3.080000000000000071e+00,1.727500000000000000e+02,6.422222222222225696e+01
3.080000000000000071e+00,1.732500000000000000e+02,6.800000000000004263e+01
3.080000000000000071e+00,1.737500000000000000e+02,6.322222222222226407e+01
3.080000000000000071e+00,1.742500000000000000e+02,5.522222222222226407e+01
3.080000000000000071e+00,1.747500000000000000e+02,4.744444444444448550e+01
3.080000000000000071e+00,1.752500000000000000e+02,4.255555555555559977e+01
3.080000000000000071e+00,1.757500000000000000e+02,3.911111111111115690e+01
3.080000000000000071e+00,1.762500000000000000e+02,3.477777777777782120e+01
3.080000000000000071e+00,1.767500000000000000e+02,3.100000000000004619e+01
3.080000000000000071e+00,1.772500000000000000e+02,2.788888888888893192e+01
3.080000000000000071e+00,1.777500000000000000e+02,2.277777777777781765e+01
3.080000000000000071e+00,1.782500000000000000e+02,1.722222222222226407e+01
3.080000000000000071e+00,1.787500000000000000e+02,1.233333333333337656e+01
3.080000000000000071e+00,1.792500000000000000e+02,7.888888888888931916e+00
3.080000000000000071e+00,1.797500000000000000e+02,4.777777777777820312e+00
3.096000000000000085e+00,1.302500000000000000e+02,1.122222222222222143e+01
3.096000000000000085e+00,1.307500000000000000e+02,1.200000000000000000e+01
3.096000000000000085e+00,1.312500000000000000e+02,1.211111111111111249e+01
3.096000000000000085e+00,1.317500000000000000e+02,1.111111111111111249e+01
3.096000000000000085e+00,1.322500000000000000e+02,1.133333333333333393e+01
3.096000000000000085e+00,1.327500000000000000e+02,1.388888888888889106e+01
3.096000000000000085e+00,1.332500000000000000e+02,1.511111111111111249e+01
3.096000000000000085e+00,1.337500000000000000e+02,1.633333333333333215e+01
3.096000000000000085e+00,1.342500000000000000e+02,1.511111111111110894e+01
3.096000000000000085e+00,1.347500000000000000e+02,1.822222222222221788e+01
3.096000000000000085e+00,1.352500000000000000e+02,1.677777777777777501e+01
3.096000000000000085e+00,1.357500000000000000e+02,1.755555555555555358e+01
3.096000000000000085e+00,1.362500000000000000e+02,1.722222222222221788e+01
3.096000000000000085e+00,1.367500000000000000e+02,1.877777777777777501e+01
3.096000000000000085e+00,1.372500000000000000e+02,1.877777777777777501e+01
3.096000000000000085e+00,1.377500000000000000e+02,1.755555555555555358e+01
3.096000000000000085e+00,1.382500000000000000e+02,1.711111111111111072e+01
3.096000000000000085e+00,1.387500000000000000e+02,1.833333333333333215e+01
3.096000000000000085e+00,1.392500000000000000e+02,1.988888888888888928e+01
3.096000000000000085e+00,1.397500000000000000e+02,2.188888888888888573e+01
3.096000000000000085e+00,1.402500000000000000e+02,2.288888888888888573e+01
3.096000000000000085e+00,1.407500000000000000e+02,2.511111111111111072e+01
3.096000000000000085e+00,1.412500000000000000e+02,2.566666666666666785e+01
3.096000000000000085e+00,1.417500000000000000e+02,2.655555555555555713e+01
3.096000000000000085e+00,1.422500000000000000e+02,2.655555555555555713e+01
3.096000000000000085e+00,1.427500000000000000e+02,2.933333333333333215e+01
3.096000000000000085e+00,1.432500000000000000e+02,3.211111111111110716e+01
3.096000000000000085e+00,1.437500000000000000e+02,3.344444444444444287e+01
3.096000000000000085e+00,1.442500000000000000e+02,3.200000000000000000e+01
3.096000000000000085e+00,1.447500000000000000e+02,3.355555555555555003e+01
3.096000000000000085e+00,1.452500000000000000e+02,3.344444444444443576e+01
3.096000000000000085e+00,1.457500000000000000e+02,3.788888888888888573e+01
3.096000000000000085e+00,1.462500000000000000e+02,3.533333333333333570e+01
3.096000000000000085e+00,1.467500000000000000e+02,3.922222222222222143e+01
3.096000000000000085e+00,1.472500000000000000e+02,3.900000000000000000e+01
3.096000000000000085e+00,1.477500000000000000e+02,4.277777777777777857e+01
3.096000000000000085e+00,1.482500000000000000e+02,4.533333333333333570e+01
3.096000000000000085e+00,1.487500000000000000e+02,4.855555555555556424e+01
3.096000000000000085e+00,1.492500000000000000e+02,5.288888888888889284e+01
3.096000000000000085e+00,1.497500000000000000e+02,5.122222222222222854e+01
3.096000000000000085e+00,1.502500000000000000e+02,5.255555555555556424e+01
3.096000000000000085e+00,1.507500000000000000e+02,5.333333333333333570e+01
3.096000000000000085e+00,1.512500000000000000e+02,5.877777777777777857e+01
3.096000000000000085e+00,1.517500000000000000e+02,6.122222222222222854e+01
3.096000000000000085e+00,1.522500000000000000e+02,6.000000000000000711e+01
3.096000000000000085e+00,1.527500000000000000e+02,6.144444444444445708e+01
3.096000000000000085e+00,1.532500000000000000e+02,6.077777777777779278e+01
3.096000000000000085e+00,1.537500000000000000e+02,6.488888888888889994e+01
3.096000000000000085e+00,1.542500000000000000e+02,6.466666666666667140e+01
3.096000000000000085e+00,1.547500000000000000e+02,6.877777777777778567e+01
3.096000000000000085e+00,1.552500000000000000e+02,7.000000000000000000e+01
3.096000000000000085e+00,1.557500000000000000e+02,6.955555555555555713e+01
3.096000000000000085e+00,1.562500000000000000e+02,6.800000000000000000e+01
3.096000000000000085e+00,1.567500000000000000e+02,6.922222222222222854e+01
3.096000000000000085e+00,1.572500000000000000e+02,7.366666666666667140e+01
3.096000000000000085e+00,1.577500000000000000e+02,7.655555555555555713e+01
3.096000000000000085e+00,1.582500000000000000e+02,7.844444444444444287e+01
3.096000000000000085e+00,1.587500000000000000e+02,7.966666666666667140e+01
3.096000000000000085e+00,1.592500000000000000e+02,8.177777777777777146e+01
3.096000000000000085e+00,1.597500000000000000e+02,8.766666666666667140e+01
3.096000000000000085e+00,1.602500000000000000e+02,9.022222222222221433e+01
3.096000000000000085e+00,1.607500000000000000e+02,9.566666666666667140e+01
3.096000000000000085e+00,1.612500000000000000e+02,9.355555555555555713e+01
3.096000000000000085e+00,1.617500000000000000e+02,9.400000000000000000e+01
3.096000000000000085e+00,1.622500000000000000e+02,9.400000000000000000e+01
3.096000000000000085e+00,1.627500000000000000e+02,9.255555555555554292e+01
3.096000000000000085e+00,1.632500000000000000e+02,9.211111111111108585e+01
3.096000000000000085e+00,1.637500000000000000e+02,9.177777777777775725e+01
3.096000000000000085e+00,1.642500000000000000e+02,8.988888888888887152e+01
3.096000000000000085e+00,1.647500000000000000e+02,8.944444444444444287e+01
3.096000000000000085e+00,1.652500000000000000e+02,8.488888888888887152e+01
3.096000000000000085e+00,1.657500000000000000e+02,8.733333333333331439e+01
3.096000000000000085e+00,1.662500000000000000e+02,8.444444444444441444e+01
3.096000000000000085e+00,1.667500000000000000e+02,8.477777777777775725e+01
3.096000000000000085e+00,1.672500000000000000e+02,8.344444444444441444e+01
3.096000000000000085e+00,1.677500000000000000e+02,8.199999999999998579e+01
3.096000000000000085e+00,1.682500000000000000e+02,8.399999999999998579e+01
3.096000000000000085e+00,1.687500000000000000e+02,7.966666666666664298e+01
3.096000000000000085e+00,1.692500000000000000e+02,7.966666666666664298e+01
3.096000000000000085e+00,1.697500000000000000e+02,7.255555555555554292e+01
3.096000000000000085e+00,1.702500000000000000e+02,7.488888888888887152e+01
3.096000000000000085e+00,1.707500000000000000e+02,7.355555555555554292e+01
3.096000000000000085e+00,1.712500000000000000e+02,7.388888888888887152e+01
3.096000000000000085e+00,1.717500000000000000e+02,6.688888888888887152e+01
3.096000000000000085e+00,1.722500000000000000e+02,6.322222222222220722e+01
3.096000000000000085e+00,1.727500000000000000e+02,5.633333333333331439e+01
3.096000000000000085e+00,1.732500000000000000e+02,5.766666666666665009e+01
3.096000000000000085e+00,1.737500000000000000e+02,5.411111111111109295e+01
3.096000000000000085e+00,1.742500000000000000e+02,4.944444444444442865e+01
3.096000000000000085e+00,1.747500000000000000e+02,4.166666666666665009e+01
3.096000000000000085e+00,1.752500000000000000e+02,3.611111111111109295e+01
3.096000000000000085e+00,1.757500000000000000e+02,3.411111111111109295e+01
3.096000000000000085e+00,1.762500000000000000e+02,3.044444444444442510e+01
3.096000000000000085e+00,1.767500000000000000e+02,2.711111111111108940e+01
3.096000000000000085e+00,1.772500000000000000e+02,2.477777777777775725e+01
3.096000000000000085e+00,1.777500000000000000e+02,2.122222222222220012e+01
3.096000000000000085e+00,1.782500000000000000e+02,1.699999999999997513e+01
3.096000000000000085e+00,1.787500000000000000e+02,1.177777777777775192e+01
3.096000000000000085e+00,1.792500000000000000e+02,6.999999999999974243e+00
3.096000000000000085e+00,1.797500000000000000e+02,4.222222222222195676e+00
3.112000000000000099e+00,1.302500000000000000e+02,1.055555555555555536e+01
3.112000000000000099e+00,1.307500000000000000e+02,1.055555555555555536e+01
3.112000000000000099e+00,1.312500000000000000e+02,1.155555555555555713e+01
3.112000000000000099e+00,1.317500000000000000e+02,1.033333333333333570e+01
3.112000000000000099e+00,1.322500000000000000e+02,1.222222222222222321e+01
3.112000000000000099e+00,1.327500000000000000e+02,1.322222222222222321e+01
3.112000000000000099e+00,1.332500000000000000e+02,1.422222222222222321e+01
3.112000000000000099e+00,1.337500000000000000e+02,1.544444444444444819e+01
3.112000000000000099e+00,1.342500000000000000e+02,1.422222222222222321e+01
3.112000000000000099e+00,1.347500000000000000e+02,1.600000000000000355e+01
3.112000000000000099e+00,1.352500000000000000e+02,1.500000000000000178e+01
3.112000000000000099e+00,1.357500000000000000e+02,1.566666666666666963e+01
3.112000000000000099e+00,1.362500000000000000e+02,1.633333333333333570e+01
3.112000000000000099e+00,1.367500000000000000e+02,1.711111111111111427e+01
3.112000000000000099e+00,1.372500000000000000e+02,1.777777777777778212e+01
3.112000000000000099e+00,1.377500000000000000e+02,1.688888888888888928e+01
3.112000000000000099e+00,1.382500000000000000e+02,1.744444444444444642e+01
3.112000000000000099e+00,1.387500000000000000e+02,1.877777777777778212e+01
3.112000000000000099e+00,1.392500000000000000e+02,1.877777777777778212e+01
3.112000000000000099e+00,1.397500000000000000e+02,1.933333333333333570e+01
3.112000000000000099e+00,1.402500000000000000e+02,1.911111111111111427e+01
3.112000000000000099e+00,1.407500000000000000e+02,2.166666666666667140e+01
3.112000000000000099e+00,1.412500000000000000e+02,2.277777777777778212e+01
3.112000000000000099e+00,1.417500000000000000e+02,2.388888888888888928e+01
3.112000000000000099e+00,1.422500000000000000e+02,2.611111111111111427e+01
3.112000000000000099e+00,1.427500000000000000e+02,2.633333333333333215e+01
3.112000000000000099e+00,1.432500000000000000e+02,2.911111111111111427e+01
3.112000000000000099e+00,1.437500000000000000e+02,3.022222222222222499e+01
3.112000000000000099e+00,1.442500000000000000e+02,3.033333333333333215e+01
3.112000000000000099e+00,1.447500000000000000e+02,3.188888888888888928e+01
3.112000000000000099e+00,1.452500000000000000e+02,3.100000000000000000e+01
3.112000000000000099e+00,1.457500000000000000e+02,3.533333333333333570e+01
3.112000000000000099e+00,1.462500000000000000e+02,3.533333333333333570e+01
3.112000000000000099e+00,1.467500000000000000e+02,3.866666666666666430e+01
3.112000000000000099e+00,1.472500000000000000e+02,3.844444444444444997e+01
3.112000000000000099e+00,1.477500000000000000e+02,4.122222222222222143e+01
3.112000000000000099e+00,1.482500000000000000e+02,4.155555555555555713e+01
3.112000000000000099e+00,1.487500000000000000e+02,4.255555555555555713e+01
3.112000000000000099e+00,1.492500000000000000e+02,4.388888888888889284e+01
3.112000000000000099e+00,1.497500000000000000e+02,4.488888888888889284e+01
3.112000000000000099e+00,1.502500000000000000e+02,4.722222222222222854e+01
3.112000000000000099e+00,1.507500000000000000e+02,4.866666666666667851e+01
3.112000000000000099e+00,1.512500000000000000e+02,5.277777777777779278e+01
3.112000000000000099e+00,1.517500000000000000e+02,5.433333333333334281e+01
3.112000000000000099e+00,1.522500000000000000e+02,5.511111111111112137e+01
3.112000000000000099e+00,1.527500000000000000e+02,5.611111111111112137e+01
3.112000000000000099e+00,1.532500000000000000e+02,5.633333333333334991e+01
3.112000000000000099e+00,1.537500000000000000e+02,6.022222222222223564e+01
3.112000000000000099e+00,1.542500000000000000e+02,6.066666666666668561e+01
3.112000000000000099e+00,1.547500000000000000e+02,6.488888888888889994e+01
3.112000000000000099e+00,1.552500000000000000e+02,6.222222222222223564e+01
3.112000000000000099e+00,1.557500000000000000e+02,6.233333333333334991e+01
3.112000000000000099e+00,1.562500000000000000e+02,6.255555555555557845e+01
3.112000000000000099e+00,1.567500000000000000e+02,6.788888888888891415e+01
3.112000000000000099e+00,1.572500000000000000e+02,7.044444444444447129e+01
3.112000000000000099e+00,1.577500000000000000e+02,7.066666666666669983e+01
3.112000000000000099e+00,1.582500000000000000e+02,6.988888888888891415e+01
3.112000000000000099e+00,1.587500000000000000e+02,7.277777777777779988e+01
3.112000000000000099e+00,1.592500000000000000e+02,7.622222222222224275e+01
3.112000000000000099e+00,1.597500000000000000e+02,8.133333333333335702e+01
3.112000000000000099e+00,1.602500000000000000e+02,8.344444444444447129e+01
3.112000000000000099e+00,1.607500000000000000e+02,8.344444444444447129e+01
3.112000000000000099e+00,1.612500000000000000e+02,8.122222222222224275e+01
3.112000000000000099e+00,1.617500000000000000e+02,8.011111111111112848e+01
3.112000000000000099e+00,1.622500000000000000e+02,8.388888888888891415e+01
3.112000000000000099e+00,1.627500000000000000e+02,8.477777777777781409e+01
3.112000000000000099e+00,1.632500000000000000e+02,8.444444444444447129e+01
3.112000000000000099e+00,1.637500000000000000e+02,8.333333333333337123e+01
3.112000000000000099e+00,1.642500000000000000e+02,8.111111111111114269e+01
3.112000000000000099e+00,1.647500000000000000e+02,8.155555555555558556e+01
3.112000000000000099e+00,1.652500000000000000e+02,8.066666666666669983e+01
3.112000000000000099e+00,1.657500000000000000e+02,8.366666666666669983e+01
3.112000000000000099e+00,1.662500000000000000e+02,7.855555555555558556e+01
3.112000000000000099e+00,1.667500000000000000e+02,7.566666666666669983e+01
3.112000000000000099e+00,1.672500000000000000e+02,7.166666666666669983e+01
3.112000000000000099e+00,1.677500000000000000e+02,7.266666666666669983e+01
3.112000000000000099e+00,1.682500000000000000e+02,7.400000000000004263e+01
3.112000000000000099e+00,1.687500000000000000e+02,7.100000000000004263e+01
3.112000000000000099e+00,1.692500000000000000e+02,6.988888888888892836e+01
3.112000000000000099e+00,1.697500000000000000e+02,6.488888888888892836e+01
3.112000000000000099e+00,1.702500000000000000e+02,6.633333333333338544e+01
3.112000000000000099e+00,1.707500000000000000e+02,6.444444444444449971e+01
3.112000000000000099e+00,1.712500000000000000e+02,6.244444444444449260e+01
3.112000000000000099e+00,1.717500000000000000e+02,5.866666666666671404e+01
3.112000000000000099e+00,1.722500000000000000e+02,5.577777777777782831e+01
3.112000000000000099e+00,1.727500000000000000e+02,5.177777777777782831e+01
3.112000000000000099e+00,1.732500000000000000e+02,5.044444444444449260e+01
3.112000000000000099e+00,1.737500000000000000e+02,4.822222222222227828e+01
3.112000000000000099e+00,1.742500000000000000e+02,4.488888888888894257e+01
3.112000000000000099e+00,1.747500000000000000e+02,3.733333333333338544e+01
3.112000000000000099e+00,1.752500000000000000e+02,3.133333333333338544e+01
3.112000000000000099e+00,1.757500000000000000e+02,2.977777777777782831e+01
3.112000000000000099e+00,1.762500000000000000e+02,2.855555555555560332e+01
3.112000000000000099e+00,1.767500000000000000e+02,2.611111111111116045e+01
3.112000000000000099e+00,1.772500000000000000e+02,2.344444444444449616e+01
3.112000000000000099e+00,1.777500000000000000e+02,1.988888888888893902e+01
3.112000000000000099e+00,1.782500000000000000e+02,1.644444444444449260e+01
3.112000000000000099e+00,1.787500000000000000e+02,1.133333333333338011e+01
3.112000000000000099e+00,1.792500000000000000e+02,7.111111111111159566e+00
3.112000000000000099e+00,1.797500000000000000e+02,4.888888888888936357e+00
3.128000000000000114e+00,1.302500000000000000e+02,9.555555555555555358e+00
3.128000000000000114e+00,1.307500000000000000e+02,1.111111111111111249e+01
3.128000000000000114e+00,1.312500000000000000e+02,1.233333333333333393e+01
3.128000000000000114e+00,1.317500000000000000e+02,1.033333333333333393e+01
3.128000000000000114e+00,1.322500000000000000e+02,1.055555555555555536e+01
3.128000000000000114e+00,1.327500000000000000e+02,1.200000000000000000e+01
3.128000000000000114e+00,1.332500000000000000e+02,1.355555555555555536e+01
3.128000000000000114e+00,1.337500000000000000e+02,1.466666666666666607e+01
3.128000000000000114e+00,1.342500000000000000e+02,1.411111111111111249e+01
3.128000000000000114e+00,1.347500000000000000e+02,1.555555555555555713e+01
3.128000000000000114e+00,1.352500000000000000e+02,1.488888888888889106e+01
3.128000000000000114e+00,1.357500000000000000e+02,1.500000000000000178e+01
3.128000000000000114e+00,1.362500000000000000e+02,1.622222222222222499e+01
3.128000000000000114e+00,1.367500000000000000e+02,1.788888888888888928e+01
3.128000000000000114e+00,1.372500000000000000e+02,1.811111111111111072e+01
3.128000000000000114e+00,1.377500000000000000e+02,1.688888888888888928e+01
3.128000000000000114e+00,1.382500000000000000e+02,1.855555555555555713e+01
3.128000000000000114e+00,1.387500000000000000e+02,2.011111111111111427e+01
3.128000000000000114e+00,1.392500000000000000e+02,2.077777777777778212e+01
3.128000000000000114e+00,1.397500000000000000e+02,1.955555555555556069e+01
3.128000000000000114e+00,1.402500000000000000e+02,1.844444444444444642e+01
3.128000000000000114e+00,1.407500000000000000e+02,2.088888888888889284e+01
3.128000000000000114e+00,1.412500000000000000e+02,2.188888888888889639e+01
3.128000000000000114e+00,1.417500000000000000e+02,2.344444444444445352e+01
3.128000000000000114e+00,1.422500000000000000e+02,2.411111111111111782e+01
3.128000000000000114e+00,1.427500000000000000e+02,2.400000000000001066e+01
3.128000000000000114e+00,1.432500000000000000e+02,2.566666666666667496e+01
3.128000000000000114e+00,1.437500000000000000e+02,2.733333333333334281e+01
3.128000000000000114e+00,1.442500000000000000e+02,2.822222222222223209e+01
3.128000000000000114e+00,1.447500000000000000e+02,2.933333333333334281e+01
3.128000000000000114e+00,1.452500000000000000e+02,2.988888888888889994e+01
3.128000000000000114e+00,1.457500000000000000e+02,3.388888888888889994e+01
3.128000000000000114e+00,1.462500000000000000e+02,3.566666666666667851e+01
3.128000000000000114e+00,1.467500000000000000e+02,3.700000000000000711e+01
3.128000000000000114e+00,1.472500000000000000e+02,3.655555555555556424e+01
3.128000000000000114e+00,1.477500000000000000e+02,3.800000000000000711e+01
3.128000000000000114e+00,1.482500000000000000e+02,3.855555555555556424e+01
3.128000000000000114e+00,1.487500000000000000e+02,3.933333333333334281e+01
3.128000000000000114e+00,1.492500000000000000e+02,4.022222222222222854e+01
3.128000000000000114e+00,1.497500000000000000e+02,4.000000000000000711e+01
3.128000000000000114e+00,1.502500000000000000e+02,4.144444444444445708e+01
3.128000000000000114e+00,1.507500000000000000e+02,4.311111111111112137e+01
3.128000000000000114e+00,1.512500000000000000e+02,4.677777777777779278e+01
3.128000000000000114e+00,1.517500000000000000e+02,4.888888888888889284e+01
3.128000000000000114e+00,1.522500000000000000e+02,5.144444444444445708e+01
3.128000000000000114e+00,1.527500000000000000e+02,5.288888888888889284e+01
3.128000000000000114e+00,1.532500000000000000e+02,5.377777777777779278e+01
3.128000000000000114e+00,1.537500000000000000e+02,5.555555555555556424e+01
3.128000000000000114e+00,1.542500000000000000e+02,5.855555555555556424e+01
3.128000000000000114e+00,1.547500000000000000e+02,5.988888888888889284e+01
3.128000000000000114e+00,1.552500000000000000e+02,5.922222222222222854e+01
3.128000000000000114e+00,1.557500000000000000e+02,5.633333333333334281e+01
3.128000000000000114e+00,1.562500000000000000e+02,5.988888888888889284e+01
3.128000000000000114e+00,1.567500000000000000e+02,6.311111111111111427e+01
3.128000000000000114e+00,1.572500000000000000e+02,6.411111111111111427e+01
3.128000000000000114e+00,1.577500000000000000e+02,6.366666666666666430e+01
3.128000000000000114e+00,1.582500000000000000e+02,6.333333333333333570e+01
3.128000000000000114e+00,1.587500000000000000e+02,6.933333333333332860e+01
3.128000000000000114e+00,1.592500000000000000e+02,7.211111111111110006e+01
3.128000000000000114e+00,1.597500000000000000e+02,7.344444444444444287e+01
3.128000000000000114e+00,1.602500000000000000e+02,7.200000000000000000e+01
3.128000000000000114e+00,1.607500000000000000e+02,7.222222222222222854e+01
3.128000000000000114e+00,1.612500000000000000e+02,7.222222222222222854e+01
3.128000000000000114e+00,1.617500000000000000e+02,7.311111111111111427e+01
3.128000000000000114e+00,1.622500000000000000e+02,7.544444444444444287e+01
3.128000000000000114e+00,1.627500000000000000e+02,7.744444444444444287e+01
3.128000000000000114e+00,1.632500000000000000e+02,7.777777777777778567e+01
3.128000000000000114e+00,1.637500000000000000e+02,7.655555555555555713e+01
3.128000000000000114e+00,1.642500000000000000e+02,7.688888888888889994e+01
3.128000000000000114e+00,1.647500000000000000e+02,7.655555555555555713e+01
3.128000000000000114e+00,1.652500000000000000e+02,7.611111111111112848e+01
3.128000000000000114e+00,1.657500000000000000e+02,7.566666666666668561e+01
3.128000000000000114e+00,1.662500000000000000e+02,7.233333333333335702e+01
3.128000000000000114e+00,1.667500000000000000e+02,6.922222222222224275e+01
3.128000000000000114e+00,1.672500000000000000e+02,6.555555555555557135e+01
3.128000000000000114e+00,1.677500000000000000e+02,6.600000000000001421e+01
3.128000000000000114e+00,1.682500000000000000e+02,6.555555555555558556e+01
3.128000000000000114e+00,1.687500000000000000e+02,6.355555555555557845e+01
3.128000000000000114e+00,1.692500000000000000e+02,6.155555555555557845e+01
3.128000000000000114e+00,1.697500000000000000e+02,5.944444444444446418e+01
3.128000000000000114e+00,1.702500000000000000e+02,5.955555555555557845e+01
3.128000000000000114e+00,1.707500000000000000e+02,5.911111111111114269e+01
3.128000000000000114e+00,1.712500000000000000e+02,5.677777777777780699e+01
3.128000000000000114e+00,1.717500000000000000e+02,5.488888888888891415e+01
3.128000000000000114e+00,1.722500000000000000e+02,5.300000000000002132e+01
3.128000000000000114e+00,1.727500000000000000e+02,4.933333333333334991e+01
3.128000000000000114e+00,1.732500000000000000e+02,4.600000000000002132e+01
3.128000000000000114e+00,1.737500000000000000e+02,4.222222222222224275e+01
3.128000000000000114e+00,1.742500000000000000e+02,4.166666666666668561e+01
3.128000000000000114e+00,1.747500000000000000e+02,3.700000000000002132e+01
3.128000000000000114e+00,1.752500000000000000e+02,3.266666666666668561e+01
3.128000000000000114e+00,1.757500000000000000e+02,2.911111111111112848e+01
3.128000000000000114e+00,1.762500000000000000e+02,2.755555555555557135e+01
3.128000000000000114e+00,1.767500000000000000e+02,2.488888888888890349e+01
3.128000000000000114e+00,1.772500000000000000e+02,2.166666666666668561e+01
3.128000000000000114e+00,1.777500000000000000e+02,1.855555555555557490e+01
3.128000000000000114e+00,1.782500000000000000e+02,1.444444444444446241e+01
3.128000000000000114e+00,1.787500000000000000e+02,1.000000000000001599e+01
3.128000000000000114e+00,1.792500000000000000e+02,6.222222222222239196e+00
3.128000000000000114e+00,1.797500000000000000e+02,5.000000000000016875e+00
3.144000000000000128e+00,1.302500000000000000e+02,9.777777777777776791e+00
3.144000000000000128e+00,1.307500000000000000e+02,1.177777777777777679e+01
3.144000000000000128e+00,1.312500000000000000e+02,1.244444444444444287e+01
3.144000000000000128e+00,1.317500000000000000e+02,1.099999999999999822e+01
3.144000000000000128e+00,1.322500000000000000e+02,1.011111111111110894e+01
3.144000000000000128e+00,1.327500000000000000e+02,1.166666666666666607e+01
3.144000000000000128e+00,1.332500000000000000e+02,1.377777777777777857e+01
3.144000000000000128e+00,1.337500000000000000e+02,1.444444444444444464e+01
3.144000000000000128e+00,1.342500000000000000e+02,1.333333333333333393e+01
3.144000000000000128e+00,1.347500000000000000e+02,1.322222222222222143e+01
3.144000000000000128e+00,1.352500000000000000e+02,1.344444444444444287e+01
3.144000000000000128e+00,1.357500000000000000e+02,1.277777777777777679e+01
3.144000000000000128e+00,1.362500000000000000e+02,1.433333333333333037e+01
3.144000000000000128e+00,1.367500000000000000e+02,1.511111111111110894e+01
3.144000000000000128e+00,1.372500000000000000e+02,1.699999999999999645e+01
3.144000000000000128e+00,1.377500000000000000e+02,1.622222222222221788e+01
3.144000000000000128e+00,1.382500000000000000e+02,1.855555555555555358e+01
3.144000000000000128e+00,1.387500000000000000e+02,1.999999999999999645e+01
3.144000000000000128e+00,1.392500000000000000e+02,2.011111111111111072e+01
3.144000000000000128e+00,1.397500000000000000e+02,1.844444444444444287e+01
3.144000000000000128e+00,1.402500000000000000e+02,1.755555555555555358e+01
3.144000000000000128e+00,1.407500000000000000e+02,2.044444444444444287e+01
3.144000000000000128e+00,1.412500000000000000e+02,2.077777777777777501e+01
3.144000000000000128e+00,1.417500000000000000e+02,2.188888888888888573e+01
3.144000000000000128e+00,1.422500000000000000e+02,2.266666666666666075e+01
3.144000000000000128e+00,1.427500000000000000e+02,2.288888888888888573e+01
3.144000000000000128e+00,1.432500000000000000e+02,2.566666666666666075e+01
3.144000000000000128e+00,1.437500000000000000e+02,2.588888888888888573e+01
3.144000000000000128e+00,1.442500000000000000e+02,2.711111111111110361e+01
3.144000000000000128e+00,1.447500000000000000e+02,2.522222222222221433e+01
3.144000000000000128e+00,1.452500000000000000e+02,2.799999999999998934e+01
3.144000000000000128e+00,1.457500000000000000e+02,3.155555555555554648e+01
3.144000000000000128e+00,1.462500000000000000e+02,3.577777777777777146e+01
3.144000000000000128e+00,1.467500000000000000e+02,3.566666666666665719e+01
3.144000000000000128e+00,1.472500000000000000e+02,3.677777777777777146e+01
3.144000000000000128e+00,1.477500000000000000e+02,3.655555555555555003e+01
3.144000000000000128e+00,1.482500000000000000e+02,3.622222222222222143e+01
3.144000000000000128e+00,1.487500000000000000e+02,3.344444444444443576e+01
3.144000000000000128e+00,1.492500000000000000e+02,3.399999999999999289e+01
3.144000000000000128e+00,1.497500000000000000e+02,3.555555555555554292e+01
3.144000000000000128e+00,1.502500000000000000e+02,3.822222222222220722e+01
3.144000000000000128e+00,1.507500000000000000e+02,4.011111111111109295e+01
3.144000000000000128e+00,1.512500000000000000e+02,4.233333333333332149e+01
3.144000000000000128e+00,1.517500000000000000e+02,4.433333333333331439e+01
3.144000000000000128e+00,1.522500000000000000e+02,4.599999999999997868e+01
3.144000000000000128e+00,1.527500000000000000e+02,4.744444444444442155e+01
3.144000000000000128e+00,1.532500000000000000e+02,4.933333333333330728e+01
3.144000000000000128e+00,1.537500000000000000e+02,5.077777777777775015e+01
3.144000000000000128e+00,1.542500000000000000e+02,5.444444444444442155e+01
3.144000000000000128e+00,1.547500000000000000e+02,5.699999999999997868e+01
3.144000000000000128e+00,1.552500000000000000e+02,5.833333333333331439e+01
3.144000000000000128e+00,1.557500000000000000e+02,5.666666666666665009e+01
3.144000000000000128e+00,1.562500000000000000e+02,5.877777777777775015e+01
3.144000000000000128e+00,1.567500000000000000e+02,6.177777777777775015e+01
3.144000000000000128e+00,1.572500000000000000e+02,6.155555555555553582e+01
3.144000000000000128e+00,1.577500000000000000e+02,6.222222222222220012e+01
3.144000000000000128e+00,1.582500000000000000e+02,6.099999999999997868e+01
3.144000000000000128e+00,1.587500000000000000e+02,6.522222222222221433e+01
3.144000000000000128e+00,1.592500000000000000e+02,6.377777777777776436e+01
3.144000000000000128e+00,1.597500000000000000e+02,6.422222222222221433e+01
3.144000000000000128e+00,1.602500000000000000e+02,6.055555555555554292e+01
3.144000000000000128e+00,1.607500000000000000e+02,6.144444444444442865e+01
3.144000000000000128e+00,1.612500000000000000e+02,6.311111111111109295e+01
3.144000000000000128e+00,1.617500000000000000e+02,6.588888888888887152e+01
3.144000000000000128e+00,1.622500000000000000e+02,6.711111111111110006e+01
3.144000000000000128e+00,1.627500000000000000e+02,6.555555555555554292e+01
3.144000000000000128e+00,1.632500000000000000e+02,6.755555555555554292e+01
3.144000000000000128e+00,1.637500000000000000e+02,7.111111111111110006e+01
3.144000000000000128e+00,1.642500000000000000e+02,7.277777777777775725e+01
3.144000000000000128e+00,1.647500000000000000e+02,7.344444444444442865e+01
3.144000000000000128e+00,1.652500000000000000e+02,7.022222222222221433e+01
3.144000000000000128e+00,1.657500000000000000e+02,7.133333333333331439e+01
3.144000000000000128e+00,1.662500000000000000e+02,6.555555555555552871e+01
3.144000000000000128e+00,1.667500000000000000e+02,6.244444444444442155e+01
3.144000000000000128e+00,1.672500000000000000e+02,5.633333333333331439e+01
3.144000000000000128e+00,1.677500000000000000e+02,5.811111111111109295e+01
3.144000000000000128e+00,1.682500000000000000e+02,5.688888888888887863e+01
3.144000000000000128e+00,1.687500000000000000e+02,5.722222222222220722e+01
3.144000000000000128e+00,1.692500000000000000e+02,5.611111111111109295e+01
3.144000000000000128e+00,1.697500000000000000e+02,5.711111111111109295e+01
3.144000000000000128e+00,1.702500000000000000e+02,5.477777777777776436e+01
3.144000000000000128e+00,1.707500000000000000e+02,5.244444444444442865e+01
3.144000000000000128e+00,1.712500000000000000e+02,4.866666666666665009e+01
3.144000000000000128e+00,1.717500000000000000e+02,4.944444444444442865e+01
3.144000000000000128e+00,1.722500000000000000e+02,4.866666666666665009e+01
3.144000000000000128e+00,1.727500000000000000e+02,4.699999999999997868e+01
3.144000000000000128e+00,1.732500000000000000e+02,4.244444444444442155e+01
3.144000000000000128e+00,1.737500000000000000e+02,3.911111111111109295e+01
3.144000000000000128e+00,1.742500000000000000e+02,3.677777777777775725e+01
3.144000000000000128e+00,1.747500000000000000e+02,3.433333333333331439e+01
3.144000000000000128e+00,1.752500000000000000e+02,3.022222222222220012e+01
3.144000000000000128e+00,1.757500000000000000e+02,2.677777777777775370e+01
3.144000000000000128e+00,1.762500000000000000e+02,2.488888888888886797e+01
3.144000000000000128e+00,1.767500000000000000e+02,2.155555555555553227e+01
3.144000000000000128e+00,1.772500000000000000e+02,1.744444444444442155e+01
3.144000000000000128e+00,1.777500000000000000e+02,1.466666666666664298e+01
3.144000000000000128e+00,1.782500000000000000e+02,1.111111111111108585e+01
3.144000000000000128e+00,1.787500000000000000e+02,8.888888888888864415e+00
3.144000000000000128e+00,1.792500000000000000e+02,5.222222222222197452e+00
3.144000000000000128e+00,1.797500000000000000e+02,4.222222222222197452e+00
3.160000000000000142e+00,1.302500000000000000e+02,9.666666666666666075e+00
3.160000000000000142e+00,1.307500000000000000e+02,1.155555555555555536e+01
3.160000000000000142e+00,1.312500000000000000e+02,1.200000000000000000e+01
3.160000000000000142e+00,1.317500000000000000e+02,1.122222222222222143e+01
3.160000000000000142e+00,1.322500000000000000e+02,9.333333333333333925e+00
3.160000000000000142e+00,1.327500000000000000e+02,1.055555555555555536e+01
3.160000000000000142e+00,1.332500000000000000e+02,1.111111111111111249e+01
3.160000000000000142e+00,1.337500000000000000e+02,1.177777777777777857e+01
3.160000000000000142e+00,1.342500000000000000e+02,1.111111111111111249e+01
3.160000000000000142e+00,1.347500000000000000e+02,1.233333333333333393e+01
3.160000000000000142e+00,1.352500000000000000e+02,1.388888888888888751e+01
3.160000000000000142e+00,1.357500000000000000e+02,1.344444444444444287e+01
3.160000000000000142e+00,1.362500000000000000e+02,1.566666666666666430e+01
3.160000000000000142e+00,1.367500000000000000e+02,1.622222222222221788e+01
3.160000000000000142e+00,1.372500000000000000e+02,1.799999999999999645e+01
3.160000000000000142e+00,1.377500000000000000e+02,1.677777777777777146e+01
3.160000000000000142e+00,1.382500000000000000e+02,1.766666666666666075e+01
3.160000000000000142e+00,1.387500000000000000e+02,1.888888888888888218e+01
3.160000000000000142e+00,1.392500000000000000e+02,1.877777777777777146e+01
3.160000000000000142e+00,1.397500000000000000e+02,1.911111111111110361e+01
3.160000000000000142e+00,1.402500000000000000e+02,1.855555555555554648e+01
3.160000000000000142e+00,1.407500000000000000e+02,2.211111111111110361e+01
3.160000000000000142e+00,1.412500000000000000e+02,2.111111111111110361e+01
3.160000000000000142e+00,1.417500000000000000e+02,2.166666666666666075e+01
3.160000000000000142e+00,1.422500000000000000e+02,2.088888888888888218e+01
3.160000000000000142e+00,1.427500000000000000e+02,2.188888888888888573e+01
3.160000000000000142e+00,1.432500000000000000e+02,2.388888888888888573e+01
3.160000000000000142e+00,1.437500000000000000e+02,2.466666666666666785e+01
3.160000000000000142e+00,1.442500000000000000e+02,2.611111111111111427e+01
3.160000000000000142e+00,1.447500000000000000e+02,2.455555555555555713e+01
3.160000000000000142e+00,1.452500000000000000e+02,2.677777777777778212e+01
3.160000000000000142e+00,1.457500000000000000e+02,2.900000000000000355e+01
3.160000000000000142e+00,1.462500000000000000e+02,3.222222222222222854e+01
3.160000000000000142e+00,1.467500000000000000e+02,3.311111111111111427e+01
3.160000000000000142e+00,1.472500000000000000e+02,3.466666666666666430e+01
3.160000000000000142e+00,1.477500000000000000e+02,3.500000000000000000e+01
3.160000000000000142e+00,1.482500000000000000e+02,3.388888888888888573e+01
3.160000000000000142e+00,1.487500000000000000e+02,3.300000000000000000e+01
3.160000000000000142e+00,1.492500000000000000e+02,3.633333333333333570e+01
3.160000000000000142e+00,1.497500000000000000e+02,3.777777777777777857e+01
3.160000000000000142e+00,1.502500000000000000e+02,3.877777777777777857e+01
3.160000000000000142e+00,1.507500000000000000e+02,3.755555555555556424e+01
3.160000000000000142e+00,1.512500000000000000e+02,3.911111111111111427e+01
3.160000000000000142e+00,1.517500000000000000e+02,3.900000000000000000e+01
3.160000000000000142e+00,1.522500000000000000e+02,4.155555555555555003e+01
3.160000000000000142e+00,1.527500000000000000e+02,4.333333333333333570e+01
3.160000000000000142e+00,1.532500000000000000e+02,4.711111111111111427e+01
3.160000000000000142e+00,1.537500000000000000e+02,4.644444444444444997e+01
3.160000000000000142e+00,1.542500000000000000e+02,4.766666666666666430e+01
3.160000000000000142e+00,1.547500000000000000e+02,4.844444444444443576e+01
3.160000000000000142e+00,1.552500000000000000e+02,5.177777777777777146e+01
3.160000000000000142e+00,1.557500000000000000e+02,5.222222222222222143e+01
3.160000000000000142e+00,1.562500000000000000e+02,5.355555555555555003e+01
3.160000000000000142e+00,1.567500000000000000e+02,5.533333333333333570e+01
3.160000000000000142e+00,1.572500000000000000e+02,5.566666666666666430e+01
3.160000000000000142e+00,1.577500000000000000e+02,5.800000000000000000e+01
3.160000000000000142e+00,1.582500000000000000e+02,5.766666666666666430e+01
3.160000000000000142e+00,1.587500000000000000e+02,6.033333333333333570e+01
3.160000000000000142e+00,1.592500000000000000e+02,5.844444444444444997e+01
3.160000000000000142e+00,1.597500000000000000e+02,5.944444444444444997e+01
3.160000000000000142e+00,1.602500000000000000e+02,5.488888888888889284e+01
3.160000000000000142e+00,1.607500000000000000e+02,5.766666666666666430e+01
3.160000000000000142e+00,1.612500000000000000e+02,5.777777777777777146e+01
3.160000000000000142e+00,1.617500000000000000e+02,6.466666666666665719e+01
3.160000000000000142e+00,1.622500000000000000e+02,6.211111111111110716e+01
3.160000000000000142e+00,1.627500000000000000e+02,6.088888888888888573e+01
3.160000000000000142e+00,1.632500000000000000e+02,5.933333333333333570e+01
3.160000000000000142e+00,1.637500000000000000e+02,6.344444444444444997e+01
3.160000000000000142e+00,1.642500000000000000e+02,6.644444444444444287e+01
3.160000000000000142e+00,1.647500000000000000e+02,7.000000000000000000e+01
3.160000000000000142e+00,1.652500000000000000e+02,6.677777777777778567e+01
3.160000000000000142e+00,1.657500000000000000e+02,6.544444444444444287e+01
3.160000000000000142e+00,1.662500000000000000e+02,5.877777777777777857e+01
3.160000000000000142e+00,1.667500000000000000e+02,5.822222222222222854e+01
3.160000000000000142e+00,1.672500000000000000e+02,5.388888888888889284e+01
3.160000000000000142e+00,1.677500000000000000e+02,5.522222222222222854e+01
3.160000000000000142e+00,1.682500000000000000e+02,5.266666666666667851e+01
3.160000000000000142e+00,1.687500000000000000e+02,5.288888888888889284e+01
3.160000000000000142e+00,1.692500000000000000e+02,5.177777777777777857e+01
3.160000000000000142e+00,1.697500000000000000e+02,5.300000000000000000e+01
3.160000000000000142e+00,1.702500000000000000e+02,4.966666666666666430e+01
3.160000000000000142e+00,1.707500000000000000e+02,4.755555555555556424e+01
3.160000000000000142e+00,1.712500000000000000e+02,4.388888888888889284e+01
3.160000000000000142e+00,1.717500000000000000e+02,4.588888888888889284e+01
3.160000000000000142e+00,1.722500000000000000e+02,4.477777777777777857e+01
3.160000000000000142e+00,1.727500000000000000e+02,4.277777777777777857e+01
3.160000000000000142e+00,1.732500000000000000e+02,3.777777777777777857e+01
3.160000000000000142e+00,1.737500000000000000e+02,3.544444444444444997e+01
3.160000000000000142e+00,1.742500000000000000e+02,3.244444444444444997e+01
3.160000000000000142e+00,1.747500000000000000e+02,3.200000000000000000e+01
3.160000000000000142e+00,1.752500000000000000e+02,2.700000000000000000e+01
3.160000000000000142e+00,1.757500000000000000e+02,2.511111111111111072e+01
3.160000000000000142e+00,1.762500000000000000e+02,2.211111111111111072e+01
3.160000000000000142e+00,1.767500000000000000e+02,1.977777777777777501e+01
3.160000000000000142e+00,1.772500000000000000e+02,1.633333333333333215e+01
3.160000000000000142e+00,1.777500000000000000e+02,1.322222222222221966e+01
3.160000000000000142e+00,1.782500000000000000e+02,9.333333333333330373e+00
3.160000000000000142e+00,1.787500000000000000e+02,6.666666666666663410e+00
3.160000000000000142e+00,1.792500000000000000e+02,3.333333333333329929e+00
3.160000000000000142e+00,1.797500000000000000e+02,2.555555555555552250e+00
3.176000000000000156e+00,1.302500000000000000e+02,8.888888888888887507e+00
3.176000000000000156e+00,1.307500000000000000e+02,1.000000000000000000e+01
3.176000000000000156e+00,1.312500000000000000e+02,1.066666666666666607e+01
3.176000000000000156e+00,1.317500000000000000e+02,1.000000000000000000e+01
3.176000000000000156e+00,1.322500000000000000e+02,9.666666666666666075e+00
3.176000000000000156e+00,1.327500000000000000e+02,1.055555555555555536e+01
3.176000000000000156e+00,1.332500000000000000e+02,1.188888888888889106e+01
3.176000000000000156e+00,1.337500000000000000e+02,1.288888888888889106e+01
3.176000000000000156e+00,1.342500000000000000e+02,1.177777777777777857e+01
3.176000000000000156e+00,1.347500000000000000e+02,1.166666666666666607e+01
3.176000000000000156e+00,1.352500000000000000e+02,1.266666666666666607e+01
3.176000000000000156e+00,1.357500000000000000e+02,1.333333333333333393e+01
3.176000000000000156e+00,1.362500000000000000e+02,1.566666666666666607e+01
3.176000000000000156e+00,1.367500000000000000e+02,1.588888888888889106e+01
3.176000000000000156e+00,1.372500000000000000e+02,1.755555555555555713e+01
3.176000000000000156e+00,1.377500000000000000e+02,1.744444444444444642e+01
3.176000000000000156e+00,1.382500000000000000e+02,1.644444444444444642e+01
3.176000000000000156e+00,1.387500000000000000e+02,1.788888888888888928e+01
3.176000000000000156e+00,1.392500000000000000e+02,1.633333333333333215e+01
3.176000000000000156e+00,1.397500000000000000e+02,1.833333333333333215e+01
3.176000000000000156e+00,1.402500000000000000e+02,1.744444444444444642e+01
3.176000000000000156e+00,1.407500000000000000e+02,2.055555555555555713e+01
3.176000000000000156e+00,1.412500000000000000e+02,1.977777777777777857e+01
3.176000000000000156e+00,1.417500000000000000e+02,1.944444444444444642e+01
3.176000000000000156e+00,1.422500000000000000e+02,2.011111111111111072e+01
3.176000000000000156e+00,1.427500000000000000e+02,2.077777777777777857e+01
3.176000000000000156e+00,1.432500000000000000e+02,2.388888888888888928e+01
3.176000000000000156e+00,1.437500000000000000e+02,2.333333333333333215e+01
3.176000000000000156e+00,1.442500000000000000e+02,2.522222222222222499e+01
3.176000000000000156e+00,1.447500000000000000e+02,2.400000000000000000e+01
3.176000000000000156e+00,1.452500000000000000e+02,2.566666666666666785e+01
3.176000000000000156e+00,1.457500000000000000e+02,2.677777777777777501e+01
3.176000000000000156e+00,1.462500000000000000e+02,2.777777777777777501e+01
3.176000000000000156e+00,1.467500000000000000e+02,3.055555555555555358e+01
3.176000000000000156e+00,1.472500000000000000e+02,3.266666666666666430e+01
3.176000000000000156e+00,1.477500000000000000e+02,3.499999999999999289e+01
3.176000000000000156e+00,1.482500000000000000e+02,3.355555555555555003e+01
3.176000000000000156e+00,1.487500000000000000e+02,3.266666666666666430e+01
3.176000000000000156e+00,1.492500000000000000e+02,3.622222222222222143e+01
3.176000000000000156e+00,1.497500000000000000e+02,3.822222222222222143e+01
3.176000000000000156e+00,1.502500000000000000e+02,3.744444444444444287e+01
3.176000000000000156e+00,1.507500000000000000e+02,3.655555555555555003e+01
3.176000000000000156e+00,1.512500000000000000e+02,3.833333333333333570e+01
3.176000000000000156e+00,1.517500000000000000e+02,3.955555555555555713e+01
3.176000000000000156e+00,1.522500000000000000e+02,3.900000000000000000e+01
3.176000000000000156e+00,1.527500000000000000e+02,3.966666666666666430e+01
3.176000000000000156e+00,1.532500000000000000e+02,4.422222222222222143e+01
3.176000000000000156e+00,1.537500000000000000e+02,4.411111111111110716e+01
3.176000000000000156e+00,1.542500000000000000e+02,4.422222222222222143e+01
3.176000000000000156e+00,1.547500000000000000e+02,4.333333333333333570e+01
3.176000000000000156e+00,1.552500000000000000e+02,4.566666666666666430e+01
3.176000000000000156e+00,1.557500000000000000e+02,4.700000000000000000e+01
3.176000000000000156e+00,1.562500000000000000e+02,4.711111111111110716e+01
3.176000000000000156e+00,1.567500000000000000e+02,5.077777777777777146e+01
3.176000000000000156e+00,1.572500000000000000e+02,5.122222222222220722e+01
3.176000000000000156e+00,1.577500000000000000e+02,5.444444444444443576e+01
3.176000000000000156e+00,1.582500000000000000e+02,5.355555555555554292e+01
3.176000000000000156e+00,1.587500000000000000e+02,5.544444444444443576e+01
3.176000000000000156e+00,1.592500000000000000e+02,5.144444444444443576e+01
3.176000000000000156e+00,1.597500000000000000e+02,5.211111111111110716e+01
3.176000000000000156e+00,1.602500000000000000e+02,5.044444444444443576e+01
3.176000000000000156e+00,1.607500000000000000e+02,5.444444444444443576e+01
3.176000000000000156e+00,1.612500000000000000e+02,5.355555555555555003e+01
3.176000000000000156e+00,1.617500000000000000e+02,5.711111111111110716e+01
3.176000000000000156e+00,1.622500000000000000e+02,5.611111111111110716e+01
3.176000000000000156e+00,1.627500000000000000e+02,5.666666666666665719e+01
3.176000000000000156e+00,1.632500000000000000e+02,5.488888888888887863e+01
3.176000000000000156e+00,1.637500000000000000e+02,5.688888888888887863e+01
3.176000000000000156e+00,1.642500000000000000e+02,5.655555555555554292e+01
3.176000000000000156e+00,1.647500000000000000e+02,5.911111111111109295e+01
3.176000000000000156e+00,1.652500000000000000e+02,5.655555555555554292e+01
3.176000000000000156e+00,1.657500000000000000e+02,5.677777777777777146e+01
3.176000000000000156e+00,1.662500000000000000e+02,5.111111111111110716e+01
3.176000000000000156e+00,1.667500000000000000e+02,5.111111111111110716e+01
3.176000000000000156e+00,1.672500000000000000e+02,5.033333333333332149e+01
3.176000000000000156e+00,1.677500000000000000e+02,5.255555555555554292e+01
3.176000000000000156e+00,1.682500000000000000e+02,5.277777777777777146e+01
3.176000000000000156e+00,1.687500000000000000e+02,5.144444444444443576e+01
3.176000000000000156e+00,1.692500000000000000e+02,4.977777777777777146e+01
3.176000000000000156e+00,1.697500000000000000e+02,4.922222222222220722e+01
3.176000000000000156e+00,1.702500000000000000e+02,4.444444444444442865e+01
3.176000000000000156e+00,1.707500000000000000e+02,4.199999999999997868e+01
3.176000000000000156e+00,1.712500000000000000e+02,3.744444444444442865e+01
3.176000000000000156e+00,1.717500000000000000e+02,3.966666666666665009e+01
3.176000000000000156e+00,1.722500000000000000e+02,3.755555555555554292e+01
3.176000000000000156e+00,1.727500000000000000e+02,3.677777777777776436e+01
3.176000000000000156e+00,1.732500000000000000e+02,3.255555555555553582e+01
3.176000000000000156e+00,1.737500000000000000e+02,3.266666666666665009e+01
3.176000000000000156e+00,1.742500000000000000e+02,2.766666666666664653e+01
3.176000000000000156e+00,1.747500000000000000e+02,2.755555555555553227e+01
3.176000000000000156e+00,1.752500000000000000e+02,2.188888888888886797e+01
3.176000000000000156e+00,1.757500000000000000e+02,2.233333333333331083e+01
3.176000000000000156e+00,1.762500000000000000e+02,1.911111111111108940e+01
3.176000000000000156e+00,1.767500000000000000e+02,1.711111111111108940e+01
3.176000000000000156e+00,1.772500000000000000e+02,1.388888888888886619e+01
3.176000000000000156e+00,1.777500000000000000e+02,1.099999999999997691e+01
3.176000000000000156e+00,1.782500000000000000e+02,7.888888888888865303e+00
3.176000000000000156e+00,1.787500000000000000e+02,5.444444444444421549e+00
3.176000000000000156e+00,1.792500000000000000e+02,2.777777777777755031e+00
3.176000000000000156e+00,1.797500000000000000e+02,2.333333333333310389e+00
3.192000000000000171e+00,1.302500000000000000e+02,7.444444444444445530e+00
3.192000000000000171e+00,1.307500000000000000e+02,8.444444444444444642e+00
3.192000000000000171e+00,1.312500000000000000e+02,9.666666666666667851e+00
3.192000000000000171e+00,1.317500000000000000e+02,9.666666666666667851e+00
3.192000000000000171e+00,1.322500000000000000e+02,1.044444444444444464e+01
3.192000000000000171e+00,1.327500000000000000e+02,1.066666666666666607e+01
3.192000000000000171e+00,1.332500000000000000e+02,1.155555555555555536e+01
3.192000000000000171e+00,1.337500000000000000e+02,1.244444444444444287e+01
3.192000000000000171e+00,1.342500000000000000e+02,1.311111111111110894e+01
3.192000000000000171e+00,1.347500000000000000e+02,1.288888888888888751e+01
3.192000000000000171e+00,1.352500000000000000e+02,1.366666666666666607e+01
3.192000000000000171e+00,1.357500000000000000e+02,1.344444444444444464e+01
3.192000000000000171e+00,1.362500000000000000e+02,1.455555555555555713e+01
3.192000000000000171e+00,1.367500000000000000e+02,1.500000000000000000e+01
3.192000000000000171e+00,1.372500000000000000e+02,1.611111111111111072e+01
3.192000000000000171e+00,1.377500000000000000e+02,1.633333333333333215e+01
3.192000000000000171e+00,1.382500000000000000e+02,1.499999999999999822e+01
3.192000000000000171e+00,1.387500000000000000e+02,1.588888888888888573e+01
3.192000000000000171e+00,1.392500000000000000e+02,1.522222222222221966e+01
3.192000000000000171e+00,1.397500000000000000e+02,1.733333333333333215e+01
3.192000000000000171e+00,1.402500000000000000e+02,1.722222222222221788e+01
3.192000000000000171e+00,1.407500000000000000e+02,1.988888888888888573e+01
3.192000000000000171e+00,1.412500000000000000e+02,1.966666666666666075e+01
3.192000000000000171e+00,1.417500000000000000e+02,1.911111111111110361e+01
3.192000000000000171e+00,1.422500000000000000e+02,1.944444444444443931e+01
3.192000000000000171e+00,1.427500000000000000e+02,2.033333333333332860e+01
3.192000000000000171e+00,1.432500000000000000e+02,2.233333333333332860e+01
3.192000000000000171e+00,1.437500000000000000e+02,2.199999999999999645e+01
3.192000000000000171e+00,1.442500000000000000e+02,2.277777777777777146e+01
3.192000000000000171e+00,1.447500000000000000e+02,2.388888888888888573e+01
3.192000000000000171e+00,1.452500000000000000e+02,2.488888888888888573e+01
3.192000000000000171e+00,1.457500000000000000e+02,2.666666666666666075e+01
3.192000000000000171e+00,1.462500000000000000e+02,2.655555555555555358e+01
3.192000000000000171e+00,1.467500000000000000e+02,2.955555555555555358e+01
3.192000000000000171e+00,1.472500000000000000e+02,2.966666666666666785e+01
3.192000000000000171e+00,1.477500000000000000e+02,3.177777777777778212e+01
3.192000000000000171e+00,1.482500000000000000e+02,3.011111111111111427e+01
3.192000000000000171e+00,1.487500000000000000e+02,3.044444444444444642e+01
3.192000000000000171e+00,1.492500000000000000e+02,3.211111111111111427e+01
3.192000000000000171e+00,1.497500000000000000e+02,3.400000000000000000e+01
3.192000000000000171e+00,1.502500000000000000e+02,3.311111111111110716e+01
3.192000000000000171e+00,1.507500000000000000e+02,3.288888888888888573e+01
3.192000000000000171e+00,1.512500000000000000e+02,3.488888888888888573e+01
3.192000000000000171e+00,1.517500000000000000e+02,3.677777777777777146e+01
3.192000000000000171e+00,1.522500000000000000e+02,3.711111111111110716e+01
3.192000000000000171e+00,1.527500000000000000e+02,3.622222222222222143e+01
3.192000000000000171e+00,1.532500000000000000e+02,3.944444444444444287e+01
3.192000000000000171e+00,1.537500000000000000e+02,3.933333333333333570e+01
3.192000000000000171e+00,1.542500000000000000e+02,3.922222222222222143e+01
3.192000000000000171e+00,1.547500000000000000e+02,3.577777777777777146e+01
3.192000000000000171e+00,1.552500000000000000e+02,3.622222222222222143e+01
3.192000000000000171e+00,1.557500000000000000e+02,3.844444444444444287e+01
3.192000000000000171e+00,1.562500000000000000e+02,4.166666666666666430e+01
3.192000000000000171e+00,1.567500000000000000e+02,4.533333333333333570e+01
3.192000000000000171e+00,1.572500000000000000e+02,4.622222222222222143e+01
3.192000000000000171e+00,1.577500000000000000e+02,4.700000000000000000e+01
3.192000000000000171e+00,1.582500000000000000e+02,4.544444444444444997e+01
3.192000000000000171e+00,1.587500000000000000e+02,4.711111111111111427e+01
3.192000000000000171e+00,1.592500000000000000e+02,4.533333333333333570e+01
3.192000000000000171e+00,1.597500000000000000e+02,4.744444444444443576e+01
3.192000000000000171e+00,1.602500000000000000e+02,4.744444444444443576e+01
3.192000000000000171e+00,1.607500000000000000e+02,5.022222222222222143e+01
3.192000000000000171e+00,1.612500000000000000e+02,5.111111111111110716e+01
3.192000000000000171e+00,1.617500000000000000e+02,5.344444444444443576e+01
3.192000000000000171e+00,1.622500000000000000e+02,5.355555555555555003e+01
3.192000000000000171e+00,1.627500000000000000e+02,5.277777777777777146e+01
3.192000000000000171e+00,1.632500000000000000e+02,5.066666666666665719e+01
3.192000000000000171e+00,1.637500000000000000e+02,4.977777777777777146e+01
3.192000000000000171e+00,1.642500000000000000e+02,5.088888888888888573e+01
3.192000000000000171e+00,1.647500000000000000e+02,5.144444444444443576e+01
3.192000000000000171e+00,1.652500000000000000e+02,5.122222222222222143e+01
3.192000000000000171e+00,1.657500000000000000e+02,4.866666666666666430e+01
3.192000000000000171e+00,1.662500000000000000e+02,4.555555555555555003e+01
3.192000000000000171e+00,1.667500000000000000e+02,4.477777777777777146e+01
3.192000000000000171e+00,1.672500000000000000e+02,4.511111111111110716e+01
3.192000000000000171e+00,1.677500000000000000e+02,4.577777777777777146e+01
3.192000000000000171e+00,1.682500000000000000e+02,4.644444444444443576e+01
3.192000000000000171e+00,1.687500000000000000e+02,4.622222222222222143e+01
3.192000000000000171e+00,1.692500000000000000e+02,4.511111111111110716e+01
3.192000000000000171e+00,1.697500000000000000e+02,4.366666666666666430e+01
3.192000000000000171e+00,1.702500000000000000e+02,3.777777777777777857e+01
3.192000000000000171e+00,1.707500000000000000e+02,3.511111111111110716e+01
3.192000000000000171e+00,1.712500000000000000e+02,3.100000000000000000e+01
3.192000000000000171e+00,1.717500000000000000e+02,3.244444444444444287e+01
3.192000000000000171e+00,1.722500000000000000e+02,3.066666666666666785e+01
3.192000000000000171e+00,1.727500000000000000e+02,3.144444444444444287e+01
3.192000000000000171e+00,1.732500000000000000e+02,2.955555555555555358e+01
3.192000000000000171e+00,1.737500000000000000e+02,3.011111111111111072e+01
3.192000000000000171e+00,1.742500000000000000e+02,2.544444444444444287e+01
3.192000000000000171e+00,1.747500000000000000e+02,2.400000000000000000e+01
3.192000000000000171e+00,1.752500000000000000e+02,1.822222222222222143e+01
3.192000000000000171e+00,1.757500000000000000e+02,1.877777777777777501e+01
3.192000000000000171e+00,1.762500000000000000e+02,1.588888888888888573e+01
3.192000000000000171e+00,1.767500000000000000e+02,1.522222222222221966e+01
3.192000000000000171e+00,1.772500000000000000e+02,1.233333333333333037e+01
3.192000000000000171e+00,1.777500000000000000e+02,9.666666666666664298e+00
3.192000000000000171e+00,1.782500000000000000e+02,7.222222222222220545e+00
3.192000000000000171e+00,1.787500000000000000e+02,4.777777777777775903e+00
3.192000000000000171e+00,1.792500000000000000e+02,3.222222222222220100e+00
3.192000000000000171e+00,1.797500000000000000e+02,2.555555555555553582e+00
3.208000000000000185e+00,1.302500000000000000e+02,8.222222222222221433e+00
3.208000000000000185e+00,1.307500000000000000e+02,9.666666666666666075e+00
3.208000000000000185e+00,1.312500000000000000e+02,9.777777777777778567e+00
3.208000000000000185e+00,1.317500000000000000e+02,9.666666666666667851e+00
3.208000000000000185e+00,1.322500000000000000e+02,9.777777777777778567e+00
3.208000000000000185e+00,1.327500000000000000e+02,1.055555555555555536e+01
3.208000000000000185e+00,1.332500000000000000e+02,1.266666666666666607e+01
3.208000000000000185e+00,1.337500000000000000e+02,1.366666666666666607e+01
3.208000000000000185e+00,1.342500000000000000e+02,1.411111111111111249e+01
3.208000000000000185e+00,1.347500000000000000e+02,1.300000000000000000e+01
3.208000000000000185e+00,1.352500000000000000e+02,1.233333333333333393e+01
3.208000000000000185e+00,1.357500000000000000e+02,1.300000000000000000e+01
3.208000000000000185e+00,1.362500000000000000e+02,1.333333333333333393e+01
3.208000000000000185e+00,1.367500000000000000e+02,1.400000000000000000e+01
3.208000000000000185e+00,1.372500000000000000e+02,1.411111111111111249e+01
3.208000000000000185e+00,1.377500000000000000e+02,1.455555555555555713e+01
3.208000000000000185e+00,1.382500000000000000e+02,1.400000000000000178e+01
3.208000000000000185e+00,1.387500000000000000e+02,1.522222222222222321e+01
3.208000000000000185e+00,1.392500000000000000e+02,1.488888888888889106e+01
3.208000000000000185e+00,1.397500000000000000e+02,1.555555555555555713e+01
3.208000000000000185e+00,1.402500000000000000e+02,1.555555555555555713e+01
3.208000000000000185e+00,1.407500000000000000e+02,1.700000000000000355e+01
3.208000000000000185e+00,1.412500000000000000e+02,1.788888888888888928e+01
3.208000000000000185e+00,1.417500000000000000e+02,1.711111111111111072e+01
3.208000000000000185e+00,1.422500000000000000e+02,1.866666666666666785e+01
3.208000000000000185e+00,1.427500000000000000e+02,1.966666666666666785e+01
3.208000000000000185e+00,1.432500000000000000e+02,2.166666666666666785e+01
3.208000000000000185e+00,1.437500000000000000e+02,2.077777777777777501e+01
3.208000000000000185e+00,1.442500000000000000e+02,2.166666666666666785e+01
3.208000000000000185e+00,1.447500000000000000e+02,2.233333333333333215e+01
3.208000000000000185e+00,1.452500000000000000e+02,2.300000000000000000e+01
3.208000000000000185e+00,1.457500000000000000e+02,2.388888888888888928e+01
3.208000000000000185e+00,1.462500000000000000e+02,2.411111111111111427e+01
3.208000000000000185e+00,1.467500000000000000e+02,2.711111111111111427e+01
3.208000000000000185e+00,1.472500000000000000e+02,2.722222222222222499e+01
3.208000000000000185e+00,1.477500000000000000e+02,2.855555555555555713e+01
3.208000000000000185e+00,1.482500000000000000e+02,2.777777777777778212e+01
3.208000000000000185e+00,1.487500000000000000e+02,2.766666666666667140e+01
3.208000000000000185e+00,1.492500000000000000e+02,2.788888888888889639e+01
3.208000000000000185e+00,1.497500000000000000e+02,2.977777777777778567e+01
3.208000000000000185e+00,1.502500000000000000e+02,3.033333333333334281e+01
3.208000000000000185e+00,1.507500000000000000e+02,3.055555555555556779e+01
3.208000000000000185e+00,1.512500000000000000e+02,3.288888888888889994e+01
3.208000000000000185e+00,1.517500000000000000e+02,3.411111111111112137e+01
3.208000000000000185e+00,1.522500000000000000e+02,3.511111111111112137e+01
3.208000000000000185e+00,1.527500000000000000e+02,3.422222222222223564e+01
3.208000000000000185e+00,1.532500000000000000e+02,3.600000000000000711e+01
3.208000000000000185e+00,1.537500000000000000e+02,3.688888888888889994e+01
3.208000000000000185e+00,1.542500000000000000e+02,3.577777777777779278e+01
3.208000000000000185e+00,1.547500000000000000e+02,3.333333333333334991e+01
3.208000000000000185e+00,1.552500000000000000e+02,3.433333333333334991e+01
3.208000000000000185e+00,1.557500000000000000e+02,3.766666666666667851e+01
3.208000000000000185e+00,1.562500000000000000e+02,4.088888888888890705e+01
3.208000000000000185e+00,1.567500000000000000e+02,4.300000000000002132e+01
3.208000000000000185e+00,1.572500000000000000e+02,4.155555555555557135e+01
3.208000000000000185e+00,1.577500000000000000e+02,4.222222222222223564e+01
3.208000000000000185e+00,1.582500000000000000e+02,4.022222222222223564e+01
3.208000000000000185e+00,1.587500000000000000e+02,4.122222222222223564e+01
3.208000000000000185e+00,1.592500000000000000e+02,3.977777777777779278e+01
3.208000000000000185e+00,1.597500000000000000e+02,4.088888888888890705e+01
3.208000000000000185e+00,1.602500000000000000e+02,4.188888888888890705e+01
3.208000000000000185e+00,1.607500000000000000e+02,4.255555555555557135e+01
3.208000000000000185e+00,1.612500000000000000e+02,4.522222222222223564e+01
3.208000000000000185e+00,1.617500000000000000e+02,4.422222222222223564e+01
3.208000000000000185e+00,1.622500000000000000e+02,4.733333333333334991e+01
3.208000000000000185e+00,1.627500000000000000e+02,4.311111111111113559e+01
3.208000000000000185e+00,1.632500000000000000e+02,4.511111111111113559e+01
3.208000000000000185e+00,1.637500000000000000e+02,4.177777777777779988e+01
3.208000000000000185e+00,1.642500000000000000e+02,4.366666666666668561e+01
3.208000000000000185e+00,1.647500000000000000e+02,4.077777777777779988e+01
3.208000000000000185e+00,1.652500000000000000e+02,4.222222222222224985e+01
3.208000000000000185e+00,1.657500000000000000e+02,4.144444444444446418e+01
3.208000000000000185e+00,1.662500000000000000e+02,4.055555555555557845e+01
3.208000000000000185e+00,1.667500000000000000e+02,3.922222222222224275e+01
3.208000000000000185e+00,1.672500000000000000e+02,3.988888888888890705e+01
3.208000000000000185e+00,1.677500000000000000e+02,4.055555555555557845e+01
3.208000000000000185e+00,1.682500000000000000e+02,4.211111111111113559e+01
3.208000000000000185e+00,1.687500000000000000e+02,4.077777777777779988e+01
3.208000000000000185e+00,1.692500000000000000e+02,3.911111111111113559e+01
3.208000000000000185e+00,1.697500000000000000e+02,3.644444444444446418e+01
3.208000000000000185e+00,1.702500000000000000e+02,3.288888888888891415e+01
3.208000000000000185e+00,1.707500000000000000e+02,3.288888888888891415e+01
3.208000000000000185e+00,1.712500000000000000e+02,3.033333333333335702e+01
3.208000000000000185e+00,1.717500000000000000e+02,3.066666666666668917e+01
3.208000000000000185e+00,1.722500000000000000e+02,2.722222222222224630e+01
3.208000000000000185e+00,1.727500000000000000e+02,2.733333333333336057e+01
3.208000000000000185e+00,1.732500000000000000e+02,2.644444444444447129e+01
3.208000000000000185e+00,1.737500000000000000e+02,2.644444444444447129e+01
3.208000000000000185e+00,1.742500000000000000e+02,2.344444444444447129e+01
3.208000000000000185e+00,1.747500000000000000e+02,2.155555555555558200e+01
3.208000000000000185e+00,1.752500000000000000e+02,1.766666666666669272e+01
3.208000000000000185e+00,1.757500000000000000e+02,1.600000000000002487e+01
3.208000000000000185e+00,1.762500000000000000e+02,1.300000000000002665e+01
3.208000000000000185e+00,1.767500000000000000e+02,1.277777777777780521e+01
3.208000000000000185e+00,1.772500000000000000e+02,1.066666666666669450e+01
3.208000000000000185e+00,1.777500000000000000e+02,8.666666666666694496e+00
3.208000000000000185e+00,1.782500000000000000e+02,5.888888888888916817e+00
3.208000000000000185e+00,1.787500000000000000e+02,4.444444444444472175e+00
3.208000000000000185e+00,1.792500000000000000e+02,3.333333333333360571e+00
3.208000000000000185e+00,1.797500000000000000e+02,2.888888888888916373e+00
3.224000000000000199e+00,1.302500000000000000e+02,8.111111111111112493e+00
3.224000000000000199e+00,1.307500000000000000e+02,9.555555555555557135e+00
3.224000000000000199e+00,1.312500000000000000e+02,9.666666666666669627e+00
3.224000000000000199e+00,1.317500000000000000e+02,9.555555555555557135e+00
3.224000000000000199e+00,1.322500000000000000e+02,9.444444444444444642e+00
3.224000000000000199e+00,1.327500000000000000e+02,9.555555555555555358e+00
3.224000000000000199e+00,1.332500000000000000e+02,1.177777777777777857e+01
3.224000000000000199e+00,1.337500000000000000e+02,1.233333333333333393e+01
3.224000000000000199e+00,1.342500000000000000e+02,1.311111111111111249e+01
3.224000000000000199e+00,1.347500000000000000e+02,1.177777777777777857e+01
3.224000000000000199e+00,1.352500000000000000e+02,1.155555555555555713e+01
3.224000000000000199e+00,1.357500000000000000e+02,1.200000000000000178e+01
3.224000000000000199e+00,1.362500000000000000e+02,1.211111111111111427e+01
3.224000000000000199e+00,1.367500000000000000e+02,1.300000000000000178e+01
3.224000000000000199e+00,1.372500000000000000e+02,1.300000000000000178e+01
3.224000000000000199e+00,1.377500000000000000e+02,1.322222222222222321e+01
3.224000000000000199e+00,1.382500000000000000e+02,1.300000000000000178e+01
3.224000000000000199e+00,1.387500000000000000e+02,1.455555555555555713e+01
3.224000000000000199e+00,1.392500000000000000e+02,1.622222222222222499e+01
3.224000000000000199e+00,1.397500000000000000e+02,1.577777777777777857e+01
3.224000000000000199e+00,1.402500000000000000e+02,1.566666666666666607e+01
3.224000000000000199e+00,1.407500000000000000e+02,1.633333333333333215e+01
3.224000000000000199e+00,1.412500000000000000e+02,1.766666666666666785e+01
3.224000000000000199e+00,1.417500000000000000e+02,1.800000000000000000e+01
3.224000000000000199e+00,1.422500000000000000e+02,1.955555555555555358e+01
3.224000000000000199e+00,1.427500000000000000e+02,1.988888888888888928e+01
3.224000000000000199e+00,1.432500000000000000e+02,2.122222222222222143e+01
3.224000000000000199e+00,1.437500000000000000e+02,1.944444444444444287e+01
3.224000000000000199e+00,1.442500000000000000e+02,2.022222222222221788e+01
3.224000000000000199e+00,1.447500000000000000e+02,2.066666666666666075e+01
3.224000000000000199e+00,1.452500000000000000e+02,2.122222222222221788e+01
3.224000000000000199e+00,1.457500000000000000e+02,2.311111111111111072e+01
3.224000000000000199e+00,1.462500000000000000e+02,2.400000000000000000e+01
3.224000000000000199e+00,1.467500000000000000e+02,2.622222222222221788e+01
3.224000000000000199e+00,1.472500000000000000e+02,2.544444444444443931e+01
3.224000000000000199e+00,1.477500000000000000e+02,2.488888888888888218e+01
3.224000000000000199e+00,1.482500000000000000e+02,2.466666666666665719e+01
3.224000000000000199e+00,1.487500000000000000e+02,2.499999999999998934e+01
3.224000000000000199e+00,1.492500000000000000e+02,2.522222222222221433e+01
3.224000000000000199e+00,1.497500000000000000e+02,2.733333333333332504e+01
3.224000000000000199e+00,1.502500000000000000e+02,2.944444444444443931e+01
3.224000000000000199e+00,1.507500000000000000e+02,2.955555555555554648e+01
3.224000000000000199e+00,1.512500000000000000e+02,2.955555555555554648e+01
3.224000000000000199e+00,1.517500000000000000e+02,2.966666666666665719e+01
3.224000000000000199e+00,1.522500000000000000e+02,3.133333333333332504e+01
3.224000000000000199e+00,1.527500000000000000e+02,3.122222222222221433e+01
3.224000000000000199e+00,1.532500000000000000e+02,2.988888888888888218e+01
3.224000000000000199e+00,1.537500000000000000e+02,3.055555555555554648e+01
3.224000000000000199e+00,1.542500000000000000e+02,2.988888888888888218e+01
3.224000000000000199e+00,1.547500000000000000e+02,3.022222222222221433e+01
3.224000000000000199e+00,1.552500000000000000e+02,3.111111111111110361e+01
3.224000000000000199e+00,1.557500000000000000e+02,3.511111111111110716e+01
3.224000000000000199e+00,1.562500000000000000e+02,3.777777777777777146e+01
3.224000000000000199e+00,1.567500000000000000e+02,3.922222222222222143e+01
3.224000000000000199e+00,1.572500000000000000e+02,3.722222222222222143e+01
3.224000000000000199e+00,1.577500000000000000e+02,3.711111111111110716e+01
3.224000000000000199e+00,1.582500000000000000e+02,3.644444444444443576e+01
3.224000000000000199e+00,1.587500000000000000e+02,3.688888888888888573e+01
3.224000000000000199e+00,1.592500000000000000e+02,3.822222222222222143e+01
3.224000000000000199e+00,1.597500000000000000e+02,3.944444444444443576e+01
3.224000000000000199e+00,1.602500000000000000e+02,4.166666666666665719e+01
3.224000000000000199e+00,1.607500000000000000e+02,4.033333333333332149e+01
3.224000000000000199e+00,1.612500000000000000e+02,4.288888888888887863e+01
3.224000000000000199e+00,1.617500000000000000e+02,4.177777777777776436e+01
3.224000000000000199e+00,1.622500000000000000e+02,4.322222222222220722e+01
3.224000000000000199e+00,1.627500000000000000e+02,3.966666666666665009e+01
3.224000000000000199e+00,1.632500000000000000e+02,4.066666666666665009e+01
3.224000000000000199e+00,1.637500000000000000e+02,3.888888888888887863e+01
3.224000000000000199e+00,1.642500000000000000e+02,3.999999999999999289e+01
3.224000000000000199e+00,1.647500000000000000e+02,3.877777777777776436e+01
3.224000000000000199e+00,1.652500000000000000e+02,4.122222222222220722e+01
3.224000000000000199e+00,1.657500000000000000e+02,3.977777777777776436e+01
3.224000000000000199e+00,1.662500000000000000e+02,3.611111111111109295e+01
3.224000000000000199e+00,1.667500000000000000e+02,3.566666666666665009e+01
3.224000000000000199e+00,1.672500000000000000e+02,3.533333333333331439e+01
3.224000000000000199e+00,1.677500000000000000e+02,3.844444444444442155e+01
3.224000000000000199e+00,1.682500000000000000e+02,3.677777777777775725e+01
3.224000000000000199e+00,1.687500000000000000e+02,3.622222222222220012e+01
3.224000000000000199e+00,1.692500000000000000e+02,3.411111111111109295e+01
3.224000000000000199e+00,1.697500000000000000e+02,3.166666666666664653e+01
3.224000000000000199e+00,1.702500000000000000e+02,2.799999999999998224e+01
3.224000000000000199e+00,1.707500000000000000e+02,2.744444444444442510e+01
3.224000000000000199e+00,1.712500000000000000e+02,2.599999999999998224e+01
3.224000000000000199e+00,1.717500000000000000e+02,2.711111111111108940e+01
3.224000000000000199e+00,1.722500000000000000e+02,2.555555555555553227e+01
3.224000000000000199e+00,1.727500000000000000e+02,2.577777777777775725e+01
3.224000000000000199e+00,1.732500000000000000e+02,2.433333333333331439e+01
3.224000000000000199e+00,1.737500000000000000e+02,2.355555555555553937e+01
3.224000000000000199e+00,1.742500000000000000e+02,2.144444444444442865e+01
3.224000000000000199e+00,1.747500000000000000e+02,1.933333333333331794e+01
3.224000000000000199e+00,1.752500000000000000e+02,1.688888888888887152e+01
3.224000000000000199e+00,1.757500000000000000e+02,1.366666666666665009e+01
3.224000000000000199e+00,1.762500000000000000e+02,1.166666666666665009e+01
3.224000000000000199e+00,1.767500000000000000e+02,1.055555555555553937e+01
3.224000000000000199e+00,1.772500000000000000e+02,9.444444444444428655e+00
3.224000000000000199e+00,1.777500000000000000e+02,7.666666666666650976e+00
3.224000000000000199e+00,1.782500000000000000e+02,4.999999999999984901e+00
3.224000000000000199e+00,1.787500000000000000e+02,3.888888888888873741e+00
3.224000000000000199e+00,1.792500000000000000e+02,2.999999999999985345e+00
3.224000000000000199e+00,1.797500000000000000e+02,2.111111111111096506e+00
3.240000000000000213e+00,1.302500000000000000e+02,8.333333333333333925e+00
3.240000000000000213e+00,1.307500000000000000e+02,9.000000000000000000e+00
3.240000000000000213e+00,1.312500000000000000e+02,8.666666666666666075e+00
3.240000000000000213e+00,1.317500000000000000e+02,8.888888888888887507e+00
3.240000000000000213e+00,1.322500000000000000e+02,8.222222222222221433e+00
3.240000000000000213e+00,1.327500000000000000e+02,8.666666666666666075e+00
3.240000000000000213e+00,1.332500000000000000e+02,1.022222222222222143e+01
3.240000000000000213e+00,1.337500000000000000e+02,1.100000000000000000e+01
3.240000000000000213e+00,1.342500000000000000e+02,1.088888888888889106e+01
3.240000000000000213e+00,1.347500000000000000e+02,9.444444444444446418e+00
3.240000000000000213e+00,1.352500000000000000e+02,9.555555555555557135e+00
3.240000000000000213e+00,1.357500000000000000e+02,1.088888888888889106e+01
3.240000000000000213e+00,1.362500000000000000e+02,1.200000000000000000e+01
3.240000000000000213e+00,1.367500000000000000e+02,1.311111111111111249e+01
3.240000000000000213e+00,1.372500000000000000e+02,1.322222222222222321e+01
3.240000000000000213e+00,1.377500000000000000e+02,1.344444444444444819e+01
3.240000000000000213e+00,1.382500000000000000e+02,1.200000000000000178e+01
3.240000000000000213e+00,1.387500000000000000e+02,1.411111111111111427e+01
3.240000000000000213e+00,1.392500000000000000e+02,1.544444444444444819e+01
3.240000000000000213e+00,1.397500000000000000e+02,1.655555555555556069e+01
3.240000000000000213e+00,1.402500000000000000e+02,1.577777777777778034e+01
3.240000000000000213e+00,1.407500000000000000e+02,1.555555555555555891e+01
3.240000000000000213e+00,1.412500000000000000e+02,1.633333333333333925e+01
3.240000000000000213e+00,1.417500000000000000e+02,1.788888888888889284e+01
3.240000000000000213e+00,1.422500000000000000e+02,1.900000000000000355e+01
3.240000000000000213e+00,1.427500000000000000e+02,1.922222222222222499e+01
3.240000000000000213e+00,1.432500000000000000e+02,1.922222222222222499e+01
3.240000000000000213e+00,1.437500000000000000e+02,1.855555555555556069e+01
3.240000000000000213e+00,1.442500000000000000e+02,1.966666666666667140e+01
3.240000000000000213e+00,1.447500000000000000e+02,1.955555555555556069e+01
3.240000000000000213e+00,1.452500000000000000e+02,1.900000000000000355e+01
3.240000000000000213e+00,1.457500000000000000e+02,2.077777777777778212e+01
3.240000000000000213e+00,1.462500000000000000e+02,2.200000000000000355e+01
3.240000000000000213e+00,1.467500000000000000e+02,2.511111111111111427e+01
3.240000000000000213e+00,1.472500000000000000e+02,2.366666666666667140e+01
3.240000000000000213e+00,1.477500000000000000e+02,2.333333333333333925e+01
3.240000000000000213e+00,1.482500000000000000e+02,2.411111111111111427e+01
3.240000000000000213e+00,1.487500000000000000e+02,2.522222222222222499e+01
3.240000000000000213e+00,1.492500000000000000e+02,2.733333333333333215e+01
3.240000000000000213e+00,1.497500000000000000e+02,2.822222222222222499e+01
3.240000000000000213e+00,1.502500000000000000e+02,3.077777777777778212e+01
3.240000000000000213e+00,1.507500000000000000e+02,3.000000000000000355e+01
3.240000000000000213e+00,1.512500000000000000e+02,2.911111111111111427e+01
3.240000000000000213e+00,1.517500000000000000e+02,2.844444444444444642e+01
3.240000000000000213e+00,1.522500000000000000e+02,2.766666666666666785e+01
3.240000000000000213e+00,1.527500000000000000e+02,2.833333333333333215e+01
3.240000000000000213e+00,1.532500000000000000e+02,2.677777777777777501e+01
3.240000000000000213e+00,1.537500000000000000e+02,2.777777777777777501e+01
3.240000000000000213e+00,1.542500000000000000e+02,2.766666666666666785e+01
3.240000000000000213e+00,1.547500000000000000e+02,2.888888888888888928e+01
3.240000000000000213e+00,1.552500000000000000e+02,3.088888888888888928e+01
3.240000000000000213e+00,1.557500000000000000e+02,3.411111111111111427e+01
3.240000000000000213e+00,1.562500000000000000e+02,3.566666666666667140e+01
3.240000000000000213e+00,1.567500000000000000e+02,3.566666666666667140e+01
3.240000000000000213e+00,1.572500000000000000e+02,3.366666666666667140e+01
3.240000000000000213e+00,1.577500000000000000e+02,3.411111111111111427e+01
3.240000000000000213e+00,1.582500000000000000e+02,3.755555555555555713e+01
3.240000000000000213e+00,1.587500000000000000e+02,3.888888888888889284e+01
3.240000000000000213e+00,1.592500000000000000e+02,4.033333333333333570e+01
3.240000000000000213e+00,1.597500000000000000e+02,3.711111111111111427e+01
3.240000000000000213e+00,1.602500000000000000e+02,3.833333333333333570e+01
3.240000000000000213e+00,1.607500000000000000e+02,3.811111111111111427e+01
3.240000000000000213e+00,1.612500000000000000e+02,3.866666666666666430e+01
3.240000000000000213e+00,1.617500000000000000e+02,3.600000000000000000e+01
3.240000000000000213e+00,1.622500000000000000e+02,3.544444444444444287e+01
3.240000000000000213e+00,1.627500000000000000e+02,3.500000000000000000e+01
3.240000000000000213e+00,1.632500000000000000e+02,3.522222222222222143e+01
3.240000000000000213e+00,1.637500000000000000e+02,3.333333333333333570e+01
3.240000000000000213e+00,1.642500000000000000e+02,3.433333333333333570e+01
3.240000000000000213e+00,1.647500000000000000e+02,3.577777777777777857e+01
3.240000000000000213e+00,1.652500000000000000e+02,3.800000000000000000e+01
3.240000000000000213e+00,1.657500000000000000e+02,3.655555555555555003e+01
3.240000000000000213e+00,1.662500000000000000e+02,3.177777777777777501e+01
3.240000000000000213e+00,1.667500000000000000e+02,3.155555555555555358e+01
3.240000000000000213e+00,1.672500000000000000e+02,3.100000000000000000e+01
3.240000000000000213e+00,1.677500000000000000e+02,3.488888888888889284e+01
3.240000000000000213e+00,1.682500000000000000e+02,3.477777777777777857e+01
3.240000000000000213e+00,1.687500000000000000e+02,3.277777777777777857e+01
3.240000000000000213e+00,1.692500000000000000e+02,3.044444444444444642e+01
3.240000000000000213e+00,1.697500000000000000e+02,2.711111111111111427e+01
3.240000000000000213e+00,1.702500000000000000e+02,2.522222222222222854e+01
3.240000000000000213e+00,1.707500000000000000e+02,2.355555555555556069e+01
3.240000000000000213e+00,1.712500000000000000e+02,2.255555555555556069e+01
3.240000000000000213e+00,1.717500000000000000e+02,2.333333333333333925e+01
3.240000000000000213e+00,1.722500000000000000e+02,2.344444444444444642e+01
3.240000000000000213e+00,1.727500000000000000e+02,2.200000000000000000e+01
3.240000000000000213e+00,1.732500000000000000e+02,2.055555555555555713e+01
3.240000000000000213e+00,1.737500000000000000e+02,1.944444444444444642e+01
3.240000000000000213e+00,1.742500000000000000e+02,1.855555555555555713e+01
3.240000000000000213e+00,1.747500000000000000e+02,1.711111111111111072e+01
3.240000000000000213e+00,1.752500000000000000e+02,1.533333333333333393e+01
3.240000000000000213e+00,1.757500000000000000e+02,1.255555555555555536e+01
3.240000000000000213e+00,1.762500000000000000e+02,1.055555555555555536e+01
3.240000000000000213e+00,1.767500000000000000e+02,9.333333333333333925e+00
3.240000000000000213e+00,1.772500000000000000e+02,8.666666666666666075e+00
3.240000000000000213e+00,1.777500000000000000e+02,7.222222222222221433e+00
3.240000000000000213e+00,1.782500000000000000e+02,4.555555555555554470e+00
3.240000000000000213e+00,1.787500000000000000e+02,3.222222222222221433e+00
3.240000000000000213e+00,1.792500000000000000e+02,2.333333333333332593e+00
3.240000000000000213e+00,1.797500000000000000e+02,1.666666666666665853e+00
3.255999999999999783e+00,1.302500000000000000e+02,8.555555555555555358e+00
3.255999999999999783e+00,1.307500000000000000e+02,8.111111111111112493e+00
3.255999999999999783e+00,1.312500000000000000e+02,7.444444444444445530e+00
3.255999999999999783e+00,1.317500000000000000e+02,7.555555555555557135e+00
3.255999999999999783e+00,1.322500000000000000e+02,8.222222222222223209e+00
3.255999999999999783e+00,1.327500000000000000e+02,9.777777777777780344e+00
3.255999999999999783e+00,1.332500000000000000e+02,1.044444444444444642e+01
3.255999999999999783e+00,1.337500000000000000e+02,1.066666666666666963e+01
3.255999999999999783e+00,1.342500000000000000e+02,1.044444444444444819e+01
3.255999999999999783e+00,1.347500000000000000e+02,1.044444444444444819e+01
3.255999999999999783e+00,1.352500000000000000e+02,1.033333333333333748e+01
3.255999999999999783e+00,1.357500000000000000e+02,1.044444444444444819e+01
3.255999999999999783e+00,1.362500000000000000e+02,1.044444444444444819e+01
3.255999999999999783e+00,1.367500000000000000e+02,1.200000000000000178e+01
3.255999999999999783e+00,1.372500000000000000e+02,1.277777777777778034e+01
3.255999999999999783e+00,1.377500000000000000e+02,1.344444444444444819e+01
3.255999999999999783e+00,1.382500000000000000e+02,1.233333333333333570e+01
3.255999999999999783e+00,1.387500000000000000e+02,1.311111111111111427e+01
3.255999999999999783e+00,1.392500000000000000e+02,1.477777777777778034e+01
3.255999999999999783e+00,1.397500000000000000e+02,1.600000000000000355e+01
3.255999999999999783e+00,1.402500000000000000e+02,1.611111111111111427e+01
3.255999999999999783e+00,1.407500000000000000e+02,1.644444444444444642e+01
3.255999999999999783e+00,1.412500000000000000e+02,1.722222222222222499e+01
3.255999999999999783e+00,1.417500000000000000e+02,1.888888888888889284e+01
3.255999999999999783e+00,1.422500000000000000e+02,1.866666666666667140e+01
3.255999999999999783e+00,1.427500000000000000e+02,1.866666666666667140e+01
3.255999999999999783e+00,1.432500000000000000e+02,1.811111111111111427e+01
3.255999999999999783e+00,1.437500000000000000e+02,1.711111111111111427e+01
3.255999999999999783e+00,1.442500000000000000e+02,1.766666666666666785e+01
3.255999999999999783e+00,1.447500000000000000e+02,1.800000000000000355e+01
3.255999999999999783e+00,1.452500000000000000e+02,1.788888888888888928e+01
3.255999999999999783e+00,1.457500000000000000e+02,1.922222222222222499e+01
3.255999999999999783e+00,1.462500000000000000e+02,2.033333333333333215e+01
3.255999999999999783e+00,1.467500000000000000e+02,2.255555555555555713e+01
3.255999999999999783e+00,1.472500000000000000e+02,2.122222222222222499e+01
3.255999999999999783e+00,1.477500000000000000e+02,2.055555555555555713e+01
3.255999999999999783e+00,1.482500000000000000e+02,2.244444444444444642e+01
3.255999999999999783e+00,1.487500000000000000e+02,2.311111111111111427e+01
3.255999999999999783e+00,1.492500000000000000e+02,2.544444444444444642e+01
3.255999999999999783e+00,1.497500000000000000e+02,2.533333333333333215e+01
3.255999999999999783e+00,1.502500000000000000e+02,2.866666666666666785e+01
3.255999999999999783e+00,1.507500000000000000e+02,2.877777777777778212e+01
3.255999999999999783e+00,1.512500000000000000e+02,2.811111111111111427e+01
3.255999999999999783e+00,1.517500000000000000e+02,2.700000000000000355e+01
3.255999999999999783e+00,1.522500000000000000e+02,2.566666666666667140e+01
3.255999999999999783e+00,1.527500000000000000e+02,2.566666666666667140e+01
3.255999999999999783e+00,1.532500000000000000e+02,2.533333333333333925e+01
3.255999999999999783e+00,1.537500000000000000e+02,2.622222222222222854e+01
3.255999999999999783e+00,1.542500000000000000e+02,2.744444444444445352e+01
3.255999999999999783e+00,1.547500000000000000e+02,2.822222222222222854e+01
3.255999999999999783e+00,1.552500000000000000e+02,3.100000000000000355e+01
3.255999999999999783e+00,1.557500000000000000e+02,3.088888888888889639e+01
3.255999999999999783e+00,1.562500000000000000e+02,3.100000000000001066e+01
3.255999999999999783e+00,1.567500000000000000e+02,2.911111111111112493e+01
3.255999999999999783e+00,1.572500000000000000e+02,2.955555555555556779e+01
3.255999999999999783e+00,1.577500000000000000e+02,2.977777777777778923e+01
3.255999999999999783e+00,1.582500000000000000e+02,3.433333333333334281e+01
3.255999999999999783e+00,1.587500000000000000e+02,3.644444444444445708e+01
3.255999999999999783e+00,1.592500000000000000e+02,3.833333333333334991e+01
3.255999999999999783e+00,1.597500000000000000e+02,3.600000000000001421e+01
3.255999999999999783e+00,1.602500000000000000e+02,3.611111111111112137e+01
3.255999999999999783e+00,1.607500000000000000e+02,3.655555555555557135e+01
3.255999999999999783e+00,1.612500000000000000e+02,3.622222222222223564e+01
3.255999999999999783e+00,1.617500000000000000e+02,3.455555555555557135e+01
3.255999999999999783e+00,1.622500000000000000e+02,3.177777777777778923e+01
3.255999999999999783e+00,1.627500000000000000e+02,3.388888888888890705e+01
3.255999999999999783e+00,1.632500000000000000e+02,3.300000000000001421e+01
3.255999999999999783e+00,1.637500000000000000e+02,3.300000000000001421e+01
3.255999999999999783e+00,1.642500000000000000e+02,3.033333333333334636e+01
3.255999999999999783e+00,1.647500000000000000e+02,3.222222222222223564e+01
3.255999999999999783e+00,1.652500000000000000e+02,3.277777777777779278e+01
3.255999999999999783e+00,1.657500000000000000e+02,3.166666666666668561e+01
3.255999999999999783e+00,1.662500000000000000e+02,2.777777777777779988e+01
3.255999999999999783e+00,1.667500000000000000e+02,2.766666666666668561e+01
3.255999999999999783e+00,1.672500000000000000e+02,2.744444444444446063e+01
3.255999999999999783e+00,1.677500000000000000e+02,3.077777777777779633e+01
3.255999999999999783e+00,1.682500000000000000e+02,3.077777777777779633e+01
3.255999999999999783e+00,1.687500000000000000e+02,2.988888888888890349e+01
3.255999999999999783e+00,1.692500000000000000e+02,2.666666666666668206e+01
3.255999999999999783e+00,1.697500000000000000e+02,2.566666666666668206e+01
3.255999999999999783e+00,1.702500000000000000e+02,2.255555555555557135e+01
3.255999999999999783e+00,1.707500000000000000e+02,2.033333333333334991e+01
3.255999999999999783e+00,1.712500000000000000e+02,1.900000000000001776e+01
3.255999999999999783e+00,1.717500000000000000e+02,2.011111111111112848e+01
3.255999999999999783e+00,1.722500000000000000e+02,2.211111111111112848e+01
3.255999999999999783e+00,1.727500000000000000e+02,2.000000000000001776e+01
3.255999999999999783e+00,1.732500000000000000e+02,1.800000000000001776e+01
3.255999999999999783e+00,1.737500000000000000e+02,1.733333333333335347e+01
3.255999999999999783e+00,1.742500000000000000e+02,1.755555555555557490e+01
3.255999999999999783e+00,1.747500000000000000e+02,1.677777777777779633e+01
3.255999999999999783e+00,1.752500000000000000e+02,1.488888888888890882e+01
3.255999999999999783e+00,1.757500000000000000e+02,1.211111111111113026e+01
3.255999999999999783e+00,1.762500000000000000e+02,1.044444444444446418e+01
3.255999999999999783e+00,1.767500000000000000e+02,9.000000000000019540e+00
3.255999999999999783e+00,1.772500000000000000e+02,8.000000000000019540e+00
3.255999999999999783e+00,1.777500000000000000e+02,6.777777777777796331e+00
3.255999999999999783e+00,1.782500000000000000e+02,4.333333333333352577e+00
3.255999999999999783e+00,1.787500000000000000e+02,3.111111111111130256e+00
3.255999999999999783e+00,1.792500000000000000e+02,2.111111111111130256e+00
3.255999999999999783e+00,1.797500000000000000e+02,1.444444444444463516e+00
3.271999999999999797e+00,1.302500000000000000e+02,8.444444444444444642e+00
3.271999999999999797e+00,1.307500000000000000e+02,7.888888888888888395e+00
3.271999999999999797e+00,1.312500000000000000e+02,7.000000000000000000e+00
3.271999999999999797e+00,1.317500000000000000e+02,9.000000000000000000e+00
3.271999999999999797e+00,1.322500000000000000e+02,9.666666666666666075e+00
3.271999999999999797e+00,1.327500000000000000e+02,1.122222222222222143e+01
3.271999999999999797e+00,1.332500000000000000e+02,9.222222222222221433e+00
3.271999999999999797e+00,1.337500000000000000e+02,9.777777777777776791e+00
3.271999999999999797e+00,1.342500000000000000e+02,9.777777777777776791e+00
3.271999999999999797e+00,1.347500000000000000e+02,1.088888888888888751e+01
3.271999999999999797e+00,1.352500000000000000e+02,1.000000000000000000e+01
3.271999999999999797e+00,1.357500000000000000e+02,9.888888888888889284e+00
3.271999999999999797e+00,1.362500000000000000e+02,9.888888888888889284e+00
3.271999999999999797e+00,1.367500000000000000e+02,1.122222222222222321e+01
3.271999999999999797e+00,1.372500000000000000e+02,1.200000000000000000e+01
3.271999999999999797e+00,1.377500000000000000e+02,1.255555555555555536e+01
3.271999999999999797e+00,1.382500000000000000e+02,1.222222222222222143e+01
3.271999999999999797e+00,1.387500000000000000e+02,1.222222222222222143e+01
3.271999999999999797e+00,1.392500000000000000e+02,1.288888888888888751e+01
3.271999999999999797e+00,1.397500000000000000e+02,1.400000000000000000e+01
3.271999999999999797e+00,1.402500000000000000e+02,1.555555555555555536e+01
3.271999999999999797e+00,1.407500000000000000e+02,1.666666666666666785e+01
3.271999999999999797e+00,1.412500000000000000e+02,1.666666666666666785e+01
3.271999999999999797e+00,1.417500000000000000e+02,1.688888888888888928e+01
3.271999999999999797e+00,1.422500000000000000e+02,1.555555555555555713e+01
3.271999999999999797e+00,1.427500000000000000e+02,1.700000000000000355e+01
3.271999999999999797e+00,1.432500000000000000e+02,1.822222222222222499e+01
3.271999999999999797e+00,1.437500000000000000e+02,1.866666666666666785e+01
3.271999999999999797e+00,1.442500000000000000e+02,1.955555555555555358e+01
3.271999999999999797e+00,1.447500000000000000e+02,1.800000000000000000e+01
3.271999999999999797e+00,1.452500000000000000e+02,1.833333333333333215e+01
3.271999999999999797e+00,1.457500000000000000e+02,1.644444444444444642e+01
3.271999999999999797e+00,1.462500000000000000e+02,1.755555555555555713e+01
3.271999999999999797e+00,1.467500000000000000e+02,1.988888888888888928e+01
3.271999999999999797e+00,1.472500000000000000e+02,2.111111111111111072e+01
3.271999999999999797e+00,1.477500000000000000e+02,2.200000000000000000e+01
3.271999999999999797e+00,1.482500000000000000e+02,2.266666666666666785e+01
3.271999999999999797e+00,1.487500000000000000e+02,2.322222222222222499e+01
3.271999999999999797e+00,1.492500000000000000e+02,2.377777777777778212e+01
3.271999999999999797e+00,1.497500000000000000e+02,2.411111111111111427e+01
3.271999999999999797e+00,1.502500000000000000e+02,2.666666666666667140e+01
3.271999999999999797e+00,1.507500000000000000e+02,2.644444444444444642e+01
3.271999999999999797e+00,1.512500000000000000e+02,2.666666666666666785e+01
3.271999999999999797e+00,1.517500000000000000e+02,2.555555555555555358e+01
3.271999999999999797e+00,1.522500000000000000e+02,2.533333333333332860e+01
3.271999999999999797e+00,1.527500000000000000e+02,2.344444444444443931e+01
3.271999999999999797e+00,1.532500000000000000e+02,2.399999999999999645e+01
3.271999999999999797e+00,1.537500000000000000e+02,2.377777777777777146e+01
3.271999999999999797e+00,1.542500000000000000e+02,2.599999999999998934e+01
3.271999999999999797e+00,1.547500000000000000e+02,2.588888888888888218e+01
3.271999999999999797e+00,1.552500000000000000e+02,2.933333333333332504e+01
3.271999999999999797e+00,1.557500000000000000e+02,2.777777777777777146e+01
3.271999999999999797e+00,1.562500000000000000e+02,2.666666666666665719e+01
3.271999999999999797e+00,1.567500000000000000e+02,2.488888888888888218e+01
3.271999999999999797e+00,1.572500000000000000e+02,2.622222222222221433e+01
3.271999999999999797e+00,1.577500000000000000e+02,2.777777777777777146e+01
3.271999999999999797e+00,1.582500000000000000e+02,3.099999999999999645e+01
3.271999999999999797e+00,1.587500000000000000e+02,3.333333333333332860e+01
3.271999999999999797e+00,1.592500000000000000e+02,3.411111111111110716e+01
3.271999999999999797e+00,1.597500000000000000e+02,3.222222222222221433e+01
3.271999999999999797e+00,1.602500000000000000e+02,3.077777777777777146e+01
3.271999999999999797e+00,1.607500000000000000e+02,3.255555555555555003e+01
3.271999999999999797e+00,1.612500000000000000e+02,3.277777777777777146e+01
3.271999999999999797e+00,1.617500000000000000e+02,3.222222222222222143e+01
3.271999999999999797e+00,1.622500000000000000e+02,2.866666666666666785e+01
3.271999999999999797e+00,1.627500000000000000e+02,2.877777777777777501e+01
3.271999999999999797e+00,1.632500000000000000e+02,2.833333333333333215e+01
3.271999999999999797e+00,1.637500000000000000e+02,2.822222222222222499e+01
3.271999999999999797e+00,1.642500000000000000e+02,2.700000000000000000e+01
3.271999999999999797e+00,1.647500000000000000e+02,2.822222222222222499e+01
3.271999999999999797e+00,1.652500000000000000e+02,2.788888888888888928e+01
3.271999999999999797e+00,1.657500000000000000e+02,2.677777777777778212e+01
3.271999999999999797e+00,1.662500000000000000e+02,2.455555555555555713e+01
3.271999999999999797e+00,1.667500000000000000e+02,2.366666666666666785e+01
3.271999999999999797e+00,1.672500000000000000e+02,2.355555555555555358e+01
3.271999999999999797e+00,1.677500000000000000e+02,2.388888888888888573e+01
3.271999999999999797e+00,1.682500000000000000e+02,2.577777777777777501e+01
3.271999999999999797e+00,1.687500000000000000e+02,2.511111111111111072e+01
3.271999999999999797e+00,1.692500000000000000e+02,2.444444444444444287e+01
3.271999999999999797e+00,1.697500000000000000e+02,2.411111111111111072e+01
3.271999999999999797e+00,1.702500000000000000e+02,2.288888888888888573e+01
3.271999999999999797e+00,1.707500000000000000e+02,1.999999999999999645e+01
3.271999999999999797e+00,1.712500000000000000e+02,1.855555555555555358e+01
3.271999999999999797e+00,1.717500000000000000e+02,1.933333333333332860e+01
3.271999999999999797e+00,1.722500000000000000e+02,2.066666666666666075e+01
3.271999999999999797e+00,1.727500000000000000e+02,1.744444444444443931e+01
3.271999999999999797e+00,1.732500000000000000e+02,1.511111111111110716e+01
3.271999999999999797e+00,1.737500000000000000e+02,1.388888888888888573e+01
3.271999999999999797e+00,1.742500000000000000e+02,1.477777777777777679e+01
3.271999999999999797e+00,1.747500000000000000e+02,1.322222222222222143e+01
3.271999999999999797e+00,1.752500000000000000e+02,1.200000000000000000e+01
3.271999999999999797e+00,1.757500000000000000e+02,9.777777777777776791e+00
3.271999999999999797e+00,1.762500000000000000e+02,9.111111111111110716e+00
3.271999999999999797e+00,1.767500000000000000e+02,7.888888888888888395e+00
3.271999999999999797e+00,1.772500000000000000e+02,7.333333333333332149e+00
3.271999999999999797e+00,1.777500000000000000e+02,5.888888888888888395e+00
3.271999999999999797e+00,1.782500000000000000e+02,4.333333333333332149e+00
3.271999999999999797e+00,1.787500000000000000e+02,2.999999999999998668e+00
3.271999999999999797e+00,1.792500000000000000e+02,1.999999999999998890e+00
3.271999999999999797e+00,1.797500000000000000e+02,1.333333333333332149e+00
3.287999999999999812e+00,1.302500000000000000e+02,9.666666666666666075e+00
3.287999999999999812e+00,1.307500000000000000e+02,8.555555555555555358e+00
3.287999999999999812e+00,1.312500000000000000e+02,7.111111111111111605e+00
3.287999999999999812e+00,1.317500000000000000e+02,9.222222222222223209e+00
3.287999999999999812e+00,1.322500000000000000e+02,1.033333333333333393e+01
3.287999999999999812e+00,1.327500000000000000e+02,1.166666666666666607e+01
3.287999999999999812e+00,1.332500000000000000e+02,1.022222222222222143e+01
3.287999999999999812e+00,1.337500000000000000e+02,1.088888888888888751e+01
3.287999999999999812e+00,1.342500000000000000e+02,1.088888888888888751e+01
3.287999999999999812e+00,1.347500000000000000e+02,1.233333333333333393e+01
3.287999999999999812e+00,1.352500000000000000e+02,1.088888888888888751e+01
3.287999999999999812e+00,1.357500000000000000e+02,1.011111111111111072e+01
3.287999999999999812e+00,1.362500000000000000e+02,8.888888888888887507e+00
3.287999999999999812e+00,1.367500000000000000e+02,9.666666666666666075e+00
3.287999999999999812e+00,1.372500000000000000e+02,1.088888888888888751e+01
3.287999999999999812e+00,1.377500000000000000e+02,1.111111111111110894e+01
3.287999999999999812e+00,1.382500000000000000e+02,1.188888888888888751e+01
3.287999999999999812e+00,1.387500000000000000e+02,1.188888888888888751e+01
3.287999999999999812e+00,1.392500000000000000e+02,1.233333333333333393e+01
3.287999999999999812e+00,1.397500000000000000e+02,1.200000000000000000e+01
3.287999999999999812e+00,1.402500000000000000e+02,1.333333333333333393e+01
3.287999999999999812e+00,1.407500000000000000e+02,1.522222222222222143e+01
3.287999999999999812e+00,1.412500000000000000e+02,1.622222222222222143e+01
3.287999999999999812e+00,1.417500000000000000e+02,1.577777777777777679e+01
3.287999999999999812e+00,1.422500000000000000e+02,1.577777777777777679e+01
3.287999999999999812e+00,1.427500000000000000e+02,1.633333333333333215e+01
3.287999999999999812e+00,1.432500000000000000e+02,1.788888888888888573e+01
3.287999999999999812e+00,1.437500000000000000e+02,1.622222222222221788e+01
3.287999999999999812e+00,1.442500000000000000e+02,1.799999999999999645e+01
3.287999999999999812e+00,1.447500000000000000e+02,1.655555555555555358e+01
3.287999999999999812e+00,1.452500000000000000e+02,1.822222222222221788e+01
3.287999999999999812e+00,1.457500000000000000e+02,1.544444444444444287e+01
3.287999999999999812e+00,1.462500000000000000e+02,1.633333333333333215e+01
3.287999999999999812e+00,1.467500000000000000e+02,1.777777777777777857e+01
3.287999999999999812e+00,1.472500000000000000e+02,2.033333333333333215e+01
3.287999999999999812e+00,1.477500000000000000e+02,2.088888888888888928e+01
3.287999999999999812e+00,1.482500000000000000e+02,2.177777777777777501e+01
3.287999999999999812e+00,1.487500000000000000e+02,2.111111111111111072e+01
3.287999999999999812e+00,1.492500000000000000e+02,2.100000000000000000e+01
3.287999999999999812e+00,1.497500000000000000e+02,2.066666666666666785e+01
3.287999999999999812e+00,1.502500000000000000e+02,2.366666666666666785e+01
3.287999999999999812e+00,1.507500000000000000e+02,2.388888888888888928e+01
3.287999999999999812e+00,1.512500000000000000e+02,2.511111111111111427e+01
3.287999999999999812e+00,1.517500000000000000e+02,2.344444444444444642e+01
3.287999999999999812e+00,1.522500000000000000e+02,2.455555555555555713e+01
3.287999999999999812e+00,1.527500000000000000e+02,2.255555555555555713e+01
3.287999999999999812e+00,1.532500000000000000e+02,2.288888888888888928e+01
3.287999999999999812e+00,1.537500000000000000e+02,2.322222222222222499e+01
3.287999999999999812e+00,1.542500000000000000e+02,2.411111111111111427e+01
3.287999999999999812e+00,1.547500000000000000e+02,2.455555555555555713e+01
3.287999999999999812e+00,1.552500000000000000e+02,2.622222222222222499e+01
3.287999999999999812e+00,1.557500000000000000e+02,2.555555555555555713e+01
3.287999999999999812e+00,1.562500000000000000e+02,2.455555555555555713e+01
3.287999999999999812e+00,1.567500000000000000e+02,2.433333333333333215e+01
3.287999999999999812e+00,1.572500000000000000e+02,2.466666666666666785e+01
3.287999999999999812e+00,1.577500000000000000e+02,2.544444444444444287e+01
3.287999999999999812e+00,1.582500000000000000e+02,2.577777777777777501e+01
3.287999999999999812e+00,1.587500000000000000e+02,2.766666666666666785e+01
3.287999999999999812e+00,1.592500000000000000e+02,2.733333333333333215e+01
3.287999999999999812e+00,1.597500000000000000e+02,2.811111111111111427e+01
3.287999999999999812e+00,1.602500000000000000e+02,2.600000000000000355e+01
3.287999999999999812e+00,1.607500000000000000e+02,2.700000000000000355e+01
3.287999999999999812e+00,1.612500000000000000e+02,2.577777777777778212e+01
3.287999999999999812e+00,1.617500000000000000e+02,2.666666666666667140e+01
3.287999999999999812e+00,1.622500000000000000e+02,2.511111111111111427e+01
3.287999999999999812e+00,1.627500000000000000e+02,2.633333333333333925e+01
3.287999999999999812e+00,1.632500000000000000e+02,2.688888888888889639e+01
3.287999999999999812e+00,1.637500000000000000e+02,2.811111111111111427e+01
3.287999999999999812e+00,1.642500000000000000e+02,2.455555555555555713e+01
3.287999999999999812e+00,1.647500000000000000e+02,2.611111111111111427e+01
3.287999999999999812e+00,1.652500000000000000e+02,2.422222222222222854e+01
3.287999999999999812e+00,1.657500000000000000e+02,2.433333333333333925e+01
3.287999999999999812e+00,1.662500000000000000e+02,2.211111111111111427e+01
3.287999999999999812e+00,1.667500000000000000e+02,2.222222222222222499e+01
3.287999999999999812e+00,1.672500000000000000e+02,2.233333333333333215e+01
3.287999999999999812e+00,1.677500000000000000e+02,2.200000000000000000e+01
3.287999999999999812e+00,1.682500000000000000e+02,2.188888888888888928e+01
3.287999999999999812e+00,1.687500000000000000e+02,2.222222222222222499e+01
3.287999999999999812e+00,1.692500000000000000e+02,2.077777777777778212e+01
3.287999999999999812e+00,1.697500000000000000e+02,2.111111111111111427e+01
3.287999999999999812e+00,1.702500000000000000e+02,2.055555555555555713e+01
3.287999999999999812e+00,1.707500000000000000e+02,2.000000000000000000e+01
3.287999999999999812e+00,1.712500000000000000e+02,1.922222222222222143e+01
3.287999999999999812e+00,1.717500000000000000e+02,1.955555555555555358e+01
3.287999999999999812e+00,1.722500000000000000e+02,1.955555555555555358e+01
3.287999999999999812e+00,1.727500000000000000e+02,1.711111111111111072e+01
3.287999999999999812e+00,1.732500000000000000e+02,1.377777777777777679e+01
3.287999999999999812e+00,1.737500000000000000e+02,1.288888888888888751e+01
3.287999999999999812e+00,1.742500000000000000e+02,1.333333333333333393e+01
3.287999999999999812e+00,1.747500000000000000e+02,1.244444444444444464e+01
3.287999999999999812e+00,1.752500000000000000e+02,1.077777777777777857e+01
3.287999999999999812e+00,1.757500000000000000e+02,9.000000000000000000e+00
3.287999999999999812e+00,1.762500000000000000e+02,8.555555555555555358e+00
3.287999999999999812e+00,1.767500000000000000e+02,7.666666666666666963e+00
3.287999999999999812e+00,1.772500000000000000e+02,6.777777777777777679e+00
3.287999999999999812e+00,1.777500000000000000e+02,5.333333333333333037e+00
3.287999999999999812e+00,1.782500000000000000e+02,4.333333333333333037e+00
3.287999999999999812e+00,1.787500000000000000e+02,3.111111111111110716e+00
3.287999999999999812e+00,1.792500000000000000e+02,2.111111111111110716e+00
3.287999999999999812e+00,1.797500000000000000e+02,9.999999999999995559e-01
3.303999999999999826e+00,1.302500000000000000e+02,9.888888888888887507e+00
3.303999999999999826e+00,1.307500000000000000e+02,9.111111111111110716e+00
3.303999999999999826e+00,1.312500000000000000e+02,8.000000000000000000e+00
3.303999999999999826e+00,1.317500000000000000e+02,1.044444444444444464e+01
3.303999999999999826e+00,1.322500000000000000e+02,1.066666666666666607e+01
3.303999999999999826e+00,1.327500000000000000e+02,1.111111111111110894e+01
3.303999999999999826e+00,1.332500000000000000e+02,1.022222222222222143e+01
3.303999999999999826e+00,1.337500000000000000e+02,1.144444444444444287e+01
3.303999999999999826e+00,1.342500000000000000e+02,1.133333333333333393e+01
3.303999999999999826e+00,1.347500000000000000e+02,1.100000000000000000e+01
3.303999999999999826e+00,1.352500000000000000e+02,9.777777777777778567e+00
3.303999999999999826e+00,1.357500000000000000e+02,9.333333333333333925e+00
3.303999999999999826e+00,1.362500000000000000e+02,9.222222222222221433e+00
3.303999999999999826e+00,1.367500000000000000e+02,1.011111111111110894e+01
3.303999999999999826e+00,1.372500000000000000e+02,1.066666666666666430e+01
3.303999999999999826e+00,1.377500000000000000e+02,1.099999999999999822e+01
3.303999999999999826e+00,1.382500000000000000e+02,1.066666666666666430e+01
3.303999999999999826e+00,1.387500000000000000e+02,1.133333333333333037e+01
3.303999999999999826e+00,1.392500000000000000e+02,1.088888888888888573e+01
3.303999999999999826e+00,1.397500000000000000e+02,1.033333333333333037e+01
3.303999999999999826e+00,1.402500000000000000e+02,1.088888888888888573e+01
3.303999999999999826e+00,1.407500000000000000e+02,1.199999999999999467e+01
3.303999999999999826e+00,1.412500000000000000e+02,1.399999999999999467e+01
3.303999999999999826e+00,1.417500000000000000e+02,1.422222222222221610e+01
3.303999999999999826e+00,1.422500000000000000e+02,1.555555555555555003e+01
3.303999999999999826e+00,1.427500000000000000e+02,1.566666666666666252e+01
3.303999999999999826e+00,1.432500000000000000e+02,1.811111111111110361e+01
3.303999999999999826e+00,1.437500000000000000e+02,1.688888888888888218e+01
3.303999999999999826e+00,1.442500000000000000e+02,1.733333333333332504e+01
3.303999999999999826e+00,1.447500000000000000e+02,1.633333333333332504e+01
3.303999999999999826e+00,1.452500000000000000e+02,1.811111111111110361e+01
3.303999999999999826e+00,1.457500000000000000e+02,1.744444444444443931e+01
3.303999999999999826e+00,1.462500000000000000e+02,1.744444444444443931e+01
3.303999999999999826e+00,1.467500000000000000e+02,1.833333333333332860e+01
3.303999999999999826e+00,1.472500000000000000e+02,2.066666666666666075e+01
3.303999999999999826e+00,1.477500000000000000e+02,2.199999999999999645e+01
3.303999999999999826e+00,1.482500000000000000e+02,2.288888888888888573e+01
3.303999999999999826e+00,1.487500000000000000e+02,2.166666666666666075e+01
3.303999999999999826e+00,1.492500000000000000e+02,1.955555555555555358e+01
3.303999999999999826e+00,1.497500000000000000e+02,1.844444444444443931e+01
3.303999999999999826e+00,1.502500000000000000e+02,1.988888888888888573e+01
3.303999999999999826e+00,1.507500000000000000e+02,2.044444444444444287e+01
3.303999999999999826e+00,1.512500000000000000e+02,2.144444444444444287e+01
3.303999999999999826e+00,1.517500000000000000e+02,2.055555555555555358e+01
3.303999999999999826e+00,1.522500000000000000e+02,2.166666666666666785e+01
3.303999999999999826e+00,1.527500000000000000e+02,2.022222222222222499e+01
3.303999999999999826e+00,1.532500000000000000e+02,2.011111111111111072e+01
3.303999999999999826e+00,1.537500000000000000e+02,2.055555555555555713e+01
3.303999999999999826e+00,1.542500000000000000e+02,2.155555555555555713e+01
3.303999999999999826e+00,1.547500000000000000e+02,2.333333333333333215e+01
3.303999999999999826e+00,1.552500000000000000e+02,2.344444444444444642e+01
3.303999999999999826e+00,1.557500000000000000e+02,2.377777777777778212e+01
3.303999999999999826e+00,1.562500000000000000e+02,2.255555555555555713e+01
3.303999999999999826e+00,1.567500000000000000e+02,2.233333333333333215e+01
3.303999999999999826e+00,1.572500000000000000e+02,2.188888888888888928e+01
3.303999999999999826e+00,1.577500000000000000e+02,2.222222222222222499e+01
3.303999999999999826e+00,1.582500000000000000e+02,2.377777777777778212e+01
3.303999999999999826e+00,1.587500000000000000e+02,2.466666666666666785e+01
3.303999999999999826e+00,1.592500000000000000e+02,2.455555555555555713e+01
3.303999999999999826e+00,1.597500000000000000e+02,2.422222222222222499e+01
3.303999999999999826e+00,1.602500000000000000e+02,2.266666666666666785e+01
3.303999999999999826e+00,1.607500000000000000e+02,2.266666666666666785e+01
3.303999999999999826e+00,1.612500000000000000e+02,2.188888888888888573e+01
3.303999999999999826e+00,1.617500000000000000e+02,2.377777777777777146e+01
3.303999999999999826e+00,1.622500000000000000e+02,2.288888888888888218e+01
3.303999999999999826e+00,1.627500000000000000e+02,2.299999999999998934e+01
3.303999999999999826e+00,1.632500000000000000e+02,2.299999999999998934e+01
3.303999999999999826e+00,1.637500000000000000e+02,2.511111111111110006e+01
3.303999999999999826e+00,1.642500000000000000e+02,2.266666666666665719e+01
3.303999999999999826e+00,1.647500000000000000e+02,2.388888888888888218e+01
3.303999999999999826e+00,1.652500000000000000e+02,2.188888888888888218e+01
3.303999999999999826e+00,1.657500000000000000e+02,2.299999999999998934e+01
3.303999999999999826e+00,1.662500000000000000e+02,2.066666666666665719e+01
3.303999999999999826e+00,1.667500000000000000e+02,2.033333333333332504e+01
3.303999999999999826e+00,1.672500000000000000e+02,1.999999999999998934e+01
3.303999999999999826e+00,1.677500000000000000e+02,2.011111111111110006e+01
3.303999999999999826e+00,1.682500000000000000e+02,1.899999999999998934e+01
3.303999999999999826e+00,1.687500000000000000e+02,1.922222222222221077e+01
3.303999999999999826e+00,1.692500000000000000e+02,1.899999999999998934e+01
3.303999999999999826e+00,1.697500000000000000e+02,1.888888888888887863e+01
3.303999999999999826e+00,1.702500000000000000e+02,1.933333333333332504e+01
3.303999999999999826e+00,1.707500000000000000e+02,1.822222222222221077e+01
3.303999999999999826e+00,1.712500000000000000e+02,1.866666666666665719e+01
3.303999999999999826e+00,1.717500000000000000e+02,1.766666666666665719e+01
3.303999999999999826e+00,1.722500000000000000e+02,1.622222222222221433e+01
3.303999999999999826e+00,1.727500000000000000e+02,1.455555555555554825e+01
3.303999999999999826e+00,1.732500000000000000e+02,1.355555555555554825e+01
3.303999999999999826e+00,1.737500000000000000e+02,1.299999999999999289e+01
3.303999999999999826e+00,1.742500000000000000e+02,1.188888888888888040e+01
3.303999999999999826e+00,1.747500000000000000e+02,9.666666666666658969e+00
3.303999999999999826e+00,1.752500000000000000e+02,8.333333333333326820e+00
3.303999999999999826e+00,1.757500000000000000e+02,7.999999999999992895e+00
3.303999999999999826e+00,1.762500000000000000e+02,7.555555555555549141e+00
3.303999999999999826e+00,1.767500000000000000e+02,6.666666666666659857e+00
3.303999999999999826e+00,1.772500000000000000e+02,5.999999999999992895e+00
3.303999999999999826e+00,1.777500000000000000e+02,4.999999999999992895e+00
3.303999999999999826e+00,1.782500000000000000e+02,4.444444444444436648e+00
3.303999999999999826e+00,1.787500000000000000e+02,2.777777777777770130e+00
3.303999999999999826e+00,1.792500000000000000e+02,1.555555555555548253e+00
3.303999999999999826e+00,1.797500000000000000e+02,2.222222222222149102e-01
3.319999999999999840e+00,1.302500000000000000e+02,1.133333333333333393e+01
3.319999999999999840e+00,1.307500000000000000e+02,1.133333333333333393e+01
3.319999999999999840e+00,1.312500000000000000e+02,1.066666666666666607e+01
3.319999999999999840e+00,1.317500000000000000e+02,1.055555555555555536e+01
3.319999999999999840e+00,1.322500000000000000e+02,9.555555555555555358e+00
3.319999999999999840e+00,1.327500000000000000e+02,1.066666666666666607e+01
3.319999999999999840e+00,1.332500000000000000e+02,1.144444444444444287e+01
3.319999999999999840e+00,1.337500000000000000e+02,1.344444444444444287e+01
3.319999999999999840e+00,1.342500000000000000e+02,1.188888888888888751e+01
3.319999999999999840e+00,1.347500000000000000e+02,1.088888888888888751e+01
3.319999999999999840e+00,1.352500000000000000e+02,9.111111111111110716e+00
3.319999999999999840e+00,1.357500000000000000e+02,9.111111111111110716e+00
3.319999999999999840e+00,1.362500000000000000e+02,9.555555555555555358e+00
3.319999999999999840e+00,1.367500000000000000e+02,1.077777777777777679e+01
3.319999999999999840e+00,1.372500000000000000e+02,1.066666666666666430e+01
3.319999999999999840e+00,1.377500000000000000e+02,1.099999999999999822e+01
3.319999999999999840e+00,1.382500000000000000e+02,1.055555555555555181e+01
3.319999999999999840e+00,1.387500000000000000e+02,1.155555555555555181e+01
3.319999999999999840e+00,1.392500000000000000e+02,1.066666666666666430e+01
3.319999999999999840e+00,1.397500000000000000e+02,9.555555555555553582e+00
3.319999999999999840e+00,1.402500000000000000e+02,8.888888888888887507e+00
3.319999999999999840e+00,1.407500000000000000e+02,9.333333333333330373e+00
3.319999999999999840e+00,1.412500000000000000e+02,1.188888888888888573e+01
3.319999999999999840e+00,1.417500000000000000e+02,1.411111111111110716e+01
3.319999999999999840e+00,1.422500000000000000e+02,1.577777777777777324e+01
3.319999999999999840e+00,1.427500000000000000e+02,1.499999999999999467e+01
3.319999999999999840e+00,1.432500000000000000e+02,1.477777777777777324e+01
3.319999999999999840e+00,1.437500000000000000e+02,1.422222222222221966e+01
3.319999999999999840e+00,1.442500000000000000e+02,1.466666666666666430e+01
3.319999999999999840e+00,1.447500000000000000e+02,1.611111111111111072e+01
3.319999999999999840e+00,1.452500000000000000e+02,1.677777777777777501e+01
3.319999999999999840e+00,1.457500000000000000e+02,1.788888888888888573e+01
3.319999999999999840e+00,1.462500000000000000e+02,1.711111111111111072e+01
3.319999999999999840e+00,1.467500000000000000e+02,1.711111111111111072e+01
3.319999999999999840e+00,1.472500000000000000e+02,1.700000000000000000e+01
3.319999999999999840e+00,1.477500000000000000e+02,1.766666666666666785e+01
3.319999999999999840e+00,1.482500000000000000e+02,1.944444444444444287e+01
3.319999999999999840e+00,1.487500000000000000e+02,1.877777777777777501e+01
3.319999999999999840e+00,1.492500000000000000e+02,1.788888888888888573e+01
3.319999999999999840e+00,1.497500000000000000e+02,1.677777777777777501e+01
3.319999999999999840e+00,1.502500000000000000e+02,1.833333333333333215e+01
3.319999999999999840e+00,1.507500000000000000e+02,1.822222222222222499e+01
3.319999999999999840e+00,1.512500000000000000e+02,1.933333333333333215e+01
3.319999999999999840e+00,1.517500000000000000e+02,1.833333333333333215e+01
3.319999999999999840e+00,1.522500000000000000e+02,1.911111111111111072e+01
3.319999999999999840e+00,1.527500000000000000e+02,1.933333333333333215e+01
3.319999999999999840e+00,1.532500000000000000e+02,1.922222222222222143e+01
3.319999999999999840e+00,1.537500000000000000e+02,2.100000000000000000e+01
3.319999999999999840e+00,1.542500000000000000e+02,1.988888888888888928e+01
3.319999999999999840e+00,1.547500000000000000e+02,2.300000000000000000e+01
3.319999999999999840e+00,1.552500000000000000e+02,2.144444444444444287e+01
3.319999999999999840e+00,1.557500000000000000e+02,2.166666666666666785e+01
3.319999999999999840e+00,1.562500000000000000e+02,1.922222222222222143e+01
3.319999999999999840e+00,1.567500000000000000e+02,2.100000000000000000e+01
3.319999999999999840e+00,1.572500000000000000e+02,2.122222222222222499e+01
3.319999999999999840e+00,1.577500000000000000e+02,2.177777777777778212e+01
3.319999999999999840e+00,1.582500000000000000e+02,2.177777777777778212e+01
3.319999999999999840e+00,1.587500000000000000e+02,2.188888888888888928e+01
3.319999999999999840e+00,1.592500000000000000e+02,2.233333333333333215e+01
3.319999999999999840e+00,1.597500000000000000e+02,2.144444444444444642e+01
3.319999999999999840e+00,1.602500000000000000e+02,2.088888888888889284e+01
3.319999999999999840e+00,1.607500000000000000e+02,1.977777777777778212e+01
3.319999999999999840e+00,1.612500000000000000e+02,1.944444444444444642e+01
3.319999999999999840e+00,1.617500000000000000e+02,2.066666666666666785e+01
3.319999999999999840e+00,1.622500000000000000e+02,2.066666666666666785e+01
3.319999999999999840e+00,1.627500000000000000e+02,2.244444444444444642e+01
3.319999999999999840e+00,1.632500000000000000e+02,2.222222222222222854e+01
3.319999999999999840e+00,1.637500000000000000e+02,2.444444444444445352e+01
3.319999999999999840e+00,1.642500000000000000e+02,2.155555555555556069e+01
3.319999999999999840e+00,1.647500000000000000e+02,2.255555555555556069e+01
3.319999999999999840e+00,1.652500000000000000e+02,1.955555555555556069e+01
3.319999999999999840e+00,1.657500000000000000e+02,1.955555555555556069e+01
3.319999999999999840e+00,1.662500000000000000e+02,1.833333333333333925e+01
3.319999999999999840e+00,1.667500000000000000e+02,1.966666666666667140e+01
3.319999999999999840e+00,1.672500000000000000e+02,1.922222222222222854e+01
3.319999999999999840e+00,1.677500000000000000e+02,1.944444444444445352e+01
3.319999999999999840e+00,1.682500000000000000e+02,1.722222222222222854e+01
3.319999999999999840e+00,1.687500000000000000e+02,1.822222222222222854e+01
3.319999999999999840e+00,1.692500000000000000e+02,1.722222222222222854e+01
3.319999999999999840e+00,1.697500000000000000e+02,1.722222222222222854e+01
3.319999999999999840e+00,1.702500000000000000e+02,1.666666666666667140e+01
3.319999999999999840e+00,1.707500000000000000e+02,1.655555555555556069e+01
3.319999999999999840e+00,1.712500000000000000e+02,1.633333333333333925e+01
3.319999999999999840e+00,1.717500000000000000e+02,1.455555555555556246e+01
3.319999999999999840e+00,1.722500000000000000e+02,1.300000000000000711e+01
3.319999999999999840e+00,1.727500000000000000e+02,1.233333333333334103e+01
3.319999999999999840e+00,1.732500000000000000e+02,1.311111111111111960e+01
3.319999999999999840e+00,1.737500000000000000e+02,1.300000000000000888e+01
3.319999999999999840e+00,1.742500000000000000e+02,1.244444444444445175e+01
3.319999999999999840e+00,1.747500000000000000e+02,1.055555555555556246e+01
3.319999999999999840e+00,1.752500000000000000e+02,8.666666666666673180e+00
3.319999999999999840e+00,1.757500000000000000e+02,8.111111111111119598e+00
3.319999999999999840e+00,1.762500000000000000e+02,6.777777777777785673e+00
3.319999999999999840e+00,1.767500000000000000e+02,6.111111111111118710e+00
3.319999999999999840e+00,1.772500000000000000e+02,5.222222222222229426e+00
3.319999999999999840e+00,1.777500000000000000e+02,4.666666666666674068e+00
3.319999999999999840e+00,1.782500000000000000e+02,4.111111111111117822e+00
3.319999999999999840e+00,1.787500000000000000e+02,2.555555555555562464e+00
3.319999999999999840e+00,1.792500000000000000e+02,1.555555555555562464e+00
3.319999999999999840e+00,1.797500000000000000e+02,2.222222222222291210e-01
3.335999999999999854e+00,1.302500000000000000e+02,1.044444444444444464e+01
3.335999999999999854e+00,1.307500000000000000e+02,1.144444444444444464e+01
3.335999999999999854e+00,1.312500000000000000e+02,1.133333333333333393e+01
3.335999999999999854e+00,1.317500000000000000e+02,1.022222222222222143e+01
3.335999999999999854e+00,1.322500000000000000e+02,9.000000000000000000e+00
3.335999999999999854e+00,1.327500000000000000e+02,1.088888888888889106e+01
3.335999999999999854e+00,1.332500000000000000e+02,1.222222222222222321e+01
3.335999999999999854e+00,1.337500000000000000e+02,1.355555555555555713e+01
3.335999999999999854e+00,1.342500000000000000e+02,1.100000000000000178e+01
3.335999999999999854e+00,1.347500000000000000e+02,1.022222222222222321e+01
3.335999999999999854e+00,1.352500000000000000e+02,8.777777777777778567e+00
3.335999999999999854e+00,1.357500000000000000e+02,9.222222222222223209e+00
3.335999999999999854e+00,1.362500000000000000e+02,1.011111111111111249e+01
3.335999999999999854e+00,1.367500000000000000e+02,1.122222222222222321e+01
3.335999999999999854e+00,1.372500000000000000e+02,1.055555555555555713e+01
3.335999999999999854e+00,1.377500000000000000e+02,1.055555555555555713e+01
3.335999999999999854e+00,1.382500000000000000e+02,1.066666666666666607e+01
3.335999999999999854e+00,1.387500000000000000e+02,1.100000000000000000e+01
3.335999999999999854e+00,1.392500000000000000e+02,1.088888888888888751e+01
3.335999999999999854e+00,1.397500000000000000e+02,9.555555555555555358e+00
3.335999999999999854e+00,1.402500000000000000e+02,1.011111111111110894e+01
3.335999999999999854e+00,1.407500000000000000e+02,9.333333333333330373e+00
3.335999999999999854e+00,1.412500000000000000e+02,1.188888888888888573e+01
3.335999999999999854e+00,1.417500000000000000e+02,1.322222222222221966e+01
3.335999999999999854e+00,1.422500000000000000e+02,1.499999999999999822e+01
3.335999999999999854e+00,1.427500000000000000e+02,1.399999999999999822e+01
3.335999999999999854e+00,1.432500000000000000e+02,1.422222222222221966e+01
3.335999999999999854e+00,1.437500000000000000e+02,1.422222222222221966e+01
3.335999999999999854e+00,1.442500000000000000e+02,1.411111111111110716e+01
3.335999999999999854e+00,1.447500000000000000e+02,1.544444444444444109e+01
3.335999999999999854e+00,1.452500000000000000e+02,1.533333333333332860e+01
3.335999999999999854e+00,1.457500000000000000e+02,1.688888888888888573e+01
3.335999999999999854e+00,1.462500000000000000e+02,1.622222222222221788e+01
3.335999999999999854e+00,1.467500000000000000e+02,1.666666666666666430e+01
3.335999999999999854e+00,1.472500000000000000e+02,1.622222222222221788e+01
3.335999999999999854e+00,1.477500000000000000e+02,1.766666666666666430e+01
3.335999999999999854e+00,1.482500000000000000e+02,1.844444444444444287e+01
3.335999999999999854e+00,1.487500000000000000e+02,1.811111111111111072e+01
3.335999999999999854e+00,1.492500000000000000e+02,1.555555555555555181e+01
3.335999999999999854e+00,1.497500000000000000e+02,1.499999999999999822e+01
3.335999999999999854e+00,1.502500000000000000e+02,1.522222222222221966e+01
3.335999999999999854e+00,1.507500000000000000e+02,1.655555555555555358e+01
3.335999999999999854e+00,1.512500000000000000e+02,1.666666666666666075e+01
3.335999999999999854e+00,1.517500000000000000e+02,1.655555555555555003e+01
3.335999999999999854e+00,1.522500000000000000e+02,1.644444444444443931e+01
3.335999999999999854e+00,1.527500000000000000e+02,1.766666666666666075e+01
3.335999999999999854e+00,1.532500000000000000e+02,1.755555555555555358e+01
3.335999999999999854e+00,1.537500000000000000e+02,1.888888888888888573e+01
3.335999999999999854e+00,1.542500000000000000e+02,1.744444444444443931e+01
3.335999999999999854e+00,1.547500000000000000e+02,2.011111111111110716e+01
3.335999999999999854e+00,1.552500000000000000e+02,1.944444444444443931e+01
3.335999999999999854e+00,1.557500000000000000e+02,1.922222222222221788e+01
3.335999999999999854e+00,1.562500000000000000e+02,1.666666666666666430e+01
3.335999999999999854e+00,1.567500000000000000e+02,1.799999999999999645e+01
3.335999999999999854e+00,1.572500000000000000e+02,2.066666666666666430e+01
3.335999999999999854e+00,1.577500000000000000e+02,2.155555555555555358e+01
3.335999999999999854e+00,1.582500000000000000e+02,2.077777777777777501e+01
3.335999999999999854e+00,1.587500000000000000e+02,1.855555555555555358e+01
3.335999999999999854e+00,1.592500000000000000e+02,1.922222222222221788e+01
3.335999999999999854e+00,1.597500000000000000e+02,1.766666666666666430e+01
3.335999999999999854e+00,1.602500000000000000e+02,1.977777777777777501e+01
3.335999999999999854e+00,1.607500000000000000e+02,1.933333333333333215e+01
3.335999999999999854e+00,1.612500000000000000e+02,2.100000000000000000e+01
3.335999999999999854e+00,1.617500000000000000e+02,2.100000000000000000e+01
3.335999999999999854e+00,1.622500000000000000e+02,1.988888888888888928e+01
3.335999999999999854e+00,1.627500000000000000e+02,2.055555555555555358e+01
3.335999999999999854e+00,1.632500000000000000e+02,1.944444444444444287e+01
3.335999999999999854e+00,1.637500000000000000e+02,2.188888888888888573e+01
3.335999999999999854e+00,1.642500000000000000e+02,2.044444444444443931e+01
3.335999999999999854e+00,1.647500000000000000e+02,2.111111111111110716e+01
3.335999999999999854e+00,1.652500000000000000e+02,1.888888888888888573e+01
3.335999999999999854e+00,1.657500000000000000e+02,1.877777777777777501e+01
3.335999999999999854e+00,1.662500000000000000e+02,1.755555555555555358e+01
3.335999999999999854e+00,1.667500000000000000e+02,1.799999999999999645e+01
3.335999999999999854e+00,1.672500000000000000e+02,1.699999999999999645e+01
3.335999999999999854e+00,1.677500000000000000e+02,1.677777777777777501e+01
3.335999999999999854e+00,1.682500000000000000e+02,1.555555555555555181e+01
3.335999999999999854e+00,1.687500000000000000e+02,1.655555555555555358e+01
3.335999999999999854e+00,1.692500000000000000e+02,1.644444444444443931e+01
3.335999999999999854e+00,1.697500000000000000e+02,1.655555555555555358e+01
3.335999999999999854e+00,1.702500000000000000e+02,1.577777777777777324e+01
3.335999999999999854e+00,1.707500000000000000e+02,1.544444444444444109e+01
3.335999999999999854e+00,1.712500000000000000e+02,1.477777777777777324e+01
3.335999999999999854e+00,1.717500000000000000e+02,1.288888888888888573e+01
3.335999999999999854e+00,1.722500000000000000e+02,1.099999999999999822e+01
3.335999999999999854e+00,1.727500000000000000e+02,1.144444444444444287e+01
3.335999999999999854e+00,1.732500000000000000e+02,1.277777777777777679e+01
3.335999999999999854e+00,1.737500000000000000e+02,1.300000000000000000e+01
3.335999999999999854e+00,1.742500000000000000e+02,1.144444444444444464e+01
3.335999999999999854e+00,1.747500000000000000e+02,9.444444444444444642e+00
3.335999999999999854e+00,1.752500000000000000e+02,8.000000000000000000e+00
3.335999999999999854e+00,1.757500000000000000e+02,7.222222222222222321e+00
3.335999999999999854e+00,1.762500000000000000e+02,5.666666666666666963e+00
3.335999999999999854e+00,1.767500000000000000e+02,4.888888888888889284e+00
3.335999999999999854e+00,1.772500000000000000e+02,4.000000000000000000e+00
3.335999999999999854e+00,1.777500000000000000e+02,3.888888888888888840e+00
3.335999999999999854e+00,1.782500000000000000e+02,3.222222222222221877e+00
3.335999999999999854e+00,1.787500000000000000e+02,2.111111111111110716e+00
3.335999999999999854e+00,1.792500000000000000e+02,1.222222222222221877e+00
3.335999999999999854e+00,1.797500000000000000e+02,4.444444444444441977e-01
3.351999999999999869e+00,1.302500000000000000e+02,1.011111111111111249e+01
3.351999999999999869e+00,1.307500000000000000e+02,1.177777777777777857e+01
3.351999999999999869e+00,1.312500000000000000e+02,1.300000000000000000e+01
3.351999999999999869e+00,1.317500000000000000e+02,1.211111111111110894e+01
3.351999999999999869e+00,1.322500000000000000e+02,1.077777777777777679e+01
3.351999999999999869e+00,1.327500000000000000e+02,1.133333333333333393e+01
3.351999999999999869e+00,1.332500000000000000e+02,1.233333333333333393e+01
3.351999999999999869e+00,1.337500000000000000e+02,1.277777777777777857e+01
3.351999999999999869e+00,1.342500000000000000e+02,1.022222222222222321e+01
3.351999999999999869e+00,1.347500000000000000e+02,9.555555555555555358e+00
3.351999999999999869e+00,1.352500000000000000e+02,8.111111111111112493e+00
3.351999999999999869e+00,1.357500000000000000e+02,9.111111111111112493e+00
3.351999999999999869e+00,1.362500000000000000e+02,9.666666666666667851e+00
3.351999999999999869e+00,1.367500000000000000e+02,1.077777777777777857e+01
3.351999999999999869e+00,1.372500000000000000e+02,1.055555555555555713e+01
3.351999999999999869e+00,1.377500000000000000e+02,9.888888888888891060e+00
3.351999999999999869e+00,1.382500000000000000e+02,1.100000000000000000e+01
3.351999999999999869e+00,1.387500000000000000e+02,1.077777777777777857e+01
3.351999999999999869e+00,1.392500000000000000e+02,1.155555555555555713e+01
3.351999999999999869e+00,1.397500000000000000e+02,1.044444444444444642e+01
3.351999999999999869e+00,1.402500000000000000e+02,1.133333333333333570e+01
3.351999999999999869e+00,1.407500000000000000e+02,1.066666666666666963e+01
3.351999999999999869e+00,1.412500000000000000e+02,1.200000000000000178e+01
3.351999999999999869e+00,1.417500000000000000e+02,1.200000000000000178e+01
3.351999999999999869e+00,1.422500000000000000e+02,1.322222222222222321e+01
3.351999999999999869e+00,1.427500000000000000e+02,1.277777777777777857e+01
3.351999999999999869e+00,1.432500000000000000e+02,1.266666666666666607e+01
3.351999999999999869e+00,1.437500000000000000e+02,1.222222222222222143e+01
3.351999999999999869e+00,1.442500000000000000e+02,1.300000000000000000e+01
3.351999999999999869e+00,1.447500000000000000e+02,1.377777777777777857e+01
3.351999999999999869e+00,1.452500000000000000e+02,1.333333333333333393e+01
3.351999999999999869e+00,1.457500000000000000e+02,1.311111111111110894e+01
3.351999999999999869e+00,1.462500000000000000e+02,1.344444444444444287e+01
3.351999999999999869e+00,1.467500000000000000e+02,1.366666666666666607e+01
3.351999999999999869e+00,1.472500000000000000e+02,1.522222222222222143e+01
3.351999999999999869e+00,1.477500000000000000e+02,1.600000000000000000e+01
3.351999999999999869e+00,1.482500000000000000e+02,1.577777777777777679e+01
3.351999999999999869e+00,1.487500000000000000e+02,1.511111111111110894e+01
3.351999999999999869e+00,1.492500000000000000e+02,1.555555555555555536e+01
3.351999999999999869e+00,1.497500000000000000e+02,1.755555555555555358e+01
3.351999999999999869e+00,1.502500000000000000e+02,1.644444444444444287e+01
3.351999999999999869e+00,1.507500000000000000e+02,1.588888888888888573e+01
3.351999999999999869e+00,1.512500000000000000e+02,1.488888888888888573e+01
3.351999999999999869e+00,1.517500000000000000e+02,1.566666666666666252e+01
3.351999999999999869e+00,1.522500000000000000e+02,1.533333333333332860e+01
3.351999999999999869e+00,1.527500000000000000e+02,1.666666666666666075e+01
3.351999999999999869e+00,1.532500000000000000e+02,1.588888888888888573e+01
3.351999999999999869e+00,1.537500000000000000e+02,1.611111111111110716e+01
3.351999999999999869e+00,1.542500000000000000e+02,1.466666666666666252e+01
3.351999999999999869e+00,1.547500000000000000e+02,1.722222222222221788e+01
3.351999999999999869e+00,1.552500000000000000e+02,1.777777777777777501e+01
3.351999999999999869e+00,1.557500000000000000e+02,1.822222222222221788e+01
3.351999999999999869e+00,1.562500000000000000e+02,1.544444444444444109e+01
3.351999999999999869e+00,1.567500000000000000e+02,1.711111111111110716e+01
3.351999999999999869e+00,1.572500000000000000e+02,1.955555555555555358e+01
3.351999999999999869e+00,1.577500000000000000e+02,2.122222222222221788e+01
3.351999999999999869e+00,1.582500000000000000e+02,1.999999999999999645e+01
3.351999999999999869e+00,1.587500000000000000e+02,1.766666666666666430e+01
3.351999999999999869e+00,1.592500000000000000e+02,1.733333333333333215e+01
3.351999999999999869e+00,1.597500000000000000e+02,1.577777777777777679e+01
3.351999999999999869e+00,1.602500000000000000e+02,1.844444444444444287e+01
3.351999999999999869e+00,1.607500000000000000e+02,1.911111111111111072e+01
3.351999999999999869e+00,1.612500000000000000e+02,2.122222222222221788e+01
3.351999999999999869e+00,1.617500000000000000e+02,1.955555555555555358e+01
3.351999999999999869e+00,1.622500000000000000e+02,1.899999999999999645e+01
3.351999999999999869e+00,1.627500000000000000e+02,1.966666666666666430e+01
3.351999999999999869e+00,1.632500000000000000e+02,1.999999999999999645e+01
3.351999999999999869e+00,1.637500000000000000e+02,2.155555555555555358e+01
3.351999999999999869e+00,1.642500000000000000e+02,1.999999999999999645e+01
3.351999999999999869e+00,1.647500000000000000e+02,1.999999999999999645e+01
3.351999999999999869e+00,1.652500000000000000e+02,1.755555555555555358e+01
3.351999999999999869e+00,1.657500000000000000e+02,1.666666666666666075e+01
3.351999999999999869e+00,1.662500000000000000e+02,1.611111111111110361e+01
3.351999999999999869e+00,1.667500000000000000e+02,1.777777777777777146e+01
3.351999999999999869e+00,1.672500000000000000e+02,1.844444444444443931e+01
3.351999999999999869e+00,1.677500000000000000e+02,1.711111111111110361e+01
3.351999999999999869e+00,1.682500000000000000e+02,1.533333333333332682e+01
3.351999999999999869e+00,1.687500000000000000e+02,1.566666666666665897e+01
3.351999999999999869e+00,1.692500000000000000e+02,1.544444444444443754e+01
3.351999999999999869e+00,1.697500000000000000e+02,1.488888888888888395e+01
3.351999999999999869e+00,1.702500000000000000e+02,1.288888888888888395e+01
3.351999999999999869e+00,1.707500000000000000e+02,1.311111111111110539e+01
3.351999999999999869e+00,1.712500000000000000e+02,1.177777777777777146e+01
3.351999999999999869e+00,1.717500000000000000e+02,1.088888888888888395e+01
3.351999999999999869e+00,1.722500000000000000e+02,1.011111111111110539e+01
3.351999999999999869e+00,1.727500000000000000e+02,1.166666666666665897e+01
3.351999999999999869e+00,1.732500000000000000e+02,1.255555555555554825e+01
3.351999999999999869e+00,1.737500000000000000e+02,1.177777777777776969e+01
3.351999999999999869e+00,1.742500000000000000e+02,9.999999999999991118e+00
3.351999999999999869e+00,1.747500000000000000e+02,8.777777777777769685e+00
3.351999999999999869e+00,1.752500000000000000e+02,7.333333333333325044e+00
3.351999999999999869e+00,1.757500000000000000e+02,6.555555555555547365e+00
3.351999999999999869e+00,1.762500000000000000e+02,4.777777777777769685e+00
3.351999999999999869e+00,1.767500000000000000e+02,4.666666666666658081e+00
3.351999999999999869e+00,1.772500000000000000e+02,3.777777777777769685e+00
3.351999999999999869e+00,1.777500000000000000e+02,3.666666666666658525e+00
3.351999999999999869e+00,1.782500000000000000e+02,3.111111111111103167e+00
3.351999999999999869e+00,1.787500000000000000e+02,2.222222222222213883e+00
3.351999999999999869e+00,1.792500000000000000e+02,1.444444444444436426e+00
3.351999999999999869e+00,1.797500000000000000e+02,4.444444444444363707e-01
3.367999999999999883e+00,1.302500000000000000e+02,8.777777777777776791e+00
3.367999999999999883e+00,1.307500000000000000e+02,1.022222222222222143e+01
3.367999999999999883e+00,1.312500000000000000e+02,1.100000000000000000e+01
3.367999999999999883e+00,1.317500000000000000e+02,1.177777777777777857e+01
3.367999999999999883e+00,1.322500000000000000e+02,1.066666666666666607e+01
3.367999999999999883e+00,1.327500000000000000e+02,1.100000000000000000e+01
3.367999999999999883e+00,1.332500000000000000e+02,1.166666666666666607e+01
3.367999999999999883e+00,1.337500000000000000e+02,1.111111111111111249e+01
3.367999999999999883e+00,1.342500000000000000e+02,1.044444444444444464e+01
3.367999999999999883e+00,1.347500000000000000e+02,9.000000000000000000e+00
3.367999999999999883e+00,1.352500000000000000e+02,8.888888888888889284e+00
3.367999999999999883e+00,1.357500000000000000e+02,8.222222222222223209e+00
3.367999999999999883e+00,1.362500000000000000e+02,8.666666666666666075e+00
3.367999999999999883e+00,1.367500000000000000e+02,9.222222222222223209e+00
3.367999999999999883e+00,1.372500000000000000e+02,9.777777777777778567e+00
3.367999999999999883e+00,1.377500000000000000e+02,9.111111111111112493e+00
3.367999999999999883e+00,1.382500000000000000e+02,1.055555555555555536e+01
3.367999999999999883e+00,1.387500000000000000e+02,9.777777777777778567e+00
3.367999999999999883e+00,1.392500000000000000e+02,1.055555555555555536e+01
3.367999999999999883e+00,1.397500000000000000e+02,9.888888888888889284e+00
3.367999999999999883e+00,1.402500000000000000e+02,1.155555555555555713e+01
3.367999999999999883e+00,1.407500000000000000e+02,1.133333333333333570e+01
3.367999999999999883e+00,1.412500000000000000e+02,1.133333333333333570e+01
3.367999999999999883e+00,1.417500000000000000e+02,9.444444444444446418e+00
3.367999999999999883e+00,1.422500000000000000e+02,1.133333333333333570e+01
3.367999999999999883e+00,1.427500000000000000e+02,1.211111111111111427e+01
3.367999999999999883e+00,1.432500000000000000e+02,1.266666666666666963e+01
3.367999999999999883e+00,1.437500000000000000e+02,1.044444444444444819e+01
3.367999999999999883e+00,1.442500000000000000e+02,1.044444444444444819e+01
3.367999999999999883e+00,1.447500000000000000e+02,1.111111111111111427e+01
3.367999999999999883e+00,1.452500000000000000e+02,1.277777777777778034e+01
3.367999999999999883e+00,1.457500000000000000e+02,1.277777777777778034e+01
3.367999999999999883e+00,1.462500000000000000e+02,1.366666666666666963e+01
3.367999999999999883e+00,1.467500000000000000e+02,1.344444444444444819e+01
3.367999999999999883e+00,1.472500000000000000e+02,1.488888888888889106e+01
3.367999999999999883e+00,1.477500000000000000e+02,1.555555555555555713e+01
3.367999999999999883e+00,1.482500000000000000e+02,1.422222222222222321e+01
3.367999999999999883e+00,1.487500000000000000e+02,1.344444444444444819e+01
3.367999999999999883e+00,1.492500000000000000e+02,1.433333333333333748e+01
3.367999999999999883e+00,1.497500000000000000e+02,1.633333333333333925e+01
3.367999999999999883e+00,1.502500000000000000e+02,1.500000000000000533e+01
3.367999999999999883e+00,1.507500000000000000e+02,1.488888888888889284e+01
3.367999999999999883e+00,1.512500000000000000e+02,1.455555555555555891e+01
3.367999999999999883e+00,1.517500000000000000e+02,1.644444444444444642e+01
3.367999999999999883e+00,1.522500000000000000e+02,1.511111111111111427e+01
3.367999999999999883e+00,1.527500000000000000e+02,1.655555555555556069e+01
3.367999999999999883e+00,1.532500000000000000e+02,1.600000000000000355e+01
3.367999999999999883e+00,1.537500000000000000e+02,1.644444444444444642e+01
3.367999999999999883e+00,1.542500000000000000e+02,1.488888888888889106e+01
3.367999999999999883e+00,1.547500000000000000e+02,1.566666666666666607e+01
3.367999999999999883e+00,1.552500000000000000e+02,1.633333333333333215e+01
3.367999999999999883e+00,1.557500000000000000e+02,1.700000000000000000e+01
3.367999999999999883e+00,1.562500000000000000e+02,1.666666666666666785e+01
3.367999999999999883e+00,1.567500000000000000e+02,1.622222222222222143e+01
3.367999999999999883e+00,1.572500000000000000e+02,1.811111111111111072e+01
3.367999999999999883e+00,1.577500000000000000e+02,1.844444444444444287e+01
3.367999999999999883e+00,1.582500000000000000e+02,1.822222222222221788e+01
3.367999999999999883e+00,1.587500000000000000e+02,1.588888888888888573e+01
3.367999999999999883e+00,1.592500000000000000e+02,1.433333333333333037e+01
3.367999999999999883e+00,1.597500000000000000e+02,1.477777777777777679e+01
3.367999999999999883e+00,1.602500000000000000e+02,1.677777777777777501e+01
3.367999999999999883e+00,1.607500000000000000e+02,1.766666666666666430e+01
3.367999999999999883e+00,1.612500000000000000e+02,1.799999999999999645e+01
3.367999999999999883e+00,1.617500000000000000e+02,1.666666666666666430e+01
3.367999999999999883e+00,1.622500000000000000e+02,1.688888888888888573e+01
3.367999999999999883e+00,1.627500000000000000e+02,1.644444444444443931e+01
3.367999999999999883e+00,1.632500000000000000e+02,1.699999999999999645e+01
3.367999999999999883e+00,1.637500000000000000e+02,1.877777777777777146e+01
3.367999999999999883e+00,1.642500000000000000e+02,1.822222222222221788e+01
3.367999999999999883e+00,1.647500000000000000e+02,1.822222222222221788e+01
3.367999999999999883e+00,1.652500000000000000e+02,1.566666666666666252e+01
3.367999999999999883e+00,1.657500000000000000e+02,1.622222222222221788e+01
3.367999999999999883e+00,1.662500000000000000e+02,1.511111111111110539e+01
3.367999999999999883e+00,1.667500000000000000e+02,1.577777777777777146e+01
3.367999999999999883e+00,1.672500000000000000e+02,1.644444444444443931e+01
3.367999999999999883e+00,1.677500000000000000e+02,1.522222222222221610e+01
3.367999999999999883e+00,1.682500000000000000e+02,1.433333333333332860e+01
3.367999999999999883e+00,1.687500000000000000e+02,1.366666666666666252e+01
3.367999999999999883e+00,1.692500000000000000e+02,1.344444444444443754e+01
3.367999999999999883e+00,1.697500000000000000e+02,1.266666666666665897e+01
3.367999999999999883e+00,1.702500000000000000e+02,1.066666666666665897e+01
3.367999999999999883e+00,1.707500000000000000e+02,1.144444444444443754e+01
3.367999999999999883e+00,1.712500000000000000e+02,1.133333333333332860e+01
3.367999999999999883e+00,1.717500000000000000e+02,1.144444444444444109e+01
3.367999999999999883e+00,1.722500000000000000e+02,1.033333333333332860e+01
3.367999999999999883e+00,1.727500000000000000e+02,1.077777777777777146e+01
3.367999999999999883e+00,1.732500000000000000e+02,1.111111111111110539e+01
3.367999999999999883e+00,1.737500000000000000e+02,9.999999999999994671e+00
3.367999999999999883e+00,1.742500000000000000e+02,8.111111111111105387e+00
3.367999999999999883e+00,1.747500000000000000e+02,7.222222222222216992e+00
3.367999999999999883e+00,1.752500000000000000e+02,6.555555555555550029e+00
3.367999999999999883e+00,1.757500000000000000e+02,6.444444444444439313e+00
3.367999999999999883e+00,1.762500000000000000e+02,4.666666666666661634e+00
3.367999999999999883e+00,1.767500000000000000e+02,4.888888888888883066e+00
3.367999999999999883e+00,1.772500000000000000e+02,3.555555555555550029e+00
3.367999999999999883e+00,1.777500000000000000e+02,3.999999999999994227e+00
3.367999999999999883e+00,1.782500000000000000e+02,3.333333333333327264e+00
3.367999999999999883e+00,1.787500000000000000e+02,2.777777777777771906e+00
3.367999999999999883e+00,1.792500000000000000e+02,1.444444444444438647e+00
3.367999999999999883e+00,1.797500000000000000e+02,5.555555555555499181e-01
3.383999999999999897e+00,1.302500000000000000e+02,1.100000000000000000e+01
3.383999999999999897e+00,1.307500000000000000e+02,1.111111111111111249e+01
3.383999999999999897e+00,1.312500000000000000e+02,1.111111111111111249e+01
3.383999999999999897e+00,1.317500000000000000e+02,1.211111111111111249e+01
3.383999999999999897e+00,1.322500000000000000e+02,1.133333333333333393e+01
3.383999999999999897e+00,1.327500000000000000e+02,1.088888888888888751e+01
3.383999999999999897e+00,1.332500000000000000e+02,1.011111111111110894e+01
3.383999999999999897e+00,1.337500000000000000e+02,9.777777777777776791e+00
3.383999999999999897e+00,1.342500000000000000e+02,9.555555555555555358e+00
3.383999999999999897e+00,1.347500000000000000e+02,7.666666666666666963e+00
3.383999999999999897e+00,1.352500000000000000e+02,8.333333333333333925e+00
3.383999999999999897e+00,1.357500000000000000e+02,8.555555555555555358e+00
3.383999999999999897e+00,1.362500000000000000e+02,9.888888888888887507e+00
3.383999999999999897e+00,1.367500000000000000e+02,9.888888888888887507e+00
3.383999999999999897e+00,1.372500000000000000e+02,1.044444444444444464e+01
3.383999999999999897e+00,1.377500000000000000e+02,1.044444444444444464e+01
3.383999999999999897e+00,1.382500000000000000e+02,1.155555555555555536e+01
3.383999999999999897e+00,1.387500000000000000e+02,1.055555555555555536e+01
3.383999999999999897e+00,1.392500000000000000e+02,1.066666666666666607e+01
3.383999999999999897e+00,1.397500000000000000e+02,1.000000000000000000e+01
3.383999999999999897e+00,1.402500000000000000e+02,1.088888888888888751e+01
3.383999999999999897e+00,1.407500000000000000e+02,1.055555555555555536e+01
3.383999999999999897e+00,1.412500000000000000e+02,9.555555555555555358e+00
3.383999999999999897e+00,1.417500000000000000e+02,8.444444444444444642e+00
3.383999999999999897e+00,1.422500000000000000e+02,9.888888888888887507e+00
3.383999999999999897e+00,1.427500000000000000e+02,1.200000000000000000e+01
3.383999999999999897e+00,1.432500000000000000e+02,1.188888888888888751e+01
3.383999999999999897e+00,1.437500000000000000e+02,1.044444444444444464e+01
3.383999999999999897e+00,1.442500000000000000e+02,9.666666666666666075e+00
3.383999999999999897e+00,1.447500000000000000e+02,1.044444444444444464e+01
3.383999999999999897e+00,1.452500000000000000e+02,1.177777777777777679e+01
3.383999999999999897e+00,1.457500000000000000e+02,1.177777777777777679e+01
3.383999999999999897e+00,1.462500000000000000e+02,1.233333333333333393e+01
3.383999999999999897e+00,1.467500000000000000e+02,1.222222222222222143e+01
3.383999999999999897e+00,1.472500000000000000e+02,1.377777777777777679e+01
3.383999999999999897e+00,1.477500000000000000e+02,1.433333333333333037e+01
3.383999999999999897e+00,1.482500000000000000e+02,1.299999999999999822e+01
3.383999999999999897e+00,1.487500000000000000e+02,1.277777777777777679e+01
3.383999999999999897e+00,1.492500000000000000e+02,1.477777777777777679e+01
3.383999999999999897e+00,1.497500000000000000e+02,1.677777777777777501e+01
3.383999999999999897e+00,1.502500000000000000e+02,1.522222222222222143e+01
3.383999999999999897e+00,1.507500000000000000e+02,1.344444444444444287e+01
3.383999999999999897e+00,1.512500000000000000e+02,1.344444444444444287e+01
3.383999999999999897e+00,1.517500000000000000e+02,1.511111111111110894e+01
3.383999999999999897e+00,1.522500000000000000e+02,1.488888888888888751e+01
3.383999999999999897e+00,1.527500000000000000e+02,1.444444444444444287e+01
3.383999999999999897e+00,1.532500000000000000e+02,1.422222222222221966e+01
3.383999999999999897e+00,1.537500000000000000e+02,1.377777777777777324e+01
3.383999999999999897e+00,1.542500000000000000e+02,1.377777777777777324e+01
3.383999999999999897e+00,1.547500000000000000e+02,1.477777777777777324e+01
3.383999999999999897e+00,1.552500000000000000e+02,1.544444444444444109e+01
3.383999999999999897e+00,1.557500000000000000e+02,1.588888888888888573e+01
3.383999999999999897e+00,1.562500000000000000e+02,1.577777777777777679e+01
3.383999999999999897e+00,1.567500000000000000e+02,1.555555555555555536e+01
3.383999999999999897e+00,1.572500000000000000e+02,1.588888888888888751e+01
3.383999999999999897e+00,1.577500000000000000e+02,1.611111111111111072e+01
3.383999999999999897e+00,1.582500000000000000e+02,1.611111111111111072e+01
3.383999999999999897e+00,1.587500000000000000e+02,1.633333333333333215e+01
3.383999999999999897e+00,1.592500000000000000e+02,1.455555555555555713e+01
3.383999999999999897e+00,1.597500000000000000e+02,1.655555555555555713e+01
3.383999999999999897e+00,1.602500000000000000e+02,1.688888888888888928e+01
3.383999999999999897e+00,1.607500000000000000e+02,1.755555555555555713e+01
3.383999999999999897e+00,1.612500000000000000e+02,1.688888888888888928e+01
3.383999999999999897e+00,1.617500000000000000e+02,1.533333333333333393e+01
3.383999999999999897e+00,1.622500000000000000e+02,1.566666666666666607e+01
3.383999999999999897e+00,1.627500000000000000e+02,1.466666666666666607e+01
3.383999999999999897e+00,1.632500000000000000e+02,1.666666666666666785e+01
3.383999999999999897e+00,1.637500000000000000e+02,1.844444444444444287e+01
3.383999999999999897e+00,1.642500000000000000e+02,1.733333333333333215e+01
3.383999999999999897e+00,1.647500000000000000e+02,1.688888888888888573e+01
3.383999999999999897e+00,1.652500000000000000e+02,1.355555555555555181e+01
3.383999999999999897e+00,1.657500000000000000e+02,1.477777777777777679e+01
3.383999999999999897e+00,1.662500000000000000e+02,1.333333333333333037e+01
3.383999999999999897e+00,1.667500000000000000e+02,1.422222222222221966e+01
3.383999999999999897e+00,1.672500000000000000e+02,1.511111111111110716e+01
3.383999999999999897e+00,1.677500000000000000e+02,1.499999999999999467e+01
3.383999999999999897e+00,1.682500000000000000e+02,1.355555555555555003e+01
3.383999999999999897e+00,1.687500000000000000e+02,1.233333333333332860e+01
3.383999999999999897e+00,1.692500000000000000e+02,1.155555555555555003e+01
3.383999999999999897e+00,1.697500000000000000e+02,1.111111111111110539e+01
3.383999999999999897e+00,1.702500000000000000e+02,9.666666666666658969e+00
3.383999999999999897e+00,1.707500000000000000e+02,9.555555555555548253e+00
3.383999999999999897e+00,1.712500000000000000e+02,1.011111111111110539e+01
3.383999999999999897e+00,1.717500000000000000e+02,1.088888888888888395e+01
3.383999999999999897e+00,1.722500000000000000e+02,1.066666666666666075e+01
3.383999999999999897e+00,1.727500000000000000e+02,1.022222222222221610e+01
3.383999999999999897e+00,1.732500000000000000e+02,9.777777777777771462e+00
3.383999999999999897e+00,1.737500000000000000e+02,8.555555555555550029e+00
3.383999999999999897e+00,1.742500000000000000e+02,7.555555555555550029e+00
3.383999999999999897e+00,1.747500000000000000e+02,6.777777777777772350e+00
3.383999999999999897e+00,1.752500000000000000e+02,6.222222222222216992e+00
3.383999999999999897e+00,1.757500000000000000e+02,6.444444444444438425e+00
3.383999999999999897e+00,1.762500000000000000e+02,5.444444444444438425e+00
3.383999999999999897e+00,1.767500000000000000e+02,5.222222222222216104e+00
3.383999999999999897e+00,1.772500000000000000e+02,3.555555555555549585e+00
3.383999999999999897e+00,1.777500000000000000e+02,3.111111111111104943e+00
3.383999999999999897e+00,1.782500000000000000e+02,2.999999999999994227e+00
3.383999999999999897e+00,1.787500000000000000e+02,2.555555555555549585e+00
3.383999999999999897e+00,1.792500000000000000e+02,1.444444444444438203e+00
3.383999999999999897e+00,1.797500000000000000e+02,3.333333333333269866e-01
3.399999999999999911e+00,1.302500000000000000e+02,1.133333333333333393e+01
3.399999999999999911e+00,1.307500000000000000e+02,1.144444444444444464e+01
3.399999999999999911e+00,1.312500000000000000e+02,1.066666666666666607e+01
3.399999999999999911e+00,1.317500000000000000e+02,1.133333333333333393e+01
3.399999999999999911e+00,1.322500000000000000e+02,1.022222222222222143e+01
3.399999999999999911e+00,1.327500000000000000e+02,1.033333333333333393e+01
3.399999999999999911e+00,1.332500000000000000e+02,1.000000000000000000e+01
3.399999999999999911e+00,1.337500000000000000e+02,1.044444444444444464e+01
3.399999999999999911e+00,1.342500000000000000e+02,1.133333333333333393e+01
3.399999999999999911e+00,1.347500000000000000e+02,8.444444444444444642e+00
3.399999999999999911e+00,1.352500000000000000e+02,8.888888888888887507e+00
3.399999999999999911e+00,1.357500000000000000e+02,7.333333333333333037e+00
3.399999999999999911e+00,1.362500000000000000e+02,8.888888888888889284e+00
3.399999999999999911e+00,1.367500000000000000e+02,8.111111111111112493e+00
3.399999999999999911e+00,1.372500000000000000e+02,9.555555555555557135e+00
3.399999999999999911e+00,1.377500000000000000e+02,9.777777777777778567e+00
3.399999999999999911e+00,1.382500000000000000e+02,1.133333333333333393e+01
3.399999999999999911e+00,1.387500000000000000e+02,1.000000000000000000e+01
3.399999999999999911e+00,1.392500000000000000e+02,9.777777777777778567e+00
3.399999999999999911e+00,1.397500000000000000e+02,9.222222222222223209e+00
3.399999999999999911e+00,1.402500000000000000e+02,9.888888888888891060e+00
3.399999999999999911e+00,1.407500000000000000e+02,9.777777777777778567e+00
3.399999999999999911e+00,1.412500000000000000e+02,8.666666666666666075e+00
3.399999999999999911e+00,1.417500000000000000e+02,8.555555555555555358e+00
3.399999999999999911e+00,1.422500000000000000e+02,1.000000000000000000e+01
3.399999999999999911e+00,1.427500000000000000e+02,1.222222222222222143e+01
3.399999999999999911e+00,1.432500000000000000e+02,1.111111111111110894e+01
3.399999999999999911e+00,1.437500000000000000e+02,1.066666666666666430e+01
3.399999999999999911e+00,1.442500000000000000e+02,9.333333333333330373e+00
3.399999999999999911e+00,1.447500000000000000e+02,1.066666666666666430e+01
3.399999999999999911e+00,1.452500000000000000e+02,1.166666666666666430e+01
3.399999999999999911e+00,1.457500000000000000e+02,1.199999999999999822e+01
3.399999999999999911e+00,1.462500000000000000e+02,1.244444444444444287e+01
3.399999999999999911e+00,1.467500000000000000e+02,1.188888888888888751e+01
3.399999999999999911e+00,1.472500000000000000e+02,1.155555555555555536e+01
3.399999999999999911e+00,1.477500000000000000e+02,1.222222222222222143e+01
3.399999999999999911e+00,1.482500000000000000e+02,1.211111111111110894e+01
3.399999999999999911e+00,1.487500000000000000e+02,1.300000000000000000e+01
3.399999999999999911e+00,1.492500000000000000e+02,1.344444444444444464e+01
3.399999999999999911e+00,1.497500000000000000e+02,1.366666666666666607e+01
3.399999999999999911e+00,1.502500000000000000e+02,1.255555555555555536e+01
3.399999999999999911e+00,1.507500000000000000e+02,1.244444444444444287e+01
3.399999999999999911e+00,1.512500000000000000e+02,1.266666666666666430e+01
3.399999999999999911e+00,1.517500000000000000e+02,1.422222222222221966e+01
3.399999999999999911e+00,1.522500000000000000e+02,1.444444444444444109e+01
3.399999999999999911e+00,1.527500000000000000e+02,1.433333333333332860e+01
3.399999999999999911e+00,1.532500000000000000e+02,1.499999999999999467e+01
3.399999999999999911e+00,1.537500000000000000e+02,1.411111111111110716e+01
3.399999999999999911e+00,1.542500000000000000e+02,1.444444444444444109e+01
3.399999999999999911e+00,1.547500000000000000e+02,1.488888888888888573e+01
3.399999999999999911e+00,1.552500000000000000e+02,1.544444444444444109e+01
3.399999999999999911e+00,1.557500000000000000e+02,1.544444444444444109e+01
3.399999999999999911e+00,1.562500000000000000e+02,1.555555555555555181e+01
3.399999999999999911e+00,1.567500000000000000e+02,1.566666666666666430e+01
3.399999999999999911e+00,1.572500000000000000e+02,1.533333333333333037e+01
3.399999999999999911e+00,1.577500000000000000e+02,1.466666666666666430e+01
3.399999999999999911e+00,1.582500000000000000e+02,1.344444444444444287e+01
3.399999999999999911e+00,1.587500000000000000e+02,1.322222222222222143e+01
3.399999999999999911e+00,1.592500000000000000e+02,1.188888888888888751e+01
3.399999999999999911e+00,1.597500000000000000e+02,1.477777777777777679e+01
3.399999999999999911e+00,1.602500000000000000e+02,1.499999999999999822e+01
3.399999999999999911e+00,1.607500000000000000e+02,1.533333333333333037e+01
3.399999999999999911e+00,1.612500000000000000e+02,1.377777777777777679e+01
3.399999999999999911e+00,1.617500000000000000e+02,1.355555555555555536e+01
3.399999999999999911e+00,1.622500000000000000e+02,1.377777777777777679e+01
3.399999999999999911e+00,1.627500000000000000e+02,1.311111111111110894e+01
3.399999999999999911e+00,1.632500000000000000e+02,1.377777777777777679e+01
3.399999999999999911e+00,1.637500000000000000e+02,1.466666666666666607e+01
3.399999999999999911e+00,1.642500000000000000e+02,1.433333333333333393e+01
3.399999999999999911e+00,1.647500000000000000e+02,1.422222222222222143e+01
3.399999999999999911e+00,1.652500000000000000e+02,1.177777777777777679e+01
3.399999999999999911e+00,1.657500000000000000e+02,1.233333333333333037e+01
3.399999999999999911e+00,1.662500000000000000e+02,1.111111111111110894e+01
3.399999999999999911e+00,1.667500000000000000e+02,1.233333333333333037e+01
3.399999999999999911e+00,1.672500000000000000e+02,1.211111111111110894e+01
3.399999999999999911e+00,1.677500000000000000e+02,1.166666666666666430e+01
3.399999999999999911e+00,1.682500000000000000e+02,1.133333333333333037e+01
3.399999999999999911e+00,1.687500000000000000e+02,1.133333333333333037e+01
3.399999999999999911e+00,1.692500000000000000e+02,1.155555555555555181e+01
3.399999999999999911e+00,1.697500000000000000e+02,1.077777777777777324e+01
3.399999999999999911e+00,1.702500000000000000e+02,9.777777777777773238e+00
3.399999999999999911e+00,1.707500000000000000e+02,9.222222222222217880e+00
3.399999999999999911e+00,1.712500000000000000e+02,1.011111111111110716e+01
3.399999999999999911e+00,1.717500000000000000e+02,1.077777777777777324e+01
3.399999999999999911e+00,1.722500000000000000e+02,1.055555555555555181e+01
3.399999999999999911e+00,1.727500000000000000e+02,9.555555555555551805e+00
3.399999999999999911e+00,1.732500000000000000e+02,8.555555555555551805e+00
3.399999999999999911e+00,1.737500000000000000e+02,8.111111111111108940e+00
3.399999999999999911e+00,1.742500000000000000e+02,6.666666666666664298e+00
3.399999999999999911e+00,1.747500000000000000e+02,5.666666666666664298e+00
3.399999999999999911e+00,1.752500000000000000e+02,5.333333333333331261e+00
3.399999999999999911e+00,1.757500000000000000e+02,5.888888888888886619e+00
3.399999999999999911e+00,1.762500000000000000e+02,5.555555555555553582e+00
3.399999999999999911e+00,1.767500000000000000e+02,4.555555555555553582e+00
3.399999999999999911e+00,1.772500000000000000e+02,2.999999999999997780e+00
3.399999999999999911e+00,1.777500000000000000e+02,2.333333333333330817e+00
3.399999999999999911e+00,1.782500000000000000e+02,2.555555555555553138e+00
3.399999999999999911e+00,1.787500000000000000e+02,2.444444444444442421e+00
3.399999999999999911e+00,1.792500000000000000e+02,1.777777777777775681e+00
3.399999999999999911e+00,1.797500000000000000e+02,7.777777777777755697e-01
3.415999999999999925e+00,1.302500000000000000e+02,1.255555555555555536e+01
3.415999999999999925e+00,1.307500000000000000e+02,1.144444444444444287e+01
3.415999999999999925e+00,1.312500000000000000e+02,1.066666666666666607e+01
3.415999999999999925e+00,1.317500000000000000e+02,1.044444444444444287e+01
3.415999999999999925e+00,1.322500000000000000e+02,1.022222222222221966e+01
3.415999999999999925e+00,1.327500000000000000e+02,9.333333333333330373e+00
3.415999999999999925e+00,1.332500000000000000e+02,9.333333333333330373e+00
3.415999999999999925e+00,1.337500000000000000e+02,9.777777777777776791e+00
3.415999999999999925e+00,1.342500000000000000e+02,1.055555555555555358e+01
3.415999999999999925e+00,1.347500000000000000e+02,8.555555555555553582e+00
3.415999999999999925e+00,1.352500000000000000e+02,8.555555555555553582e+00
3.415999999999999925e+00,1.357500000000000000e+02,7.888888888888886619e+00
3.415999999999999925e+00,1.362500000000000000e+02,8.777777777777776791e+00
3.415999999999999925e+00,1.367500000000000000e+02,8.555555555555555358e+00
3.415999999999999925e+00,1.372500000000000000e+02,9.888888888888887507e+00
3.415999999999999925e+00,1.377500000000000000e+02,1.055555555555555536e+01
3.415999999999999925e+00,1.382500000000000000e+02,1.144444444444444287e+01
3.415999999999999925e+00,1.387500000000000000e+02,1.055555555555555536e+01
3.415999999999999925e+00,1.392500000000000000e+02,1.066666666666666607e+01
3.415999999999999925e+00,1.397500000000000000e+02,1.055555555555555536e+01
3.415999999999999925e+00,1.402500000000000000e+02,1.111111111111110894e+01
3.415999999999999925e+00,1.407500000000000000e+02,1.111111111111110894e+01
3.415999999999999925e+00,1.412500000000000000e+02,9.999999999999998224e+00
3.415999999999999925e+00,1.417500000000000000e+02,9.666666666666666075e+00
3.415999999999999925e+00,1.422500000000000000e+02,1.022222222222222143e+01
3.415999999999999925e+00,1.427500000000000000e+02,1.166666666666666607e+01
3.415999999999999925e+00,1.432500000000000000e+02,1.044444444444444464e+01
3.415999999999999925e+00,1.437500000000000000e+02,1.066666666666666607e+01
3.415999999999999925e+00,1.442500000000000000e+02,1.011111111111111249e+01
3.415999999999999925e+00,1.447500000000000000e+02,1.177777777777777857e+01
3.415999999999999925e+00,1.452500000000000000e+02,1.133333333333333393e+01
3.415999999999999925e+00,1.457500000000000000e+02,1.133333333333333393e+01
3.415999999999999925e+00,1.462500000000000000e+02,1.200000000000000000e+01
3.415999999999999925e+00,1.467500000000000000e+02,1.277777777777777857e+01
3.415999999999999925e+00,1.472500000000000000e+02,1.322222222222222321e+01
3.415999999999999925e+00,1.477500000000000000e+02,1.322222222222222321e+01
3.415999999999999925e+00,1.482500000000000000e+02,1.200000000000000178e+01
3.415999999999999925e+00,1.487500000000000000e+02,1.288888888888889106e+01
3.415999999999999925e+00,1.492500000000000000e+02,1.277777777777777857e+01
3.415999999999999925e+00,1.497500000000000000e+02,1.333333333333333393e+01
3.415999999999999925e+00,1.502500000000000000e+02,1.144444444444444464e+01
3.415999999999999925e+00,1.507500000000000000e+02,1.133333333333333393e+01
3.415999999999999925e+00,1.512500000000000000e+02,1.066666666666666607e+01
3.415999999999999925e+00,1.517500000000000000e+02,1.155555555555555536e+01
3.415999999999999925e+00,1.522500000000000000e+02,1.211111111111110894e+01
3.415999999999999925e+00,1.527500000000000000e+02,1.288888888888888751e+01
3.415999999999999925e+00,1.532500000000000000e+02,1.388888888888888751e+01
3.415999999999999925e+00,1.537500000000000000e+02,1.333333333333333393e+01
3.415999999999999925e+00,1.542500000000000000e+02,1.377777777777777679e+01
3.415999999999999925e+00,1.547500000000000000e+02,1.477777777777777679e+01
3.415999999999999925e+00,1.552500000000000000e+02,1.500000000000000000e+01
3.415999999999999925e+00,1.557500000000000000e+02,1.533333333333333393e+01
3.415999999999999925e+00,1.562500000000000000e+02,1.466666666666666607e+01
3.415999999999999925e+00,1.567500000000000000e+02,1.577777777777777857e+01
3.415999999999999925e+00,1.572500000000000000e+02,1.466666666666666607e+01
3.415999999999999925e+00,1.577500000000000000e+02,1.411111111111111249e+01
3.415999999999999925e+00,1.582500000000000000e+02,1.255555555555555713e+01
3.415999999999999925e+00,1.587500000000000000e+02,1.366666666666666607e+01
3.415999999999999925e+00,1.592500000000000000e+02,1.311111111111110894e+01
3.415999999999999925e+00,1.597500000000000000e+02,1.355555555555555536e+01
3.415999999999999925e+00,1.602500000000000000e+02,1.300000000000000000e+01
3.415999999999999925e+00,1.607500000000000000e+02,1.366666666666666607e+01
3.415999999999999925e+00,1.612500000000000000e+02,1.388888888888888751e+01
3.415999999999999925e+00,1.617500000000000000e+02,1.366666666666666607e+01
3.415999999999999925e+00,1.622500000000000000e+02,1.222222222222222321e+01
3.415999999999999925e+00,1.627500000000000000e+02,1.155555555555555713e+01
3.415999999999999925e+00,1.632500000000000000e+02,1.322222222222222321e+01
3.415999999999999925e+00,1.637500000000000000e+02,1.422222222222222321e+01
3.415999999999999925e+00,1.642500000000000000e+02,1.422222222222222321e+01
3.415999999999999925e+00,1.647500000000000000e+02,1.311111111111111427e+01
3.415999999999999925e+00,1.652500000000000000e+02,1.266666666666666963e+01
3.415999999999999925e+00,1.657500000000000000e+02,1.222222222222222321e+01
3.415999999999999925e+00,1.662500000000000000e+02,1.111111111111111249e+01
3.415999999999999925e+00,1.667500000000000000e+02,1.144444444444444464e+01
3.415999999999999925e+00,1.672500000000000000e+02,1.222222222222222321e+01
3.415999999999999925e+00,1.677500000000000000e+02,1.211111111111111427e+01
3.415999999999999925e+00,1.682500000000000000e+02,1.166666666666666963e+01
3.415999999999999925e+00,1.687500000000000000e+02,1.100000000000000178e+01
3.415999999999999925e+00,1.692500000000000000e+02,1.122222222222222321e+01
3.415999999999999925e+00,1.697500000000000000e+02,9.444444444444446418e+00
3.415999999999999925e+00,1.702500000000000000e+02,9.333333333333335702e+00
3.415999999999999925e+00,1.707500000000000000e+02,8.777777777777780344e+00
3.415999999999999925e+00,1.712500000000000000e+02,9.444444444444448195e+00
3.415999999999999925e+00,1.717500000000000000e+02,9.555555555555558911e+00
3.415999999999999925e+00,1.722500000000000000e+02,9.444444444444448195e+00
3.415999999999999925e+00,1.727500000000000000e+02,9.222222222222224985e+00
3.415999999999999925e+00,1.732500000000000000e+02,7.777777777777781232e+00
3.415999999999999925e+00,1.737500000000000000e+02,7.444444444444447306e+00
3.415999999999999925e+00,1.742500000000000000e+02,6.333333333333335702e+00
3.415999999999999925e+00,1.747500000000000000e+02,5.333333333333335702e+00
3.415999999999999925e+00,1.752500000000000000e+02,4.555555555555558023e+00
3.415999999999999925e+00,1.757500000000000000e+02,4.888888888888891948e+00
3.415999999999999925e+00,1.762500000000000000e+02,4.888888888888891948e+00
3.415999999999999925e+00,1.767500000000000000e+02,4.000000000000002665e+00
3.415999999999999925e+00,1.772500000000000000e+02,2.666666666666669183e+00
3.415999999999999925e+00,1.777500000000000000e+02,1.777777777777780344e+00
3.415999999999999925e+00,1.782500000000000000e+02,1.666666666666668961e+00
3.415999999999999925e+00,1.787500000000000000e+02,1.777777777777780344e+00
3.415999999999999925e+00,1.792500000000000000e+02,1.555555555555558023e+00
3.415999999999999925e+00,1.797500000000000000e+02,7.777777777777803436e-01
3.431999999999999940e+00,1.302500000000000000e+02,1.077777777777777857e+01
3.431999999999999940e+00,1.307500000000000000e+02,1.088888888888889106e+01
3.431999999999999940e+00,1.312500000000000000e+02,1.088888888888889106e+01
3.431999999999999940e+00,1.317500000000000000e+02,1.011111111111111249e+01
3.431999999999999940e+00,1.322500000000000000e+02,9.555555555555557135e+00
3.431999999999999940e+00,1.327500000000000000e+02,8.888888888888891060e+00
3.431999999999999940e+00,1.332500000000000000e+02,9.555555555555557135e+00
3.431999999999999940e+00,1.337500000000000000e+02,9.444444444444444642e+00
3.431999999999999940e+00,1.342500000000000000e+02,1.111111111111111249e+01
3.431999999999999940e+00,1.347500000000000000e+02,9.444444444444444642e+00
3.431999999999999940e+00,1.352500000000000000e+02,9.111111111111112493e+00
3.431999999999999940e+00,1.357500000000000000e+02,6.666666666666666963e+00
3.431999999999999940e+00,1.362500000000000000e+02,7.555555555555556246e+00
3.431999999999999940e+00,1.367500000000000000e+02,8.111111111111112493e+00
3.431999999999999940e+00,1.372500000000000000e+02,1.022222222222222321e+01
3.431999999999999940e+00,1.377500000000000000e+02,1.022222222222222321e+01
3.431999999999999940e+00,1.382500000000000000e+02,1.066666666666666607e+01
3.431999999999999940e+00,1.387500000000000000e+02,9.000000000000000000e+00
3.431999999999999940e+00,1.392500000000000000e+02,9.444444444444444642e+00
3.431999999999999940e+00,1.397500000000000000e+02,9.111111111111112493e+00
3.431999999999999940e+00,1.402500000000000000e+02,1.022222222222222321e+01
3.431999999999999940e+00,1.407500000000000000e+02,1.055555555555555536e+01
3.431999999999999940e+00,1.412500000000000000e+02,1.055555555555555536e+01
3.431999999999999940e+00,1.417500000000000000e+02,1.011111111111111249e+01
3.431999999999999940e+00,1.422500000000000000e+02,1.044444444444444464e+01
3.431999999999999940e+00,1.427500000000000000e+02,1.122222222222222321e+01
3.431999999999999940e+00,1.432500000000000000e+02,1.033333333333333393e+01
3.431999999999999940e+00,1.437500000000000000e+02,1.033333333333333393e+01
3.431999999999999940e+00,1.442500000000000000e+02,9.666666666666667851e+00
3.431999999999999940e+00,1.447500000000000000e+02,1.133333333333333393e+01
3.431999999999999940e+00,1.452500000000000000e+02,1.100000000000000000e+01
3.431999999999999940e+00,1.457500000000000000e+02,1.122222222222222143e+01
3.431999999999999940e+00,1.462500000000000000e+02,1.144444444444444287e+01
3.431999999999999940e+00,1.467500000000000000e+02,1.155555555555555181e+01
3.431999999999999940e+00,1.472500000000000000e+02,1.222222222222221966e+01
3.431999999999999940e+00,1.477500000000000000e+02,1.222222222222221966e+01
3.431999999999999940e+00,1.482500000000000000e+02,1.166666666666666430e+01
3.431999999999999940e+00,1.487500000000000000e+02,1.177777777777777679e+01
3.431999999999999940e+00,1.492500000000000000e+02,1.166666666666666430e+01
3.431999999999999940e+00,1.497500000000000000e+02,1.255555555555555181e+01
3.431999999999999940e+00,1.502500000000000000e+02,1.088888888888888573e+01
3.431999999999999940e+00,1.507500000000000000e+02,1.099999999999999822e+01
3.431999999999999940e+00,1.512500000000000000e+02,1.011111111111110894e+01
3.431999999999999940e+00,1.517500000000000000e+02,1.155555555555555536e+01
3.431999999999999940e+00,1.522500000000000000e+02,1.277777777777777679e+01
3.431999999999999940e+00,1.527500000000000000e+02,1.444444444444444287e+01
3.431999999999999940e+00,1.532500000000000000e+02,1.488888888888888573e+01
3.431999999999999940e+00,1.537500000000000000e+02,1.477777777777777324e+01
3.431999999999999940e+00,1.542500000000000000e+02,1.399999999999999467e+01
3.431999999999999940e+00,1.547500000000000000e+02,1.422222222222221966e+01
3.431999999999999940e+00,1.552500000000000000e+02,1.344444444444444287e+01
3.431999999999999940e+00,1.557500000000000000e+02,1.455555555555555536e+01
3.431999999999999940e+00,1.562500000000000000e+02,1.400000000000000000e+01
3.431999999999999940e+00,1.567500000000000000e+02,1.511111111111111249e+01
3.431999999999999940e+00,1.572500000000000000e+02,1.311111111111111249e+01
3.431999999999999940e+00,1.577500000000000000e+02,1.344444444444444464e+01
3.431999999999999940e+00,1.582500000000000000e+02,1.200000000000000000e+01
3.431999999999999940e+00,1.587500000000000000e+02,1.288888888888888751e+01
3.431999999999999940e+00,1.592500000000000000e+02,1.188888888888888751e+01
3.431999999999999940e+00,1.597500000000000000e+02,1.077777777777777679e+01
3.431999999999999940e+00,1.602500000000000000e+02,9.888888888888887507e+00
3.431999999999999940e+00,1.607500000000000000e+02,1.122222222222222143e+01
3.431999999999999940e+00,1.612500000000000000e+02,1.255555555555555536e+01
3.431999999999999940e+00,1.617500000000000000e+02,1.333333333333333393e+01
3.431999999999999940e+00,1.622500000000000000e+02,1.133333333333333393e+01
3.431999999999999940e+00,1.627500000000000000e+02,1.122222222222222143e+01
3.431999999999999940e+00,1.632500000000000000e+02,1.233333333333333393e+01
3.431999999999999940e+00,1.637500000000000000e+02,1.288888888888889106e+01
3.431999999999999940e+00,1.642500000000000000e+02,1.255555555555555713e+01
3.431999999999999940e+00,1.647500000000000000e+02,1.155555555555555713e+01
3.431999999999999940e+00,1.652500000000000000e+02,1.200000000000000000e+01
3.431999999999999940e+00,1.657500000000000000e+02,1.055555555555555536e+01
3.431999999999999940e+00,1.662500000000000000e+02,9.333333333333333925e+00
3.431999999999999940e+00,1.667500000000000000e+02,9.333333333333333925e+00
3.431999999999999940e+00,1.672500000000000000e+02,1.055555555555555536e+01
3.431999999999999940e+00,1.677500000000000000e+02,1.033333333333333393e+01
3.431999999999999940e+00,1.682500000000000000e+02,1.033333333333333393e+01
3.431999999999999940e+00,1.687500000000000000e+02,1.011111111111111249e+01
3.431999999999999940e+00,1.692500000000000000e+02,1.055555555555555536e+01
3.431999999999999940e+00,1.697500000000000000e+02,9.333333333333333925e+00
3.431999999999999940e+00,1.702500000000000000e+02,9.000000000000000000e+00
3.431999999999999940e+00,1.707500000000000000e+02,8.444444444444444642e+00
3.431999999999999940e+00,1.712500000000000000e+02,8.111111111111112493e+00
3.431999999999999940e+00,1.717500000000000000e+02,8.000000000000000000e+00
3.431999999999999940e+00,1.722500000000000000e+02,8.000000000000000000e+00
3.431999999999999940e+00,1.727500000000000000e+02,7.555555555555556246e+00
3.431999999999999940e+00,1.732500000000000000e+02,6.555555555555556246e+00
3.431999999999999940e+00,1.737500000000000000e+02,5.888888888888889284e+00
3.431999999999999940e+00,1.742500000000000000e+02,5.444444444444445530e+00
3.431999999999999940e+00,1.747500000000000000e+02,5.000000000000000888e+00
3.431999999999999940e+00,1.752500000000000000e+02,4.333333333333334814e+00
3.431999999999999940e+00,1.757500000000000000e+02,4.000000000000000888e+00
3.431999999999999940e+00,1.762500000000000000e+02,3.111111111111112049e+00
3.431999999999999940e+00,1.767500000000000000e+02,2.888888888888889728e+00
3.431999999999999940e+00,1.772500000000000000e+02,2.333333333333334370e+00
3.431999999999999940e+00,1.777500000000000000e+02,1.888888888888889950e+00
3.431999999999999940e+00,1.782500000000000000e+02,1.333333333333334147e+00
3.431999999999999940e+00,1.787500000000000000e+02,1.222222222222222987e+00
3.431999999999999940e+00,1.792500000000000000e+02,1.111111111111111827e+00
3.431999999999999940e+00,1.797500000000000000e+02,6.666666666666674068e-01
3.447999999999999954e+00,1.302500000000000000e+02,1.077777777777777857e+01
3.447999999999999954e+00,1.307500000000000000e+02,1.033333333333333393e+01
3.447999999999999954e+00,1.312500000000000000e+02,9.666666666666666075e+00
3.447999999999999954e+00,1.317500000000000000e+02,8.888888888888889284e+00
3.447999999999999954e+00,1.322500000000000000e+02,8.777777777777778567e+00
3.447999999999999954e+00,1.327500000000000000e+02,9.111111111111112493e+00
3.447999999999999954e+00,1.332500000000000000e+02,9.111111111111112493e+00
3.447999999999999954e+00,1.337500000000000000e+02,8.555555555555557135e+00
3.447999999999999954e+00,1.342500000000000000e+02,9.555555555555557135e+00
3.447999999999999954e+00,1.347500000000000000e+02,9.555555555555557135e+00
3.447999999999999954e+00,1.352500000000000000e+02,1.000000000000000178e+01
3.447999999999999954e+00,1.357500000000000000e+02,8.222222222222223209e+00
3.447999999999999954e+00,1.362500000000000000e+02,9.000000000000001776e+00
3.447999999999999954e+00,1.367500000000000000e+02,9.555555555555557135e+00
3.447999999999999954e+00,1.372500000000000000e+02,1.100000000000000178e+01
3.447999999999999954e+00,1.377500000000000000e+02,1.144444444444444819e+01
3.447999999999999954e+00,1.382500000000000000e+02,1.111111111111111427e+01
3.447999999999999954e+00,1.387500000000000000e+02,9.777777777777780344e+00
3.447999999999999954e+00,1.392500000000000000e+02,9.444444444444448195e+00
3.447999999999999954e+00,1.397500000000000000e+02,9.000000000000001776e+00
3.447999999999999954e+00,1.402500000000000000e+02,9.777777777777780344e+00
3.447999999999999954e+00,1.407500000000000000e+02,1.011111111111111249e+01
3.447999999999999954e+00,1.412500000000000000e+02,9.888888888888891060e+00
3.447999999999999954e+00,1.417500000000000000e+02,9.000000000000001776e+00
3.447999999999999954e+00,1.422500000000000000e+02,9.555555555555557135e+00
3.447999999999999954e+00,1.427500000000000000e+02,9.888888888888891060e+00
3.447999999999999954e+00,1.432500000000000000e+02,1.022222222222222321e+01
3.447999999999999954e+00,1.437500000000000000e+02,9.000000000000001776e+00
3.447999999999999954e+00,1.442500000000000000e+02,9.222222222222223209e+00
3.447999999999999954e+00,1.447500000000000000e+02,1.055555555555555713e+01
3.447999999999999954e+00,1.452500000000000000e+02,1.022222222222222321e+01
3.447999999999999954e+00,1.457500000000000000e+02,1.066666666666666963e+01
3.447999999999999954e+00,1.462500000000000000e+02,1.000000000000000178e+01
3.447999999999999954e+00,1.467500000000000000e+02,1.111111111111111427e+01
3.447999999999999954e+00,1.472500000000000000e+02,1.144444444444444819e+01
3.447999999999999954e+00,1.477500000000000000e+02,1.166666666666666963e+01
3.447999999999999954e+00,1.482500000000000000e+02,1.088888888888889106e+01
3.447999999999999954e+00,1.487500000000000000e+02,1.088888888888889106e+01
3.447999999999999954e+00,1.492500000000000000e+02,1.100000000000000178e+01
3.447999999999999954e+00,1.497500000000000000e+02,1.211111111111111427e+01
3.447999999999999954e+00,1.502500000000000000e+02,1.166666666666666963e+01
3.447999999999999954e+00,1.507500000000000000e+02,1.133333333333333570e+01
3.447999999999999954e+00,1.512500000000000000e+02,1.088888888888889106e+01
3.447999999999999954e+00,1.517500000000000000e+02,1.133333333333333570e+01
3.447999999999999954e+00,1.522500000000000000e+02,1.255555555555555713e+01
3.447999999999999954e+00,1.527500000000000000e+02,1.300000000000000178e+01
3.447999999999999954e+00,1.532500000000000000e+02,1.244444444444444819e+01
3.447999999999999954e+00,1.537500000000000000e+02,1.311111111111111427e+01
3.447999999999999954e+00,1.542500000000000000e+02,1.322222222222222321e+01
3.447999999999999954e+00,1.547500000000000000e+02,1.366666666666666607e+01
3.447999999999999954e+00,1.552500000000000000e+02,1.200000000000000000e+01
3.447999999999999954e+00,1.557500000000000000e+02,1.288888888888889106e+01
3.447999999999999954e+00,1.562500000000000000e+02,1.322222222222222321e+01
3.447999999999999954e+00,1.567500000000000000e+02,1.388888888888889106e+01
3.447999999999999954e+00,1.572500000000000000e+02,1.211111111111111249e+01
3.447999999999999954e+00,1.577500000000000000e+02,1.288888888888889106e+01
3.447999999999999954e+00,1.582500000000000000e+02,1.255555555555555713e+01
3.447999999999999954e+00,1.587500000000000000e+02,1.344444444444444464e+01
3.447999999999999954e+00,1.592500000000000000e+02,1.177777777777777857e+01
3.447999999999999954e+00,1.597500000000000000e+02,1.033333333333333393e+01
3.447999999999999954e+00,1.602500000000000000e+02,9.333333333333333925e+00
3.447999999999999954e+00,1.607500000000000000e+02,1.155555555555555713e+01
3.447999999999999954e+00,1.612500000000000000e+02,1.277777777777777857e+01
3.447999999999999954e+00,1.617500000000000000e+02,1.300000000000000000e+01
3.447999999999999954e+00,1.622500000000000000e+02,1.033333333333333393e+01
3.447999999999999954e+00,1.627500000000000000e+02,1.066666666666666607e+01
3.447999999999999954e+00,1.632500000000000000e+02,1.177777777777777679e+01
3.447999999999999954e+00,1.637500000000000000e+02,1.322222222222222143e+01
3.447999999999999954e+00,1.642500000000000000e+02,1.255555555555555536e+01
3.447999999999999954e+00,1.647500000000000000e+02,1.255555555555555536e+01
3.447999999999999954e+00,1.652500000000000000e+02,1.200000000000000000e+01
3.447999999999999954e+00,1.657500000000000000e+02,1.100000000000000000e+01
3.447999999999999954e+00,1.662500000000000000e+02,9.111111111111112493e+00
3.447999999999999954e+00,1.667500000000000000e+02,8.777777777777778567e+00
3.447999999999999954e+00,1.672500000000000000e+02,1.033333333333333393e+01
3.447999999999999954e+00,1.677500000000000000e+02,1.055555555555555536e+01
3.447999999999999954e+00,1.682500000000000000e+02,1.100000000000000000e+01
3.447999999999999954e+00,1.687500000000000000e+02,9.222222222222223209e+00
3.447999999999999954e+00,1.692500000000000000e+02,9.666666666666666075e+00
3.447999999999999954e+00,1.697500000000000000e+02,8.333333333333333925e+00
3.447999999999999954e+00,1.702500000000000000e+02,8.555555555555555358e+00
3.447999999999999954e+00,1.707500000000000000e+02,7.555555555555556246e+00
3.447999999999999954e+00,1.712500000000000000e+02,6.444444444444445530e+00
3.447999999999999954e+00,1.717500000000000000e+02,6.000000000000000888e+00
3.447999999999999954e+00,1.722500000000000000e+02,6.222222222222224097e+00
3.447999999999999954e+00,1.727500000000000000e+02,6.222222222222224097e+00
3.447999999999999954e+00,1.732500000000000000e+02,6.111111111111111605e+00
3.447999999999999954e+00,1.737500000000000000e+02,5.000000000000000888e+00
3.447999999999999954e+00,1.742500000000000000e+02,5.555555555555556246e+00
3.447999999999999954e+00,1.747500000000000000e+02,4.888888888888889284e+00
3.447999999999999954e+00,1.752500000000000000e+02,4.444444444444445530e+00
3.447999999999999954e+00,1.757500000000000000e+02,3.555555555555556690e+00
3.447999999999999954e+00,1.762500000000000000e+02,2.777777777777778567e+00
3.447999999999999954e+00,1.767500000000000000e+02,2.666666666666667407e+00
3.447999999999999954e+00,1.772500000000000000e+02,2.111111111111111605e+00
3.447999999999999954e+00,1.777500000000000000e+02,1.777777777777778345e+00
3.447999999999999954e+00,1.782500000000000000e+02,1.000000000000000666e+00
3.447999999999999954e+00,1.787500000000000000e+02,6.666666666666672958e-01
3.447999999999999954e+00,1.792500000000000000e+02,3.333333333333339255e-01
3.447999999999999954e+00,1.797500000000000000e+02,2.222222222222228483e-01
3.463999999999999968e+00,1.302500000000000000e+02,1.000000000000000000e+01
3.463999999999999968e+00,1.307500000000000000e+02,1.033333333333333393e+01
3.463999999999999968e+00,1.312500000000000000e+02,1.055555555555555536e+01
3.463999999999999968e+00,1.317500000000000000e+02,1.055555555555555536e+01
3.463999999999999968e+00,1.322500000000000000e+02,1.033333333333333393e+01
3.463999999999999968e+00,1.327500000000000000e+02,1.133333333333333393e+01
3.463999999999999968e+00,1.332500000000000000e+02,1.055555555555555536e+01
3.463999999999999968e+00,1.337500000000000000e+02,1.044444444444444464e+01
3.463999999999999968e+00,1.342500000000000000e+02,9.555555555555557135e+00
3.463999999999999968e+00,1.347500000000000000e+02,9.000000000000001776e+00
3.463999999999999968e+00,1.352500000000000000e+02,8.888888888888891060e+00
3.463999999999999968e+00,1.357500000000000000e+02,8.333333333333335702e+00
3.463999999999999968e+00,1.362500000000000000e+02,1.000000000000000178e+01
3.463999999999999968e+00,1.367500000000000000e+02,1.044444444444444819e+01
3.463999999999999968e+00,1.372500000000000000e+02,1.133333333333333570e+01
3.463999999999999968e+00,1.377500000000000000e+02,1.133333333333333570e+01
3.463999999999999968e+00,1.382500000000000000e+02,1.133333333333333570e+01
3.463999999999999968e+00,1.387500000000000000e+02,1.033333333333333570e+01
3.463999999999999968e+00,1.392500000000000000e+02,9.777777777777780344e+00
3.463999999999999968e+00,1.397500000000000000e+02,8.555555555555558911e+00
3.463999999999999968e+00,1.402500000000000000e+02,9.444444444444448195e+00
3.463999999999999968e+00,1.407500000000000000e+02,9.444444444444448195e+00
3.463999999999999968e+00,1.412500000000000000e+02,1.022222222222222499e+01
3.463999999999999968e+00,1.417500000000000000e+02,9.444444444444448195e+00
3.463999999999999968e+00,1.422500000000000000e+02,9.777777777777780344e+00
3.463999999999999968e+00,1.427500000000000000e+02,9.222222222222226762e+00
3.463999999999999968e+00,1.432500000000000000e+02,8.555555555555558911e+00
3.463999999999999968e+00,1.437500000000000000e+02,7.555555555555559799e+00
3.463999999999999968e+00,1.442500000000000000e+02,7.555555555555559799e+00
3.463999999999999968e+00,1.447500000000000000e+02,8.666666666666669627e+00
3.463999999999999968e+00,1.452500000000000000e+02,9.888888888888892836e+00
3.463999999999999968e+00,1.457500000000000000e+02,9.888888888888892836e+00
3.463999999999999968e+00,1.462500000000000000e+02,9.555555555555558911e+00
3.463999999999999968e+00,1.467500000000000000e+02,8.555555555555558911e+00
3.463999999999999968e+00,1.472500000000000000e+02,9.333333333333337478e+00
3.463999999999999968e+00,1.477500000000000000e+02,9.222222222222226762e+00
3.463999999999999968e+00,1.482500000000000000e+02,1.055555555555556069e+01
3.463999999999999968e+00,1.487500000000000000e+02,1.044444444444444997e+01
3.463999999999999968e+00,1.492500000000000000e+02,1.144444444444444997e+01
3.463999999999999968e+00,1.497500000000000000e+02,1.155555555555556246e+01
3.463999999999999968e+00,1.502500000000000000e+02,1.277777777777778390e+01
3.463999999999999968e+00,1.507500000000000000e+02,1.300000000000000533e+01
3.463999999999999968e+00,1.512500000000000000e+02,1.322222222222222676e+01
3.463999999999999968e+00,1.517500000000000000e+02,1.244444444444444819e+01
3.463999999999999968e+00,1.522500000000000000e+02,1.288888888888889284e+01
3.463999999999999968e+00,1.527500000000000000e+02,1.200000000000000533e+01
3.463999999999999968e+00,1.532500000000000000e+02,1.177777777777778034e+01
3.463999999999999968e+00,1.537500000000000000e+02,1.188888888888889106e+01
3.463999999999999968e+00,1.542500000000000000e+02,1.188888888888889106e+01
3.463999999999999968e+00,1.547500000000000000e+02,1.155555555555555713e+01
3.463999999999999968e+00,1.552500000000000000e+02,1.055555555555555713e+01
3.463999999999999968e+00,1.557500000000000000e+02,1.155555555555555713e+01
3.463999999999999968e+00,1.562500000000000000e+02,1.188888888888889106e+01
3.463999999999999968e+00,1.567500000000000000e+02,1.200000000000000178e+01
3.463999999999999968e+00,1.572500000000000000e+02,1.133333333333333570e+01
3.463999999999999968e+00,1.577500000000000000e+02,1.200000000000000178e+01
3.463999999999999968e+00,1.582500000000000000e+02,1.122222222222222321e+01
3.463999999999999968e+00,1.587500000000000000e+02,1.111111111111111249e+01
3.463999999999999968e+00,1.592500000000000000e+02,1.011111111111111249e+01
3.463999999999999968e+00,1.597500000000000000e+02,9.777777777777778567e+00
3.463999999999999968e+00,1.602500000000000000e+02,8.888888888888891060e+00
3.463999999999999968e+00,1.607500000000000000e+02,1.088888888888889106e+01
3.463999999999999968e+00,1.612500000000000000e+02,1.188888888888889106e+01
3.463999999999999968e+00,1.617500000000000000e+02,1.277777777777777857e+01
3.463999999999999968e+00,1.622500000000000000e+02,1.066666666666666607e+01
3.463999999999999968e+00,1.627500000000000000e+02,1.077777777777777857e+01
3.463999999999999968e+00,1.632500000000000000e+02,1.022222222222222321e+01
3.463999999999999968e+00,1.637500000000000000e+02,1.166666666666666607e+01
3.463999999999999968e+00,1.642500000000000000e+02,1.122222222222222143e+01
3.463999999999999968e+00,1.647500000000000000e+02,1.222222222222222143e+01
3.463999999999999968e+00,1.652500000000000000e+02,1.066666666666666607e+01
3.463999999999999968e+00,1.657500000000000000e+02,9.888888888888889284e+00
3.463999999999999968e+00,1.662500000000000000e+02,8.666666666666666075e+00
3.463999999999999968e+00,1.667500000000000000e+02,8.222222222222223209e+00
3.463999999999999968e+00,1.672500000000000000e+02,8.666666666666666075e+00
3.463999999999999968e+00,1.677500000000000000e+02,8.333333333333333925e+00
3.463999999999999968e+00,1.682500000000000000e+02,9.111111111111110716e+00
3.463999999999999968e+00,1.687500000000000000e+02,8.333333333333333925e+00
3.463999999999999968e+00,1.692500000000000000e+02,8.666666666666666075e+00
3.463999999999999968e+00,1.697500000000000000e+02,8.000000000000000000e+00
3.463999999999999968e+00,1.702500000000000000e+02,7.222222222222222321e+00
3.463999999999999968e+00,1.707500000000000000e+02,5.888888888888889284e+00
3.463999999999999968e+00,1.712500000000000000e+02,4.888888888888889284e+00
3.463999999999999968e+00,1.717500000000000000e+02,4.888888888888889284e+00
3.463999999999999968e+00,1.722500000000000000e+02,5.777777777777778567e+00
3.463999999999999968e+00,1.727500000000000000e+02,5.111111111111111605e+00
3.463999999999999968e+00,1.732500000000000000e+02,5.555555555555556246e+00
3.463999999999999968e+00,1.737500000000000000e+02,4.444444444444445530e+00
3.463999999999999968e+00,1.742500000000000000e+02,5.222222222222222321e+00
3.463999999999999968e+00,1.747500000000000000e+02,4.333333333333333925e+00
3.463999999999999968e+00,1.752500000000000000e+02,3.666666666666667407e+00
3.463999999999999968e+00,1.757500000000000000e+02,2.888888888888889284e+00
3.463999999999999968e+00,1.762500000000000000e+02,2.444444444444445086e+00
3.463999999999999968e+00,1.767500000000000000e+02,2.666666666666667407e+00
3.463999999999999968e+00,1.772500000000000000e+02,2.222222222222222765e+00
3.463999999999999968e+00,1.777500000000000000e+02,1.777777777777778567e+00
3.463999999999999968e+00,1.782500000000000000e+02,8.888888888888897277e-01
3.463999999999999968e+00,1.787500000000000000e+02,4.444444444444452524e-01
3.463999999999999968e+00,1.792500000000000000e+02,2.222222222222229870e-01
3.463999999999999968e+00,1.797500000000000000e+02,3.333333333333340920e-01
3.479999999999999982e+00,1.302500000000000000e+02,1.044444444444444464e+01
3.479999999999999982e+00,1.307500000000000000e+02,1.055555555555555713e+01
3.479999999999999982e+00,1.312500000000000000e+02,1.088888888888889106e+01
3.479999999999999982e+00,1.317500000000000000e+02,1.177777777777777857e+01
3.479999999999999982e+00,1.322500000000000000e+02,1.188888888888889106e+01
3.479999999999999982e+00,1.327500000000000000e+02,1.255555555555555713e+01
3.479999999999999982e+00,1.332500000000000000e+02,1.177777777777777857e+01
3.479999999999999982e+00,1.337500000000000000e+02,1.133333333333333393e+01
3.479999999999999982e+00,1.342500000000000000e+02,1.033333333333333393e+01
3.479999999999999982e+00,1.347500000000000000e+02,8.888888888888889284e+00
3.479999999999999982e+00,1.352500000000000000e+02,9.222222222222223209e+00
3.479999999999999982e+00,1.357500000000000000e+02,8.888888888888889284e+00
3.479999999999999982e+00,1.362500000000000000e+02,9.888888888888889284e+00
3.479999999999999982e+00,1.367500000000000000e+02,9.666666666666666075e+00
3.479999999999999982e+00,1.372500000000000000e+02,9.888888888888887507e+00
3.479999999999999982e+00,1.377500000000000000e+02,1.044444444444444287e+01
3.479999999999999982e+00,1.382500000000000000e+02,1.088888888888888751e+01
3.479999999999999982e+00,1.387500000000000000e+02,1.133333333333333393e+01
3.479999999999999982e+00,1.392500000000000000e+02,1.077777777777777857e+01
3.479999999999999982e+00,1.397500000000000000e+02,9.333333333333333925e+00
3.479999999999999982e+00,1.402500000000000000e+02,9.777777777777778567e+00
3.479999999999999982e+00,1.407500000000000000e+02,1.022222222222222321e+01
3.479999999999999982e+00,1.412500000000000000e+02,1.044444444444444464e+01
3.479999999999999982e+00,1.417500000000000000e+02,9.111111111111112493e+00
3.479999999999999982e+00,1.422500000000000000e+02,9.222222222222223209e+00
3.479999999999999982e+00,1.427500000000000000e+02,8.555555555555557135e+00
3.479999999999999982e+00,1.432500000000000000e+02,8.444444444444444642e+00
3.479999999999999982e+00,1.437500000000000000e+02,7.111111111111111605e+00
3.479999999999999982e+00,1.442500000000000000e+02,7.888888888888889284e+00
3.479999999999999982e+00,1.447500000000000000e+02,8.555555555555555358e+00
3.479999999999999982e+00,1.452500000000000000e+02,1.000000000000000000e+01
3.479999999999999982e+00,1.457500000000000000e+02,9.888888888888889284e+00
3.479999999999999982e+00,1.462500000000000000e+02,9.222222222222223209e+00
3.479999999999999982e+00,1.467500000000000000e+02,8.000000000000000000e+00
3.479999999999999982e+00,1.472500000000000000e+02,8.444444444444444642e+00
3.479999999999999982e+00,1.477500000000000000e+02,8.666666666666666075e+00
3.479999999999999982e+00,1.482500000000000000e+02,1.033333333333333393e+01
3.479999999999999982e+00,1.487500000000000000e+02,1.033333333333333393e+01
3.479999999999999982e+00,1.492500000000000000e+02,1.077777777777777857e+01
3.479999999999999982e+00,1.497500000000000000e+02,1.088888888888889106e+01
3.479999999999999982e+00,1.502500000000000000e+02,1.200000000000000178e+01
3.479999999999999982e+00,1.507500000000000000e+02,1.244444444444444819e+01
3.479999999999999982e+00,1.512500000000000000e+02,1.266666666666666963e+01
3.479999999999999982e+00,1.517500000000000000e+02,1.088888888888889106e+01
3.479999999999999982e+00,1.522500000000000000e+02,1.122222222222222321e+01
3.479999999999999982e+00,1.527500000000000000e+02,1.033333333333333570e+01
3.479999999999999982e+00,1.532500000000000000e+02,1.133333333333333570e+01
3.479999999999999982e+00,1.537500000000000000e+02,1.100000000000000178e+01
3.479999999999999982e+00,1.542500000000000000e+02,1.111111111111111427e+01
3.479999999999999982e+00,1.547500000000000000e+02,1.088888888888889284e+01
3.479999999999999982e+00,1.552500000000000000e+02,1.122222222222222676e+01
3.479999999999999982e+00,1.557500000000000000e+02,1.177777777777778034e+01
3.479999999999999982e+00,1.562500000000000000e+02,1.200000000000000178e+01
3.479999999999999982e+00,1.567500000000000000e+02,1.033333333333333570e+01
3.479999999999999982e+00,1.572500000000000000e+02,1.022222222222222321e+01
3.479999999999999982e+00,1.577500000000000000e+02,1.111111111111111427e+01
3.479999999999999982e+00,1.582500000000000000e+02,1.144444444444444819e+01
3.479999999999999982e+00,1.587500000000000000e+02,1.122222222222222676e+01
3.479999999999999982e+00,1.592500000000000000e+02,1.000000000000000355e+01
3.479999999999999982e+00,1.597500000000000000e+02,9.888888888888892836e+00
3.479999999999999982e+00,1.602500000000000000e+02,9.000000000000005329e+00
3.479999999999999982e+00,1.607500000000000000e+02,1.066666666666667140e+01
3.479999999999999982e+00,1.612500000000000000e+02,1.100000000000000533e+01
3.479999999999999982e+00,1.617500000000000000e+02,1.222222222222222676e+01
3.479999999999999982e+00,1.622500000000000000e+02,1.066666666666667140e+01
3.479999999999999982e+00,1.627500000000000000e+02,1.044444444444444997e+01
3.479999999999999982e+00,1.632500000000000000e+02,9.111111111111116045e+00
3.479999999999999982e+00,1.637500000000000000e+02,1.011111111111111605e+01
3.479999999999999982e+00,1.642500000000000000e+02,1.044444444444444997e+01
3.479999999999999982e+00,1.647500000000000000e+02,1.100000000000000533e+01
3.479999999999999982e+00,1.652500000000000000e+02,9.888888888888892836e+00
3.479999999999999982e+00,1.657500000000000000e+02,9.444444444444448195e+00
3.479999999999999982e+00,1.662500000000000000e+02,9.111111111111114269e+00
3.479999999999999982e+00,1.667500000000000000e+02,8.111111111111114269e+00
3.479999999999999982e+00,1.672500000000000000e+02,8.666666666666669627e+00
3.479999999999999982e+00,1.677500000000000000e+02,8.444444444444448195e+00
3.479999999999999982e+00,1.682500000000000000e+02,9.444444444444448195e+00
3.479999999999999982e+00,1.687500000000000000e+02,8.111111111111114269e+00
3.479999999999999982e+00,1.692500000000000000e+02,8.000000000000003553e+00
3.479999999999999982e+00,1.697500000000000000e+02,6.555555555555559799e+00
3.479999999999999982e+00,1.702500000000000000e+02,5.444444444444449083e+00
3.479999999999999982e+00,1.707500000000000000e+02,4.555555555555559799e+00
3.479999999999999982e+00,1.712500000000000000e+02,4.222222222222225874e+00
3.479999999999999982e+00,1.717500000000000000e+02,4.444444444444448195e+00
3.479999999999999982e+00,1.722500000000000000e+02,4.777777777777781232e+00
3.479999999999999982e+00,1.727500000000000000e+02,4.555555555555559799e+00
3.479999999999999982e+00,1.732500000000000000e+02,5.000000000000003553e+00
3.479999999999999982e+00,1.737500000000000000e+02,4.111111111111115157e+00
3.479999999999999982e+00,1.742500000000000000e+02,4.333333333333336590e+00
3.479999999999999982e+00,1.747500000000000000e+02,3.555555555555559355e+00
3.479999999999999982e+00,1.752500000000000000e+02,3.555555555555559355e+00
3.479999999999999982e+00,1.757500000000000000e+02,3.222222222222226318e+00
3.479999999999999982e+00,1.762500000000000000e+02,3.000000000000003997e+00
3.479999999999999982e+00,1.767500000000000000e+02,2.444444444444448639e+00
3.479999999999999982e+00,1.772500000000000000e+02,1.777777777777781898e+00
3.479999999999999982e+00,1.777500000000000000e+02,1.444444444444448417e+00
3.479999999999999982e+00,1.782500000000000000e+02,8.888888888888928363e-01
3.479999999999999982e+00,1.787500000000000000e+02,5.555555555555594660e-01
3.479999999999999982e+00,1.792500000000000000e+02,2.222222222222261789e-01
3.479999999999999982e+00,1.797500000000000000e+02,3.333333333333372561e-01
3.495999999999999996e+00,1.302500000000000000e+02,1.022222222222222143e+01
3.495999999999999996e+00,1.307500000000000000e+02,1.022222222222222143e+01
3.495999999999999996e+00,1.312500000000000000e+02,1.144444444444444287e+01
3.495999999999999996e+00,1.317500000000000000e+02,1.211111111111110894e+01
3.495999999999999996e+00,1.322500000000000000e+02,1.222222222222222143e+01
3.495999999999999996e+00,1.327500000000000000e+02,1.233333333333333393e+01
3.495999999999999996e+00,1.332500000000000000e+02,1.144444444444444464e+01
3.495999999999999996e+00,1.337500000000000000e+02,1.211111111111111249e+01
3.495999999999999996e+00,1.342500000000000000e+02,1.111111111111111249e+01
3.495999999999999996e+00,1.347500000000000000e+02,9.888888888888889284e+00
3.495999999999999996e+00,1.352500000000000000e+02,9.111111111111112493e+00
3.495999999999999996e+00,1.357500000000000000e+02,8.444444444444444642e+00
3.495999999999999996e+00,1.362500000000000000e+02,8.888888888888891060e+00
3.495999999999999996e+00,1.367500000000000000e+02,9.000000000000001776e+00
3.495999999999999996e+00,1.372500000000000000e+02,9.666666666666669627e+00
3.495999999999999996e+00,1.377500000000000000e+02,9.222222222222223209e+00
3.495999999999999996e+00,1.382500000000000000e+02,9.222222222222223209e+00
3.495999999999999996e+00,1.387500000000000000e+02,9.222222222222223209e+00
3.495999999999999996e+00,1.392500000000000000e+02,1.033333333333333393e+01
3.495999999999999996e+00,1.397500000000000000e+02,1.000000000000000178e+01
3.495999999999999996e+00,1.402500000000000000e+02,1.055555555555555713e+01
3.495999999999999996e+00,1.407500000000000000e+02,1.022222222222222321e+01
3.495999999999999996e+00,1.412500000000000000e+02,9.777777777777778567e+00
3.495999999999999996e+00,1.417500000000000000e+02,9.000000000000001776e+00
3.495999999999999996e+00,1.422500000000000000e+02,8.555555555555557135e+00
3.495999999999999996e+00,1.427500000000000000e+02,8.333333333333333925e+00
3.495999999999999996e+00,1.432500000000000000e+02,7.222222222222224097e+00
3.495999999999999996e+00,1.437500000000000000e+02,7.444444444444446418e+00
3.495999999999999996e+00,1.442500000000000000e+02,7.888888888888890172e+00
3.495999999999999996e+00,1.447500000000000000e+02,8.333333333333335702e+00
3.495999999999999996e+00,1.452500000000000000e+02,9.444444444444448195e+00
3.495999999999999996e+00,1.457500000000000000e+02,9.000000000000003553e+00
3.495999999999999996e+00,1.462500000000000000e+02,9.555555555555558911e+00
3.495999999999999996e+00,1.467500000000000000e+02,8.222222222222226762e+00
3.495999999999999996e+00,1.472500000000000000e+02,9.333333333333337478e+00
3.495999999999999996e+00,1.477500000000000000e+02,9.111111111111114269e+00
3.495999999999999996e+00,1.482500000000000000e+02,1.033333333333333748e+01
3.495999999999999996e+00,1.487500000000000000e+02,1.022222222222222676e+01
3.495999999999999996e+00,1.492500000000000000e+02,1.022222222222222676e+01
3.495999999999999996e+00,1.497500000000000000e+02,9.555555555555558911e+00
3.495999999999999996e+00,1.502500000000000000e+02,1.011111111111111427e+01
3.495999999999999996e+00,1.507500000000000000e+02,1.133333333333333570e+01
3.495999999999999996e+00,1.512500000000000000e+02,1.200000000000000178e+01
3.495999999999999996e+00,1.517500000000000000e+02,1.111111111111111427e+01
3.495999999999999996e+00,1.522500000000000000e+02,1.066666666666666963e+01
3.495999999999999996e+00,1.527500000000000000e+02,1.011111111111111427e+01
3.495999999999999996e+00,1.532500000000000000e+02,1.077777777777778034e+01
3.495999999999999996e+00,1.537500000000000000e+02,9.777777777777780344e+00
3.495999999999999996e+00,1.542500000000000000e+02,9.666666666666669627e+00
3.495999999999999996e+00,1.547500000000000000e+02,8.555555555555557135e+00
3.495999999999999996e+00,1.552500000000000000e+02,9.333333333333335702e+00
3.495999999999999996e+00,1.557500000000000000e+02,9.555555555555557135e+00
3.495999999999999996e+00,1.562500000000000000e+02,1.033333333333333570e+01
3.495999999999999996e+00,1.567500000000000000e+02,9.555555555555557135e+00
3.495999999999999996e+00,1.572500000000000000e+02,9.777777777777780344e+00
3.495999999999999996e+00,1.577500000000000000e+02,1.088888888888889106e+01
3.495999999999999996e+00,1.582500000000000000e+02,1.033333333333333570e+01
3.495999999999999996e+00,1.587500000000000000e+02,1.044444444444444642e+01
3.495999999999999996e+00,1.592500000000000000e+02,8.555555555555557135e+00
3.495999999999999996e+00,1.597500000000000000e+02,8.777777777777780344e+00
3.495999999999999996e+00,1.602500000000000000e+02,7.888888888888890172e+00
3.495999999999999996e+00,1.607500000000000000e+02,1.000000000000000178e+01
3.495999999999999996e+00,1.612500000000000000e+02,1.033333333333333570e+01
3.495999999999999996e+00,1.617500000000000000e+02,1.166666666666666963e+01
3.495999999999999996e+00,1.622500000000000000e+02,9.777777777777780344e+00
3.495999999999999996e+00,1.627500000000000000e+02,9.888888888888891060e+00
3.495999999999999996e+00,1.632500000000000000e+02,8.555555555555557135e+00
3.495999999999999996e+00,1.637500000000000000e+02,9.222222222222223209e+00
3.495999999999999996e+00,1.642500000000000000e+02,9.000000000000001776e+00
3.495999999999999996e+00,1.647500000000000000e+02,8.555555555555558911e+00
3.495999999999999996e+00,1.652500000000000000e+02,8.000000000000001776e+00
3.495999999999999996e+00,1.657500000000000000e+02,7.777777777777779455e+00
3.495999999999999996e+00,1.662500000000000000e+02,7.777777777777779455e+00
3.495999999999999996e+00,1.667500000000000000e+02,6.333333333333335702e+00
3.495999999999999996e+00,1.672500000000000000e+02,6.333333333333335702e+00
3.495999999999999996e+00,1.677500000000000000e+02,7.222222222222224985e+00
3.495999999999999996e+00,1.682500000000000000e+02,8.000000000000001776e+00
3.495999999999999996e+00,1.687500000000000000e+02,7.555555555555557135e+00
3.495999999999999996e+00,1.692500000000000000e+02,6.444444444444445530e+00
3.495999999999999996e+00,1.697500000000000000e+02,5.222222222222223209e+00
3.495999999999999996e+00,1.702500000000000000e+02,4.000000000000000888e+00
3.495999999999999996e+00,1.707500000000000000e+02,3.888888888888890616e+00
3.495999999999999996e+00,1.712500000000000000e+02,4.888888888888890172e+00
3.495999999999999996e+00,1.717500000000000000e+02,5.444444444444446418e+00
3.495999999999999996e+00,1.722500000000000000e+02,5.000000000000001776e+00
3.495999999999999996e+00,1.727500000000000000e+02,4.000000000000001776e+00
3.495999999999999996e+00,1.732500000000000000e+02,3.666666666666668295e+00
3.495999999999999996e+00,1.737500000000000000e+02,3.222222222222223653e+00
3.495999999999999996e+00,1.742500000000000000e+02,3.333333333333334370e+00
3.495999999999999996e+00,1.747500000000000000e+02,3.666666666666667851e+00
3.495999999999999996e+00,1.752500000000000000e+02,3.555555555555556690e+00
3.495999999999999996e+00,1.757500000000000000e+02,3.222222222222223209e+00
3.495999999999999996e+00,1.762500000000000000e+02,2.333333333333334370e+00
3.495999999999999996e+00,1.767500000000000000e+02,2.333333333333334370e+00
3.495999999999999996e+00,1.772500000000000000e+02,1.555555555555556912e+00
3.495999999999999996e+00,1.777500000000000000e+02,1.333333333333334592e+00
3.495999999999999996e+00,1.782500000000000000e+02,5.555555555555568015e-01
3.495999999999999996e+00,1.787500000000000000e+02,5.555555555555568015e-01
3.495999999999999996e+00,1.792500000000000000e+02,3.333333333333345916e-01
3.495999999999999996e+00,1.797500000000000000e+02,3.333333333333345916e-01
3.512000000000000011e+00,1.302500000000000000e+02,1.177777777777777857e+01
3.512000000000000011e+00,1.307500000000000000e+02,1.211111111111111249e+01
3.512000000000000011e+00,1.312500000000000000e+02,1.222222222222222321e+01
3.512000000000000011e+00,1.317500000000000000e+02,1.222222222222222321e+01
3.512000000000000011e+00,1.322500000000000000e+02,1.155555555555555713e+01
3.512000000000000011e+00,1.327500000000000000e+02,1.155555555555555713e+01
3.512000000000000011e+00,1.332500000000000000e+02,1.044444444444444642e+01
3.512000000000000011e+00,1.337500000000000000e+02,1.077777777777778034e+01
3.512000000000000011e+00,1.342500000000000000e+02,1.055555555555555891e+01
3.512000000000000011e+00,1.347500000000000000e+02,1.011111111111111427e+01
3.512000000000000011e+00,1.352500000000000000e+02,1.000000000000000178e+01
3.512000000000000011e+00,1.357500000000000000e+02,9.333333333333335702e+00
3.512000000000000011e+00,1.362500000000000000e+02,9.111111111111112493e+00
3.512000000000000011e+00,1.367500000000000000e+02,9.333333333333335702e+00
3.512000000000000011e+00,1.372500000000000000e+02,1.000000000000000178e+01
3.512000000000000011e+00,1.377500000000000000e+02,9.222222222222224985e+00
3.512000000000000011e+00,1.382500000000000000e+02,8.555555555555558911e+00
3.512000000000000011e+00,1.387500000000000000e+02,7.888888888888891948e+00
3.512000000000000011e+00,1.392500000000000000e+02,9.555555555555558911e+00
3.512000000000000011e+00,1.397500000000000000e+02,9.555555555555558911e+00
3.512000000000000011e+00,1.402500000000000000e+02,9.444444444444448195e+00
3.512000000000000011e+00,1.407500000000000000e+02,8.888888888888892836e+00
3.512000000000000011e+00,1.412500000000000000e+02,7.777777777777782120e+00
3.512000000000000011e+00,1.417500000000000000e+02,7.777777777777782120e+00
3.512000000000000011e+00,1.422500000000000000e+02,7.222222222222225874e+00
3.512000000000000011e+00,1.427500000000000000e+02,7.666666666666671404e+00
3.512000000000000011e+00,1.432500000000000000e+02,7.888888888888893725e+00
3.512000000000000011e+00,1.437500000000000000e+02,8.666666666666671404e+00
3.512000000000000011e+00,1.442500000000000000e+02,8.555555555555558911e+00
3.512000000000000011e+00,1.447500000000000000e+02,8.111111111111114269e+00
3.512000000000000011e+00,1.452500000000000000e+02,7.888888888888892836e+00
3.512000000000000011e+00,1.457500000000000000e+02,8.000000000000005329e+00
3.512000000000000011e+00,1.462500000000000000e+02,8.222222222222226762e+00
3.512000000000000011e+00,1.467500000000000000e+02,7.777777777777781232e+00
3.512000000000000011e+00,1.472500000000000000e+02,7.888888888888891948e+00
3.512000000000000011e+00,1.477500000000000000e+02,8.111111111111114269e+00
3.512000000000000011e+00,1.482500000000000000e+02,9.333333333333335702e+00
3.512000000000000011e+00,1.487500000000000000e+02,9.555555555555557135e+00
3.512000000000000011e+00,1.492500000000000000e+02,9.000000000000001776e+00
3.512000000000000011e+00,1.497500000000000000e+02,8.666666666666667851e+00
3.512000000000000011e+00,1.502500000000000000e+02,8.666666666666667851e+00
3.512000000000000011e+00,1.507500000000000000e+02,9.666666666666667851e+00
3.512000000000000011e+00,1.512500000000000000e+02,9.555555555555557135e+00
3.512000000000000011e+00,1.517500000000000000e+02,9.555555555555557135e+00
3.512000000000000011e+00,1.522500000000000000e+02,1.033333333333333570e+01
3.512000000000000011e+00,1.527500000000000000e+02,1.000000000000000178e+01
3.512000000000000011e+00,1.532500000000000000e+02,9.888888888888891060e+00
3.512000000000000011e+00,1.537500000000000000e+02,8.333333333333335702e+00
3.512000000000000011e+00,1.542500000000000000e+02,9.111111111111112493e+00
3.512000000000000011e+00,1.547500000000000000e+02,9.222222222222223209e+00
3.512000000000000011e+00,1.552500000000000000e+02,9.777777777777778567e+00
3.512000000000000011e+00,1.557500000000000000e+02,9.444444444444444642e+00
3.512000000000000011e+00,1.562500000000000000e+02,1.077777777777777857e+01
3.512000000000000011e+00,1.567500000000000000e+02,9.777777777777778567e+00
3.512000000000000011e+00,1.572500000000000000e+02,9.444444444444444642e+00
3.512000000000000011e+00,1.577500000000000000e+02,9.888888888888891060e+00
3.512000000000000011e+00,1.582500000000000000e+02,1.022222222222222321e+01
3.512000000000000011e+00,1.587500000000000000e+02,1.022222222222222321e+01
3.512000000000000011e+00,1.592500000000000000e+02,7.222222222222224097e+00
3.512000000000000011e+00,1.597500000000000000e+02,7.333333333333335702e+00
3.512000000000000011e+00,1.602500000000000000e+02,7.777777777777781232e+00
3.512000000000000011e+00,1.607500000000000000e+02,1.022222222222222676e+01
3.512000000000000011e+00,1.612500000000000000e+02,1.011111111111111427e+01
3.512000000000000011e+00,1.617500000000000000e+02,1.055555555555555891e+01
3.512000000000000011e+00,1.622500000000000000e+02,9.333333333333337478e+00
3.512000000000000011e+00,1.627500000000000000e+02,9.888888888888892836e+00
3.512000000000000011e+00,1.632500000000000000e+02,8.555555555555558911e+00
3.512000000000000011e+00,1.637500000000000000e+02,8.222222222222226762e+00
3.512000000000000011e+00,1.642500000000000000e+02,7.444444444444449083e+00
3.512000000000000011e+00,1.647500000000000000e+02,7.777777777777782120e+00
3.512000000000000011e+00,1.652500000000000000e+02,8.333333333333337478e+00
3.512000000000000011e+00,1.657500000000000000e+02,8.222222222222226762e+00
3.512000000000000011e+00,1.662500000000000000e+02,7.222222222222227650e+00
3.512000000000000011e+00,1.667500000000000000e+02,6.111111111111116934e+00
3.512000000000000011e+00,1.672500000000000000e+02,6.111111111111116934e+00
3.512000000000000011e+00,1.677500000000000000e+02,7.333333333333339255e+00
3.512000000000000011e+00,1.682500000000000000e+02,7.444444444444449971e+00
3.512000000000000011e+00,1.687500000000000000e+02,6.888888888888893725e+00
3.512000000000000011e+00,1.692500000000000000e+02,6.111111111111116934e+00
3.512000000000000011e+00,1.697500000000000000e+02,5.222222222222227650e+00
3.512000000000000011e+00,1.702500000000000000e+02,5.111111111111116934e+00
3.512000000000000011e+00,1.707500000000000000e+02,5.111111111111116934e+00
3.512000000000000011e+00,1.712500000000000000e+02,6.222222222222227650e+00
3.512000000000000011e+00,1.717500000000000000e+02,6.111111111111116934e+00
3.512000000000000011e+00,1.722500000000000000e+02,4.444444444444449971e+00
3.512000000000000011e+00,1.727500000000000000e+02,3.444444444444449971e+00
3.512000000000000011e+00,1.732500000000000000e+02,3.222222222222227206e+00
3.512000000000000011e+00,1.737500000000000000e+02,3.111111111111116045e+00
3.512000000000000011e+00,1.742500000000000000e+02,2.888888888888894169e+00
3.512000000000000011e+00,1.747500000000000000e+02,2.666666666666671848e+00
3.512000000000000011e+00,1.752500000000000000e+02,3.555555555555560687e+00
3.512000000000000011e+00,1.757500000000000000e+02,3.333333333333337922e+00
3.512000000000000011e+00,1.762500000000000000e+02,2.444444444444449083e+00
3.512000000000000011e+00,1.767500000000000000e+02,2.000000000000004885e+00
3.512000000000000011e+00,1.772500000000000000e+02,1.444444444444449305e+00
3.512000000000000011e+00,1.777500000000000000e+02,1.444444444444449305e+00
3.512000000000000011e+00,1.782500000000000000e+02,6.666666666666717367e-01
3.512000000000000011e+00,1.787500000000000000e+02,5.555555555555605762e-01
3.512000000000000011e+00,1.792500000000000000e+02,3.333333333333383663e-01
3.512000000000000011e+00,1.797500000000000000e+02,2.222222222222272892e-01
3.528000000000000025e+00,1.302500000000000000e+02,1.300000000000000000e+01
3.528000000000000025e+00,1.307500000000000000e+02,1.300000000000000000e+01
3.528000000000000025e+00,1.312500000000000000e+02,1.255555555555555536e+01
3.528000000000000025e+00,1.317500000000000000e+02,1.288888888888888751e+01
3.528000000000000025e+00,1.322500000000000000e+02,1.133333333333333393e+01
3.528000000000000025e+00,1.327500000000000000e+02,1.144444444444444464e+01
3.528000000000000025e+00,1.332500000000000000e+02,1.022222222222222321e+01
3.528000000000000025e+00,1.337500000000000000e+02,1.133333333333333393e+01
3.528000000000000025e+00,1.342500000000000000e+02,1.066666666666666607e+01
3.528000000000000025e+00,1.347500000000000000e+02,1.066666666666666607e+01
3.528000000000000025e+00,1.352500000000000000e+02,1.022222222222222143e+01
3.528000000000000025e+00,1.357500000000000000e+02,1.011111111111110894e+01
3.528000000000000025e+00,1.362500000000000000e+02,1.022222222222222143e+01
3.528000000000000025e+00,1.367500000000000000e+02,1.044444444444444464e+01
3.528000000000000025e+00,1.372500000000000000e+02,1.077777777777777679e+01
3.528000000000000025e+00,1.377500000000000000e+02,1.011111111111110894e+01
3.528000000000000025e+00,1.382500000000000000e+02,8.888888888888887507e+00
3.528000000000000025e+00,1.387500000000000000e+02,8.333333333333330373e+00
3.528000000000000025e+00,1.392500000000000000e+02,8.444444444444442865e+00
3.528000000000000025e+00,1.397500000000000000e+02,9.222222222222219656e+00
3.528000000000000025e+00,1.402500000000000000e+02,8.555555555555553582e+00
3.528000000000000025e+00,1.407500000000000000e+02,8.333333333333330373e+00
3.528000000000000025e+00,1.412500000000000000e+02,6.888888888888886619e+00
3.528000000000000025e+00,1.417500000000000000e+02,6.666666666666664298e+00
3.528000000000000025e+00,1.422500000000000000e+02,6.333333333333331261e+00
3.528000000000000025e+00,1.427500000000000000e+02,7.222222222222220545e+00
3.528000000000000025e+00,1.432500000000000000e+02,7.555555555555553582e+00
3.528000000000000025e+00,1.437500000000000000e+02,9.222222222222219656e+00
3.528000000000000025e+00,1.442500000000000000e+02,9.444444444444442865e+00
3.528000000000000025e+00,1.447500000000000000e+02,8.777777777777776791e+00
3.528000000000000025e+00,1.452500000000000000e+02,7.333333333333332149e+00
3.528000000000000025e+00,1.457500000000000000e+02,6.333333333333332149e+00
3.528000000000000025e+00,1.462500000000000000e+02,7.444444444444442865e+00
3.528000000000000025e+00,1.467500000000000000e+02,7.555555555555554470e+00
3.528000000000000025e+00,1.472500000000000000e+02,7.444444444444443754e+00
3.528000000000000025e+00,1.477500000000000000e+02,6.555555555555554470e+00
3.528000000000000025e+00,1.482500000000000000e+02,7.777777777777777679e+00
3.528000000000000025e+00,1.487500000000000000e+02,9.555555555555555358e+00
3.528000000000000025e+00,1.492500000000000000e+02,9.666666666666666075e+00
3.528000000000000025e+00,1.497500000000000000e+02,8.000000000000000000e+00
3.528000000000000025e+00,1.502500000000000000e+02,7.222222222222221433e+00
3.528000000000000025e+00,1.507500000000000000e+02,8.444444444444444642e+00
3.528000000000000025e+00,1.512500000000000000e+02,9.444444444444444642e+00
3.528000000000000025e+00,1.517500000000000000e+02,1.000000000000000000e+01
3.528000000000000025e+00,1.522500000000000000e+02,9.888888888888887507e+00
3.528000000000000025e+00,1.527500000000000000e+02,9.666666666666666075e+00
3.528000000000000025e+00,1.532500000000000000e+02,8.555555555555555358e+00
3.528000000000000025e+00,1.537500000000000000e+02,8.111111111111108940e+00
3.528000000000000025e+00,1.542500000000000000e+02,8.444444444444442865e+00
3.528000000000000025e+00,1.547500000000000000e+02,9.111111111111108940e+00
3.528000000000000025e+00,1.552500000000000000e+02,8.555555555555555358e+00
3.528000000000000025e+00,1.557500000000000000e+02,8.222222222222221433e+00
3.528000000000000025e+00,1.562500000000000000e+02,9.111111111111108940e+00
3.528000000000000025e+00,1.567500000000000000e+02,9.666666666666664298e+00
3.528000000000000025e+00,1.572500000000000000e+02,9.555555555555553582e+00
3.528000000000000025e+00,1.577500000000000000e+02,9.555555555555553582e+00
3.528000000000000025e+00,1.582500000000000000e+02,8.888888888888887507e+00
3.528000000000000025e+00,1.587500000000000000e+02,8.666666666666664298e+00
3.528000000000000025e+00,1.592500000000000000e+02,6.666666666666664298e+00
3.528000000000000025e+00,1.597500000000000000e+02,6.444444444444441977e+00
3.528000000000000025e+00,1.602500000000000000e+02,7.444444444444441977e+00
3.528000000000000025e+00,1.607500000000000000e+02,8.888888888888885731e+00
3.528000000000000025e+00,1.612500000000000000e+02,9.555555555555551805e+00
3.528000000000000025e+00,1.617500000000000000e+02,9.444444444444441089e+00
3.528000000000000025e+00,1.622500000000000000e+02,9.222222222222219656e+00
3.528000000000000025e+00,1.627500000000000000e+02,9.888888888888885731e+00
3.528000000000000025e+00,1.632500000000000000e+02,8.555555555555551805e+00
3.528000000000000025e+00,1.637500000000000000e+02,8.555555555555551805e+00
3.528000000000000025e+00,1.642500000000000000e+02,6.999999999999996447e+00
3.528000000000000025e+00,1.647500000000000000e+02,7.333333333333329485e+00
3.528000000000000025e+00,1.652500000000000000e+02,6.888888888888885731e+00
3.528000000000000025e+00,1.657500000000000000e+02,7.222222222222218768e+00
3.528000000000000025e+00,1.662500000000000000e+02,5.888888888888885731e+00
3.528000000000000025e+00,1.667500000000000000e+02,4.999999999999996447e+00
3.528000000000000025e+00,1.672500000000000000e+02,5.222222222222218768e+00
3.528000000000000025e+00,1.677500000000000000e+02,6.555555555555552694e+00
3.528000000000000025e+00,1.682500000000000000e+02,6.444444444444441977e+00
3.528000000000000025e+00,1.687500000000000000e+02,5.666666666666664298e+00
3.528000000000000025e+00,1.692500000000000000e+02,5.222222222222220545e+00
3.528000000000000025e+00,1.697500000000000000e+02,4.999999999999997335e+00
3.528000000000000025e+00,1.702500000000000000e+02,5.555555555555552694e+00
3.528000000000000025e+00,1.707500000000000000e+02,5.777777777777775015e+00
3.528000000000000025e+00,1.712500000000000000e+02,6.333333333333331261e+00
3.528000000000000025e+00,1.717500000000000000e+02,5.333333333333331261e+00
3.528000000000000025e+00,1.722500000000000000e+02,3.666666666666664298e+00
3.528000000000000025e+00,1.727500000000000000e+02,3.111111111111108496e+00
3.528000000000000025e+00,1.732500000000000000e+02,3.444444444444441533e+00
3.528000000000000025e+00,1.737500000000000000e+02,3.666666666666663854e+00
3.528000000000000025e+00,1.742500000000000000e+02,3.222222222222219212e+00
3.528000000000000025e+00,1.747500000000000000e+02,2.444444444444441533e+00
3.528000000000000025e+00,1.752500000000000000e+02,2.444444444444441533e+00
3.528000000000000025e+00,1.757500000000000000e+02,2.222222222222219212e+00
3.528000000000000025e+00,1.762500000000000000e+02,1.777777777777774348e+00
3.528000000000000025e+00,1.767500000000000000e+02,1.999999999999996447e+00
3.528000000000000025e+00,1.772500000000000000e+02,1.888888888888885065e+00
3.528000000000000025e+00,1.777500000000000000e+02,1.999999999999996225e+00
3.528000000000000025e+00,1.782500000000000000e+02,1.111111111111107386e+00
3.528000000000000025e+00,1.787500000000000000e+02,6.666666666666628549e-01
3.528000000000000025e+00,1.792500000000000000e+02,3.333333333333294846e-01
3.528000000000000025e+00,1.797500000000000000e+02,2.222222222222184074e-01
3.544000000000000039e+00,1.302500000000000000e+02,1.366666666666666607e+01
3.544000000000000039e+00,1.307500000000000000e+02,1.444444444444444464e+01
3.544000000000000039e+00,1.312500000000000000e+02,1.355555555555555713e+01
3.544000000000000039e+00,1.317500000000000000e+02,1.466666666666666607e+01
3.544000000000000039e+00,1.322500000000000000e+02,1.266666666666666607e+01
3.544000000000000039e+00,1.327500000000000000e+02,1.288888888888889106e+01
3.544000000000000039e+00,1.332500000000000000e+02,1.188888888888889106e+01
3.544000000000000039e+00,1.337500000000000000e+02,1.177777777777778034e+01
3.544000000000000039e+00,1.342500000000000000e+02,1.100000000000000178e+01
3.544000000000000039e+00,1.347500000000000000e+02,1.066666666666666963e+01
3.544000000000000039e+00,1.352500000000000000e+02,1.133333333333333570e+01
3.544000000000000039e+00,1.357500000000000000e+02,1.144444444444444819e+01
3.544000000000000039e+00,1.362500000000000000e+02,1.088888888888889284e+01
3.544000000000000039e+00,1.367500000000000000e+02,1.077777777777778034e+01
3.544000000000000039e+00,1.372500000000000000e+02,1.055555555555555891e+01
3.544000000000000039e+00,1.377500000000000000e+02,1.044444444444444819e+01
3.544000000000000039e+00,1.382500000000000000e+02,1.022222222222222676e+01
3.544000000000000039e+00,1.387500000000000000e+02,1.044444444444444819e+01
3.544000000000000039e+00,1.392500000000000000e+02,9.333333333333337478e+00
3.544000000000000039e+00,1.397500000000000000e+02,8.333333333333337478e+00
3.544000000000000039e+00,1.402500000000000000e+02,7.333333333333338366e+00
3.544000000000000039e+00,1.407500000000000000e+02,7.888888888888893725e+00
3.544000000000000039e+00,1.412500000000000000e+02,7.333333333333338366e+00
3.544000000000000039e+00,1.417500000000000000e+02,7.000000000000004441e+00
3.544000000000000039e+00,1.422500000000000000e+02,6.555555555555560687e+00
3.544000000000000039e+00,1.427500000000000000e+02,7.333333333333338366e+00
3.544000000000000039e+00,1.432500000000000000e+02,8.666666666666671404e+00
3.544000000000000039e+00,1.437500000000000000e+02,9.888888888888894613e+00
3.544000000000000039e+00,1.442500000000000000e+02,9.555555555555560687e+00
3.544000000000000039e+00,1.447500000000000000e+02,7.888888888888893725e+00
3.544000000000000039e+00,1.452500000000000000e+02,7.666666666666671404e+00
3.544000000000000039e+00,1.457500000000000000e+02,6.777777777777782120e+00
3.544000000000000039e+00,1.462500000000000000e+02,7.111111111111115157e+00
3.544000000000000039e+00,1.467500000000000000e+02,6.111111111111115157e+00
3.544000000000000039e+00,1.472500000000000000e+02,6.000000000000004441e+00
3.544000000000000039e+00,1.477500000000000000e+02,5.666666666666671404e+00
3.544000000000000039e+00,1.482500000000000000e+02,6.444444444444449083e+00
3.544000000000000039e+00,1.487500000000000000e+02,8.111111111111116045e+00
3.544000000000000039e+00,1.492500000000000000e+02,8.555555555555558911e+00
3.544000000000000039e+00,1.497500000000000000e+02,7.444444444444449083e+00
3.544000000000000039e+00,1.502500000000000000e+02,6.555555555555559799e+00
3.544000000000000039e+00,1.507500000000000000e+02,6.666666666666670515e+00
3.544000000000000039e+00,1.512500000000000000e+02,7.666666666666670515e+00
3.544000000000000039e+00,1.517500000000000000e+02,7.888888888888892836e+00
3.544000000000000039e+00,1.522500000000000000e+02,8.666666666666671404e+00
3.544000000000000039e+00,1.527500000000000000e+02,8.777777777777783896e+00
3.544000000000000039e+00,1.532500000000000000e+02,7.888888888888893725e+00
3.544000000000000039e+00,1.537500000000000000e+02,7.777777777777783008e+00
3.544000000000000039e+00,1.542500000000000000e+02,8.000000000000005329e+00
3.544000000000000039e+00,1.547500000000000000e+02,9.444444444444448195e+00
3.544000000000000039e+00,1.552500000000000000e+02,8.555555555555558911e+00
3.544000000000000039e+00,1.557500000000000000e+02,8.111111111111116045e+00
3.544000000000000039e+00,1.562500000000000000e+02,9.222222222222226762e+00
3.544000000000000039e+00,1.567500000000000000e+02,9.222222222222226762e+00
3.544000000000000039e+00,1.572500000000000000e+02,8.666666666666669627e+00
3.544000000000000039e+00,1.577500000000000000e+02,7.444444444444447306e+00
3.544000000000000039e+00,1.582500000000000000e+02,7.777777777777781232e+00
3.544000000000000039e+00,1.587500000000000000e+02,7.444444444444447306e+00
3.544000000000000039e+00,1.592500000000000000e+02,6.777777777777781232e+00
3.544000000000000039e+00,1.597500000000000000e+02,6.444444444444447306e+00
3.544000000000000039e+00,1.602500000000000000e+02,7.777777777777781232e+00
3.544000000000000039e+00,1.607500000000000000e+02,7.666666666666670515e+00
3.544000000000000039e+00,1.612500000000000000e+02,8.000000000000003553e+00
3.544000000000000039e+00,1.617500000000000000e+02,8.222222222222226762e+00
3.544000000000000039e+00,1.622500000000000000e+02,8.666666666666671404e+00
3.544000000000000039e+00,1.627500000000000000e+02,9.222222222222226762e+00
3.544000000000000039e+00,1.632500000000000000e+02,7.555555555555560687e+00
3.544000000000000039e+00,1.637500000000000000e+02,7.444444444444449971e+00
3.544000000000000039e+00,1.642500000000000000e+02,6.888888888888893725e+00
3.544000000000000039e+00,1.647500000000000000e+02,7.555555555555560687e+00
3.544000000000000039e+00,1.652500000000000000e+02,7.555555555555560687e+00
3.544000000000000039e+00,1.657500000000000000e+02,6.777777777777783008e+00
3.544000000000000039e+00,1.662500000000000000e+02,5.555555555555560687e+00
3.544000000000000039e+00,1.667500000000000000e+02,4.555555555555560687e+00
3.544000000000000039e+00,1.672500000000000000e+02,5.000000000000004441e+00
3.544000000000000039e+00,1.677500000000000000e+02,5.222222222222226762e+00
3.544000000000000039e+00,1.682500000000000000e+02,5.111111111111115157e+00
3.544000000000000039e+00,1.687500000000000000e+02,4.888888888888893725e+00
3.544000000000000039e+00,1.692500000000000000e+02,5.000000000000004441e+00
3.544000000000000039e+00,1.697500000000000000e+02,5.111111111111115157e+00
3.544000000000000039e+00,1.702500000000000000e+02,5.444444444444449083e+00
3.544000000000000039e+00,1.707500000000000000e+02,5.888888888888892836e+00
3.544000000000000039e+00,1.712500000000000000e+02,5.777777777777782120e+00
3.544000000000000039e+00,1.717500000000000000e+02,4.444444444444449083e+00
3.544000000000000039e+00,1.722500000000000000e+02,3.222222222222226762e+00
3.544000000000000039e+00,1.727500000000000000e+02,3.111111111111115601e+00
3.544000000000000039e+00,1.732500000000000000e+02,3.888888888888893280e+00
3.544000000000000039e+00,1.737500000000000000e+02,4.000000000000004441e+00
3.544000000000000039e+00,1.742500000000000000e+02,3.111111111111116045e+00
3.544000000000000039e+00,1.747500000000000000e+02,2.000000000000004885e+00
3.544000000000000039e+00,1.752500000000000000e+02,2.000000000000004885e+00
3.544000000000000039e+00,1.757500000000000000e+02,2.222222222222227206e+00
3.544000000000000039e+00,1.762500000000000000e+02,1.888888888888893947e+00
3.544000000000000039e+00,1.767500000000000000e+02,1.666666666666672070e+00
3.544000000000000039e+00,1.772500000000000000e+02,1.555555555555560687e+00
3.544000000000000039e+00,1.777500000000000000e+02,1.888888888888893947e+00
3.544000000000000039e+00,1.782500000000000000e+02,1.222222222222227428e+00
3.544000000000000039e+00,1.787500000000000000e+02,8.888888888888940576e-01
3.544000000000000039e+00,1.792500000000000000e+02,3.333333333333384219e-01
3.544000000000000039e+00,1.797500000000000000e+02,3.333333333333384219e-01
3.559999999999999609e+00,1.302500000000000000e+02,1.333333333333333393e+01
3.559999999999999609e+00,1.307500000000000000e+02,1.422222222222222321e+01
3.559999999999999609e+00,1.312500000000000000e+02,1.355555555555555713e+01
3.559999999999999609e+00,1.317500000000000000e+02,1.455555555555555713e+01
3.559999999999999609e+00,1.322500000000000000e+02,1.233333333333333393e+01
3.559999999999999609e+00,1.327500000000000000e+02,1.311111111111111249e+01
3.559999999999999609e+00,1.332500000000000000e+02,1.322222222222222321e+01
3.559999999999999609e+00,1.337500000000000000e+02,1.377777777777777857e+01
3.559999999999999609e+00,1.342500000000000000e+02,1.233333333333333393e+01
3.559999999999999609e+00,1.347500000000000000e+02,1.111111111111110894e+01
3.559999999999999609e+00,1.352500000000000000e+02,1.100000000000000000e+01
3.559999999999999609e+00,1.357500000000000000e+02,1.055555555555555536e+01
3.559999999999999609e+00,1.362500000000000000e+02,9.777777777777776791e+00
3.559999999999999609e+00,1.367500000000000000e+02,8.777777777777776791e+00
3.559999999999999609e+00,1.372500000000000000e+02,9.222222222222221433e+00
3.559999999999999609e+00,1.377500000000000000e+02,9.444444444444442865e+00
3.559999999999999609e+00,1.382500000000000000e+02,1.033333333333333037e+01
3.559999999999999609e+00,1.387500000000000000e+02,1.022222222222221966e+01
3.559999999999999609e+00,1.392500000000000000e+02,8.444444444444441089e+00
3.559999999999999609e+00,1.397500000000000000e+02,7.333333333333331261e+00
3.559999999999999609e+00,1.402500000000000000e+02,6.999999999999997335e+00
3.559999999999999609e+00,1.407500000000000000e+02,7.777777777777775015e+00
3.559999999999999609e+00,1.412500000000000000e+02,8.111111111111108940e+00
3.559999999999999609e+00,1.417500000000000000e+02,7.555555555555552694e+00
3.559999999999999609e+00,1.422500000000000000e+02,7.666666666666663410e+00
3.559999999999999609e+00,1.427500000000000000e+02,8.111111111111107164e+00
3.559999999999999609e+00,1.432500000000000000e+02,8.888888888888885731e+00
3.559999999999999609e+00,1.437500000000000000e+02,1.011111111111110894e+01
3.559999999999999609e+00,1.442500000000000000e+02,9.666666666666664298e+00
3.559999999999999609e+00,1.447500000000000000e+02,8.444444444444441089e+00
3.559999999999999609e+00,1.452500000000000000e+02,7.444444444444441977e+00
3.559999999999999609e+00,1.457500000000000000e+02,6.777777777777775015e+00
3.559999999999999609e+00,1.462500000000000000e+02,7.333333333333331261e+00
3.559999999999999609e+00,1.467500000000000000e+02,6.999999999999997335e+00
3.559999999999999609e+00,1.472500000000000000e+02,7.444444444444441977e+00
3.559999999999999609e+00,1.477500000000000000e+02,7.222222222222218768e+00
3.559999999999999609e+00,1.482500000000000000e+02,6.777777777777775015e+00
3.559999999999999609e+00,1.487500000000000000e+02,8.111111111111108940e+00
3.559999999999999609e+00,1.492500000000000000e+02,7.999999999999997335e+00
3.559999999999999609e+00,1.497500000000000000e+02,7.444444444444441977e+00
3.559999999999999609e+00,1.502500000000000000e+02,5.333333333333331261e+00
3.559999999999999609e+00,1.507500000000000000e+02,5.555555555555553582e+00
3.559999999999999609e+00,1.512500000000000000e+02,6.777777777777775903e+00
3.559999999999999609e+00,1.517500000000000000e+02,7.888888888888886619e+00
3.559999999999999609e+00,1.522500000000000000e+02,7.777777777777775903e+00
3.559999999999999609e+00,1.527500000000000000e+02,8.333333333333332149e+00
3.559999999999999609e+00,1.532500000000000000e+02,7.444444444444442865e+00
3.559999999999999609e+00,1.537500000000000000e+02,8.333333333333332149e+00
3.559999999999999609e+00,1.542500000000000000e+02,7.777777777777775903e+00
3.559999999999999609e+00,1.547500000000000000e+02,8.111111111111108940e+00
3.559999999999999609e+00,1.552500000000000000e+02,7.222222222222220545e+00
3.559999999999999609e+00,1.557500000000000000e+02,7.333333333333331261e+00
3.559999999999999609e+00,1.562500000000000000e+02,8.333333333333330373e+00
3.559999999999999609e+00,1.567500000000000000e+02,7.999999999999997335e+00
3.559999999999999609e+00,1.572500000000000000e+02,7.777777777777775015e+00
3.559999999999999609e+00,1.577500000000000000e+02,7.222222222222218768e+00
3.559999999999999609e+00,1.582500000000000000e+02,7.888888888888885731e+00
3.559999999999999609e+00,1.587500000000000000e+02,6.888888888888885731e+00
3.559999999999999609e+00,1.592500000000000000e+02,6.777777777777775015e+00
3.559999999999999609e+00,1.597500000000000000e+02,6.666666666666664298e+00
3.559999999999999609e+00,1.602500000000000000e+02,7.999999999999997335e+00
3.559999999999999609e+00,1.607500000000000000e+02,7.333333333333331261e+00
3.559999999999999609e+00,1.612500000000000000e+02,7.333333333333331261e+00
3.559999999999999609e+00,1.617500000000000000e+02,7.444444444444441977e+00
3.559999999999999609e+00,1.622500000000000000e+02,7.555555555555552694e+00
3.559999999999999609e+00,1.627500000000000000e+02,6.999999999999997335e+00
3.559999999999999609e+00,1.632500000000000000e+02,5.777777777777775903e+00
3.559999999999999609e+00,1.637500000000000000e+02,6.333333333333332149e+00
3.559999999999999609e+00,1.642500000000000000e+02,6.777777777777775903e+00
3.559999999999999609e+00,1.647500000000000000e+02,6.666666666666665186e+00
3.559999999999999609e+00,1.652500000000000000e+02,5.777777777777775903e+00
3.559999999999999609e+00,1.657500000000000000e+02,4.999999999999999112e+00
3.559999999999999609e+00,1.662500000000000000e+02,4.555555555555554470e+00
3.559999999999999609e+00,1.667500000000000000e+02,4.333333333333332149e+00
3.559999999999999609e+00,1.672500000000000000e+02,4.555555555555554470e+00
3.559999999999999609e+00,1.677500000000000000e+02,4.666666666666665186e+00
3.559999999999999609e+00,1.682500000000000000e+02,4.555555555555554470e+00
3.559999999999999609e+00,1.687500000000000000e+02,4.444444444444443754e+00
3.559999999999999609e+00,1.692500000000000000e+02,4.777777777777777679e+00
3.559999999999999609e+00,1.697500000000000000e+02,4.666666666666666075e+00
3.559999999999999609e+00,1.702500000000000000e+02,4.888888888888888395e+00
3.559999999999999609e+00,1.707500000000000000e+02,4.999999999999999112e+00
3.559999999999999609e+00,1.712500000000000000e+02,4.444444444444443754e+00
3.559999999999999609e+00,1.717500000000000000e+02,3.333333333333332149e+00
3.559999999999999609e+00,1.722500000000000000e+02,2.555555555555554026e+00
3.559999999999999609e+00,1.727500000000000000e+02,2.999999999999998668e+00
3.559999999999999609e+00,1.732500000000000000e+02,3.333333333333332149e+00
3.559999999999999609e+00,1.737500000000000000e+02,3.444444444444443310e+00
3.559999999999999609e+00,1.742500000000000000e+02,2.555555555555554470e+00
3.559999999999999609e+00,1.747500000000000000e+02,1.999999999999998890e+00
3.559999999999999609e+00,1.752500000000000000e+02,1.555555555555554470e+00
3.559999999999999609e+00,1.757500000000000000e+02,1.555555555555554470e+00
3.559999999999999609e+00,1.762500000000000000e+02,1.222222222222221211e+00
3.559999999999999609e+00,1.767500000000000000e+02,9.999999999999987788e-01
3.559999999999999609e+00,1.772500000000000000e+02,1.111111111111110050e+00
3.559999999999999609e+00,1.777500000000000000e+02,1.555555555555554470e+00
3.559999999999999609e+00,1.782500000000000000e+02,1.333333333333332149e+00
3.559999999999999609e+00,1.787500000000000000e+02,8.888888888888876183e-01
3.559999999999999609e+00,1.792500000000000000e+02,2.222222222222209886e-01
3.559999999999999609e+00,1.797500000000000000e+02,1.111111111111098837e-01
3.575999999999999623e+00,1.302500000000000000e+02,1.411111111111110894e+01
3.575999999999999623e+00,1.307500000000000000e+02,1.422222222222222143e+01
3.575999999999999623e+00,1.312500000000000000e+02,1.422222222222222143e+01
3.575999999999999623e+00,1.317500000000000000e+02,1.466666666666666607e+01
3.575999999999999623e+00,1.322500000000000000e+02,1.366666666666666607e+01
3.575999999999999623e+00,1.327500000000000000e+02,1.411111111111111249e+01
3.575999999999999623e+00,1.332500000000000000e+02,1.300000000000000000e+01
3.575999999999999623e+00,1.337500000000000000e+02,1.411111111111111249e+01
3.575999999999999623e+00,1.342500000000000000e+02,1.200000000000000000e+01
3.575999999999999623e+00,1.347500000000000000e+02,1.177777777777777857e+01
3.575999999999999623e+00,1.352500000000000000e+02,1.100000000000000000e+01
3.575999999999999623e+00,1.357500000000000000e+02,1.133333333333333393e+01
3.575999999999999623e+00,1.362500000000000000e+02,1.033333333333333393e+01
3.575999999999999623e+00,1.367500000000000000e+02,9.666666666666666075e+00
3.575999999999999623e+00,1.372500000000000000e+02,9.555555555555555358e+00
3.575999999999999623e+00,1.377500000000000000e+02,9.111111111111112493e+00
3.575999999999999623e+00,1.382500000000000000e+02,9.666666666666666075e+00
3.575999999999999623e+00,1.387500000000000000e+02,8.777777777777776791e+00
3.575999999999999623e+00,1.392500000000000000e+02,7.777777777777777679e+00
3.575999999999999623e+00,1.397500000000000000e+02,6.555555555555554470e+00
3.575999999999999623e+00,1.402500000000000000e+02,7.222222222222221433e+00
3.575999999999999623e+00,1.407500000000000000e+02,7.555555555555554470e+00
3.575999999999999623e+00,1.412500000000000000e+02,7.777777777777775903e+00
3.575999999999999623e+00,1.417500000000000000e+02,7.555555555555554470e+00
3.575999999999999623e+00,1.422500000000000000e+02,8.111111111111110716e+00
3.575999999999999623e+00,1.427500000000000000e+02,8.222222222222221433e+00
3.575999999999999623e+00,1.432500000000000000e+02,8.555555555555555358e+00
3.575999999999999623e+00,1.437500000000000000e+02,8.999999999999998224e+00
3.575999999999999623e+00,1.442500000000000000e+02,8.111111111111108940e+00
3.575999999999999623e+00,1.447500000000000000e+02,6.666666666666665186e+00
3.575999999999999623e+00,1.452500000000000000e+02,6.333333333333332149e+00
3.575999999999999623e+00,1.457500000000000000e+02,6.444444444444442865e+00
3.575999999999999623e+00,1.462500000000000000e+02,7.777777777777775903e+00
3.575999999999999623e+00,1.467500000000000000e+02,7.999999999999997335e+00
3.575999999999999623e+00,1.472500000000000000e+02,8.777777777777775015e+00
3.575999999999999623e+00,1.477500000000000000e+02,8.333333333333330373e+00
3.575999999999999623e+00,1.482500000000000000e+02,7.111111111111109828e+00
3.575999999999999623e+00,1.487500000000000000e+02,6.999999999999997335e+00
3.575999999999999623e+00,1.492500000000000000e+02,6.777777777777775903e+00
3.575999999999999623e+00,1.497500000000000000e+02,6.888888888888886619e+00
3.575999999999999623e+00,1.502500000000000000e+02,5.888888888888886619e+00
3.575999999999999623e+00,1.507500000000000000e+02,5.666666666666664298e+00
3.575999999999999623e+00,1.512500000000000000e+02,5.222222222222220545e+00
3.575999999999999623e+00,1.517500000000000000e+02,6.444444444444442865e+00
3.575999999999999623e+00,1.522500000000000000e+02,6.777777777777775903e+00
3.575999999999999623e+00,1.527500000000000000e+02,8.222222222222221433e+00
3.575999999999999623e+00,1.532500000000000000e+02,7.444444444444442865e+00
3.575999999999999623e+00,1.537500000000000000e+02,7.555555555555553582e+00
3.575999999999999623e+00,1.542500000000000000e+02,7.222222222222220545e+00
3.575999999999999623e+00,1.547500000000000000e+02,6.777777777777775903e+00
3.575999999999999623e+00,1.552500000000000000e+02,6.333333333333332149e+00
3.575999999999999623e+00,1.557500000000000000e+02,6.777777777777775903e+00
3.575999999999999623e+00,1.562500000000000000e+02,8.333333333333332149e+00
3.575999999999999623e+00,1.567500000000000000e+02,8.222222222222221433e+00
3.575999999999999623e+00,1.572500000000000000e+02,7.777777777777777679e+00
3.575999999999999623e+00,1.577500000000000000e+02,7.000000000000000000e+00
3.575999999999999623e+00,1.582500000000000000e+02,7.888888888888889284e+00
3.575999999999999623e+00,1.587500000000000000e+02,6.444444444444445530e+00
3.575999999999999623e+00,1.592500000000000000e+02,6.333333333333334814e+00
3.575999999999999623e+00,1.597500000000000000e+02,6.111111111111111605e+00
3.575999999999999623e+00,1.602500000000000000e+02,7.222222222222222321e+00
3.575999999999999623e+00,1.607500000000000000e+02,6.777777777777778567e+00
3.575999999999999623e+00,1.612500000000000000e+02,6.222222222222222321e+00
3.575999999999999623e+00,1.617500000000000000e+02,6.444444444444445530e+00
3.575999999999999623e+00,1.622500000000000000e+02,5.777777777777778567e+00
3.575999999999999623e+00,1.627500000000000000e+02,5.111111111111111605e+00
3.575999999999999623e+00,1.632500000000000000e+02,4.444444444444445530e+00
3.575999999999999623e+00,1.637500000000000000e+02,4.777777777777778567e+00
3.575999999999999623e+00,1.642500000000000000e+02,5.888888888888889284e+00
3.575999999999999623e+00,1.647500000000000000e+02,5.777777777777778567e+00
3.575999999999999623e+00,1.652500000000000000e+02,6.000000000000000888e+00
3.575999999999999623e+00,1.657500000000000000e+02,5.111111111111112493e+00
3.575999999999999623e+00,1.662500000000000000e+02,5.000000000000000888e+00
3.575999999999999623e+00,1.667500000000000000e+02,5.222222222222224097e+00
3.575999999999999623e+00,1.672500000000000000e+02,4.777777777777779455e+00
3.575999999999999623e+00,1.677500000000000000e+02,4.333333333333334814e+00
3.575999999999999623e+00,1.682500000000000000e+02,3.222222222222223209e+00
3.575999999999999623e+00,1.687500000000000000e+02,3.777777777777778567e+00
3.575999999999999623e+00,1.692500000000000000e+02,4.555555555555556246e+00
3.575999999999999623e+00,1.697500000000000000e+02,4.444444444444444642e+00
3.575999999999999623e+00,1.702500000000000000e+02,4.888888888888889284e+00
3.575999999999999623e+00,1.707500000000000000e+02,4.666666666666666963e+00
3.575999999999999623e+00,1.712500000000000000e+02,4.888888888888889284e+00
3.575999999999999623e+00,1.717500000000000000e+02,4.000000000000000888e+00
3.575999999999999623e+00,1.722500000000000000e+02,3.333333333333333925e+00
3.575999999999999623e+00,1.727500000000000000e+02,2.888888888888889284e+00
3.575999999999999623e+00,1.732500000000000000e+02,2.444444444444445086e+00
3.575999999999999623e+00,1.737500000000000000e+02,2.444444444444445086e+00
3.575999999999999623e+00,1.742500000000000000e+02,2.000000000000000444e+00
3.575999999999999623e+00,1.747500000000000000e+02,1.888888888888889284e+00
3.575999999999999623e+00,1.752500000000000000e+02,1.555555555555556024e+00
3.575999999999999623e+00,1.757500000000000000e+02,1.777777777777778345e+00
3.575999999999999623e+00,1.762500000000000000e+02,1.333333333333333925e+00
3.575999999999999623e+00,1.767500000000000000e+02,1.111111111111111605e+00
3.575999999999999623e+00,1.772500000000000000e+02,7.777777777777782342e-01
3.575999999999999623e+00,1.777500000000000000e+02,1.111111111111111605e+00
3.575999999999999623e+00,1.782500000000000000e+02,8.888888888888892836e-01
3.575999999999999623e+00,1.787500000000000000e+02,7.777777777777781232e-01
3.575999999999999623e+00,1.792500000000000000e+02,2.222222222222225430e-01
3.575999999999999623e+00,1.797500000000000000e+02,1.111111111111114380e-01
3.591999999999999638e+00,1.302500000000000000e+02,1.666666666666666785e+01
3.591999999999999638e+00,1.307500000000000000e+02,1.588888888888888751e+01
3.591999999999999638e+00,1.312500000000000000e+02,1.600000000000000000e+01
3.591999999999999638e+00,1.317500000000000000e+02,1.444444444444444464e+01
3.591999999999999638e+00,1.322500000000000000e+02,1.311111111111111249e+01
3.591999999999999638e+00,1.327500000000000000e+02,1.222222222222222321e+01
3.591999999999999638e+00,1.332500000000000000e+02,1.122222222222222321e+01
3.591999999999999638e+00,1.337500000000000000e+02,1.277777777777777857e+01
3.591999999999999638e+00,1.342500000000000000e+02,1.188888888888889106e+01
3.591999999999999638e+00,1.347500000000000000e+02,1.233333333333333570e+01
3.591999999999999638e+00,1.352500000000000000e+02,1.166666666666666963e+01
3.591999999999999638e+00,1.357500000000000000e+02,1.133333333333333570e+01
3.591999999999999638e+00,1.362500000000000000e+02,1.033333333333333570e+01
3.591999999999999638e+00,1.367500000000000000e+02,9.666666666666669627e+00
3.591999999999999638e+00,1.372500000000000000e+02,1.000000000000000178e+01
3.591999999999999638e+00,1.377500000000000000e+02,9.222222222222224985e+00
3.591999999999999638e+00,1.382500000000000000e+02,8.888888888888891060e+00
3.591999999999999638e+00,1.387500000000000000e+02,7.555555555555558023e+00
3.591999999999999638e+00,1.392500000000000000e+02,6.555555555555558023e+00
3.591999999999999638e+00,1.397500000000000000e+02,6.666666666666668739e+00
3.591999999999999638e+00,1.402500000000000000e+02,7.555555555555558023e+00
3.591999999999999638e+00,1.407500000000000000e+02,7.777777777777781232e+00
3.591999999999999638e+00,1.412500000000000000e+02,7.777777777777781232e+00
3.591999999999999638e+00,1.417500000000000000e+02,7.000000000000003553e+00
3.591999999999999638e+00,1.422500000000000000e+02,8.555555555555558911e+00
3.591999999999999638e+00,1.427500000000000000e+02,8.333333333333337478e+00
3.591999999999999638e+00,1.432500000000000000e+02,8.444444444444448195e+00
3.591999999999999638e+00,1.437500000000000000e+02,7.666666666666671404e+00
3.591999999999999638e+00,1.442500000000000000e+02,7.333333333333338366e+00
3.591999999999999638e+00,1.447500000000000000e+02,6.777777777777782120e+00
3.591999999999999638e+00,1.452500000000000000e+02,5.666666666666671404e+00
3.591999999999999638e+00,1.457500000000000000e+02,5.777777777777783008e+00
3.591999999999999638e+00,1.462500000000000000e+02,7.222222222222227650e+00
3.591999999999999638e+00,1.467500000000000000e+02,8.777777777777783896e+00
3.591999999999999638e+00,1.472500000000000000e+02,9.333333333333339255e+00
3.591999999999999638e+00,1.477500000000000000e+02,9.000000000000005329e+00
3.591999999999999638e+00,1.482500000000000000e+02,8.000000000000005329e+00
3.591999999999999638e+00,1.487500000000000000e+02,8.555555555555562464e+00
3.591999999999999638e+00,1.492500000000000000e+02,8.111111111111117822e+00
3.591999999999999638e+00,1.497500000000000000e+02,8.333333333333341031e+00
3.591999999999999638e+00,1.502500000000000000e+02,6.555555555555563352e+00
3.591999999999999638e+00,1.507500000000000000e+02,6.222222222222229426e+00
3.591999999999999638e+00,1.512500000000000000e+02,5.333333333333340143e+00
3.591999999999999638e+00,1.517500000000000000e+02,6.222222222222229426e+00
3.591999999999999638e+00,1.522500000000000000e+02,6.777777777777785673e+00
3.591999999999999638e+00,1.527500000000000000e+02,8.111111111111119598e+00
3.591999999999999638e+00,1.532500000000000000e+02,7.666666666666674068e+00
3.591999999999999638e+00,1.537500000000000000e+02,7.111111111111117822e+00
3.591999999999999638e+00,1.542500000000000000e+02,6.666666666666674068e+00
3.591999999999999638e+00,1.547500000000000000e+02,6.333333333333340143e+00
3.591999999999999638e+00,1.552500000000000000e+02,6.333333333333340143e+00
3.591999999999999638e+00,1.557500000000000000e+02,6.444444444444450859e+00
3.591999999999999638e+00,1.562500000000000000e+02,7.111111111111117822e+00
3.591999999999999638e+00,1.567500000000000000e+02,7.222222222222228538e+00
3.591999999999999638e+00,1.572500000000000000e+02,7.111111111111117822e+00
3.591999999999999638e+00,1.577500000000000000e+02,7.111111111111117822e+00
3.591999999999999638e+00,1.582500000000000000e+02,7.333333333333340143e+00
3.591999999999999638e+00,1.587500000000000000e+02,6.666666666666674068e+00
3.591999999999999638e+00,1.592500000000000000e+02,6.555555555555563352e+00
3.591999999999999638e+00,1.597500000000000000e+02,6.666666666666674068e+00
3.591999999999999638e+00,1.602500000000000000e+02,7.444444444444450859e+00
3.591999999999999638e+00,1.607500000000000000e+02,7.333333333333340143e+00
3.591999999999999638e+00,1.612500000000000000e+02,6.777777777777784785e+00
3.591999999999999638e+00,1.617500000000000000e+02,6.111111111111117822e+00
3.591999999999999638e+00,1.622500000000000000e+02,5.444444444444450859e+00
3.591999999999999638e+00,1.627500000000000000e+02,4.444444444444450859e+00
3.591999999999999638e+00,1.632500000000000000e+02,4.555555555555561575e+00
3.591999999999999638e+00,1.637500000000000000e+02,4.777777777777784785e+00
3.591999999999999638e+00,1.642500000000000000e+02,5.555555555555561575e+00
3.591999999999999638e+00,1.647500000000000000e+02,5.222222222222228538e+00
3.591999999999999638e+00,1.652500000000000000e+02,5.000000000000006217e+00
3.591999999999999638e+00,1.657500000000000000e+02,4.666666666666672292e+00
3.591999999999999638e+00,1.662500000000000000e+02,4.777777777777783896e+00
3.591999999999999638e+00,1.667500000000000000e+02,5.222222222222228538e+00
3.591999999999999638e+00,1.672500000000000000e+02,4.777777777777784785e+00
3.591999999999999638e+00,1.677500000000000000e+02,4.444444444444450859e+00
3.591999999999999638e+00,1.682500000000000000e+02,3.222222222222228538e+00
3.591999999999999638e+00,1.687500000000000000e+02,3.777777777777784340e+00
3.591999999999999638e+00,1.692500000000000000e+02,4.555555555555562464e+00
3.591999999999999638e+00,1.697500000000000000e+02,4.666666666666674068e+00
3.591999999999999638e+00,1.702500000000000000e+02,5.111111111111117822e+00
3.591999999999999638e+00,1.707500000000000000e+02,4.777777777777784785e+00
3.591999999999999638e+00,1.712500000000000000e+02,4.666666666666673180e+00
3.591999999999999638e+00,1.717500000000000000e+02,4.111111111111117822e+00
3.591999999999999638e+00,1.722500000000000000e+02,3.000000000000007105e+00
3.591999999999999638e+00,1.727500000000000000e+02,2.888888888888895945e+00
3.591999999999999638e+00,1.732500000000000000e+02,2.000000000000007105e+00
3.591999999999999638e+00,1.737500000000000000e+02,2.111111111111118266e+00
3.591999999999999638e+00,1.742500000000000000e+02,1.555555555555562464e+00
3.591999999999999638e+00,1.747500000000000000e+02,1.333333333333340143e+00
3.591999999999999638e+00,1.752500000000000000e+02,1.111111111111117822e+00
3.591999999999999638e+00,1.757500000000000000e+02,1.444444444444451081e+00
3.591999999999999638e+00,1.762500000000000000e+02,1.444444444444451081e+00
3.591999999999999638e+00,1.767500000000000000e+02,1.222222222222228982e+00
3.591999999999999638e+00,1.772500000000000000e+02,7.777777777777844515e-01
3.591999999999999638e+00,1.777500000000000000e+02,6.666666666666732910e-01
3.591999999999999638e+00,1.782500000000000000e+02,5.555555555555622416e-01
3.591999999999999638e+00,1.787500000000000000e+02,5.555555555555622416e-01
3.591999999999999638e+00,1.792500000000000000e+02,3.333333333333399762e-01
3.591999999999999638e+00,1.797500000000000000e+02,2.222222222222288990e-01
3.607999999999999652e+00,1.302500000000000000e+02,1.933333333333333215e+01
3.607999999999999652e+00,1.307500000000000000e+02,1.666666666666666785e+01
3.607999999999999652e+00,1.312500000000000000e+02,1.566666666666666607e+01
3.607999999999999652e+00,1.317500000000000000e+02,1.466666666666666607e+01
3.607999999999999652e+00,1.322500000000000000e+02,1.522222222222222143e+01
3.607999999999999652e+00,1.327500000000000000e+02,1.377777777777777679e+01
3.607999999999999652e+00,1.332500000000000000e+02,1.133333333333333037e+01
3.607999999999999652e+00,1.337500000000000000e+02,1.099999999999999822e+01
3.607999999999999652e+00,1.342500000000000000e+02,1.188888888888888573e+01
3.607999999999999652e+00,1.347500000000000000e+02,1.299999999999999822e+01
3.607999999999999652e+00,1.352500000000000000e+02,1.322222222222221966e+01
3.607999999999999652e+00,1.357500000000000000e+02,1.222222222222221966e+01
3.607999999999999652e+00,1.362500000000000000e+02,1.188888888888888573e+01
3.607999999999999652e+00,1.367500000000000000e+02,1.099999999999999467e+01
3.607999999999999652e+00,1.372500000000000000e+02,1.011111111111110539e+01
3.607999999999999652e+00,1.377500000000000000e+02,8.222222222222216104e+00
3.607999999999999652e+00,1.382500000000000000e+02,8.111111111111105387e+00
3.607999999999999652e+00,1.387500000000000000e+02,8.222222222222216104e+00
3.607999999999999652e+00,1.392500000000000000e+02,7.666666666666661634e+00
3.607999999999999652e+00,1.397500000000000000e+02,8.444444444444439313e+00
3.607999999999999652e+00,1.402500000000000000e+02,8.888888888888883955e+00
3.607999999999999652e+00,1.407500000000000000e+02,9.333333333333326820e+00
3.607999999999999652e+00,1.412500000000000000e+02,8.111111111111105387e+00
3.607999999999999652e+00,1.417500000000000000e+02,7.333333333333325932e+00
3.607999999999999652e+00,1.422500000000000000e+02,8.555555555555548253e+00
3.607999999999999652e+00,1.427500000000000000e+02,8.777777777777769685e+00
3.607999999999999652e+00,1.432500000000000000e+02,8.999999999999991118e+00
3.607999999999999652e+00,1.437500000000000000e+02,8.555555555555546476e+00
3.607999999999999652e+00,1.442500000000000000e+02,7.999999999999990230e+00
3.607999999999999652e+00,1.447500000000000000e+02,7.333333333333324155e+00
3.607999999999999652e+00,1.452500000000000000e+02,5.888888888888878625e+00
3.607999999999999652e+00,1.457500000000000000e+02,5.555555555555545588e+00
3.607999999999999652e+00,1.462500000000000000e+02,5.777777777777767021e+00
3.607999999999999652e+00,1.467500000000000000e+02,7.222222222222211663e+00
3.607999999999999652e+00,1.472500000000000000e+02,8.333333333333323267e+00
3.607999999999999652e+00,1.477500000000000000e+02,8.111111111111101835e+00
3.607999999999999652e+00,1.482500000000000000e+02,7.555555555555546476e+00
3.607999999999999652e+00,1.487500000000000000e+02,6.999999999999990230e+00
3.607999999999999652e+00,1.492500000000000000e+02,6.666666666666657193e+00
3.607999999999999652e+00,1.497500000000000000e+02,6.333333333333324155e+00
3.607999999999999652e+00,1.502500000000000000e+02,5.999999999999990230e+00
3.607999999999999652e+00,1.507500000000000000e+02,6.555555555555545588e+00
3.607999999999999652e+00,1.512500000000000000e+02,6.111111111111100058e+00
3.607999999999999652e+00,1.517500000000000000e+02,6.111111111111100058e+00
3.607999999999999652e+00,1.522500000000000000e+02,6.666666666666656305e+00
3.607999999999999652e+00,1.527500000000000000e+02,7.666666666666656305e+00
3.607999999999999652e+00,1.532500000000000000e+02,7.222222222222211663e+00
3.607999999999999652e+00,1.537500000000000000e+02,5.888888888888878625e+00
3.607999999999999652e+00,1.542500000000000000e+02,6.222222222222211663e+00
3.607999999999999652e+00,1.547500000000000000e+02,7.222222222222211663e+00
3.607999999999999652e+00,1.552500000000000000e+02,7.555555555555545588e+00
3.607999999999999652e+00,1.557500000000000000e+02,6.777777777777767021e+00
3.607999999999999652e+00,1.562500000000000000e+02,6.666666666666654528e+00
3.607999999999999652e+00,1.567500000000000000e+02,7.111111111111099170e+00
3.607999999999999652e+00,1.572500000000000000e+02,6.888888888888875961e+00
3.607999999999999652e+00,1.577500000000000000e+02,6.888888888888875961e+00
3.607999999999999652e+00,1.582500000000000000e+02,6.444444444444432207e+00
3.607999999999999652e+00,1.587500000000000000e+02,6.777777777777765245e+00
3.607999999999999652e+00,1.592500000000000000e+02,6.666666666666654528e+00
3.607999999999999652e+00,1.597500000000000000e+02,6.555555555555543812e+00
3.607999999999999652e+00,1.602500000000000000e+02,6.333333333333321491e+00
3.607999999999999652e+00,1.607500000000000000e+02,6.111111111111099170e+00
3.607999999999999652e+00,1.612500000000000000e+02,5.888888888888875961e+00
3.607999999999999652e+00,1.617500000000000000e+02,5.888888888888875961e+00
3.607999999999999652e+00,1.622500000000000000e+02,5.444444444444432207e+00
3.607999999999999652e+00,1.627500000000000000e+02,5.444444444444432207e+00
3.607999999999999652e+00,1.632500000000000000e+02,5.777777777777765245e+00
3.607999999999999652e+00,1.637500000000000000e+02,5.444444444444432207e+00
3.607999999999999652e+00,1.642500000000000000e+02,5.444444444444432207e+00
3.607999999999999652e+00,1.647500000000000000e+02,4.555555555555542924e+00
3.607999999999999652e+00,1.652500000000000000e+02,4.999999999999986677e+00
3.607999999999999652e+00,1.657500000000000000e+02,4.888888888888875961e+00
3.607999999999999652e+00,1.662500000000000000e+02,5.444444444444432207e+00
3.607999999999999652e+00,1.667500000000000000e+02,5.666666666666654528e+00
3.607999999999999652e+00,1.672500000000000000e+02,5.333333333333321491e+00
3.607999999999999652e+00,1.677500000000000000e+02,4.555555555555543812e+00
3.607999999999999652e+00,1.682500000000000000e+02,3.222222222222210331e+00
3.607999999999999652e+00,1.687500000000000000e+02,3.777777777777765689e+00
3.607999999999999652e+00,1.692500000000000000e+02,4.666666666666654528e+00
3.607999999999999652e+00,1.697500000000000000e+02,4.888888888888875961e+00
3.607999999999999652e+00,1.702500000000000000e+02,4.777777777777765245e+00
3.607999999999999652e+00,1.707500000000000000e+02,4.333333333333321491e+00
3.607999999999999652e+00,1.712500000000000000e+02,4.444444444444432207e+00
3.607999999999999652e+00,1.717500000000000000e+02,4.111111111111099170e+00
3.607999999999999652e+00,1.722500000000000000e+02,2.999999999999987566e+00
3.607999999999999652e+00,1.727500000000000000e+02,2.888888888888876405e+00
3.607999999999999652e+00,1.732500000000000000e+02,2.666666666666654084e+00
3.607999999999999652e+00,1.737500000000000000e+02,2.666666666666654084e+00
3.607999999999999652e+00,1.742500000000000000e+02,1.999999999999987566e+00
3.607999999999999652e+00,1.747500000000000000e+02,1.333333333333320825e+00
3.607999999999999652e+00,1.752500000000000000e+02,1.444444444444432207e+00
3.607999999999999652e+00,1.757500000000000000e+02,1.777777777777765467e+00
3.607999999999999652e+00,1.762500000000000000e+02,1.999999999999987788e+00
3.607999999999999652e+00,1.767500000000000000e+02,1.777777777777765467e+00
3.607999999999999652e+00,1.772500000000000000e+02,9.999999999999876765e-01
3.607999999999999652e+00,1.777500000000000000e+02,4.444444444444321518e-01
3.607999999999999652e+00,1.782500000000000000e+02,2.222222222222098864e-01
3.607999999999999652e+00,1.787500000000000000e+02,4.444444444444320408e-01
3.607999999999999652e+00,1.792500000000000000e+02,3.333333333333209914e-01
3.607999999999999652e+00,1.797500000000000000e+02,2.222222222222098864e-01
3.623999999999999666e+00,1.302500000000000000e+02,2.166666666666666785e+01
3.623999999999999666e+00,1.307500000000000000e+02,1.888888888888888928e+01
3.623999999999999666e+00,1.312500000000000000e+02,1.700000000000000000e+01
3.623999999999999666e+00,1.317500000000000000e+02,1.566666666666666607e+01
3.623999999999999666e+00,1.322500000000000000e+02,1.555555555555555536e+01
3.623999999999999666e+00,1.327500000000000000e+02,1.355555555555555536e+01
3.623999999999999666e+00,1.332500000000000000e+02,1.200000000000000000e+01
3.623999999999999666e+00,1.337500000000000000e+02,1.111111111111111249e+01
3.623999999999999666e+00,1.342500000000000000e+02,1.311111111111111249e+01
3.623999999999999666e+00,1.347500000000000000e+02,1.344444444444444464e+01
3.623999999999999666e+00,1.352500000000000000e+02,1.344444444444444464e+01
3.623999999999999666e+00,1.357500000000000000e+02,1.200000000000000000e+01
3.623999999999999666e+00,1.362500000000000000e+02,1.111111111111111249e+01
3.623999999999999666e+00,1.367500000000000000e+02,1.033333333333333393e+01
3.623999999999999666e+00,1.372500000000000000e+02,9.666666666666666075e+00
3.623999999999999666e+00,1.377500000000000000e+02,8.222222222222221433e+00
3.623999999999999666e+00,1.382500000000000000e+02,9.333333333333333925e+00
3.623999999999999666e+00,1.387500000000000000e+02,9.777777777777778567e+00
3.623999999999999666e+00,1.392500000000000000e+02,9.111111111111112493e+00
3.623999999999999666e+00,1.397500000000000000e+02,9.000000000000000000e+00
3.623999999999999666e+00,1.402500000000000000e+02,8.666666666666666075e+00
3.623999999999999666e+00,1.407500000000000000e+02,9.444444444444444642e+00
3.623999999999999666e+00,1.412500000000000000e+02,8.444444444444444642e+00
3.623999999999999666e+00,1.417500000000000000e+02,8.111111111111110716e+00
3.623999999999999666e+00,1.422500000000000000e+02,8.777777777777776791e+00
3.623999999999999666e+00,1.427500000000000000e+02,9.444444444444444642e+00
3.623999999999999666e+00,1.432500000000000000e+02,9.333333333333333925e+00
3.623999999999999666e+00,1.437500000000000000e+02,8.555555555555555358e+00
3.623999999999999666e+00,1.442500000000000000e+02,8.000000000000000000e+00
3.623999999999999666e+00,1.447500000000000000e+02,8.111111111111112493e+00
3.623999999999999666e+00,1.452500000000000000e+02,7.555555555555556246e+00
3.623999999999999666e+00,1.457500000000000000e+02,6.777777777777778567e+00
3.623999999999999666e+00,1.462500000000000000e+02,5.888888888888889284e+00
3.623999999999999666e+00,1.467500000000000000e+02,6.333333333333333037e+00
3.623999999999999666e+00,1.472500000000000000e+02,6.888888888888889284e+00
3.623999999999999666e+00,1.477500000000000000e+02,7.000000000000000000e+00
3.623999999999999666e+00,1.482500000000000000e+02,6.555555555555554470e+00
3.623999999999999666e+00,1.487500000000000000e+02,6.888888888888888395e+00
3.623999999999999666e+00,1.492500000000000000e+02,6.888888888888888395e+00
3.623999999999999666e+00,1.497500000000000000e+02,6.777777777777777679e+00
3.623999999999999666e+00,1.502500000000000000e+02,5.777777777777777679e+00
3.623999999999999666e+00,1.507500000000000000e+02,5.777777777777777679e+00
3.623999999999999666e+00,1.512500000000000000e+02,6.000000000000000000e+00
3.623999999999999666e+00,1.517500000000000000e+02,5.555555555555554470e+00
3.623999999999999666e+00,1.522500000000000000e+02,6.111111111111110716e+00
3.623999999999999666e+00,1.527500000000000000e+02,6.444444444444443754e+00
3.623999999999999666e+00,1.532500000000000000e+02,6.333333333333333037e+00
3.623999999999999666e+00,1.537500000000000000e+02,5.444444444444443754e+00
3.623999999999999666e+00,1.542500000000000000e+02,6.333333333333333037e+00
3.623999999999999666e+00,1.547500000000000000e+02,7.888888888888888395e+00
3.623999999999999666e+00,1.552500000000000000e+02,8.666666666666666075e+00
3.623999999999999666e+00,1.557500000000000000e+02,6.777777777777775903e+00
3.623999999999999666e+00,1.562500000000000000e+02,6.444444444444442865e+00
3.623999999999999666e+00,1.567500000000000000e+02,6.333333333333332149e+00
3.623999999999999666e+00,1.572500000000000000e+02,6.555555555555554470e+00
3.623999999999999666e+00,1.577500000000000000e+02,6.555555555555554470e+00
3.623999999999999666e+00,1.582500000000000000e+02,5.444444444444442865e+00
3.623999999999999666e+00,1.587500000000000000e+02,6.111111111111109828e+00
3.623999999999999666e+00,1.592500000000000000e+02,5.666666666666664298e+00
3.623999999999999666e+00,1.597500000000000000e+02,6.333333333333331261e+00
3.623999999999999666e+00,1.602500000000000000e+02,6.222222222222220545e+00
3.623999999999999666e+00,1.607500000000000000e+02,6.555555555555553582e+00
3.623999999999999666e+00,1.612500000000000000e+02,5.888888888888886619e+00
3.623999999999999666e+00,1.617500000000000000e+02,5.999999999999997335e+00
3.623999999999999666e+00,1.622500000000000000e+02,5.333333333333331261e+00
3.623999999999999666e+00,1.627500000000000000e+02,5.999999999999997335e+00
3.623999999999999666e+00,1.632500000000000000e+02,6.111111111111109828e+00
3.623999999999999666e+00,1.637500000000000000e+02,6.111111111111109828e+00
3.623999999999999666e+00,1.642500000000000000e+02,5.555555555555554470e+00
3.623999999999999666e+00,1.647500000000000000e+02,4.777777777777776791e+00
3.623999999999999666e+00,1.652500000000000000e+02,4.444444444444443754e+00
3.623999999999999666e+00,1.657500000000000000e+02,5.111111111111109828e+00
3.623999999999999666e+00,1.662500000000000000e+02,5.444444444444442865e+00
3.623999999999999666e+00,1.667500000000000000e+02,5.777777777777775903e+00
3.623999999999999666e+00,1.672500000000000000e+02,4.777777777777775903e+00
3.623999999999999666e+00,1.677500000000000000e+02,4.222222222222220545e+00
3.623999999999999666e+00,1.682500000000000000e+02,3.666666666666665630e+00
3.623999999999999666e+00,1.687500000000000000e+02,4.222222222222220545e+00
3.623999999999999666e+00,1.692500000000000000e+02,4.999999999999999112e+00
3.623999999999999666e+00,1.697500000000000000e+02,4.777777777777776791e+00
3.623999999999999666e+00,1.702500000000000000e+02,4.444444444444443754e+00
3.623999999999999666e+00,1.707500000000000000e+02,3.666666666666665630e+00
3.623999999999999666e+00,1.712500000000000000e+02,3.666666666666665630e+00
3.623999999999999666e+00,1.717500000000000000e+02,3.555555555555554914e+00
3.623999999999999666e+00,1.722500000000000000e+02,2.999999999999999556e+00
3.623999999999999666e+00,1.727500000000000000e+02,3.222222222222221433e+00
3.623999999999999666e+00,1.732500000000000000e+02,3.222222222222221433e+00
3.623999999999999666e+00,1.737500000000000000e+02,2.888888888888887951e+00
3.623999999999999666e+00,1.742500000000000000e+02,2.111111111111110272e+00
3.623999999999999666e+00,1.747500000000000000e+02,1.222222222222221433e+00
3.623999999999999666e+00,1.752500000000000000e+02,1.666666666666666075e+00
3.623999999999999666e+00,1.757500000000000000e+02,1.888888888888888395e+00
3.623999999999999666e+00,1.762500000000000000e+02,1.888888888888888395e+00
3.623999999999999666e+00,1.767500000000000000e+02,1.444444444444443976e+00
3.623999999999999666e+00,1.772500000000000000e+02,7.777777777777773460e-01
3.623999999999999666e+00,1.777500000000000000e+02,3.333333333333329818e-01
3.623999999999999666e+00,1.782500000000000000e+02,1.111111111111107164e-01
3.623999999999999666e+00,1.787500000000000000e+02,3.333333333333329263e-01
3.623999999999999666e+00,1.792500000000000000e+02,3.333333333333329263e-01
3.623999999999999666e+00,1.797500000000000000e+02,2.222222222222217936e-01
3.639999999999999680e+00,1.302500000000000000e+02,2.500000000000000000e+01
3.639999999999999680e+00,1.307500000000000000e+02,2.211111111111111072e+01
3.639999999999999680e+00,1.312500000000000000e+02,1.844444444444444287e+01
3.639999999999999680e+00,1.317500000000000000e+02,1.688888888888888573e+01
3.639999999999999680e+00,1.322500000000000000e+02,1.699999999999999645e+01
3.639999999999999680e+00,1.327500000000000000e+02,1.599999999999999467e+01
3.639999999999999680e+00,1.332500000000000000e+02,1.388888888888888395e+01
3.639999999999999680e+00,1.337500000000000000e+02,1.344444444444443754e+01
3.639999999999999680e+00,1.342500000000000000e+02,1.433333333333332860e+01
3.639999999999999680e+00,1.347500000000000000e+02,1.488888888888888573e+01
3.639999999999999680e+00,1.352500000000000000e+02,1.266666666666666430e+01
3.639999999999999680e+00,1.357500000000000000e+02,1.244444444444444287e+01
3.639999999999999680e+00,1.362500000000000000e+02,1.155555555555555181e+01
3.639999999999999680e+00,1.367500000000000000e+02,1.077777777777777324e+01
3.639999999999999680e+00,1.372500000000000000e+02,8.666666666666662522e+00
3.639999999999999680e+00,1.377500000000000000e+02,7.111111111111107164e+00
3.639999999999999680e+00,1.382500000000000000e+02,8.666666666666662522e+00
3.639999999999999680e+00,1.387500000000000000e+02,9.999999999999994671e+00
3.639999999999999680e+00,1.392500000000000000e+02,9.777777777777773238e+00
3.639999999999999680e+00,1.397500000000000000e+02,8.777777777777773238e+00
3.639999999999999680e+00,1.402500000000000000e+02,8.666666666666662522e+00
3.639999999999999680e+00,1.407500000000000000e+02,9.777777777777773238e+00
3.639999999999999680e+00,1.412500000000000000e+02,9.333333333333328596e+00
3.639999999999999680e+00,1.417500000000000000e+02,8.777777777777773238e+00
3.639999999999999680e+00,1.422500000000000000e+02,8.444444444444441089e+00
3.639999999999999680e+00,1.427500000000000000e+02,8.666666666666662522e+00
3.639999999999999680e+00,1.432500000000000000e+02,8.444444444444441089e+00
3.639999999999999680e+00,1.437500000000000000e+02,7.777777777777774126e+00
3.639999999999999680e+00,1.442500000000000000e+02,7.555555555555550917e+00
3.639999999999999680e+00,1.447500000000000000e+02,7.777777777777774126e+00
3.639999999999999680e+00,1.452500000000000000e+02,7.444444444444440201e+00
3.639999999999999680e+00,1.457500000000000000e+02,6.777777777777774126e+00
3.639999999999999680e+00,1.462500000000000000e+02,5.999999999999995559e+00
3.639999999999999680e+00,1.467500000000000000e+02,5.888888888888883066e+00
3.639999999999999680e+00,1.472500000000000000e+02,6.333333333333328596e+00
3.639999999999999680e+00,1.477500000000000000e+02,5.666666666666661634e+00
3.639999999999999680e+00,1.482500000000000000e+02,6.111111111111107164e+00
3.639999999999999680e+00,1.487500000000000000e+02,5.999999999999995559e+00
3.639999999999999680e+00,1.492500000000000000e+02,6.444444444444439313e+00
3.639999999999999680e+00,1.497500000000000000e+02,5.888888888888883066e+00
3.639999999999999680e+00,1.502500000000000000e+02,5.555555555555550029e+00
3.639999999999999680e+00,1.507500000000000000e+02,5.777777777777772350e+00
3.639999999999999680e+00,1.512500000000000000e+02,6.111111111111106275e+00
3.639999999999999680e+00,1.517500000000000000e+02,5.555555555555550029e+00
3.639999999999999680e+00,1.522500000000000000e+02,4.999999999999993783e+00
3.639999999999999680e+00,1.527500000000000000e+02,4.777777777777771462e+00
3.639999999999999680e+00,1.532500000000000000e+02,5.333333333333326820e+00
3.639999999999999680e+00,1.537500000000000000e+02,5.222222222222215215e+00
3.639999999999999680e+00,1.542500000000000000e+02,5.666666666666659857e+00
3.639999999999999680e+00,1.547500000000000000e+02,6.111111111111104499e+00
3.639999999999999680e+00,1.552500000000000000e+02,7.111111111111104499e+00
3.639999999999999680e+00,1.557500000000000000e+02,6.444444444444438425e+00
3.639999999999999680e+00,1.562500000000000000e+02,6.555555555555549141e+00
3.639999999999999680e+00,1.567500000000000000e+02,6.555555555555549141e+00
3.639999999999999680e+00,1.572500000000000000e+02,6.777777777777771462e+00
3.639999999999999680e+00,1.577500000000000000e+02,6.999999999999993783e+00
3.639999999999999680e+00,1.582500000000000000e+02,5.777777777777771462e+00
3.639999999999999680e+00,1.587500000000000000e+02,5.999999999999993783e+00
3.639999999999999680e+00,1.592500000000000000e+02,5.444444444444438425e+00
3.639999999999999680e+00,1.597500000000000000e+02,5.666666666666660745e+00
3.639999999999999680e+00,1.602500000000000000e+02,5.888888888888883066e+00
3.639999999999999680e+00,1.607500000000000000e+02,5.888888888888883066e+00
3.639999999999999680e+00,1.612500000000000000e+02,5.666666666666660745e+00
3.639999999999999680e+00,1.617500000000000000e+02,5.555555555555550029e+00
3.639999999999999680e+00,1.622500000000000000e+02,4.999999999999993783e+00
3.639999999999999680e+00,1.627500000000000000e+02,5.666666666666660745e+00
3.639999999999999680e+00,1.632500000000000000e+02,5.444444444444438425e+00
3.639999999999999680e+00,1.637500000000000000e+02,5.444444444444438425e+00
3.639999999999999680e+00,1.642500000000000000e+02,4.555555555555549141e+00
3.639999999999999680e+00,1.647500000000000000e+02,4.111111111111104499e+00
3.639999999999999680e+00,1.652500000000000000e+02,3.999999999999994227e+00
3.639999999999999680e+00,1.657500000000000000e+02,5.333333333333327708e+00
3.639999999999999680e+00,1.662500000000000000e+02,5.444444444444438425e+00
3.639999999999999680e+00,1.667500000000000000e+02,5.888888888888882178e+00
3.639999999999999680e+00,1.672500000000000000e+02,4.444444444444437536e+00
3.639999999999999680e+00,1.677500000000000000e+02,3.555555555555548697e+00
3.639999999999999680e+00,1.682500000000000000e+02,3.111111111111104943e+00
3.639999999999999680e+00,1.687500000000000000e+02,3.444444444444437980e+00
3.639999999999999680e+00,1.692500000000000000e+02,4.111111111111104499e+00
3.639999999999999680e+00,1.697500000000000000e+02,3.666666666666660301e+00
3.639999999999999680e+00,1.702500000000000000e+02,3.666666666666660301e+00
3.639999999999999680e+00,1.707500000000000000e+02,2.999999999999993339e+00
3.639999999999999680e+00,1.712500000000000000e+02,3.222222222222215660e+00
3.639999999999999680e+00,1.717500000000000000e+02,2.888888888888882178e+00
3.639999999999999680e+00,1.722500000000000000e+02,3.111111111111104055e+00
3.639999999999999680e+00,1.727500000000000000e+02,2.777777777777771018e+00
3.639999999999999680e+00,1.732500000000000000e+02,3.111111111111104055e+00
3.639999999999999680e+00,1.737500000000000000e+02,2.444444444444437536e+00
3.639999999999999680e+00,1.742500000000000000e+02,1.999999999999992895e+00
3.639999999999999680e+00,1.747500000000000000e+02,8.888888888888818451e-01
3.639999999999999680e+00,1.752500000000000000e+02,1.333333333333326376e+00
3.639999999999999680e+00,1.757500000000000000e+02,1.444444444444437536e+00
3.639999999999999680e+00,1.762500000000000000e+02,1.555555555555548475e+00
3.639999999999999680e+00,1.767500000000000000e+02,1.333333333333326154e+00
3.639999999999999680e+00,1.772500000000000000e+02,1.111111111111104055e+00
3.639999999999999680e+00,1.777500000000000000e+02,6.666666666666596353e-01
3.639999999999999680e+00,1.782500000000000000e+02,3.333333333333263204e-01
3.639999999999999680e+00,1.787500000000000000e+02,1.111111111111040967e-01
3.639999999999999680e+00,1.792500000000000000e+02,1.111111111111040967e-01
3.639999999999999680e+00,1.797500000000000000e+02,-7.012908772215571884e-15
3.655999999999999694e+00,1.302500000000000000e+02,2.633333333333333215e+01
3.655999999999999694e+00,1.307500000000000000e+02,2.422222222222222499e+01
3.655999999999999694e+00,1.312500000000000000e+02,2.111111111111111427e+01
3.655999999999999694e+00,1.317500000000000000e+02,1.855555555555555713e+01
3.655999999999999694e+00,1.322500000000000000e+02,1.711111111111111072e+01
3.655999999999999694e+00,1.327500000000000000e+02,1.566666666666666607e+01
3.655999999999999694e+00,1.332500000000000000e+02,1.511111111111111249e+01
3.655999999999999694e+00,1.337500000000000000e+02,1.555555555555555713e+01
3.655999999999999694e+00,1.342500000000000000e+02,1.544444444444444464e+01
3.655999999999999694e+00,1.347500000000000000e+02,1.577777777777777857e+01
3.655999999999999694e+00,1.352500000000000000e+02,1.333333333333333393e+01
3.655999999999999694e+00,1.357500000000000000e+02,1.322222222222222143e+01
3.655999999999999694e+00,1.362500000000000000e+02,1.155555555555555536e+01
3.655999999999999694e+00,1.367500000000000000e+02,1.177777777777777679e+01
3.655999999999999694e+00,1.372500000000000000e+02,1.044444444444444287e+01
3.655999999999999694e+00,1.377500000000000000e+02,9.777777777777776791e+00
3.655999999999999694e+00,1.382500000000000000e+02,9.777777777777776791e+00
3.655999999999999694e+00,1.387500000000000000e+02,9.999999999999998224e+00
3.655999999999999694e+00,1.392500000000000000e+02,9.444444444444442865e+00
3.655999999999999694e+00,1.397500000000000000e+02,8.111111111111108940e+00
3.655999999999999694e+00,1.402500000000000000e+02,7.888888888888886619e+00
3.655999999999999694e+00,1.407500000000000000e+02,8.777777777777776791e+00
3.655999999999999694e+00,1.412500000000000000e+02,8.777777777777776791e+00
3.655999999999999694e+00,1.417500000000000000e+02,8.666666666666666075e+00
3.655999999999999694e+00,1.422500000000000000e+02,7.666666666666665186e+00
3.655999999999999694e+00,1.427500000000000000e+02,7.444444444444442865e+00
3.655999999999999694e+00,1.432500000000000000e+02,6.888888888888886619e+00
3.655999999999999694e+00,1.437500000000000000e+02,6.333333333333331261e+00
3.655999999999999694e+00,1.442500000000000000e+02,6.555555555555553582e+00
3.655999999999999694e+00,1.447500000000000000e+02,6.888888888888886619e+00
3.655999999999999694e+00,1.452500000000000000e+02,6.999999999999997335e+00
3.655999999999999694e+00,1.457500000000000000e+02,6.888888888888886619e+00
3.655999999999999694e+00,1.462500000000000000e+02,6.333333333333331261e+00
3.655999999999999694e+00,1.467500000000000000e+02,5.777777777777775903e+00
3.655999999999999694e+00,1.472500000000000000e+02,5.888888888888886619e+00
3.655999999999999694e+00,1.477500000000000000e+02,5.666666666666664298e+00
3.655999999999999694e+00,1.482500000000000000e+02,6.444444444444441977e+00
3.655999999999999694e+00,1.487500000000000000e+02,7.111111111111108052e+00
3.655999999999999694e+00,1.492500000000000000e+02,8.222222222222219656e+00
3.655999999999999694e+00,1.497500000000000000e+02,7.777777777777775015e+00
3.655999999999999694e+00,1.502500000000000000e+02,6.666666666666664298e+00
3.655999999999999694e+00,1.507500000000000000e+02,5.444444444444442865e+00
3.655999999999999694e+00,1.512500000000000000e+02,5.222222222222220545e+00
3.655999999999999694e+00,1.517500000000000000e+02,4.999999999999997335e+00
3.655999999999999694e+00,1.522500000000000000e+02,4.222222222222219656e+00
3.655999999999999694e+00,1.527500000000000000e+02,4.222222222222219656e+00
3.655999999999999694e+00,1.532500000000000000e+02,4.444444444444441977e+00
3.655999999999999694e+00,1.537500000000000000e+02,5.111111111111108052e+00
3.655999999999999694e+00,1.542500000000000000e+02,5.222222222222218768e+00
3.655999999999999694e+00,1.547500000000000000e+02,5.222222222222218768e+00
3.655999999999999694e+00,1.552500000000000000e+02,5.888888888888885731e+00
3.655999999999999694e+00,1.557500000000000000e+02,6.111111111111108052e+00
3.655999999999999694e+00,1.562500000000000000e+02,6.222222222222218768e+00
3.655999999999999694e+00,1.567500000000000000e+02,6.222222222222218768e+00
3.655999999999999694e+00,1.572500000000000000e+02,6.111111111111108052e+00
3.655999999999999694e+00,1.577500000000000000e+02,6.444444444444441977e+00
3.655999999999999694e+00,1.582500000000000000e+02,5.666666666666664298e+00
3.655999999999999694e+00,1.587500000000000000e+02,5.444444444444441977e+00
3.655999999999999694e+00,1.592500000000000000e+02,5.111111111111108052e+00
3.655999999999999694e+00,1.597500000000000000e+02,5.111111111111108052e+00
3.655999999999999694e+00,1.602500000000000000e+02,5.888888888888885731e+00
3.655999999999999694e+00,1.607500000000000000e+02,5.888888888888885731e+00
3.655999999999999694e+00,1.612500000000000000e+02,5.666666666666663410e+00
3.655999999999999694e+00,1.617500000000000000e+02,5.333333333333329485e+00
3.655999999999999694e+00,1.622500000000000000e+02,4.777777777777774126e+00
3.655999999999999694e+00,1.627500000000000000e+02,5.444444444444440201e+00
3.655999999999999694e+00,1.632500000000000000e+02,4.888888888888884843e+00
3.655999999999999694e+00,1.637500000000000000e+02,4.777777777777774126e+00
3.655999999999999694e+00,1.642500000000000000e+02,3.888888888888884399e+00
3.655999999999999694e+00,1.647500000000000000e+02,3.555555555555551361e+00
3.655999999999999694e+00,1.652500000000000000e+02,3.555555555555551361e+00
3.655999999999999694e+00,1.657500000000000000e+02,4.666666666666661634e+00
3.655999999999999694e+00,1.662500000000000000e+02,4.777777777777773238e+00
3.655999999999999694e+00,1.667500000000000000e+02,4.999999999999995559e+00
3.655999999999999694e+00,1.672500000000000000e+02,3.888888888888884399e+00
3.655999999999999694e+00,1.677500000000000000e+02,3.666666666666662522e+00
3.655999999999999694e+00,1.682500000000000000e+02,3.555555555555551361e+00
3.655999999999999694e+00,1.687500000000000000e+02,3.777777777777773238e+00
3.655999999999999694e+00,1.692500000000000000e+02,3.444444444444439757e+00
3.655999999999999694e+00,1.697500000000000000e+02,2.777777777777773238e+00
3.655999999999999694e+00,1.702500000000000000e+02,2.999999999999995115e+00
3.655999999999999694e+00,1.707500000000000000e+02,3.222222222222217436e+00
3.655999999999999694e+00,1.712500000000000000e+02,3.222222222222217436e+00
3.655999999999999694e+00,1.717500000000000000e+02,3.111111111111105831e+00
3.655999999999999694e+00,1.722500000000000000e+02,2.888888888888883955e+00
3.655999999999999694e+00,1.727500000000000000e+02,2.777777777777772794e+00
3.655999999999999694e+00,1.732500000000000000e+02,2.444444444444439313e+00
3.655999999999999694e+00,1.737500000000000000e+02,2.111111111111105831e+00
3.655999999999999694e+00,1.742500000000000000e+02,1.777777777777772572e+00
3.655999999999999694e+00,1.747500000000000000e+02,1.111111111111106053e+00
3.655999999999999694e+00,1.752500000000000000e+02,9.999999999999950040e-01
3.655999999999999694e+00,1.757500000000000000e+02,1.111111111111106053e+00
3.655999999999999694e+00,1.762500000000000000e+02,8.888888888888836215e-01
3.655999999999999694e+00,1.767500000000000000e+02,8.888888888888836215e-01
3.655999999999999694e+00,1.772500000000000000e+02,6.666666666666615226e-01
3.655999999999999694e+00,1.777500000000000000e+02,7.777777777777726831e-01
3.655999999999999694e+00,1.782500000000000000e+02,4.444444444444393127e-01
3.655999999999999694e+00,1.787500000000000000e+02,2.222222222222171029e-01
3.655999999999999694e+00,1.792500000000000000e+02,-5.107025913275720086e-15
3.655999999999999694e+00,1.797500000000000000e+02,-5.107025913275720086e-15
3.671999999999999709e+00,1.302500000000000000e+02,2.600000000000000000e+01
3.671999999999999709e+00,1.307500000000000000e+02,2.411111111111111072e+01
3.671999999999999709e+00,1.312500000000000000e+02,2.155555555555555358e+01
3.671999999999999709e+00,1.317500000000000000e+02,1.822222222222221788e+01
3.671999999999999709e+00,1.322500000000000000e+02,1.822222222222221788e+01
3.671999999999999709e+00,1.327500000000000000e+02,1.677777777777777501e+01
3.671999999999999709e+00,1.332500000000000000e+02,1.666666666666666430e+01
3.671999999999999709e+00,1.337500000000000000e+02,1.588888888888888573e+01
3.671999999999999709e+00,1.342500000000000000e+02,1.566666666666666430e+01
3.671999999999999709e+00,1.347500000000000000e+02,1.566666666666666430e+01
3.671999999999999709e+00,1.352500000000000000e+02,1.366666666666666430e+01
3.671999999999999709e+00,1.357500000000000000e+02,1.355555555555555181e+01
3.671999999999999709e+00,1.362500000000000000e+02,1.211111111111110894e+01
3.671999999999999709e+00,1.367500000000000000e+02,1.211111111111110894e+01
3.671999999999999709e+00,1.372500000000000000e+02,1.055555555555555536e+01
3.671999999999999709e+00,1.377500000000000000e+02,9.888888888888887507e+00
3.671999999999999709e+00,1.382500000000000000e+02,9.222222222222221433e+00
3.671999999999999709e+00,1.387500000000000000e+02,9.333333333333332149e+00
3.671999999999999709e+00,1.392500000000000000e+02,9.222222222222221433e+00
3.671999999999999709e+00,1.397500000000000000e+02,8.666666666666666075e+00
3.671999999999999709e+00,1.402500000000000000e+02,8.444444444444444642e+00
3.671999999999999709e+00,1.407500000000000000e+02,9.222222222222223209e+00
3.671999999999999709e+00,1.412500000000000000e+02,8.888888888888891060e+00
3.671999999999999709e+00,1.417500000000000000e+02,8.555555555555557135e+00
3.671999999999999709e+00,1.422500000000000000e+02,7.444444444444445530e+00
3.671999999999999709e+00,1.427500000000000000e+02,6.888888888888890172e+00
3.671999999999999709e+00,1.432500000000000000e+02,6.444444444444446418e+00
3.671999999999999709e+00,1.437500000000000000e+02,6.222222222222224097e+00
3.671999999999999709e+00,1.442500000000000000e+02,6.000000000000000888e+00
3.671999999999999709e+00,1.447500000000000000e+02,6.444444444444445530e+00
3.671999999999999709e+00,1.452500000000000000e+02,6.000000000000000888e+00
3.671999999999999709e+00,1.457500000000000000e+02,6.777777777777778567e+00
3.671999999999999709e+00,1.462500000000000000e+02,6.444444444444445530e+00
3.671999999999999709e+00,1.467500000000000000e+02,5.666666666666667851e+00
3.671999999999999709e+00,1.472500000000000000e+02,5.666666666666667851e+00
3.671999999999999709e+00,1.477500000000000000e+02,5.444444444444445530e+00
3.671999999999999709e+00,1.482500000000000000e+02,6.444444444444445530e+00
3.671999999999999709e+00,1.487500000000000000e+02,6.555555555555557135e+00
3.671999999999999709e+00,1.492500000000000000e+02,7.222222222222224097e+00
3.671999999999999709e+00,1.497500000000000000e+02,7.111111111111111605e+00
3.671999999999999709e+00,1.502500000000000000e+02,6.444444444444445530e+00
3.671999999999999709e+00,1.507500000000000000e+02,5.888888888888890172e+00
3.671999999999999709e+00,1.512500000000000000e+02,5.666666666666668739e+00
3.671999999999999709e+00,1.517500000000000000e+02,5.777777777777779455e+00
3.671999999999999709e+00,1.522500000000000000e+02,4.111111111111113381e+00
3.671999999999999709e+00,1.527500000000000000e+02,3.555555555555557135e+00
3.671999999999999709e+00,1.532500000000000000e+02,3.555555555555557135e+00
3.671999999999999709e+00,1.537500000000000000e+02,4.888888888888890172e+00
3.671999999999999709e+00,1.542500000000000000e+02,4.777777777777779455e+00
3.671999999999999709e+00,1.547500000000000000e+02,4.444444444444445530e+00
3.671999999999999709e+00,1.552500000000000000e+02,4.666666666666667851e+00
3.671999999999999709e+00,1.557500000000000000e+02,5.777777777777778567e+00
3.671999999999999709e+00,1.562500000000000000e+02,6.555555555555556246e+00
3.671999999999999709e+00,1.567500000000000000e+02,6.444444444444445530e+00
3.671999999999999709e+00,1.572500000000000000e+02,6.333333333333334814e+00
3.671999999999999709e+00,1.577500000000000000e+02,5.777777777777778567e+00
3.671999999999999709e+00,1.582500000000000000e+02,6.000000000000000888e+00
3.671999999999999709e+00,1.587500000000000000e+02,5.666666666666667851e+00
3.671999999999999709e+00,1.592500000000000000e+02,6.222222222222224097e+00
3.671999999999999709e+00,1.597500000000000000e+02,5.666666666666667851e+00
3.671999999999999709e+00,1.602500000000000000e+02,5.666666666666667851e+00
3.671999999999999709e+00,1.607500000000000000e+02,4.888888888888890172e+00
3.671999999999999709e+00,1.612500000000000000e+02,5.333333333333334814e+00
3.671999999999999709e+00,1.617500000000000000e+02,5.222222222222223209e+00
3.671999999999999709e+00,1.622500000000000000e+02,5.222222222222223209e+00
3.671999999999999709e+00,1.627500000000000000e+02,5.000000000000000888e+00
3.671999999999999709e+00,1.632500000000000000e+02,4.444444444444445530e+00
3.671999999999999709e+00,1.637500000000000000e+02,3.777777777777779011e+00
3.671999999999999709e+00,1.642500000000000000e+02,3.333333333333334370e+00
3.671999999999999709e+00,1.647500000000000000e+02,3.222222222222223653e+00
3.671999999999999709e+00,1.652500000000000000e+02,3.777777777777779900e+00
3.671999999999999709e+00,1.657500000000000000e+02,3.888888888888890616e+00
3.671999999999999709e+00,1.662500000000000000e+02,4.000000000000000888e+00
3.671999999999999709e+00,1.667500000000000000e+02,4.222222222222223209e+00
3.671999999999999709e+00,1.672500000000000000e+02,4.000000000000000888e+00
3.671999999999999709e+00,1.677500000000000000e+02,3.888888888888890616e+00
3.671999999999999709e+00,1.682500000000000000e+02,3.666666666666668295e+00
3.671999999999999709e+00,1.687500000000000000e+02,3.444444444444446418e+00
3.671999999999999709e+00,1.692500000000000000e+02,2.777777777777779900e+00
3.671999999999999709e+00,1.697500000000000000e+02,2.111111111111112937e+00
3.671999999999999709e+00,1.702500000000000000e+02,2.000000000000001776e+00
3.671999999999999709e+00,1.707500000000000000e+02,2.222222222222224097e+00
3.671999999999999709e+00,1.712500000000000000e+02,1.888888888888890838e+00
3.671999999999999709e+00,1.717500000000000000e+02,2.333333333333335258e+00
3.671999999999999709e+00,1.722500000000000000e+02,2.666666666666668295e+00
3.671999999999999709e+00,1.727500000000000000e+02,2.555555555555557135e+00
3.671999999999999709e+00,1.732500000000000000e+02,2.444444444444445974e+00
3.671999999999999709e+00,1.737500000000000000e+02,1.888888888888890172e+00
3.671999999999999709e+00,1.742500000000000000e+02,1.666666666666667851e+00
3.671999999999999709e+00,1.747500000000000000e+02,1.000000000000001110e+00
3.671999999999999709e+00,1.752500000000000000e+02,7.777777777777790114e-01
3.671999999999999709e+00,1.757500000000000000e+02,7.777777777777790114e-01
3.671999999999999709e+00,1.762500000000000000e+02,6.666666666666678509e-01
3.671999999999999709e+00,1.767500000000000000e+02,7.777777777777790114e-01
3.671999999999999709e+00,1.772500000000000000e+02,8.888888888888901718e-01
3.671999999999999709e+00,1.777500000000000000e+02,1.000000000000001332e+00
3.671999999999999709e+00,1.782500000000000000e+02,8.888888888888901718e-01
3.671999999999999709e+00,1.787500000000000000e+02,6.666666666666678509e-01
3.671999999999999709e+00,1.792500000000000000e+02,3.333333333333345361e-01
3.671999999999999709e+00,1.797500000000000000e+02,1.111111111111123123e-01
3.687999999999999723e+00,1.302500000000000000e+02,2.611111111111111072e+01
3.687999999999999723e+00,1.307500000000000000e+02,2.377777777777777501e+01
3.687999999999999723e+00,1.312500000000000000e+02,2.188888888888888573e+01
3.687999999999999723e+00,1.317500000000000000e+02,1.955555555555555358e+01
3.687999999999999723e+00,1.322500000000000000e+02,2.033333333333333215e+01
3.687999999999999723e+00,1.327500000000000000e+02,1.933333333333333215e+01
3.687999999999999723e+00,1.332500000000000000e+02,1.877777777777777501e+01
3.687999999999999723e+00,1.337500000000000000e+02,1.588888888888888573e+01
3.687999999999999723e+00,1.342500000000000000e+02,1.433333333333332860e+01
3.687999999999999723e+00,1.347500000000000000e+02,1.355555555555555003e+01
3.687999999999999723e+00,1.352500000000000000e+02,1.333333333333332860e+01
3.687999999999999723e+00,1.357500000000000000e+02,1.288888888888888395e+01
3.687999999999999723e+00,1.362500000000000000e+02,1.277777777777777146e+01
3.687999999999999723e+00,1.367500000000000000e+02,1.277777777777777146e+01
3.687999999999999723e+00,1.372500000000000000e+02,1.166666666666666252e+01
3.687999999999999723e+00,1.377500000000000000e+02,1.055555555555555003e+01
3.687999999999999723e+00,1.382500000000000000e+02,9.555555555555550029e+00
3.687999999999999723e+00,1.387500000000000000e+02,8.999999999999994671e+00
3.687999999999999723e+00,1.392500000000000000e+02,9.333333333333326820e+00
3.687999999999999723e+00,1.397500000000000000e+02,8.999999999999994671e+00
3.687999999999999723e+00,1.402500000000000000e+02,8.333333333333326820e+00
3.687999999999999723e+00,1.407500000000000000e+02,8.333333333333326820e+00
3.687999999999999723e+00,1.412500000000000000e+02,7.333333333333327708e+00
3.687999999999999723e+00,1.417500000000000000e+02,7.999999999999993783e+00
3.687999999999999723e+00,1.422500000000000000e+02,7.777777777777771462e+00
3.687999999999999723e+00,1.427500000000000000e+02,8.555555555555548253e+00
3.687999999999999723e+00,1.432500000000000000e+02,8.444444444444437536e+00
3.687999999999999723e+00,1.437500000000000000e+02,8.333333333333326820e+00
3.687999999999999723e+00,1.442500000000000000e+02,7.777777777777771462e+00
3.687999999999999723e+00,1.447500000000000000e+02,7.333333333333327708e+00
3.687999999999999723e+00,1.452500000000000000e+02,6.111111111111104499e+00
3.687999999999999723e+00,1.457500000000000000e+02,6.333333333333327708e+00
3.687999999999999723e+00,1.462500000000000000e+02,6.999999999999993783e+00
3.687999999999999723e+00,1.467500000000000000e+02,7.222222222222216992e+00
3.687999999999999723e+00,1.472500000000000000e+02,7.111111111111104499e+00
3.687999999999999723e+00,1.477500000000000000e+02,6.222222222222215215e+00
3.687999999999999723e+00,1.482500000000000000e+02,6.333333333333325932e+00
3.687999999999999723e+00,1.487500000000000000e+02,6.111111111111104499e+00
3.687999999999999723e+00,1.492500000000000000e+02,6.555555555555550029e+00
3.687999999999999723e+00,1.497500000000000000e+02,5.999999999999995559e+00
3.687999999999999723e+00,1.502500000000000000e+02,5.666666666666661634e+00
3.687999999999999723e+00,1.507500000000000000e+02,5.555555555555550029e+00
3.687999999999999723e+00,1.512500000000000000e+02,5.666666666666660745e+00
3.687999999999999723e+00,1.517500000000000000e+02,5.999999999999993783e+00
3.687999999999999723e+00,1.522500000000000000e+02,4.333333333333327708e+00
3.687999999999999723e+00,1.527500000000000000e+02,3.999999999999994227e+00
3.687999999999999723e+00,1.532500000000000000e+02,3.333333333333327264e+00
3.687999999999999723e+00,1.537500000000000000e+02,4.444444444444438425e+00
3.687999999999999723e+00,1.542500000000000000e+02,4.555555555555550029e+00
3.687999999999999723e+00,1.547500000000000000e+02,4.666666666666660745e+00
3.687999999999999723e+00,1.552500000000000000e+02,4.999999999999993783e+00
3.687999999999999723e+00,1.557500000000000000e+02,5.777777777777771462e+00
3.687999999999999723e+00,1.562500000000000000e+02,6.222222222222215215e+00
3.687999999999999723e+00,1.567500000000000000e+02,5.999999999999992895e+00
3.687999999999999723e+00,1.572500000000000000e+02,5.777777777777770574e+00
3.687999999999999723e+00,1.577500000000000000e+02,4.666666666666659857e+00
3.687999999999999723e+00,1.582500000000000000e+02,5.444444444444436648e+00
3.687999999999999723e+00,1.587500000000000000e+02,5.222222222222214327e+00
3.687999999999999723e+00,1.592500000000000000e+02,6.222222222222214327e+00
3.687999999999999723e+00,1.597500000000000000e+02,5.333333333333325932e+00
3.687999999999999723e+00,1.602500000000000000e+02,4.888888888888881290e+00
3.687999999999999723e+00,1.607500000000000000e+02,4.888888888888881290e+00
3.687999999999999723e+00,1.612500000000000000e+02,4.999999999999992006e+00
3.687999999999999723e+00,1.617500000000000000e+02,5.222222222222214327e+00
3.687999999999999723e+00,1.622500000000000000e+02,4.666666666666658081e+00
3.687999999999999723e+00,1.627500000000000000e+02,4.333333333333325044e+00
3.687999999999999723e+00,1.632500000000000000e+02,3.888888888888880402e+00
3.687999999999999723e+00,1.637500000000000000e+02,3.444444444444435760e+00
3.687999999999999723e+00,1.642500000000000000e+02,3.333333333333324600e+00
3.687999999999999723e+00,1.647500000000000000e+02,3.222222222222212995e+00
3.687999999999999723e+00,1.652500000000000000e+02,3.555555555555546476e+00
3.687999999999999723e+00,1.657500000000000000e+02,3.444444444444435760e+00
3.687999999999999723e+00,1.662500000000000000e+02,3.666666666666657637e+00
3.687999999999999723e+00,1.667500000000000000e+02,3.777777777777769241e+00
3.687999999999999723e+00,1.672500000000000000e+02,3.444444444444435760e+00
3.687999999999999723e+00,1.677500000000000000e+02,3.333333333333325044e+00
3.687999999999999723e+00,1.682500000000000000e+02,3.222222222222214327e+00
3.687999999999999723e+00,1.687500000000000000e+02,2.888888888888880846e+00
3.687999999999999723e+00,1.692500000000000000e+02,2.555555555555547809e+00
3.687999999999999723e+00,1.697500000000000000e+02,1.999999999999992228e+00
3.687999999999999723e+00,1.702500000000000000e+02,1.888888888888881290e+00
3.687999999999999723e+00,1.707500000000000000e+02,1.888888888888881290e+00
3.687999999999999723e+00,1.712500000000000000e+02,1.777777777777770352e+00
3.687999999999999723e+00,1.717500000000000000e+02,2.333333333333325488e+00
3.687999999999999723e+00,1.722500000000000000e+02,2.222222222222214327e+00
3.687999999999999723e+00,1.727500000000000000e+02,1.999999999999992006e+00
3.687999999999999723e+00,1.732500000000000000e+02,1.777777777777769685e+00
3.687999999999999723e+00,1.737500000000000000e+02,1.555555555555547365e+00
3.687999999999999723e+00,1.742500000000000000e+02,1.333333333333325266e+00
3.687999999999999723e+00,1.747500000000000000e+02,1.222222222222214105e+00
3.687999999999999723e+00,1.752500000000000000e+02,9.999999999999918954e-01
3.687999999999999723e+00,1.757500000000000000e+02,1.111111111111102945e+00
3.687999999999999723e+00,1.762500000000000000e+02,6.666666666666585250e-01
3.687999999999999723e+00,1.767500000000000000e+02,6.666666666666585250e-01
3.687999999999999723e+00,1.772500000000000000e+02,6.666666666666585250e-01
3.687999999999999723e+00,1.777500000000000000e+02,8.888888888888807349e-01
3.687999999999999723e+00,1.782500000000000000e+02,8.888888888888807349e-01
3.687999999999999723e+00,1.787500000000000000e+02,6.666666666666584140e-01
3.687999999999999723e+00,1.792500000000000000e+02,3.333333333333250992e-01
3.687999999999999723e+00,1.797500000000000000e+02,1.111111111111029032e-01
3.703999999999999737e+00,1.302500000000000000e+02,2.711111111111111072e+01
3.703999999999999737e+00,1.307500000000000000e+02,2.466666666666666785e+01
3.703999999999999737e+00,1.312500000000000000e+02,2.244444444444444642e+01
3.703999999999999737e+00,1.317500000000000000e+02,2.122222222222222499e+01
3.703999999999999737e+00,1.322500000000000000e+02,2.211111111111111427e+01
3.703999999999999737e+00,1.327500000000000000e+02,2.100000000000000355e+01
3.703999999999999737e+00,1.332500000000000000e+02,1.877777777777778212e+01
3.703999999999999737e+00,1.337500000000000000e+02,1.544444444444444819e+01
3.703999999999999737e+00,1.342500000000000000e+02,1.366666666666667140e+01
3.703999999999999737e+00,1.347500000000000000e+02,1.277777777777778034e+01
3.703999999999999737e+00,1.352500000000000000e+02,1.211111111111111427e+01
3.703999999999999737e+00,1.357500000000000000e+02,1.211111111111111427e+01
3.703999999999999737e+00,1.362500000000000000e+02,1.177777777777778034e+01
3.703999999999999737e+00,1.367500000000000000e+02,1.166666666666667140e+01
3.703999999999999737e+00,1.372500000000000000e+02,1.044444444444444997e+01
3.703999999999999737e+00,1.377500000000000000e+02,9.888888888888894613e+00
3.703999999999999737e+00,1.382500000000000000e+02,9.222222222222228538e+00
3.703999999999999737e+00,1.387500000000000000e+02,8.777777777777783896e+00
3.703999999999999737e+00,1.392500000000000000e+02,9.555555555555562464e+00
3.703999999999999737e+00,1.397500000000000000e+02,9.111111111111116045e+00
3.703999999999999737e+00,1.402500000000000000e+02,8.444444444444449971e+00
3.703999999999999737e+00,1.407500000000000000e+02,7.888888888888893725e+00
3.703999999999999737e+00,1.412500000000000000e+02,7.777777777777783008e+00
3.703999999999999737e+00,1.417500000000000000e+02,8.333333333333339255e+00
3.703999999999999737e+00,1.422500000000000000e+02,8.333333333333339255e+00
3.703999999999999737e+00,1.427500000000000000e+02,8.555555555555562464e+00
3.703999999999999737e+00,1.432500000000000000e+02,8.444444444444449971e+00
3.703999999999999737e+00,1.437500000000000000e+02,8.111111111111116045e+00
3.703999999999999737e+00,1.442500000000000000e+02,7.444444444444449971e+00
3.703999999999999737e+00,1.447500000000000000e+02,7.000000000000006217e+00
3.703999999999999737e+00,1.452500000000000000e+02,5.777777777777783008e+00
3.703999999999999737e+00,1.457500000000000000e+02,6.333333333333339255e+00
3.703999999999999737e+00,1.462500000000000000e+02,7.333333333333339255e+00
3.703999999999999737e+00,1.467500000000000000e+02,7.888888888888895501e+00
3.703999999999999737e+00,1.472500000000000000e+02,6.555555555555561575e+00
3.703999999999999737e+00,1.477500000000000000e+02,5.111111111111117822e+00
3.703999999999999737e+00,1.482500000000000000e+02,5.000000000000006217e+00
3.703999999999999737e+00,1.487500000000000000e+02,5.222222222222228538e+00
3.703999999999999737e+00,1.492500000000000000e+02,5.444444444444449971e+00
3.703999999999999737e+00,1.497500000000000000e+02,4.888888888888894613e+00
3.703999999999999737e+00,1.502500000000000000e+02,4.777777777777783008e+00
3.703999999999999737e+00,1.507500000000000000e+02,5.000000000000006217e+00
3.703999999999999737e+00,1.512500000000000000e+02,5.111111111111116934e+00
3.703999999999999737e+00,1.517500000000000000e+02,4.888888888888894613e+00
3.703999999999999737e+00,1.522500000000000000e+02,3.888888888888894613e+00
3.703999999999999737e+00,1.527500000000000000e+02,3.555555555555561131e+00
3.703999999999999737e+00,1.532500000000000000e+02,4.333333333333339255e+00
3.703999999999999737e+00,1.537500000000000000e+02,4.555555555555561575e+00
3.703999999999999737e+00,1.542500000000000000e+02,4.555555555555561575e+00
3.703999999999999737e+00,1.547500000000000000e+02,4.111111111111116934e+00
3.703999999999999737e+00,1.552500000000000000e+02,4.777777777777783008e+00
3.703999999999999737e+00,1.557500000000000000e+02,5.000000000000006217e+00
3.703999999999999737e+00,1.562500000000000000e+02,5.333333333333339255e+00
3.703999999999999737e+00,1.567500000000000000e+02,5.444444444444449971e+00
3.703999999999999737e+00,1.572500000000000000e+02,6.111111111111116934e+00
3.703999999999999737e+00,1.577500000000000000e+02,4.777777777777783008e+00
3.703999999999999737e+00,1.582500000000000000e+02,5.000000000000006217e+00
3.703999999999999737e+00,1.587500000000000000e+02,4.888888888888894613e+00
3.703999999999999737e+00,1.592500000000000000e+02,6.000000000000006217e+00
3.703999999999999737e+00,1.597500000000000000e+02,5.222222222222227650e+00
3.703999999999999737e+00,1.602500000000000000e+02,4.111111111111116934e+00
3.703999999999999737e+00,1.607500000000000000e+02,4.333333333333339255e+00
3.703999999999999737e+00,1.612500000000000000e+02,4.888888888888895501e+00
3.703999999999999737e+00,1.617500000000000000e+02,4.888888888888895501e+00
3.703999999999999737e+00,1.622500000000000000e+02,4.666666666666672292e+00
3.703999999999999737e+00,1.627500000000000000e+02,3.888888888888894613e+00
3.703999999999999737e+00,1.632500000000000000e+02,3.666666666666672736e+00
3.703999999999999737e+00,1.637500000000000000e+02,3.000000000000005773e+00
3.703999999999999737e+00,1.642500000000000000e+02,2.666666666666672736e+00
3.703999999999999737e+00,1.647500000000000000e+02,2.777777777777783452e+00
3.703999999999999737e+00,1.652500000000000000e+02,2.888888888888894613e+00
3.703999999999999737e+00,1.657500000000000000e+02,3.111111111111116490e+00
3.703999999999999737e+00,1.662500000000000000e+02,3.555555555555561131e+00
3.703999999999999737e+00,1.667500000000000000e+02,3.666666666666672736e+00
3.703999999999999737e+00,1.672500000000000000e+02,3.222222222222228094e+00
3.703999999999999737e+00,1.677500000000000000e+02,2.444444444444450415e+00
3.703999999999999737e+00,1.682500000000000000e+02,2.222222222222228094e+00
3.703999999999999737e+00,1.687500000000000000e+02,2.000000000000005773e+00
3.703999999999999737e+00,1.692500000000000000e+02,2.111111111111116490e+00
3.703999999999999737e+00,1.697500000000000000e+02,2.111111111111116490e+00
3.703999999999999737e+00,1.702500000000000000e+02,1.888888888888894391e+00
3.703999999999999737e+00,1.707500000000000000e+02,1.777777777777783230e+00
3.703999999999999737e+00,1.712500000000000000e+02,1.666666666666672070e+00
3.703999999999999737e+00,1.717500000000000000e+02,1.888888888888894391e+00
3.703999999999999737e+00,1.722500000000000000e+02,2.222222222222227650e+00
3.703999999999999737e+00,1.727500000000000000e+02,1.666666666666672070e+00
3.703999999999999737e+00,1.732500000000000000e+02,1.666666666666672070e+00
3.703999999999999737e+00,1.737500000000000000e+02,1.111111111111116490e+00
3.703999999999999737e+00,1.742500000000000000e+02,8.888888888888942796e-01
3.703999999999999737e+00,1.747500000000000000e+02,7.777777777777833412e-01
3.703999999999999737e+00,1.752500000000000000e+02,6.666666666666721808e-01
3.703999999999999737e+00,1.757500000000000000e+02,1.000000000000005551e+00
3.703999999999999737e+00,1.762500000000000000e+02,7.777777777777833412e-01
3.703999999999999737e+00,1.767500000000000000e+02,8.888888888888945017e-01
3.703999999999999737e+00,1.772500000000000000e+02,8.888888888888945017e-01
3.703999999999999737e+00,1.777500000000000000e+02,1.000000000000005551e+00
3.703999999999999737e+00,1.782500000000000000e+02,1.111111111111116712e+00
3.703999999999999737e+00,1.787500000000000000e+02,8.888888888888945017e-01
3.703999999999999737e+00,1.792500000000000000e+02,7.777777777777833412e-01
3.703999999999999737e+00,1.797500000000000000e+02,4.444444444444499709e-01
3.719999999999999751e+00,1.302500000000000000e+02,3.033333333333333215e+01
3.719999999999999751e+00,1.307500000000000000e+02,2.766666666666666785e+01
3.719999999999999751e+00,1.312500000000000000e+02,2.377777777777777501e+01
3.719999999999999751e+00,1.317500000000000000e+02,2.100000000000000000e+01
3.719999999999999751e+00,1.322500000000000000e+02,2.088888888888888928e+01
3.719999999999999751e+00,1.327500000000000000e+02,2.066666666666666785e+01
3.719999999999999751e+00,1.332500000000000000e+02,1.944444444444444642e+01
3.719999999999999751e+00,1.337500000000000000e+02,1.622222222222222499e+01
3.719999999999999751e+00,1.342500000000000000e+02,1.400000000000000000e+01
3.719999999999999751e+00,1.347500000000000000e+02,1.344444444444444464e+01
3.719999999999999751e+00,1.352500000000000000e+02,1.211111111111111249e+01
3.719999999999999751e+00,1.357500000000000000e+02,1.244444444444444464e+01
3.719999999999999751e+00,1.362500000000000000e+02,1.200000000000000000e+01
3.719999999999999751e+00,1.367500000000000000e+02,1.200000000000000000e+01
3.719999999999999751e+00,1.372500000000000000e+02,1.144444444444444464e+01
3.719999999999999751e+00,1.377500000000000000e+02,1.100000000000000000e+01
3.719999999999999751e+00,1.382500000000000000e+02,1.011111111111111072e+01
3.719999999999999751e+00,1.387500000000000000e+02,8.777777777777776791e+00
3.719999999999999751e+00,1.392500000000000000e+02,8.333333333333333925e+00
3.719999999999999751e+00,1.397500000000000000e+02,8.000000000000000000e+00
3.719999999999999751e+00,1.402500000000000000e+02,7.888888888888888395e+00
3.719999999999999751e+00,1.407500000000000000e+02,7.666666666666665186e+00
3.719999999999999751e+00,1.412500000000000000e+02,7.999999999999999112e+00
3.719999999999999751e+00,1.417500000000000000e+02,7.666666666666665186e+00
3.719999999999999751e+00,1.422500000000000000e+02,7.666666666666665186e+00
3.719999999999999751e+00,1.427500000000000000e+02,7.888888888888888395e+00
3.719999999999999751e+00,1.432500000000000000e+02,8.333333333333333925e+00
3.719999999999999751e+00,1.437500000000000000e+02,8.000000000000000000e+00
3.719999999999999751e+00,1.442500000000000000e+02,7.444444444444443754e+00
3.719999999999999751e+00,1.447500000000000000e+02,6.555555555555554470e+00
3.719999999999999751e+00,1.452500000000000000e+02,5.222222222222221433e+00
3.719999999999999751e+00,1.457500000000000000e+02,5.666666666666666963e+00
3.719999999999999751e+00,1.462500000000000000e+02,6.888888888888889284e+00
3.719999999999999751e+00,1.467500000000000000e+02,8.333333333333333925e+00
3.719999999999999751e+00,1.472500000000000000e+02,7.222222222222221433e+00
3.719999999999999751e+00,1.477500000000000000e+02,5.888888888888888395e+00
3.719999999999999751e+00,1.482500000000000000e+02,5.222222222222221433e+00
3.719999999999999751e+00,1.487500000000000000e+02,5.666666666666666963e+00
3.719999999999999751e+00,1.492500000000000000e+02,6.222222222222222321e+00
3.719999999999999751e+00,1.497500000000000000e+02,5.666666666666666963e+00
3.719999999999999751e+00,1.502500000000000000e+02,5.222222222222222321e+00
3.719999999999999751e+00,1.507500000000000000e+02,4.888888888888888395e+00
3.719999999999999751e+00,1.512500000000000000e+02,4.888888888888888395e+00
3.719999999999999751e+00,1.517500000000000000e+02,4.666666666666666963e+00
3.719999999999999751e+00,1.522500000000000000e+02,4.222222222222222321e+00
3.719999999999999751e+00,1.527500000000000000e+02,4.333333333333333925e+00
3.719999999999999751e+00,1.532500000000000000e+02,4.666666666666666963e+00
3.719999999999999751e+00,1.537500000000000000e+02,3.777777777777778567e+00
3.719999999999999751e+00,1.542500000000000000e+02,3.444444444444445086e+00
3.719999999999999751e+00,1.547500000000000000e+02,3.111111111111112049e+00
3.719999999999999751e+00,1.552500000000000000e+02,4.333333333333334814e+00
3.719999999999999751e+00,1.557500000000000000e+02,4.666666666666667851e+00
3.719999999999999751e+00,1.562500000000000000e+02,5.000000000000000888e+00
3.719999999999999751e+00,1.567500000000000000e+02,5.000000000000000888e+00
3.719999999999999751e+00,1.572500000000000000e+02,5.444444444444445530e+00
3.719999999999999751e+00,1.577500000000000000e+02,4.555555555555556246e+00
3.719999999999999751e+00,1.582500000000000000e+02,4.333333333333333037e+00
3.719999999999999751e+00,1.587500000000000000e+02,4.666666666666666963e+00
3.719999999999999751e+00,1.592500000000000000e+02,5.111111111111111605e+00
3.719999999999999751e+00,1.597500000000000000e+02,5.000000000000000000e+00
3.719999999999999751e+00,1.602500000000000000e+02,3.666666666666666519e+00
3.719999999999999751e+00,1.607500000000000000e+02,4.222222222222222321e+00
3.719999999999999751e+00,1.612500000000000000e+02,4.333333333333333037e+00
3.719999999999999751e+00,1.617500000000000000e+02,4.666666666666666963e+00
3.719999999999999751e+00,1.622500000000000000e+02,4.111111111111111605e+00
3.719999999999999751e+00,1.627500000000000000e+02,3.444444444444444642e+00
3.719999999999999751e+00,1.632500000000000000e+02,3.111111111111111160e+00
3.719999999999999751e+00,1.637500000000000000e+02,2.888888888888889284e+00
3.719999999999999751e+00,1.642500000000000000e+02,2.888888888888889284e+00
3.719999999999999751e+00,1.647500000000000000e+02,2.888888888888889284e+00
3.719999999999999751e+00,1.652500000000000000e+02,2.555555555555555802e+00
3.719999999999999751e+00,1.657500000000000000e+02,2.333333333333333925e+00
3.719999999999999751e+00,1.662500000000000000e+02,2.888888888888889284e+00
3.719999999999999751e+00,1.667500000000000000e+02,3.444444444444444642e+00
3.719999999999999751e+00,1.672500000000000000e+02,3.444444444444444642e+00
3.719999999999999751e+00,1.677500000000000000e+02,2.333333333333333481e+00
3.719999999999999751e+00,1.682500000000000000e+02,2.111111111111111160e+00
3.719999999999999751e+00,1.687500000000000000e+02,1.888888888888888618e+00
3.719999999999999751e+00,1.692500000000000000e+02,2.222222222222221877e+00
3.719999999999999751e+00,1.697500000000000000e+02,2.444444444444444198e+00
3.719999999999999751e+00,1.702500000000000000e+02,2.777777777777777235e+00
3.719999999999999751e+00,1.707500000000000000e+02,2.888888888888887951e+00
3.719999999999999751e+00,1.712500000000000000e+02,2.888888888888887951e+00
3.719999999999999751e+00,1.717500000000000000e+02,2.222222222222221433e+00
3.719999999999999751e+00,1.722500000000000000e+02,1.555555555555554692e+00
3.719999999999999751e+00,1.727500000000000000e+02,7.777777777777769019e-01
3.719999999999999751e+00,1.732500000000000000e+02,6.666666666666658525e-01
3.719999999999999751e+00,1.737500000000000000e+02,9.999999999999991118e-01
3.719999999999999751e+00,1.742500000000000000e+02,8.888888888888879514e-01
3.719999999999999751e+00,1.747500000000000000e+02,9.999999999999991118e-01
3.719999999999999751e+00,1.752500000000000000e+02,5.555555555555545810e-01
3.719999999999999751e+00,1.757500000000000000e+02,8.888888888888879514e-01
3.719999999999999751e+00,1.762500000000000000e+02,7.777777777777767909e-01
3.719999999999999751e+00,1.767500000000000000e+02,8.888888888888879514e-01
3.719999999999999751e+00,1.772500000000000000e+02,7.777777777777767909e-01
3.719999999999999751e+00,1.777500000000000000e+02,7.777777777777767909e-01
3.719999999999999751e+00,1.782500000000000000e+02,7.777777777777767909e-01
3.719999999999999751e+00,1.787500000000000000e+02,5.555555555555545810e-01
3.719999999999999751e+00,1.792500000000000000e+02,5.555555555555545810e-01
3.719999999999999751e+00,1.797500000000000000e+02,4.444444444444435316e-01
3.735999999999999766e+00,1.302500000000000000e+02,3.011111111111111072e+01
3.735999999999999766e+00,1.307500000000000000e+02,2.833333333333333215e+01
3.735999999999999766e+00,1.312500000000000000e+02,2.577777777777777501e+01
3.735999999999999766e+00,1.317500000000000000e+02,2.288888888888888573e+01
3.735999999999999766e+00,1.322500000000000000e+02,2.166666666666666075e+01
3.735999999999999766e+00,1.327500000000000000e+02,2.011111111111110716e+01
3.735999999999999766e+00,1.332500000000000000e+02,1.899999999999999645e+01
3.735999999999999766e+00,1.337500000000000000e+02,1.833333333333332860e+01
3.735999999999999766e+00,1.342500000000000000e+02,1.688888888888888218e+01
3.735999999999999766e+00,1.347500000000000000e+02,1.577777777777777146e+01
3.735999999999999766e+00,1.352500000000000000e+02,1.244444444444443754e+01
3.735999999999999766e+00,1.357500000000000000e+02,1.377777777777777146e+01
3.735999999999999766e+00,1.362500000000000000e+02,1.244444444444443754e+01
3.735999999999999766e+00,1.367500000000000000e+02,1.355555555555555003e+01
3.735999999999999766e+00,1.372500000000000000e+02,1.166666666666666252e+01
3.735999999999999766e+00,1.377500000000000000e+02,1.211111111111110716e+01
3.735999999999999766e+00,1.382500000000000000e+02,1.055555555555555181e+01
3.735999999999999766e+00,1.387500000000000000e+02,1.022222222222221788e+01
3.735999999999999766e+00,1.392500000000000000e+02,8.999999999999994671e+00
3.735999999999999766e+00,1.397500000000000000e+02,8.999999999999994671e+00
3.735999999999999766e+00,1.402500000000000000e+02,8.444444444444441089e+00
3.735999999999999766e+00,1.407500000000000000e+02,8.111111111111107164e+00
3.735999999999999766e+00,1.412500000000000000e+02,8.333333333333330373e+00
3.735999999999999766e+00,1.417500000000000000e+02,7.666666666666663410e+00
3.735999999999999766e+00,1.422500000000000000e+02,7.222222222222218768e+00
3.735999999999999766e+00,1.427500000000000000e+02,5.999999999999996447e+00
3.735999999999999766e+00,1.432500000000000000e+02,5.333333333333329485e+00
3.735999999999999766e+00,1.437500000000000000e+02,5.999999999999996447e+00
3.735999999999999766e+00,1.442500000000000000e+02,5.999999999999996447e+00
3.735999999999999766e+00,1.447500000000000000e+02,5.999999999999996447e+00
3.735999999999999766e+00,1.452500000000000000e+02,4.777777777777774126e+00
3.735999999999999766e+00,1.457500000000000000e+02,5.555555555555550917e+00
3.735999999999999766e+00,1.462500000000000000e+02,6.444444444444440201e+00
3.735999999999999766e+00,1.467500000000000000e+02,6.777777777777774126e+00
3.735999999999999766e+00,1.472500000000000000e+02,6.111111111111107164e+00
3.735999999999999766e+00,1.477500000000000000e+02,5.444444444444440201e+00
3.735999999999999766e+00,1.482500000000000000e+02,4.999999999999995559e+00
3.735999999999999766e+00,1.487500000000000000e+02,5.333333333333329485e+00
3.735999999999999766e+00,1.492500000000000000e+02,5.333333333333329485e+00
3.735999999999999766e+00,1.497500000000000000e+02,5.222222222222217880e+00
3.735999999999999766e+00,1.502500000000000000e+02,4.333333333333329485e+00
3.735999999999999766e+00,1.507500000000000000e+02,4.333333333333329485e+00
3.735999999999999766e+00,1.512500000000000000e+02,4.444444444444440201e+00
3.735999999999999766e+00,1.517500000000000000e+02,4.444444444444440201e+00
3.735999999999999766e+00,1.522500000000000000e+02,4.666666666666662522e+00
3.735999999999999766e+00,1.527500000000000000e+02,5.222222222222217880e+00
3.735999999999999766e+00,1.532500000000000000e+02,6.222222222222217880e+00
3.735999999999999766e+00,1.537500000000000000e+02,4.999999999999995559e+00
3.735999999999999766e+00,1.542500000000000000e+02,4.111111111111107164e+00
3.735999999999999766e+00,1.547500000000000000e+02,3.333333333333329929e+00
3.735999999999999766e+00,1.552500000000000000e+02,3.999999999999996447e+00
3.735999999999999766e+00,1.557500000000000000e+02,4.111111111111107164e+00
3.735999999999999766e+00,1.562500000000000000e+02,4.444444444444440201e+00
3.735999999999999766e+00,1.567500000000000000e+02,4.444444444444440201e+00
3.735999999999999766e+00,1.572500000000000000e+02,5.111111111111107164e+00
3.735999999999999766e+00,1.577500000000000000e+02,4.222222222222218768e+00
3.735999999999999766e+00,1.582500000000000000e+02,3.555555555555551805e+00
3.735999999999999766e+00,1.587500000000000000e+02,3.777777777777773682e+00
3.735999999999999766e+00,1.592500000000000000e+02,3.999999999999996003e+00
3.735999999999999766e+00,1.597500000000000000e+02,4.777777777777774126e+00
3.735999999999999766e+00,1.602500000000000000e+02,3.444444444444440645e+00
3.735999999999999766e+00,1.607500000000000000e+02,3.555555555555551805e+00
3.735999999999999766e+00,1.612500000000000000e+02,3.333333333333329929e+00
3.735999999999999766e+00,1.617500000000000000e+02,3.888888888888885287e+00
3.735999999999999766e+00,1.622500000000000000e+02,3.999999999999996447e+00
3.735999999999999766e+00,1.627500000000000000e+02,3.666666666666662966e+00
3.735999999999999766e+00,1.632500000000000000e+02,3.444444444444441089e+00
3.735999999999999766e+00,1.637500000000000000e+02,3.222222222222219212e+00
3.735999999999999766e+00,1.642500000000000000e+02,3.111111111111107608e+00
3.735999999999999766e+00,1.647500000000000000e+02,2.777777777777774570e+00
3.735999999999999766e+00,1.652500000000000000e+02,2.444444444444441089e+00
3.735999999999999766e+00,1.657500000000000000e+02,2.111111111111107608e+00
3.735999999999999766e+00,1.662500000000000000e+02,3.111111111111107608e+00
3.735999999999999766e+00,1.667500000000000000e+02,3.777777777777774570e+00
3.735999999999999766e+00,1.672500000000000000e+02,4.222222222222218768e+00
3.735999999999999766e+00,1.677500000000000000e+02,3.333333333333330373e+00
3.735999999999999766e+00,1.682500000000000000e+02,2.666666666666663854e+00
3.735999999999999766e+00,1.687500000000000000e+02,2.444444444444441533e+00
3.735999999999999766e+00,1.692500000000000000e+02,2.111111111111108052e+00
3.735999999999999766e+00,1.697500000000000000e+02,2.333333333333330373e+00
3.735999999999999766e+00,1.702500000000000000e+02,2.333333333333330373e+00
3.735999999999999766e+00,1.707500000000000000e+02,2.666666666666663854e+00
3.735999999999999766e+00,1.712500000000000000e+02,2.555555555555552694e+00
3.735999999999999766e+00,1.717500000000000000e+02,1.888888888888885953e+00
3.735999999999999766e+00,1.722500000000000000e+02,1.555555555555552694e+00
3.735999999999999766e+00,1.727500000000000000e+02,9.999999999999970024e-01
3.735999999999999766e+00,1.732500000000000000e+02,8.888888888888858419e-01
3.735999999999999766e+00,1.737500000000000000e+02,9.999999999999970024e-01
3.735999999999999766e+00,1.742500000000000000e+02,1.111111111111108274e+00
3.735999999999999766e+00,1.747500000000000000e+02,9.999999999999970024e-01
3.735999999999999766e+00,1.752500000000000000e+02,4.444444444444414777e-01
3.735999999999999766e+00,1.757500000000000000e+02,6.666666666666637431e-01
3.735999999999999766e+00,1.762500000000000000e+02,8.888888888888858419e-01
3.735999999999999766e+00,1.767500000000000000e+02,9.999999999999970024e-01
3.735999999999999766e+00,1.772500000000000000e+02,8.888888888888858419e-01
3.735999999999999766e+00,1.777500000000000000e+02,7.777777777777746815e-01
3.735999999999999766e+00,1.782500000000000000e+02,7.777777777777746815e-01
3.735999999999999766e+00,1.787500000000000000e+02,5.555555555555525826e-01
3.735999999999999766e+00,1.792500000000000000e+02,5.555555555555525826e-01
3.735999999999999766e+00,1.797500000000000000e+02,4.444444444444414777e-01
3.751999999999999780e+00,1.302500000000000000e+02,2.966666666666666785e+01
3.751999999999999780e+00,1.307500000000000000e+02,2.811111111111111427e+01
3.751999999999999780e+00,1.312500000000000000e+02,2.655555555555556069e+01
3.751999999999999780e+00,1.317500000000000000e+02,2.333333333333334281e+01
3.751999999999999780e+00,1.322500000000000000e+02,2.188888888888889639e+01
3.751999999999999780e+00,1.327500000000000000e+02,1.888888888888889639e+01
3.751999999999999780e+00,1.332500000000000000e+02,1.822222222222222854e+01
3.751999999999999780e+00,1.337500000000000000e+02,1.744444444444445352e+01
3.751999999999999780e+00,1.342500000000000000e+02,1.700000000000001066e+01
3.751999999999999780e+00,1.347500000000000000e+02,1.600000000000001066e+01
3.751999999999999780e+00,1.352500000000000000e+02,1.322222222222223031e+01
3.751999999999999780e+00,1.357500000000000000e+02,1.444444444444445175e+01
3.751999999999999780e+00,1.362500000000000000e+02,1.355555555555556424e+01
3.751999999999999780e+00,1.367500000000000000e+02,1.477777777777778567e+01
3.751999999999999780e+00,1.372500000000000000e+02,1.322222222222223031e+01
3.751999999999999780e+00,1.377500000000000000e+02,1.322222222222223031e+01
3.751999999999999780e+00,1.382500000000000000e+02,1.144444444444445175e+01
3.751999999999999780e+00,1.387500000000000000e+02,1.077777777777778567e+01
3.751999999999999780e+00,1.392500000000000000e+02,8.666666666666674956e+00
3.751999999999999780e+00,1.397500000000000000e+02,9.111111111111119598e+00
3.751999999999999780e+00,1.402500000000000000e+02,8.888888888888896389e+00
3.751999999999999780e+00,1.407500000000000000e+02,8.888888888888896389e+00
3.751999999999999780e+00,1.412500000000000000e+02,8.444444444444451747e+00
3.751999999999999780e+00,1.417500000000000000e+02,7.444444444444452635e+00
3.751999999999999780e+00,1.422500000000000000e+02,7.888888888888896389e+00
3.751999999999999780e+00,1.427500000000000000e+02,6.777777777777785673e+00
3.751999999999999780e+00,1.432500000000000000e+02,6.444444444444452635e+00
3.751999999999999780e+00,1.437500000000000000e+02,6.444444444444452635e+00
3.751999999999999780e+00,1.442500000000000000e+02,7.000000000000007105e+00
3.751999999999999780e+00,1.447500000000000000e+02,6.222222222222228538e+00
3.751999999999999780e+00,1.452500000000000000e+02,5.000000000000006217e+00
3.751999999999999780e+00,1.457500000000000000e+02,4.555555555555561575e+00
3.751999999999999780e+00,1.462500000000000000e+02,5.888888888888895501e+00
3.751999999999999780e+00,1.467500000000000000e+02,5.888888888888895501e+00
3.751999999999999780e+00,1.472500000000000000e+02,6.000000000000006217e+00
3.751999999999999780e+00,1.477500000000000000e+02,5.444444444444449971e+00
3.751999999999999780e+00,1.482500000000000000e+02,5.444444444444449971e+00
3.751999999999999780e+00,1.487500000000000000e+02,5.222222222222227650e+00
3.751999999999999780e+00,1.492500000000000000e+02,4.777777777777783008e+00
3.751999999999999780e+00,1.497500000000000000e+02,4.666666666666672292e+00
3.751999999999999780e+00,1.502500000000000000e+02,4.555555555555561575e+00
3.751999999999999780e+00,1.507500000000000000e+02,4.888888888888894613e+00
3.751999999999999780e+00,1.512500000000000000e+02,5.333333333333339255e+00
3.751999999999999780e+00,1.517500000000000000e+02,5.666666666666672292e+00
3.751999999999999780e+00,1.522500000000000000e+02,5.777777777777783008e+00
3.751999999999999780e+00,1.527500000000000000e+02,6.444444444444449971e+00
3.751999999999999780e+00,1.532500000000000000e+02,6.222222222222228538e+00
3.751999999999999780e+00,1.537500000000000000e+02,5.222222222222228538e+00
3.751999999999999780e+00,1.542500000000000000e+02,3.888888888888895057e+00
3.751999999999999780e+00,1.547500000000000000e+02,3.666666666666672736e+00
3.751999999999999780e+00,1.552500000000000000e+02,3.888888888888894613e+00
3.751999999999999780e+00,1.557500000000000000e+02,4.444444444444449971e+00
3.751999999999999780e+00,1.562500000000000000e+02,4.333333333333338366e+00
3.751999999999999780e+00,1.567500000000000000e+02,4.000000000000005329e+00
3.751999999999999780e+00,1.572500000000000000e+02,3.555555555555560687e+00
3.751999999999999780e+00,1.577500000000000000e+02,3.555555555555560687e+00
3.751999999999999780e+00,1.582500000000000000e+02,3.222222222222227206e+00
3.751999999999999780e+00,1.587500000000000000e+02,3.333333333333338810e+00
3.751999999999999780e+00,1.592500000000000000e+02,3.000000000000005329e+00
3.751999999999999780e+00,1.597500000000000000e+02,3.888888888888894169e+00
3.751999999999999780e+00,1.602500000000000000e+02,3.000000000000004885e+00
3.751999999999999780e+00,1.607500000000000000e+02,3.111111111111116045e+00
3.751999999999999780e+00,1.612500000000000000e+02,2.333333333333337922e+00
3.751999999999999780e+00,1.617500000000000000e+02,3.222222222222227206e+00
3.751999999999999780e+00,1.622500000000000000e+02,3.222222222222227206e+00
3.751999999999999780e+00,1.627500000000000000e+02,3.111111111111116490e+00
3.751999999999999780e+00,1.632500000000000000e+02,2.888888888888894613e+00
3.751999999999999780e+00,1.637500000000000000e+02,2.888888888888894613e+00
3.751999999999999780e+00,1.642500000000000000e+02,3.333333333333339255e+00
3.751999999999999780e+00,1.647500000000000000e+02,3.222222222222228094e+00
3.751999999999999780e+00,1.652500000000000000e+02,2.666666666666672736e+00
3.751999999999999780e+00,1.657500000000000000e+02,2.000000000000005773e+00
3.751999999999999780e+00,1.662500000000000000e+02,2.555555555555561575e+00
3.751999999999999780e+00,1.667500000000000000e+02,3.333333333333339255e+00
3.751999999999999780e+00,1.672500000000000000e+02,3.666666666666672736e+00
3.751999999999999780e+00,1.677500000000000000e+02,3.111111111111116490e+00
3.751999999999999780e+00,1.682500000000000000e+02,2.555555555555561131e+00
3.751999999999999780e+00,1.687500000000000000e+02,2.444444444444450415e+00
3.751999999999999780e+00,1.692500000000000000e+02,2.000000000000005773e+00
3.751999999999999780e+00,1.697500000000000000e+02,1.777777777777783674e+00
3.751999999999999780e+00,1.702500000000000000e+02,1.888888888888894613e+00
3.751999999999999780e+00,1.707500000000000000e+02,2.000000000000005773e+00
3.751999999999999780e+00,1.712500000000000000e+02,2.333333333333338810e+00
3.751999999999999780e+00,1.717500000000000000e+02,1.666666666666672292e+00
3.751999999999999780e+00,1.722500000000000000e+02,1.444444444444449971e+00
3.751999999999999780e+00,1.727500000000000000e+02,6.666666666666721808e-01
3.751999999999999780e+00,1.732500000000000000e+02,8.888888888888942796e-01
3.751999999999999780e+00,1.737500000000000000e+02,1.000000000000005551e+00
3.751999999999999780e+00,1.742500000000000000e+02,1.222222222222227650e+00
3.751999999999999780e+00,1.747500000000000000e+02,7.777777777777833412e-01
3.751999999999999780e+00,1.752500000000000000e+02,4.444444444444499709e-01
3.751999999999999780e+00,1.757500000000000000e+02,6.666666666666721808e-01
3.751999999999999780e+00,1.762500000000000000e+02,1.000000000000005551e+00
3.751999999999999780e+00,1.767500000000000000e+02,7.777777777777833412e-01
3.751999999999999780e+00,1.772500000000000000e+02,7.777777777777833412e-01
3.751999999999999780e+00,1.777500000000000000e+02,6.666666666666721808e-01
3.751999999999999780e+00,1.782500000000000000e+02,6.666666666666721808e-01
3.751999999999999780e+00,1.787500000000000000e+02,3.333333333333388104e-01
3.751999999999999780e+00,1.792500000000000000e+02,1.111111111111166005e-01
3.751999999999999780e+00,1.797500000000000000e+02,1.111111111111166005e-01
3.767999999999999794e+00,1.302500000000000000e+02,3.044444444444444287e+01
3.767999999999999794e+00,1.307500000000000000e+02,2.877777777777777501e+01
3.767999999999999794e+00,1.312500000000000000e+02,2.733333333333333215e+01
3.767999999999999794e+00,1.317500000000000000e+02,2.733333333333333215e+01
3.767999999999999794e+00,1.322500000000000000e+02,2.522222222222222499e+01
3.767999999999999794e+00,1.327500000000000000e+02,2.177777777777778212e+01
3.767999999999999794e+00,1.332500000000000000e+02,1.855555555555556069e+01
3.767999999999999794e+00,1.337500000000000000e+02,1.833333333333333925e+01
3.767999999999999794e+00,1.342500000000000000e+02,1.811111111111111782e+01
3.767999999999999794e+00,1.347500000000000000e+02,1.633333333333333925e+01
3.767999999999999794e+00,1.352500000000000000e+02,1.377777777777778390e+01
3.767999999999999794e+00,1.357500000000000000e+02,1.388888888888889461e+01
3.767999999999999794e+00,1.362500000000000000e+02,1.366666666666667140e+01
3.767999999999999794e+00,1.367500000000000000e+02,1.544444444444444997e+01
3.767999999999999794e+00,1.372500000000000000e+02,1.344444444444444997e+01
3.767999999999999794e+00,1.377500000000000000e+02,1.322222222222222854e+01
3.767999999999999794e+00,1.382500000000000000e+02,1.111111111111111605e+01
3.767999999999999794e+00,1.387500000000000000e+02,1.122222222222222854e+01
3.767999999999999794e+00,1.392500000000000000e+02,9.888888888888894613e+00
3.767999999999999794e+00,1.397500000000000000e+02,1.000000000000000533e+01
3.767999999999999794e+00,1.402500000000000000e+02,9.555555555555562464e+00
3.767999999999999794e+00,1.407500000000000000e+02,8.777777777777783896e+00
3.767999999999999794e+00,1.412500000000000000e+02,8.111111111111117822e+00
3.767999999999999794e+00,1.417500000000000000e+02,8.111111111111117822e+00
3.767999999999999794e+00,1.422500000000000000e+02,8.555555555555562464e+00
3.767999999999999794e+00,1.427500000000000000e+02,7.555555555555561575e+00
3.767999999999999794e+00,1.432500000000000000e+02,7.444444444444449971e+00
3.767999999999999794e+00,1.437500000000000000e+02,7.666666666666671404e+00
3.767999999999999794e+00,1.442500000000000000e+02,8.555555555555560687e+00
3.767999999999999794e+00,1.447500000000000000e+02,7.111111111111116934e+00
3.767999999999999794e+00,1.452500000000000000e+02,6.666666666666672292e+00
3.767999999999999794e+00,1.457500000000000000e+02,5.333333333333339255e+00
3.767999999999999794e+00,1.462500000000000000e+02,6.555555555555561575e+00
3.767999999999999794e+00,1.467500000000000000e+02,5.111111111111117822e+00
3.767999999999999794e+00,1.472500000000000000e+02,5.222222222222229426e+00
3.767999999999999794e+00,1.477500000000000000e+02,4.666666666666674068e+00
3.767999999999999794e+00,1.482500000000000000e+02,5.111111111111117822e+00
3.767999999999999794e+00,1.487500000000000000e+02,4.666666666666673180e+00
3.767999999999999794e+00,1.492500000000000000e+02,3.555555555555562020e+00
3.767999999999999794e+00,1.497500000000000000e+02,3.111111111111117822e+00
3.767999999999999794e+00,1.502500000000000000e+02,3.333333333333339699e+00
3.767999999999999794e+00,1.507500000000000000e+02,4.444444444444450859e+00
3.767999999999999794e+00,1.512500000000000000e+02,5.444444444444450859e+00
3.767999999999999794e+00,1.517500000000000000e+02,5.555555555555561575e+00
3.767999999999999794e+00,1.522500000000000000e+02,5.666666666666674068e+00
3.767999999999999794e+00,1.527500000000000000e+02,5.777777777777784785e+00
3.767999999999999794e+00,1.532500000000000000e+02,6.666666666666674068e+00
3.767999999999999794e+00,1.537500000000000000e+02,5.666666666666674068e+00
3.767999999999999794e+00,1.542500000000000000e+02,4.666666666666674068e+00
3.767999999999999794e+00,1.547500000000000000e+02,3.777777777777784340e+00
3.767999999999999794e+00,1.552500000000000000e+02,3.666666666666673624e+00
3.767999999999999794e+00,1.557500000000000000e+02,3.777777777777784340e+00
3.767999999999999794e+00,1.562500000000000000e+02,3.333333333333340587e+00
3.767999999999999794e+00,1.567500000000000000e+02,3.555555555555562464e+00
3.767999999999999794e+00,1.572500000000000000e+02,3.444444444444451303e+00
3.767999999999999794e+00,1.577500000000000000e+02,4.333333333333340143e+00
3.767999999999999794e+00,1.582500000000000000e+02,3.888888888888895945e+00
3.767999999999999794e+00,1.587500000000000000e+02,3.666666666666673624e+00
3.767999999999999794e+00,1.592500000000000000e+02,3.111111111111117822e+00
3.767999999999999794e+00,1.597500000000000000e+02,3.333333333333340587e+00
3.767999999999999794e+00,1.602500000000000000e+02,3.111111111111118266e+00
3.767999999999999794e+00,1.607500000000000000e+02,2.777777777777785229e+00
3.767999999999999794e+00,1.612500000000000000e+02,2.555555555555562908e+00
3.767999999999999794e+00,1.617500000000000000e+02,2.777777777777785229e+00
3.767999999999999794e+00,1.622500000000000000e+02,2.888888888888896389e+00
3.767999999999999794e+00,1.627500000000000000e+02,2.888888888888896389e+00
3.767999999999999794e+00,1.632500000000000000e+02,2.888888888888896389e+00
3.767999999999999794e+00,1.637500000000000000e+02,2.777777777777785229e+00
3.767999999999999794e+00,1.642500000000000000e+02,3.222222222222229870e+00
3.767999999999999794e+00,1.647500000000000000e+02,3.222222222222229870e+00
3.767999999999999794e+00,1.652500000000000000e+02,3.000000000000007550e+00
3.767999999999999794e+00,1.657500000000000000e+02,2.666666666666674512e+00
3.767999999999999794e+00,1.662500000000000000e+02,3.000000000000007550e+00
3.767999999999999794e+00,1.667500000000000000e+02,3.444444444444452191e+00
3.767999999999999794e+00,1.672500000000000000e+02,3.222222222222230315e+00
3.767999999999999794e+00,1.677500000000000000e+02,3.000000000000008438e+00
3.767999999999999794e+00,1.682500000000000000e+02,2.555555555555563796e+00
3.767999999999999794e+00,1.687500000000000000e+02,2.666666666666674956e+00
3.767999999999999794e+00,1.692500000000000000e+02,2.000000000000008438e+00
3.767999999999999794e+00,1.697500000000000000e+02,1.666666666666674956e+00
3.767999999999999794e+00,1.702500000000000000e+02,1.222222222222230537e+00
3.767999999999999794e+00,1.707500000000000000e+02,1.222222222222230537e+00
3.767999999999999794e+00,1.712500000000000000e+02,1.222222222222230537e+00
3.767999999999999794e+00,1.717500000000000000e+02,1.000000000000008438e+00
3.767999999999999794e+00,1.722500000000000000e+02,1.222222222222230537e+00
3.767999999999999794e+00,1.727500000000000000e+02,1.000000000000008438e+00
3.767999999999999794e+00,1.732500000000000000e+02,1.222222222222230537e+00
3.767999999999999794e+00,1.737500000000000000e+02,1.222222222222230537e+00
3.767999999999999794e+00,1.742500000000000000e+02,1.222222222222230537e+00
3.767999999999999794e+00,1.747500000000000000e+02,7.777777777777862278e-01
3.767999999999999794e+00,1.752500000000000000e+02,4.444444444444529130e-01
3.767999999999999794e+00,1.757500000000000000e+02,6.666666666666750674e-01
3.767999999999999794e+00,1.762500000000000000e+02,1.000000000000008438e+00
3.767999999999999794e+00,1.767500000000000000e+02,8.888888888888972772e-01
3.767999999999999794e+00,1.772500000000000000e+02,8.888888888888972772e-01
3.767999999999999794e+00,1.777500000000000000e+02,7.777777777777861168e-01
3.767999999999999794e+00,1.782500000000000000e+02,6.666666666666749563e-01
3.767999999999999794e+00,1.787500000000000000e+02,2.222222222222305366e-01
3.767999999999999794e+00,1.792500000000000000e+02,8.326672684688674053e-15
3.767999999999999794e+00,1.797500000000000000e+02,8.326672684688674053e-15
3.783999999999999808e+00,1.302500000000000000e+02,3.177777777777778212e+01
3.783999999999999808e+00,1.307500000000000000e+02,2.911111111111111427e+01
3.783999999999999808e+00,1.312500000000000000e+02,2.677777777777778212e+01
3.783999999999999808e+00,1.317500000000000000e+02,2.888888888888888928e+01
3.783999999999999808e+00,1.322500000000000000e+02,2.711111111111111427e+01
3.783999999999999808e+00,1.327500000000000000e+02,2.366666666666667140e+01
3.783999999999999808e+00,1.332500000000000000e+02,1.844444444444444642e+01
3.783999999999999808e+00,1.337500000000000000e+02,1.688888888888888928e+01
3.783999999999999808e+00,1.342500000000000000e+02,1.711111111111111427e+01
3.783999999999999808e+00,1.347500000000000000e+02,1.644444444444444642e+01
3.783999999999999808e+00,1.352500000000000000e+02,1.511111111111111427e+01
3.783999999999999808e+00,1.357500000000000000e+02,1.422222222222222321e+01
3.783999999999999808e+00,1.362500000000000000e+02,1.411111111111111249e+01
3.783999999999999808e+00,1.367500000000000000e+02,1.466666666666666607e+01
3.783999999999999808e+00,1.372500000000000000e+02,1.422222222222222143e+01
3.783999999999999808e+00,1.377500000000000000e+02,1.333333333333333393e+01
3.783999999999999808e+00,1.382500000000000000e+02,1.177777777777777857e+01
3.783999999999999808e+00,1.387500000000000000e+02,1.033333333333333393e+01
3.783999999999999808e+00,1.392500000000000000e+02,9.888888888888891060e+00
3.783999999999999808e+00,1.397500000000000000e+02,9.888888888888891060e+00
3.783999999999999808e+00,1.402500000000000000e+02,9.555555555555557135e+00
3.783999999999999808e+00,1.407500000000000000e+02,8.555555555555557135e+00
3.783999999999999808e+00,1.412500000000000000e+02,9.000000000000001776e+00
3.783999999999999808e+00,1.417500000000000000e+02,9.111111111111112493e+00
3.783999999999999808e+00,1.422500000000000000e+02,8.888888888888889284e+00
3.783999999999999808e+00,1.427500000000000000e+02,7.888888888888889284e+00
3.783999999999999808e+00,1.432500000000000000e+02,8.777777777777778567e+00
3.783999999999999808e+00,1.437500000000000000e+02,9.000000000000001776e+00
3.783999999999999808e+00,1.442500000000000000e+02,9.000000000000001776e+00
3.783999999999999808e+00,1.447500000000000000e+02,7.000000000000000888e+00
3.783999999999999808e+00,1.452500000000000000e+02,6.777777777777778567e+00
3.783999999999999808e+00,1.457500000000000000e+02,5.444444444444445530e+00
3.783999999999999808e+00,1.462500000000000000e+02,6.222222222222224097e+00
3.783999999999999808e+00,1.467500000000000000e+02,5.333333333333335702e+00
3.783999999999999808e+00,1.472500000000000000e+02,5.555555555555558023e+00
3.783999999999999808e+00,1.477500000000000000e+02,5.111111111111113381e+00
3.783999999999999808e+00,1.482500000000000000e+02,5.555555555555558023e+00
3.783999999999999808e+00,1.487500000000000000e+02,5.444444444444447306e+00
3.783999999999999808e+00,1.492500000000000000e+02,4.555555555555558911e+00
3.783999999999999808e+00,1.497500000000000000e+02,3.777777777777780788e+00
3.783999999999999808e+00,1.502500000000000000e+02,4.111111111111114269e+00
3.783999999999999808e+00,1.507500000000000000e+02,4.444444444444447306e+00
3.783999999999999808e+00,1.512500000000000000e+02,5.222222222222225874e+00
3.783999999999999808e+00,1.517500000000000000e+02,4.888888888888891948e+00
3.783999999999999808e+00,1.522500000000000000e+02,4.777777777777781232e+00
3.783999999999999808e+00,1.527500000000000000e+02,4.555555555555558023e+00
3.783999999999999808e+00,1.532500000000000000e+02,4.888888888888891948e+00
3.783999999999999808e+00,1.537500000000000000e+02,4.222222222222224985e+00
3.783999999999999808e+00,1.542500000000000000e+02,3.777777777777780788e+00
3.783999999999999808e+00,1.547500000000000000e+02,3.555555555555558467e+00
3.783999999999999808e+00,1.552500000000000000e+02,4.222222222222224985e+00
3.783999999999999808e+00,1.557500000000000000e+02,3.888888888888891504e+00
3.783999999999999808e+00,1.562500000000000000e+02,3.000000000000003109e+00
3.783999999999999808e+00,1.567500000000000000e+02,2.777777777777780788e+00
3.783999999999999808e+00,1.572500000000000000e+02,2.777777777777780788e+00
3.783999999999999808e+00,1.577500000000000000e+02,4.111111111111114269e+00
3.783999999999999808e+00,1.582500000000000000e+02,3.666666666666670071e+00
3.783999999999999808e+00,1.587500000000000000e+02,3.444444444444448195e+00
3.783999999999999808e+00,1.592500000000000000e+02,2.666666666666670071e+00
3.783999999999999808e+00,1.597500000000000000e+02,2.666666666666670071e+00
3.783999999999999808e+00,1.602500000000000000e+02,2.777777777777780788e+00
3.783999999999999808e+00,1.607500000000000000e+02,3.222222222222225430e+00
3.783999999999999808e+00,1.612500000000000000e+02,3.666666666666670071e+00
3.783999999999999808e+00,1.617500000000000000e+02,3.777777777777781676e+00
3.783999999999999808e+00,1.622500000000000000e+02,3.666666666666670071e+00
3.783999999999999808e+00,1.627500000000000000e+02,3.222222222222226318e+00
3.783999999999999808e+00,1.632500000000000000e+02,3.111111111111114713e+00
3.783999999999999808e+00,1.637500000000000000e+02,2.333333333333337034e+00
3.783999999999999808e+00,1.642500000000000000e+02,2.666666666666670071e+00
3.783999999999999808e+00,1.647500000000000000e+02,2.555555555555559355e+00
3.783999999999999808e+00,1.652500000000000000e+02,2.444444444444448195e+00
3.783999999999999808e+00,1.657500000000000000e+02,1.888888888888892614e+00
3.783999999999999808e+00,1.662500000000000000e+02,1.777777777777781454e+00
3.783999999999999808e+00,1.667500000000000000e+02,2.222222222222225874e+00
3.783999999999999808e+00,1.672500000000000000e+02,2.333333333333337034e+00
3.783999999999999808e+00,1.677500000000000000e+02,2.444444444444448195e+00
3.783999999999999808e+00,1.682500000000000000e+02,2.333333333333337034e+00
3.783999999999999808e+00,1.687500000000000000e+02,2.444444444444448195e+00
3.783999999999999808e+00,1.692500000000000000e+02,1.888888888888892614e+00
3.783999999999999808e+00,1.697500000000000000e+02,1.666666666666670293e+00
3.783999999999999808e+00,1.702500000000000000e+02,1.222222222222225652e+00
3.783999999999999808e+00,1.707500000000000000e+02,1.111111111111114491e+00
3.783999999999999808e+00,1.712500000000000000e+02,6.666666666666700714e-01
3.783999999999999808e+00,1.717500000000000000e+02,6.666666666666700714e-01
3.783999999999999808e+00,1.722500000000000000e+02,8.888888888888922812e-01
3.783999999999999808e+00,1.727500000000000000e+02,1.000000000000003331e+00
3.783999999999999808e+00,1.732500000000000000e+02,1.111111111111114491e+00
3.783999999999999808e+00,1.737500000000000000e+02,1.222222222222225652e+00
3.783999999999999808e+00,1.742500000000000000e+02,1.000000000000003331e+00
3.783999999999999808e+00,1.747500000000000000e+02,8.888888888888922812e-01
3.783999999999999808e+00,1.752500000000000000e+02,6.666666666666700714e-01
3.783999999999999808e+00,1.757500000000000000e+02,1.000000000000003331e+00
3.783999999999999808e+00,1.762500000000000000e+02,8.888888888888922812e-01
3.783999999999999808e+00,1.767500000000000000e+02,7.777777777777811208e-01
3.783999999999999808e+00,1.772500000000000000e+02,6.666666666666699603e-01
3.783999999999999808e+00,1.777500000000000000e+02,6.666666666666699603e-01
3.783999999999999808e+00,1.782500000000000000e+02,5.555555555555587999e-01
3.783999999999999808e+00,1.787500000000000000e+02,2.222222222222255128e-01
3.783999999999999808e+00,1.792500000000000000e+02,3.293661639721297868e-15
3.783999999999999808e+00,1.797500000000000000e+02,3.293661639721297868e-15
3.799999999999999822e+00,1.302500000000000000e+02,3.488888888888888573e+01
3.799999999999999822e+00,1.307500000000000000e+02,3.166666666666666785e+01
3.799999999999999822e+00,1.312500000000000000e+02,2.855555555555555713e+01
3.799999999999999822e+00,1.317500000000000000e+02,2.922222222222222499e+01
3.799999999999999822e+00,1.322500000000000000e+02,2.755555555555555713e+01
3.799999999999999822e+00,1.327500000000000000e+02,2.500000000000000000e+01
3.799999999999999822e+00,1.332500000000000000e+02,2.111111111111111072e+01
3.799999999999999822e+00,1.337500000000000000e+02,2.033333333333333215e+01
3.799999999999999822e+00,1.342500000000000000e+02,1.933333333333333215e+01
3.799999999999999822e+00,1.347500000000000000e+02,1.788888888888888928e+01
3.799999999999999822e+00,1.352500000000000000e+02,1.566666666666666607e+01
3.799999999999999822e+00,1.357500000000000000e+02,1.611111111111111072e+01
3.799999999999999822e+00,1.362500000000000000e+02,1.477777777777777679e+01
3.799999999999999822e+00,1.367500000000000000e+02,1.444444444444444287e+01
3.799999999999999822e+00,1.372500000000000000e+02,1.377777777777777679e+01
3.799999999999999822e+00,1.377500000000000000e+02,1.288888888888888573e+01
3.799999999999999822e+00,1.382500000000000000e+02,1.144444444444444109e+01
3.799999999999999822e+00,1.387500000000000000e+02,9.555555555555551805e+00
3.799999999999999822e+00,1.392500000000000000e+02,9.999999999999998224e+00
3.799999999999999822e+00,1.397500000000000000e+02,1.077777777777777679e+01
3.799999999999999822e+00,1.402500000000000000e+02,1.022222222222221966e+01
3.799999999999999822e+00,1.407500000000000000e+02,9.444444444444442865e+00
3.799999999999999822e+00,1.412500000000000000e+02,9.444444444444442865e+00
3.799999999999999822e+00,1.417500000000000000e+02,8.888888888888887507e+00
3.799999999999999822e+00,1.422500000000000000e+02,8.333333333333333925e+00
3.799999999999999822e+00,1.427500000000000000e+02,8.333333333333333925e+00
3.799999999999999822e+00,1.432500000000000000e+02,9.444444444444444642e+00
3.799999999999999822e+00,1.437500000000000000e+02,9.000000000000001776e+00
3.799999999999999822e+00,1.442500000000000000e+02,8.222222222222223209e+00
3.799999999999999822e+00,1.447500000000000000e+02,7.111111111111111605e+00
3.799999999999999822e+00,1.452500000000000000e+02,7.666666666666667851e+00
3.799999999999999822e+00,1.457500000000000000e+02,6.555555555555557135e+00
3.799999999999999822e+00,1.462500000000000000e+02,6.666666666666667851e+00
3.799999999999999822e+00,1.467500000000000000e+02,5.888888888888890172e+00
3.799999999999999822e+00,1.472500000000000000e+02,5.888888888888890172e+00
3.799999999999999822e+00,1.477500000000000000e+02,5.222222222222224097e+00
3.799999999999999822e+00,1.482500000000000000e+02,5.222222222222224097e+00
3.799999999999999822e+00,1.487500000000000000e+02,5.444444444444446418e+00
3.799999999999999822e+00,1.492500000000000000e+02,4.888888888888891060e+00
3.799999999999999822e+00,1.497500000000000000e+02,4.111111111111113381e+00
3.799999999999999822e+00,1.502500000000000000e+02,4.111111111111113381e+00
3.799999999999999822e+00,1.507500000000000000e+02,4.444444444444446418e+00
3.799999999999999822e+00,1.512500000000000000e+02,5.222222222222224097e+00
3.799999999999999822e+00,1.517500000000000000e+02,4.222222222222224097e+00
3.799999999999999822e+00,1.522500000000000000e+02,4.000000000000002665e+00
3.799999999999999822e+00,1.527500000000000000e+02,3.000000000000002220e+00
3.799999999999999822e+00,1.532500000000000000e+02,4.111111111111113381e+00
3.799999999999999822e+00,1.537500000000000000e+02,3.444444444444446418e+00
3.799999999999999822e+00,1.542500000000000000e+02,3.666666666666668295e+00
3.799999999999999822e+00,1.547500000000000000e+02,3.000000000000001776e+00
3.799999999999999822e+00,1.552500000000000000e+02,4.000000000000001776e+00
3.799999999999999822e+00,1.557500000000000000e+02,3.555555555555557135e+00
3.799999999999999822e+00,1.562500000000000000e+02,4.111111111111112493e+00
3.799999999999999822e+00,1.567500000000000000e+02,4.111111111111112493e+00
3.799999999999999822e+00,1.572500000000000000e+02,4.222222222222224097e+00
3.799999999999999822e+00,1.577500000000000000e+02,4.333333333333334814e+00
3.799999999999999822e+00,1.582500000000000000e+02,3.222222222222223653e+00
3.799999999999999822e+00,1.587500000000000000e+02,3.222222222222223653e+00
3.799999999999999822e+00,1.592500000000000000e+02,2.555555555555557135e+00
3.799999999999999822e+00,1.597500000000000000e+02,2.888888888888890616e+00
3.799999999999999822e+00,1.602500000000000000e+02,2.777777777777779900e+00
3.799999999999999822e+00,1.607500000000000000e+02,3.222222222222224541e+00
3.799999999999999822e+00,1.612500000000000000e+02,3.888888888888891060e+00
3.799999999999999822e+00,1.617500000000000000e+02,3.888888888888891060e+00
3.799999999999999822e+00,1.622500000000000000e+02,3.777777777777779900e+00
3.799999999999999822e+00,1.627500000000000000e+02,3.222222222222223653e+00
3.799999999999999822e+00,1.632500000000000000e+02,3.444444444444445974e+00
3.799999999999999822e+00,1.637500000000000000e+02,2.666666666666667851e+00
3.799999999999999822e+00,1.642500000000000000e+02,2.777777777777779011e+00
3.799999999999999822e+00,1.647500000000000000e+02,2.333333333333334814e+00
3.799999999999999822e+00,1.652500000000000000e+02,2.222222222222223653e+00
3.799999999999999822e+00,1.657500000000000000e+02,2.000000000000001332e+00
3.799999999999999822e+00,1.662500000000000000e+02,2.111111111111112493e+00
3.799999999999999822e+00,1.667500000000000000e+02,2.555555555555556690e+00
3.799999999999999822e+00,1.672500000000000000e+02,2.333333333333334370e+00
3.799999999999999822e+00,1.677500000000000000e+02,2.333333333333334370e+00
3.799999999999999822e+00,1.682500000000000000e+02,2.333333333333334370e+00
3.799999999999999822e+00,1.687500000000000000e+02,2.444444444444445974e+00
3.799999999999999822e+00,1.692500000000000000e+02,2.222222222222223653e+00
3.799999999999999822e+00,1.697500000000000000e+02,1.888888888888890172e+00
3.799999999999999822e+00,1.702500000000000000e+02,1.444444444444445752e+00
3.799999999999999822e+00,1.707500000000000000e+02,1.333333333333334814e+00
3.799999999999999822e+00,1.712500000000000000e+02,1.111111111111112493e+00
3.799999999999999822e+00,1.717500000000000000e+02,1.444444444444445752e+00
3.799999999999999822e+00,1.722500000000000000e+02,1.555555555555556912e+00
3.799999999999999822e+00,1.727500000000000000e+02,1.666666666666667851e+00
3.799999999999999822e+00,1.732500000000000000e+02,1.333333333333334592e+00
3.799999999999999822e+00,1.737500000000000000e+02,1.222222222222223431e+00
3.799999999999999822e+00,1.742500000000000000e+02,1.000000000000001110e+00
3.799999999999999822e+00,1.747500000000000000e+02,1.222222222222223431e+00
3.799999999999999822e+00,1.752500000000000000e+02,1.000000000000001110e+00
3.799999999999999822e+00,1.757500000000000000e+02,1.111111111111112271e+00
3.799999999999999822e+00,1.762500000000000000e+02,7.777777777777789003e-01
3.799999999999999822e+00,1.767500000000000000e+02,7.777777777777789003e-01
3.799999999999999822e+00,1.772500000000000000e+02,7.777777777777789003e-01
3.799999999999999822e+00,1.777500000000000000e+02,5.555555555555566905e-01
3.799999999999999822e+00,1.782500000000000000e+02,4.444444444444455855e-01
3.799999999999999822e+00,1.787500000000000000e+02,1.184237892933500244e-15
3.799999999999999822e+00,1.792500000000000000e+02,1.184237892933500244e-15
3.799999999999999822e+00,1.797500000000000000e+02,1.184237892933500244e-15
3.815999999999999837e+00,1.302500000000000000e+02,3.488888888888889284e+01
3.815999999999999837e+00,1.307500000000000000e+02,3.333333333333333570e+01
3.815999999999999837e+00,1.312500000000000000e+02,3.100000000000000000e+01
3.815999999999999837e+00,1.317500000000000000e+02,3.177777777777778212e+01
3.815999999999999837e+00,1.322500000000000000e+02,2.888888888888888928e+01
3.815999999999999837e+00,1.327500000000000000e+02,2.577777777777778212e+01
3.815999999999999837e+00,1.332500000000000000e+02,2.177777777777778212e+01
3.815999999999999837e+00,1.337500000000000000e+02,2.122222222222222499e+01
3.815999999999999837e+00,1.342500000000000000e+02,2.000000000000000000e+01
3.815999999999999837e+00,1.347500000000000000e+02,1.822222222222222499e+01
3.815999999999999837e+00,1.352500000000000000e+02,1.755555555555555713e+01
3.815999999999999837e+00,1.357500000000000000e+02,1.866666666666666785e+01
3.815999999999999837e+00,1.362500000000000000e+02,1.788888888888888928e+01
3.815999999999999837e+00,1.367500000000000000e+02,1.555555555555555713e+01
3.815999999999999837e+00,1.372500000000000000e+02,1.566666666666666607e+01
3.815999999999999837e+00,1.377500000000000000e+02,1.400000000000000000e+01
3.815999999999999837e+00,1.382500000000000000e+02,1.244444444444444464e+01
3.815999999999999837e+00,1.387500000000000000e+02,9.777777777777778567e+00
3.815999999999999837e+00,1.392500000000000000e+02,1.011111111111111249e+01
3.815999999999999837e+00,1.397500000000000000e+02,1.133333333333333393e+01
3.815999999999999837e+00,1.402500000000000000e+02,1.044444444444444464e+01
3.815999999999999837e+00,1.407500000000000000e+02,1.011111111111111249e+01
3.815999999999999837e+00,1.412500000000000000e+02,1.011111111111111249e+01
3.815999999999999837e+00,1.417500000000000000e+02,9.333333333333333925e+00
3.815999999999999837e+00,1.422500000000000000e+02,8.555555555555555358e+00
3.815999999999999837e+00,1.427500000000000000e+02,7.888888888888889284e+00
3.815999999999999837e+00,1.432500000000000000e+02,8.333333333333333925e+00
3.815999999999999837e+00,1.437500000000000000e+02,7.666666666666666963e+00
3.815999999999999837e+00,1.442500000000000000e+02,6.777777777777777679e+00
3.815999999999999837e+00,1.447500000000000000e+02,6.111111111111110716e+00
3.815999999999999837e+00,1.452500000000000000e+02,6.666666666666666963e+00
3.815999999999999837e+00,1.457500000000000000e+02,5.888888888888888395e+00
3.815999999999999837e+00,1.462500000000000000e+02,6.000000000000000000e+00
3.815999999999999837e+00,1.467500000000000000e+02,5.888888888888889284e+00
3.815999999999999837e+00,1.472500000000000000e+02,6.000000000000000000e+00
3.815999999999999837e+00,1.477500000000000000e+02,5.222222222222222321e+00
3.815999999999999837e+00,1.482500000000000000e+02,5.111111111111110716e+00
3.815999999999999837e+00,1.487500000000000000e+02,5.555555555555554470e+00
3.815999999999999837e+00,1.492500000000000000e+02,5.444444444444443754e+00
3.815999999999999837e+00,1.497500000000000000e+02,4.555555555555555358e+00
3.815999999999999837e+00,1.502500000000000000e+02,4.333333333333333037e+00
3.815999999999999837e+00,1.507500000000000000e+02,4.555555555555556246e+00
3.815999999999999837e+00,1.512500000000000000e+02,4.555555555555556246e+00
3.815999999999999837e+00,1.517500000000000000e+02,4.222222222222222321e+00
3.815999999999999837e+00,1.522500000000000000e+02,4.555555555555556246e+00
3.815999999999999837e+00,1.527500000000000000e+02,4.444444444444445530e+00
3.815999999999999837e+00,1.532500000000000000e+02,4.111111111111111605e+00
3.815999999999999837e+00,1.537500000000000000e+02,3.222222222222222765e+00
3.815999999999999837e+00,1.542500000000000000e+02,3.555555555555555802e+00
3.815999999999999837e+00,1.547500000000000000e+02,3.888888888888889284e+00
3.815999999999999837e+00,1.552500000000000000e+02,4.777777777777778567e+00
3.815999999999999837e+00,1.557500000000000000e+02,4.222222222222223209e+00
3.815999999999999837e+00,1.562500000000000000e+02,4.000000000000000888e+00
3.815999999999999837e+00,1.567500000000000000e+02,3.555555555555556690e+00
3.815999999999999837e+00,1.572500000000000000e+02,3.444444444444445086e+00
3.815999999999999837e+00,1.577500000000000000e+02,3.333333333333334370e+00
3.815999999999999837e+00,1.582500000000000000e+02,2.333333333333334370e+00
3.815999999999999837e+00,1.587500000000000000e+02,2.222222222222223209e+00
3.815999999999999837e+00,1.592500000000000000e+02,1.888888888888889950e+00
3.815999999999999837e+00,1.597500000000000000e+02,2.666666666666667851e+00
3.815999999999999837e+00,1.602500000000000000e+02,2.666666666666667851e+00
3.815999999999999837e+00,1.607500000000000000e+02,3.444444444444445974e+00
3.815999999999999837e+00,1.612500000000000000e+02,3.666666666666667851e+00
3.815999999999999837e+00,1.617500000000000000e+02,3.555555555555556690e+00
3.815999999999999837e+00,1.622500000000000000e+02,3.555555555555556690e+00
3.815999999999999837e+00,1.627500000000000000e+02,3.111111111111112049e+00
3.815999999999999837e+00,1.632500000000000000e+02,3.555555555555556690e+00
3.815999999999999837e+00,1.637500000000000000e+02,2.666666666666667851e+00
3.815999999999999837e+00,1.642500000000000000e+02,2.555555555555556690e+00
3.815999999999999837e+00,1.647500000000000000e+02,2.222222222222223209e+00
3.815999999999999837e+00,1.652500000000000000e+02,1.777777777777778567e+00
3.815999999999999837e+00,1.657500000000000000e+02,1.666666666666667629e+00
3.815999999999999837e+00,1.662500000000000000e+02,1.666666666666667629e+00
3.815999999999999837e+00,1.667500000000000000e+02,2.222222222222223209e+00
3.815999999999999837e+00,1.672500000000000000e+02,1.777777777777778567e+00
3.815999999999999837e+00,1.677500000000000000e+02,1.666666666666667629e+00
3.815999999999999837e+00,1.682500000000000000e+02,1.555555555555556468e+00
3.815999999999999837e+00,1.687500000000000000e+02,1.666666666666667629e+00
3.815999999999999837e+00,1.692500000000000000e+02,1.555555555555556468e+00
3.815999999999999837e+00,1.697500000000000000e+02,1.333333333333334147e+00
3.815999999999999837e+00,1.702500000000000000e+02,1.111111111111112049e+00
3.815999999999999837e+00,1.707500000000000000e+02,1.111111111111112049e+00
3.815999999999999837e+00,1.712500000000000000e+02,1.444444444444445530e+00
3.815999999999999837e+00,1.717500000000000000e+02,2.111111111111112049e+00
3.815999999999999837e+00,1.722500000000000000e+02,2.111111111111112049e+00
3.815999999999999837e+00,1.727500000000000000e+02,1.888888888888889950e+00
3.815999999999999837e+00,1.732500000000000000e+02,1.444444444444445530e+00
3.815999999999999837e+00,1.737500000000000000e+02,1.000000000000001110e+00
3.815999999999999837e+00,1.742500000000000000e+02,6.666666666666678509e-01
3.815999999999999837e+00,1.747500000000000000e+02,8.888888888888901718e-01
3.815999999999999837e+00,1.752500000000000000e+02,8.888888888888901718e-01
3.815999999999999837e+00,1.757500000000000000e+02,1.000000000000001332e+00
3.815999999999999837e+00,1.762500000000000000e+02,5.555555555555568015e-01
3.815999999999999837e+00,1.767500000000000000e+02,6.666666666666679619e-01
3.815999999999999837e+00,1.772500000000000000e+02,6.666666666666679619e-01
3.815999999999999837e+00,1.777500000000000000e+02,5.555555555555569125e-01
3.815999999999999837e+00,1.782500000000000000e+02,5.555555555555569125e-01
3.815999999999999837e+00,1.787500000000000000e+02,2.222222222222235699e-01
3.815999999999999837e+00,1.792500000000000000e+02,1.111111111111124788e-01
3.815999999999999837e+00,1.797500000000000000e+02,1.369275063704359799e-15
3.831999999999999851e+00,1.302500000000000000e+02,4.100000000000000000e+01
3.831999999999999851e+00,1.307500000000000000e+02,3.966666666666666430e+01
3.831999999999999851e+00,1.312500000000000000e+02,3.544444444444444997e+01
3.831999999999999851e+00,1.317500000000000000e+02,3.266666666666667140e+01
3.831999999999999851e+00,1.322500000000000000e+02,2.877777777777778212e+01
3.831999999999999851e+00,1.327500000000000000e+02,2.655555555555555713e+01
3.831999999999999851e+00,1.332500000000000000e+02,2.433333333333333215e+01
3.831999999999999851e+00,1.337500000000000000e+02,2.388888888888888928e+01
3.831999999999999851e+00,1.342500000000000000e+02,2.277777777777778212e+01
3.831999999999999851e+00,1.347500000000000000e+02,2.044444444444444642e+01
3.831999999999999851e+00,1.352500000000000000e+02,1.955555555555555713e+01
3.831999999999999851e+00,1.357500000000000000e+02,1.955555555555555713e+01
3.831999999999999851e+00,1.362500000000000000e+02,1.833333333333333215e+01
3.831999999999999851e+00,1.367500000000000000e+02,1.622222222222222143e+01
3.831999999999999851e+00,1.372500000000000000e+02,1.655555555555555358e+01
3.831999999999999851e+00,1.377500000000000000e+02,1.466666666666666607e+01
3.831999999999999851e+00,1.382500000000000000e+02,1.288888888888889106e+01
3.831999999999999851e+00,1.387500000000000000e+02,1.044444444444444464e+01
3.831999999999999851e+00,1.392500000000000000e+02,9.888888888888889284e+00
3.831999999999999851e+00,1.397500000000000000e+02,1.122222222222222321e+01
3.831999999999999851e+00,1.402500000000000000e+02,1.088888888888889106e+01
3.831999999999999851e+00,1.407500000000000000e+02,1.144444444444444819e+01
3.831999999999999851e+00,1.412500000000000000e+02,1.044444444444444819e+01
3.831999999999999851e+00,1.417500000000000000e+02,9.777777777777780344e+00
3.831999999999999851e+00,1.422500000000000000e+02,9.222222222222224985e+00
3.831999999999999851e+00,1.427500000000000000e+02,8.777777777777780344e+00
3.831999999999999851e+00,1.432500000000000000e+02,8.333333333333337478e+00
3.831999999999999851e+00,1.437500000000000000e+02,7.777777777777781232e+00
3.831999999999999851e+00,1.442500000000000000e+02,7.555555555555559799e+00
3.831999999999999851e+00,1.447500000000000000e+02,7.222222222222225874e+00
3.831999999999999851e+00,1.452500000000000000e+02,7.111111111111115157e+00
3.831999999999999851e+00,1.457500000000000000e+02,6.333333333333338366e+00
3.831999999999999851e+00,1.462500000000000000e+02,6.333333333333338366e+00
3.831999999999999851e+00,1.467500000000000000e+02,5.555555555555559799e+00
3.831999999999999851e+00,1.472500000000000000e+02,5.222222222222225874e+00
3.831999999999999851e+00,1.477500000000000000e+02,4.444444444444449083e+00
3.831999999999999851e+00,1.482500000000000000e+02,4.666666666666671404e+00
3.831999999999999851e+00,1.487500000000000000e+02,4.444444444444449083e+00
3.831999999999999851e+00,1.492500000000000000e+02,4.777777777777782120e+00
3.831999999999999851e+00,1.497500000000000000e+02,4.333333333333337478e+00
3.831999999999999851e+00,1.502500000000000000e+02,4.777777777777782120e+00
3.831999999999999851e+00,1.507500000000000000e+02,4.777777777777782120e+00
3.831999999999999851e+00,1.512500000000000000e+02,4.888888888888893725e+00
3.831999999999999851e+00,1.517500000000000000e+02,4.555555555555559799e+00
3.831999999999999851e+00,1.522500000000000000e+02,5.000000000000004441e+00
3.831999999999999851e+00,1.527500000000000000e+02,4.666666666666671404e+00
3.831999999999999851e+00,1.532500000000000000e+02,4.333333333333338366e+00
3.831999999999999851e+00,1.537500000000000000e+02,3.888888888888894169e+00
3.831999999999999851e+00,1.542500000000000000e+02,4.444444444444449971e+00
3.831999999999999851e+00,1.547500000000000000e+02,4.444444444444449971e+00
3.831999999999999851e+00,1.552500000000000000e+02,4.444444444444449971e+00
3.831999999999999851e+00,1.557500000000000000e+02,4.111111111111116934e+00
3.831999999999999851e+00,1.562500000000000000e+02,4.111111111111116934e+00
3.831999999999999851e+00,1.567500000000000000e+02,3.888888888888894169e+00
3.831999999999999851e+00,1.572500000000000000e+02,3.444444444444449971e+00
3.831999999999999851e+00,1.577500000000000000e+02,3.222222222222228094e+00
3.831999999999999851e+00,1.582500000000000000e+02,2.333333333333339255e+00
3.831999999999999851e+00,1.587500000000000000e+02,2.666666666666672736e+00
3.831999999999999851e+00,1.592500000000000000e+02,2.444444444444450415e+00
3.831999999999999851e+00,1.597500000000000000e+02,3.222222222222228538e+00
3.831999999999999851e+00,1.602500000000000000e+02,2.777777777777783896e+00
3.831999999999999851e+00,1.607500000000000000e+02,3.333333333333339255e+00
3.831999999999999851e+00,1.612500000000000000e+02,3.444444444444449971e+00
3.831999999999999851e+00,1.617500000000000000e+02,3.222222222222228094e+00
3.831999999999999851e+00,1.622500000000000000e+02,3.444444444444449971e+00
3.831999999999999851e+00,1.627500000000000000e+02,2.777777777777783452e+00
3.831999999999999851e+00,1.632500000000000000e+02,3.222222222222228094e+00
3.831999999999999851e+00,1.637500000000000000e+02,2.222222222222228094e+00
3.831999999999999851e+00,1.642500000000000000e+02,2.111111111111116490e+00
3.831999999999999851e+00,1.647500000000000000e+02,2.000000000000005773e+00
3.831999999999999851e+00,1.652500000000000000e+02,1.666666666666672292e+00
3.831999999999999851e+00,1.657500000000000000e+02,1.888888888888894613e+00
3.831999999999999851e+00,1.662500000000000000e+02,1.777777777777783230e+00
3.831999999999999851e+00,1.667500000000000000e+02,2.444444444444449971e+00
3.831999999999999851e+00,1.672500000000000000e+02,1.888888888888894613e+00
3.831999999999999851e+00,1.677500000000000000e+02,2.111111111111116490e+00
3.831999999999999851e+00,1.682500000000000000e+02,2.444444444444449971e+00
3.831999999999999851e+00,1.687500000000000000e+02,2.333333333333338810e+00
3.831999999999999851e+00,1.692500000000000000e+02,1.888888888888894613e+00
3.831999999999999851e+00,1.697500000000000000e+02,8.888888888888946127e-01
3.831999999999999851e+00,1.702500000000000000e+02,1.000000000000005773e+00
3.831999999999999851e+00,1.707500000000000000e+02,1.222222222222227872e+00
3.831999999999999851e+00,1.712500000000000000e+02,2.111111111111116934e+00
3.831999999999999851e+00,1.717500000000000000e+02,2.777777777777783452e+00
3.831999999999999851e+00,1.722500000000000000e+02,2.444444444444449971e+00
3.831999999999999851e+00,1.727500000000000000e+02,1.888888888888894391e+00
3.831999999999999851e+00,1.732500000000000000e+02,1.222222222222227650e+00
3.831999999999999851e+00,1.737500000000000000e+02,1.000000000000005329e+00
3.831999999999999851e+00,1.742500000000000000e+02,8.888888888888941686e-01
3.831999999999999851e+00,1.747500000000000000e+02,1.333333333333338588e+00
3.831999999999999851e+00,1.752500000000000000e+02,1.333333333333338588e+00
3.831999999999999851e+00,1.757500000000000000e+02,1.111111111111116490e+00
3.831999999999999851e+00,1.762500000000000000e+02,6.666666666666719587e-01
3.831999999999999851e+00,1.767500000000000000e+02,7.777777777777831192e-01
3.831999999999999851e+00,1.772500000000000000e+02,8.888888888888942796e-01
3.831999999999999851e+00,1.777500000000000000e+02,6.666666666666719587e-01
3.831999999999999851e+00,1.782500000000000000e+02,7.777777777777831192e-01
3.831999999999999851e+00,1.787500000000000000e+02,4.444444444444498044e-01
3.831999999999999851e+00,1.792500000000000000e+02,3.333333333333387549e-01
3.831999999999999851e+00,1.797500000000000000e+02,5.403085386509094900e-15
3.847999999999999865e+00,1.302500000000000000e+02,4.288888888888889284e+01
3.847999999999999865e+00,1.307500000000000000e+02,4.288888888888889284e+01
3.847999999999999865e+00,1.312500000000000000e+02,3.900000000000000711e+01
3.847999999999999865e+00,1.317500000000000000e+02,3.688888888888889284e+01
3.847999999999999865e+00,1.322500000000000000e+02,3.111111111111111427e+01
3.847999999999999865e+00,1.327500000000000000e+02,2.811111111111111427e+01
3.847999999999999865e+00,1.332500000000000000e+02,2.377777777777778212e+01
3.847999999999999865e+00,1.337500000000000000e+02,2.366666666666667140e+01
3.847999999999999865e+00,1.342500000000000000e+02,2.333333333333333925e+01
3.847999999999999865e+00,1.347500000000000000e+02,2.244444444444444642e+01
3.847999999999999865e+00,1.352500000000000000e+02,2.200000000000000000e+01
3.847999999999999865e+00,1.357500000000000000e+02,2.055555555555555358e+01
3.847999999999999865e+00,1.362500000000000000e+02,2.033333333333333215e+01
3.847999999999999865e+00,1.367500000000000000e+02,1.777777777777777857e+01
3.847999999999999865e+00,1.372500000000000000e+02,1.711111111111111072e+01
3.847999999999999865e+00,1.377500000000000000e+02,1.500000000000000000e+01
3.847999999999999865e+00,1.382500000000000000e+02,1.377777777777777679e+01
3.847999999999999865e+00,1.387500000000000000e+02,1.255555555555555181e+01
3.847999999999999865e+00,1.392500000000000000e+02,1.144444444444444109e+01
3.847999999999999865e+00,1.397500000000000000e+02,1.177777777777777324e+01
3.847999999999999865e+00,1.402500000000000000e+02,1.144444444444444109e+01
3.847999999999999865e+00,1.407500000000000000e+02,1.111111111111110716e+01
3.847999999999999865e+00,1.412500000000000000e+02,1.011111111111110716e+01
3.847999999999999865e+00,1.417500000000000000e+02,1.022222222222221966e+01
3.847999999999999865e+00,1.422500000000000000e+02,9.444444444444441089e+00
3.847999999999999865e+00,1.427500000000000000e+02,8.444444444444441089e+00
3.847999999999999865e+00,1.432500000000000000e+02,6.999999999999997335e+00
3.847999999999999865e+00,1.437500000000000000e+02,7.111111111111109828e+00
3.847999999999999865e+00,1.442500000000000000e+02,6.777777777777775903e+00
3.847999999999999865e+00,1.447500000000000000e+02,6.777777777777775903e+00
3.847999999999999865e+00,1.452500000000000000e+02,6.555555555555553582e+00
3.847999999999999865e+00,1.457500000000000000e+02,6.111111111111109828e+00
3.847999999999999865e+00,1.462500000000000000e+02,6.111111111111109828e+00
3.847999999999999865e+00,1.467500000000000000e+02,5.666666666666665186e+00
3.847999999999999865e+00,1.472500000000000000e+02,5.999999999999999112e+00
3.847999999999999865e+00,1.477500000000000000e+02,5.222222222222220545e+00
3.847999999999999865e+00,1.482500000000000000e+02,5.444444444444442865e+00
3.847999999999999865e+00,1.487500000000000000e+02,5.333333333333331261e+00
3.847999999999999865e+00,1.492500000000000000e+02,5.333333333333331261e+00
3.847999999999999865e+00,1.497500000000000000e+02,4.555555555555553582e+00
3.847999999999999865e+00,1.502500000000000000e+02,3.888888888888887063e+00
3.847999999999999865e+00,1.507500000000000000e+02,3.666666666666664742e+00
3.847999999999999865e+00,1.512500000000000000e+02,3.666666666666664742e+00
3.847999999999999865e+00,1.517500000000000000e+02,4.222222222222220545e+00
3.847999999999999865e+00,1.522500000000000000e+02,4.666666666666665186e+00
3.847999999999999865e+00,1.527500000000000000e+02,4.888888888888886619e+00
3.847999999999999865e+00,1.532500000000000000e+02,4.222222222222220545e+00
3.847999999999999865e+00,1.537500000000000000e+02,4.111111111111109828e+00
3.847999999999999865e+00,1.542500000000000000e+02,4.444444444444442865e+00
3.847999999999999865e+00,1.547500000000000000e+02,4.333333333333331261e+00
3.847999999999999865e+00,1.552500000000000000e+02,4.333333333333331261e+00
3.847999999999999865e+00,1.557500000000000000e+02,3.666666666666664742e+00
3.847999999999999865e+00,1.562500000000000000e+02,2.888888888888887063e+00
3.847999999999999865e+00,1.567500000000000000e+02,2.444444444444442421e+00
3.847999999999999865e+00,1.572500000000000000e+02,2.777777777777775459e+00
3.847999999999999865e+00,1.577500000000000000e+02,3.111111111111108940e+00
3.847999999999999865e+00,1.582500000000000000e+02,2.555555555555553138e+00
3.847999999999999865e+00,1.587500000000000000e+02,2.555555555555553138e+00
3.847999999999999865e+00,1.592500000000000000e+02,2.555555555555553138e+00
3.847999999999999865e+00,1.597500000000000000e+02,3.111111111111108940e+00
3.847999999999999865e+00,1.602500000000000000e+02,2.888888888888887063e+00
3.847999999999999865e+00,1.607500000000000000e+02,3.333333333333330817e+00
3.847999999999999865e+00,1.612500000000000000e+02,3.666666666666664298e+00
3.847999999999999865e+00,1.617500000000000000e+02,3.444444444444442421e+00
3.847999999999999865e+00,1.622500000000000000e+02,3.444444444444442421e+00
3.847999999999999865e+00,1.627500000000000000e+02,2.555555555555553582e+00
3.847999999999999865e+00,1.632500000000000000e+02,2.555555555555553582e+00
3.847999999999999865e+00,1.637500000000000000e+02,1.999999999999998224e+00
3.847999999999999865e+00,1.642500000000000000e+02,1.888888888888886841e+00
3.847999999999999865e+00,1.647500000000000000e+02,1.777777777777775681e+00
3.847999999999999865e+00,1.652500000000000000e+02,1.444444444444442199e+00
3.847999999999999865e+00,1.657500000000000000e+02,1.777777777777775681e+00
3.847999999999999865e+00,1.662500000000000000e+02,1.333333333333331039e+00
3.847999999999999865e+00,1.667500000000000000e+02,1.999999999999997558e+00
3.847999999999999865e+00,1.672500000000000000e+02,1.444444444444441977e+00
3.847999999999999865e+00,1.677500000000000000e+02,2.222222222222219656e+00
3.847999999999999865e+00,1.682500000000000000e+02,2.333333333333330817e+00
3.847999999999999865e+00,1.687500000000000000e+02,2.111111111111108496e+00
3.847999999999999865e+00,1.692500000000000000e+02,1.222222222222219878e+00
3.847999999999999865e+00,1.697500000000000000e+02,5.555555555555531377e-01
3.847999999999999865e+00,1.702500000000000000e+02,8.888888888888865081e-01
3.847999999999999865e+00,1.707500000000000000e+02,1.222222222222219878e+00
3.847999999999999865e+00,1.712500000000000000e+02,1.444444444444441977e+00
3.847999999999999865e+00,1.717500000000000000e+02,1.999999999999997558e+00
3.847999999999999865e+00,1.722500000000000000e+02,1.888888888888886619e+00
3.847999999999999865e+00,1.727500000000000000e+02,1.777777777777775681e+00
3.847999999999999865e+00,1.732500000000000000e+02,1.111111111111108940e+00
3.847999999999999865e+00,1.737500000000000000e+02,1.111111111111108940e+00
3.847999999999999865e+00,1.742500000000000000e+02,7.777777777777755697e-01
3.847999999999999865e+00,1.747500000000000000e+02,1.444444444444442199e+00
3.847999999999999865e+00,1.752500000000000000e+02,1.222222222222219878e+00
3.847999999999999865e+00,1.757500000000000000e+02,1.333333333333331039e+00
3.847999999999999865e+00,1.762500000000000000e+02,6.666666666666644092e-01
3.847999999999999865e+00,1.767500000000000000e+02,8.888888888888866191e-01
3.847999999999999865e+00,1.772500000000000000e+02,6.666666666666644092e-01
3.847999999999999865e+00,1.777500000000000000e+02,6.666666666666644092e-01
3.847999999999999865e+00,1.782500000000000000e+02,6.666666666666644092e-01
3.847999999999999865e+00,1.787500000000000000e+02,6.666666666666644092e-01
3.847999999999999865e+00,1.792500000000000000e+02,4.444444444444421438e-01
3.847999999999999865e+00,1.797500000000000000e+02,1.111111111111087874e-01
3.863999999999999879e+00,1.302500000000000000e+02,4.322222222222222143e+01
3.863999999999999879e+00,1.307500000000000000e+02,4.144444444444443576e+01
3.863999999999999879e+00,1.312500000000000000e+02,3.788888888888888573e+01
3.863999999999999879e+00,1.317500000000000000e+02,3.611111111111110716e+01
3.863999999999999879e+00,1.322500000000000000e+02,3.200000000000000000e+01
3.863999999999999879e+00,1.327500000000000000e+02,2.844444444444444287e+01
3.863999999999999879e+00,1.332500000000000000e+02,2.555555555555555358e+01
3.863999999999999879e+00,1.337500000000000000e+02,2.477777777777777501e+01
3.863999999999999879e+00,1.342500000000000000e+02,2.455555555555555358e+01
3.863999999999999879e+00,1.347500000000000000e+02,2.388888888888888573e+01
3.863999999999999879e+00,1.352500000000000000e+02,2.266666666666666075e+01
3.863999999999999879e+00,1.357500000000000000e+02,2.077777777777777146e+01
3.863999999999999879e+00,1.362500000000000000e+02,1.877777777777777146e+01
3.863999999999999879e+00,1.367500000000000000e+02,1.755555555555555003e+01
3.863999999999999879e+00,1.372500000000000000e+02,1.611111111111110361e+01
3.863999999999999879e+00,1.377500000000000000e+02,1.488888888888888040e+01
3.863999999999999879e+00,1.382500000000000000e+02,1.333333333333332327e+01
3.863999999999999879e+00,1.387500000000000000e+02,1.255555555555554470e+01
3.863999999999999879e+00,1.392500000000000000e+02,1.199999999999999112e+01
3.863999999999999879e+00,1.397500000000000000e+02,1.222222222222221255e+01
3.863999999999999879e+00,1.402500000000000000e+02,1.211111111111110006e+01
3.863999999999999879e+00,1.407500000000000000e+02,1.122222222222220900e+01
3.863999999999999879e+00,1.412500000000000000e+02,9.999999999999987566e+00
3.863999999999999879e+00,1.417500000000000000e+02,9.888888888888876849e+00
3.863999999999999879e+00,1.422500000000000000e+02,8.888888888888876849e+00
3.863999999999999879e+00,1.427500000000000000e+02,8.555555555555542924e+00
3.863999999999999879e+00,1.432500000000000000e+02,7.888888888888875961e+00
3.863999999999999879e+00,1.437500000000000000e+02,8.333333333333319715e+00
3.863999999999999879e+00,1.442500000000000000e+02,7.666666666666653640e+00
3.863999999999999879e+00,1.447500000000000000e+02,7.444444444444431319e+00
3.863999999999999879e+00,1.452500000000000000e+02,6.444444444444431319e+00
3.863999999999999879e+00,1.457500000000000000e+02,5.888888888888875073e+00
3.863999999999999879e+00,1.462500000000000000e+02,5.888888888888875073e+00
3.863999999999999879e+00,1.467500000000000000e+02,5.888888888888875073e+00
3.863999999999999879e+00,1.472500000000000000e+02,6.333333333333318826e+00
3.863999999999999879e+00,1.477500000000000000e+02,5.555555555555542036e+00
3.863999999999999879e+00,1.482500000000000000e+02,6.222222222222208110e+00
3.863999999999999879e+00,1.487500000000000000e+02,6.111111111111097394e+00
3.863999999999999879e+00,1.492500000000000000e+02,6.444444444444431319e+00
3.863999999999999879e+00,1.497500000000000000e+02,5.111111111111097394e+00
3.863999999999999879e+00,1.502500000000000000e+02,4.333333333333320603e+00
3.863999999999999879e+00,1.507500000000000000e+02,3.111111111111098282e+00
3.863999999999999879e+00,1.512500000000000000e+02,3.444444444444431763e+00
3.863999999999999879e+00,1.517500000000000000e+02,3.888888888888876405e+00
3.863999999999999879e+00,1.522500000000000000e+02,4.444444444444431319e+00
3.863999999999999879e+00,1.527500000000000000e+02,4.333333333333320603e+00
3.863999999999999879e+00,1.532500000000000000e+02,4.111111111111098282e+00
3.863999999999999879e+00,1.537500000000000000e+02,4.666666666666653640e+00
3.863999999999999879e+00,1.542500000000000000e+02,5.222222222222208998e+00
3.863999999999999879e+00,1.547500000000000000e+02,4.888888888888875961e+00
3.863999999999999879e+00,1.552500000000000000e+02,4.333333333333320603e+00
3.863999999999999879e+00,1.557500000000000000e+02,3.333333333333320159e+00
3.863999999999999879e+00,1.562500000000000000e+02,2.666666666666653640e+00
3.863999999999999879e+00,1.567500000000000000e+02,2.333333333333320159e+00
3.863999999999999879e+00,1.572500000000000000e+02,2.555555555555542480e+00
3.863999999999999879e+00,1.577500000000000000e+02,2.444444444444430875e+00
3.863999999999999879e+00,1.582500000000000000e+02,2.111111111111097838e+00
3.863999999999999879e+00,1.587500000000000000e+02,2.555555555555542036e+00
3.863999999999999879e+00,1.592500000000000000e+02,2.777777777777764356e+00
3.863999999999999879e+00,1.597500000000000000e+02,3.111111111111097838e+00
3.863999999999999879e+00,1.602500000000000000e+02,2.555555555555542480e+00
3.863999999999999879e+00,1.607500000000000000e+02,3.111111111111097838e+00
3.863999999999999879e+00,1.612500000000000000e+02,3.888888888888875073e+00
3.863999999999999879e+00,1.617500000000000000e+02,3.777777777777764356e+00
3.863999999999999879e+00,1.622500000000000000e+02,3.333333333333320159e+00
3.863999999999999879e+00,1.627500000000000000e+02,2.222222222222209442e+00
3.863999999999999879e+00,1.632500000000000000e+02,2.444444444444431763e+00
3.863999999999999879e+00,1.637500000000000000e+02,2.222222222222209442e+00
3.863999999999999879e+00,1.642500000000000000e+02,1.999999999999986899e+00
3.863999999999999879e+00,1.647500000000000000e+02,1.333333333333320381e+00
3.863999999999999879e+00,1.652500000000000000e+02,1.222222222222209220e+00
3.863999999999999879e+00,1.657500000000000000e+02,1.666666666666653640e+00
3.863999999999999879e+00,1.662500000000000000e+02,1.444444444444431319e+00
3.863999999999999879e+00,1.667500000000000000e+02,2.111111111111097838e+00
3.863999999999999879e+00,1.672500000000000000e+02,1.888888888888875739e+00
3.863999999999999879e+00,1.677500000000000000e+02,2.888888888888875517e+00
3.863999999999999879e+00,1.682500000000000000e+02,2.999999999999987121e+00
3.863999999999999879e+00,1.687500000000000000e+02,2.777777777777764801e+00
3.863999999999999879e+00,1.692500000000000000e+02,1.777777777777765023e+00
3.863999999999999879e+00,1.697500000000000000e+02,1.222222222222209442e+00
3.863999999999999879e+00,1.702500000000000000e+02,1.111111111111098282e+00
3.863999999999999879e+00,1.707500000000000000e+02,1.333333333333320603e+00
3.863999999999999879e+00,1.712500000000000000e+02,1.111111111111098282e+00
3.863999999999999879e+00,1.717500000000000000e+02,1.444444444444431541e+00
3.863999999999999879e+00,1.722500000000000000e+02,1.444444444444431541e+00
3.863999999999999879e+00,1.727500000000000000e+02,1.333333333333320603e+00
3.863999999999999879e+00,1.732500000000000000e+02,7.777777777777649115e-01
3.863999999999999879e+00,1.737500000000000000e+02,7.777777777777649115e-01
3.863999999999999879e+00,1.742500000000000000e+02,7.777777777777649115e-01
3.863999999999999879e+00,1.747500000000000000e+02,1.444444444444431541e+00
3.863999999999999879e+00,1.752500000000000000e+02,1.222222222222209220e+00
3.863999999999999879e+00,1.757500000000000000e+02,1.444444444444431541e+00
3.863999999999999879e+00,1.762500000000000000e+02,7.777777777777649115e-01
3.863999999999999879e+00,1.767500000000000000e+02,8.888888888888760720e-01
3.863999999999999879e+00,1.772500000000000000e+02,4.444444444444315967e-01
3.863999999999999879e+00,1.777500000000000000e+02,4.444444444444315967e-01
3.863999999999999879e+00,1.782500000000000000e+02,4.444444444444315967e-01
3.863999999999999879e+00,1.787500000000000000e+02,4.444444444444315967e-01
3.863999999999999879e+00,1.792500000000000000e+02,3.333333333333205473e-01
3.863999999999999879e+00,1.797500000000000000e+02,1.111111111110983235e-01
3.879999999999999893e+00,1.302500000000000000e+02,4.211111111111111427e+01
3.879999999999999893e+00,1.307500000000000000e+02,4.133333333333333570e+01
3.879999999999999893e+00,1.312500000000000000e+02,3.955555555555555003e+01
3.879999999999999893e+00,1.317500000000000000e+02,3.922222222222222143e+01
3.879999999999999893e+00,1.322500000000000000e+02,3.400000000000000000e+01
3.879999999999999893e+00,1.327500000000000000e+02,2.811111111111111427e+01
3.879999999999999893e+00,1.332500000000000000e+02,2.522222222222222499e+01
3.879999999999999893e+00,1.337500000000000000e+02,2.488888888888888928e+01
3.879999999999999893e+00,1.342500000000000000e+02,2.466666666666666785e+01
3.879999999999999893e+00,1.347500000000000000e+02,2.311111111111111072e+01
3.879999999999999893e+00,1.352500000000000000e+02,2.033333333333333215e+01
3.879999999999999893e+00,1.357500000000000000e+02,2.011111111111111072e+01
3.879999999999999893e+00,1.362500000000000000e+02,1.888888888888888928e+01
3.879999999999999893e+00,1.367500000000000000e+02,1.800000000000000000e+01
3.879999999999999893e+00,1.372500000000000000e+02,1.644444444444444287e+01
3.879999999999999893e+00,1.377500000000000000e+02,1.622222222222222143e+01
3.879999999999999893e+00,1.382500000000000000e+02,1.611111111111111072e+01
3.879999999999999893e+00,1.387500000000000000e+02,1.511111111111110894e+01
3.879999999999999893e+00,1.392500000000000000e+02,1.366666666666666430e+01
3.879999999999999893e+00,1.397500000000000000e+02,1.299999999999999822e+01
3.879999999999999893e+00,1.402500000000000000e+02,1.266666666666666430e+01
3.879999999999999893e+00,1.407500000000000000e+02,1.122222222222221966e+01
3.879999999999999893e+00,1.412500000000000000e+02,9.999999999999998224e+00
3.879999999999999893e+00,1.417500000000000000e+02,8.888888888888885731e+00
3.879999999999999893e+00,1.422500000000000000e+02,8.222222222222219656e+00
3.879999999999999893e+00,1.427500000000000000e+02,8.333333333333330373e+00
3.879999999999999893e+00,1.432500000000000000e+02,8.111111111111108940e+00
3.879999999999999893e+00,1.437500000000000000e+02,8.111111111111108940e+00
3.879999999999999893e+00,1.442500000000000000e+02,6.888888888888886619e+00
3.879999999999999893e+00,1.447500000000000000e+02,6.666666666666664298e+00
3.879999999999999893e+00,1.452500000000000000e+02,6.111111111111108052e+00
3.879999999999999893e+00,1.457500000000000000e+02,5.888888888888885731e+00
3.879999999999999893e+00,1.462500000000000000e+02,6.111111111111108052e+00
3.879999999999999893e+00,1.467500000000000000e+02,6.777777777777775015e+00
3.879999999999999893e+00,1.472500000000000000e+02,6.999999999999997335e+00
3.879999999999999893e+00,1.477500000000000000e+02,5.888888888888886619e+00
3.879999999999999893e+00,1.482500000000000000e+02,5.444444444444442865e+00
3.879999999999999893e+00,1.487500000000000000e+02,5.999999999999997335e+00
3.879999999999999893e+00,1.492500000000000000e+02,6.444444444444441977e+00
3.879999999999999893e+00,1.497500000000000000e+02,5.222222222222219656e+00
3.879999999999999893e+00,1.502500000000000000e+02,4.333333333333331261e+00
3.879999999999999893e+00,1.507500000000000000e+02,3.333333333333330817e+00
3.879999999999999893e+00,1.512500000000000000e+02,3.777777777777775015e+00
3.879999999999999893e+00,1.517500000000000000e+02,3.999999999999996891e+00
3.879999999999999893e+00,1.522500000000000000e+02,4.333333333333330373e+00
3.879999999999999893e+00,1.527500000000000000e+02,4.555555555555552694e+00
3.879999999999999893e+00,1.532500000000000000e+02,4.333333333333330373e+00
3.879999999999999893e+00,1.537500000000000000e+02,4.555555555555552694e+00
3.879999999999999893e+00,1.542500000000000000e+02,4.999999999999997335e+00
3.879999999999999893e+00,1.547500000000000000e+02,4.888888888888885731e+00
3.879999999999999893e+00,1.552500000000000000e+02,4.333333333333329485e+00
3.879999999999999893e+00,1.557500000000000000e+02,3.444444444444440645e+00
3.879999999999999893e+00,1.562500000000000000e+02,2.555555555555551805e+00
3.879999999999999893e+00,1.567500000000000000e+02,3.222222222222218324e+00
3.879999999999999893e+00,1.572500000000000000e+02,2.999999999999996447e+00
3.879999999999999893e+00,1.577500000000000000e+02,3.111111111111107608e+00
3.879999999999999893e+00,1.582500000000000000e+02,2.333333333333329929e+00
3.879999999999999893e+00,1.587500000000000000e+02,2.555555555555551805e+00
3.879999999999999893e+00,1.592500000000000000e+02,2.888888888888885287e+00
3.879999999999999893e+00,1.597500000000000000e+02,2.777777777777773682e+00
3.879999999999999893e+00,1.602500000000000000e+02,2.666666666666662522e+00
3.879999999999999893e+00,1.607500000000000000e+02,2.777777777777773682e+00
3.879999999999999893e+00,1.612500000000000000e+02,3.444444444444440645e+00
3.879999999999999893e+00,1.617500000000000000e+02,3.222222222222218324e+00
3.879999999999999893e+00,1.622500000000000000e+02,2.444444444444440645e+00
3.879999999999999893e+00,1.627500000000000000e+02,1.888888888888885065e+00
3.879999999999999893e+00,1.632500000000000000e+02,2.333333333333329929e+00
3.879999999999999893e+00,1.637500000000000000e+02,2.777777777777774570e+00
3.879999999999999893e+00,1.642500000000000000e+02,2.333333333333329929e+00
3.879999999999999893e+00,1.647500000000000000e+02,1.666666666666663410e+00
3.879999999999999893e+00,1.652500000000000000e+02,1.444444444444441089e+00
3.879999999999999893e+00,1.657500000000000000e+02,1.888888888888885509e+00
3.879999999999999893e+00,1.662500000000000000e+02,1.666666666666663188e+00
3.879999999999999893e+00,1.667500000000000000e+02,1.888888888888885509e+00
3.879999999999999893e+00,1.672500000000000000e+02,1.666666666666663188e+00
3.879999999999999893e+00,1.677500000000000000e+02,2.333333333333329929e+00
3.879999999999999893e+00,1.682500000000000000e+02,2.222222222222218324e+00
3.879999999999999893e+00,1.687500000000000000e+02,1.999999999999996225e+00
3.879999999999999893e+00,1.692500000000000000e+02,1.222222222222218546e+00
3.879999999999999893e+00,1.697500000000000000e+02,1.222222222222218546e+00
3.879999999999999893e+00,1.702500000000000000e+02,1.111111111111107386e+00
3.879999999999999893e+00,1.707500000000000000e+02,1.222222222222218546e+00
3.879999999999999893e+00,1.712500000000000000e+02,8.888888888888852868e-01
3.879999999999999893e+00,1.717500000000000000e+02,9.999999999999964473e-01
3.879999999999999893e+00,1.722500000000000000e+02,1.222222222222218546e+00
3.879999999999999893e+00,1.727500000000000000e+02,1.111111111111107386e+00
3.879999999999999893e+00,1.732500000000000000e+02,8.888888888888852868e-01
3.879999999999999893e+00,1.737500000000000000e+02,7.777777777777741264e-01
3.879999999999999893e+00,1.742500000000000000e+02,7.777777777777741264e-01
3.879999999999999893e+00,1.747500000000000000e+02,8.888888888888852868e-01
3.879999999999999893e+00,1.752500000000000000e+02,5.555555555555519165e-01
3.879999999999999893e+00,1.757500000000000000e+02,7.777777777777741264e-01
3.879999999999999893e+00,1.762500000000000000e+02,5.555555555555519165e-01
3.879999999999999893e+00,1.767500000000000000e+02,8.888888888888851758e-01
3.879999999999999893e+00,1.772500000000000000e+02,4.444444444444407005e-01
3.879999999999999893e+00,1.777500000000000000e+02,4.444444444444407005e-01
3.879999999999999893e+00,1.782500000000000000e+02,1.111111111111073857e-01
3.879999999999999893e+00,1.787500000000000000e+02,2.222222222222184629e-01
3.879999999999999893e+00,1.792500000000000000e+02,1.111111111111073718e-01
3.879999999999999893e+00,1.797500000000000000e+02,1.111111111111073718e-01
3.895999999999999908e+00,1.302500000000000000e+02,4.522222222222222854e+01
3.895999999999999908e+00,1.307500000000000000e+02,4.355555555555556424e+01
3.895999999999999908e+00,1.312500000000000000e+02,4.077777777777777857e+01
3.895999999999999908e+00,1.317500000000000000e+02,3.988888888888889284e+01
3.895999999999999908e+00,1.322500000000000000e+02,3.577777777777777857e+01
3.895999999999999908e+00,1.327500000000000000e+02,3.055555555555555713e+01
3.895999999999999908e+00,1.332500000000000000e+02,2.777777777777778212e+01
3.895999999999999908e+00,1.337500000000000000e+02,2.566666666666667140e+01
3.895999999999999908e+00,1.342500000000000000e+02,2.544444444444444642e+01
3.895999999999999908e+00,1.347500000000000000e+02,2.300000000000000355e+01
3.895999999999999908e+00,1.352500000000000000e+02,2.155555555555556069e+01
3.895999999999999908e+00,1.357500000000000000e+02,2.200000000000000355e+01
3.895999999999999908e+00,1.362500000000000000e+02,2.055555555555556069e+01
3.895999999999999908e+00,1.367500000000000000e+02,1.922222222222222499e+01
3.895999999999999908e+00,1.372500000000000000e+02,1.777777777777778212e+01
3.895999999999999908e+00,1.377500000000000000e+02,1.755555555555556069e+01
3.895999999999999908e+00,1.382500000000000000e+02,1.733333333333333925e+01
3.895999999999999908e+00,1.387500000000000000e+02,1.455555555555555891e+01
3.895999999999999908e+00,1.392500000000000000e+02,1.333333333333333748e+01
3.895999999999999908e+00,1.397500000000000000e+02,1.222222222222222854e+01
3.895999999999999908e+00,1.402500000000000000e+02,1.288888888888889461e+01
3.895999999999999908e+00,1.407500000000000000e+02,1.211111111111111605e+01
3.895999999999999908e+00,1.412500000000000000e+02,1.166666666666667140e+01
3.895999999999999908e+00,1.417500000000000000e+02,9.777777777777782120e+00
3.895999999999999908e+00,1.422500000000000000e+02,9.000000000000005329e+00
3.895999999999999908e+00,1.427500000000000000e+02,8.666666666666671404e+00
3.895999999999999908e+00,1.432500000000000000e+02,9.333333333333337478e+00
3.895999999999999908e+00,1.437500000000000000e+02,9.000000000000005329e+00
3.895999999999999908e+00,1.442500000000000000e+02,8.222222222222226762e+00
3.895999999999999908e+00,1.447500000000000000e+02,7.333333333333338366e+00
3.895999999999999908e+00,1.452500000000000000e+02,6.333333333333338366e+00
3.895999999999999908e+00,1.457500000000000000e+02,6.222222222222225874e+00
3.895999999999999908e+00,1.462500000000000000e+02,6.000000000000003553e+00
3.895999999999999908e+00,1.467500000000000000e+02,6.666666666666670515e+00
3.895999999999999908e+00,1.472500000000000000e+02,5.666666666666670515e+00
3.895999999999999908e+00,1.477500000000000000e+02,5.222222222222225874e+00
3.895999999999999908e+00,1.482500000000000000e+02,4.333333333333337478e+00
3.895999999999999908e+00,1.487500000000000000e+02,5.222222222222225874e+00
3.895999999999999908e+00,1.492500000000000000e+02,5.333333333333336590e+00
3.895999999999999908e+00,1.497500000000000000e+02,4.777777777777781232e+00
3.895999999999999908e+00,1.502500000000000000e+02,5.111111111111114269e+00
3.895999999999999908e+00,1.507500000000000000e+02,4.666666666666670515e+00
3.895999999999999908e+00,1.512500000000000000e+02,4.666666666666670515e+00
3.895999999999999908e+00,1.517500000000000000e+02,3.888888888888892836e+00
3.895999999999999908e+00,1.522500000000000000e+02,3.888888888888892836e+00
3.895999999999999908e+00,1.527500000000000000e+02,4.111111111111115157e+00
3.895999999999999908e+00,1.532500000000000000e+02,4.111111111111115157e+00
3.895999999999999908e+00,1.537500000000000000e+02,4.000000000000003553e+00
3.895999999999999908e+00,1.542500000000000000e+02,4.777777777777781232e+00
3.895999999999999908e+00,1.547500000000000000e+02,4.888888888888892836e+00
3.895999999999999908e+00,1.552500000000000000e+02,5.222222222222225874e+00
3.895999999999999908e+00,1.557500000000000000e+02,4.666666666666670515e+00
3.895999999999999908e+00,1.562500000000000000e+02,3.555555555555559355e+00
3.895999999999999908e+00,1.567500000000000000e+02,3.777777777777781676e+00
3.895999999999999908e+00,1.572500000000000000e+02,3.111111111111114713e+00
3.895999999999999908e+00,1.577500000000000000e+02,3.000000000000003553e+00
3.895999999999999908e+00,1.582500000000000000e+02,2.777777777777781676e+00
3.895999999999999908e+00,1.587500000000000000e+02,2.777777777777781676e+00
3.895999999999999908e+00,1.592500000000000000e+02,3.333333333333337034e+00
3.895999999999999908e+00,1.597500000000000000e+02,2.666666666666670071e+00
3.895999999999999908e+00,1.602500000000000000e+02,2.555555555555558911e+00
3.895999999999999908e+00,1.607500000000000000e+02,2.444444444444447750e+00
3.895999999999999908e+00,1.612500000000000000e+02,2.666666666666670071e+00
3.895999999999999908e+00,1.617500000000000000e+02,2.666666666666670071e+00
3.895999999999999908e+00,1.622500000000000000e+02,2.333333333333337034e+00
3.895999999999999908e+00,1.627500000000000000e+02,1.888888888888892170e+00
3.895999999999999908e+00,1.632500000000000000e+02,2.222222222222225430e+00
3.895999999999999908e+00,1.637500000000000000e+02,2.222222222222225430e+00
3.895999999999999908e+00,1.642500000000000000e+02,2.222222222222225430e+00
3.895999999999999908e+00,1.647500000000000000e+02,1.555555555555558911e+00
3.895999999999999908e+00,1.652500000000000000e+02,1.666666666666669849e+00
3.895999999999999908e+00,1.657500000000000000e+02,1.555555555555558911e+00
3.895999999999999908e+00,1.662500000000000000e+02,1.666666666666669849e+00
3.895999999999999908e+00,1.667500000000000000e+02,1.444444444444447528e+00
3.895999999999999908e+00,1.672500000000000000e+02,1.777777777777781010e+00
3.895999999999999908e+00,1.677500000000000000e+02,2.000000000000003109e+00
3.895999999999999908e+00,1.682500000000000000e+02,2.000000000000003109e+00
3.895999999999999908e+00,1.687500000000000000e+02,1.888888888888892170e+00
3.895999999999999908e+00,1.692500000000000000e+02,1.444444444444447528e+00
3.895999999999999908e+00,1.697500000000000000e+02,1.555555555555558911e+00
3.895999999999999908e+00,1.702500000000000000e+02,1.222222222222225652e+00
3.895999999999999908e+00,1.707500000000000000e+02,1.222222222222225652e+00
3.895999999999999908e+00,1.712500000000000000e+02,1.000000000000003331e+00
3.895999999999999908e+00,1.717500000000000000e+02,1.000000000000003331e+00
3.895999999999999908e+00,1.722500000000000000e+02,1.000000000000003331e+00
3.895999999999999908e+00,1.727500000000000000e+02,7.777777777777808987e-01
3.895999999999999908e+00,1.732500000000000000e+02,5.555555555555587999e-01
3.895999999999999908e+00,1.737500000000000000e+02,6.666666666666699603e-01
3.895999999999999908e+00,1.742500000000000000e+02,1.000000000000003331e+00
3.895999999999999908e+00,1.747500000000000000e+02,1.000000000000003331e+00
3.895999999999999908e+00,1.752500000000000000e+02,6.666666666666699603e-01
3.895999999999999908e+00,1.757500000000000000e+02,6.666666666666699603e-01
3.895999999999999908e+00,1.762500000000000000e+02,5.555555555555587999e-01
3.895999999999999908e+00,1.767500000000000000e+02,7.777777777777811208e-01
3.895999999999999908e+00,1.772500000000000000e+02,4.444444444444477504e-01
3.895999999999999908e+00,1.777500000000000000e+02,3.333333333333366455e-01
3.895999999999999908e+00,1.782500000000000000e+02,1.111111111111144495e-01
3.895999999999999908e+00,1.787500000000000000e+02,3.349172790952555695e-15
3.895999999999999908e+00,1.792500000000000000e+02,3.349172790952555695e-15
3.895999999999999908e+00,1.797500000000000000e+02,3.349172790952555695e-15
3.911999999999999922e+00,1.302500000000000000e+02,4.988888888888888573e+01
3.911999999999999922e+00,1.307500000000000000e+02,4.866666666666666430e+01
3.911999999999999922e+00,1.312500000000000000e+02,4.522222222222222143e+01
3.911999999999999922e+00,1.317500000000000000e+02,4.233333333333333570e+01
3.911999999999999922e+00,1.322500000000000000e+02,3.733333333333333570e+01
3.911999999999999922e+00,1.327500000000000000e+02,3.255555555555555713e+01
3.911999999999999922e+00,1.332500000000000000e+02,2.977777777777778212e+01
3.911999999999999922e+00,1.337500000000000000e+02,2.900000000000000355e+01
3.911999999999999922e+00,1.342500000000000000e+02,2.788888888888889639e+01
3.911999999999999922e+00,1.347500000000000000e+02,2.466666666666667496e+01
3.911999999999999922e+00,1.352500000000000000e+02,2.155555555555556779e+01
3.911999999999999922e+00,1.357500000000000000e+02,2.255555555555556779e+01
3.911999999999999922e+00,1.362500000000000000e+02,2.133333333333334281e+01
3.911999999999999922e+00,1.367500000000000000e+02,1.988888888888889639e+01
3.911999999999999922e+00,1.372500000000000000e+02,1.866666666666667496e+01
3.911999999999999922e+00,1.377500000000000000e+02,1.877777777777778923e+01
3.911999999999999922e+00,1.382500000000000000e+02,1.933333333333334281e+01
3.911999999999999922e+00,1.387500000000000000e+02,1.677777777777778923e+01
3.911999999999999922e+00,1.392500000000000000e+02,1.544444444444445530e+01
3.911999999999999922e+00,1.397500000000000000e+02,1.366666666666667673e+01
3.911999999999999922e+00,1.402500000000000000e+02,1.344444444444445530e+01
3.911999999999999922e+00,1.407500000000000000e+02,1.188888888888889994e+01
3.911999999999999922e+00,1.412500000000000000e+02,1.088888888888889994e+01
3.911999999999999922e+00,1.417500000000000000e+02,1.000000000000001243e+01
3.911999999999999922e+00,1.422500000000000000e+02,1.000000000000001243e+01
3.911999999999999922e+00,1.427500000000000000e+02,1.000000000000001243e+01
3.911999999999999922e+00,1.432500000000000000e+02,1.000000000000001243e+01
3.911999999999999922e+00,1.437500000000000000e+02,9.000000000000012434e+00
3.911999999999999922e+00,1.442500000000000000e+02,8.444444444444457076e+00
3.911999999999999922e+00,1.447500000000000000e+02,8.222222222222233867e+00
3.911999999999999922e+00,1.452500000000000000e+02,7.777777777777790114e+00
3.911999999999999922e+00,1.457500000000000000e+02,8.444444444444457076e+00
3.911999999999999922e+00,1.462500000000000000e+02,7.000000000000013323e+00
3.911999999999999922e+00,1.467500000000000000e+02,7.333333333333346360e+00
3.911999999999999922e+00,1.472500000000000000e+02,5.222222222222234755e+00
3.911999999999999922e+00,1.477500000000000000e+02,5.333333333333346360e+00
3.911999999999999922e+00,1.482500000000000000e+02,3.666666666666679841e+00
3.911999999999999922e+00,1.487500000000000000e+02,4.888888888888901718e+00
3.911999999999999922e+00,1.492500000000000000e+02,4.666666666666679397e+00
3.911999999999999922e+00,1.497500000000000000e+02,4.888888888888902606e+00
3.911999999999999922e+00,1.502500000000000000e+02,5.222222222222235644e+00
3.911999999999999922e+00,1.507500000000000000e+02,5.111111111111124927e+00
3.911999999999999922e+00,1.512500000000000000e+02,6.000000000000014211e+00
3.911999999999999922e+00,1.517500000000000000e+02,4.444444444444458853e+00
3.911999999999999922e+00,1.522500000000000000e+02,3.777777777777792334e+00
3.911999999999999922e+00,1.527500000000000000e+02,2.888888888888903494e+00
3.911999999999999922e+00,1.532500000000000000e+02,3.666666666666681618e+00
3.911999999999999922e+00,1.537500000000000000e+02,3.555555555555570013e+00
3.911999999999999922e+00,1.542500000000000000e+02,4.111111111111125815e+00
3.911999999999999922e+00,1.547500000000000000e+02,3.777777777777792334e+00
3.911999999999999922e+00,1.552500000000000000e+02,4.777777777777791890e+00
3.911999999999999922e+00,1.557500000000000000e+02,4.777777777777791890e+00
3.911999999999999922e+00,1.562500000000000000e+02,4.111111111111125815e+00
3.911999999999999922e+00,1.567500000000000000e+02,4.111111111111125815e+00
3.911999999999999922e+00,1.572500000000000000e+02,3.888888888888903494e+00
3.911999999999999922e+00,1.577500000000000000e+02,3.777777777777792334e+00
3.911999999999999922e+00,1.582500000000000000e+02,4.000000000000014211e+00
3.911999999999999922e+00,1.587500000000000000e+02,3.222222222222236976e+00
3.911999999999999922e+00,1.592500000000000000e+02,3.666666666666681618e+00
3.911999999999999922e+00,1.597500000000000000e+02,2.222222222222236976e+00
3.911999999999999922e+00,1.602500000000000000e+02,2.444444444444459297e+00
3.911999999999999922e+00,1.607500000000000000e+02,2.333333333333348136e+00
3.911999999999999922e+00,1.612500000000000000e+02,2.666666666666681618e+00
3.911999999999999922e+00,1.617500000000000000e+02,3.000000000000014655e+00
3.911999999999999922e+00,1.622500000000000000e+02,2.666666666666681618e+00
3.911999999999999922e+00,1.627500000000000000e+02,2.444444444444459297e+00
3.911999999999999922e+00,1.632500000000000000e+02,1.888888888888904161e+00
3.911999999999999922e+00,1.637500000000000000e+02,2.111111111111126259e+00
3.911999999999999922e+00,1.642500000000000000e+02,2.000000000000015543e+00
3.911999999999999922e+00,1.647500000000000000e+02,1.777777777777793000e+00
3.911999999999999922e+00,1.652500000000000000e+02,1.888888888888904161e+00
3.911999999999999922e+00,1.657500000000000000e+02,1.666666666666681840e+00
3.911999999999999922e+00,1.662500000000000000e+02,2.000000000000015099e+00
3.911999999999999922e+00,1.667500000000000000e+02,1.222222222222237420e+00
3.911999999999999922e+00,1.672500000000000000e+02,1.555555555555570679e+00
3.911999999999999922e+00,1.677500000000000000e+02,1.222222222222237420e+00
3.911999999999999922e+00,1.682500000000000000e+02,1.444444444444459741e+00
3.911999999999999922e+00,1.687500000000000000e+02,1.222222222222237420e+00
3.911999999999999922e+00,1.692500000000000000e+02,1.000000000000015321e+00
3.911999999999999922e+00,1.697500000000000000e+02,1.111111111111126482e+00
3.911999999999999922e+00,1.702500000000000000e+02,1.333333333333348802e+00
3.911999999999999922e+00,1.707500000000000000e+02,1.444444444444459741e+00
3.911999999999999922e+00,1.712500000000000000e+02,1.222222222222237642e+00
3.911999999999999922e+00,1.717500000000000000e+02,8.888888888889042716e-01
3.911999999999999922e+00,1.722500000000000000e+02,7.777777777777931112e-01
3.911999999999999922e+00,1.727500000000000000e+02,8.888888888889042716e-01
3.911999999999999922e+00,1.732500000000000000e+02,7.777777777777931112e-01
3.911999999999999922e+00,1.737500000000000000e+02,8.888888888889042716e-01
3.911999999999999922e+00,1.742500000000000000e+02,1.111111111111126482e+00
3.911999999999999922e+00,1.747500000000000000e+02,1.111111111111126482e+00
3.911999999999999922e+00,1.752500000000000000e+02,7.777777777777931112e-01
3.911999999999999922e+00,1.757500000000000000e+02,5.555555555555707903e-01
3.911999999999999922e+00,1.762500000000000000e+02,6.666666666666819507e-01
3.911999999999999922e+00,1.767500000000000000e+02,8.888888888889040496e-01
3.911999999999999922e+00,1.772500000000000000e+02,7.777777777777928891e-01
3.911999999999999922e+00,1.777500000000000000e+02,4.444444444444595743e-01
3.911999999999999922e+00,1.782500000000000000e+02,2.222222222222373922e-01
3.911999999999999922e+00,1.787500000000000000e+02,1.517304800321047167e-14
3.911999999999999922e+00,1.792500000000000000e+02,1.517304800321047167e-14
3.911999999999999922e+00,1.797500000000000000e+02,1.517304800321047167e-14
3.927999999999999936e+00,1.302500000000000000e+02,5.266666666666666430e+01
3.927999999999999936e+00,1.307500000000000000e+02,4.955555555555555003e+01
3.927999999999999936e+00,1.312500000000000000e+02,4.500000000000000000e+01
3.927999999999999936e+00,1.317500000000000000e+02,4.011111111111110716e+01
3.927999999999999936e+00,1.322500000000000000e+02,3.788888888888888573e+01
3.927999999999999936e+00,1.327500000000000000e+02,3.311111111111110716e+01
3.927999999999999936e+00,1.332500000000000000e+02,3.222222222222222143e+01
3.927999999999999936e+00,1.337500000000000000e+02,2.988888888888888573e+01
3.927999999999999936e+00,1.342500000000000000e+02,3.055555555555555358e+01
3.927999999999999936e+00,1.347500000000000000e+02,2.666666666666666075e+01
3.927999999999999936e+00,1.352500000000000000e+02,2.555555555555555358e+01
3.927999999999999936e+00,1.357500000000000000e+02,2.477777777777777501e+01
3.927999999999999936e+00,1.362500000000000000e+02,2.366666666666666785e+01
3.927999999999999936e+00,1.367500000000000000e+02,2.111111111111111072e+01
3.927999999999999936e+00,1.372500000000000000e+02,1.955555555555555358e+01
3.927999999999999936e+00,1.377500000000000000e+02,1.855555555555555358e+01
3.927999999999999936e+00,1.382500000000000000e+02,1.766666666666666430e+01
3.927999999999999936e+00,1.387500000000000000e+02,1.477777777777777679e+01
3.927999999999999936e+00,1.392500000000000000e+02,1.399999999999999822e+01
3.927999999999999936e+00,1.397500000000000000e+02,1.255555555555555181e+01
3.927999999999999936e+00,1.402500000000000000e+02,1.333333333333333037e+01
3.927999999999999936e+00,1.407500000000000000e+02,1.211111111111110894e+01
3.927999999999999936e+00,1.412500000000000000e+02,1.199999999999999822e+01
3.927999999999999936e+00,1.417500000000000000e+02,1.044444444444444287e+01
3.927999999999999936e+00,1.422500000000000000e+02,1.011111111111110894e+01
3.927999999999999936e+00,1.427500000000000000e+02,9.111111111111108940e+00
3.927999999999999936e+00,1.432500000000000000e+02,9.888888888888887507e+00
3.927999999999999936e+00,1.437500000000000000e+02,8.888888888888887507e+00
3.927999999999999936e+00,1.442500000000000000e+02,8.999999999999998224e+00
3.927999999999999936e+00,1.447500000000000000e+02,9.111111111111108940e+00
3.927999999999999936e+00,1.452500000000000000e+02,9.333333333333330373e+00
3.927999999999999936e+00,1.457500000000000000e+02,9.777777777777775015e+00
3.927999999999999936e+00,1.462500000000000000e+02,7.777777777777775015e+00
3.927999999999999936e+00,1.467500000000000000e+02,7.333333333333331261e+00
3.927999999999999936e+00,1.472500000000000000e+02,4.888888888888886619e+00
3.927999999999999936e+00,1.477500000000000000e+02,5.444444444444442865e+00
3.927999999999999936e+00,1.482500000000000000e+02,4.222222222222220545e+00
3.927999999999999936e+00,1.487500000000000000e+02,5.444444444444442865e+00
3.927999999999999936e+00,1.492500000000000000e+02,4.333333333333331261e+00
3.927999999999999936e+00,1.497500000000000000e+02,4.999999999999998224e+00
3.927999999999999936e+00,1.502500000000000000e+02,4.666666666666665186e+00
3.927999999999999936e+00,1.507500000000000000e+02,4.666666666666665186e+00
3.927999999999999936e+00,1.512500000000000000e+02,4.555555555555553582e+00
3.927999999999999936e+00,1.517500000000000000e+02,3.333333333333330817e+00
3.927999999999999936e+00,1.522500000000000000e+02,3.444444444444441533e+00
3.927999999999999936e+00,1.527500000000000000e+02,2.666666666666663854e+00
3.927999999999999936e+00,1.532500000000000000e+02,4.222222222222219656e+00
3.927999999999999936e+00,1.537500000000000000e+02,3.777777777777775015e+00
3.927999999999999936e+00,1.542500000000000000e+02,4.444444444444441977e+00
3.927999999999999936e+00,1.547500000000000000e+02,3.666666666666663854e+00
3.927999999999999936e+00,1.552500000000000000e+02,4.666666666666663410e+00
3.927999999999999936e+00,1.557500000000000000e+02,4.222222222222218768e+00
3.927999999999999936e+00,1.562500000000000000e+02,4.111111111111108052e+00
3.927999999999999936e+00,1.567500000000000000e+02,3.444444444444441533e+00
3.927999999999999936e+00,1.572500000000000000e+02,3.888888888888886175e+00
3.927999999999999936e+00,1.577500000000000000e+02,3.111111111111108496e+00
3.927999999999999936e+00,1.582500000000000000e+02,3.666666666666663854e+00
3.927999999999999936e+00,1.587500000000000000e+02,2.777777777777775015e+00
3.927999999999999936e+00,1.592500000000000000e+02,3.222222222222219656e+00
3.927999999999999936e+00,1.597500000000000000e+02,2.333333333333330817e+00
3.927999999999999936e+00,1.602500000000000000e+02,2.444444444444441977e+00
3.927999999999999936e+00,1.607500000000000000e+02,2.444444444444441977e+00
3.927999999999999936e+00,1.612500000000000000e+02,2.333333333333330817e+00
3.927999999999999936e+00,1.617500000000000000e+02,2.777777777777775459e+00
3.927999999999999936e+00,1.622500000000000000e+02,3.111111111111108940e+00
3.927999999999999936e+00,1.627500000000000000e+02,3.111111111111108940e+00
3.927999999999999936e+00,1.632500000000000000e+02,2.222222222222220100e+00
3.927999999999999936e+00,1.637500000000000000e+02,1.666666666666664298e+00
3.927999999999999936e+00,1.642500000000000000e+02,1.666666666666664298e+00
3.927999999999999936e+00,1.647500000000000000e+02,1.777777777777775681e+00
3.927999999999999936e+00,1.652500000000000000e+02,2.333333333333331261e+00
3.927999999999999936e+00,1.657500000000000000e+02,1.999999999999998002e+00
3.927999999999999936e+00,1.662500000000000000e+02,1.999999999999998002e+00
3.927999999999999936e+00,1.667500000000000000e+02,1.222222222222220100e+00
3.927999999999999936e+00,1.672500000000000000e+02,1.555555555555553582e+00
3.927999999999999936e+00,1.677500000000000000e+02,1.333333333333331261e+00
3.927999999999999936e+00,1.682500000000000000e+02,1.777777777777775681e+00
3.927999999999999936e+00,1.687500000000000000e+02,1.666666666666664520e+00
3.927999999999999936e+00,1.692500000000000000e+02,1.777777777777775681e+00
3.927999999999999936e+00,1.697500000000000000e+02,1.333333333333331039e+00
3.927999999999999936e+00,1.702500000000000000e+02,1.333333333333331039e+00
3.927999999999999936e+00,1.707500000000000000e+02,1.444444444444442199e+00
3.927999999999999936e+00,1.712500000000000000e+02,1.444444444444442199e+00
3.927999999999999936e+00,1.717500000000000000e+02,1.111111111111108940e+00
3.927999999999999936e+00,1.722500000000000000e+02,6.666666666666644092e-01
3.927999999999999936e+00,1.727500000000000000e+02,8.888888888888866191e-01
3.927999999999999936e+00,1.732500000000000000e+02,9.999999999999977796e-01
3.927999999999999936e+00,1.737500000000000000e+02,1.333333333333331039e+00
3.927999999999999936e+00,1.742500000000000000e+02,1.222222222222219878e+00
3.927999999999999936e+00,1.747500000000000000e+02,1.222222222222219878e+00
3.927999999999999936e+00,1.752500000000000000e+02,7.777777777777755697e-01
3.927999999999999936e+00,1.757500000000000000e+02,8.888888888888867301e-01
3.927999999999999936e+00,1.762500000000000000e+02,9.999999999999978906e-01
3.927999999999999936e+00,1.767500000000000000e+02,9.999999999999978906e-01
3.927999999999999936e+00,1.772500000000000000e+02,6.666666666666646313e-01
3.927999999999999936e+00,1.777500000000000000e+02,2.222222222222201837e-01
3.927999999999999936e+00,1.782500000000000000e+02,2.222222222222201837e-01
3.927999999999999936e+00,1.787500000000000000e+02,-2.035408878479453526e-15
3.927999999999999936e+00,1.792500000000000000e+02,-2.035408878479453526e-15
3.927999999999999936e+00,1.797500000000000000e+02,-2.035408878479453526e-15
3.943999999999999950e+00,1.302500000000000000e+02,5.511111111111111427e+01
3.943999999999999950e+00,1.307500000000000000e+02,5.088888888888889284e+01
3.943999999999999950e+00,1.312500000000000000e+02,4.600000000000000000e+01
3.943999999999999950e+00,1.317500000000000000e+02,4.144444444444444997e+01
3.943999999999999950e+00,1.322500000000000000e+02,4.100000000000000711e+01
3.943999999999999950e+00,1.327500000000000000e+02,3.666666666666667140e+01
3.943999999999999950e+00,1.332500000000000000e+02,3.677777777777777857e+01
3.943999999999999950e+00,1.337500000000000000e+02,3.433333333333333570e+01
3.943999999999999950e+00,1.342500000000000000e+02,3.444444444444444287e+01
3.943999999999999950e+00,1.347500000000000000e+02,2.988888888888888573e+01
3.943999999999999950e+00,1.352500000000000000e+02,2.644444444444444287e+01
3.943999999999999950e+00,1.357500000000000000e+02,2.444444444444444287e+01
3.943999999999999950e+00,1.362500000000000000e+02,2.300000000000000000e+01
3.943999999999999950e+00,1.367500000000000000e+02,2.244444444444444287e+01
3.943999999999999950e+00,1.372500000000000000e+02,2.166666666666666785e+01
3.943999999999999950e+00,1.377500000000000000e+02,2.066666666666666785e+01
3.943999999999999950e+00,1.382500000000000000e+02,1.822222222222222143e+01
3.943999999999999950e+00,1.387500000000000000e+02,1.600000000000000000e+01
3.943999999999999950e+00,1.392500000000000000e+02,1.522222222222222321e+01
3.943999999999999950e+00,1.397500000000000000e+02,1.433333333333333570e+01
3.943999999999999950e+00,1.402500000000000000e+02,1.366666666666666963e+01
3.943999999999999950e+00,1.407500000000000000e+02,1.211111111111111427e+01
3.943999999999999950e+00,1.412500000000000000e+02,1.066666666666666963e+01
3.943999999999999950e+00,1.417500000000000000e+02,8.777777777777780344e+00
3.943999999999999950e+00,1.422500000000000000e+02,9.333333333333335702e+00
3.943999999999999950e+00,1.427500000000000000e+02,9.555555555555558911e+00
3.943999999999999950e+00,1.432500000000000000e+02,1.088888888888889284e+01
3.943999999999999950e+00,1.437500000000000000e+02,9.000000000000003553e+00
3.943999999999999950e+00,1.442500000000000000e+02,8.444444444444448195e+00
3.943999999999999950e+00,1.447500000000000000e+02,8.222222222222224985e+00
3.943999999999999950e+00,1.452500000000000000e+02,9.111111111111114269e+00
3.943999999999999950e+00,1.457500000000000000e+02,9.333333333333337478e+00
3.943999999999999950e+00,1.462500000000000000e+02,7.777777777777781232e+00
3.943999999999999950e+00,1.467500000000000000e+02,7.000000000000003553e+00
3.943999999999999950e+00,1.472500000000000000e+02,5.444444444444447306e+00
3.943999999999999950e+00,1.477500000000000000e+02,5.333333333333336590e+00
3.943999999999999950e+00,1.482500000000000000e+02,4.111111111111114269e+00
3.943999999999999950e+00,1.487500000000000000e+02,4.555555555555558911e+00
3.943999999999999950e+00,1.492500000000000000e+02,4.222222222222225874e+00
3.943999999999999950e+00,1.497500000000000000e+02,5.000000000000003553e+00
3.943999999999999950e+00,1.502500000000000000e+02,4.555555555555558911e+00
3.943999999999999950e+00,1.507500000000000000e+02,4.111111111111114269e+00
3.943999999999999950e+00,1.512500000000000000e+02,4.111111111111114269e+00
3.943999999999999950e+00,1.517500000000000000e+02,3.777777777777780788e+00
3.943999999999999950e+00,1.522500000000000000e+02,4.555555555555558911e+00
3.943999999999999950e+00,1.527500000000000000e+02,3.888888888888892392e+00
3.943999999999999950e+00,1.532500000000000000e+02,4.666666666666670515e+00
3.943999999999999950e+00,1.537500000000000000e+02,4.000000000000003553e+00
3.943999999999999950e+00,1.542500000000000000e+02,3.888888888888892836e+00
3.943999999999999950e+00,1.547500000000000000e+02,3.111111111111114713e+00
3.943999999999999950e+00,1.552500000000000000e+02,3.444444444444448195e+00
3.943999999999999950e+00,1.557500000000000000e+02,3.444444444444448195e+00
3.943999999999999950e+00,1.562500000000000000e+02,3.777777777777781676e+00
3.943999999999999950e+00,1.567500000000000000e+02,3.444444444444448195e+00
3.943999999999999950e+00,1.572500000000000000e+02,3.888888888888892836e+00
3.943999999999999950e+00,1.577500000000000000e+02,3.000000000000003997e+00
3.943999999999999950e+00,1.582500000000000000e+02,3.111111111111115601e+00
3.943999999999999950e+00,1.587500000000000000e+02,2.555555555555560243e+00
3.943999999999999950e+00,1.592500000000000000e+02,3.666666666666671404e+00
3.943999999999999950e+00,1.597500000000000000e+02,3.333333333333337922e+00
3.943999999999999950e+00,1.602500000000000000e+02,3.222222222222227206e+00
3.943999999999999950e+00,1.607500000000000000e+02,2.555555555555560687e+00
3.943999999999999950e+00,1.612500000000000000e+02,2.666666666666671848e+00
3.943999999999999950e+00,1.617500000000000000e+02,2.555555555555560687e+00
3.943999999999999950e+00,1.622500000000000000e+02,3.666666666666671848e+00
3.943999999999999950e+00,1.627500000000000000e+02,3.555555555555560687e+00
3.943999999999999950e+00,1.632500000000000000e+02,3.222222222222227206e+00
3.943999999999999950e+00,1.637500000000000000e+02,2.000000000000004885e+00
3.943999999999999950e+00,1.642500000000000000e+02,2.000000000000004885e+00
3.943999999999999950e+00,1.647500000000000000e+02,2.111111111111116045e+00
3.943999999999999950e+00,1.652500000000000000e+02,2.333333333333337922e+00
3.943999999999999950e+00,1.657500000000000000e+02,2.000000000000004885e+00
3.943999999999999950e+00,1.662500000000000000e+02,1.666666666666671404e+00
3.943999999999999950e+00,1.667500000000000000e+02,1.333333333333338144e+00
3.943999999999999950e+00,1.672500000000000000e+02,1.666666666666671404e+00
3.943999999999999950e+00,1.677500000000000000e+02,1.666666666666671404e+00
3.943999999999999950e+00,1.682500000000000000e+02,2.000000000000004885e+00
3.943999999999999950e+00,1.687500000000000000e+02,1.666666666666671404e+00
3.943999999999999950e+00,1.692500000000000000e+02,1.555555555555560465e+00
3.943999999999999950e+00,1.697500000000000000e+02,1.000000000000004885e+00
3.943999999999999950e+00,1.702500000000000000e+02,1.111111111111116045e+00
3.943999999999999950e+00,1.707500000000000000e+02,1.666666666666671404e+00
3.943999999999999950e+00,1.712500000000000000e+02,1.666666666666671404e+00
3.943999999999999950e+00,1.717500000000000000e+02,1.333333333333338144e+00
3.943999999999999950e+00,1.722500000000000000e+02,5.555555555555603542e-01
3.943999999999999950e+00,1.727500000000000000e+02,7.777777777777826751e-01
3.943999999999999950e+00,1.732500000000000000e+02,8.888888888888938355e-01
3.943999999999999950e+00,1.737500000000000000e+02,1.000000000000005107e+00
3.943999999999999950e+00,1.742500000000000000e+02,7.777777777777826751e-01
3.943999999999999950e+00,1.747500000000000000e+02,1.000000000000004885e+00
3.943999999999999950e+00,1.752500000000000000e+02,7.777777777777826751e-01
3.943999999999999950e+00,1.757500000000000000e+02,1.000000000000005107e+00
3.943999999999999950e+00,1.762500000000000000e+02,1.000000000000005107e+00
3.943999999999999950e+00,1.767500000000000000e+02,1.000000000000005107e+00
3.943999999999999950e+00,1.772500000000000000e+02,5.555555555555605762e-01
3.943999999999999950e+00,1.777500000000000000e+02,1.111111111111161148e-01
3.943999999999999950e+00,1.782500000000000000e+02,1.111111111111161148e-01
3.943999999999999950e+00,1.787500000000000000e+02,5.014507327890290111e-15
3.943999999999999950e+00,1.792500000000000000e+02,5.014507327890290111e-15
3.943999999999999950e+00,1.797500000000000000e+02,5.014507327890290111e-15
3.959999999999999964e+00,1.302500000000000000e+02,5.411111111111111427e+01
3.959999999999999964e+00,1.307500000000000000e+02,5.033333333333333570e+01
3.959999999999999964e+00,1.312500000000000000e+02,4.555555555555555003e+01
3.959999999999999964e+00,1.317500000000000000e+02,4.188888888888888573e+01
3.959999999999999964e+00,1.322500000000000000e+02,4.122222222222222143e+01
3.959999999999999964e+00,1.327500000000000000e+02,3.777777777777777857e+01
3.959999999999999964e+00,1.332500000000000000e+02,3.788888888888888573e+01
3.959999999999999964e+00,1.337500000000000000e+02,3.600000000000000000e+01
3.959999999999999964e+00,1.342500000000000000e+02,3.555555555555555003e+01
3.959999999999999964e+00,1.347500000000000000e+02,3.133333333333332860e+01
3.959999999999999964e+00,1.352500000000000000e+02,2.777777777777777146e+01
3.959999999999999964e+00,1.357500000000000000e+02,2.599999999999999645e+01
3.959999999999999964e+00,1.362500000000000000e+02,2.488888888888888573e+01
3.959999999999999964e+00,1.367500000000000000e+02,2.388888888888888573e+01
3.959999999999999964e+00,1.372500000000000000e+02,2.244444444444444287e+01
3.959999999999999964e+00,1.377500000000000000e+02,2.111111111111111072e+01
3.959999999999999964e+00,1.382500000000000000e+02,1.777777777777777501e+01
3.959999999999999964e+00,1.387500000000000000e+02,1.588888888888888573e+01
3.959999999999999964e+00,1.392500000000000000e+02,1.444444444444444109e+01
3.959999999999999964e+00,1.397500000000000000e+02,1.422222222222221966e+01
3.959999999999999964e+00,1.402500000000000000e+02,1.488888888888888573e+01
3.959999999999999964e+00,1.407500000000000000e+02,1.422222222222221966e+01
3.959999999999999964e+00,1.412500000000000000e+02,1.411111111111110716e+01
3.959999999999999964e+00,1.417500000000000000e+02,9.888888888888883955e+00
3.959999999999999964e+00,1.422500000000000000e+02,9.777777777777773238e+00
3.959999999999999964e+00,1.427500000000000000e+02,8.222222222222219656e+00
3.959999999999999964e+00,1.432500000000000000e+02,1.033333333333333037e+01
3.959999999999999964e+00,1.437500000000000000e+02,8.999999999999996447e+00
3.959999999999999964e+00,1.442500000000000000e+02,9.666666666666662522e+00
3.959999999999999964e+00,1.447500000000000000e+02,8.444444444444441089e+00
3.959999999999999964e+00,1.452500000000000000e+02,8.999999999999994671e+00
3.959999999999999964e+00,1.457500000000000000e+02,7.555555555555550917e+00
3.959999999999999964e+00,1.462500000000000000e+02,6.555555555555550917e+00
3.959999999999999964e+00,1.467500000000000000e+02,5.777777777777774126e+00
3.959999999999999964e+00,1.472500000000000000e+02,5.333333333333329485e+00
3.959999999999999964e+00,1.477500000000000000e+02,5.333333333333329485e+00
3.959999999999999964e+00,1.482500000000000000e+02,4.444444444444440201e+00
3.959999999999999964e+00,1.487500000000000000e+02,4.333333333333329485e+00
3.959999999999999964e+00,1.492500000000000000e+02,3.999999999999996447e+00
3.959999999999999964e+00,1.497500000000000000e+02,4.777777777777774126e+00
3.959999999999999964e+00,1.502500000000000000e+02,4.555555555555551805e+00
3.959999999999999964e+00,1.507500000000000000e+02,4.444444444444440201e+00
3.959999999999999964e+00,1.512500000000000000e+02,3.222222222222218324e+00
3.959999999999999964e+00,1.517500000000000000e+02,2.999999999999996447e+00
3.959999999999999964e+00,1.522500000000000000e+02,3.555555555555551805e+00
3.959999999999999964e+00,1.527500000000000000e+02,4.111111111111107164e+00
3.959999999999999964e+00,1.532500000000000000e+02,4.666666666666662522e+00
3.959999999999999964e+00,1.537500000000000000e+02,4.111111111111107164e+00
3.959999999999999964e+00,1.542500000000000000e+02,3.444444444444440645e+00
3.959999999999999964e+00,1.547500000000000000e+02,2.888888888888885287e+00
3.959999999999999964e+00,1.552500000000000000e+02,3.222222222222218324e+00
3.959999999999999964e+00,1.557500000000000000e+02,3.333333333333329929e+00
3.959999999999999964e+00,1.562500000000000000e+02,3.555555555555552250e+00
3.959999999999999964e+00,1.567500000000000000e+02,3.333333333333330373e+00
3.959999999999999964e+00,1.572500000000000000e+02,3.555555555555552250e+00
3.959999999999999964e+00,1.577500000000000000e+02,2.666666666666663410e+00
3.959999999999999964e+00,1.582500000000000000e+02,2.222222222222219212e+00
3.959999999999999964e+00,1.587500000000000000e+02,1.999999999999997113e+00
3.959999999999999964e+00,1.592500000000000000e+02,2.999999999999996891e+00
3.959999999999999964e+00,1.597500000000000000e+02,3.444444444444441533e+00
3.959999999999999964e+00,1.602500000000000000e+02,3.111111111111108496e+00
3.959999999999999964e+00,1.607500000000000000e+02,2.666666666666663854e+00
3.959999999999999964e+00,1.612500000000000000e+02,2.666666666666663854e+00
3.959999999999999964e+00,1.617500000000000000e+02,2.333333333333330817e+00
3.959999999999999964e+00,1.622500000000000000e+02,3.555555555555553138e+00
3.959999999999999964e+00,1.627500000000000000e+02,2.999999999999997780e+00
3.959999999999999964e+00,1.632500000000000000e+02,3.111111111111108940e+00
3.959999999999999964e+00,1.637500000000000000e+02,1.777777777777775681e+00
3.959999999999999964e+00,1.642500000000000000e+02,2.222222222222220100e+00
3.959999999999999964e+00,1.647500000000000000e+02,2.333333333333330817e+00
3.959999999999999964e+00,1.652500000000000000e+02,2.222222222222220100e+00
3.959999999999999964e+00,1.657500000000000000e+02,1.555555555555553360e+00
3.959999999999999964e+00,1.662500000000000000e+02,9.999999999999976685e-01
3.959999999999999964e+00,1.667500000000000000e+02,9.999999999999976685e-01
3.959999999999999964e+00,1.672500000000000000e+02,1.444444444444442199e+00
3.959999999999999964e+00,1.677500000000000000e+02,1.888888888888886841e+00
3.959999999999999964e+00,1.682500000000000000e+02,1.999999999999998002e+00
3.959999999999999964e+00,1.687500000000000000e+02,1.888888888888886841e+00
3.959999999999999964e+00,1.692500000000000000e+02,1.666666666666664520e+00
3.959999999999999964e+00,1.697500000000000000e+02,1.222222222222220100e+00
3.959999999999999964e+00,1.702500000000000000e+02,9.999999999999978906e-01
3.959999999999999964e+00,1.707500000000000000e+02,1.333333333333331261e+00
3.959999999999999964e+00,1.712500000000000000e+02,1.777777777777775681e+00
3.959999999999999964e+00,1.717500000000000000e+02,1.555555555555553360e+00
3.959999999999999964e+00,1.722500000000000000e+02,7.777777777777754586e-01
3.959999999999999964e+00,1.727500000000000000e+02,6.666666666666644092e-01
3.959999999999999964e+00,1.732500000000000000e+02,7.777777777777754586e-01
3.959999999999999964e+00,1.737500000000000000e+02,9.999999999999976685e-01
3.959999999999999964e+00,1.742500000000000000e+02,6.666666666666642982e-01
3.959999999999999964e+00,1.747500000000000000e+02,8.888888888888865081e-01
3.959999999999999964e+00,1.752500000000000000e+02,6.666666666666642982e-01
3.959999999999999964e+00,1.757500000000000000e+02,8.888888888888865081e-01
3.959999999999999964e+00,1.762500000000000000e+02,8.888888888888865081e-01
3.959999999999999964e+00,1.767500000000000000e+02,9.999999999999976685e-01
3.959999999999999964e+00,1.772500000000000000e+02,5.555555555555532488e-01
3.959999999999999964e+00,1.777500000000000000e+02,1.111111111111087874e-01
3.959999999999999964e+00,1.782500000000000000e+02,-2.312964634635742661e-15
3.959999999999999964e+00,1.787500000000000000e+02,-2.312964634635742661e-15
3.959999999999999964e+00,1.792500000000000000e+02,-2.312964634635742661e-15
3.959999999999999964e+00,1.797500000000000000e+02,-2.312964634635742661e-15
3.975999999999999979e+00,1.302500000000000000e+02,5.311111111111110716e+01
3.975999999999999979e+00,1.307500000000000000e+02,5.077777777777777146e+01
3.975999999999999979e+00,1.312500000000000000e+02,4.788888888888888573e+01
3.975999999999999979e+00,1.317500000000000000e+02,4.466666666666666430e+01
3.975999999999999979e+00,1.322500000000000000e+02,4.322222222222222854e+01
3.975999999999999979e+00,1.327500000000000000e+02,4.200000000000000711e+01
3.975999999999999979e+00,1.332500000000000000e+02,4.122222222222222854e+01
3.975999999999999979e+00,1.337500000000000000e+02,3.877777777777777857e+01
3.975999999999999979e+00,1.342500000000000000e+02,3.488888888888889284e+01
3.975999999999999979e+00,1.347500000000000000e+02,3.177777777777778212e+01
3.975999999999999979e+00,1.352500000000000000e+02,2.911111111111111427e+01
3.975999999999999979e+00,1.357500000000000000e+02,2.766666666666666785e+01
3.975999999999999979e+00,1.362500000000000000e+02,2.533333333333333215e+01
3.975999999999999979e+00,1.367500000000000000e+02,2.466666666666666785e+01
3.975999999999999979e+00,1.372500000000000000e+02,2.277777777777778212e+01
3.975999999999999979e+00,1.377500000000000000e+02,2.133333333333333215e+01
3.975999999999999979e+00,1.382500000000000000e+02,1.866666666666666785e+01
3.975999999999999979e+00,1.387500000000000000e+02,1.822222222222222143e+01
3.975999999999999979e+00,1.392500000000000000e+02,1.700000000000000000e+01
3.975999999999999979e+00,1.397500000000000000e+02,1.577777777777777857e+01
3.975999999999999979e+00,1.402500000000000000e+02,1.477777777777777857e+01
3.975999999999999979e+00,1.407500000000000000e+02,1.400000000000000000e+01
3.975999999999999979e+00,1.412500000000000000e+02,1.311111111111110894e+01
3.975999999999999979e+00,1.417500000000000000e+02,1.122222222222221966e+01
3.975999999999999979e+00,1.422500000000000000e+02,1.077777777777777324e+01
3.975999999999999979e+00,1.427500000000000000e+02,1.066666666666666252e+01
3.975999999999999979e+00,1.432500000000000000e+02,1.122222222222221966e+01
3.975999999999999979e+00,1.437500000000000000e+02,8.999999999999996447e+00
3.975999999999999979e+00,1.442500000000000000e+02,8.777777777777773238e+00
3.975999999999999979e+00,1.447500000000000000e+02,6.888888888888884843e+00
3.975999999999999979e+00,1.452500000000000000e+02,7.777777777777774126e+00
3.975999999999999979e+00,1.457500000000000000e+02,6.444444444444440201e+00
3.975999999999999979e+00,1.462500000000000000e+02,5.888888888888884843e+00
3.975999999999999979e+00,1.467500000000000000e+02,5.777777777777774126e+00
3.975999999999999979e+00,1.472500000000000000e+02,5.666666666666661634e+00
3.975999999999999979e+00,1.477500000000000000e+02,5.333333333333328596e+00
3.975999999999999979e+00,1.482500000000000000e+02,4.333333333333328596e+00
3.975999999999999979e+00,1.487500000000000000e+02,4.222222222222217880e+00
3.975999999999999979e+00,1.492500000000000000e+02,4.777777777777774126e+00
3.975999999999999979e+00,1.497500000000000000e+02,5.333333333333329485e+00
3.975999999999999979e+00,1.502500000000000000e+02,5.444444444444440201e+00
3.975999999999999979e+00,1.507500000000000000e+02,5.444444444444440201e+00
3.975999999999999979e+00,1.512500000000000000e+02,4.333333333333329485e+00
3.975999999999999979e+00,1.517500000000000000e+02,3.777777777777774570e+00
3.975999999999999979e+00,1.522500000000000000e+02,3.555555555555552250e+00
3.975999999999999979e+00,1.527500000000000000e+02,4.333333333333329485e+00
3.975999999999999979e+00,1.532500000000000000e+02,4.222222222222218768e+00
3.975999999999999979e+00,1.537500000000000000e+02,3.777777777777774570e+00
3.975999999999999979e+00,1.542500000000000000e+02,3.111111111111107608e+00
3.975999999999999979e+00,1.547500000000000000e+02,3.111111111111107608e+00
3.975999999999999979e+00,1.552500000000000000e+02,3.777777777777774570e+00
3.975999999999999979e+00,1.557500000000000000e+02,4.222222222222218768e+00
3.975999999999999979e+00,1.562500000000000000e+02,3.999999999999996447e+00
3.975999999999999979e+00,1.567500000000000000e+02,3.333333333333329929e+00
3.975999999999999979e+00,1.572500000000000000e+02,3.333333333333329929e+00
3.975999999999999979e+00,1.577500000000000000e+02,2.666666666666662966e+00
3.975999999999999979e+00,1.582500000000000000e+02,2.666666666666662966e+00
3.975999999999999979e+00,1.587500000000000000e+02,2.111111111111107608e+00
3.975999999999999979e+00,1.592500000000000000e+02,3.111111111111107164e+00
3.975999999999999979e+00,1.597500000000000000e+02,2.888888888888885287e+00
3.975999999999999979e+00,1.602500000000000000e+02,2.777777777777773682e+00
3.975999999999999979e+00,1.607500000000000000e+02,2.333333333333329485e+00
3.975999999999999979e+00,1.612500000000000000e+02,2.666666666666662966e+00
3.975999999999999979e+00,1.617500000000000000e+02,2.333333333333329485e+00
3.975999999999999979e+00,1.622500000000000000e+02,3.111111111111107164e+00
3.975999999999999979e+00,1.627500000000000000e+02,2.444444444444440645e+00
3.975999999999999979e+00,1.632500000000000000e+02,2.555555555555551361e+00
3.975999999999999979e+00,1.637500000000000000e+02,1.666666666666662522e+00
3.975999999999999979e+00,1.642500000000000000e+02,2.222222222222217880e+00
3.975999999999999979e+00,1.647500000000000000e+02,2.222222222222217880e+00
3.975999999999999979e+00,1.652500000000000000e+02,1.777777777777773238e+00
3.975999999999999979e+00,1.657500000000000000e+02,1.111111111111106498e+00
3.975999999999999979e+00,1.662500000000000000e+02,1.333333333333328818e+00
3.975999999999999979e+00,1.667500000000000000e+02,1.666666666666661856e+00
3.975999999999999979e+00,1.672500000000000000e+02,1.999999999999995337e+00
3.975999999999999979e+00,1.677500000000000000e+02,1.888888888888884177e+00
3.975999999999999979e+00,1.682500000000000000e+02,1.888888888888884177e+00
3.975999999999999979e+00,1.687500000000000000e+02,1.999999999999995337e+00
3.975999999999999979e+00,1.692500000000000000e+02,1.444444444444439535e+00
3.975999999999999979e+00,1.697500000000000000e+02,1.333333333333328374e+00
3.975999999999999979e+00,1.702500000000000000e+02,1.444444444444439535e+00
3.975999999999999979e+00,1.707500000000000000e+02,1.999999999999995337e+00
3.975999999999999979e+00,1.712500000000000000e+02,1.999999999999995337e+00
3.975999999999999979e+00,1.717500000000000000e+02,1.333333333333328596e+00
3.975999999999999979e+00,1.722500000000000000e+02,7.777777777777729051e-01
3.975999999999999979e+00,1.727500000000000000e+02,6.666666666666618557e-01
3.975999999999999979e+00,1.732500000000000000e+02,5.555555555555508063e-01
3.975999999999999979e+00,1.737500000000000000e+02,4.444444444444397013e-01
3.975999999999999979e+00,1.742500000000000000e+02,5.555555555555508063e-01
3.975999999999999979e+00,1.747500000000000000e+02,8.888888888888840656e-01
3.975999999999999979e+00,1.752500000000000000e+02,7.777777777777729051e-01
3.975999999999999979e+00,1.757500000000000000e+02,5.555555555555508063e-01
3.975999999999999979e+00,1.762500000000000000e+02,4.444444444444395903e-01
3.975999999999999979e+00,1.767500000000000000e+02,6.666666666666617447e-01
3.975999999999999979e+00,1.772500000000000000e+02,4.444444444444395903e-01
3.975999999999999979e+00,1.777500000000000000e+02,2.222222222222174082e-01
3.975999999999999979e+00,1.782500000000000000e+02,-4.810966440042345271e-15
3.975999999999999979e+00,1.787500000000000000e+02,-4.810966440042345271e-15
3.975999999999999979e+00,1.792500000000000000e+02,-4.810966440042345271e-15
3.975999999999999979e+00,1.797500000000000000e+02,-4.810966440042345271e-15
3.991999999999999993e+00,1.302500000000000000e+02,5.133333333333333570e+01
3.991999999999999993e+00,1.307500000000000000e+02,5.055555555555555003e+01
3.991999999999999993e+00,1.312500000000000000e+02,4.944444444444443576e+01
3.991999999999999993e+00,1.317500000000000000e+02,4.499999999999999289e+01
3.991999999999999993e+00,1.322500000000000000e+02,4.199999999999999289e+01
3.991999999999999993e+00,1.327500000000000000e+02,4.133333333333332149e+01
3.991999999999999993e+00,1.332500000000000000e+02,4.099999999999999289e+01
3.991999999999999993e+00,1.337500000000000000e+02,3.844444444444443576e+01
3.991999999999999993e+00,1.342500000000000000e+02,3.355555555555554292e+01
3.991999999999999993e+00,1.347500000000000000e+02,3.122222222222221077e+01
3.991999999999999993e+00,1.352500000000000000e+02,3.055555555555554292e+01
3.991999999999999993e+00,1.357500000000000000e+02,2.866666666666665719e+01
3.991999999999999993e+00,1.362500000000000000e+02,2.611111111111110006e+01
3.991999999999999993e+00,1.367500000000000000e+02,2.422222222222221077e+01
3.991999999999999993e+00,1.372500000000000000e+02,2.177777777777776080e+01
3.991999999999999993e+00,1.377500000000000000e+02,1.955555555555553937e+01
3.991999999999999993e+00,1.382500000000000000e+02,1.855555555555553937e+01
3.991999999999999993e+00,1.387500000000000000e+02,1.911111111111109651e+01
3.991999999999999993e+00,1.392500000000000000e+02,1.744444444444442865e+01
3.991999999999999993e+00,1.397500000000000000e+02,1.488888888888887152e+01
3.991999999999999993e+00,1.402500000000000000e+02,1.344444444444442688e+01
3.991999999999999993e+00,1.407500000000000000e+02,1.355555555555553759e+01
3.991999999999999993e+00,1.412500000000000000e+02,1.355555555555553759e+01
3.991999999999999993e+00,1.417500000000000000e+02,1.388888888888887152e+01
3.991999999999999993e+00,1.422500000000000000e+02,1.188888888888887152e+01
3.991999999999999993e+00,1.427500000000000000e+02,1.144444444444442688e+01
3.991999999999999993e+00,1.432500000000000000e+02,1.055555555555553759e+01
3.991999999999999993e+00,1.437500000000000000e+02,8.777777777777759027e+00
3.991999999999999993e+00,1.442500000000000000e+02,8.888888888888871520e+00
3.991999999999999993e+00,1.447500000000000000e+02,6.777777777777760804e+00
3.991999999999999993e+00,1.452500000000000000e+02,7.888888888888871520e+00
3.991999999999999993e+00,1.457500000000000000e+02,6.666666666666649199e+00
3.991999999999999993e+00,1.462500000000000000e+02,6.555555555555538483e+00
3.991999999999999993e+00,1.467500000000000000e+02,6.666666666666649199e+00
3.991999999999999993e+00,1.472500000000000000e+02,6.222222222222204557e+00
3.991999999999999993e+00,1.477500000000000000e+02,5.888888888888871520e+00
3.991999999999999993e+00,1.482500000000000000e+02,5.111111111111093841e+00
3.991999999999999993e+00,1.487500000000000000e+02,5.111111111111093841e+00
3.991999999999999993e+00,1.492500000000000000e+02,5.777777777777760804e+00
3.991999999999999993e+00,1.497500000000000000e+02,6.111111111111093841e+00
3.991999999999999993e+00,1.502500000000000000e+02,6.111111111111093841e+00
3.991999999999999993e+00,1.507500000000000000e+02,6.222222222222204557e+00
3.991999999999999993e+00,1.512500000000000000e+02,4.888888888888871520e+00
3.991999999999999993e+00,1.517500000000000000e+02,3.888888888888871520e+00
3.991999999999999993e+00,1.522500000000000000e+02,2.999999999999982236e+00
3.991999999999999993e+00,1.527500000000000000e+02,4.111111111111092953e+00
3.991999999999999993e+00,1.532500000000000000e+02,4.333333333333315274e+00
3.991999999999999993e+00,1.537500000000000000e+02,4.111111111111092953e+00
3.991999999999999993e+00,1.542500000000000000e+02,3.888888888888871076e+00
3.991999999999999993e+00,1.547500000000000000e+02,4.111111111111092953e+00
3.991999999999999993e+00,1.552500000000000000e+02,4.444444444444425990e+00
3.991999999999999993e+00,1.557500000000000000e+02,4.333333333333315274e+00
3.991999999999999993e+00,1.562500000000000000e+02,3.666666666666648311e+00
3.991999999999999993e+00,1.567500000000000000e+02,3.222222222222203669e+00
3.991999999999999993e+00,1.572500000000000000e+02,3.111111111111092953e+00
3.991999999999999993e+00,1.577500000000000000e+02,2.555555555555537151e+00
3.991999999999999993e+00,1.582500000000000000e+02,2.777777777777759471e+00
3.991999999999999993e+00,1.587500000000000000e+02,1.999999999999982014e+00
3.991999999999999993e+00,1.592500000000000000e+02,2.222222222222204113e+00
3.991999999999999993e+00,1.597500000000000000e+02,1.444444444444426656e+00
3.991999999999999993e+00,1.602500000000000000e+02,1.777777777777759916e+00
3.991999999999999993e+00,1.607500000000000000e+02,2.111111111111093397e+00
3.991999999999999993e+00,1.612500000000000000e+02,2.444444444444426434e+00
3.991999999999999993e+00,1.617500000000000000e+02,2.222222222222204113e+00
3.991999999999999993e+00,1.622500000000000000e+02,2.222222222222204113e+00
3.991999999999999993e+00,1.627500000000000000e+02,1.888888888888870854e+00
3.991999999999999993e+00,1.632500000000000000e+02,1.666666666666648533e+00
3.991999999999999993e+00,1.637500000000000000e+02,1.444444444444426212e+00
3.991999999999999993e+00,1.642500000000000000e+02,1.666666666666648533e+00
3.991999999999999993e+00,1.647500000000000000e+02,1.888888888888870854e+00
3.991999999999999993e+00,1.652500000000000000e+02,1.555555555555537595e+00
3.991999999999999993e+00,1.657500000000000000e+02,1.222222222222204335e+00
3.991999999999999993e+00,1.662500000000000000e+02,1.999999999999982014e+00
3.991999999999999993e+00,1.667500000000000000e+02,2.222222222222204113e+00
3.991999999999999993e+00,1.672500000000000000e+02,2.333333333333315274e+00
3.991999999999999993e+00,1.677500000000000000e+02,1.888888888888870854e+00
3.991999999999999993e+00,1.682500000000000000e+02,2.333333333333315274e+00
3.991999999999999993e+00,1.687500000000000000e+02,2.666666666666648755e+00
3.991999999999999993e+00,1.692500000000000000e+02,1.888888888888870854e+00
3.991999999999999993e+00,1.697500000000000000e+02,1.555555555555537595e+00
3.991999999999999993e+00,1.702500000000000000e+02,1.888888888888870854e+00
3.991999999999999993e+00,1.707500000000000000e+02,2.333333333333315718e+00
3.991999999999999993e+00,1.712500000000000000e+02,2.333333333333315718e+00
3.991999999999999993e+00,1.717500000000000000e+02,1.222222222222204335e+00
3.991999999999999993e+00,1.722500000000000000e+02,9.999999999999822364e-01
3.991999999999999993e+00,1.727500000000000000e+02,6.666666666666488661e-01
3.991999999999999993e+00,1.732500000000000000e+02,6.666666666666488661e-01
3.991999999999999993e+00,1.737500000000000000e+02,4.444444444444267117e-01
3.991999999999999993e+00,1.742500000000000000e+02,7.777777777777600265e-01
3.991999999999999993e+00,1.747500000000000000e+02,7.777777777777600265e-01
3.991999999999999993e+00,1.752500000000000000e+02,5.555555555555379277e-01
3.991999999999999993e+00,1.757500000000000000e+02,-1.768955352569416193e-14
3.991999999999999993e+00,1.762500000000000000e+02,2.222222222222045296e-01
3.991999999999999993e+00,1.767500000000000000e+02,5.555555555555379277e-01
3.991999999999999993e+00,1.772500000000000000e+02,5.555555555555379277e-01
3.991999999999999993e+00,1.777500000000000000e+02,3.333333333333156623e-01
3.991999999999999993e+00,1.782500000000000000e+02,-1.765254609153998899e-14
3.991999999999999993e+00,1.787500000000000000e+02,-1.765254609153998899e-14
3.991999999999999993e+00,1.792500000000000000e+02,-1.765254609153998899e-14
3.991999999999999993e+00,1.797500000000000000e+02,-1.765254609153998899e-14
