Distance_Angstrom,Angle_Degree,Smoothed_Density
2.407999999999999918e+00,1.302500000000000000e+02,0.000000000000000000e+00
2.407999999999999918e+00,1.307500000000000000e+02,0.000000000000000000e+00
2.407999999999999918e+00,1.312500000000000000e+02,0.000000000000000000e+00
2.407999999999999918e+00,1.317500000000000000e+02,0.000000000000000000e+00
2.407999999999999918e+00,1.322500000000000000e+02,0.000000000000000000e+00
2.407999999999999918e+00,1.327500000000000000e+02,0.000000000000000000e+00
2.407999999999999918e+00,1.332500000000000000e+02,0.000000000000000000e+00
2.407999999999999918e+00,1.337500000000000000e+02,0.000000000000000000e+00
2.407999999999999918e+00,1.342500000000000000e+02,0.000000000000000000e+00
2.407999999999999918e+00,1.347500000000000000e+02,0.000000000000000000e+00
2.407999999999999918e+00,1.352500000000000000e+02,0.000000000000000000e+00
2.407999999999999918e+00,1.357500000000000000e+02,0.000000000000000000e+00
2.407999999999999918e+00,1.362500000000000000e+02,0.000000000000000000e+00
2.407999999999999918e+00,1.367500000000000000e+02,0.000000000000000000e+00
2.407999999999999918e+00,1.372500000000000000e+02,0.000000000000000000e+00
2.407999999999999918e+00,1.377500000000000000e+02,0.000000000000000000e+00
2.407999999999999918e+00,1.382500000000000000e+02,0.000000000000000000e+00
2.407999999999999918e+00,1.387500000000000000e+02,0.000000000000000000e+00
2.407999999999999918e+00,1.392500000000000000e+02,0.000000000000000000e+00
2.407999999999999918e+00,1.397500000000000000e+02,0.000000000000000000e+00
2.407999999999999918e+00,1.402500000000000000e+02,0.000000000000000000e+00
2.407999999999999918e+00,1.407500000000000000e+02,0.000000000000000000e+00
2.407999999999999918e+00,1.412500000000000000e+02,0.000000000000000000e+00
2.407999999999999918e+00,1.417500000000000000e+02,0.000000000000000000e+00
2.407999999999999918e+00,1.422500000000000000e+02,0.000000000000000000e+00
2.407999999999999918e+00,1.427500000000000000e+02,0.000000000000000000e+00
2.407999999999999918e+00,1.432500000000000000e+02,0.000000000000000000e+00
2.407999999999999918e+00,1.437500000000000000e+02,0.000000000000000000e+00
2.407999999999999918e+00,1.442500000000000000e+02,0.000000000000000000e+00
2.407999999999999918e+00,1.447500000000000000e+02,0.000000000000000000e+00
2.407999999999999918e+00,1.452500000000000000e+02,0.000000000000000000e+00
2.407999999999999918e+00,1.457500000000000000e+02,0.000000000000000000e+00
2.407999999999999918e+00,1.462500000000000000e+02,0.000000000000000000e+00
2.407999999999999918e+00,1.467500000000000000e+02,0.000000000000000000e+00
2.407999999999999918e+00,1.472500000000000000e+02,0.000000000000000000e+00
2.407999999999999918e+00,1.477500000000000000e+02,0.000000000000000000e+00
2.407999999999999918e+00,1.482500000000000000e+02,0.000000000000000000e+00
2.407999999999999918e+00,1.487500000000000000e+02,0.000000000000000000e+00
2.407999999999999918e+00,1.492500000000000000e+02,0.000000000000000000e+00
2.407999999999999918e+00,1.497500000000000000e+02,0.000000000000000000e+00
2.407999999999999918e+00,1.502500000000000000e+02,0.000000000000000000e+00
2.407999999999999918e+00,1.507500000000000000e+02,0.000000000000000000e+00
2.407999999999999918e+00,1.512500000000000000e+02,0.000000000000000000e+00
2.407999999999999918e+00,1.517500000000000000e+02,0.000000000000000000e+00
2.407999999999999918e+00,1.522500000000000000e+02,0.000000000000000000e+00
2.407999999999999918e+00,1.527500000000000000e+02,0.000000000000000000e+00
2.407999999999999918e+00,1.532500000000000000e+02,0.000000000000000000e+00
2.407999999999999918e+00,1.537500000000000000e+02,0.000000000000000000e+00
2.407999999999999918e+00,1.542500000000000000e+02,0.000000000000000000e+00
2.407999999999999918e+00,1.547500000000000000e+02,0.000000000000000000e+00
2.407999999999999918e+00,1.552500000000000000e+02,0.000000000000000000e+00
2.407999999999999918e+00,1.557500000000000000e+02,0.000000000000000000e+00
2.407999999999999918e+00,1.562500000000000000e+02,0.000000000000000000e+00
2.407999999999999918e+00,1.567500000000000000e+02,0.000000000000000000e+00
2.407999999999999918e+00,1.572500000000000000e+02,0.000000000000000000e+00
2.407999999999999918e+00,1.577500000000000000e+02,0.000000000000000000e+00
2.407999999999999918e+00,1.582500000000000000e+02,0.000000000000000000e+00
2.407999999999999918e+00,1.587500000000000000e+02,0.000000000000000000e+00
2.407999999999999918e+00,1.592500000000000000e+02,0.000000000000000000e+00
2.407999999999999918e+00,1.597500000000000000e+02,0.000000000000000000e+00
2.407999999999999918e+00,1.602500000000000000e+02,0.000000000000000000e+00
2.407999999999999918e+00,1.607500000000000000e+02,0.000000000000000000e+00
2.407999999999999918e+00,1.612500000000000000e+02,0.000000000000000000e+00
2.407999999999999918e+00,1.617500000000000000e+02,0.000000000000000000e+00
2.407999999999999918e+00,1.622500000000000000e+02,0.000000000000000000e+00
2.407999999999999918e+00,1.627500000000000000e+02,0.000000000000000000e+00
2.407999999999999918e+00,1.632500000000000000e+02,0.000000000000000000e+00
2.407999999999999918e+00,1.637500000000000000e+02,0.000000000000000000e+00
2.407999999999999918e+00,1.642500000000000000e+02,0.000000000000000000e+00
2.407999999999999918e+00,1.647500000000000000e+02,0.000000000000000000e+00
2.407999999999999918e+00,1.652500000000000000e+02,0.000000000000000000e+00
2.407999999999999918e+00,1.657500000000000000e+02,0.000000000000000000e+00
2.407999999999999918e+00,1.662500000000000000e+02,0.000000000000000000e+00
2.407999999999999918e+00,1.667500000000000000e+02,0.000000000000000000e+00
2.407999999999999918e+00,1.672500000000000000e+02,0.000000000000000000e+00
2.407999999999999918e+00,1.677500000000000000e+02,0.000000000000000000e+00
2.407999999999999918e+00,1.682500000000000000e+02,0.000000000000000000e+00
2.407999999999999918e+00,1.687500000000000000e+02,0.000000000000000000e+00
2.407999999999999918e+00,1.692500000000000000e+02,0.000000000000000000e+00
2.407999999999999918e+00,1.697500000000000000e+02,0.000000000000000000e+00
2.407999999999999918e+00,1.702500000000000000e+02,0.000000000000000000e+00
2.407999999999999918e+00,1.707500000000000000e+02,0.000000000000000000e+00
2.407999999999999918e+00,1.712500000000000000e+02,0.000000000000000000e+00
2.407999999999999918e+00,1.717500000000000000e+02,0.000000000000000000e+00
2.407999999999999918e+00,1.722500000000000000e+02,0.000000000000000000e+00
2.407999999999999918e+00,1.727500000000000000e+02,0.000000000000000000e+00
2.407999999999999918e+00,1.732500000000000000e+02,0.000000000000000000e+00
2.407999999999999918e+00,1.737500000000000000e+02,0.000000000000000000e+00
2.407999999999999918e+00,1.742500000000000000e+02,0.000000000000000000e+00
2.407999999999999918e+00,1.747500000000000000e+02,0.000000000000000000e+00
2.407999999999999918e+00,1.752500000000000000e+02,0.000000000000000000e+00
2.407999999999999918e+00,1.757500000000000000e+02,0.000000000000000000e+00
2.407999999999999918e+00,1.762500000000000000e+02,0.000000000000000000e+00
2.407999999999999918e+00,1.767500000000000000e+02,0.000000000000000000e+00
2.407999999999999918e+00,1.772500000000000000e+02,0.000000000000000000e+00
2.407999999999999918e+00,1.777500000000000000e+02,0.000000000000000000e+00
2.407999999999999918e+00,1.782500000000000000e+02,0.000000000000000000e+00
2.407999999999999918e+00,1.787500000000000000e+02,0.000000000000000000e+00
2.407999999999999918e+00,1.792500000000000000e+02,0.000000000000000000e+00
2.407999999999999918e+00,1.797500000000000000e+02,0.000000000000000000e+00
2.423999999999999932e+00,1.302500000000000000e+02,0.000000000000000000e+00
2.423999999999999932e+00,1.307500000000000000e+02,0.000000000000000000e+00
2.423999999999999932e+00,1.312500000000000000e+02,0.000000000000000000e+00
2.423999999999999932e+00,1.317500000000000000e+02,0.000000000000000000e+00
2.423999999999999932e+00,1.322500000000000000e+02,0.000000000000000000e+00
2.423999999999999932e+00,1.327500000000000000e+02,0.000000000000000000e+00
2.423999999999999932e+00,1.332500000000000000e+02,0.000000000000000000e+00
2.423999999999999932e+00,1.337500000000000000e+02,0.000000000000000000e+00
2.423999999999999932e+00,1.342500000000000000e+02,0.000000000000000000e+00
2.423999999999999932e+00,1.347500000000000000e+02,0.000000000000000000e+00
2.423999999999999932e+00,1.352500000000000000e+02,0.000000000000000000e+00
2.423999999999999932e+00,1.357500000000000000e+02,0.000000000000000000e+00
2.423999999999999932e+00,1.362500000000000000e+02,0.000000000000000000e+00
2.423999999999999932e+00,1.367500000000000000e+02,0.000000000000000000e+00
2.423999999999999932e+00,1.372500000000000000e+02,0.000000000000000000e+00
2.423999999999999932e+00,1.377500000000000000e+02,0.000000000000000000e+00
2.423999999999999932e+00,1.382500000000000000e+02,0.000000000000000000e+00
2.423999999999999932e+00,1.387500000000000000e+02,0.000000000000000000e+00
2.423999999999999932e+00,1.392500000000000000e+02,0.000000000000000000e+00
2.423999999999999932e+00,1.397500000000000000e+02,0.000000000000000000e+00
2.423999999999999932e+00,1.402500000000000000e+02,0.000000000000000000e+00
2.423999999999999932e+00,1.407500000000000000e+02,0.000000000000000000e+00
2.423999999999999932e+00,1.412500000000000000e+02,0.000000000000000000e+00
2.423999999999999932e+00,1.417500000000000000e+02,0.000000000000000000e+00
2.423999999999999932e+00,1.422500000000000000e+02,0.000000000000000000e+00
2.423999999999999932e+00,1.427500000000000000e+02,0.000000000000000000e+00
2.423999999999999932e+00,1.432500000000000000e+02,0.000000000000000000e+00
2.423999999999999932e+00,1.437500000000000000e+02,0.000000000000000000e+00
2.423999999999999932e+00,1.442500000000000000e+02,0.000000000000000000e+00
2.423999999999999932e+00,1.447500000000000000e+02,0.000000000000000000e+00
2.423999999999999932e+00,1.452500000000000000e+02,0.000000000000000000e+00
2.423999999999999932e+00,1.457500000000000000e+02,0.000000000000000000e+00
2.423999999999999932e+00,1.462500000000000000e+02,0.000000000000000000e+00
2.423999999999999932e+00,1.467500000000000000e+02,0.000000000000000000e+00
2.423999999999999932e+00,1.472500000000000000e+02,0.000000000000000000e+00
2.423999999999999932e+00,1.477500000000000000e+02,0.000000000000000000e+00
2.423999999999999932e+00,1.482500000000000000e+02,0.000000000000000000e+00
2.423999999999999932e+00,1.487500000000000000e+02,0.000000000000000000e+00
2.423999999999999932e+00,1.492500000000000000e+02,0.000000000000000000e+00
2.423999999999999932e+00,1.497500000000000000e+02,0.000000000000000000e+00
2.423999999999999932e+00,1.502500000000000000e+02,0.000000000000000000e+00
2.423999999999999932e+00,1.507500000000000000e+02,0.000000000000000000e+00
2.423999999999999932e+00,1.512500000000000000e+02,0.000000000000000000e+00
2.423999999999999932e+00,1.517500000000000000e+02,0.000000000000000000e+00
2.423999999999999932e+00,1.522500000000000000e+02,0.000000000000000000e+00
2.423999999999999932e+00,1.527500000000000000e+02,0.000000000000000000e+00
2.423999999999999932e+00,1.532500000000000000e+02,0.000000000000000000e+00
2.423999999999999932e+00,1.537500000000000000e+02,0.000000000000000000e+00
2.423999999999999932e+00,1.542500000000000000e+02,0.000000000000000000e+00
2.423999999999999932e+00,1.547500000000000000e+02,0.000000000000000000e+00
2.423999999999999932e+00,1.552500000000000000e+02,0.000000000000000000e+00
2.423999999999999932e+00,1.557500000000000000e+02,0.000000000000000000e+00
2.423999999999999932e+00,1.562500000000000000e+02,0.000000000000000000e+00
2.423999999999999932e+00,1.567500000000000000e+02,0.000000000000000000e+00
2.423999999999999932e+00,1.572500000000000000e+02,0.000000000000000000e+00
2.423999999999999932e+00,1.577500000000000000e+02,0.000000000000000000e+00
2.423999999999999932e+00,1.582500000000000000e+02,0.000000000000000000e+00
2.423999999999999932e+00,1.587500000000000000e+02,0.000000000000000000e+00
2.423999999999999932e+00,1.592500000000000000e+02,0.000000000000000000e+00
2.423999999999999932e+00,1.597500000000000000e+02,0.000000000000000000e+00
2.423999999999999932e+00,1.602500000000000000e+02,0.000000000000000000e+00
2.423999999999999932e+00,1.607500000000000000e+02,0.000000000000000000e+00
2.423999999999999932e+00,1.612500000000000000e+02,0.000000000000000000e+00
2.423999999999999932e+00,1.617500000000000000e+02,0.000000000000000000e+00
2.423999999999999932e+00,1.622500000000000000e+02,0.000000000000000000e+00
2.423999999999999932e+00,1.627500000000000000e+02,0.000000000000000000e+00
2.423999999999999932e+00,1.632500000000000000e+02,0.000000000000000000e+00
2.423999999999999932e+00,1.637500000000000000e+02,0.000000000000000000e+00
2.423999999999999932e+00,1.642500000000000000e+02,0.000000000000000000e+00
2.423999999999999932e+00,1.647500000000000000e+02,0.000000000000000000e+00
2.423999999999999932e+00,1.652500000000000000e+02,0.000000000000000000e+00
2.423999999999999932e+00,1.657500000000000000e+02,0.000000000000000000e+00
2.423999999999999932e+00,1.662500000000000000e+02,0.000000000000000000e+00
2.423999999999999932e+00,1.667500000000000000e+02,0.000000000000000000e+00
2.423999999999999932e+00,1.672500000000000000e+02,0.000000000000000000e+00
2.423999999999999932e+00,1.677500000000000000e+02,0.000000000000000000e+00
2.423999999999999932e+00,1.682500000000000000e+02,0.000000000000000000e+00
2.423999999999999932e+00,1.687500000000000000e+02,0.000000000000000000e+00
2.423999999999999932e+00,1.692500000000000000e+02,0.000000000000000000e+00
2.423999999999999932e+00,1.697500000000000000e+02,0.000000000000000000e+00
2.423999999999999932e+00,1.702500000000000000e+02,0.000000000000000000e+00
2.423999999999999932e+00,1.707500000000000000e+02,0.000000000000000000e+00
2.423999999999999932e+00,1.712500000000000000e+02,0.000000000000000000e+00
2.423999999999999932e+00,1.717500000000000000e+02,0.000000000000000000e+00
2.423999999999999932e+00,1.722500000000000000e+02,0.000000000000000000e+00
2.423999999999999932e+00,1.727500000000000000e+02,0.000000000000000000e+00
2.423999999999999932e+00,1.732500000000000000e+02,0.000000000000000000e+00
2.423999999999999932e+00,1.737500000000000000e+02,0.000000000000000000e+00
2.423999999999999932e+00,1.742500000000000000e+02,0.000000000000000000e+00
2.423999999999999932e+00,1.747500000000000000e+02,0.000000000000000000e+00
2.423999999999999932e+00,1.752500000000000000e+02,0.000000000000000000e+00
2.423999999999999932e+00,1.757500000000000000e+02,0.000000000000000000e+00
2.423999999999999932e+00,1.762500000000000000e+02,0.000000000000000000e+00
2.423999999999999932e+00,1.767500000000000000e+02,0.000000000000000000e+00
2.423999999999999932e+00,1.772500000000000000e+02,0.000000000000000000e+00
2.423999999999999932e+00,1.777500000000000000e+02,0.000000000000000000e+00
2.423999999999999932e+00,1.782500000000000000e+02,0.000000000000000000e+00
2.423999999999999932e+00,1.787500000000000000e+02,0.000000000000000000e+00
2.423999999999999932e+00,1.792500000000000000e+02,0.000000000000000000e+00
2.423999999999999932e+00,1.797500000000000000e+02,0.000000000000000000e+00
2.439999999999999947e+00,1.302500000000000000e+02,0.000000000000000000e+00
2.439999999999999947e+00,1.307500000000000000e+02,0.000000000000000000e+00
2.439999999999999947e+00,1.312500000000000000e+02,0.000000000000000000e+00
2.439999999999999947e+00,1.317500000000000000e+02,0.000000000000000000e+00
2.439999999999999947e+00,1.322500000000000000e+02,0.000000000000000000e+00
2.439999999999999947e+00,1.327500000000000000e+02,0.000000000000000000e+00
2.439999999999999947e+00,1.332500000000000000e+02,0.000000000000000000e+00
2.439999999999999947e+00,1.337500000000000000e+02,0.000000000000000000e+00
2.439999999999999947e+00,1.342500000000000000e+02,0.000000000000000000e+00
2.439999999999999947e+00,1.347500000000000000e+02,0.000000000000000000e+00
2.439999999999999947e+00,1.352500000000000000e+02,0.000000000000000000e+00
2.439999999999999947e+00,1.357500000000000000e+02,0.000000000000000000e+00
2.439999999999999947e+00,1.362500000000000000e+02,0.000000000000000000e+00
2.439999999999999947e+00,1.367500000000000000e+02,0.000000000000000000e+00
2.439999999999999947e+00,1.372500000000000000e+02,0.000000000000000000e+00
2.439999999999999947e+00,1.377500000000000000e+02,0.000000000000000000e+00
2.439999999999999947e+00,1.382500000000000000e+02,0.000000000000000000e+00
2.439999999999999947e+00,1.387500000000000000e+02,0.000000000000000000e+00
2.439999999999999947e+00,1.392500000000000000e+02,0.000000000000000000e+00
2.439999999999999947e+00,1.397500000000000000e+02,0.000000000000000000e+00
2.439999999999999947e+00,1.402500000000000000e+02,0.000000000000000000e+00
2.439999999999999947e+00,1.407500000000000000e+02,0.000000000000000000e+00
2.439999999999999947e+00,1.412500000000000000e+02,0.000000000000000000e+00
2.439999999999999947e+00,1.417500000000000000e+02,0.000000000000000000e+00
2.439999999999999947e+00,1.422500000000000000e+02,0.000000000000000000e+00
2.439999999999999947e+00,1.427500000000000000e+02,0.000000000000000000e+00
2.439999999999999947e+00,1.432500000000000000e+02,0.000000000000000000e+00
2.439999999999999947e+00,1.437500000000000000e+02,0.000000000000000000e+00
2.439999999999999947e+00,1.442500000000000000e+02,0.000000000000000000e+00
2.439999999999999947e+00,1.447500000000000000e+02,0.000000000000000000e+00
2.439999999999999947e+00,1.452500000000000000e+02,0.000000000000000000e+00
2.439999999999999947e+00,1.457500000000000000e+02,0.000000000000000000e+00
2.439999999999999947e+00,1.462500000000000000e+02,0.000000000000000000e+00
2.439999999999999947e+00,1.467500000000000000e+02,0.000000000000000000e+00
2.439999999999999947e+00,1.472500000000000000e+02,0.000000000000000000e+00
2.439999999999999947e+00,1.477500000000000000e+02,0.000000000000000000e+00
2.439999999999999947e+00,1.482500000000000000e+02,0.000000000000000000e+00
2.439999999999999947e+00,1.487500000000000000e+02,0.000000000000000000e+00
2.439999999999999947e+00,1.492500000000000000e+02,0.000000000000000000e+00
2.439999999999999947e+00,1.497500000000000000e+02,0.000000000000000000e+00
2.439999999999999947e+00,1.502500000000000000e+02,0.000000000000000000e+00
2.439999999999999947e+00,1.507500000000000000e+02,0.000000000000000000e+00
2.439999999999999947e+00,1.512500000000000000e+02,0.000000000000000000e+00
2.439999999999999947e+00,1.517500000000000000e+02,0.000000000000000000e+00
2.439999999999999947e+00,1.522500000000000000e+02,0.000000000000000000e+00
2.439999999999999947e+00,1.527500000000000000e+02,0.000000000000000000e+00
2.439999999999999947e+00,1.532500000000000000e+02,0.000000000000000000e+00
2.439999999999999947e+00,1.537500000000000000e+02,0.000000000000000000e+00
2.439999999999999947e+00,1.542500000000000000e+02,0.000000000000000000e+00
2.439999999999999947e+00,1.547500000000000000e+02,0.000000000000000000e+00
2.439999999999999947e+00,1.552500000000000000e+02,0.000000000000000000e+00
2.439999999999999947e+00,1.557500000000000000e+02,0.000000000000000000e+00
2.439999999999999947e+00,1.562500000000000000e+02,0.000000000000000000e+00
2.439999999999999947e+00,1.567500000000000000e+02,0.000000000000000000e+00
2.439999999999999947e+00,1.572500000000000000e+02,0.000000000000000000e+00
2.439999999999999947e+00,1.577500000000000000e+02,0.000000000000000000e+00
2.439999999999999947e+00,1.582500000000000000e+02,0.000000000000000000e+00
2.439999999999999947e+00,1.587500000000000000e+02,0.000000000000000000e+00
2.439999999999999947e+00,1.592500000000000000e+02,0.000000000000000000e+00
2.439999999999999947e+00,1.597500000000000000e+02,0.000000000000000000e+00
2.439999999999999947e+00,1.602500000000000000e+02,0.000000000000000000e+00
2.439999999999999947e+00,1.607500000000000000e+02,0.000000000000000000e+00
2.439999999999999947e+00,1.612500000000000000e+02,0.000000000000000000e+00
2.439999999999999947e+00,1.617500000000000000e+02,0.000000000000000000e+00
2.439999999999999947e+00,1.622500000000000000e+02,0.000000000000000000e+00
2.439999999999999947e+00,1.627500000000000000e+02,0.000000000000000000e+00
2.439999999999999947e+00,1.632500000000000000e+02,0.000000000000000000e+00
2.439999999999999947e+00,1.637500000000000000e+02,0.000000000000000000e+00
2.439999999999999947e+00,1.642500000000000000e+02,0.000000000000000000e+00
2.439999999999999947e+00,1.647500000000000000e+02,0.000000000000000000e+00
2.439999999999999947e+00,1.652500000000000000e+02,0.000000000000000000e+00
2.439999999999999947e+00,1.657500000000000000e+02,0.000000000000000000e+00
2.439999999999999947e+00,1.662500000000000000e+02,0.000000000000000000e+00
2.439999999999999947e+00,1.667500000000000000e+02,0.000000000000000000e+00
2.439999999999999947e+00,1.672500000000000000e+02,0.000000000000000000e+00
2.439999999999999947e+00,1.677500000000000000e+02,0.000000000000000000e+00
2.439999999999999947e+00,1.682500000000000000e+02,0.000000000000000000e+00
2.439999999999999947e+00,1.687500000000000000e+02,0.000000000000000000e+00
2.439999999999999947e+00,1.692500000000000000e+02,0.000000000000000000e+00
2.439999999999999947e+00,1.697500000000000000e+02,0.000000000000000000e+00
2.439999999999999947e+00,1.702500000000000000e+02,0.000000000000000000e+00
2.439999999999999947e+00,1.707500000000000000e+02,0.000000000000000000e+00
2.439999999999999947e+00,1.712500000000000000e+02,0.000000000000000000e+00
2.439999999999999947e+00,1.717500000000000000e+02,0.000000000000000000e+00
2.439999999999999947e+00,1.722500000000000000e+02,0.000000000000000000e+00
2.439999999999999947e+00,1.727500000000000000e+02,0.000000000000000000e+00
2.439999999999999947e+00,1.732500000000000000e+02,0.000000000000000000e+00
2.439999999999999947e+00,1.737500000000000000e+02,0.000000000000000000e+00
2.439999999999999947e+00,1.742500000000000000e+02,0.000000000000000000e+00
2.439999999999999947e+00,1.747500000000000000e+02,0.000000000000000000e+00
2.439999999999999947e+00,1.752500000000000000e+02,0.000000000000000000e+00
2.439999999999999947e+00,1.757500000000000000e+02,0.000000000000000000e+00
2.439999999999999947e+00,1.762500000000000000e+02,0.000000000000000000e+00
2.439999999999999947e+00,1.767500000000000000e+02,0.000000000000000000e+00
2.439999999999999947e+00,1.772500000000000000e+02,0.000000000000000000e+00
2.439999999999999947e+00,1.777500000000000000e+02,0.000000000000000000e+00
2.439999999999999947e+00,1.782500000000000000e+02,0.000000000000000000e+00
2.439999999999999947e+00,1.787500000000000000e+02,0.000000000000000000e+00
2.439999999999999947e+00,1.792500000000000000e+02,0.000000000000000000e+00
2.439999999999999947e+00,1.797500000000000000e+02,0.000000000000000000e+00
2.455999999999999961e+00,1.302500000000000000e+02,0.000000000000000000e+00
2.455999999999999961e+00,1.307500000000000000e+02,0.000000000000000000e+00
2.455999999999999961e+00,1.312500000000000000e+02,0.000000000000000000e+00
2.455999999999999961e+00,1.317500000000000000e+02,0.000000000000000000e+00
2.455999999999999961e+00,1.322500000000000000e+02,0.000000000000000000e+00
2.455999999999999961e+00,1.327500000000000000e+02,0.000000000000000000e+00
2.455999999999999961e+00,1.332500000000000000e+02,0.000000000000000000e+00
2.455999999999999961e+00,1.337500000000000000e+02,0.000000000000000000e+00
2.455999999999999961e+00,1.342500000000000000e+02,0.000000000000000000e+00
2.455999999999999961e+00,1.347500000000000000e+02,0.000000000000000000e+00
2.455999999999999961e+00,1.352500000000000000e+02,0.000000000000000000e+00
2.455999999999999961e+00,1.357500000000000000e+02,0.000000000000000000e+00
2.455999999999999961e+00,1.362500000000000000e+02,0.000000000000000000e+00
2.455999999999999961e+00,1.367500000000000000e+02,0.000000000000000000e+00
2.455999999999999961e+00,1.372500000000000000e+02,0.000000000000000000e+00
2.455999999999999961e+00,1.377500000000000000e+02,0.000000000000000000e+00
2.455999999999999961e+00,1.382500000000000000e+02,0.000000000000000000e+00
2.455999999999999961e+00,1.387500000000000000e+02,0.000000000000000000e+00
2.455999999999999961e+00,1.392500000000000000e+02,0.000000000000000000e+00
2.455999999999999961e+00,1.397500000000000000e+02,0.000000000000000000e+00
2.455999999999999961e+00,1.402500000000000000e+02,0.000000000000000000e+00
2.455999999999999961e+00,1.407500000000000000e+02,0.000000000000000000e+00
2.455999999999999961e+00,1.412500000000000000e+02,0.000000000000000000e+00
2.455999999999999961e+00,1.417500000000000000e+02,0.000000000000000000e+00
2.455999999999999961e+00,1.422500000000000000e+02,0.000000000000000000e+00
2.455999999999999961e+00,1.427500000000000000e+02,0.000000000000000000e+00
2.455999999999999961e+00,1.432500000000000000e+02,0.000000000000000000e+00
2.455999999999999961e+00,1.437500000000000000e+02,0.000000000000000000e+00
2.455999999999999961e+00,1.442500000000000000e+02,0.000000000000000000e+00
2.455999999999999961e+00,1.447500000000000000e+02,0.000000000000000000e+00
2.455999999999999961e+00,1.452500000000000000e+02,0.000000000000000000e+00
2.455999999999999961e+00,1.457500000000000000e+02,0.000000000000000000e+00
2.455999999999999961e+00,1.462500000000000000e+02,0.000000000000000000e+00
2.455999999999999961e+00,1.467500000000000000e+02,0.000000000000000000e+00
2.455999999999999961e+00,1.472500000000000000e+02,0.000000000000000000e+00
2.455999999999999961e+00,1.477500000000000000e+02,0.000000000000000000e+00
2.455999999999999961e+00,1.482500000000000000e+02,0.000000000000000000e+00
2.455999999999999961e+00,1.487500000000000000e+02,0.000000000000000000e+00
2.455999999999999961e+00,1.492500000000000000e+02,0.000000000000000000e+00
2.455999999999999961e+00,1.497500000000000000e+02,0.000000000000000000e+00
2.455999999999999961e+00,1.502500000000000000e+02,0.000000000000000000e+00
2.455999999999999961e+00,1.507500000000000000e+02,0.000000000000000000e+00
2.455999999999999961e+00,1.512500000000000000e+02,0.000000000000000000e+00
2.455999999999999961e+00,1.517500000000000000e+02,0.000000000000000000e+00
2.455999999999999961e+00,1.522500000000000000e+02,0.000000000000000000e+00
2.455999999999999961e+00,1.527500000000000000e+02,0.000000000000000000e+00
2.455999999999999961e+00,1.532500000000000000e+02,0.000000000000000000e+00
2.455999999999999961e+00,1.537500000000000000e+02,0.000000000000000000e+00
2.455999999999999961e+00,1.542500000000000000e+02,0.000000000000000000e+00
2.455999999999999961e+00,1.547500000000000000e+02,0.000000000000000000e+00
2.455999999999999961e+00,1.552500000000000000e+02,0.000000000000000000e+00
2.455999999999999961e+00,1.557500000000000000e+02,0.000000000000000000e+00
2.455999999999999961e+00,1.562500000000000000e+02,0.000000000000000000e+00
2.455999999999999961e+00,1.567500000000000000e+02,0.000000000000000000e+00
2.455999999999999961e+00,1.572500000000000000e+02,0.000000000000000000e+00
2.455999999999999961e+00,1.577500000000000000e+02,0.000000000000000000e+00
2.455999999999999961e+00,1.582500000000000000e+02,0.000000000000000000e+00
2.455999999999999961e+00,1.587500000000000000e+02,0.000000000000000000e+00
2.455999999999999961e+00,1.592500000000000000e+02,0.000000000000000000e+00
2.455999999999999961e+00,1.597500000000000000e+02,0.000000000000000000e+00
2.455999999999999961e+00,1.602500000000000000e+02,0.000000000000000000e+00
2.455999999999999961e+00,1.607500000000000000e+02,0.000000000000000000e+00
2.455999999999999961e+00,1.612500000000000000e+02,0.000000000000000000e+00
2.455999999999999961e+00,1.617500000000000000e+02,0.000000000000000000e+00
2.455999999999999961e+00,1.622500000000000000e+02,0.000000000000000000e+00
2.455999999999999961e+00,1.627500000000000000e+02,0.000000000000000000e+00
2.455999999999999961e+00,1.632500000000000000e+02,0.000000000000000000e+00
2.455999999999999961e+00,1.637500000000000000e+02,0.000000000000000000e+00
2.455999999999999961e+00,1.642500000000000000e+02,0.000000000000000000e+00
2.455999999999999961e+00,1.647500000000000000e+02,0.000000000000000000e+00
2.455999999999999961e+00,1.652500000000000000e+02,0.000000000000000000e+00
2.455999999999999961e+00,1.657500000000000000e+02,0.000000000000000000e+00
2.455999999999999961e+00,1.662500000000000000e+02,0.000000000000000000e+00
2.455999999999999961e+00,1.667500000000000000e+02,0.000000000000000000e+00
2.455999999999999961e+00,1.672500000000000000e+02,0.000000000000000000e+00
2.455999999999999961e+00,1.677500000000000000e+02,0.000000000000000000e+00
2.455999999999999961e+00,1.682500000000000000e+02,0.000000000000000000e+00
2.455999999999999961e+00,1.687500000000000000e+02,0.000000000000000000e+00
2.455999999999999961e+00,1.692500000000000000e+02,0.000000000000000000e+00
2.455999999999999961e+00,1.697500000000000000e+02,0.000000000000000000e+00
2.455999999999999961e+00,1.702500000000000000e+02,0.000000000000000000e+00
2.455999999999999961e+00,1.707500000000000000e+02,0.000000000000000000e+00
2.455999999999999961e+00,1.712500000000000000e+02,0.000000000000000000e+00
2.455999999999999961e+00,1.717500000000000000e+02,0.000000000000000000e+00
2.455999999999999961e+00,1.722500000000000000e+02,0.000000000000000000e+00
2.455999999999999961e+00,1.727500000000000000e+02,0.000000000000000000e+00
2.455999999999999961e+00,1.732500000000000000e+02,0.000000000000000000e+00
2.455999999999999961e+00,1.737500000000000000e+02,0.000000000000000000e+00
2.455999999999999961e+00,1.742500000000000000e+02,0.000000000000000000e+00
2.455999999999999961e+00,1.747500000000000000e+02,0.000000000000000000e+00
2.455999999999999961e+00,1.752500000000000000e+02,0.000000000000000000e+00
2.455999999999999961e+00,1.757500000000000000e+02,0.000000000000000000e+00
2.455999999999999961e+00,1.762500000000000000e+02,0.000000000000000000e+00
2.455999999999999961e+00,1.767500000000000000e+02,0.000000000000000000e+00
2.455999999999999961e+00,1.772500000000000000e+02,0.000000000000000000e+00
2.455999999999999961e+00,1.777500000000000000e+02,0.000000000000000000e+00
2.455999999999999961e+00,1.782500000000000000e+02,0.000000000000000000e+00
2.455999999999999961e+00,1.787500000000000000e+02,0.000000000000000000e+00
2.455999999999999961e+00,1.792500000000000000e+02,0.000000000000000000e+00
2.455999999999999961e+00,1.797500000000000000e+02,0.000000000000000000e+00
2.471999999999999975e+00,1.302500000000000000e+02,0.000000000000000000e+00
2.471999999999999975e+00,1.307500000000000000e+02,0.000000000000000000e+00
2.471999999999999975e+00,1.312500000000000000e+02,0.000000000000000000e+00
2.471999999999999975e+00,1.317500000000000000e+02,0.000000000000000000e+00
2.471999999999999975e+00,1.322500000000000000e+02,0.000000000000000000e+00
2.471999999999999975e+00,1.327500000000000000e+02,0.000000000000000000e+00
2.471999999999999975e+00,1.332500000000000000e+02,0.000000000000000000e+00
2.471999999999999975e+00,1.337500000000000000e+02,0.000000000000000000e+00
2.471999999999999975e+00,1.342500000000000000e+02,0.000000000000000000e+00
2.471999999999999975e+00,1.347500000000000000e+02,0.000000000000000000e+00
2.471999999999999975e+00,1.352500000000000000e+02,0.000000000000000000e+00
2.471999999999999975e+00,1.357500000000000000e+02,0.000000000000000000e+00
2.471999999999999975e+00,1.362500000000000000e+02,0.000000000000000000e+00
2.471999999999999975e+00,1.367500000000000000e+02,0.000000000000000000e+00
2.471999999999999975e+00,1.372500000000000000e+02,0.000000000000000000e+00
2.471999999999999975e+00,1.377500000000000000e+02,0.000000000000000000e+00
2.471999999999999975e+00,1.382500000000000000e+02,0.000000000000000000e+00
2.471999999999999975e+00,1.387500000000000000e+02,0.000000000000000000e+00
2.471999999999999975e+00,1.392500000000000000e+02,0.000000000000000000e+00
2.471999999999999975e+00,1.397500000000000000e+02,0.000000000000000000e+00
2.471999999999999975e+00,1.402500000000000000e+02,0.000000000000000000e+00
2.471999999999999975e+00,1.407500000000000000e+02,0.000000000000000000e+00
2.471999999999999975e+00,1.412500000000000000e+02,0.000000000000000000e+00
2.471999999999999975e+00,1.417500000000000000e+02,0.000000000000000000e+00
2.471999999999999975e+00,1.422500000000000000e+02,0.000000000000000000e+00
2.471999999999999975e+00,1.427500000000000000e+02,0.000000000000000000e+00
2.471999999999999975e+00,1.432500000000000000e+02,0.000000000000000000e+00
2.471999999999999975e+00,1.437500000000000000e+02,0.000000000000000000e+00
2.471999999999999975e+00,1.442500000000000000e+02,0.000000000000000000e+00
2.471999999999999975e+00,1.447500000000000000e+02,0.000000000000000000e+00
2.471999999999999975e+00,1.452500000000000000e+02,0.000000000000000000e+00
2.471999999999999975e+00,1.457500000000000000e+02,0.000000000000000000e+00
2.471999999999999975e+00,1.462500000000000000e+02,0.000000000000000000e+00
2.471999999999999975e+00,1.467500000000000000e+02,0.000000000000000000e+00
2.471999999999999975e+00,1.472500000000000000e+02,0.000000000000000000e+00
2.471999999999999975e+00,1.477500000000000000e+02,0.000000000000000000e+00
2.471999999999999975e+00,1.482500000000000000e+02,0.000000000000000000e+00
2.471999999999999975e+00,1.487500000000000000e+02,0.000000000000000000e+00
2.471999999999999975e+00,1.492500000000000000e+02,0.000000000000000000e+00
2.471999999999999975e+00,1.497500000000000000e+02,0.000000000000000000e+00
2.471999999999999975e+00,1.502500000000000000e+02,0.000000000000000000e+00
2.471999999999999975e+00,1.507500000000000000e+02,0.000000000000000000e+00
2.471999999999999975e+00,1.512500000000000000e+02,0.000000000000000000e+00
2.471999999999999975e+00,1.517500000000000000e+02,0.000000000000000000e+00
2.471999999999999975e+00,1.522500000000000000e+02,0.000000000000000000e+00
2.471999999999999975e+00,1.527500000000000000e+02,0.000000000000000000e+00
2.471999999999999975e+00,1.532500000000000000e+02,0.000000000000000000e+00
2.471999999999999975e+00,1.537500000000000000e+02,0.000000000000000000e+00
2.471999999999999975e+00,1.542500000000000000e+02,0.000000000000000000e+00
2.471999999999999975e+00,1.547500000000000000e+02,0.000000000000000000e+00
2.471999999999999975e+00,1.552500000000000000e+02,0.000000000000000000e+00
2.471999999999999975e+00,1.557500000000000000e+02,0.000000000000000000e+00
2.471999999999999975e+00,1.562500000000000000e+02,0.000000000000000000e+00
2.471999999999999975e+00,1.567500000000000000e+02,0.000000000000000000e+00
2.471999999999999975e+00,1.572500000000000000e+02,0.000000000000000000e+00
2.471999999999999975e+00,1.577500000000000000e+02,0.000000000000000000e+00
2.471999999999999975e+00,1.582500000000000000e+02,0.000000000000000000e+00
2.471999999999999975e+00,1.587500000000000000e+02,0.000000000000000000e+00
2.471999999999999975e+00,1.592500000000000000e+02,0.000000000000000000e+00
2.471999999999999975e+00,1.597500000000000000e+02,0.000000000000000000e+00
2.471999999999999975e+00,1.602500000000000000e+02,0.000000000000000000e+00
2.471999999999999975e+00,1.607500000000000000e+02,0.000000000000000000e+00
2.471999999999999975e+00,1.612500000000000000e+02,0.000000000000000000e+00
2.471999999999999975e+00,1.617500000000000000e+02,0.000000000000000000e+00
2.471999999999999975e+00,1.622500000000000000e+02,0.000000000000000000e+00
2.471999999999999975e+00,1.627500000000000000e+02,0.000000000000000000e+00
2.471999999999999975e+00,1.632500000000000000e+02,0.000000000000000000e+00
2.471999999999999975e+00,1.637500000000000000e+02,0.000000000000000000e+00
2.471999999999999975e+00,1.642500000000000000e+02,0.000000000000000000e+00
2.471999999999999975e+00,1.647500000000000000e+02,0.000000000000000000e+00
2.471999999999999975e+00,1.652500000000000000e+02,0.000000000000000000e+00
2.471999999999999975e+00,1.657500000000000000e+02,0.000000000000000000e+00
2.471999999999999975e+00,1.662500000000000000e+02,0.000000000000000000e+00
2.471999999999999975e+00,1.667500000000000000e+02,0.000000000000000000e+00
2.471999999999999975e+00,1.672500000000000000e+02,0.000000000000000000e+00
2.471999999999999975e+00,1.677500000000000000e+02,0.000000000000000000e+00
2.471999999999999975e+00,1.682500000000000000e+02,0.000000000000000000e+00
2.471999999999999975e+00,1.687500000000000000e+02,0.000000000000000000e+00
2.471999999999999975e+00,1.692500000000000000e+02,0.000000000000000000e+00
2.471999999999999975e+00,1.697500000000000000e+02,0.000000000000000000e+00
2.471999999999999975e+00,1.702500000000000000e+02,0.000000000000000000e+00
2.471999999999999975e+00,1.707500000000000000e+02,0.000000000000000000e+00
2.471999999999999975e+00,1.712500000000000000e+02,0.000000000000000000e+00
2.471999999999999975e+00,1.717500000000000000e+02,0.000000000000000000e+00
2.471999999999999975e+00,1.722500000000000000e+02,0.000000000000000000e+00
2.471999999999999975e+00,1.727500000000000000e+02,0.000000000000000000e+00
2.471999999999999975e+00,1.732500000000000000e+02,0.000000000000000000e+00
2.471999999999999975e+00,1.737500000000000000e+02,0.000000000000000000e+00
2.471999999999999975e+00,1.742500000000000000e+02,0.000000000000000000e+00
2.471999999999999975e+00,1.747500000000000000e+02,0.000000000000000000e+00
2.471999999999999975e+00,1.752500000000000000e+02,0.000000000000000000e+00
2.471999999999999975e+00,1.757500000000000000e+02,0.000000000000000000e+00
2.471999999999999975e+00,1.762500000000000000e+02,0.000000000000000000e+00
2.471999999999999975e+00,1.767500000000000000e+02,0.000000000000000000e+00
2.471999999999999975e+00,1.772500000000000000e+02,0.000000000000000000e+00
2.471999999999999975e+00,1.777500000000000000e+02,0.000000000000000000e+00
2.471999999999999975e+00,1.782500000000000000e+02,0.000000000000000000e+00
2.471999999999999975e+00,1.787500000000000000e+02,0.000000000000000000e+00
2.471999999999999975e+00,1.792500000000000000e+02,0.000000000000000000e+00
2.471999999999999975e+00,1.797500000000000000e+02,0.000000000000000000e+00
2.487999999999999989e+00,1.302500000000000000e+02,0.000000000000000000e+00
2.487999999999999989e+00,1.307500000000000000e+02,0.000000000000000000e+00
2.487999999999999989e+00,1.312500000000000000e+02,0.000000000000000000e+00
2.487999999999999989e+00,1.317500000000000000e+02,0.000000000000000000e+00
2.487999999999999989e+00,1.322500000000000000e+02,0.000000000000000000e+00
2.487999999999999989e+00,1.327500000000000000e+02,0.000000000000000000e+00
2.487999999999999989e+00,1.332500000000000000e+02,0.000000000000000000e+00
2.487999999999999989e+00,1.337500000000000000e+02,0.000000000000000000e+00
2.487999999999999989e+00,1.342500000000000000e+02,0.000000000000000000e+00
2.487999999999999989e+00,1.347500000000000000e+02,0.000000000000000000e+00
2.487999999999999989e+00,1.352500000000000000e+02,0.000000000000000000e+00
2.487999999999999989e+00,1.357500000000000000e+02,0.000000000000000000e+00
2.487999999999999989e+00,1.362500000000000000e+02,0.000000000000000000e+00
2.487999999999999989e+00,1.367500000000000000e+02,0.000000000000000000e+00
2.487999999999999989e+00,1.372500000000000000e+02,0.000000000000000000e+00
2.487999999999999989e+00,1.377500000000000000e+02,0.000000000000000000e+00
2.487999999999999989e+00,1.382500000000000000e+02,0.000000000000000000e+00
2.487999999999999989e+00,1.387500000000000000e+02,0.000000000000000000e+00
2.487999999999999989e+00,1.392500000000000000e+02,0.000000000000000000e+00
2.487999999999999989e+00,1.397500000000000000e+02,0.000000000000000000e+00
2.487999999999999989e+00,1.402500000000000000e+02,0.000000000000000000e+00
2.487999999999999989e+00,1.407500000000000000e+02,0.000000000000000000e+00
2.487999999999999989e+00,1.412500000000000000e+02,0.000000000000000000e+00
2.487999999999999989e+00,1.417500000000000000e+02,0.000000000000000000e+00
2.487999999999999989e+00,1.422500000000000000e+02,0.000000000000000000e+00
2.487999999999999989e+00,1.427500000000000000e+02,0.000000000000000000e+00
2.487999999999999989e+00,1.432500000000000000e+02,0.000000000000000000e+00
2.487999999999999989e+00,1.437500000000000000e+02,0.000000000000000000e+00
2.487999999999999989e+00,1.442500000000000000e+02,0.000000000000000000e+00
2.487999999999999989e+00,1.447500000000000000e+02,0.000000000000000000e+00
2.487999999999999989e+00,1.452500000000000000e+02,0.000000000000000000e+00
2.487999999999999989e+00,1.457500000000000000e+02,0.000000000000000000e+00
2.487999999999999989e+00,1.462500000000000000e+02,0.000000000000000000e+00
2.487999999999999989e+00,1.467500000000000000e+02,0.000000000000000000e+00
2.487999999999999989e+00,1.472500000000000000e+02,0.000000000000000000e+00
2.487999999999999989e+00,1.477500000000000000e+02,0.000000000000000000e+00
2.487999999999999989e+00,1.482500000000000000e+02,0.000000000000000000e+00
2.487999999999999989e+00,1.487500000000000000e+02,0.000000000000000000e+00
2.487999999999999989e+00,1.492500000000000000e+02,0.000000000000000000e+00
2.487999999999999989e+00,1.497500000000000000e+02,0.000000000000000000e+00
2.487999999999999989e+00,1.502500000000000000e+02,0.000000000000000000e+00
2.487999999999999989e+00,1.507500000000000000e+02,0.000000000000000000e+00
2.487999999999999989e+00,1.512500000000000000e+02,0.000000000000000000e+00
2.487999999999999989e+00,1.517500000000000000e+02,0.000000000000000000e+00
2.487999999999999989e+00,1.522500000000000000e+02,0.000000000000000000e+00
2.487999999999999989e+00,1.527500000000000000e+02,0.000000000000000000e+00
2.487999999999999989e+00,1.532500000000000000e+02,0.000000000000000000e+00
2.487999999999999989e+00,1.537500000000000000e+02,0.000000000000000000e+00
2.487999999999999989e+00,1.542500000000000000e+02,0.000000000000000000e+00
2.487999999999999989e+00,1.547500000000000000e+02,0.000000000000000000e+00
2.487999999999999989e+00,1.552500000000000000e+02,0.000000000000000000e+00
2.487999999999999989e+00,1.557500000000000000e+02,0.000000000000000000e+00
2.487999999999999989e+00,1.562500000000000000e+02,0.000000000000000000e+00
2.487999999999999989e+00,1.567500000000000000e+02,0.000000000000000000e+00
2.487999999999999989e+00,1.572500000000000000e+02,0.000000000000000000e+00
2.487999999999999989e+00,1.577500000000000000e+02,0.000000000000000000e+00
2.487999999999999989e+00,1.582500000000000000e+02,0.000000000000000000e+00
2.487999999999999989e+00,1.587500000000000000e+02,0.000000000000000000e+00
2.487999999999999989e+00,1.592500000000000000e+02,0.000000000000000000e+00
2.487999999999999989e+00,1.597500000000000000e+02,0.000000000000000000e+00
2.487999999999999989e+00,1.602500000000000000e+02,0.000000000000000000e+00
2.487999999999999989e+00,1.607500000000000000e+02,0.000000000000000000e+00
2.487999999999999989e+00,1.612500000000000000e+02,0.000000000000000000e+00
2.487999999999999989e+00,1.617500000000000000e+02,0.000000000000000000e+00
2.487999999999999989e+00,1.622500000000000000e+02,0.000000000000000000e+00
2.487999999999999989e+00,1.627500000000000000e+02,0.000000000000000000e+00
2.487999999999999989e+00,1.632500000000000000e+02,0.000000000000000000e+00
2.487999999999999989e+00,1.637500000000000000e+02,0.000000000000000000e+00
2.487999999999999989e+00,1.642500000000000000e+02,0.000000000000000000e+00
2.487999999999999989e+00,1.647500000000000000e+02,0.000000000000000000e+00
2.487999999999999989e+00,1.652500000000000000e+02,0.000000000000000000e+00
2.487999999999999989e+00,1.657500000000000000e+02,0.000000000000000000e+00
2.487999999999999989e+00,1.662500000000000000e+02,0.000000000000000000e+00
2.487999999999999989e+00,1.667500000000000000e+02,0.000000000000000000e+00
2.487999999999999989e+00,1.672500000000000000e+02,0.000000000000000000e+00
2.487999999999999989e+00,1.677500000000000000e+02,0.000000000000000000e+00
2.487999999999999989e+00,1.682500000000000000e+02,0.000000000000000000e+00
2.487999999999999989e+00,1.687500000000000000e+02,0.000000000000000000e+00
2.487999999999999989e+00,1.692500000000000000e+02,0.000000000000000000e+00
2.487999999999999989e+00,1.697500000000000000e+02,0.000000000000000000e+00
2.487999999999999989e+00,1.702500000000000000e+02,0.000000000000000000e+00
2.487999999999999989e+00,1.707500000000000000e+02,0.000000000000000000e+00
2.487999999999999989e+00,1.712500000000000000e+02,0.000000000000000000e+00
2.487999999999999989e+00,1.717500000000000000e+02,0.000000000000000000e+00
2.487999999999999989e+00,1.722500000000000000e+02,0.000000000000000000e+00
2.487999999999999989e+00,1.727500000000000000e+02,0.000000000000000000e+00
2.487999999999999989e+00,1.732500000000000000e+02,0.000000000000000000e+00
2.487999999999999989e+00,1.737500000000000000e+02,0.000000000000000000e+00
2.487999999999999989e+00,1.742500000000000000e+02,0.000000000000000000e+00
2.487999999999999989e+00,1.747500000000000000e+02,0.000000000000000000e+00
2.487999999999999989e+00,1.752500000000000000e+02,0.000000000000000000e+00
2.487999999999999989e+00,1.757500000000000000e+02,0.000000000000000000e+00
2.487999999999999989e+00,1.762500000000000000e+02,0.000000000000000000e+00
2.487999999999999989e+00,1.767500000000000000e+02,0.000000000000000000e+00
2.487999999999999989e+00,1.772500000000000000e+02,0.000000000000000000e+00
2.487999999999999989e+00,1.777500000000000000e+02,0.000000000000000000e+00
2.487999999999999989e+00,1.782500000000000000e+02,0.000000000000000000e+00
2.487999999999999989e+00,1.787500000000000000e+02,0.000000000000000000e+00
2.487999999999999989e+00,1.792500000000000000e+02,0.000000000000000000e+00
2.487999999999999989e+00,1.797500000000000000e+02,0.000000000000000000e+00
2.504000000000000004e+00,1.302500000000000000e+02,0.000000000000000000e+00
2.504000000000000004e+00,1.307500000000000000e+02,0.000000000000000000e+00
2.504000000000000004e+00,1.312500000000000000e+02,0.000000000000000000e+00
2.504000000000000004e+00,1.317500000000000000e+02,0.000000000000000000e+00
2.504000000000000004e+00,1.322500000000000000e+02,0.000000000000000000e+00
2.504000000000000004e+00,1.327500000000000000e+02,0.000000000000000000e+00
2.504000000000000004e+00,1.332500000000000000e+02,0.000000000000000000e+00
2.504000000000000004e+00,1.337500000000000000e+02,0.000000000000000000e+00
2.504000000000000004e+00,1.342500000000000000e+02,0.000000000000000000e+00
2.504000000000000004e+00,1.347500000000000000e+02,0.000000000000000000e+00
2.504000000000000004e+00,1.352500000000000000e+02,0.000000000000000000e+00
2.504000000000000004e+00,1.357500000000000000e+02,0.000000000000000000e+00
2.504000000000000004e+00,1.362500000000000000e+02,0.000000000000000000e+00
2.504000000000000004e+00,1.367500000000000000e+02,0.000000000000000000e+00
2.504000000000000004e+00,1.372500000000000000e+02,0.000000000000000000e+00
2.504000000000000004e+00,1.377500000000000000e+02,0.000000000000000000e+00
2.504000000000000004e+00,1.382500000000000000e+02,0.000000000000000000e+00
2.504000000000000004e+00,1.387500000000000000e+02,0.000000000000000000e+00
2.504000000000000004e+00,1.392500000000000000e+02,0.000000000000000000e+00
2.504000000000000004e+00,1.397500000000000000e+02,0.000000000000000000e+00
2.504000000000000004e+00,1.402500000000000000e+02,0.000000000000000000e+00
2.504000000000000004e+00,1.407500000000000000e+02,0.000000000000000000e+00
2.504000000000000004e+00,1.412500000000000000e+02,0.000000000000000000e+00
2.504000000000000004e+00,1.417500000000000000e+02,0.000000000000000000e+00
2.504000000000000004e+00,1.422500000000000000e+02,0.000000000000000000e+00
2.504000000000000004e+00,1.427500000000000000e+02,0.000000000000000000e+00
2.504000000000000004e+00,1.432500000000000000e+02,0.000000000000000000e+00
2.504000000000000004e+00,1.437500000000000000e+02,0.000000000000000000e+00
2.504000000000000004e+00,1.442500000000000000e+02,0.000000000000000000e+00
2.504000000000000004e+00,1.447500000000000000e+02,0.000000000000000000e+00
2.504000000000000004e+00,1.452500000000000000e+02,0.000000000000000000e+00
2.504000000000000004e+00,1.457500000000000000e+02,0.000000000000000000e+00
2.504000000000000004e+00,1.462500000000000000e+02,0.000000000000000000e+00
2.504000000000000004e+00,1.467500000000000000e+02,0.000000000000000000e+00
2.504000000000000004e+00,1.472500000000000000e+02,0.000000000000000000e+00
2.504000000000000004e+00,1.477500000000000000e+02,0.000000000000000000e+00
2.504000000000000004e+00,1.482500000000000000e+02,0.000000000000000000e+00
2.504000000000000004e+00,1.487500000000000000e+02,0.000000000000000000e+00
2.504000000000000004e+00,1.492500000000000000e+02,0.000000000000000000e+00
2.504000000000000004e+00,1.497500000000000000e+02,0.000000000000000000e+00
2.504000000000000004e+00,1.502500000000000000e+02,0.000000000000000000e+00
2.504000000000000004e+00,1.507500000000000000e+02,0.000000000000000000e+00
2.504000000000000004e+00,1.512500000000000000e+02,0.000000000000000000e+00
2.504000000000000004e+00,1.517500000000000000e+02,0.000000000000000000e+00
2.504000000000000004e+00,1.522500000000000000e+02,0.000000000000000000e+00
2.504000000000000004e+00,1.527500000000000000e+02,0.000000000000000000e+00
2.504000000000000004e+00,1.532500000000000000e+02,0.000000000000000000e+00
2.504000000000000004e+00,1.537500000000000000e+02,0.000000000000000000e+00
2.504000000000000004e+00,1.542500000000000000e+02,0.000000000000000000e+00
2.504000000000000004e+00,1.547500000000000000e+02,0.000000000000000000e+00
2.504000000000000004e+00,1.552500000000000000e+02,0.000000000000000000e+00
2.504000000000000004e+00,1.557500000000000000e+02,0.000000000000000000e+00
2.504000000000000004e+00,1.562500000000000000e+02,0.000000000000000000e+00
2.504000000000000004e+00,1.567500000000000000e+02,0.000000000000000000e+00
2.504000000000000004e+00,1.572500000000000000e+02,0.000000000000000000e+00
2.504000000000000004e+00,1.577500000000000000e+02,0.000000000000000000e+00
2.504000000000000004e+00,1.582500000000000000e+02,0.000000000000000000e+00
2.504000000000000004e+00,1.587500000000000000e+02,0.000000000000000000e+00
2.504000000000000004e+00,1.592500000000000000e+02,0.000000000000000000e+00
2.504000000000000004e+00,1.597500000000000000e+02,0.000000000000000000e+00
2.504000000000000004e+00,1.602500000000000000e+02,0.000000000000000000e+00
2.504000000000000004e+00,1.607500000000000000e+02,0.000000000000000000e+00
2.504000000000000004e+00,1.612500000000000000e+02,0.000000000000000000e+00
2.504000000000000004e+00,1.617500000000000000e+02,0.000000000000000000e+00
2.504000000000000004e+00,1.622500000000000000e+02,0.000000000000000000e+00
2.504000000000000004e+00,1.627500000000000000e+02,0.000000000000000000e+00
2.504000000000000004e+00,1.632500000000000000e+02,0.000000000000000000e+00
2.504000000000000004e+00,1.637500000000000000e+02,0.000000000000000000e+00
2.504000000000000004e+00,1.642500000000000000e+02,0.000000000000000000e+00
2.504000000000000004e+00,1.647500000000000000e+02,0.000000000000000000e+00
2.504000000000000004e+00,1.652500000000000000e+02,0.000000000000000000e+00
2.504000000000000004e+00,1.657500000000000000e+02,0.000000000000000000e+00
2.504000000000000004e+00,1.662500000000000000e+02,0.000000000000000000e+00
2.504000000000000004e+00,1.667500000000000000e+02,0.000000000000000000e+00
2.504000000000000004e+00,1.672500000000000000e+02,0.000000000000000000e+00
2.504000000000000004e+00,1.677500000000000000e+02,0.000000000000000000e+00
2.504000000000000004e+00,1.682500000000000000e+02,0.000000000000000000e+00
2.504000000000000004e+00,1.687500000000000000e+02,0.000000000000000000e+00
2.504000000000000004e+00,1.692500000000000000e+02,0.000000000000000000e+00
2.504000000000000004e+00,1.697500000000000000e+02,0.000000000000000000e+00
2.504000000000000004e+00,1.702500000000000000e+02,0.000000000000000000e+00
2.504000000000000004e+00,1.707500000000000000e+02,0.000000000000000000e+00
2.504000000000000004e+00,1.712500000000000000e+02,0.000000000000000000e+00
2.504000000000000004e+00,1.717500000000000000e+02,0.000000000000000000e+00
2.504000000000000004e+00,1.722500000000000000e+02,0.000000000000000000e+00
2.504000000000000004e+00,1.727500000000000000e+02,0.000000000000000000e+00
2.504000000000000004e+00,1.732500000000000000e+02,0.000000000000000000e+00
2.504000000000000004e+00,1.737500000000000000e+02,0.000000000000000000e+00
2.504000000000000004e+00,1.742500000000000000e+02,0.000000000000000000e+00
2.504000000000000004e+00,1.747500000000000000e+02,0.000000000000000000e+00
2.504000000000000004e+00,1.752500000000000000e+02,0.000000000000000000e+00
2.504000000000000004e+00,1.757500000000000000e+02,0.000000000000000000e+00
2.504000000000000004e+00,1.762500000000000000e+02,0.000000000000000000e+00
2.504000000000000004e+00,1.767500000000000000e+02,0.000000000000000000e+00
2.504000000000000004e+00,1.772500000000000000e+02,0.000000000000000000e+00
2.504000000000000004e+00,1.777500000000000000e+02,0.000000000000000000e+00
2.504000000000000004e+00,1.782500000000000000e+02,0.000000000000000000e+00
2.504000000000000004e+00,1.787500000000000000e+02,0.000000000000000000e+00
2.504000000000000004e+00,1.792500000000000000e+02,0.000000000000000000e+00
2.504000000000000004e+00,1.797500000000000000e+02,0.000000000000000000e+00
2.520000000000000018e+00,1.302500000000000000e+02,0.000000000000000000e+00
2.520000000000000018e+00,1.307500000000000000e+02,0.000000000000000000e+00
2.520000000000000018e+00,1.312500000000000000e+02,0.000000000000000000e+00
2.520000000000000018e+00,1.317500000000000000e+02,0.000000000000000000e+00
2.520000000000000018e+00,1.322500000000000000e+02,0.000000000000000000e+00
2.520000000000000018e+00,1.327500000000000000e+02,0.000000000000000000e+00
2.520000000000000018e+00,1.332500000000000000e+02,0.000000000000000000e+00
2.520000000000000018e+00,1.337500000000000000e+02,0.000000000000000000e+00
2.520000000000000018e+00,1.342500000000000000e+02,0.000000000000000000e+00
2.520000000000000018e+00,1.347500000000000000e+02,0.000000000000000000e+00
2.520000000000000018e+00,1.352500000000000000e+02,0.000000000000000000e+00
2.520000000000000018e+00,1.357500000000000000e+02,0.000000000000000000e+00
2.520000000000000018e+00,1.362500000000000000e+02,0.000000000000000000e+00
2.520000000000000018e+00,1.367500000000000000e+02,0.000000000000000000e+00
2.520000000000000018e+00,1.372500000000000000e+02,0.000000000000000000e+00
2.520000000000000018e+00,1.377500000000000000e+02,0.000000000000000000e+00
2.520000000000000018e+00,1.382500000000000000e+02,0.000000000000000000e+00
2.520000000000000018e+00,1.387500000000000000e+02,0.000000000000000000e+00
2.520000000000000018e+00,1.392500000000000000e+02,0.000000000000000000e+00
2.520000000000000018e+00,1.397500000000000000e+02,0.000000000000000000e+00
2.520000000000000018e+00,1.402500000000000000e+02,0.000000000000000000e+00
2.520000000000000018e+00,1.407500000000000000e+02,0.000000000000000000e+00
2.520000000000000018e+00,1.412500000000000000e+02,0.000000000000000000e+00
2.520000000000000018e+00,1.417500000000000000e+02,0.000000000000000000e+00
2.520000000000000018e+00,1.422500000000000000e+02,0.000000000000000000e+00
2.520000000000000018e+00,1.427500000000000000e+02,0.000000000000000000e+00
2.520000000000000018e+00,1.432500000000000000e+02,0.000000000000000000e+00
2.520000000000000018e+00,1.437500000000000000e+02,0.000000000000000000e+00
2.520000000000000018e+00,1.442500000000000000e+02,0.000000000000000000e+00
2.520000000000000018e+00,1.447500000000000000e+02,0.000000000000000000e+00
2.520000000000000018e+00,1.452500000000000000e+02,0.000000000000000000e+00
2.520000000000000018e+00,1.457500000000000000e+02,0.000000000000000000e+00
2.520000000000000018e+00,1.462500000000000000e+02,0.000000000000000000e+00
2.520000000000000018e+00,1.467500000000000000e+02,0.000000000000000000e+00
2.520000000000000018e+00,1.472500000000000000e+02,0.000000000000000000e+00
2.520000000000000018e+00,1.477500000000000000e+02,0.000000000000000000e+00
2.520000000000000018e+00,1.482500000000000000e+02,0.000000000000000000e+00
2.520000000000000018e+00,1.487500000000000000e+02,0.000000000000000000e+00
2.520000000000000018e+00,1.492500000000000000e+02,0.000000000000000000e+00
2.520000000000000018e+00,1.497500000000000000e+02,0.000000000000000000e+00
2.520000000000000018e+00,1.502500000000000000e+02,0.000000000000000000e+00
2.520000000000000018e+00,1.507500000000000000e+02,0.000000000000000000e+00
2.520000000000000018e+00,1.512500000000000000e+02,0.000000000000000000e+00
2.520000000000000018e+00,1.517500000000000000e+02,0.000000000000000000e+00
2.520000000000000018e+00,1.522500000000000000e+02,0.000000000000000000e+00
2.520000000000000018e+00,1.527500000000000000e+02,1.111111111111111049e-01
2.520000000000000018e+00,1.532500000000000000e+02,1.111111111111111049e-01
2.520000000000000018e+00,1.537500000000000000e+02,1.111111111111111049e-01
2.520000000000000018e+00,1.542500000000000000e+02,0.000000000000000000e+00
2.520000000000000018e+00,1.547500000000000000e+02,0.000000000000000000e+00
2.520000000000000018e+00,1.552500000000000000e+02,0.000000000000000000e+00
2.520000000000000018e+00,1.557500000000000000e+02,0.000000000000000000e+00
2.520000000000000018e+00,1.562500000000000000e+02,0.000000000000000000e+00
2.520000000000000018e+00,1.567500000000000000e+02,0.000000000000000000e+00
2.520000000000000018e+00,1.572500000000000000e+02,0.000000000000000000e+00
2.520000000000000018e+00,1.577500000000000000e+02,0.000000000000000000e+00
2.520000000000000018e+00,1.582500000000000000e+02,0.000000000000000000e+00
2.520000000000000018e+00,1.587500000000000000e+02,0.000000000000000000e+00
2.520000000000000018e+00,1.592500000000000000e+02,0.000000000000000000e+00
2.520000000000000018e+00,1.597500000000000000e+02,0.000000000000000000e+00
2.520000000000000018e+00,1.602500000000000000e+02,0.000000000000000000e+00
2.520000000000000018e+00,1.607500000000000000e+02,0.000000000000000000e+00
2.520000000000000018e+00,1.612500000000000000e+02,0.000000000000000000e+00
2.520000000000000018e+00,1.617500000000000000e+02,0.000000000000000000e+00
2.520000000000000018e+00,1.622500000000000000e+02,0.000000000000000000e+00
2.520000000000000018e+00,1.627500000000000000e+02,0.000000000000000000e+00
2.520000000000000018e+00,1.632500000000000000e+02,0.000000000000000000e+00
2.520000000000000018e+00,1.637500000000000000e+02,0.000000000000000000e+00
2.520000000000000018e+00,1.642500000000000000e+02,2.222222222222222099e-01
2.520000000000000018e+00,1.647500000000000000e+02,2.222222222222222099e-01
2.520000000000000018e+00,1.652500000000000000e+02,2.222222222222222099e-01
2.520000000000000018e+00,1.657500000000000000e+02,0.000000000000000000e+00
2.520000000000000018e+00,1.662500000000000000e+02,0.000000000000000000e+00
2.520000000000000018e+00,1.667500000000000000e+02,0.000000000000000000e+00
2.520000000000000018e+00,1.672500000000000000e+02,0.000000000000000000e+00
2.520000000000000018e+00,1.677500000000000000e+02,0.000000000000000000e+00
2.520000000000000018e+00,1.682500000000000000e+02,0.000000000000000000e+00
2.520000000000000018e+00,1.687500000000000000e+02,0.000000000000000000e+00
2.520000000000000018e+00,1.692500000000000000e+02,0.000000000000000000e+00
2.520000000000000018e+00,1.697500000000000000e+02,0.000000000000000000e+00
2.520000000000000018e+00,1.702500000000000000e+02,0.000000000000000000e+00
2.520000000000000018e+00,1.707500000000000000e+02,0.000000000000000000e+00
2.520000000000000018e+00,1.712500000000000000e+02,0.000000000000000000e+00
2.520000000000000018e+00,1.717500000000000000e+02,0.000000000000000000e+00
2.520000000000000018e+00,1.722500000000000000e+02,0.000000000000000000e+00
2.520000000000000018e+00,1.727500000000000000e+02,0.000000000000000000e+00
2.520000000000000018e+00,1.732500000000000000e+02,0.000000000000000000e+00
2.520000000000000018e+00,1.737500000000000000e+02,0.000000000000000000e+00
2.520000000000000018e+00,1.742500000000000000e+02,0.000000000000000000e+00
2.520000000000000018e+00,1.747500000000000000e+02,0.000000000000000000e+00
2.520000000000000018e+00,1.752500000000000000e+02,0.000000000000000000e+00
2.520000000000000018e+00,1.757500000000000000e+02,0.000000000000000000e+00
2.520000000000000018e+00,1.762500000000000000e+02,0.000000000000000000e+00
2.520000000000000018e+00,1.767500000000000000e+02,0.000000000000000000e+00
2.520000000000000018e+00,1.772500000000000000e+02,0.000000000000000000e+00
2.520000000000000018e+00,1.777500000000000000e+02,0.000000000000000000e+00
2.520000000000000018e+00,1.782500000000000000e+02,0.000000000000000000e+00
2.520000000000000018e+00,1.787500000000000000e+02,0.000000000000000000e+00
2.520000000000000018e+00,1.792500000000000000e+02,0.000000000000000000e+00
2.520000000000000018e+00,1.797500000000000000e+02,0.000000000000000000e+00
2.536000000000000032e+00,1.302500000000000000e+02,0.000000000000000000e+00
2.536000000000000032e+00,1.307500000000000000e+02,1.111111111111111049e-01
2.536000000000000032e+00,1.312500000000000000e+02,1.111111111111111049e-01
2.536000000000000032e+00,1.317500000000000000e+02,1.111111111111111049e-01
2.536000000000000032e+00,1.322500000000000000e+02,0.000000000000000000e+00
2.536000000000000032e+00,1.327500000000000000e+02,0.000000000000000000e+00
2.536000000000000032e+00,1.332500000000000000e+02,0.000000000000000000e+00
2.536000000000000032e+00,1.337500000000000000e+02,0.000000000000000000e+00
2.536000000000000032e+00,1.342500000000000000e+02,0.000000000000000000e+00
2.536000000000000032e+00,1.347500000000000000e+02,0.000000000000000000e+00
2.536000000000000032e+00,1.352500000000000000e+02,0.000000000000000000e+00
2.536000000000000032e+00,1.357500000000000000e+02,0.000000000000000000e+00
2.536000000000000032e+00,1.362500000000000000e+02,0.000000000000000000e+00
2.536000000000000032e+00,1.367500000000000000e+02,0.000000000000000000e+00
2.536000000000000032e+00,1.372500000000000000e+02,0.000000000000000000e+00
2.536000000000000032e+00,1.377500000000000000e+02,0.000000000000000000e+00
2.536000000000000032e+00,1.382500000000000000e+02,0.000000000000000000e+00
2.536000000000000032e+00,1.387500000000000000e+02,0.000000000000000000e+00
2.536000000000000032e+00,1.392500000000000000e+02,0.000000000000000000e+00
2.536000000000000032e+00,1.397500000000000000e+02,0.000000000000000000e+00
2.536000000000000032e+00,1.402500000000000000e+02,0.000000000000000000e+00
2.536000000000000032e+00,1.407500000000000000e+02,0.000000000000000000e+00
2.536000000000000032e+00,1.412500000000000000e+02,0.000000000000000000e+00
2.536000000000000032e+00,1.417500000000000000e+02,0.000000000000000000e+00
2.536000000000000032e+00,1.422500000000000000e+02,0.000000000000000000e+00
2.536000000000000032e+00,1.427500000000000000e+02,0.000000000000000000e+00
2.536000000000000032e+00,1.432500000000000000e+02,0.000000000000000000e+00
2.536000000000000032e+00,1.437500000000000000e+02,0.000000000000000000e+00
2.536000000000000032e+00,1.442500000000000000e+02,0.000000000000000000e+00
2.536000000000000032e+00,1.447500000000000000e+02,0.000000000000000000e+00
2.536000000000000032e+00,1.452500000000000000e+02,0.000000000000000000e+00
2.536000000000000032e+00,1.457500000000000000e+02,0.000000000000000000e+00
2.536000000000000032e+00,1.462500000000000000e+02,0.000000000000000000e+00
2.536000000000000032e+00,1.467500000000000000e+02,0.000000000000000000e+00
2.536000000000000032e+00,1.472500000000000000e+02,0.000000000000000000e+00
2.536000000000000032e+00,1.477500000000000000e+02,0.000000000000000000e+00
2.536000000000000032e+00,1.482500000000000000e+02,0.000000000000000000e+00
2.536000000000000032e+00,1.487500000000000000e+02,0.000000000000000000e+00
2.536000000000000032e+00,1.492500000000000000e+02,1.111111111111111049e-01
2.536000000000000032e+00,1.497500000000000000e+02,1.111111111111111049e-01
2.536000000000000032e+00,1.502500000000000000e+02,1.111111111111111049e-01
2.536000000000000032e+00,1.507500000000000000e+02,0.000000000000000000e+00
2.536000000000000032e+00,1.512500000000000000e+02,0.000000000000000000e+00
2.536000000000000032e+00,1.517500000000000000e+02,0.000000000000000000e+00
2.536000000000000032e+00,1.522500000000000000e+02,0.000000000000000000e+00
2.536000000000000032e+00,1.527500000000000000e+02,1.111111111111111049e-01
2.536000000000000032e+00,1.532500000000000000e+02,1.111111111111111049e-01
2.536000000000000032e+00,1.537500000000000000e+02,1.111111111111111049e-01
2.536000000000000032e+00,1.542500000000000000e+02,0.000000000000000000e+00
2.536000000000000032e+00,1.547500000000000000e+02,0.000000000000000000e+00
2.536000000000000032e+00,1.552500000000000000e+02,0.000000000000000000e+00
2.536000000000000032e+00,1.557500000000000000e+02,0.000000000000000000e+00
2.536000000000000032e+00,1.562500000000000000e+02,1.111111111111111049e-01
2.536000000000000032e+00,1.567500000000000000e+02,1.111111111111111049e-01
2.536000000000000032e+00,1.572500000000000000e+02,1.111111111111111049e-01
2.536000000000000032e+00,1.577500000000000000e+02,0.000000000000000000e+00
2.536000000000000032e+00,1.582500000000000000e+02,0.000000000000000000e+00
2.536000000000000032e+00,1.587500000000000000e+02,0.000000000000000000e+00
2.536000000000000032e+00,1.592500000000000000e+02,0.000000000000000000e+00
2.536000000000000032e+00,1.597500000000000000e+02,0.000000000000000000e+00
2.536000000000000032e+00,1.602500000000000000e+02,0.000000000000000000e+00
2.536000000000000032e+00,1.607500000000000000e+02,0.000000000000000000e+00
2.536000000000000032e+00,1.612500000000000000e+02,0.000000000000000000e+00
2.536000000000000032e+00,1.617500000000000000e+02,0.000000000000000000e+00
2.536000000000000032e+00,1.622500000000000000e+02,0.000000000000000000e+00
2.536000000000000032e+00,1.627500000000000000e+02,1.111111111111111049e-01
2.536000000000000032e+00,1.632500000000000000e+02,1.111111111111111049e-01
2.536000000000000032e+00,1.637500000000000000e+02,1.111111111111111049e-01
2.536000000000000032e+00,1.642500000000000000e+02,2.222222222222222099e-01
2.536000000000000032e+00,1.647500000000000000e+02,2.222222222222222099e-01
2.536000000000000032e+00,1.652500000000000000e+02,2.222222222222222099e-01
2.536000000000000032e+00,1.657500000000000000e+02,0.000000000000000000e+00
2.536000000000000032e+00,1.662500000000000000e+02,0.000000000000000000e+00
2.536000000000000032e+00,1.667500000000000000e+02,0.000000000000000000e+00
2.536000000000000032e+00,1.672500000000000000e+02,0.000000000000000000e+00
2.536000000000000032e+00,1.677500000000000000e+02,0.000000000000000000e+00
2.536000000000000032e+00,1.682500000000000000e+02,0.000000000000000000e+00
2.536000000000000032e+00,1.687500000000000000e+02,0.000000000000000000e+00
2.536000000000000032e+00,1.692500000000000000e+02,0.000000000000000000e+00
2.536000000000000032e+00,1.697500000000000000e+02,0.000000000000000000e+00
2.536000000000000032e+00,1.702500000000000000e+02,0.000000000000000000e+00
2.536000000000000032e+00,1.707500000000000000e+02,0.000000000000000000e+00
2.536000000000000032e+00,1.712500000000000000e+02,0.000000000000000000e+00
2.536000000000000032e+00,1.717500000000000000e+02,0.000000000000000000e+00
2.536000000000000032e+00,1.722500000000000000e+02,0.000000000000000000e+00
2.536000000000000032e+00,1.727500000000000000e+02,0.000000000000000000e+00
2.536000000000000032e+00,1.732500000000000000e+02,0.000000000000000000e+00
2.536000000000000032e+00,1.737500000000000000e+02,0.000000000000000000e+00
2.536000000000000032e+00,1.742500000000000000e+02,0.000000000000000000e+00
2.536000000000000032e+00,1.747500000000000000e+02,0.000000000000000000e+00
2.536000000000000032e+00,1.752500000000000000e+02,0.000000000000000000e+00
2.536000000000000032e+00,1.757500000000000000e+02,0.000000000000000000e+00
2.536000000000000032e+00,1.762500000000000000e+02,0.000000000000000000e+00
2.536000000000000032e+00,1.767500000000000000e+02,0.000000000000000000e+00
2.536000000000000032e+00,1.772500000000000000e+02,0.000000000000000000e+00
2.536000000000000032e+00,1.777500000000000000e+02,0.000000000000000000e+00
2.536000000000000032e+00,1.782500000000000000e+02,0.000000000000000000e+00
2.536000000000000032e+00,1.787500000000000000e+02,0.000000000000000000e+00
2.536000000000000032e+00,1.792500000000000000e+02,0.000000000000000000e+00
2.536000000000000032e+00,1.797500000000000000e+02,0.000000000000000000e+00
2.552000000000000046e+00,1.302500000000000000e+02,0.000000000000000000e+00
2.552000000000000046e+00,1.307500000000000000e+02,1.111111111111111049e-01
2.552000000000000046e+00,1.312500000000000000e+02,1.111111111111111049e-01
2.552000000000000046e+00,1.317500000000000000e+02,1.111111111111111049e-01
2.552000000000000046e+00,1.322500000000000000e+02,0.000000000000000000e+00
2.552000000000000046e+00,1.327500000000000000e+02,0.000000000000000000e+00
2.552000000000000046e+00,1.332500000000000000e+02,0.000000000000000000e+00
2.552000000000000046e+00,1.337500000000000000e+02,0.000000000000000000e+00
2.552000000000000046e+00,1.342500000000000000e+02,0.000000000000000000e+00
2.552000000000000046e+00,1.347500000000000000e+02,1.111111111111111049e-01
2.552000000000000046e+00,1.352500000000000000e+02,1.111111111111111049e-01
2.552000000000000046e+00,1.357500000000000000e+02,1.111111111111111049e-01
2.552000000000000046e+00,1.362500000000000000e+02,0.000000000000000000e+00
2.552000000000000046e+00,1.367500000000000000e+02,0.000000000000000000e+00
2.552000000000000046e+00,1.372500000000000000e+02,0.000000000000000000e+00
2.552000000000000046e+00,1.377500000000000000e+02,0.000000000000000000e+00
2.552000000000000046e+00,1.382500000000000000e+02,0.000000000000000000e+00
2.552000000000000046e+00,1.387500000000000000e+02,0.000000000000000000e+00
2.552000000000000046e+00,1.392500000000000000e+02,0.000000000000000000e+00
2.552000000000000046e+00,1.397500000000000000e+02,0.000000000000000000e+00
2.552000000000000046e+00,1.402500000000000000e+02,0.000000000000000000e+00
2.552000000000000046e+00,1.407500000000000000e+02,0.000000000000000000e+00
2.552000000000000046e+00,1.412500000000000000e+02,1.111111111111111049e-01
2.552000000000000046e+00,1.417500000000000000e+02,1.111111111111111049e-01
2.552000000000000046e+00,1.422500000000000000e+02,1.111111111111111049e-01
2.552000000000000046e+00,1.427500000000000000e+02,0.000000000000000000e+00
2.552000000000000046e+00,1.432500000000000000e+02,0.000000000000000000e+00
2.552000000000000046e+00,1.437500000000000000e+02,0.000000000000000000e+00
2.552000000000000046e+00,1.442500000000000000e+02,0.000000000000000000e+00
2.552000000000000046e+00,1.447500000000000000e+02,0.000000000000000000e+00
2.552000000000000046e+00,1.452500000000000000e+02,0.000000000000000000e+00
2.552000000000000046e+00,1.457500000000000000e+02,0.000000000000000000e+00
2.552000000000000046e+00,1.462500000000000000e+02,0.000000000000000000e+00
2.552000000000000046e+00,1.467500000000000000e+02,0.000000000000000000e+00
2.552000000000000046e+00,1.472500000000000000e+02,1.111111111111111049e-01
2.552000000000000046e+00,1.477500000000000000e+02,1.111111111111111049e-01
2.552000000000000046e+00,1.482500000000000000e+02,1.111111111111111049e-01
2.552000000000000046e+00,1.487500000000000000e+02,0.000000000000000000e+00
2.552000000000000046e+00,1.492500000000000000e+02,1.111111111111111049e-01
2.552000000000000046e+00,1.497500000000000000e+02,1.111111111111111049e-01
2.552000000000000046e+00,1.502500000000000000e+02,1.111111111111111049e-01
2.552000000000000046e+00,1.507500000000000000e+02,0.000000000000000000e+00
2.552000000000000046e+00,1.512500000000000000e+02,0.000000000000000000e+00
2.552000000000000046e+00,1.517500000000000000e+02,0.000000000000000000e+00
2.552000000000000046e+00,1.522500000000000000e+02,0.000000000000000000e+00
2.552000000000000046e+00,1.527500000000000000e+02,1.111111111111111049e-01
2.552000000000000046e+00,1.532500000000000000e+02,1.111111111111111049e-01
2.552000000000000046e+00,1.537500000000000000e+02,1.111111111111111049e-01
2.552000000000000046e+00,1.542500000000000000e+02,0.000000000000000000e+00
2.552000000000000046e+00,1.547500000000000000e+02,0.000000000000000000e+00
2.552000000000000046e+00,1.552500000000000000e+02,0.000000000000000000e+00
2.552000000000000046e+00,1.557500000000000000e+02,0.000000000000000000e+00
2.552000000000000046e+00,1.562500000000000000e+02,1.111111111111111049e-01
2.552000000000000046e+00,1.567500000000000000e+02,1.111111111111111049e-01
2.552000000000000046e+00,1.572500000000000000e+02,1.111111111111111049e-01
2.552000000000000046e+00,1.577500000000000000e+02,0.000000000000000000e+00
2.552000000000000046e+00,1.582500000000000000e+02,0.000000000000000000e+00
2.552000000000000046e+00,1.587500000000000000e+02,0.000000000000000000e+00
2.552000000000000046e+00,1.592500000000000000e+02,0.000000000000000000e+00
2.552000000000000046e+00,1.597500000000000000e+02,0.000000000000000000e+00
2.552000000000000046e+00,1.602500000000000000e+02,0.000000000000000000e+00
2.552000000000000046e+00,1.607500000000000000e+02,0.000000000000000000e+00
2.552000000000000046e+00,1.612500000000000000e+02,0.000000000000000000e+00
2.552000000000000046e+00,1.617500000000000000e+02,0.000000000000000000e+00
2.552000000000000046e+00,1.622500000000000000e+02,0.000000000000000000e+00
2.552000000000000046e+00,1.627500000000000000e+02,1.111111111111111049e-01
2.552000000000000046e+00,1.632500000000000000e+02,1.111111111111111049e-01
2.552000000000000046e+00,1.637500000000000000e+02,1.111111111111111049e-01
2.552000000000000046e+00,1.642500000000000000e+02,2.222222222222222099e-01
2.552000000000000046e+00,1.647500000000000000e+02,2.222222222222222099e-01
2.552000000000000046e+00,1.652500000000000000e+02,2.222222222222222099e-01
2.552000000000000046e+00,1.657500000000000000e+02,0.000000000000000000e+00
2.552000000000000046e+00,1.662500000000000000e+02,0.000000000000000000e+00
2.552000000000000046e+00,1.667500000000000000e+02,0.000000000000000000e+00
2.552000000000000046e+00,1.672500000000000000e+02,0.000000000000000000e+00
2.552000000000000046e+00,1.677500000000000000e+02,1.111111111111111049e-01
2.552000000000000046e+00,1.682500000000000000e+02,1.111111111111111049e-01
2.552000000000000046e+00,1.687500000000000000e+02,1.111111111111111049e-01
2.552000000000000046e+00,1.692500000000000000e+02,0.000000000000000000e+00
2.552000000000000046e+00,1.697500000000000000e+02,0.000000000000000000e+00
2.552000000000000046e+00,1.702500000000000000e+02,0.000000000000000000e+00
2.552000000000000046e+00,1.707500000000000000e+02,0.000000000000000000e+00
2.552000000000000046e+00,1.712500000000000000e+02,0.000000000000000000e+00
2.552000000000000046e+00,1.717500000000000000e+02,0.000000000000000000e+00
2.552000000000000046e+00,1.722500000000000000e+02,0.000000000000000000e+00
2.552000000000000046e+00,1.727500000000000000e+02,0.000000000000000000e+00
2.552000000000000046e+00,1.732500000000000000e+02,0.000000000000000000e+00
2.552000000000000046e+00,1.737500000000000000e+02,0.000000000000000000e+00
2.552000000000000046e+00,1.742500000000000000e+02,0.000000000000000000e+00
2.552000000000000046e+00,1.747500000000000000e+02,0.000000000000000000e+00
2.552000000000000046e+00,1.752500000000000000e+02,0.000000000000000000e+00
2.552000000000000046e+00,1.757500000000000000e+02,0.000000000000000000e+00
2.552000000000000046e+00,1.762500000000000000e+02,0.000000000000000000e+00
2.552000000000000046e+00,1.767500000000000000e+02,0.000000000000000000e+00
2.552000000000000046e+00,1.772500000000000000e+02,0.000000000000000000e+00
2.552000000000000046e+00,1.777500000000000000e+02,0.000000000000000000e+00
2.552000000000000046e+00,1.782500000000000000e+02,0.000000000000000000e+00
2.552000000000000046e+00,1.787500000000000000e+02,0.000000000000000000e+00
2.552000000000000046e+00,1.792500000000000000e+02,0.000000000000000000e+00
2.552000000000000046e+00,1.797500000000000000e+02,0.000000000000000000e+00
2.568000000000000060e+00,1.302500000000000000e+02,0.000000000000000000e+00
2.568000000000000060e+00,1.307500000000000000e+02,1.111111111111111049e-01
2.568000000000000060e+00,1.312500000000000000e+02,1.111111111111111049e-01
2.568000000000000060e+00,1.317500000000000000e+02,1.111111111111111049e-01
2.568000000000000060e+00,1.322500000000000000e+02,0.000000000000000000e+00
2.568000000000000060e+00,1.327500000000000000e+02,0.000000000000000000e+00
2.568000000000000060e+00,1.332500000000000000e+02,0.000000000000000000e+00
2.568000000000000060e+00,1.337500000000000000e+02,0.000000000000000000e+00
2.568000000000000060e+00,1.342500000000000000e+02,0.000000000000000000e+00
2.568000000000000060e+00,1.347500000000000000e+02,1.111111111111111049e-01
2.568000000000000060e+00,1.352500000000000000e+02,1.111111111111111049e-01
2.568000000000000060e+00,1.357500000000000000e+02,1.111111111111111049e-01
2.568000000000000060e+00,1.362500000000000000e+02,0.000000000000000000e+00
2.568000000000000060e+00,1.367500000000000000e+02,0.000000000000000000e+00
2.568000000000000060e+00,1.372500000000000000e+02,0.000000000000000000e+00
2.568000000000000060e+00,1.377500000000000000e+02,0.000000000000000000e+00
2.568000000000000060e+00,1.382500000000000000e+02,0.000000000000000000e+00
2.568000000000000060e+00,1.387500000000000000e+02,0.000000000000000000e+00
2.568000000000000060e+00,1.392500000000000000e+02,0.000000000000000000e+00
2.568000000000000060e+00,1.397500000000000000e+02,0.000000000000000000e+00
2.568000000000000060e+00,1.402500000000000000e+02,0.000000000000000000e+00
2.568000000000000060e+00,1.407500000000000000e+02,0.000000000000000000e+00
2.568000000000000060e+00,1.412500000000000000e+02,1.111111111111111049e-01
2.568000000000000060e+00,1.417500000000000000e+02,1.111111111111111049e-01
2.568000000000000060e+00,1.422500000000000000e+02,1.111111111111111049e-01
2.568000000000000060e+00,1.427500000000000000e+02,0.000000000000000000e+00
2.568000000000000060e+00,1.432500000000000000e+02,0.000000000000000000e+00
2.568000000000000060e+00,1.437500000000000000e+02,0.000000000000000000e+00
2.568000000000000060e+00,1.442500000000000000e+02,0.000000000000000000e+00
2.568000000000000060e+00,1.447500000000000000e+02,0.000000000000000000e+00
2.568000000000000060e+00,1.452500000000000000e+02,0.000000000000000000e+00
2.568000000000000060e+00,1.457500000000000000e+02,0.000000000000000000e+00
2.568000000000000060e+00,1.462500000000000000e+02,0.000000000000000000e+00
2.568000000000000060e+00,1.467500000000000000e+02,0.000000000000000000e+00
2.568000000000000060e+00,1.472500000000000000e+02,1.111111111111111049e-01
2.568000000000000060e+00,1.477500000000000000e+02,1.111111111111111049e-01
2.568000000000000060e+00,1.482500000000000000e+02,1.111111111111111049e-01
2.568000000000000060e+00,1.487500000000000000e+02,0.000000000000000000e+00
2.568000000000000060e+00,1.492500000000000000e+02,1.111111111111111049e-01
2.568000000000000060e+00,1.497500000000000000e+02,1.111111111111111049e-01
2.568000000000000060e+00,1.502500000000000000e+02,1.111111111111111049e-01
2.568000000000000060e+00,1.507500000000000000e+02,0.000000000000000000e+00
2.568000000000000060e+00,1.512500000000000000e+02,0.000000000000000000e+00
2.568000000000000060e+00,1.517500000000000000e+02,0.000000000000000000e+00
2.568000000000000060e+00,1.522500000000000000e+02,0.000000000000000000e+00
2.568000000000000060e+00,1.527500000000000000e+02,0.000000000000000000e+00
2.568000000000000060e+00,1.532500000000000000e+02,0.000000000000000000e+00
2.568000000000000060e+00,1.537500000000000000e+02,0.000000000000000000e+00
2.568000000000000060e+00,1.542500000000000000e+02,0.000000000000000000e+00
2.568000000000000060e+00,1.547500000000000000e+02,0.000000000000000000e+00
2.568000000000000060e+00,1.552500000000000000e+02,0.000000000000000000e+00
2.568000000000000060e+00,1.557500000000000000e+02,0.000000000000000000e+00
2.568000000000000060e+00,1.562500000000000000e+02,1.111111111111111049e-01
2.568000000000000060e+00,1.567500000000000000e+02,1.111111111111111049e-01
2.568000000000000060e+00,1.572500000000000000e+02,1.111111111111111049e-01
2.568000000000000060e+00,1.577500000000000000e+02,0.000000000000000000e+00
2.568000000000000060e+00,1.582500000000000000e+02,0.000000000000000000e+00
2.568000000000000060e+00,1.587500000000000000e+02,0.000000000000000000e+00
2.568000000000000060e+00,1.592500000000000000e+02,0.000000000000000000e+00
2.568000000000000060e+00,1.597500000000000000e+02,0.000000000000000000e+00
2.568000000000000060e+00,1.602500000000000000e+02,0.000000000000000000e+00
2.568000000000000060e+00,1.607500000000000000e+02,0.000000000000000000e+00
2.568000000000000060e+00,1.612500000000000000e+02,0.000000000000000000e+00
2.568000000000000060e+00,1.617500000000000000e+02,0.000000000000000000e+00
2.568000000000000060e+00,1.622500000000000000e+02,0.000000000000000000e+00
2.568000000000000060e+00,1.627500000000000000e+02,2.222222222222222099e-01
2.568000000000000060e+00,1.632500000000000000e+02,2.222222222222222099e-01
2.568000000000000060e+00,1.637500000000000000e+02,2.222222222222222099e-01
2.568000000000000060e+00,1.642500000000000000e+02,0.000000000000000000e+00
2.568000000000000060e+00,1.647500000000000000e+02,0.000000000000000000e+00
2.568000000000000060e+00,1.652500000000000000e+02,0.000000000000000000e+00
2.568000000000000060e+00,1.657500000000000000e+02,0.000000000000000000e+00
2.568000000000000060e+00,1.662500000000000000e+02,0.000000000000000000e+00
2.568000000000000060e+00,1.667500000000000000e+02,1.111111111111111049e-01
2.568000000000000060e+00,1.672500000000000000e+02,1.111111111111111049e-01
2.568000000000000060e+00,1.677500000000000000e+02,2.222222222222222099e-01
2.568000000000000060e+00,1.682500000000000000e+02,1.111111111111111049e-01
2.568000000000000060e+00,1.687500000000000000e+02,1.111111111111111049e-01
2.568000000000000060e+00,1.692500000000000000e+02,0.000000000000000000e+00
2.568000000000000060e+00,1.697500000000000000e+02,1.111111111111111049e-01
2.568000000000000060e+00,1.702500000000000000e+02,2.222222222222222099e-01
2.568000000000000060e+00,1.707500000000000000e+02,2.222222222222222099e-01
2.568000000000000060e+00,1.712500000000000000e+02,1.111111111111111049e-01
2.568000000000000060e+00,1.717500000000000000e+02,0.000000000000000000e+00
2.568000000000000060e+00,1.722500000000000000e+02,0.000000000000000000e+00
2.568000000000000060e+00,1.727500000000000000e+02,0.000000000000000000e+00
2.568000000000000060e+00,1.732500000000000000e+02,1.111111111111111049e-01
2.568000000000000060e+00,1.737500000000000000e+02,1.111111111111111049e-01
2.568000000000000060e+00,1.742500000000000000e+02,1.111111111111111049e-01
2.568000000000000060e+00,1.747500000000000000e+02,0.000000000000000000e+00
2.568000000000000060e+00,1.752500000000000000e+02,0.000000000000000000e+00
2.568000000000000060e+00,1.757500000000000000e+02,0.000000000000000000e+00
2.568000000000000060e+00,1.762500000000000000e+02,0.000000000000000000e+00
2.568000000000000060e+00,1.767500000000000000e+02,0.000000000000000000e+00
2.568000000000000060e+00,1.772500000000000000e+02,0.000000000000000000e+00
2.568000000000000060e+00,1.777500000000000000e+02,0.000000000000000000e+00
2.568000000000000060e+00,1.782500000000000000e+02,0.000000000000000000e+00
2.568000000000000060e+00,1.787500000000000000e+02,0.000000000000000000e+00
2.568000000000000060e+00,1.792500000000000000e+02,0.000000000000000000e+00
2.568000000000000060e+00,1.797500000000000000e+02,0.000000000000000000e+00
2.584000000000000075e+00,1.302500000000000000e+02,0.000000000000000000e+00
2.584000000000000075e+00,1.307500000000000000e+02,0.000000000000000000e+00
2.584000000000000075e+00,1.312500000000000000e+02,0.000000000000000000e+00
2.584000000000000075e+00,1.317500000000000000e+02,0.000000000000000000e+00
2.584000000000000075e+00,1.322500000000000000e+02,0.000000000000000000e+00
2.584000000000000075e+00,1.327500000000000000e+02,0.000000000000000000e+00
2.584000000000000075e+00,1.332500000000000000e+02,0.000000000000000000e+00
2.584000000000000075e+00,1.337500000000000000e+02,0.000000000000000000e+00
2.584000000000000075e+00,1.342500000000000000e+02,0.000000000000000000e+00
2.584000000000000075e+00,1.347500000000000000e+02,1.111111111111111049e-01
2.584000000000000075e+00,1.352500000000000000e+02,1.111111111111111049e-01
2.584000000000000075e+00,1.357500000000000000e+02,1.111111111111111049e-01
2.584000000000000075e+00,1.362500000000000000e+02,1.111111111111111049e-01
2.584000000000000075e+00,1.367500000000000000e+02,1.111111111111111049e-01
2.584000000000000075e+00,1.372500000000000000e+02,1.111111111111111049e-01
2.584000000000000075e+00,1.377500000000000000e+02,0.000000000000000000e+00
2.584000000000000075e+00,1.382500000000000000e+02,0.000000000000000000e+00
2.584000000000000075e+00,1.387500000000000000e+02,0.000000000000000000e+00
2.584000000000000075e+00,1.392500000000000000e+02,1.111111111111111049e-01
2.584000000000000075e+00,1.397500000000000000e+02,1.111111111111111049e-01
2.584000000000000075e+00,1.402500000000000000e+02,1.111111111111111049e-01
2.584000000000000075e+00,1.407500000000000000e+02,0.000000000000000000e+00
2.584000000000000075e+00,1.412500000000000000e+02,1.111111111111111049e-01
2.584000000000000075e+00,1.417500000000000000e+02,1.111111111111111049e-01
2.584000000000000075e+00,1.422500000000000000e+02,1.111111111111111049e-01
2.584000000000000075e+00,1.427500000000000000e+02,0.000000000000000000e+00
2.584000000000000075e+00,1.432500000000000000e+02,0.000000000000000000e+00
2.584000000000000075e+00,1.437500000000000000e+02,0.000000000000000000e+00
2.584000000000000075e+00,1.442500000000000000e+02,0.000000000000000000e+00
2.584000000000000075e+00,1.447500000000000000e+02,1.111111111111111049e-01
2.584000000000000075e+00,1.452500000000000000e+02,1.111111111111111049e-01
2.584000000000000075e+00,1.457500000000000000e+02,1.111111111111111049e-01
2.584000000000000075e+00,1.462500000000000000e+02,0.000000000000000000e+00
2.584000000000000075e+00,1.467500000000000000e+02,0.000000000000000000e+00
2.584000000000000075e+00,1.472500000000000000e+02,1.111111111111111049e-01
2.584000000000000075e+00,1.477500000000000000e+02,2.222222222222222099e-01
2.584000000000000075e+00,1.482500000000000000e+02,2.222222222222222099e-01
2.584000000000000075e+00,1.487500000000000000e+02,1.111111111111111049e-01
2.584000000000000075e+00,1.492500000000000000e+02,0.000000000000000000e+00
2.584000000000000075e+00,1.497500000000000000e+02,1.111111111111111049e-01
2.584000000000000075e+00,1.502500000000000000e+02,2.222222222222222099e-01
2.584000000000000075e+00,1.507500000000000000e+02,2.222222222222222099e-01
2.584000000000000075e+00,1.512500000000000000e+02,1.111111111111111049e-01
2.584000000000000075e+00,1.517500000000000000e+02,0.000000000000000000e+00
2.584000000000000075e+00,1.522500000000000000e+02,0.000000000000000000e+00
2.584000000000000075e+00,1.527500000000000000e+02,0.000000000000000000e+00
2.584000000000000075e+00,1.532500000000000000e+02,0.000000000000000000e+00
2.584000000000000075e+00,1.537500000000000000e+02,1.111111111111111049e-01
2.584000000000000075e+00,1.542500000000000000e+02,1.111111111111111049e-01
2.584000000000000075e+00,1.547500000000000000e+02,1.111111111111111049e-01
2.584000000000000075e+00,1.552500000000000000e+02,0.000000000000000000e+00
2.584000000000000075e+00,1.557500000000000000e+02,1.111111111111111049e-01
2.584000000000000075e+00,1.562500000000000000e+02,1.111111111111111049e-01
2.584000000000000075e+00,1.567500000000000000e+02,1.111111111111111049e-01
2.584000000000000075e+00,1.572500000000000000e+02,0.000000000000000000e+00
2.584000000000000075e+00,1.577500000000000000e+02,0.000000000000000000e+00
2.584000000000000075e+00,1.582500000000000000e+02,0.000000000000000000e+00
2.584000000000000075e+00,1.587500000000000000e+02,0.000000000000000000e+00
2.584000000000000075e+00,1.592500000000000000e+02,2.222222222222222099e-01
2.584000000000000075e+00,1.597500000000000000e+02,2.222222222222222099e-01
2.584000000000000075e+00,1.602500000000000000e+02,2.222222222222222099e-01
2.584000000000000075e+00,1.607500000000000000e+02,0.000000000000000000e+00
2.584000000000000075e+00,1.612500000000000000e+02,1.111111111111111049e-01
2.584000000000000075e+00,1.617500000000000000e+02,1.111111111111111049e-01
2.584000000000000075e+00,1.622500000000000000e+02,1.111111111111111049e-01
2.584000000000000075e+00,1.627500000000000000e+02,1.111111111111111049e-01
2.584000000000000075e+00,1.632500000000000000e+02,2.222222222222222099e-01
2.584000000000000075e+00,1.637500000000000000e+02,3.333333333333333148e-01
2.584000000000000075e+00,1.642500000000000000e+02,2.222222222222222376e-01
2.584000000000000075e+00,1.647500000000000000e+02,1.111111111111111466e-01
2.584000000000000075e+00,1.652500000000000000e+02,3.700743415417188263e-17
2.584000000000000075e+00,1.657500000000000000e+02,3.700743415417188263e-17
2.584000000000000075e+00,1.662500000000000000e+02,3.700743415417188263e-17
2.584000000000000075e+00,1.667500000000000000e+02,1.111111111111111466e-01
2.584000000000000075e+00,1.672500000000000000e+02,1.111111111111111466e-01
2.584000000000000075e+00,1.677500000000000000e+02,2.222222222222222376e-01
2.584000000000000075e+00,1.682500000000000000e+02,2.222222222222222376e-01
2.584000000000000075e+00,1.687500000000000000e+02,2.222222222222222376e-01
2.584000000000000075e+00,1.692500000000000000e+02,1.111111111111111466e-01
2.584000000000000075e+00,1.697500000000000000e+02,1.111111111111111466e-01
2.584000000000000075e+00,1.702500000000000000e+02,2.222222222222222376e-01
2.584000000000000075e+00,1.707500000000000000e+02,3.333333333333333148e-01
2.584000000000000075e+00,1.712500000000000000e+02,2.222222222222222376e-01
2.584000000000000075e+00,1.717500000000000000e+02,1.111111111111111466e-01
2.584000000000000075e+00,1.722500000000000000e+02,3.700743415417188263e-17
2.584000000000000075e+00,1.727500000000000000e+02,3.700743415417188263e-17
2.584000000000000075e+00,1.732500000000000000e+02,1.111111111111111466e-01
2.584000000000000075e+00,1.737500000000000000e+02,1.111111111111111466e-01
2.584000000000000075e+00,1.742500000000000000e+02,1.111111111111111466e-01
2.584000000000000075e+00,1.747500000000000000e+02,3.700743415417188263e-17
2.584000000000000075e+00,1.752500000000000000e+02,3.700743415417188263e-17
2.584000000000000075e+00,1.757500000000000000e+02,3.700743415417188263e-17
2.584000000000000075e+00,1.762500000000000000e+02,3.700743415417188263e-17
2.584000000000000075e+00,1.767500000000000000e+02,3.700743415417188263e-17
2.584000000000000075e+00,1.772500000000000000e+02,3.700743415417188263e-17
2.584000000000000075e+00,1.777500000000000000e+02,3.700743415417188263e-17
2.584000000000000075e+00,1.782500000000000000e+02,3.700743415417188263e-17
2.584000000000000075e+00,1.787500000000000000e+02,3.700743415417188263e-17
2.584000000000000075e+00,1.792500000000000000e+02,3.700743415417188263e-17
2.584000000000000075e+00,1.797500000000000000e+02,3.700743415417188263e-17
2.600000000000000089e+00,1.302500000000000000e+02,0.000000000000000000e+00
2.600000000000000089e+00,1.307500000000000000e+02,0.000000000000000000e+00
2.600000000000000089e+00,1.312500000000000000e+02,0.000000000000000000e+00
2.600000000000000089e+00,1.317500000000000000e+02,0.000000000000000000e+00
2.600000000000000089e+00,1.322500000000000000e+02,0.000000000000000000e+00
2.600000000000000089e+00,1.327500000000000000e+02,0.000000000000000000e+00
2.600000000000000089e+00,1.332500000000000000e+02,0.000000000000000000e+00
2.600000000000000089e+00,1.337500000000000000e+02,0.000000000000000000e+00
2.600000000000000089e+00,1.342500000000000000e+02,0.000000000000000000e+00
2.600000000000000089e+00,1.347500000000000000e+02,0.000000000000000000e+00
2.600000000000000089e+00,1.352500000000000000e+02,0.000000000000000000e+00
2.600000000000000089e+00,1.357500000000000000e+02,0.000000000000000000e+00
2.600000000000000089e+00,1.362500000000000000e+02,1.111111111111111049e-01
2.600000000000000089e+00,1.367500000000000000e+02,1.111111111111111049e-01
2.600000000000000089e+00,1.372500000000000000e+02,2.222222222222222099e-01
2.600000000000000089e+00,1.377500000000000000e+02,1.111111111111111049e-01
2.600000000000000089e+00,1.382500000000000000e+02,2.222222222222222099e-01
2.600000000000000089e+00,1.387500000000000000e+02,2.222222222222222099e-01
2.600000000000000089e+00,1.392500000000000000e+02,3.333333333333333148e-01
2.600000000000000089e+00,1.397500000000000000e+02,2.222222222222222376e-01
2.600000000000000089e+00,1.402500000000000000e+02,2.222222222222222376e-01
2.600000000000000089e+00,1.407500000000000000e+02,1.111111111111111466e-01
2.600000000000000089e+00,1.412500000000000000e+02,1.111111111111111466e-01
2.600000000000000089e+00,1.417500000000000000e+02,3.700743415417188263e-17
2.600000000000000089e+00,1.422500000000000000e+02,3.700743415417188263e-17
2.600000000000000089e+00,1.427500000000000000e+02,3.700743415417188263e-17
2.600000000000000089e+00,1.432500000000000000e+02,3.700743415417188263e-17
2.600000000000000089e+00,1.437500000000000000e+02,3.700743415417188263e-17
2.600000000000000089e+00,1.442500000000000000e+02,3.700743415417188263e-17
2.600000000000000089e+00,1.447500000000000000e+02,1.111111111111111466e-01
2.600000000000000089e+00,1.452500000000000000e+02,1.111111111111111466e-01
2.600000000000000089e+00,1.457500000000000000e+02,2.222222222222222376e-01
2.600000000000000089e+00,1.462500000000000000e+02,1.111111111111111466e-01
2.600000000000000089e+00,1.467500000000000000e+02,1.111111111111111466e-01
2.600000000000000089e+00,1.472500000000000000e+02,1.111111111111111466e-01
2.600000000000000089e+00,1.477500000000000000e+02,2.222222222222222376e-01
2.600000000000000089e+00,1.482500000000000000e+02,3.333333333333333148e-01
2.600000000000000089e+00,1.487500000000000000e+02,2.222222222222222376e-01
2.600000000000000089e+00,1.492500000000000000e+02,1.111111111111111466e-01
2.600000000000000089e+00,1.497500000000000000e+02,2.222222222222222376e-01
2.600000000000000089e+00,1.502500000000000000e+02,3.333333333333333148e-01
2.600000000000000089e+00,1.507500000000000000e+02,5.555555555555554692e-01
2.600000000000000089e+00,1.512500000000000000e+02,3.333333333333333148e-01
2.600000000000000089e+00,1.517500000000000000e+02,2.222222222222221821e-01
2.600000000000000089e+00,1.522500000000000000e+02,1.111111111111110633e-01
2.600000000000000089e+00,1.527500000000000000e+02,2.222222222222221821e-01
2.600000000000000089e+00,1.532500000000000000e+02,2.222222222222221821e-01
2.600000000000000089e+00,1.537500000000000000e+02,2.222222222222221821e-01
2.600000000000000089e+00,1.542500000000000000e+02,1.111111111111110633e-01
2.600000000000000089e+00,1.547500000000000000e+02,1.111111111111110633e-01
2.600000000000000089e+00,1.552500000000000000e+02,-3.700743415417188263e-17
2.600000000000000089e+00,1.557500000000000000e+02,1.111111111111110633e-01
2.600000000000000089e+00,1.562500000000000000e+02,2.222222222222221821e-01
2.600000000000000089e+00,1.567500000000000000e+02,2.222222222222221821e-01
2.600000000000000089e+00,1.572500000000000000e+02,1.111111111111110633e-01
2.600000000000000089e+00,1.577500000000000000e+02,-3.700743415417188263e-17
2.600000000000000089e+00,1.582500000000000000e+02,1.111111111111110633e-01
2.600000000000000089e+00,1.587500000000000000e+02,1.111111111111110633e-01
2.600000000000000089e+00,1.592500000000000000e+02,3.333333333333332593e-01
2.600000000000000089e+00,1.597500000000000000e+02,3.333333333333332593e-01
2.600000000000000089e+00,1.602500000000000000e+02,4.444444444444443643e-01
2.600000000000000089e+00,1.607500000000000000e+02,2.222222222222221266e-01
2.600000000000000089e+00,1.612500000000000000e+02,2.222222222222221266e-01
2.600000000000000089e+00,1.617500000000000000e+02,1.111111111111110356e-01
2.600000000000000089e+00,1.622500000000000000e+02,2.222222222222221266e-01
2.600000000000000089e+00,1.627500000000000000e+02,2.222222222222221266e-01
2.600000000000000089e+00,1.632500000000000000e+02,3.333333333333332593e-01
2.600000000000000089e+00,1.637500000000000000e+02,3.333333333333332593e-01
2.600000000000000089e+00,1.642500000000000000e+02,2.222222222222221821e-01
2.600000000000000089e+00,1.647500000000000000e+02,1.111111111111110633e-01
2.600000000000000089e+00,1.652500000000000000e+02,1.111111111111110633e-01
2.600000000000000089e+00,1.657500000000000000e+02,1.111111111111110633e-01
2.600000000000000089e+00,1.662500000000000000e+02,1.111111111111110633e-01
2.600000000000000089e+00,1.667500000000000000e+02,1.111111111111110633e-01
2.600000000000000089e+00,1.672500000000000000e+02,1.111111111111110633e-01
2.600000000000000089e+00,1.677500000000000000e+02,1.111111111111110633e-01
2.600000000000000089e+00,1.682500000000000000e+02,2.222222222222221821e-01
2.600000000000000089e+00,1.687500000000000000e+02,2.222222222222221821e-01
2.600000000000000089e+00,1.692500000000000000e+02,2.222222222222221821e-01
2.600000000000000089e+00,1.697500000000000000e+02,1.111111111111110633e-01
2.600000000000000089e+00,1.702500000000000000e+02,2.222222222222221821e-01
2.600000000000000089e+00,1.707500000000000000e+02,5.555555555555554692e-01
2.600000000000000089e+00,1.712500000000000000e+02,4.444444444444444198e-01
2.600000000000000089e+00,1.717500000000000000e+02,3.333333333333333148e-01
2.600000000000000089e+00,1.722500000000000000e+02,0.000000000000000000e+00
2.600000000000000089e+00,1.727500000000000000e+02,0.000000000000000000e+00
2.600000000000000089e+00,1.732500000000000000e+02,1.111111111111111049e-01
2.600000000000000089e+00,1.737500000000000000e+02,1.111111111111111049e-01
2.600000000000000089e+00,1.742500000000000000e+02,1.111111111111111049e-01
2.600000000000000089e+00,1.747500000000000000e+02,0.000000000000000000e+00
2.600000000000000089e+00,1.752500000000000000e+02,0.000000000000000000e+00
2.600000000000000089e+00,1.757500000000000000e+02,0.000000000000000000e+00
2.600000000000000089e+00,1.762500000000000000e+02,0.000000000000000000e+00
2.600000000000000089e+00,1.767500000000000000e+02,0.000000000000000000e+00
2.600000000000000089e+00,1.772500000000000000e+02,0.000000000000000000e+00
2.600000000000000089e+00,1.777500000000000000e+02,0.000000000000000000e+00
2.600000000000000089e+00,1.782500000000000000e+02,0.000000000000000000e+00
2.600000000000000089e+00,1.787500000000000000e+02,0.000000000000000000e+00
2.600000000000000089e+00,1.792500000000000000e+02,0.000000000000000000e+00
2.600000000000000089e+00,1.797500000000000000e+02,0.000000000000000000e+00
2.616000000000000103e+00,1.302500000000000000e+02,0.000000000000000000e+00
2.616000000000000103e+00,1.307500000000000000e+02,0.000000000000000000e+00
2.616000000000000103e+00,1.312500000000000000e+02,1.111111111111111049e-01
2.616000000000000103e+00,1.317500000000000000e+02,1.111111111111111049e-01
2.616000000000000103e+00,1.322500000000000000e+02,1.111111111111111049e-01
2.616000000000000103e+00,1.327500000000000000e+02,1.111111111111111049e-01
2.616000000000000103e+00,1.332500000000000000e+02,2.222222222222222099e-01
2.616000000000000103e+00,1.337500000000000000e+02,2.222222222222222099e-01
2.616000000000000103e+00,1.342500000000000000e+02,1.111111111111111049e-01
2.616000000000000103e+00,1.347500000000000000e+02,0.000000000000000000e+00
2.616000000000000103e+00,1.352500000000000000e+02,0.000000000000000000e+00
2.616000000000000103e+00,1.357500000000000000e+02,0.000000000000000000e+00
2.616000000000000103e+00,1.362500000000000000e+02,2.222222222222222099e-01
2.616000000000000103e+00,1.367500000000000000e+02,4.444444444444444198e-01
2.616000000000000103e+00,1.372500000000000000e+02,7.777777777777776791e-01
2.616000000000000103e+00,1.377500000000000000e+02,6.666666666666666297e-01
2.616000000000000103e+00,1.382500000000000000e+02,7.777777777777776791e-01
2.616000000000000103e+00,1.387500000000000000e+02,5.555555555555554692e-01
2.616000000000000103e+00,1.392500000000000000e+02,5.555555555555554692e-01
2.616000000000000103e+00,1.397500000000000000e+02,2.222222222222220989e-01
2.616000000000000103e+00,1.402500000000000000e+02,4.444444444444443643e-01
2.616000000000000103e+00,1.407500000000000000e+02,5.555555555555554692e-01
2.616000000000000103e+00,1.412500000000000000e+02,5.555555555555554692e-01
2.616000000000000103e+00,1.417500000000000000e+02,2.222222222222220989e-01
2.616000000000000103e+00,1.422500000000000000e+02,-1.110223024625156540e-16
2.616000000000000103e+00,1.427500000000000000e+02,1.111111111111109939e-01
2.616000000000000103e+00,1.432500000000000000e+02,2.222222222222220989e-01
2.616000000000000103e+00,1.437500000000000000e+02,2.222222222222220989e-01
2.616000000000000103e+00,1.442500000000000000e+02,2.222222222222220989e-01
2.616000000000000103e+00,1.447500000000000000e+02,2.222222222222220989e-01
2.616000000000000103e+00,1.452500000000000000e+02,2.222222222222220989e-01
2.616000000000000103e+00,1.457500000000000000e+02,2.222222222222220989e-01
2.616000000000000103e+00,1.462500000000000000e+02,2.222222222222220989e-01
2.616000000000000103e+00,1.467500000000000000e+02,3.333333333333332038e-01
2.616000000000000103e+00,1.472500000000000000e+02,4.444444444444442532e-01
2.616000000000000103e+00,1.477500000000000000e+02,4.444444444444442532e-01
2.616000000000000103e+00,1.482500000000000000e+02,5.555555555555553582e-01
2.616000000000000103e+00,1.487500000000000000e+02,4.444444444444442532e-01
2.616000000000000103e+00,1.492500000000000000e+02,6.666666666666665186e-01
2.616000000000000103e+00,1.497500000000000000e+02,6.666666666666665186e-01
2.616000000000000103e+00,1.502500000000000000e+02,7.777777777777776791e-01
2.616000000000000103e+00,1.507500000000000000e+02,7.777777777777776791e-01
2.616000000000000103e+00,1.512500000000000000e+02,7.777777777777776791e-01
2.616000000000000103e+00,1.517500000000000000e+02,6.666666666666666297e-01
2.616000000000000103e+00,1.522500000000000000e+02,6.666666666666666297e-01
2.616000000000000103e+00,1.527500000000000000e+02,6.666666666666666297e-01
2.616000000000000103e+00,1.532500000000000000e+02,5.555555555555554692e-01
2.616000000000000103e+00,1.537500000000000000e+02,3.333333333333332593e-01
2.616000000000000103e+00,1.542500000000000000e+02,2.222222222222221821e-01
2.616000000000000103e+00,1.547500000000000000e+02,2.222222222222221821e-01
2.616000000000000103e+00,1.552500000000000000e+02,1.111111111111110633e-01
2.616000000000000103e+00,1.557500000000000000e+02,1.111111111111110633e-01
2.616000000000000103e+00,1.562500000000000000e+02,3.333333333333332593e-01
2.616000000000000103e+00,1.567500000000000000e+02,3.333333333333332593e-01
2.616000000000000103e+00,1.572500000000000000e+02,3.333333333333332593e-01
2.616000000000000103e+00,1.577500000000000000e+02,1.111111111111110494e-01
2.616000000000000103e+00,1.582500000000000000e+02,3.333333333333332593e-01
2.616000000000000103e+00,1.587500000000000000e+02,3.333333333333332593e-01
2.616000000000000103e+00,1.592500000000000000e+02,5.555555555555554692e-01
2.616000000000000103e+00,1.597500000000000000e+02,5.555555555555554692e-01
2.616000000000000103e+00,1.602500000000000000e+02,5.555555555555554692e-01
2.616000000000000103e+00,1.607500000000000000e+02,3.333333333333333148e-01
2.616000000000000103e+00,1.612500000000000000e+02,2.222222222222221821e-01
2.616000000000000103e+00,1.617500000000000000e+02,1.111111111111110633e-01
2.616000000000000103e+00,1.622500000000000000e+02,3.333333333333332593e-01
2.616000000000000103e+00,1.627500000000000000e+02,3.333333333333332593e-01
2.616000000000000103e+00,1.632500000000000000e+02,5.555555555555554692e-01
2.616000000000000103e+00,1.637500000000000000e+02,4.444444444444444198e-01
2.616000000000000103e+00,1.642500000000000000e+02,4.444444444444444198e-01
2.616000000000000103e+00,1.647500000000000000e+02,2.222222222222222099e-01
2.616000000000000103e+00,1.652500000000000000e+02,3.333333333333333148e-01
2.616000000000000103e+00,1.657500000000000000e+02,2.222222222222222376e-01
2.616000000000000103e+00,1.662500000000000000e+02,2.222222222222222376e-01
2.616000000000000103e+00,1.667500000000000000e+02,3.700743415417188263e-17
2.616000000000000103e+00,1.672500000000000000e+02,3.700743415417188263e-17
2.616000000000000103e+00,1.677500000000000000e+02,3.700743415417188263e-17
2.616000000000000103e+00,1.682500000000000000e+02,3.333333333333333148e-01
2.616000000000000103e+00,1.687500000000000000e+02,3.333333333333333148e-01
2.616000000000000103e+00,1.692500000000000000e+02,3.333333333333333148e-01
2.616000000000000103e+00,1.697500000000000000e+02,0.000000000000000000e+00
2.616000000000000103e+00,1.702500000000000000e+02,0.000000000000000000e+00
2.616000000000000103e+00,1.707500000000000000e+02,4.444444444444444198e-01
2.616000000000000103e+00,1.712500000000000000e+02,4.444444444444444198e-01
2.616000000000000103e+00,1.717500000000000000e+02,4.444444444444444198e-01
2.616000000000000103e+00,1.722500000000000000e+02,0.000000000000000000e+00
2.616000000000000103e+00,1.727500000000000000e+02,1.111111111111111049e-01
2.616000000000000103e+00,1.732500000000000000e+02,1.111111111111111049e-01
2.616000000000000103e+00,1.737500000000000000e+02,2.222222222222222099e-01
2.616000000000000103e+00,1.742500000000000000e+02,2.222222222222222099e-01
2.616000000000000103e+00,1.747500000000000000e+02,2.222222222222222099e-01
2.616000000000000103e+00,1.752500000000000000e+02,1.111111111111111049e-01
2.616000000000000103e+00,1.757500000000000000e+02,1.111111111111111049e-01
2.616000000000000103e+00,1.762500000000000000e+02,1.111111111111111049e-01
2.616000000000000103e+00,1.767500000000000000e+02,1.111111111111111049e-01
2.616000000000000103e+00,1.772500000000000000e+02,0.000000000000000000e+00
2.616000000000000103e+00,1.777500000000000000e+02,0.000000000000000000e+00
2.616000000000000103e+00,1.782500000000000000e+02,0.000000000000000000e+00
2.616000000000000103e+00,1.787500000000000000e+02,0.000000000000000000e+00
2.616000000000000103e+00,1.792500000000000000e+02,0.000000000000000000e+00
2.616000000000000103e+00,1.797500000000000000e+02,0.000000000000000000e+00
2.631999999999999673e+00,1.302500000000000000e+02,0.000000000000000000e+00
2.631999999999999673e+00,1.307500000000000000e+02,1.111111111111111049e-01
2.631999999999999673e+00,1.312500000000000000e+02,2.222222222222222099e-01
2.631999999999999673e+00,1.317500000000000000e+02,3.333333333333333148e-01
2.631999999999999673e+00,1.322500000000000000e+02,3.333333333333333148e-01
2.631999999999999673e+00,1.327500000000000000e+02,3.333333333333333148e-01
2.631999999999999673e+00,1.332500000000000000e+02,3.333333333333333148e-01
2.631999999999999673e+00,1.337500000000000000e+02,3.333333333333333148e-01
2.631999999999999673e+00,1.342500000000000000e+02,2.222222222222222376e-01
2.631999999999999673e+00,1.347500000000000000e+02,3.333333333333333148e-01
2.631999999999999673e+00,1.352500000000000000e+02,3.333333333333333148e-01
2.631999999999999673e+00,1.357500000000000000e+02,4.444444444444444198e-01
2.631999999999999673e+00,1.362500000000000000e+02,4.444444444444444198e-01
2.631999999999999673e+00,1.367500000000000000e+02,6.666666666666666297e-01
2.631999999999999673e+00,1.372500000000000000e+02,1.000000000000000000e+00
2.631999999999999673e+00,1.377500000000000000e+02,1.000000000000000000e+00
2.631999999999999673e+00,1.382500000000000000e+02,1.000000000000000000e+00
2.631999999999999673e+00,1.387500000000000000e+02,6.666666666666666297e-01
2.631999999999999673e+00,1.392500000000000000e+02,5.555555555555555802e-01
2.631999999999999673e+00,1.397500000000000000e+02,4.444444444444444753e-01
2.631999999999999673e+00,1.402500000000000000e+02,1.222222222222222099e+00
2.631999999999999673e+00,1.407500000000000000e+02,1.333333333333333259e+00
2.631999999999999673e+00,1.412500000000000000e+02,1.333333333333333259e+00
2.631999999999999673e+00,1.417500000000000000e+02,4.444444444444444753e-01
2.631999999999999673e+00,1.422500000000000000e+02,2.222222222222222932e-01
2.631999999999999673e+00,1.427500000000000000e+02,1.111111111111111743e-01
2.631999999999999673e+00,1.432500000000000000e+02,3.333333333333334259e-01
2.631999999999999673e+00,1.437500000000000000e+02,4.444444444444444753e-01
2.631999999999999673e+00,1.442500000000000000e+02,4.444444444444444753e-01
2.631999999999999673e+00,1.447500000000000000e+02,3.333333333333334259e-01
2.631999999999999673e+00,1.452500000000000000e+02,5.555555555555556912e-01
2.631999999999999673e+00,1.457500000000000000e+02,6.666666666666668517e-01
2.631999999999999673e+00,1.462500000000000000e+02,6.666666666666668517e-01
2.631999999999999673e+00,1.467500000000000000e+02,4.444444444444445863e-01
2.631999999999999673e+00,1.472500000000000000e+02,6.666666666666668517e-01
2.631999999999999673e+00,1.477500000000000000e+02,6.666666666666668517e-01
2.631999999999999673e+00,1.482500000000000000e+02,8.888888888888889506e-01
2.631999999999999673e+00,1.487500000000000000e+02,7.777777777777780122e-01
2.631999999999999673e+00,1.492500000000000000e+02,1.111111111111111382e+00
2.631999999999999673e+00,1.497500000000000000e+02,8.888888888888889506e-01
2.631999999999999673e+00,1.502500000000000000e+02,8.888888888888889506e-01
2.631999999999999673e+00,1.507500000000000000e+02,8.888888888888889506e-01
2.631999999999999673e+00,1.512500000000000000e+02,1.111111111111111382e+00
2.631999999999999673e+00,1.517500000000000000e+02,1.000000000000000222e+00
2.631999999999999673e+00,1.522500000000000000e+02,1.000000000000000222e+00
2.631999999999999673e+00,1.527500000000000000e+02,1.111111111111111382e+00
2.631999999999999673e+00,1.532500000000000000e+02,8.888888888888891726e-01
2.631999999999999673e+00,1.537500000000000000e+02,4.444444444444446973e-01
2.631999999999999673e+00,1.542500000000000000e+02,3.333333333333336479e-01
2.631999999999999673e+00,1.547500000000000000e+02,3.333333333333336479e-01
2.631999999999999673e+00,1.552500000000000000e+02,4.444444444444446973e-01
2.631999999999999673e+00,1.557500000000000000e+02,2.222222222222224597e-01
2.631999999999999673e+00,1.562500000000000000e+02,4.444444444444446418e-01
2.631999999999999673e+00,1.567500000000000000e+02,5.555555555555556912e-01
2.631999999999999673e+00,1.572500000000000000e+02,6.666666666666668517e-01
2.631999999999999673e+00,1.577500000000000000e+02,6.666666666666668517e-01
2.631999999999999673e+00,1.582500000000000000e+02,6.666666666666668517e-01
2.631999999999999673e+00,1.587500000000000000e+02,5.555555555555556912e-01
2.631999999999999673e+00,1.592500000000000000e+02,6.666666666666668517e-01
2.631999999999999673e+00,1.597500000000000000e+02,6.666666666666668517e-01
2.631999999999999673e+00,1.602500000000000000e+02,1.000000000000000222e+00
2.631999999999999673e+00,1.607500000000000000e+02,7.777777777777780122e-01
2.631999999999999673e+00,1.612500000000000000e+02,5.555555555555558023e-01
2.631999999999999673e+00,1.617500000000000000e+02,1.111111111111113825e-01
2.631999999999999673e+00,1.622500000000000000e+02,3.333333333333336479e-01
2.631999999999999673e+00,1.627500000000000000e+02,4.444444444444446973e-01
2.631999999999999673e+00,1.632500000000000000e+02,5.555555555555558023e-01
2.631999999999999673e+00,1.637500000000000000e+02,5.555555555555558023e-01
2.631999999999999673e+00,1.642500000000000000e+02,6.666666666666669627e-01
2.631999999999999673e+00,1.647500000000000000e+02,6.666666666666669627e-01
2.631999999999999673e+00,1.652500000000000000e+02,7.777777777777780122e-01
2.631999999999999673e+00,1.657500000000000000e+02,6.666666666666668517e-01
2.631999999999999673e+00,1.662500000000000000e+02,5.555555555555556912e-01
2.631999999999999673e+00,1.667500000000000000e+02,2.222222222222224042e-01
2.631999999999999673e+00,1.672500000000000000e+02,2.222222222222224042e-01
2.631999999999999673e+00,1.677500000000000000e+02,3.333333333333334814e-01
2.631999999999999673e+00,1.682500000000000000e+02,6.666666666666668517e-01
2.631999999999999673e+00,1.687500000000000000e+02,5.555555555555556912e-01
2.631999999999999673e+00,1.692500000000000000e+02,5.555555555555556912e-01
2.631999999999999673e+00,1.697500000000000000e+02,1.111111111111113131e-01
2.631999999999999673e+00,1.702500000000000000e+02,3.333333333333334814e-01
2.631999999999999673e+00,1.707500000000000000e+02,6.666666666666668517e-01
2.631999999999999673e+00,1.712500000000000000e+02,7.777777777777780122e-01
2.631999999999999673e+00,1.717500000000000000e+02,5.555555555555558023e-01
2.631999999999999673e+00,1.722500000000000000e+02,4.444444444444446973e-01
2.631999999999999673e+00,1.727500000000000000e+02,5.555555555555558023e-01
2.631999999999999673e+00,1.732500000000000000e+02,5.555555555555558023e-01
2.631999999999999673e+00,1.737500000000000000e+02,4.444444444444446418e-01
2.631999999999999673e+00,1.742500000000000000e+02,3.333333333333335369e-01
2.631999999999999673e+00,1.747500000000000000e+02,3.333333333333335369e-01
2.631999999999999673e+00,1.752500000000000000e+02,1.111111111111113409e-01
2.631999999999999673e+00,1.757500000000000000e+02,1.111111111111113409e-01
2.631999999999999673e+00,1.762500000000000000e+02,2.222222222222224597e-01
2.631999999999999673e+00,1.767500000000000000e+02,2.222222222222224597e-01
2.631999999999999673e+00,1.772500000000000000e+02,1.111111111111113686e-01
2.631999999999999673e+00,1.777500000000000000e+02,2.590520390792032092e-16
2.631999999999999673e+00,1.782500000000000000e+02,2.590520390792032092e-16
2.631999999999999673e+00,1.787500000000000000e+02,2.590520390792032092e-16
2.631999999999999673e+00,1.792500000000000000e+02,2.590520390792032092e-16
2.631999999999999673e+00,1.797500000000000000e+02,2.590520390792032092e-16
2.647999999999999687e+00,1.302500000000000000e+02,1.111111111111111049e-01
2.647999999999999687e+00,1.307500000000000000e+02,2.222222222222222099e-01
2.647999999999999687e+00,1.312500000000000000e+02,3.333333333333333148e-01
2.647999999999999687e+00,1.317500000000000000e+02,4.444444444444444198e-01
2.647999999999999687e+00,1.322500000000000000e+02,4.444444444444444198e-01
2.647999999999999687e+00,1.327500000000000000e+02,5.555555555555554692e-01
2.647999999999999687e+00,1.332500000000000000e+02,5.555555555555554692e-01
2.647999999999999687e+00,1.337500000000000000e+02,5.555555555555554692e-01
2.647999999999999687e+00,1.342500000000000000e+02,4.444444444444444198e-01
2.647999999999999687e+00,1.347500000000000000e+02,5.555555555555554692e-01
2.647999999999999687e+00,1.352500000000000000e+02,6.666666666666666297e-01
2.647999999999999687e+00,1.357500000000000000e+02,8.888888888888888395e-01
2.647999999999999687e+00,1.362500000000000000e+02,7.777777777777776791e-01
2.647999999999999687e+00,1.367500000000000000e+02,9.999999999999998890e-01
2.647999999999999687e+00,1.372500000000000000e+02,1.333333333333333259e+00
2.647999999999999687e+00,1.377500000000000000e+02,1.444444444444444420e+00
2.647999999999999687e+00,1.382500000000000000e+02,1.222222222222222099e+00
2.647999999999999687e+00,1.387500000000000000e+02,6.666666666666666297e-01
2.647999999999999687e+00,1.392500000000000000e+02,6.666666666666666297e-01
2.647999999999999687e+00,1.397500000000000000e+02,7.777777777777776791e-01
2.647999999999999687e+00,1.402500000000000000e+02,1.555555555555555358e+00
2.647999999999999687e+00,1.407500000000000000e+02,1.555555555555555358e+00
2.647999999999999687e+00,1.412500000000000000e+02,1.555555555555555358e+00
2.647999999999999687e+00,1.417500000000000000e+02,6.666666666666665186e-01
2.647999999999999687e+00,1.422500000000000000e+02,4.444444444444442532e-01
2.647999999999999687e+00,1.427500000000000000e+02,2.222222222222220156e-01
2.647999999999999687e+00,1.432500000000000000e+02,4.444444444444441977e-01
2.647999999999999687e+00,1.437500000000000000e+02,5.555555555555552472e-01
2.647999999999999687e+00,1.442500000000000000e+02,7.777777777777775681e-01
2.647999999999999687e+00,1.447500000000000000e+02,6.666666666666664076e-01
2.647999999999999687e+00,1.452500000000000000e+02,7.777777777777775681e-01
2.647999999999999687e+00,1.457500000000000000e+02,6.666666666666664076e-01
2.647999999999999687e+00,1.462500000000000000e+02,7.777777777777775681e-01
2.647999999999999687e+00,1.467500000000000000e+02,7.777777777777775681e-01
2.647999999999999687e+00,1.472500000000000000e+02,1.111111111111110938e+00
2.647999999999999687e+00,1.477500000000000000e+02,1.333333333333333037e+00
2.647999999999999687e+00,1.482500000000000000e+02,1.444444444444443976e+00
2.647999999999999687e+00,1.487500000000000000e+02,1.222222222222221655e+00
2.647999999999999687e+00,1.492500000000000000e+02,1.666666666666666075e+00
2.647999999999999687e+00,1.497500000000000000e+02,1.444444444444443754e+00
2.647999999999999687e+00,1.502500000000000000e+02,1.666666666666666075e+00
2.647999999999999687e+00,1.507500000000000000e+02,1.222222222222221655e+00
2.647999999999999687e+00,1.512500000000000000e+02,1.444444444444443976e+00
2.647999999999999687e+00,1.517500000000000000e+02,1.444444444444443976e+00
2.647999999999999687e+00,1.522500000000000000e+02,1.555555555555555358e+00
2.647999999999999687e+00,1.527500000000000000e+02,1.555555555555555358e+00
2.647999999999999687e+00,1.532500000000000000e+02,1.222222222222222099e+00
2.647999999999999687e+00,1.537500000000000000e+02,8.888888888888887285e-01
2.647999999999999687e+00,1.542500000000000000e+02,9.999999999999998890e-01
2.647999999999999687e+00,1.547500000000000000e+02,1.111111111111110938e+00
2.647999999999999687e+00,1.552500000000000000e+02,1.222222222222222099e+00
2.647999999999999687e+00,1.557500000000000000e+02,7.777777777777776791e-01
2.647999999999999687e+00,1.562500000000000000e+02,6.666666666666665186e-01
2.647999999999999687e+00,1.567500000000000000e+02,7.777777777777776791e-01
2.647999999999999687e+00,1.572500000000000000e+02,1.111111111111110938e+00
2.647999999999999687e+00,1.577500000000000000e+02,1.444444444444444420e+00
2.647999999999999687e+00,1.582500000000000000e+02,1.333333333333333259e+00
2.647999999999999687e+00,1.587500000000000000e+02,1.444444444444444642e+00
2.647999999999999687e+00,1.592500000000000000e+02,1.555555555555555580e+00
2.647999999999999687e+00,1.597500000000000000e+02,1.555555555555555580e+00
2.647999999999999687e+00,1.602500000000000000e+02,1.333333333333333259e+00
2.647999999999999687e+00,1.607500000000000000e+02,1.000000000000000000e+00
2.647999999999999687e+00,1.612500000000000000e+02,1.111111111111110938e+00
2.647999999999999687e+00,1.617500000000000000e+02,1.111111111111110938e+00
2.647999999999999687e+00,1.622500000000000000e+02,1.222222222222222099e+00
2.647999999999999687e+00,1.627500000000000000e+02,1.222222222222222099e+00
2.647999999999999687e+00,1.632500000000000000e+02,9.999999999999996669e-01
2.647999999999999687e+00,1.637500000000000000e+02,1.222222222222222099e+00
2.647999999999999687e+00,1.642500000000000000e+02,9.999999999999998890e-01
2.647999999999999687e+00,1.647500000000000000e+02,1.111111111111110938e+00
2.647999999999999687e+00,1.652500000000000000e+02,8.888888888888887285e-01
2.647999999999999687e+00,1.657500000000000000e+02,8.888888888888887285e-01
2.647999999999999687e+00,1.662500000000000000e+02,8.888888888888887285e-01
2.647999999999999687e+00,1.667500000000000000e+02,7.777777777777776791e-01
2.647999999999999687e+00,1.672500000000000000e+02,7.777777777777776791e-01
2.647999999999999687e+00,1.677500000000000000e+02,7.777777777777776791e-01
2.647999999999999687e+00,1.682500000000000000e+02,7.777777777777776791e-01
2.647999999999999687e+00,1.687500000000000000e+02,8.888888888888888395e-01
2.647999999999999687e+00,1.692500000000000000e+02,8.888888888888888395e-01
2.647999999999999687e+00,1.697500000000000000e+02,5.555555555555554692e-01
2.647999999999999687e+00,1.702500000000000000e+02,6.666666666666666297e-01
2.647999999999999687e+00,1.707500000000000000e+02,8.888888888888888395e-01
2.647999999999999687e+00,1.712500000000000000e+02,1.222222222222222099e+00
2.647999999999999687e+00,1.717500000000000000e+02,7.777777777777776791e-01
2.647999999999999687e+00,1.722500000000000000e+02,6.666666666666666297e-01
2.647999999999999687e+00,1.727500000000000000e+02,5.555555555555554692e-01
2.647999999999999687e+00,1.732500000000000000e+02,5.555555555555554692e-01
2.647999999999999687e+00,1.737500000000000000e+02,4.444444444444443643e-01
2.647999999999999687e+00,1.742500000000000000e+02,6.666666666666665186e-01
2.647999999999999687e+00,1.747500000000000000e+02,6.666666666666665186e-01
2.647999999999999687e+00,1.752500000000000000e+02,4.444444444444443643e-01
2.647999999999999687e+00,1.757500000000000000e+02,1.111111111111110078e-01
2.647999999999999687e+00,1.762500000000000000e+02,3.333333333333332038e-01
2.647999999999999687e+00,1.767500000000000000e+02,3.333333333333332038e-01
2.647999999999999687e+00,1.772500000000000000e+02,2.222222222222220989e-01
2.647999999999999687e+00,1.777500000000000000e+02,-1.110223024625156540e-16
2.647999999999999687e+00,1.782500000000000000e+02,1.111111111111109939e-01
2.647999999999999687e+00,1.787500000000000000e+02,1.111111111111109939e-01
2.647999999999999687e+00,1.792500000000000000e+02,1.111111111111109939e-01
2.647999999999999687e+00,1.797500000000000000e+02,-1.110223024625156540e-16
2.663999999999999702e+00,1.302500000000000000e+02,3.333333333333333148e-01
2.663999999999999702e+00,1.307500000000000000e+02,5.555555555555555802e-01
2.663999999999999702e+00,1.312500000000000000e+02,4.444444444444444753e-01
2.663999999999999702e+00,1.317500000000000000e+02,6.666666666666666297e-01
2.663999999999999702e+00,1.322500000000000000e+02,5.555555555555554692e-01
2.663999999999999702e+00,1.327500000000000000e+02,1.111111111111110938e+00
2.663999999999999702e+00,1.332500000000000000e+02,8.888888888888887285e-01
2.663999999999999702e+00,1.337500000000000000e+02,7.777777777777775681e-01
2.663999999999999702e+00,1.342500000000000000e+02,4.444444444444441977e-01
2.663999999999999702e+00,1.347500000000000000e+02,9.999999999999996669e-01
2.663999999999999702e+00,1.352500000000000000e+02,1.222222222222222099e+00
2.663999999999999702e+00,1.357500000000000000e+02,1.444444444444444420e+00
2.663999999999999702e+00,1.362500000000000000e+02,9.999999999999998890e-01
2.663999999999999702e+00,1.367500000000000000e+02,9.999999999999998890e-01
2.663999999999999702e+00,1.372500000000000000e+02,1.333333333333333259e+00
2.663999999999999702e+00,1.377500000000000000e+02,1.444444444444444420e+00
2.663999999999999702e+00,1.382500000000000000e+02,1.333333333333333259e+00
2.663999999999999702e+00,1.387500000000000000e+02,7.777777777777775681e-01
2.663999999999999702e+00,1.392500000000000000e+02,1.333333333333333037e+00
2.663999999999999702e+00,1.397500000000000000e+02,1.666666666666666297e+00
2.663999999999999702e+00,1.402500000000000000e+02,2.555555555555555358e+00
2.663999999999999702e+00,1.407500000000000000e+02,1.888888888888888618e+00
2.663999999999999702e+00,1.412500000000000000e+02,2.111111111111111160e+00
2.663999999999999702e+00,1.417500000000000000e+02,1.111111111111110938e+00
2.663999999999999702e+00,1.422500000000000000e+02,1.111111111111110938e+00
2.663999999999999702e+00,1.427500000000000000e+02,5.555555555555553582e-01
2.663999999999999702e+00,1.432500000000000000e+02,7.777777777777776791e-01
2.663999999999999702e+00,1.437500000000000000e+02,8.888888888888888395e-01
2.663999999999999702e+00,1.442500000000000000e+02,1.333333333333333259e+00
2.663999999999999702e+00,1.447500000000000000e+02,1.222222222222222099e+00
2.663999999999999702e+00,1.452500000000000000e+02,1.222222222222222099e+00
2.663999999999999702e+00,1.457500000000000000e+02,8.888888888888888395e-01
2.663999999999999702e+00,1.462500000000000000e+02,1.111111111111110938e+00
2.663999999999999702e+00,1.467500000000000000e+02,1.444444444444444420e+00
2.663999999999999702e+00,1.472500000000000000e+02,2.222222222222221877e+00
2.663999999999999702e+00,1.477500000000000000e+02,2.333333333333333481e+00
2.663999999999999702e+00,1.482500000000000000e+02,2.666666666666666519e+00
2.663999999999999702e+00,1.487500000000000000e+02,2.111111111111111160e+00
2.663999999999999702e+00,1.492500000000000000e+02,2.444444444444444198e+00
2.663999999999999702e+00,1.497500000000000000e+02,1.888888888888888618e+00
2.663999999999999702e+00,1.502500000000000000e+02,1.888888888888888618e+00
2.663999999999999702e+00,1.507500000000000000e+02,1.555555555555555358e+00
2.663999999999999702e+00,1.512500000000000000e+02,1.666666666666666741e+00
2.663999999999999702e+00,1.517500000000000000e+02,2.333333333333333481e+00
2.663999999999999702e+00,1.522500000000000000e+02,2.444444444444444198e+00
2.663999999999999702e+00,1.527500000000000000e+02,2.777777777777777235e+00
2.663999999999999702e+00,1.532500000000000000e+02,1.777777777777777457e+00
2.663999999999999702e+00,1.537500000000000000e+02,1.555555555555555136e+00
2.663999999999999702e+00,1.542500000000000000e+02,1.444444444444443976e+00
2.663999999999999702e+00,1.547500000000000000e+02,1.999999999999999778e+00
2.663999999999999702e+00,1.552500000000000000e+02,2.111111111111110716e+00
2.663999999999999702e+00,1.557500000000000000e+02,1.555555555555555136e+00
2.663999999999999702e+00,1.562500000000000000e+02,1.222222222222221655e+00
2.663999999999999702e+00,1.567500000000000000e+02,1.444444444444443976e+00
2.663999999999999702e+00,1.572500000000000000e+02,2.222222222222221877e+00
2.663999999999999702e+00,1.577500000000000000e+02,2.555555555555555358e+00
2.663999999999999702e+00,1.582500000000000000e+02,2.333333333333333037e+00
2.663999999999999702e+00,1.587500000000000000e+02,1.999999999999999778e+00
2.663999999999999702e+00,1.592500000000000000e+02,2.111111111111110716e+00
2.663999999999999702e+00,1.597500000000000000e+02,1.888888888888888395e+00
2.663999999999999702e+00,1.602500000000000000e+02,2.222222222222221877e+00
2.663999999999999702e+00,1.607500000000000000e+02,1.888888888888888395e+00
2.663999999999999702e+00,1.612500000000000000e+02,2.444444444444444198e+00
2.663999999999999702e+00,1.617500000000000000e+02,1.999999999999999778e+00
2.663999999999999702e+00,1.622500000000000000e+02,1.999999999999999778e+00
2.663999999999999702e+00,1.627500000000000000e+02,1.777777777777777457e+00
2.663999999999999702e+00,1.632500000000000000e+02,2.333333333333333037e+00
2.663999999999999702e+00,1.637500000000000000e+02,2.555555555555555358e+00
2.663999999999999702e+00,1.642500000000000000e+02,2.666666666666666519e+00
2.663999999999999702e+00,1.647500000000000000e+02,1.777777777777777679e+00
2.663999999999999702e+00,1.652500000000000000e+02,1.333333333333333259e+00
2.663999999999999702e+00,1.657500000000000000e+02,9.999999999999996669e-01
2.663999999999999702e+00,1.662500000000000000e+02,9.999999999999996669e-01
2.663999999999999702e+00,1.667500000000000000e+02,1.444444444444443976e+00
2.663999999999999702e+00,1.672500000000000000e+02,1.333333333333333037e+00
2.663999999999999702e+00,1.677500000000000000e+02,1.777777777777777457e+00
2.663999999999999702e+00,1.682500000000000000e+02,1.222222222222221655e+00
2.663999999999999702e+00,1.687500000000000000e+02,1.666666666666666075e+00
2.663999999999999702e+00,1.692500000000000000e+02,1.555555555555555136e+00
2.663999999999999702e+00,1.697500000000000000e+02,1.444444444444443976e+00
2.663999999999999702e+00,1.702500000000000000e+02,1.222222222222221655e+00
2.663999999999999702e+00,1.707500000000000000e+02,1.111111111111110494e+00
2.663999999999999702e+00,1.712500000000000000e+02,1.555555555555555136e+00
2.663999999999999702e+00,1.717500000000000000e+02,1.333333333333332815e+00
2.663999999999999702e+00,1.722500000000000000e+02,1.222222222222221655e+00
2.663999999999999702e+00,1.727500000000000000e+02,1.111111111111110494e+00
2.663999999999999702e+00,1.732500000000000000e+02,7.777777777777772350e-01
2.663999999999999702e+00,1.737500000000000000e+02,6.666666666666660745e-01
2.663999999999999702e+00,1.742500000000000000e+02,9.999999999999994449e-01
2.663999999999999702e+00,1.747500000000000000e+02,1.111111111111110494e+00
2.663999999999999702e+00,1.752500000000000000e+02,8.888888888888883955e-01
2.663999999999999702e+00,1.757500000000000000e+02,1.111111111111105637e-01
2.663999999999999702e+00,1.762500000000000000e+02,3.333333333333328152e-01
2.663999999999999702e+00,1.767500000000000000e+02,3.333333333333328152e-01
2.663999999999999702e+00,1.772500000000000000e+02,4.444444444444439202e-01
2.663999999999999702e+00,1.777500000000000000e+02,1.111111111111105637e-01
2.663999999999999702e+00,1.782500000000000000e+02,2.222222222222216548e-01
2.663999999999999702e+00,1.787500000000000000e+02,1.111111111111105498e-01
2.663999999999999702e+00,1.792500000000000000e+02,1.111111111111105498e-01
2.663999999999999702e+00,1.797500000000000000e+02,-5.551115123125782702e-16
2.679999999999999716e+00,1.302500000000000000e+02,1.000000000000000000e+00
2.679999999999999716e+00,1.307500000000000000e+02,1.111111111111110938e+00
2.679999999999999716e+00,1.312500000000000000e+02,1.222222222222222099e+00
2.679999999999999716e+00,1.317500000000000000e+02,1.333333333333333037e+00
2.679999999999999716e+00,1.322500000000000000e+02,1.111111111111110938e+00
2.679999999999999716e+00,1.327500000000000000e+02,1.777777777777777457e+00
2.679999999999999716e+00,1.332500000000000000e+02,1.555555555555555136e+00
2.679999999999999716e+00,1.337500000000000000e+02,1.444444444444443976e+00
2.679999999999999716e+00,1.342500000000000000e+02,6.666666666666661856e-01
2.679999999999999716e+00,1.347500000000000000e+02,9.999999999999995559e-01
2.679999999999999716e+00,1.352500000000000000e+02,1.444444444444443976e+00
2.679999999999999716e+00,1.357500000000000000e+02,1.888888888888888618e+00
2.679999999999999716e+00,1.362500000000000000e+02,1.777777777777777457e+00
2.679999999999999716e+00,1.367500000000000000e+02,1.444444444444443976e+00
2.679999999999999716e+00,1.372500000000000000e+02,1.444444444444443976e+00
2.679999999999999716e+00,1.377500000000000000e+02,1.333333333333333037e+00
2.679999999999999716e+00,1.382500000000000000e+02,1.777777777777777457e+00
2.679999999999999716e+00,1.387500000000000000e+02,1.444444444444443976e+00
2.679999999999999716e+00,1.392500000000000000e+02,2.111111111111110716e+00
2.679999999999999716e+00,1.397500000000000000e+02,1.999999999999999778e+00
2.679999999999999716e+00,1.402500000000000000e+02,2.111111111111110716e+00
2.679999999999999716e+00,1.407500000000000000e+02,1.555555555555555136e+00
2.679999999999999716e+00,1.412500000000000000e+02,1.666666666666666075e+00
2.679999999999999716e+00,1.417500000000000000e+02,1.555555555555554692e+00
2.679999999999999716e+00,1.422500000000000000e+02,1.555555555555554692e+00
2.679999999999999716e+00,1.427500000000000000e+02,1.444444444444443754e+00
2.679999999999999716e+00,1.432500000000000000e+02,1.444444444444443754e+00
2.679999999999999716e+00,1.437500000000000000e+02,1.444444444444443754e+00
2.679999999999999716e+00,1.442500000000000000e+02,1.777777777777777013e+00
2.679999999999999716e+00,1.447500000000000000e+02,1.777777777777777013e+00
2.679999999999999716e+00,1.452500000000000000e+02,1.555555555555554692e+00
2.679999999999999716e+00,1.457500000000000000e+02,1.222222222222221433e+00
2.679999999999999716e+00,1.462500000000000000e+02,1.666666666666665853e+00
2.679999999999999716e+00,1.467500000000000000e+02,2.333333333333332593e+00
2.679999999999999716e+00,1.472500000000000000e+02,3.111111111111110272e+00
2.679999999999999716e+00,1.477500000000000000e+02,2.888888888888887951e+00
2.679999999999999716e+00,1.482500000000000000e+02,2.999999999999999556e+00
2.679999999999999716e+00,1.487500000000000000e+02,2.444444444444444198e+00
2.679999999999999716e+00,1.492500000000000000e+02,2.777777777777777235e+00
2.679999999999999716e+00,1.497500000000000000e+02,2.555555555555555358e+00
2.679999999999999716e+00,1.502500000000000000e+02,2.777777777777777235e+00
2.679999999999999716e+00,1.507500000000000000e+02,2.555555555555555358e+00
2.679999999999999716e+00,1.512500000000000000e+02,2.444444444444444198e+00
2.679999999999999716e+00,1.517500000000000000e+02,3.000000000000000000e+00
2.679999999999999716e+00,1.522500000000000000e+02,3.444444444444444198e+00
2.679999999999999716e+00,1.527500000000000000e+02,3.555555555555555358e+00
2.679999999999999716e+00,1.532500000000000000e+02,2.222222222222221877e+00
2.679999999999999716e+00,1.537500000000000000e+02,1.888888888888888618e+00
2.679999999999999716e+00,1.542500000000000000e+02,2.444444444444444198e+00
2.679999999999999716e+00,1.547500000000000000e+02,3.222222222222221877e+00
2.679999999999999716e+00,1.552500000000000000e+02,3.444444444444444198e+00
2.679999999999999716e+00,1.557500000000000000e+02,2.777777777777777235e+00
2.679999999999999716e+00,1.562500000000000000e+02,2.777777777777777235e+00
2.679999999999999716e+00,1.567500000000000000e+02,2.555555555555554914e+00
2.679999999999999716e+00,1.572500000000000000e+02,3.555555555555554914e+00
2.679999999999999716e+00,1.577500000000000000e+02,3.444444444444443310e+00
2.679999999999999716e+00,1.582500000000000000e+02,3.777777777777776791e+00
2.679999999999999716e+00,1.587500000000000000e+02,3.333333333333332149e+00
2.679999999999999716e+00,1.592500000000000000e+02,3.444444444444443310e+00
2.679999999999999716e+00,1.597500000000000000e+02,2.888888888888887951e+00
2.679999999999999716e+00,1.602500000000000000e+02,2.555555555555554914e+00
2.679999999999999716e+00,1.607500000000000000e+02,2.777777777777776791e+00
2.679999999999999716e+00,1.612500000000000000e+02,3.555555555555554914e+00
2.679999999999999716e+00,1.617500000000000000e+02,3.444444444444444198e+00
2.679999999999999716e+00,1.622500000000000000e+02,2.888888888888888840e+00
2.679999999999999716e+00,1.627500000000000000e+02,2.444444444444444198e+00
2.679999999999999716e+00,1.632500000000000000e+02,3.444444444444444198e+00
2.679999999999999716e+00,1.637500000000000000e+02,3.666666666666666075e+00
2.679999999999999716e+00,1.642500000000000000e+02,3.555555555555554914e+00
2.679999999999999716e+00,1.647500000000000000e+02,2.333333333333332593e+00
2.679999999999999716e+00,1.652500000000000000e+02,1.777777777777777457e+00
2.679999999999999716e+00,1.657500000000000000e+02,1.888888888888888618e+00
2.679999999999999716e+00,1.662500000000000000e+02,2.555555555555555358e+00
2.679999999999999716e+00,1.667500000000000000e+02,2.888888888888888840e+00
2.679999999999999716e+00,1.672500000000000000e+02,2.555555555555555358e+00
2.679999999999999716e+00,1.677500000000000000e+02,2.444444444444444198e+00
2.679999999999999716e+00,1.682500000000000000e+02,1.888888888888888618e+00
2.679999999999999716e+00,1.687500000000000000e+02,2.111111111111110716e+00
2.679999999999999716e+00,1.692500000000000000e+02,1.666666666666666075e+00
2.679999999999999716e+00,1.697500000000000000e+02,1.777777777777777013e+00
2.679999999999999716e+00,1.702500000000000000e+02,1.333333333333332815e+00
2.679999999999999716e+00,1.707500000000000000e+02,1.444444444444443976e+00
2.679999999999999716e+00,1.712500000000000000e+02,1.666666666666666297e+00
2.679999999999999716e+00,1.717500000000000000e+02,1.555555555555555358e+00
2.679999999999999716e+00,1.722500000000000000e+02,7.777777777777775681e-01
2.679999999999999716e+00,1.727500000000000000e+02,1.111111111111110938e+00
2.679999999999999716e+00,1.732500000000000000e+02,7.777777777777776791e-01
2.679999999999999716e+00,1.737500000000000000e+02,8.888888888888888395e-01
2.679999999999999716e+00,1.742500000000000000e+02,1.333333333333333259e+00
2.679999999999999716e+00,1.747500000000000000e+02,1.555555555555555358e+00
2.679999999999999716e+00,1.752500000000000000e+02,1.444444444444444420e+00
2.679999999999999716e+00,1.757500000000000000e+02,2.222222222222221821e-01
2.679999999999999716e+00,1.762500000000000000e+02,2.222222222222221821e-01
2.679999999999999716e+00,1.767500000000000000e+02,2.222222222222221821e-01
2.679999999999999716e+00,1.772500000000000000e+02,4.444444444444443643e-01
2.679999999999999716e+00,1.777500000000000000e+02,3.333333333333332593e-01
2.679999999999999716e+00,1.782500000000000000e+02,5.555555555555554692e-01
2.679999999999999716e+00,1.787500000000000000e+02,3.333333333333333148e-01
2.679999999999999716e+00,1.792500000000000000e+02,2.222222222222221821e-01
2.679999999999999716e+00,1.797500000000000000e+02,-3.700743415417188263e-17
2.695999999999999730e+00,1.302500000000000000e+02,1.444444444444444420e+00
2.695999999999999730e+00,1.307500000000000000e+02,1.777777777777777679e+00
2.695999999999999730e+00,1.312500000000000000e+02,2.000000000000000000e+00
2.695999999999999730e+00,1.317500000000000000e+02,1.888888888888888618e+00
2.695999999999999730e+00,1.322500000000000000e+02,1.333333333333333037e+00
2.695999999999999730e+00,1.327500000000000000e+02,1.999999999999999778e+00
2.695999999999999730e+00,1.332500000000000000e+02,1.666666666666666297e+00
2.695999999999999730e+00,1.337500000000000000e+02,1.888888888888888618e+00
2.695999999999999730e+00,1.342500000000000000e+02,1.111111111111110938e+00
2.695999999999999730e+00,1.347500000000000000e+02,1.666666666666666741e+00
2.695999999999999730e+00,1.352500000000000000e+02,2.000000000000000000e+00
2.695999999999999730e+00,1.357500000000000000e+02,2.222222222222222321e+00
2.695999999999999730e+00,1.362500000000000000e+02,2.444444444444444642e+00
2.695999999999999730e+00,1.367500000000000000e+02,2.333333333333333481e+00
2.695999999999999730e+00,1.372500000000000000e+02,2.333333333333333481e+00
2.695999999999999730e+00,1.377500000000000000e+02,2.333333333333333481e+00
2.695999999999999730e+00,1.382500000000000000e+02,2.666666666666666519e+00
2.695999999999999730e+00,1.387500000000000000e+02,2.777777777777777235e+00
2.695999999999999730e+00,1.392500000000000000e+02,2.777777777777777235e+00
2.695999999999999730e+00,1.397500000000000000e+02,2.555555555555555358e+00
2.695999999999999730e+00,1.402500000000000000e+02,2.444444444444444198e+00
2.695999999999999730e+00,1.407500000000000000e+02,2.444444444444444198e+00
2.695999999999999730e+00,1.412500000000000000e+02,2.777777777777777235e+00
2.695999999999999730e+00,1.417500000000000000e+02,2.555555555555554914e+00
2.695999999999999730e+00,1.422500000000000000e+02,2.444444444444444198e+00
2.695999999999999730e+00,1.427500000000000000e+02,2.666666666666666075e+00
2.695999999999999730e+00,1.432500000000000000e+02,2.666666666666666075e+00
2.695999999999999730e+00,1.437500000000000000e+02,2.444444444444443754e+00
2.695999999999999730e+00,1.442500000000000000e+02,2.333333333333332593e+00
2.695999999999999730e+00,1.447500000000000000e+02,2.444444444444443754e+00
2.695999999999999730e+00,1.452500000000000000e+02,2.555555555555554914e+00
2.695999999999999730e+00,1.457500000000000000e+02,2.444444444444443754e+00
2.695999999999999730e+00,1.462500000000000000e+02,3.111111111111110716e+00
2.695999999999999730e+00,1.467500000000000000e+02,3.888888888888887951e+00
2.695999999999999730e+00,1.472500000000000000e+02,3.999999999999998668e+00
2.695999999999999730e+00,1.477500000000000000e+02,3.222222222222221433e+00
2.695999999999999730e+00,1.482500000000000000e+02,3.222222222222221433e+00
2.695999999999999730e+00,1.487500000000000000e+02,3.333333333333332593e+00
2.695999999999999730e+00,1.492500000000000000e+02,3.555555555555554914e+00
2.695999999999999730e+00,1.497500000000000000e+02,3.444444444444444198e+00
2.695999999999999730e+00,1.502500000000000000e+02,4.111111111111110716e+00
2.695999999999999730e+00,1.507500000000000000e+02,4.222222222222221433e+00
2.695999999999999730e+00,1.512500000000000000e+02,4.555555555555554470e+00
2.695999999999999730e+00,1.517500000000000000e+02,4.444444444444443754e+00
2.695999999999999730e+00,1.522500000000000000e+02,5.111111111111110716e+00
2.695999999999999730e+00,1.527500000000000000e+02,4.555555555555555358e+00
2.695999999999999730e+00,1.532500000000000000e+02,3.000000000000000000e+00
2.695999999999999730e+00,1.537500000000000000e+02,2.555555555555555358e+00
2.695999999999999730e+00,1.542500000000000000e+02,3.555555555555555358e+00
2.695999999999999730e+00,1.547500000000000000e+02,4.555555555555555358e+00
2.695999999999999730e+00,1.552500000000000000e+02,5.333333333333333037e+00
2.695999999999999730e+00,1.557500000000000000e+02,4.777777777777777679e+00
2.695999999999999730e+00,1.562500000000000000e+02,5.000000000000000000e+00
2.695999999999999730e+00,1.567500000000000000e+02,4.888888888888888395e+00
2.695999999999999730e+00,1.572500000000000000e+02,5.444444444444443754e+00
2.695999999999999730e+00,1.577500000000000000e+02,5.333333333333333037e+00
2.695999999999999730e+00,1.582500000000000000e+02,5.222222222222221433e+00
2.695999999999999730e+00,1.587500000000000000e+02,4.444444444444443754e+00
2.695999999999999730e+00,1.592500000000000000e+02,4.555555555555555358e+00
2.695999999999999730e+00,1.597500000000000000e+02,4.444444444444443754e+00
2.695999999999999730e+00,1.602500000000000000e+02,5.111111111111110716e+00
2.695999999999999730e+00,1.607500000000000000e+02,4.888888888888888395e+00
2.695999999999999730e+00,1.612500000000000000e+02,4.555555555555554470e+00
2.695999999999999730e+00,1.617500000000000000e+02,4.111111111111110716e+00
2.695999999999999730e+00,1.622500000000000000e+02,3.777777777777777235e+00
2.695999999999999730e+00,1.627500000000000000e+02,4.222222222222222321e+00
2.695999999999999730e+00,1.632500000000000000e+02,5.111111111111110716e+00
2.695999999999999730e+00,1.637500000000000000e+02,5.333333333333333037e+00
2.695999999999999730e+00,1.642500000000000000e+02,4.888888888888888395e+00
2.695999999999999730e+00,1.647500000000000000e+02,3.777777777777777235e+00
2.695999999999999730e+00,1.652500000000000000e+02,3.222222222222221877e+00
2.695999999999999730e+00,1.657500000000000000e+02,3.333333333333333481e+00
2.695999999999999730e+00,1.662500000000000000e+02,3.666666666666666519e+00
2.695999999999999730e+00,1.667500000000000000e+02,4.333333333333333037e+00
2.695999999999999730e+00,1.672500000000000000e+02,3.888888888888888840e+00
2.695999999999999730e+00,1.677500000000000000e+02,4.000000000000000000e+00
2.695999999999999730e+00,1.682500000000000000e+02,3.111111111111110716e+00
2.695999999999999730e+00,1.687500000000000000e+02,3.888888888888888840e+00
2.695999999999999730e+00,1.692500000000000000e+02,3.000000000000000000e+00
2.695999999999999730e+00,1.697500000000000000e+02,3.222222222222221877e+00
2.695999999999999730e+00,1.702500000000000000e+02,2.111111111111111160e+00
2.695999999999999730e+00,1.707500000000000000e+02,2.444444444444444198e+00
2.695999999999999730e+00,1.712500000000000000e+02,2.444444444444444198e+00
2.695999999999999730e+00,1.717500000000000000e+02,2.555555555555555358e+00
2.695999999999999730e+00,1.722500000000000000e+02,1.888888888888888618e+00
2.695999999999999730e+00,1.727500000000000000e+02,2.222222222222221877e+00
2.695999999999999730e+00,1.732500000000000000e+02,1.666666666666666297e+00
2.695999999999999730e+00,1.737500000000000000e+02,1.444444444444443976e+00
2.695999999999999730e+00,1.742500000000000000e+02,1.666666666666666075e+00
2.695999999999999730e+00,1.747500000000000000e+02,2.111111111111110716e+00
2.695999999999999730e+00,1.752500000000000000e+02,1.999999999999999778e+00
2.695999999999999730e+00,1.757500000000000000e+02,7.777777777777775681e-01
2.695999999999999730e+00,1.762500000000000000e+02,5.555555555555552472e-01
2.695999999999999730e+00,1.767500000000000000e+02,5.555555555555552472e-01
2.695999999999999730e+00,1.772500000000000000e+02,1.111111111111110938e+00
2.695999999999999730e+00,1.777500000000000000e+02,9.999999999999996669e-01
2.695999999999999730e+00,1.782500000000000000e+02,9.999999999999996669e-01
2.695999999999999730e+00,1.787500000000000000e+02,6.666666666666664076e-01
2.695999999999999730e+00,1.792500000000000000e+02,4.444444444444441977e-01
2.695999999999999730e+00,1.797500000000000000e+02,2.222222222222219878e-01
2.711999999999999744e+00,1.302500000000000000e+02,2.222222222222222321e+00
2.711999999999999744e+00,1.307500000000000000e+02,2.000000000000000000e+00
2.711999999999999744e+00,1.312500000000000000e+02,2.111111111111111160e+00
2.711999999999999744e+00,1.317500000000000000e+02,1.888888888888888618e+00
2.711999999999999744e+00,1.322500000000000000e+02,1.555555555555555358e+00
2.711999999999999744e+00,1.327500000000000000e+02,2.111111111111110716e+00
2.711999999999999744e+00,1.332500000000000000e+02,2.111111111111110716e+00
2.711999999999999744e+00,1.337500000000000000e+02,2.555555555555555358e+00
2.711999999999999744e+00,1.342500000000000000e+02,1.777777777777777679e+00
2.711999999999999744e+00,1.347500000000000000e+02,2.000000000000000000e+00
2.711999999999999744e+00,1.352500000000000000e+02,2.333333333333333481e+00
2.711999999999999744e+00,1.357500000000000000e+02,2.777777777777778123e+00
2.711999999999999744e+00,1.362500000000000000e+02,3.222222222222222765e+00
2.711999999999999744e+00,1.367500000000000000e+02,3.333333333333333925e+00
2.711999999999999744e+00,1.372500000000000000e+02,3.222222222222222765e+00
2.711999999999999744e+00,1.377500000000000000e+02,3.666666666666667407e+00
2.711999999999999744e+00,1.382500000000000000e+02,3.666666666666667407e+00
2.711999999999999744e+00,1.387500000000000000e+02,3.777777777777778567e+00
2.711999999999999744e+00,1.392500000000000000e+02,2.888888888888889284e+00
2.711999999999999744e+00,1.397500000000000000e+02,2.888888888888889284e+00
2.711999999999999744e+00,1.402500000000000000e+02,2.666666666666666519e+00
2.711999999999999744e+00,1.407500000000000000e+02,3.222222222222221877e+00
2.711999999999999744e+00,1.412500000000000000e+02,3.444444444444444198e+00
2.711999999999999744e+00,1.417500000000000000e+02,3.555555555555555358e+00
2.711999999999999744e+00,1.422500000000000000e+02,3.333333333333333481e+00
2.711999999999999744e+00,1.427500000000000000e+02,3.555555555555555802e+00
2.711999999999999744e+00,1.432500000000000000e+02,3.555555555555555802e+00
2.711999999999999744e+00,1.437500000000000000e+02,3.444444444444444642e+00
2.711999999999999744e+00,1.442500000000000000e+02,3.000000000000000000e+00
2.711999999999999744e+00,1.447500000000000000e+02,3.666666666666666519e+00
2.711999999999999744e+00,1.452500000000000000e+02,4.222222222222222321e+00
2.711999999999999744e+00,1.457500000000000000e+02,4.333333333333333037e+00
2.711999999999999744e+00,1.462500000000000000e+02,4.444444444444443754e+00
2.711999999999999744e+00,1.467500000000000000e+02,4.555555555555555358e+00
2.711999999999999744e+00,1.472500000000000000e+02,4.777777777777777679e+00
2.711999999999999744e+00,1.477500000000000000e+02,3.888888888888888840e+00
2.711999999999999744e+00,1.482500000000000000e+02,3.555555555555555358e+00
2.711999999999999744e+00,1.487500000000000000e+02,4.000000000000000000e+00
2.711999999999999744e+00,1.492500000000000000e+02,4.555555555555555358e+00
2.711999999999999744e+00,1.497500000000000000e+02,5.000000000000000000e+00
2.711999999999999744e+00,1.502500000000000000e+02,5.666666666666666963e+00
2.711999999999999744e+00,1.507500000000000000e+02,5.777777777777778567e+00
2.711999999999999744e+00,1.512500000000000000e+02,5.888888888888889284e+00
2.711999999999999744e+00,1.517500000000000000e+02,5.555555555555556246e+00
2.711999999999999744e+00,1.522500000000000000e+02,5.666666666666666963e+00
2.711999999999999744e+00,1.527500000000000000e+02,4.777777777777777679e+00
2.711999999999999744e+00,1.532500000000000000e+02,3.888888888888889284e+00
2.711999999999999744e+00,1.537500000000000000e+02,3.666666666666666519e+00
2.711999999999999744e+00,1.542500000000000000e+02,5.555555555555556246e+00
2.711999999999999744e+00,1.547500000000000000e+02,6.111111111111111605e+00
2.711999999999999744e+00,1.552500000000000000e+02,7.555555555555556246e+00
2.711999999999999744e+00,1.557500000000000000e+02,7.000000000000000000e+00
2.711999999999999744e+00,1.562500000000000000e+02,7.555555555555554470e+00
2.711999999999999744e+00,1.567500000000000000e+02,7.000000000000000000e+00
2.711999999999999744e+00,1.572500000000000000e+02,7.222222222222221433e+00
2.711999999999999744e+00,1.577500000000000000e+02,7.222222222222221433e+00
2.711999999999999744e+00,1.582500000000000000e+02,6.555555555555554470e+00
2.711999999999999744e+00,1.587500000000000000e+02,6.111111111111110716e+00
2.711999999999999744e+00,1.592500000000000000e+02,6.333333333333333037e+00
2.711999999999999744e+00,1.597500000000000000e+02,7.222222222222222321e+00
2.711999999999999744e+00,1.602500000000000000e+02,7.555555555555556246e+00
2.711999999999999744e+00,1.607500000000000000e+02,6.555555555555556246e+00
2.711999999999999744e+00,1.612500000000000000e+02,5.666666666666666963e+00
2.711999999999999744e+00,1.617500000000000000e+02,5.444444444444443754e+00
2.711999999999999744e+00,1.622500000000000000e+02,5.111111111111110716e+00
2.711999999999999744e+00,1.627500000000000000e+02,6.111111111111110716e+00
2.711999999999999744e+00,1.632500000000000000e+02,5.777777777777777679e+00
2.711999999999999744e+00,1.637500000000000000e+02,6.111111111111110716e+00
2.711999999999999744e+00,1.642500000000000000e+02,4.222222222222222321e+00
2.711999999999999744e+00,1.647500000000000000e+02,5.000000000000000000e+00
2.711999999999999744e+00,1.652500000000000000e+02,4.666666666666666963e+00
2.711999999999999744e+00,1.657500000000000000e+02,5.666666666666666963e+00
2.711999999999999744e+00,1.662500000000000000e+02,5.555555555555554470e+00
2.711999999999999744e+00,1.667500000000000000e+02,5.999999999999999112e+00
2.711999999999999744e+00,1.672500000000000000e+02,5.666666666666665186e+00
2.711999999999999744e+00,1.677500000000000000e+02,5.666666666666665186e+00
2.711999999999999744e+00,1.682500000000000000e+02,4.777777777777776791e+00
2.711999999999999744e+00,1.687500000000000000e+02,5.555555555555554470e+00
2.711999999999999744e+00,1.692500000000000000e+02,3.999999999999999556e+00
2.711999999999999744e+00,1.697500000000000000e+02,4.555555555555554470e+00
2.711999999999999744e+00,1.702500000000000000e+02,3.111111111111110272e+00
2.711999999999999744e+00,1.707500000000000000e+02,3.999999999999998668e+00
2.711999999999999744e+00,1.712500000000000000e+02,3.444444444444443310e+00
2.711999999999999744e+00,1.717500000000000000e+02,3.444444444444443310e+00
2.711999999999999744e+00,1.722500000000000000e+02,2.555555555555554914e+00
2.711999999999999744e+00,1.727500000000000000e+02,2.999999999999999556e+00
2.711999999999999744e+00,1.732500000000000000e+02,3.111111111111110716e+00
2.711999999999999744e+00,1.737500000000000000e+02,3.000000000000000000e+00
2.711999999999999744e+00,1.742500000000000000e+02,3.000000000000000000e+00
2.711999999999999744e+00,1.747500000000000000e+02,2.777777777777778123e+00
2.711999999999999744e+00,1.752500000000000000e+02,2.555555555555555802e+00
2.711999999999999744e+00,1.757500000000000000e+02,1.555555555555555580e+00
2.711999999999999744e+00,1.762500000000000000e+02,1.444444444444444642e+00
2.711999999999999744e+00,1.767500000000000000e+02,1.222222222222222321e+00
2.711999999999999744e+00,1.772500000000000000e+02,1.333333333333333259e+00
2.711999999999999744e+00,1.777500000000000000e+02,1.222222222222222099e+00
2.711999999999999744e+00,1.782500000000000000e+02,1.111111111111110938e+00
2.711999999999999744e+00,1.787500000000000000e+02,1.000000000000000000e+00
2.711999999999999744e+00,1.792500000000000000e+02,5.555555555555555802e-01
2.711999999999999744e+00,1.797500000000000000e+02,3.333333333333333148e-01
2.727999999999999758e+00,1.302500000000000000e+02,3.888888888888888840e+00
2.727999999999999758e+00,1.307500000000000000e+02,3.222222222222221877e+00
2.727999999999999758e+00,1.312500000000000000e+02,2.888888888888888840e+00
2.727999999999999758e+00,1.317500000000000000e+02,2.222222222222221877e+00
2.727999999999999758e+00,1.322500000000000000e+02,2.222222222222221877e+00
2.727999999999999758e+00,1.327500000000000000e+02,2.333333333333333037e+00
2.727999999999999758e+00,1.332500000000000000e+02,2.555555555555555358e+00
2.727999999999999758e+00,1.337500000000000000e+02,2.555555555555555358e+00
2.727999999999999758e+00,1.342500000000000000e+02,2.555555555555555358e+00
2.727999999999999758e+00,1.347500000000000000e+02,2.777777777777777235e+00
2.727999999999999758e+00,1.352500000000000000e+02,3.333333333333332593e+00
2.727999999999999758e+00,1.357500000000000000e+02,3.444444444444444198e+00
2.727999999999999758e+00,1.362500000000000000e+02,3.555555555555554914e+00
2.727999999999999758e+00,1.367500000000000000e+02,3.888888888888887951e+00
2.727999999999999758e+00,1.372500000000000000e+02,4.222222222222221433e+00
2.727999999999999758e+00,1.377500000000000000e+02,4.999999999999999112e+00
2.727999999999999758e+00,1.382500000000000000e+02,4.444444444444443754e+00
2.727999999999999758e+00,1.387500000000000000e+02,4.222222222222221433e+00
2.727999999999999758e+00,1.392500000000000000e+02,3.444444444444443310e+00
2.727999999999999758e+00,1.397500000000000000e+02,3.777777777777776791e+00
2.727999999999999758e+00,1.402500000000000000e+02,3.444444444444443310e+00
2.727999999999999758e+00,1.407500000000000000e+02,4.333333333333332149e+00
2.727999999999999758e+00,1.412500000000000000e+02,4.333333333333332149e+00
2.727999999999999758e+00,1.417500000000000000e+02,4.333333333333332149e+00
2.727999999999999758e+00,1.422500000000000000e+02,3.999999999999998668e+00
2.727999999999999758e+00,1.427500000000000000e+02,4.555555555555554470e+00
2.727999999999999758e+00,1.432500000000000000e+02,5.111111111111109828e+00
2.727999999999999758e+00,1.437500000000000000e+02,4.888888888888888395e+00
2.727999999999999758e+00,1.442500000000000000e+02,4.333333333333332149e+00
2.727999999999999758e+00,1.447500000000000000e+02,4.555555555555554470e+00
2.727999999999999758e+00,1.452500000000000000e+02,5.333333333333333037e+00
2.727999999999999758e+00,1.457500000000000000e+02,5.555555555555554470e+00
2.727999999999999758e+00,1.462500000000000000e+02,6.111111111111109828e+00
2.727999999999999758e+00,1.467500000000000000e+02,6.666666666666665186e+00
2.727999999999999758e+00,1.472500000000000000e+02,7.888888888888888395e+00
2.727999999999999758e+00,1.477500000000000000e+02,6.777777777777777679e+00
2.727999999999999758e+00,1.482500000000000000e+02,6.111111111111110716e+00
2.727999999999999758e+00,1.487500000000000000e+02,5.555555555555554470e+00
2.727999999999999758e+00,1.492500000000000000e+02,6.555555555555554470e+00
2.727999999999999758e+00,1.497500000000000000e+02,6.666666666666665186e+00
2.727999999999999758e+00,1.502500000000000000e+02,7.666666666666665186e+00
2.727999999999999758e+00,1.507500000000000000e+02,7.222222222222221433e+00
2.727999999999999758e+00,1.512500000000000000e+02,8.000000000000000000e+00
2.727999999999999758e+00,1.517500000000000000e+02,8.222222222222221433e+00
2.727999999999999758e+00,1.522500000000000000e+02,9.555555555555555358e+00
2.727999999999999758e+00,1.527500000000000000e+02,8.777777777777776791e+00
2.727999999999999758e+00,1.532500000000000000e+02,7.666666666666665186e+00
2.727999999999999758e+00,1.537500000000000000e+02,6.333333333333332149e+00
2.727999999999999758e+00,1.542500000000000000e+02,7.111111111111109828e+00
2.727999999999999758e+00,1.547500000000000000e+02,7.888888888888886619e+00
2.727999999999999758e+00,1.552500000000000000e+02,9.555555555555553582e+00
2.727999999999999758e+00,1.557500000000000000e+02,9.444444444444442865e+00
2.727999999999999758e+00,1.562500000000000000e+02,9.444444444444442865e+00
2.727999999999999758e+00,1.567500000000000000e+02,9.777777777777776791e+00
2.727999999999999758e+00,1.572500000000000000e+02,9.888888888888887507e+00
2.727999999999999758e+00,1.577500000000000000e+02,9.555555555555555358e+00
2.727999999999999758e+00,1.582500000000000000e+02,8.000000000000000000e+00
2.727999999999999758e+00,1.587500000000000000e+02,8.111111111111110716e+00
2.727999999999999758e+00,1.592500000000000000e+02,8.777777777777776791e+00
2.727999999999999758e+00,1.597500000000000000e+02,1.033333333333333393e+01
2.727999999999999758e+00,1.602500000000000000e+02,1.144444444444444464e+01
2.727999999999999758e+00,1.607500000000000000e+02,1.044444444444444464e+01
2.727999999999999758e+00,1.612500000000000000e+02,9.444444444444444642e+00
2.727999999999999758e+00,1.617500000000000000e+02,8.555555555555557135e+00
2.727999999999999758e+00,1.622500000000000000e+02,8.222222222222223209e+00
2.727999999999999758e+00,1.627500000000000000e+02,9.333333333333335702e+00
2.727999999999999758e+00,1.632500000000000000e+02,8.222222222222223209e+00
2.727999999999999758e+00,1.637500000000000000e+02,8.222222222222223209e+00
2.727999999999999758e+00,1.642500000000000000e+02,6.111111111111113381e+00
2.727999999999999758e+00,1.647500000000000000e+02,8.111111111111112493e+00
2.727999999999999758e+00,1.652500000000000000e+02,8.111111111111112493e+00
2.727999999999999758e+00,1.657500000000000000e+02,8.111111111111112493e+00
2.727999999999999758e+00,1.662500000000000000e+02,7.444444444444446418e+00
2.727999999999999758e+00,1.667500000000000000e+02,8.333333333333335702e+00
2.727999999999999758e+00,1.672500000000000000e+02,8.111111111111112493e+00
2.727999999999999758e+00,1.677500000000000000e+02,7.666666666666668739e+00
2.727999999999999758e+00,1.682500000000000000e+02,6.333333333333335702e+00
2.727999999999999758e+00,1.687500000000000000e+02,7.888888888888890172e+00
2.727999999999999758e+00,1.692500000000000000e+02,6.444444444444446418e+00
2.727999999999999758e+00,1.697500000000000000e+02,6.666666666666668739e+00
2.727999999999999758e+00,1.702500000000000000e+02,5.000000000000002665e+00
2.727999999999999758e+00,1.707500000000000000e+02,5.666666666666668739e+00
2.727999999999999758e+00,1.712500000000000000e+02,5.000000000000002665e+00
2.727999999999999758e+00,1.717500000000000000e+02,5.000000000000002665e+00
2.727999999999999758e+00,1.722500000000000000e+02,4.444444444444447306e+00
2.727999999999999758e+00,1.727500000000000000e+02,4.888888888888891948e+00
2.727999999999999758e+00,1.732500000000000000e+02,4.888888888888891948e+00
2.727999999999999758e+00,1.737500000000000000e+02,4.777777777777780344e+00
2.727999999999999758e+00,1.742500000000000000e+02,4.666666666666668739e+00
2.727999999999999758e+00,1.747500000000000000e+02,4.444444444444446418e+00
2.727999999999999758e+00,1.752500000000000000e+02,3.888888888888891060e+00
2.727999999999999758e+00,1.757500000000000000e+02,2.888888888888891060e+00
2.727999999999999758e+00,1.762500000000000000e+02,2.333333333333335702e+00
2.727999999999999758e+00,1.767500000000000000e+02,1.777777777777780344e+00
2.727999999999999758e+00,1.772500000000000000e+02,1.666666666666669405e+00
2.727999999999999758e+00,1.777500000000000000e+02,1.444444444444447084e+00
2.727999999999999758e+00,1.782500000000000000e+02,1.333333333333335924e+00
2.727999999999999758e+00,1.787500000000000000e+02,1.111111111111113603e+00
2.727999999999999758e+00,1.792500000000000000e+02,6.666666666666691832e-01
2.727999999999999758e+00,1.797500000000000000e+02,5.555555555555581337e-01
2.743999999999999773e+00,1.302500000000000000e+02,5.333333333333333037e+00
2.743999999999999773e+00,1.307500000000000000e+02,3.888888888888888840e+00
2.743999999999999773e+00,1.312500000000000000e+02,2.777777777777777235e+00
2.743999999999999773e+00,1.317500000000000000e+02,2.555555555555555358e+00
2.743999999999999773e+00,1.322500000000000000e+02,3.000000000000000000e+00
2.743999999999999773e+00,1.327500000000000000e+02,3.333333333333333481e+00
2.743999999999999773e+00,1.332500000000000000e+02,3.666666666666666519e+00
2.743999999999999773e+00,1.337500000000000000e+02,3.555555555555555802e+00
2.743999999999999773e+00,1.342500000000000000e+02,3.555555555555555802e+00
2.743999999999999773e+00,1.347500000000000000e+02,3.555555555555555802e+00
2.743999999999999773e+00,1.352500000000000000e+02,3.888888888888889284e+00
2.743999999999999773e+00,1.357500000000000000e+02,4.333333333333333925e+00
2.743999999999999773e+00,1.362500000000000000e+02,4.555555555555556246e+00
2.743999999999999773e+00,1.367500000000000000e+02,4.555555555555556246e+00
2.743999999999999773e+00,1.372500000000000000e+02,4.555555555555556246e+00
2.743999999999999773e+00,1.377500000000000000e+02,5.111111111111111605e+00
2.743999999999999773e+00,1.382500000000000000e+02,4.777777777777777679e+00
2.743999999999999773e+00,1.387500000000000000e+02,4.333333333333333037e+00
2.743999999999999773e+00,1.392500000000000000e+02,3.888888888888889284e+00
2.743999999999999773e+00,1.397500000000000000e+02,4.333333333333333925e+00
2.743999999999999773e+00,1.402500000000000000e+02,4.222222222222222321e+00
2.743999999999999773e+00,1.407500000000000000e+02,5.222222222222222321e+00
2.743999999999999773e+00,1.412500000000000000e+02,6.111111111111111605e+00
2.743999999999999773e+00,1.417500000000000000e+02,6.666666666666667851e+00
2.743999999999999773e+00,1.422500000000000000e+02,6.444444444444445530e+00
2.743999999999999773e+00,1.427500000000000000e+02,6.333333333333334814e+00
2.743999999999999773e+00,1.432500000000000000e+02,7.222222222222224097e+00
2.743999999999999773e+00,1.437500000000000000e+02,7.222222222222224097e+00
2.743999999999999773e+00,1.442500000000000000e+02,7.555555555555557135e+00
2.743999999999999773e+00,1.447500000000000000e+02,8.000000000000001776e+00
2.743999999999999773e+00,1.452500000000000000e+02,8.555555555555557135e+00
2.743999999999999773e+00,1.457500000000000000e+02,8.111111111111112493e+00
2.743999999999999773e+00,1.462500000000000000e+02,7.888888888888890172e+00
2.743999999999999773e+00,1.467500000000000000e+02,8.555555555555557135e+00
2.743999999999999773e+00,1.472500000000000000e+02,1.011111111111111249e+01
2.743999999999999773e+00,1.477500000000000000e+02,9.111111111111112493e+00
2.743999999999999773e+00,1.482500000000000000e+02,8.222222222222223209e+00
2.743999999999999773e+00,1.487500000000000000e+02,6.888888888888890172e+00
2.743999999999999773e+00,1.492500000000000000e+02,8.555555555555557135e+00
2.743999999999999773e+00,1.497500000000000000e+02,8.555555555555557135e+00
2.743999999999999773e+00,1.502500000000000000e+02,9.444444444444446418e+00
2.743999999999999773e+00,1.507500000000000000e+02,8.555555555555557135e+00
2.743999999999999773e+00,1.512500000000000000e+02,9.111111111111112493e+00
2.743999999999999773e+00,1.517500000000000000e+02,1.000000000000000178e+01
2.743999999999999773e+00,1.522500000000000000e+02,1.144444444444444819e+01
2.743999999999999773e+00,1.527500000000000000e+02,1.133333333333333570e+01
2.743999999999999773e+00,1.532500000000000000e+02,1.144444444444444819e+01
2.743999999999999773e+00,1.537500000000000000e+02,1.000000000000000355e+01
2.743999999999999773e+00,1.542500000000000000e+02,9.777777777777780344e+00
2.743999999999999773e+00,1.547500000000000000e+02,9.444444444444448195e+00
2.743999999999999773e+00,1.552500000000000000e+02,1.088888888888889106e+01
2.743999999999999773e+00,1.557500000000000000e+02,1.166666666666666963e+01
2.743999999999999773e+00,1.562500000000000000e+02,1.144444444444444819e+01
2.743999999999999773e+00,1.567500000000000000e+02,1.166666666666667140e+01
2.743999999999999773e+00,1.572500000000000000e+02,1.233333333333333748e+01
2.743999999999999773e+00,1.577500000000000000e+02,1.244444444444444819e+01
2.743999999999999773e+00,1.582500000000000000e+02,1.255555555555555713e+01
2.743999999999999773e+00,1.587500000000000000e+02,1.233333333333333393e+01
2.743999999999999773e+00,1.592500000000000000e+02,1.311111111111111249e+01
2.743999999999999773e+00,1.597500000000000000e+02,1.255555555555555713e+01
2.743999999999999773e+00,1.602500000000000000e+02,1.311111111111111427e+01
2.743999999999999773e+00,1.607500000000000000e+02,1.200000000000000178e+01
2.743999999999999773e+00,1.612500000000000000e+02,1.200000000000000178e+01
2.743999999999999773e+00,1.617500000000000000e+02,1.166666666666666963e+01
2.743999999999999773e+00,1.622500000000000000e+02,1.200000000000000178e+01
2.743999999999999773e+00,1.627500000000000000e+02,1.311111111111111427e+01
2.743999999999999773e+00,1.632500000000000000e+02,1.266666666666666963e+01
2.743999999999999773e+00,1.637500000000000000e+02,1.166666666666666963e+01
2.743999999999999773e+00,1.642500000000000000e+02,9.000000000000001776e+00
2.743999999999999773e+00,1.647500000000000000e+02,1.055555555555555713e+01
2.743999999999999773e+00,1.652500000000000000e+02,1.066666666666666963e+01
2.743999999999999773e+00,1.657500000000000000e+02,1.100000000000000178e+01
2.743999999999999773e+00,1.662500000000000000e+02,9.555555555555558911e+00
2.743999999999999773e+00,1.667500000000000000e+02,1.022222222222222499e+01
2.743999999999999773e+00,1.672500000000000000e+02,1.111111111111111427e+01
2.743999999999999773e+00,1.677500000000000000e+02,1.133333333333333570e+01
2.743999999999999773e+00,1.682500000000000000e+02,1.022222222222222499e+01
2.743999999999999773e+00,1.687500000000000000e+02,9.444444444444448195e+00
2.743999999999999773e+00,1.692500000000000000e+02,7.888888888888891948e+00
2.743999999999999773e+00,1.697500000000000000e+02,7.555555555555558023e+00
2.743999999999999773e+00,1.702500000000000000e+02,6.888888888888891948e+00
2.743999999999999773e+00,1.707500000000000000e+02,6.666666666666668739e+00
2.743999999999999773e+00,1.712500000000000000e+02,6.444444444444446418e+00
2.743999999999999773e+00,1.717500000000000000e+02,6.222222222222224097e+00
2.743999999999999773e+00,1.722500000000000000e+02,5.444444444444445530e+00
2.743999999999999773e+00,1.727500000000000000e+02,5.777777777777778567e+00
2.743999999999999773e+00,1.732500000000000000e+02,6.111111111111111605e+00
2.743999999999999773e+00,1.737500000000000000e+02,6.555555555555557135e+00
2.743999999999999773e+00,1.742500000000000000e+02,6.222222222222224097e+00
2.743999999999999773e+00,1.747500000000000000e+02,5.111111111111112493e+00
2.743999999999999773e+00,1.752500000000000000e+02,4.111111111111112493e+00
2.743999999999999773e+00,1.757500000000000000e+02,3.333333333333334370e+00
2.743999999999999773e+00,1.762500000000000000e+02,3.000000000000001332e+00
2.743999999999999773e+00,1.767500000000000000e+02,3.000000000000001332e+00
2.743999999999999773e+00,1.772500000000000000e+02,2.222222222222223653e+00
2.743999999999999773e+00,1.777500000000000000e+02,1.777777777777779233e+00
2.743999999999999773e+00,1.782500000000000000e+02,1.111111111111112493e+00
2.743999999999999773e+00,1.787500000000000000e+02,7.777777777777791224e-01
2.743999999999999773e+00,1.792500000000000000e+02,4.444444444444458076e-01
2.743999999999999773e+00,1.797500000000000000e+02,3.333333333333347581e-01
2.759999999999999787e+00,1.302500000000000000e+02,5.333333333333333037e+00
2.759999999999999787e+00,1.307500000000000000e+02,4.555555555555555358e+00
2.759999999999999787e+00,1.312500000000000000e+02,3.888888888888888840e+00
2.759999999999999787e+00,1.317500000000000000e+02,4.111111111111110716e+00
2.759999999999999787e+00,1.322500000000000000e+02,4.777777777777777679e+00
2.759999999999999787e+00,1.327500000000000000e+02,4.888888888888888395e+00
2.759999999999999787e+00,1.332500000000000000e+02,4.888888888888888395e+00
2.759999999999999787e+00,1.337500000000000000e+02,4.111111111111110716e+00
2.759999999999999787e+00,1.342500000000000000e+02,4.333333333333333037e+00
2.759999999999999787e+00,1.347500000000000000e+02,4.222222222222222321e+00
2.759999999999999787e+00,1.352500000000000000e+02,5.222222222222222321e+00
2.759999999999999787e+00,1.357500000000000000e+02,5.444444444444443754e+00
2.759999999999999787e+00,1.362500000000000000e+02,6.111111111111110716e+00
2.759999999999999787e+00,1.367500000000000000e+02,5.444444444444443754e+00
2.759999999999999787e+00,1.372500000000000000e+02,5.333333333333333037e+00
2.759999999999999787e+00,1.377500000000000000e+02,5.555555555555556246e+00
2.759999999999999787e+00,1.382500000000000000e+02,5.111111111111111605e+00
2.759999999999999787e+00,1.387500000000000000e+02,5.777777777777778567e+00
2.759999999999999787e+00,1.392500000000000000e+02,5.777777777777778567e+00
2.759999999999999787e+00,1.397500000000000000e+02,6.333333333333334814e+00
2.759999999999999787e+00,1.402500000000000000e+02,5.777777777777778567e+00
2.759999999999999787e+00,1.407500000000000000e+02,6.555555555555556246e+00
2.759999999999999787e+00,1.412500000000000000e+02,7.222222222222222321e+00
2.759999999999999787e+00,1.417500000000000000e+02,8.000000000000000000e+00
2.759999999999999787e+00,1.422500000000000000e+02,8.444444444444444642e+00
2.759999999999999787e+00,1.427500000000000000e+02,9.222222222222223209e+00
2.759999999999999787e+00,1.432500000000000000e+02,9.888888888888889284e+00
2.759999999999999787e+00,1.437500000000000000e+02,9.444444444444444642e+00
2.759999999999999787e+00,1.442500000000000000e+02,9.888888888888891060e+00
2.759999999999999787e+00,1.447500000000000000e+02,9.333333333333335702e+00
2.759999999999999787e+00,1.452500000000000000e+02,1.022222222222222321e+01
2.759999999999999787e+00,1.457500000000000000e+02,1.033333333333333570e+01
2.759999999999999787e+00,1.462500000000000000e+02,1.133333333333333570e+01
2.759999999999999787e+00,1.467500000000000000e+02,1.233333333333333570e+01
2.759999999999999787e+00,1.472500000000000000e+02,1.300000000000000178e+01
2.759999999999999787e+00,1.477500000000000000e+02,1.277777777777778034e+01
2.759999999999999787e+00,1.482500000000000000e+02,1.200000000000000533e+01
2.759999999999999787e+00,1.487500000000000000e+02,1.066666666666667140e+01
2.759999999999999787e+00,1.492500000000000000e+02,1.111111111111111427e+01
2.759999999999999787e+00,1.497500000000000000e+02,1.144444444444444819e+01
2.759999999999999787e+00,1.502500000000000000e+02,1.355555555555555713e+01
2.759999999999999787e+00,1.507500000000000000e+02,1.266666666666666963e+01
2.759999999999999787e+00,1.512500000000000000e+02,1.322222222222222321e+01
2.759999999999999787e+00,1.517500000000000000e+02,1.300000000000000178e+01
2.759999999999999787e+00,1.522500000000000000e+02,1.522222222222222321e+01
2.759999999999999787e+00,1.527500000000000000e+02,1.533333333333333570e+01
2.759999999999999787e+00,1.532500000000000000e+02,1.633333333333333570e+01
2.759999999999999787e+00,1.537500000000000000e+02,1.455555555555555713e+01
2.759999999999999787e+00,1.542500000000000000e+02,1.411111111111111249e+01
2.759999999999999787e+00,1.547500000000000000e+02,1.344444444444444464e+01
2.759999999999999787e+00,1.552500000000000000e+02,1.533333333333333393e+01
2.759999999999999787e+00,1.557500000000000000e+02,1.566666666666666607e+01
2.759999999999999787e+00,1.562500000000000000e+02,1.544444444444444464e+01
2.759999999999999787e+00,1.567500000000000000e+02,1.577777777777777857e+01
2.759999999999999787e+00,1.572500000000000000e+02,1.755555555555555713e+01
2.759999999999999787e+00,1.577500000000000000e+02,1.766666666666666785e+01
2.759999999999999787e+00,1.582500000000000000e+02,1.822222222222222499e+01
2.759999999999999787e+00,1.587500000000000000e+02,1.688888888888888928e+01
2.759999999999999787e+00,1.592500000000000000e+02,1.755555555555555713e+01
2.759999999999999787e+00,1.597500000000000000e+02,1.633333333333333215e+01
2.759999999999999787e+00,1.602500000000000000e+02,1.700000000000000000e+01
2.759999999999999787e+00,1.607500000000000000e+02,1.688888888888888928e+01
2.759999999999999787e+00,1.612500000000000000e+02,1.588888888888888751e+01
2.759999999999999787e+00,1.617500000000000000e+02,1.622222222222222143e+01
2.759999999999999787e+00,1.622500000000000000e+02,1.588888888888888751e+01
2.759999999999999787e+00,1.627500000000000000e+02,1.733333333333333215e+01
2.759999999999999787e+00,1.632500000000000000e+02,1.644444444444444642e+01
2.759999999999999787e+00,1.637500000000000000e+02,1.555555555555555713e+01
2.759999999999999787e+00,1.642500000000000000e+02,1.411111111111111427e+01
2.759999999999999787e+00,1.647500000000000000e+02,1.500000000000000178e+01
2.759999999999999787e+00,1.652500000000000000e+02,1.477777777777778034e+01
2.759999999999999787e+00,1.657500000000000000e+02,1.444444444444444819e+01
2.759999999999999787e+00,1.662500000000000000e+02,1.411111111111111427e+01
2.759999999999999787e+00,1.667500000000000000e+02,1.466666666666666963e+01
2.759999999999999787e+00,1.672500000000000000e+02,1.600000000000000355e+01
2.759999999999999787e+00,1.677500000000000000e+02,1.433333333333333570e+01
2.759999999999999787e+00,1.682500000000000000e+02,1.433333333333333570e+01
2.759999999999999787e+00,1.687500000000000000e+02,1.255555555555555713e+01
2.759999999999999787e+00,1.692500000000000000e+02,1.166666666666666607e+01
2.759999999999999787e+00,1.697500000000000000e+02,9.333333333333333925e+00
2.759999999999999787e+00,1.702500000000000000e+02,8.777777777777778567e+00
2.759999999999999787e+00,1.707500000000000000e+02,8.888888888888891060e+00
2.759999999999999787e+00,1.712500000000000000e+02,8.666666666666667851e+00
2.759999999999999787e+00,1.717500000000000000e+02,8.333333333333333925e+00
2.759999999999999787e+00,1.722500000000000000e+02,7.222222222222224097e+00
2.759999999999999787e+00,1.727500000000000000e+02,8.000000000000001776e+00
2.759999999999999787e+00,1.732500000000000000e+02,7.777777777777779455e+00
2.759999999999999787e+00,1.737500000000000000e+02,8.111111111111112493e+00
2.759999999999999787e+00,1.742500000000000000e+02,7.888888888888890172e+00
2.759999999999999787e+00,1.747500000000000000e+02,7.444444444444446418e+00
2.759999999999999787e+00,1.752500000000000000e+02,6.222222222222224097e+00
2.759999999999999787e+00,1.757500000000000000e+02,4.777777777777779455e+00
2.759999999999999787e+00,1.762500000000000000e+02,3.666666666666668295e+00
2.759999999999999787e+00,1.767500000000000000e+02,3.444444444444446418e+00
2.759999999999999787e+00,1.772500000000000000e+02,3.444444444444446418e+00
2.759999999999999787e+00,1.777500000000000000e+02,2.888888888888891060e+00
2.759999999999999787e+00,1.782500000000000000e+02,2.111111111111112937e+00
2.759999999999999787e+00,1.787500000000000000e+02,6.666666666666687391e-01
2.759999999999999787e+00,1.792500000000000000e+02,4.444444444444464737e-01
2.759999999999999787e+00,1.797500000000000000e+02,2.222222222222242360e-01
2.775999999999999801e+00,1.302500000000000000e+02,4.777777777777777679e+00
2.775999999999999801e+00,1.307500000000000000e+02,5.000000000000000000e+00
2.775999999999999801e+00,1.312500000000000000e+02,4.444444444444444642e+00
2.775999999999999801e+00,1.317500000000000000e+02,4.888888888888889284e+00
2.775999999999999801e+00,1.322500000000000000e+02,4.777777777777778567e+00
2.775999999999999801e+00,1.327500000000000000e+02,5.555555555555556246e+00
2.775999999999999801e+00,1.332500000000000000e+02,5.444444444444445530e+00
2.775999999999999801e+00,1.337500000000000000e+02,5.888888888888889284e+00
2.775999999999999801e+00,1.342500000000000000e+02,5.666666666666666963e+00
2.775999999999999801e+00,1.347500000000000000e+02,5.777777777777777679e+00
2.775999999999999801e+00,1.352500000000000000e+02,6.111111111111110716e+00
2.775999999999999801e+00,1.357500000000000000e+02,6.000000000000000000e+00
2.775999999999999801e+00,1.362500000000000000e+02,6.777777777777777679e+00
2.775999999999999801e+00,1.367500000000000000e+02,6.555555555555554470e+00
2.775999999999999801e+00,1.372500000000000000e+02,7.666666666666666963e+00
2.775999999999999801e+00,1.377500000000000000e+02,7.666666666666666963e+00
2.775999999999999801e+00,1.382500000000000000e+02,7.111111111111111605e+00
2.775999999999999801e+00,1.387500000000000000e+02,7.444444444444445530e+00
2.775999999999999801e+00,1.392500000000000000e+02,7.888888888888889284e+00
2.775999999999999801e+00,1.397500000000000000e+02,8.333333333333333925e+00
2.775999999999999801e+00,1.402500000000000000e+02,9.333333333333333925e+00
2.775999999999999801e+00,1.407500000000000000e+02,9.444444444444444642e+00
2.775999999999999801e+00,1.412500000000000000e+02,1.077777777777777857e+01
2.775999999999999801e+00,1.417500000000000000e+02,1.044444444444444464e+01
2.775999999999999801e+00,1.422500000000000000e+02,1.133333333333333393e+01
2.775999999999999801e+00,1.427500000000000000e+02,1.144444444444444464e+01
2.775999999999999801e+00,1.432500000000000000e+02,1.177777777777777857e+01
2.775999999999999801e+00,1.437500000000000000e+02,1.166666666666666607e+01
2.775999999999999801e+00,1.442500000000000000e+02,1.255555555555555536e+01
2.775999999999999801e+00,1.447500000000000000e+02,1.322222222222222143e+01
2.775999999999999801e+00,1.452500000000000000e+02,1.433333333333333393e+01
2.775999999999999801e+00,1.457500000000000000e+02,1.477777777777777857e+01
2.775999999999999801e+00,1.462500000000000000e+02,1.477777777777777857e+01
2.775999999999999801e+00,1.467500000000000000e+02,1.466666666666666607e+01
2.775999999999999801e+00,1.472500000000000000e+02,1.388888888888888751e+01
2.775999999999999801e+00,1.477500000000000000e+02,1.477777777777777679e+01
2.775999999999999801e+00,1.482500000000000000e+02,1.488888888888888573e+01
2.775999999999999801e+00,1.487500000000000000e+02,1.488888888888888573e+01
2.775999999999999801e+00,1.492500000000000000e+02,1.466666666666666252e+01
2.775999999999999801e+00,1.497500000000000000e+02,1.533333333333332860e+01
2.775999999999999801e+00,1.502500000000000000e+02,1.677777777777777146e+01
2.775999999999999801e+00,1.507500000000000000e+02,1.622222222222221788e+01
2.775999999999999801e+00,1.512500000000000000e+02,1.633333333333332860e+01
2.775999999999999801e+00,1.517500000000000000e+02,1.677777777777777501e+01
2.775999999999999801e+00,1.522500000000000000e+02,1.811111111111110716e+01
2.775999999999999801e+00,1.527500000000000000e+02,1.822222222222221788e+01
2.775999999999999801e+00,1.532500000000000000e+02,2.022222222222221788e+01
2.775999999999999801e+00,1.537500000000000000e+02,1.866666666666666075e+01
2.775999999999999801e+00,1.542500000000000000e+02,1.933333333333332860e+01
2.775999999999999801e+00,1.547500000000000000e+02,1.822222222222221788e+01
2.775999999999999801e+00,1.552500000000000000e+02,2.111111111111110361e+01
2.775999999999999801e+00,1.557500000000000000e+02,2.066666666666666075e+01
2.775999999999999801e+00,1.562500000000000000e+02,2.011111111111110716e+01
2.775999999999999801e+00,1.567500000000000000e+02,1.977777777777777501e+01
2.775999999999999801e+00,1.572500000000000000e+02,2.255555555555555358e+01
2.775999999999999801e+00,1.577500000000000000e+02,2.366666666666666075e+01
2.775999999999999801e+00,1.582500000000000000e+02,2.544444444444443931e+01
2.775999999999999801e+00,1.587500000000000000e+02,2.388888888888888573e+01
2.775999999999999801e+00,1.592500000000000000e+02,2.388888888888888573e+01
2.775999999999999801e+00,1.597500000000000000e+02,2.077777777777777501e+01
2.775999999999999801e+00,1.602500000000000000e+02,2.166666666666666785e+01
2.775999999999999801e+00,1.607500000000000000e+02,2.088888888888888928e+01
2.775999999999999801e+00,1.612500000000000000e+02,2.044444444444444642e+01
2.775999999999999801e+00,1.617500000000000000e+02,1.988888888888888928e+01
2.775999999999999801e+00,1.622500000000000000e+02,1.955555555555555713e+01
2.775999999999999801e+00,1.627500000000000000e+02,2.133333333333333215e+01
2.775999999999999801e+00,1.632500000000000000e+02,2.055555555555555358e+01
2.775999999999999801e+00,1.637500000000000000e+02,1.988888888888888928e+01
2.775999999999999801e+00,1.642500000000000000e+02,1.888888888888888928e+01
2.775999999999999801e+00,1.647500000000000000e+02,1.811111111111111072e+01
2.775999999999999801e+00,1.652500000000000000e+02,1.922222222222221788e+01
2.775999999999999801e+00,1.657500000000000000e+02,1.855555555555555358e+01
2.775999999999999801e+00,1.662500000000000000e+02,1.922222222222221788e+01
2.775999999999999801e+00,1.667500000000000000e+02,1.822222222222221788e+01
2.775999999999999801e+00,1.672500000000000000e+02,1.977777777777777501e+01
2.775999999999999801e+00,1.677500000000000000e+02,1.811111111111110716e+01
2.775999999999999801e+00,1.682500000000000000e+02,1.822222222222221788e+01
2.775999999999999801e+00,1.687500000000000000e+02,1.599999999999999822e+01
2.775999999999999801e+00,1.692500000000000000e+02,1.566666666666666430e+01
2.775999999999999801e+00,1.697500000000000000e+02,1.355555555555555181e+01
2.775999999999999801e+00,1.702500000000000000e+02,1.233333333333333037e+01
2.775999999999999801e+00,1.707500000000000000e+02,1.211111111111110894e+01
2.775999999999999801e+00,1.712500000000000000e+02,1.155555555555555536e+01
2.775999999999999801e+00,1.717500000000000000e+02,1.122222222222222143e+01
2.775999999999999801e+00,1.722500000000000000e+02,9.444444444444442865e+00
2.775999999999999801e+00,1.727500000000000000e+02,9.666666666666664298e+00
2.775999999999999801e+00,1.732500000000000000e+02,9.888888888888885731e+00
2.775999999999999801e+00,1.737500000000000000e+02,1.055555555555555181e+01
2.775999999999999801e+00,1.742500000000000000e+02,1.011111111111110716e+01
2.775999999999999801e+00,1.747500000000000000e+02,8.666666666666662522e+00
2.775999999999999801e+00,1.752500000000000000e+02,7.222222222222218768e+00
2.775999999999999801e+00,1.757500000000000000e+02,5.999999999999997335e+00
2.775999999999999801e+00,1.762500000000000000e+02,4.999999999999997335e+00
2.775999999999999801e+00,1.767500000000000000e+02,4.999999999999997335e+00
2.775999999999999801e+00,1.772500000000000000e+02,4.777777777777775015e+00
2.775999999999999801e+00,1.777500000000000000e+02,3.999999999999996891e+00
2.775999999999999801e+00,1.782500000000000000e+02,3.111111111111108496e+00
2.775999999999999801e+00,1.787500000000000000e+02,1.444444444444441755e+00
2.775999999999999801e+00,1.792500000000000000e+02,1.111111111111108274e+00
2.775999999999999801e+00,1.797500000000000000e+02,1.111111111111083433e-01
2.791999999999999815e+00,1.302500000000000000e+02,3.333333333333333481e+00
2.791999999999999815e+00,1.307500000000000000e+02,4.888888888888888395e+00
2.791999999999999815e+00,1.312500000000000000e+02,6.111111111111110716e+00
2.791999999999999815e+00,1.317500000000000000e+02,6.222222222222221433e+00
2.791999999999999815e+00,1.322500000000000000e+02,5.888888888888888395e+00
2.791999999999999815e+00,1.327500000000000000e+02,6.555555555555554470e+00
2.791999999999999815e+00,1.332500000000000000e+02,7.333333333333332149e+00
2.791999999999999815e+00,1.337500000000000000e+02,7.888888888888888395e+00
2.791999999999999815e+00,1.342500000000000000e+02,6.888888888888888395e+00
2.791999999999999815e+00,1.347500000000000000e+02,7.111111111111110716e+00
2.791999999999999815e+00,1.352500000000000000e+02,8.777777777777776791e+00
2.791999999999999815e+00,1.357500000000000000e+02,9.000000000000000000e+00
2.791999999999999815e+00,1.362500000000000000e+02,9.333333333333333925e+00
2.791999999999999815e+00,1.367500000000000000e+02,8.666666666666666075e+00
2.791999999999999815e+00,1.372500000000000000e+02,9.888888888888887507e+00
2.791999999999999815e+00,1.377500000000000000e+02,1.066666666666666607e+01
2.791999999999999815e+00,1.382500000000000000e+02,1.022222222222222143e+01
2.791999999999999815e+00,1.387500000000000000e+02,1.077777777777777679e+01
2.791999999999999815e+00,1.392500000000000000e+02,1.088888888888888573e+01
2.791999999999999815e+00,1.397500000000000000e+02,1.088888888888888573e+01
2.791999999999999815e+00,1.402500000000000000e+02,1.288888888888888573e+01
2.791999999999999815e+00,1.407500000000000000e+02,1.266666666666666430e+01
2.791999999999999815e+00,1.412500000000000000e+02,1.344444444444444287e+01
2.791999999999999815e+00,1.417500000000000000e+02,1.266666666666666607e+01
2.791999999999999815e+00,1.422500000000000000e+02,1.400000000000000000e+01
2.791999999999999815e+00,1.427500000000000000e+02,1.488888888888888751e+01
2.791999999999999815e+00,1.432500000000000000e+02,1.477777777777777679e+01
2.791999999999999815e+00,1.437500000000000000e+02,1.477777777777777679e+01
2.791999999999999815e+00,1.442500000000000000e+02,1.511111111111110894e+01
2.791999999999999815e+00,1.447500000000000000e+02,1.566666666666666430e+01
2.791999999999999815e+00,1.452500000000000000e+02,1.644444444444444287e+01
2.791999999999999815e+00,1.457500000000000000e+02,1.799999999999999645e+01
2.791999999999999815e+00,1.462500000000000000e+02,1.788888888888888573e+01
2.791999999999999815e+00,1.467500000000000000e+02,1.833333333333333215e+01
2.791999999999999815e+00,1.472500000000000000e+02,1.811111111111111072e+01
2.791999999999999815e+00,1.477500000000000000e+02,2.077777777777777501e+01
2.791999999999999815e+00,1.482500000000000000e+02,2.077777777777777501e+01
2.791999999999999815e+00,1.487500000000000000e+02,1.966666666666666430e+01
2.791999999999999815e+00,1.492500000000000000e+02,1.866666666666666430e+01
2.791999999999999815e+00,1.497500000000000000e+02,1.988888888888888573e+01
2.791999999999999815e+00,1.502500000000000000e+02,2.188888888888888573e+01
2.791999999999999815e+00,1.507500000000000000e+02,2.111111111111111072e+01
2.791999999999999815e+00,1.512500000000000000e+02,2.188888888888888573e+01
2.791999999999999815e+00,1.517500000000000000e+02,2.311111111111111072e+01
2.791999999999999815e+00,1.522500000000000000e+02,2.466666666666666785e+01
2.791999999999999815e+00,1.527500000000000000e+02,2.477777777777777501e+01
2.791999999999999815e+00,1.532500000000000000e+02,2.566666666666666785e+01
2.791999999999999815e+00,1.537500000000000000e+02,2.422222222222222499e+01
2.791999999999999815e+00,1.542500000000000000e+02,2.477777777777778212e+01
2.791999999999999815e+00,1.547500000000000000e+02,2.455555555555555713e+01
2.791999999999999815e+00,1.552500000000000000e+02,2.677777777777778212e+01
2.791999999999999815e+00,1.557500000000000000e+02,2.611111111111111427e+01
2.791999999999999815e+00,1.562500000000000000e+02,2.533333333333333925e+01
2.791999999999999815e+00,1.567500000000000000e+02,2.633333333333333925e+01
2.791999999999999815e+00,1.572500000000000000e+02,2.944444444444444642e+01
2.791999999999999815e+00,1.577500000000000000e+02,3.066666666666666785e+01
2.791999999999999815e+00,1.582500000000000000e+02,3.022222222222221788e+01
2.791999999999999815e+00,1.587500000000000000e+02,2.733333333333332860e+01
2.791999999999999815e+00,1.592500000000000000e+02,2.644444444444443931e+01
2.791999999999999815e+00,1.597500000000000000e+02,2.522222222222221788e+01
2.791999999999999815e+00,1.602500000000000000e+02,2.688888888888888573e+01
2.791999999999999815e+00,1.607500000000000000e+02,2.622222222222221788e+01
2.791999999999999815e+00,1.612500000000000000e+02,2.644444444444443931e+01
2.791999999999999815e+00,1.617500000000000000e+02,2.477777777777777146e+01
2.791999999999999815e+00,1.622500000000000000e+02,2.455555555555554648e+01
2.791999999999999815e+00,1.627500000000000000e+02,2.566666666666665719e+01
2.791999999999999815e+00,1.632500000000000000e+02,2.477777777777777146e+01
2.791999999999999815e+00,1.637500000000000000e+02,2.588888888888888218e+01
2.791999999999999815e+00,1.642500000000000000e+02,2.444444444444443931e+01
2.791999999999999815e+00,1.647500000000000000e+02,2.355555555555554648e+01
2.791999999999999815e+00,1.652500000000000000e+02,2.377777777777777146e+01
2.791999999999999815e+00,1.657500000000000000e+02,2.477777777777777146e+01
2.791999999999999815e+00,1.662500000000000000e+02,2.811111111111110361e+01
2.791999999999999815e+00,1.667500000000000000e+02,2.688888888888888218e+01
2.791999999999999815e+00,1.672500000000000000e+02,2.611111111111110361e+01
2.791999999999999815e+00,1.677500000000000000e+02,2.266666666666666075e+01
2.791999999999999815e+00,1.682500000000000000e+02,2.288888888888888573e+01
2.791999999999999815e+00,1.687500000000000000e+02,2.088888888888888573e+01
2.791999999999999815e+00,1.692500000000000000e+02,2.088888888888888573e+01
2.791999999999999815e+00,1.697500000000000000e+02,1.966666666666666075e+01
2.791999999999999815e+00,1.702500000000000000e+02,1.911111111111110361e+01
2.791999999999999815e+00,1.707500000000000000e+02,1.911111111111110361e+01
2.791999999999999815e+00,1.712500000000000000e+02,1.733333333333332860e+01
2.791999999999999815e+00,1.717500000000000000e+02,1.688888888888888573e+01
2.791999999999999815e+00,1.722500000000000000e+02,1.444444444444444109e+01
2.791999999999999815e+00,1.727500000000000000e+02,1.333333333333332860e+01
2.791999999999999815e+00,1.732500000000000000e+02,1.311111111111110716e+01
2.791999999999999815e+00,1.737500000000000000e+02,1.366666666666666252e+01
2.791999999999999815e+00,1.742500000000000000e+02,1.344444444444444109e+01
2.791999999999999815e+00,1.747500000000000000e+02,1.244444444444444109e+01
2.791999999999999815e+00,1.752500000000000000e+02,1.077777777777777324e+01
2.791999999999999815e+00,1.757500000000000000e+02,9.777777777777773238e+00
2.791999999999999815e+00,1.762500000000000000e+02,7.666666666666661634e+00
2.791999999999999815e+00,1.767500000000000000e+02,6.222222222222217880e+00
2.791999999999999815e+00,1.772500000000000000e+02,5.666666666666661634e+00
2.791999999999999815e+00,1.777500000000000000e+02,4.444444444444439313e+00
2.791999999999999815e+00,1.782500000000000000e+02,3.999999999999994671e+00
2.791999999999999815e+00,1.787500000000000000e+02,1.666666666666661412e+00
2.791999999999999815e+00,1.792500000000000000e+02,1.333333333333327930e+00
2.791999999999999815e+00,1.797500000000000000e+02,3.333333333333279858e-01
2.807999999999999829e+00,1.302500000000000000e+02,4.666666666666666963e+00
2.807999999999999829e+00,1.307500000000000000e+02,6.000000000000000000e+00
2.807999999999999829e+00,1.312500000000000000e+02,7.333333333333333037e+00
2.807999999999999829e+00,1.317500000000000000e+02,7.111111111111110716e+00
2.807999999999999829e+00,1.322500000000000000e+02,7.000000000000000000e+00
2.807999999999999829e+00,1.327500000000000000e+02,8.000000000000000000e+00
2.807999999999999829e+00,1.332500000000000000e+02,8.888888888888887507e+00
2.807999999999999829e+00,1.337500000000000000e+02,9.111111111111110716e+00
2.807999999999999829e+00,1.342500000000000000e+02,7.777777777777777679e+00
2.807999999999999829e+00,1.347500000000000000e+02,9.000000000000000000e+00
2.807999999999999829e+00,1.352500000000000000e+02,1.077777777777777857e+01
2.807999999999999829e+00,1.357500000000000000e+02,1.100000000000000000e+01
2.807999999999999829e+00,1.362500000000000000e+02,1.055555555555555536e+01
2.807999999999999829e+00,1.367500000000000000e+02,1.022222222222222143e+01
2.807999999999999829e+00,1.372500000000000000e+02,1.266666666666666607e+01
2.807999999999999829e+00,1.377500000000000000e+02,1.377777777777777857e+01
2.807999999999999829e+00,1.382500000000000000e+02,1.355555555555555713e+01
2.807999999999999829e+00,1.387500000000000000e+02,1.266666666666666963e+01
2.807999999999999829e+00,1.392500000000000000e+02,1.255555555555555713e+01
2.807999999999999829e+00,1.397500000000000000e+02,1.333333333333333570e+01
2.807999999999999829e+00,1.402500000000000000e+02,1.588888888888889106e+01
2.807999999999999829e+00,1.407500000000000000e+02,1.677777777777778212e+01
2.807999999999999829e+00,1.412500000000000000e+02,1.755555555555555713e+01
2.807999999999999829e+00,1.417500000000000000e+02,1.655555555555555713e+01
2.807999999999999829e+00,1.422500000000000000e+02,1.711111111111111072e+01
2.807999999999999829e+00,1.427500000000000000e+02,1.766666666666666785e+01
2.807999999999999829e+00,1.432500000000000000e+02,1.844444444444444287e+01
2.807999999999999829e+00,1.437500000000000000e+02,1.822222222222222143e+01
2.807999999999999829e+00,1.442500000000000000e+02,1.977777777777777501e+01
2.807999999999999829e+00,1.447500000000000000e+02,2.077777777777777501e+01
2.807999999999999829e+00,1.452500000000000000e+02,2.177777777777777501e+01
2.807999999999999829e+00,1.457500000000000000e+02,2.211111111111111072e+01
2.807999999999999829e+00,1.462500000000000000e+02,2.100000000000000000e+01
2.807999999999999829e+00,1.467500000000000000e+02,2.111111111111111072e+01
2.807999999999999829e+00,1.472500000000000000e+02,2.200000000000000000e+01
2.807999999999999829e+00,1.477500000000000000e+02,2.444444444444444287e+01
2.807999999999999829e+00,1.482500000000000000e+02,2.477777777777777501e+01
2.807999999999999829e+00,1.487500000000000000e+02,2.266666666666666785e+01
2.807999999999999829e+00,1.492500000000000000e+02,2.266666666666666785e+01
2.807999999999999829e+00,1.497500000000000000e+02,2.444444444444444287e+01
2.807999999999999829e+00,1.502500000000000000e+02,2.722222222222221788e+01
2.807999999999999829e+00,1.507500000000000000e+02,2.711111111111111072e+01
2.807999999999999829e+00,1.512500000000000000e+02,2.822222222222221788e+01
2.807999999999999829e+00,1.517500000000000000e+02,2.933333333333333215e+01
2.807999999999999829e+00,1.522500000000000000e+02,2.955555555555555358e+01
2.807999999999999829e+00,1.527500000000000000e+02,2.966666666666666075e+01
2.807999999999999829e+00,1.532500000000000000e+02,2.955555555555555358e+01
2.807999999999999829e+00,1.537500000000000000e+02,2.911111111111111072e+01
2.807999999999999829e+00,1.542500000000000000e+02,2.844444444444444287e+01
2.807999999999999829e+00,1.547500000000000000e+02,2.866666666666666785e+01
2.807999999999999829e+00,1.552500000000000000e+02,3.077777777777777501e+01
2.807999999999999829e+00,1.557500000000000000e+02,3.100000000000000000e+01
2.807999999999999829e+00,1.562500000000000000e+02,2.966666666666666785e+01
2.807999999999999829e+00,1.567500000000000000e+02,2.988888888888888928e+01
2.807999999999999829e+00,1.572500000000000000e+02,3.277777777777777857e+01
2.807999999999999829e+00,1.577500000000000000e+02,3.600000000000000000e+01
2.807999999999999829e+00,1.582500000000000000e+02,3.544444444444444287e+01
2.807999999999999829e+00,1.587500000000000000e+02,3.311111111111110716e+01
2.807999999999999829e+00,1.592500000000000000e+02,3.111111111111111072e+01
2.807999999999999829e+00,1.597500000000000000e+02,3.177777777777777501e+01
2.807999999999999829e+00,1.602500000000000000e+02,3.566666666666666430e+01
2.807999999999999829e+00,1.607500000000000000e+02,3.600000000000000000e+01
2.807999999999999829e+00,1.612500000000000000e+02,3.633333333333333570e+01
2.807999999999999829e+00,1.617500000000000000e+02,3.188888888888888928e+01
2.807999999999999829e+00,1.622500000000000000e+02,3.011111111111111427e+01
2.807999999999999829e+00,1.627500000000000000e+02,3.122222222222222499e+01
2.807999999999999829e+00,1.632500000000000000e+02,3.144444444444444642e+01
2.807999999999999829e+00,1.637500000000000000e+02,3.333333333333333570e+01
2.807999999999999829e+00,1.642500000000000000e+02,3.122222222222222854e+01
2.807999999999999829e+00,1.647500000000000000e+02,3.000000000000001066e+01
2.807999999999999829e+00,1.652500000000000000e+02,3.033333333333334281e+01
2.807999999999999829e+00,1.657500000000000000e+02,3.111111111111111782e+01
2.807999999999999829e+00,1.662500000000000000e+02,3.266666666666667851e+01
2.807999999999999829e+00,1.667500000000000000e+02,3.066666666666667496e+01
2.807999999999999829e+00,1.672500000000000000e+02,2.944444444444445708e+01
2.807999999999999829e+00,1.677500000000000000e+02,2.777777777777778923e+01
2.807999999999999829e+00,1.682500000000000000e+02,2.822222222222223209e+01
2.807999999999999829e+00,1.687500000000000000e+02,2.555555555555556779e+01
2.807999999999999829e+00,1.692500000000000000e+02,2.611111111111112493e+01
2.807999999999999829e+00,1.697500000000000000e+02,2.600000000000001421e+01
2.807999999999999829e+00,1.702500000000000000e+02,2.700000000000001421e+01
2.807999999999999829e+00,1.707500000000000000e+02,2.533333333333334636e+01
2.807999999999999829e+00,1.712500000000000000e+02,2.277777777777778923e+01
2.807999999999999829e+00,1.717500000000000000e+02,2.088888888888889994e+01
2.807999999999999829e+00,1.722500000000000000e+02,1.900000000000001066e+01
2.807999999999999829e+00,1.727500000000000000e+02,1.644444444444445352e+01
2.807999999999999829e+00,1.732500000000000000e+02,1.655555555555556779e+01
2.807999999999999829e+00,1.737500000000000000e+02,1.688888888888889994e+01
2.807999999999999829e+00,1.742500000000000000e+02,1.611111111111112493e+01
2.807999999999999829e+00,1.747500000000000000e+02,1.555555555555556602e+01
2.807999999999999829e+00,1.752500000000000000e+02,1.322222222222223387e+01
2.807999999999999829e+00,1.757500000000000000e+02,1.355555555555556602e+01
2.807999999999999829e+00,1.762500000000000000e+02,1.033333333333334458e+01
2.807999999999999829e+00,1.767500000000000000e+02,8.666666666666676733e+00
2.807999999999999829e+00,1.772500000000000000e+02,6.555555555555566905e+00
2.807999999999999829e+00,1.777500000000000000e+02,4.777777777777789225e+00
2.807999999999999829e+00,1.782500000000000000e+02,4.000000000000011546e+00
2.807999999999999829e+00,1.787500000000000000e+02,2.888888888888900386e+00
2.807999999999999829e+00,1.792500000000000000e+02,2.333333333333345028e+00
2.807999999999999829e+00,1.797500000000000000e+02,1.111111111111122707e+00
2.823999999999999844e+00,1.302500000000000000e+02,5.333333333333333037e+00
2.823999999999999844e+00,1.307500000000000000e+02,6.444444444444445530e+00
2.823999999999999844e+00,1.312500000000000000e+02,7.888888888888889284e+00
2.823999999999999844e+00,1.317500000000000000e+02,7.888888888888889284e+00
2.823999999999999844e+00,1.322500000000000000e+02,8.222222222222223209e+00
2.823999999999999844e+00,1.327500000000000000e+02,9.666666666666666075e+00
2.823999999999999844e+00,1.332500000000000000e+02,1.066666666666666607e+01
2.823999999999999844e+00,1.337500000000000000e+02,1.044444444444444464e+01
2.823999999999999844e+00,1.342500000000000000e+02,9.111111111111112493e+00
2.823999999999999844e+00,1.347500000000000000e+02,9.777777777777778567e+00
2.823999999999999844e+00,1.352500000000000000e+02,1.244444444444444464e+01
2.823999999999999844e+00,1.357500000000000000e+02,1.288888888888889106e+01
2.823999999999999844e+00,1.362500000000000000e+02,1.277777777777777857e+01
2.823999999999999844e+00,1.367500000000000000e+02,1.211111111111111249e+01
2.823999999999999844e+00,1.372500000000000000e+02,1.377777777777777857e+01
2.823999999999999844e+00,1.377500000000000000e+02,1.655555555555555713e+01
2.823999999999999844e+00,1.382500000000000000e+02,1.644444444444444642e+01
2.823999999999999844e+00,1.387500000000000000e+02,1.566666666666666607e+01
2.823999999999999844e+00,1.392500000000000000e+02,1.366666666666666607e+01
2.823999999999999844e+00,1.397500000000000000e+02,1.411111111111111249e+01
2.823999999999999844e+00,1.402500000000000000e+02,1.655555555555555713e+01
2.823999999999999844e+00,1.407500000000000000e+02,1.955555555555555713e+01
2.823999999999999844e+00,1.412500000000000000e+02,2.111111111111111427e+01
2.823999999999999844e+00,1.417500000000000000e+02,2.155555555555556069e+01
2.823999999999999844e+00,1.422500000000000000e+02,2.122222222222222854e+01
2.823999999999999844e+00,1.427500000000000000e+02,2.144444444444444642e+01
2.823999999999999844e+00,1.432500000000000000e+02,2.155555555555555713e+01
2.823999999999999844e+00,1.437500000000000000e+02,2.155555555555555713e+01
2.823999999999999844e+00,1.442500000000000000e+02,2.422222222222222499e+01
2.823999999999999844e+00,1.447500000000000000e+02,2.644444444444444642e+01
2.823999999999999844e+00,1.452500000000000000e+02,2.722222222222222854e+01
2.823999999999999844e+00,1.457500000000000000e+02,2.722222222222222854e+01
2.823999999999999844e+00,1.462500000000000000e+02,2.566666666666667140e+01
2.823999999999999844e+00,1.467500000000000000e+02,2.655555555555556069e+01
2.823999999999999844e+00,1.472500000000000000e+02,2.788888888888889639e+01
2.823999999999999844e+00,1.477500000000000000e+02,2.944444444444445352e+01
2.823999999999999844e+00,1.482500000000000000e+02,2.955555555555556069e+01
2.823999999999999844e+00,1.487500000000000000e+02,2.788888888888889639e+01
2.823999999999999844e+00,1.492500000000000000e+02,2.811111111111111427e+01
2.823999999999999844e+00,1.497500000000000000e+02,2.988888888888888928e+01
2.823999999999999844e+00,1.502500000000000000e+02,3.333333333333333570e+01
2.823999999999999844e+00,1.507500000000000000e+02,3.433333333333333570e+01
2.823999999999999844e+00,1.512500000000000000e+02,3.566666666666666430e+01
2.823999999999999844e+00,1.517500000000000000e+02,3.488888888888889284e+01
2.823999999999999844e+00,1.522500000000000000e+02,3.477777777777777857e+01
2.823999999999999844e+00,1.527500000000000000e+02,3.366666666666666430e+01
2.823999999999999844e+00,1.532500000000000000e+02,3.355555555555555003e+01
2.823999999999999844e+00,1.537500000000000000e+02,3.388888888888888573e+01
2.823999999999999844e+00,1.542500000000000000e+02,3.377777777777777857e+01
2.823999999999999844e+00,1.547500000000000000e+02,3.366666666666666430e+01
2.823999999999999844e+00,1.552500000000000000e+02,3.533333333333333570e+01
2.823999999999999844e+00,1.557500000000000000e+02,3.666666666666666430e+01
2.823999999999999844e+00,1.562500000000000000e+02,3.688888888888889284e+01
2.823999999999999844e+00,1.567500000000000000e+02,3.644444444444444997e+01
2.823999999999999844e+00,1.572500000000000000e+02,3.777777777777777857e+01
2.823999999999999844e+00,1.577500000000000000e+02,4.200000000000000000e+01
2.823999999999999844e+00,1.582500000000000000e+02,4.177777777777777857e+01
2.823999999999999844e+00,1.587500000000000000e+02,4.044444444444444997e+01
2.823999999999999844e+00,1.592500000000000000e+02,3.777777777777777857e+01
2.823999999999999844e+00,1.597500000000000000e+02,3.977777777777777857e+01
2.823999999999999844e+00,1.602500000000000000e+02,4.344444444444444997e+01
2.823999999999999844e+00,1.607500000000000000e+02,4.300000000000000000e+01
2.823999999999999844e+00,1.612500000000000000e+02,4.300000000000000000e+01
2.823999999999999844e+00,1.617500000000000000e+02,3.900000000000000000e+01
2.823999999999999844e+00,1.622500000000000000e+02,3.833333333333333570e+01
2.823999999999999844e+00,1.627500000000000000e+02,3.922222222222222143e+01
2.823999999999999844e+00,1.632500000000000000e+02,3.877777777777777146e+01
2.823999999999999844e+00,1.637500000000000000e+02,4.099999999999999289e+01
2.823999999999999844e+00,1.642500000000000000e+02,3.833333333333332860e+01
2.823999999999999844e+00,1.647500000000000000e+02,3.744444444444443576e+01
2.823999999999999844e+00,1.652500000000000000e+02,3.344444444444443576e+01
2.823999999999999844e+00,1.657500000000000000e+02,3.299999999999999289e+01
2.823999999999999844e+00,1.662500000000000000e+02,3.422222222222222143e+01
2.823999999999999844e+00,1.667500000000000000e+02,3.433333333333333570e+01
2.823999999999999844e+00,1.672500000000000000e+02,3.388888888888888573e+01
2.823999999999999844e+00,1.677500000000000000e+02,3.333333333333333570e+01
2.823999999999999844e+00,1.682500000000000000e+02,3.422222222222222143e+01
2.823999999999999844e+00,1.687500000000000000e+02,3.222222222222222143e+01
2.823999999999999844e+00,1.692500000000000000e+02,3.177777777777778212e+01
2.823999999999999844e+00,1.697500000000000000e+02,3.088888888888888928e+01
2.823999999999999844e+00,1.702500000000000000e+02,3.155555555555555713e+01
2.823999999999999844e+00,1.707500000000000000e+02,3.122222222222222499e+01
2.823999999999999844e+00,1.712500000000000000e+02,2.944444444444444642e+01
2.823999999999999844e+00,1.717500000000000000e+02,2.777777777777778212e+01
2.823999999999999844e+00,1.722500000000000000e+02,2.555555555555555713e+01
2.823999999999999844e+00,1.727500000000000000e+02,2.322222222222222499e+01
2.823999999999999844e+00,1.732500000000000000e+02,2.177777777777778212e+01
2.823999999999999844e+00,1.737500000000000000e+02,2.011111111111111427e+01
2.823999999999999844e+00,1.742500000000000000e+02,1.866666666666667140e+01
2.823999999999999844e+00,1.747500000000000000e+02,1.833333333333333925e+01
2.823999999999999844e+00,1.752500000000000000e+02,1.666666666666667140e+01
2.823999999999999844e+00,1.757500000000000000e+02,1.577777777777778390e+01
2.823999999999999844e+00,1.762500000000000000e+02,1.277777777777778390e+01
2.823999999999999844e+00,1.767500000000000000e+02,9.555555555555560687e+00
2.823999999999999844e+00,1.772500000000000000e+02,7.555555555555560687e+00
2.823999999999999844e+00,1.777500000000000000e+02,5.333333333333338366e+00
2.823999999999999844e+00,1.782500000000000000e+02,4.111111111111115157e+00
2.823999999999999844e+00,1.787500000000000000e+02,3.333333333333337922e+00
2.823999999999999844e+00,1.792500000000000000e+02,2.222222222222226762e+00
2.823999999999999844e+00,1.797500000000000000e+02,1.777777777777782120e+00
2.839999999999999858e+00,1.302500000000000000e+02,9.111111111111110716e+00
2.839999999999999858e+00,1.307500000000000000e+02,9.222222222222221433e+00
2.839999999999999858e+00,1.312500000000000000e+02,9.888888888888887507e+00
2.839999999999999858e+00,1.317500000000000000e+02,1.066666666666666607e+01
2.839999999999999858e+00,1.322500000000000000e+02,1.166666666666666607e+01
2.839999999999999858e+00,1.327500000000000000e+02,1.233333333333333393e+01
2.839999999999999858e+00,1.332500000000000000e+02,1.288888888888888751e+01
2.839999999999999858e+00,1.337500000000000000e+02,1.288888888888888751e+01
2.839999999999999858e+00,1.342500000000000000e+02,1.255555555555555536e+01
2.839999999999999858e+00,1.347500000000000000e+02,1.200000000000000000e+01
2.839999999999999858e+00,1.352500000000000000e+02,1.344444444444444287e+01
2.839999999999999858e+00,1.357500000000000000e+02,1.333333333333333393e+01
2.839999999999999858e+00,1.362500000000000000e+02,1.433333333333333393e+01
2.839999999999999858e+00,1.367500000000000000e+02,1.477777777777777857e+01
2.839999999999999858e+00,1.372500000000000000e+02,1.744444444444444642e+01
2.839999999999999858e+00,1.377500000000000000e+02,1.922222222222222499e+01
2.839999999999999858e+00,1.382500000000000000e+02,1.777777777777777857e+01
2.839999999999999858e+00,1.387500000000000000e+02,1.688888888888888928e+01
2.839999999999999858e+00,1.392500000000000000e+02,1.533333333333333393e+01
2.839999999999999858e+00,1.397500000000000000e+02,1.622222222222222143e+01
2.839999999999999858e+00,1.402500000000000000e+02,1.744444444444444287e+01
2.839999999999999858e+00,1.407500000000000000e+02,2.055555555555555358e+01
2.839999999999999858e+00,1.412500000000000000e+02,2.266666666666666075e+01
2.839999999999999858e+00,1.417500000000000000e+02,2.499999999999999645e+01
2.839999999999999858e+00,1.422500000000000000e+02,2.566666666666666075e+01
2.839999999999999858e+00,1.427500000000000000e+02,2.488888888888888573e+01
2.839999999999999858e+00,1.432500000000000000e+02,2.511111111111111072e+01
2.839999999999999858e+00,1.437500000000000000e+02,2.422222222222221788e+01
2.839999999999999858e+00,1.442500000000000000e+02,2.811111111111111072e+01
2.839999999999999858e+00,1.447500000000000000e+02,2.844444444444444287e+01
2.839999999999999858e+00,1.452500000000000000e+02,3.133333333333333215e+01
2.839999999999999858e+00,1.457500000000000000e+02,3.277777777777777857e+01
2.839999999999999858e+00,1.462500000000000000e+02,3.433333333333333570e+01
2.839999999999999858e+00,1.467500000000000000e+02,3.444444444444444287e+01
2.839999999999999858e+00,1.472500000000000000e+02,3.555555555555555003e+01
2.839999999999999858e+00,1.477500000000000000e+02,3.622222222222222143e+01
2.839999999999999858e+00,1.482500000000000000e+02,3.622222222222222143e+01
2.839999999999999858e+00,1.487500000000000000e+02,3.466666666666666430e+01
2.839999999999999858e+00,1.492500000000000000e+02,3.388888888888888573e+01
2.839999999999999858e+00,1.497500000000000000e+02,3.611111111111110716e+01
2.839999999999999858e+00,1.502500000000000000e+02,3.833333333333333570e+01
2.839999999999999858e+00,1.507500000000000000e+02,4.033333333333333570e+01
2.839999999999999858e+00,1.512500000000000000e+02,3.944444444444444287e+01
2.839999999999999858e+00,1.517500000000000000e+02,3.733333333333333570e+01
2.839999999999999858e+00,1.522500000000000000e+02,3.822222222222222143e+01
2.839999999999999858e+00,1.527500000000000000e+02,3.911111111111110716e+01
2.839999999999999858e+00,1.532500000000000000e+02,4.311111111111110716e+01
2.839999999999999858e+00,1.537500000000000000e+02,4.422222222222222143e+01
2.839999999999999858e+00,1.542500000000000000e+02,4.466666666666666430e+01
2.839999999999999858e+00,1.547500000000000000e+02,4.200000000000000000e+01
2.839999999999999858e+00,1.552500000000000000e+02,4.222222222222222143e+01
2.839999999999999858e+00,1.557500000000000000e+02,4.288888888888888573e+01
2.839999999999999858e+00,1.562500000000000000e+02,4.455555555555555003e+01
2.839999999999999858e+00,1.567500000000000000e+02,4.411111111111110716e+01
2.839999999999999858e+00,1.572500000000000000e+02,4.477777777777777146e+01
2.839999999999999858e+00,1.577500000000000000e+02,4.755555555555555003e+01
2.839999999999999858e+00,1.582500000000000000e+02,4.866666666666666430e+01
2.839999999999999858e+00,1.587500000000000000e+02,5.122222222222222854e+01
2.839999999999999858e+00,1.592500000000000000e+02,4.933333333333333570e+01
2.839999999999999858e+00,1.597500000000000000e+02,5.000000000000000000e+01
2.839999999999999858e+00,1.602500000000000000e+02,5.111111111111110716e+01
2.839999999999999858e+00,1.607500000000000000e+02,5.288888888888888573e+01
2.839999999999999858e+00,1.612500000000000000e+02,5.255555555555555003e+01
2.839999999999999858e+00,1.617500000000000000e+02,4.955555555555555003e+01
2.839999999999999858e+00,1.622500000000000000e+02,4.588888888888888573e+01
2.839999999999999858e+00,1.627500000000000000e+02,4.622222222222222143e+01
2.839999999999999858e+00,1.632500000000000000e+02,4.477777777777777146e+01
2.839999999999999858e+00,1.637500000000000000e+02,4.577777777777777146e+01
2.839999999999999858e+00,1.642500000000000000e+02,4.299999999999999289e+01
2.839999999999999858e+00,1.647500000000000000e+02,4.211111111111110006e+01
2.839999999999999858e+00,1.652500000000000000e+02,3.911111111111110006e+01
2.839999999999999858e+00,1.657500000000000000e+02,3.788888888888887863e+01
2.839999999999999858e+00,1.662500000000000000e+02,3.766666666666665719e+01
2.839999999999999858e+00,1.667500000000000000e+02,3.866666666666665719e+01
2.839999999999999858e+00,1.672500000000000000e+02,4.077777777777777146e+01
2.839999999999999858e+00,1.677500000000000000e+02,4.177777777777777146e+01
2.839999999999999858e+00,1.682500000000000000e+02,4.311111111111110716e+01
2.839999999999999858e+00,1.687500000000000000e+02,3.877777777777777146e+01
2.839999999999999858e+00,1.692500000000000000e+02,3.622222222222222143e+01
2.839999999999999858e+00,1.697500000000000000e+02,3.211111111111110716e+01
2.839999999999999858e+00,1.702500000000000000e+02,3.166666666666666785e+01
2.839999999999999858e+00,1.707500000000000000e+02,3.100000000000000000e+01
2.839999999999999858e+00,1.712500000000000000e+02,3.133333333333333215e+01
2.839999999999999858e+00,1.717500000000000000e+02,3.133333333333333215e+01
2.839999999999999858e+00,1.722500000000000000e+02,3.077777777777777501e+01
2.839999999999999858e+00,1.727500000000000000e+02,3.000000000000000000e+01
2.839999999999999858e+00,1.732500000000000000e+02,2.711111111111111072e+01
2.839999999999999858e+00,1.737500000000000000e+02,2.411111111111111072e+01
2.839999999999999858e+00,1.742500000000000000e+02,2.133333333333333215e+01
2.839999999999999858e+00,1.747500000000000000e+02,2.022222222222222499e+01
2.839999999999999858e+00,1.752500000000000000e+02,1.911111111111111072e+01
2.839999999999999858e+00,1.757500000000000000e+02,1.666666666666666785e+01
2.839999999999999858e+00,1.762500000000000000e+02,1.577777777777777857e+01
2.839999999999999858e+00,1.767500000000000000e+02,1.177777777777777857e+01
2.839999999999999858e+00,1.772500000000000000e+02,9.666666666666667851e+00
2.839999999999999858e+00,1.777500000000000000e+02,6.444444444444445530e+00
2.839999999999999858e+00,1.782500000000000000e+02,4.666666666666667851e+00
2.839999999999999858e+00,1.787500000000000000e+02,4.000000000000000888e+00
2.839999999999999858e+00,1.792500000000000000e+02,2.222222222222223209e+00
2.839999999999999858e+00,1.797500000000000000e+02,1.666666666666667629e+00
2.855999999999999872e+00,1.302500000000000000e+02,9.666666666666666075e+00
2.855999999999999872e+00,1.307500000000000000e+02,1.022222222222222321e+01
2.855999999999999872e+00,1.312500000000000000e+02,1.133333333333333393e+01
2.855999999999999872e+00,1.317500000000000000e+02,1.233333333333333393e+01
2.855999999999999872e+00,1.322500000000000000e+02,1.344444444444444287e+01
2.855999999999999872e+00,1.327500000000000000e+02,1.366666666666666430e+01
2.855999999999999872e+00,1.332500000000000000e+02,1.499999999999999822e+01
2.855999999999999872e+00,1.337500000000000000e+02,1.599999999999999822e+01
2.855999999999999872e+00,1.342500000000000000e+02,1.655555555555555358e+01
2.855999999999999872e+00,1.347500000000000000e+02,1.511111111111110716e+01
2.855999999999999872e+00,1.352500000000000000e+02,1.533333333333332860e+01
2.855999999999999872e+00,1.357500000000000000e+02,1.522222222222221610e+01
2.855999999999999872e+00,1.362500000000000000e+02,1.655555555555555003e+01
2.855999999999999872e+00,1.367500000000000000e+02,1.755555555555555003e+01
2.855999999999999872e+00,1.372500000000000000e+02,1.911111111111110361e+01
2.855999999999999872e+00,1.377500000000000000e+02,1.977777777777777146e+01
2.855999999999999872e+00,1.382500000000000000e+02,1.833333333333332860e+01
2.855999999999999872e+00,1.387500000000000000e+02,1.922222222222221788e+01
2.855999999999999872e+00,1.392500000000000000e+02,1.899999999999999645e+01
2.855999999999999872e+00,1.397500000000000000e+02,2.044444444444443931e+01
2.855999999999999872e+00,1.402500000000000000e+02,2.133333333333332860e+01
2.855999999999999872e+00,1.407500000000000000e+02,2.422222222222221788e+01
2.855999999999999872e+00,1.412500000000000000e+02,2.611111111111111072e+01
2.855999999999999872e+00,1.417500000000000000e+02,2.877777777777777501e+01
2.855999999999999872e+00,1.422500000000000000e+02,3.000000000000000000e+01
2.855999999999999872e+00,1.427500000000000000e+02,2.944444444444444287e+01
2.855999999999999872e+00,1.432500000000000000e+02,2.855555555555555358e+01
2.855999999999999872e+00,1.437500000000000000e+02,2.744444444444444287e+01
2.855999999999999872e+00,1.442500000000000000e+02,3.088888888888888573e+01
2.855999999999999872e+00,1.447500000000000000e+02,3.233333333333332860e+01
2.855999999999999872e+00,1.452500000000000000e+02,3.622222222222222143e+01
2.855999999999999872e+00,1.457500000000000000e+02,3.877777777777777857e+01
2.855999999999999872e+00,1.462500000000000000e+02,4.177777777777777857e+01
2.855999999999999872e+00,1.467500000000000000e+02,4.233333333333333570e+01
2.855999999999999872e+00,1.472500000000000000e+02,4.233333333333333570e+01
2.855999999999999872e+00,1.477500000000000000e+02,4.255555555555555713e+01
2.855999999999999872e+00,1.482500000000000000e+02,4.255555555555555713e+01
2.855999999999999872e+00,1.487500000000000000e+02,4.266666666666666430e+01
2.855999999999999872e+00,1.492500000000000000e+02,4.277777777777777146e+01
2.855999999999999872e+00,1.497500000000000000e+02,4.499999999999999289e+01
2.855999999999999872e+00,1.502500000000000000e+02,4.677777777777777146e+01
2.855999999999999872e+00,1.507500000000000000e+02,4.744444444444443576e+01
2.855999999999999872e+00,1.512500000000000000e+02,4.611111111111110716e+01
2.855999999999999872e+00,1.517500000000000000e+02,4.399999999999999289e+01
2.855999999999999872e+00,1.522500000000000000e+02,4.611111111111110716e+01
2.855999999999999872e+00,1.527500000000000000e+02,4.666666666666666430e+01
2.855999999999999872e+00,1.532500000000000000e+02,5.133333333333333570e+01
2.855999999999999872e+00,1.537500000000000000e+02,5.122222222222222143e+01
2.855999999999999872e+00,1.542500000000000000e+02,5.166666666666666430e+01
2.855999999999999872e+00,1.547500000000000000e+02,4.844444444444444997e+01
2.855999999999999872e+00,1.552500000000000000e+02,4.866666666666666430e+01
2.855999999999999872e+00,1.557500000000000000e+02,5.077777777777777857e+01
2.855999999999999872e+00,1.562500000000000000e+02,5.355555555555556424e+01
2.855999999999999872e+00,1.567500000000000000e+02,5.377777777777777857e+01
2.855999999999999872e+00,1.572500000000000000e+02,5.244444444444444997e+01
2.855999999999999872e+00,1.577500000000000000e+02,5.188888888888889284e+01
2.855999999999999872e+00,1.582500000000000000e+02,5.311111111111111427e+01
2.855999999999999872e+00,1.587500000000000000e+02,5.600000000000000000e+01
2.855999999999999872e+00,1.592500000000000000e+02,5.611111111111111427e+01
2.855999999999999872e+00,1.597500000000000000e+02,5.500000000000000000e+01
2.855999999999999872e+00,1.602500000000000000e+02,5.533333333333333570e+01
2.855999999999999872e+00,1.607500000000000000e+02,5.766666666666666430e+01
2.855999999999999872e+00,1.612500000000000000e+02,5.833333333333333570e+01
2.855999999999999872e+00,1.617500000000000000e+02,5.755555555555556424e+01
2.855999999999999872e+00,1.622500000000000000e+02,5.400000000000000711e+01
2.855999999999999872e+00,1.627500000000000000e+02,5.388888888888889284e+01
2.855999999999999872e+00,1.632500000000000000e+02,5.011111111111111427e+01
2.855999999999999872e+00,1.637500000000000000e+02,5.000000000000000000e+01
2.855999999999999872e+00,1.642500000000000000e+02,4.788888888888888573e+01
2.855999999999999872e+00,1.647500000000000000e+02,4.755555555555555003e+01
2.855999999999999872e+00,1.652500000000000000e+02,4.477777777777777146e+01
2.855999999999999872e+00,1.657500000000000000e+02,4.322222222222222143e+01
2.855999999999999872e+00,1.662500000000000000e+02,4.422222222222222143e+01
2.855999999999999872e+00,1.667500000000000000e+02,4.522222222222222143e+01
2.855999999999999872e+00,1.672500000000000000e+02,4.733333333333333570e+01
2.855999999999999872e+00,1.677500000000000000e+02,4.866666666666666430e+01
2.855999999999999872e+00,1.682500000000000000e+02,4.800000000000000000e+01
2.855999999999999872e+00,1.687500000000000000e+02,4.411111111111110716e+01
2.855999999999999872e+00,1.692500000000000000e+02,3.911111111111110716e+01
2.855999999999999872e+00,1.697500000000000000e+02,3.733333333333332860e+01
2.855999999999999872e+00,1.702500000000000000e+02,3.511111111111110716e+01
2.855999999999999872e+00,1.707500000000000000e+02,3.566666666666665719e+01
2.855999999999999872e+00,1.712500000000000000e+02,3.511111111111110006e+01
2.855999999999999872e+00,1.717500000000000000e+02,3.655555555555554292e+01
2.855999999999999872e+00,1.722500000000000000e+02,3.566666666666665719e+01
2.855999999999999872e+00,1.727500000000000000e+02,3.577777777777777146e+01
2.855999999999999872e+00,1.732500000000000000e+02,3.199999999999998934e+01
2.855999999999999872e+00,1.737500000000000000e+02,2.788888888888888218e+01
2.855999999999999872e+00,1.742500000000000000e+02,2.422222222222221433e+01
2.855999999999999872e+00,1.747500000000000000e+02,2.166666666666665719e+01
2.855999999999999872e+00,1.752500000000000000e+02,2.133333333333332504e+01
2.855999999999999872e+00,1.757500000000000000e+02,1.788888888888887863e+01
2.855999999999999872e+00,1.762500000000000000e+02,1.811111111111110006e+01
2.855999999999999872e+00,1.767500000000000000e+02,1.333333333333332149e+01
2.855999999999999872e+00,1.772500000000000000e+02,1.099999999999998757e+01
2.855999999999999872e+00,1.777500000000000000e+02,7.555555555555543812e+00
2.855999999999999872e+00,1.782500000000000000e+02,5.555555555555543812e+00
2.855999999999999872e+00,1.787500000000000000e+02,4.444444444444433095e+00
2.855999999999999872e+00,1.792500000000000000e+02,2.111111111111099614e+00
2.855999999999999872e+00,1.797500000000000000e+02,1.555555555555543812e+00
2.871999999999999886e+00,1.302500000000000000e+02,1.100000000000000000e+01
2.871999999999999886e+00,1.307500000000000000e+02,1.244444444444444464e+01
2.871999999999999886e+00,1.312500000000000000e+02,1.400000000000000000e+01
2.871999999999999886e+00,1.317500000000000000e+02,1.422222222222222143e+01
2.871999999999999886e+00,1.322500000000000000e+02,1.566666666666666607e+01
2.871999999999999886e+00,1.327500000000000000e+02,1.555555555555555713e+01
2.871999999999999886e+00,1.332500000000000000e+02,1.711111111111111072e+01
2.871999999999999886e+00,1.337500000000000000e+02,1.722222222222222499e+01
2.871999999999999886e+00,1.342500000000000000e+02,1.888888888888888928e+01
2.871999999999999886e+00,1.347500000000000000e+02,1.788888888888888928e+01
2.871999999999999886e+00,1.352500000000000000e+02,1.933333333333333215e+01
2.871999999999999886e+00,1.357500000000000000e+02,2.000000000000000000e+01
2.871999999999999886e+00,1.362500000000000000e+02,2.166666666666666785e+01
2.871999999999999886e+00,1.367500000000000000e+02,2.188888888888888928e+01
2.871999999999999886e+00,1.372500000000000000e+02,2.211111111111111427e+01
2.871999999999999886e+00,1.377500000000000000e+02,2.266666666666667140e+01
2.871999999999999886e+00,1.382500000000000000e+02,2.166666666666667140e+01
2.871999999999999886e+00,1.387500000000000000e+02,2.377777777777778212e+01
2.871999999999999886e+00,1.392500000000000000e+02,2.455555555555555713e+01
2.871999999999999886e+00,1.397500000000000000e+02,2.677777777777778212e+01
2.871999999999999886e+00,1.402500000000000000e+02,2.788888888888889639e+01
2.871999999999999886e+00,1.407500000000000000e+02,2.844444444444445352e+01
2.871999999999999886e+00,1.412500000000000000e+02,2.877777777777778567e+01
2.871999999999999886e+00,1.417500000000000000e+02,3.011111111111111782e+01
2.871999999999999886e+00,1.422500000000000000e+02,3.255555555555556424e+01
2.871999999999999886e+00,1.427500000000000000e+02,3.244444444444444997e+01
2.871999999999999886e+00,1.432500000000000000e+02,3.211111111111111427e+01
2.871999999999999886e+00,1.437500000000000000e+02,3.144444444444444642e+01
2.871999999999999886e+00,1.442500000000000000e+02,3.388888888888889284e+01
2.871999999999999886e+00,1.447500000000000000e+02,3.500000000000000000e+01
2.871999999999999886e+00,1.452500000000000000e+02,3.922222222222222143e+01
2.871999999999999886e+00,1.457500000000000000e+02,4.355555555555555003e+01
2.871999999999999886e+00,1.462500000000000000e+02,4.744444444444443576e+01
2.871999999999999886e+00,1.467500000000000000e+02,4.822222222222222143e+01
2.871999999999999886e+00,1.472500000000000000e+02,4.855555555555555003e+01
2.871999999999999886e+00,1.477500000000000000e+02,4.866666666666666430e+01
2.871999999999999886e+00,1.482500000000000000e+02,4.855555555555555003e+01
2.871999999999999886e+00,1.487500000000000000e+02,4.744444444444443576e+01
2.871999999999999886e+00,1.492500000000000000e+02,4.733333333333332149e+01
2.871999999999999886e+00,1.497500000000000000e+02,4.988888888888887863e+01
2.871999999999999886e+00,1.502500000000000000e+02,5.211111111111109295e+01
2.871999999999999886e+00,1.507500000000000000e+02,5.422222222222220722e+01
2.871999999999999886e+00,1.512500000000000000e+02,5.199999999999999289e+01
2.871999999999999886e+00,1.517500000000000000e+02,5.144444444444443576e+01
2.871999999999999886e+00,1.522500000000000000e+02,5.166666666666665719e+01
2.871999999999999886e+00,1.527500000000000000e+02,5.411111111111110716e+01
2.871999999999999886e+00,1.532500000000000000e+02,5.955555555555555003e+01
2.871999999999999886e+00,1.537500000000000000e+02,5.877777777777777146e+01
2.871999999999999886e+00,1.542500000000000000e+02,5.788888888888887863e+01
2.871999999999999886e+00,1.547500000000000000e+02,5.411111111111109295e+01
2.871999999999999886e+00,1.552500000000000000e+02,5.644444444444442865e+01
2.871999999999999886e+00,1.557500000000000000e+02,6.077777777777776436e+01
2.871999999999999886e+00,1.562500000000000000e+02,6.388888888888887863e+01
2.871999999999999886e+00,1.567500000000000000e+02,6.388888888888887863e+01
2.871999999999999886e+00,1.572500000000000000e+02,6.299999999999997868e+01
2.871999999999999886e+00,1.577500000000000000e+02,5.922222222222220012e+01
2.871999999999999886e+00,1.582500000000000000e+02,5.922222222222220012e+01
2.871999999999999886e+00,1.587500000000000000e+02,5.855555555555553582e+01
2.871999999999999886e+00,1.592500000000000000e+02,5.999999999999997868e+01
2.871999999999999886e+00,1.597500000000000000e+02,6.011111111111108585e+01
2.871999999999999886e+00,1.602500000000000000e+02,6.133333333333331439e+01
2.871999999999999886e+00,1.607500000000000000e+02,6.388888888888886441e+01
2.871999999999999886e+00,1.612500000000000000e+02,6.299999999999997868e+01
2.871999999999999886e+00,1.617500000000000000e+02,6.299999999999997868e+01
2.871999999999999886e+00,1.622500000000000000e+02,6.011111111111109295e+01
2.871999999999999886e+00,1.627500000000000000e+02,6.144444444444442865e+01
2.871999999999999886e+00,1.632500000000000000e+02,5.899999999999997868e+01
2.871999999999999886e+00,1.637500000000000000e+02,5.822222222222220722e+01
2.871999999999999886e+00,1.642500000000000000e+02,5.577777777777776436e+01
2.871999999999999886e+00,1.647500000000000000e+02,5.366666666666665009e+01
2.871999999999999886e+00,1.652500000000000000e+02,5.399999999999997868e+01
2.871999999999999886e+00,1.657500000000000000e+02,5.488888888888887863e+01
2.871999999999999886e+00,1.662500000000000000e+02,5.544444444444442865e+01
2.871999999999999886e+00,1.667500000000000000e+02,5.499999999999997868e+01
2.871999999999999886e+00,1.672500000000000000e+02,5.555555555555553582e+01
2.871999999999999886e+00,1.677500000000000000e+02,5.833333333333331439e+01
2.871999999999999886e+00,1.682500000000000000e+02,5.777777777777776436e+01
2.871999999999999886e+00,1.687500000000000000e+02,5.344444444444442865e+01
2.871999999999999886e+00,1.692500000000000000e+02,4.655555555555554292e+01
2.871999999999999886e+00,1.697500000000000000e+02,4.377777777777776436e+01
2.871999999999999886e+00,1.702500000000000000e+02,3.955555555555554292e+01
2.871999999999999886e+00,1.707500000000000000e+02,3.911111111111109295e+01
2.871999999999999886e+00,1.712500000000000000e+02,3.877777777777776436e+01
2.871999999999999886e+00,1.717500000000000000e+02,4.277777777777776436e+01
2.871999999999999886e+00,1.722500000000000000e+02,4.233333333333331439e+01
2.871999999999999886e+00,1.727500000000000000e+02,4.055555555555553582e+01
2.871999999999999886e+00,1.732500000000000000e+02,3.599999999999997868e+01
2.871999999999999886e+00,1.737500000000000000e+02,3.255555555555553582e+01
2.871999999999999886e+00,1.742500000000000000e+02,2.855555555555553227e+01
2.871999999999999886e+00,1.747500000000000000e+02,2.477777777777775370e+01
2.871999999999999886e+00,1.752500000000000000e+02,2.322222222222220012e+01
2.871999999999999886e+00,1.757500000000000000e+02,1.999999999999997513e+01
2.871999999999999886e+00,1.762500000000000000e+02,1.955555555555553227e+01
2.871999999999999886e+00,1.767500000000000000e+02,1.488888888888886619e+01
2.871999999999999886e+00,1.772500000000000000e+02,1.299999999999997868e+01
2.871999999999999886e+00,1.777500000000000000e+02,9.555555555555534042e+00
2.871999999999999886e+00,1.782500000000000000e+02,7.888888888888867079e+00
2.871999999999999886e+00,1.787500000000000000e+02,5.777777777777754586e+00
2.871999999999999886e+00,1.792500000000000000e+02,2.999999999999977351e+00
2.871999999999999886e+00,1.797500000000000000e+02,1.555555555555532932e+00
2.887999999999999901e+00,1.302500000000000000e+02,1.155555555555555536e+01
2.887999999999999901e+00,1.307500000000000000e+02,1.333333333333333393e+01
2.887999999999999901e+00,1.312500000000000000e+02,1.500000000000000000e+01
2.887999999999999901e+00,1.317500000000000000e+02,1.511111111111110894e+01
2.887999999999999901e+00,1.322500000000000000e+02,1.655555555555555358e+01
2.887999999999999901e+00,1.327500000000000000e+02,1.688888888888888573e+01
2.887999999999999901e+00,1.332500000000000000e+02,1.788888888888888573e+01
2.887999999999999901e+00,1.337500000000000000e+02,1.799999999999999645e+01
2.887999999999999901e+00,1.342500000000000000e+02,1.966666666666666430e+01
2.887999999999999901e+00,1.347500000000000000e+02,1.955555555555555358e+01
2.887999999999999901e+00,1.352500000000000000e+02,2.122222222222221788e+01
2.887999999999999901e+00,1.357500000000000000e+02,2.322222222222221788e+01
2.887999999999999901e+00,1.362500000000000000e+02,2.455555555555555358e+01
2.887999999999999901e+00,1.367500000000000000e+02,2.444444444444443931e+01
2.887999999999999901e+00,1.372500000000000000e+02,2.399999999999998934e+01
2.887999999999999901e+00,1.377500000000000000e+02,2.522222222222221433e+01
2.887999999999999901e+00,1.382500000000000000e+02,2.633333333333332504e+01
2.887999999999999901e+00,1.387500000000000000e+02,2.711111111111110361e+01
2.887999999999999901e+00,1.392500000000000000e+02,2.955555555555555358e+01
2.887999999999999901e+00,1.397500000000000000e+02,3.133333333333332860e+01
2.887999999999999901e+00,1.402500000000000000e+02,3.477777777777777146e+01
2.887999999999999901e+00,1.407500000000000000e+02,3.355555555555555003e+01
2.887999999999999901e+00,1.412500000000000000e+02,3.355555555555555003e+01
2.887999999999999901e+00,1.417500000000000000e+02,3.344444444444443576e+01
2.887999999999999901e+00,1.422500000000000000e+02,3.522222222222221433e+01
2.887999999999999901e+00,1.427500000000000000e+02,3.622222222222221433e+01
2.887999999999999901e+00,1.432500000000000000e+02,3.555555555555555003e+01
2.887999999999999901e+00,1.437500000000000000e+02,3.777777777777777146e+01
2.887999999999999901e+00,1.442500000000000000e+02,3.966666666666665719e+01
2.887999999999999901e+00,1.447500000000000000e+02,4.488888888888887863e+01
2.887999999999999901e+00,1.452500000000000000e+02,4.644444444444443576e+01
2.887999999999999901e+00,1.457500000000000000e+02,4.977777777777777146e+01
2.887999999999999901e+00,1.462500000000000000e+02,4.966666666666665719e+01
2.887999999999999901e+00,1.467500000000000000e+02,5.222222222222220722e+01
2.887999999999999901e+00,1.472500000000000000e+02,5.233333333333332149e+01
2.887999999999999901e+00,1.477500000000000000e+02,5.266666666666665719e+01
2.887999999999999901e+00,1.482500000000000000e+02,5.211111111111110716e+01
2.887999999999999901e+00,1.487500000000000000e+02,5.188888888888888573e+01
2.887999999999999901e+00,1.492500000000000000e+02,5.466666666666666430e+01
2.887999999999999901e+00,1.497500000000000000e+02,5.788888888888888573e+01
2.887999999999999901e+00,1.502500000000000000e+02,6.166666666666666430e+01
2.887999999999999901e+00,1.507500000000000000e+02,6.188888888888888573e+01
2.887999999999999901e+00,1.512500000000000000e+02,6.000000000000000000e+01
2.887999999999999901e+00,1.517500000000000000e+02,6.022222222222222854e+01
2.887999999999999901e+00,1.522500000000000000e+02,5.911111111111111427e+01
2.887999999999999901e+00,1.527500000000000000e+02,6.077777777777777857e+01
2.887999999999999901e+00,1.532500000000000000e+02,6.288888888888889284e+01
2.887999999999999901e+00,1.537500000000000000e+02,6.277777777777779278e+01
2.887999999999999901e+00,1.542500000000000000e+02,6.455555555555557135e+01
2.887999999999999901e+00,1.547500000000000000e+02,6.288888888888890705e+01
2.887999999999999901e+00,1.552500000000000000e+02,6.911111111111112848e+01
2.887999999999999901e+00,1.557500000000000000e+02,7.066666666666667140e+01
2.887999999999999901e+00,1.562500000000000000e+02,7.311111111111112848e+01
2.887999999999999901e+00,1.567500000000000000e+02,7.055555555555555713e+01
2.887999999999999901e+00,1.572500000000000000e+02,6.977777777777778567e+01
2.887999999999999901e+00,1.577500000000000000e+02,6.666666666666667140e+01
2.887999999999999901e+00,1.582500000000000000e+02,6.688888888888889994e+01
2.887999999999999901e+00,1.587500000000000000e+02,6.544444444444445708e+01
2.887999999999999901e+00,1.592500000000000000e+02,6.755555555555557135e+01
2.887999999999999901e+00,1.597500000000000000e+02,6.677777777777778567e+01
2.887999999999999901e+00,1.602500000000000000e+02,6.888888888888889994e+01
2.887999999999999901e+00,1.607500000000000000e+02,7.022222222222222854e+01
2.887999999999999901e+00,1.612500000000000000e+02,7.122222222222222854e+01
2.887999999999999901e+00,1.617500000000000000e+02,7.355555555555555713e+01
2.887999999999999901e+00,1.622500000000000000e+02,7.100000000000000000e+01
2.887999999999999901e+00,1.627500000000000000e+02,7.122222222222221433e+01
2.887999999999999901e+00,1.632500000000000000e+02,6.733333333333332860e+01
2.887999999999999901e+00,1.637500000000000000e+02,6.688888888888889994e+01
2.887999999999999901e+00,1.642500000000000000e+02,6.533333333333334281e+01
2.887999999999999901e+00,1.647500000000000000e+02,6.433333333333334281e+01
2.887999999999999901e+00,1.652500000000000000e+02,6.577777777777778567e+01
2.887999999999999901e+00,1.657500000000000000e+02,6.600000000000001421e+01
2.887999999999999901e+00,1.662500000000000000e+02,6.411111111111112848e+01
2.887999999999999901e+00,1.667500000000000000e+02,6.122222222222223564e+01
2.887999999999999901e+00,1.672500000000000000e+02,6.100000000000002132e+01
2.887999999999999901e+00,1.677500000000000000e+02,6.155555555555557845e+01
2.887999999999999901e+00,1.682500000000000000e+02,5.955555555555557845e+01
2.887999999999999901e+00,1.687500000000000000e+02,5.522222222222224985e+01
2.887999999999999901e+00,1.692500000000000000e+02,5.155555555555557845e+01
2.887999999999999901e+00,1.697500000000000000e+02,5.122222222222224985e+01
2.887999999999999901e+00,1.702500000000000000e+02,4.722222222222224985e+01
2.887999999999999901e+00,1.707500000000000000e+02,4.533333333333334991e+01
2.887999999999999901e+00,1.712500000000000000e+02,4.288888888888891415e+01
2.887999999999999901e+00,1.717500000000000000e+02,4.688888888888891415e+01
2.887999999999999901e+00,1.722500000000000000e+02,4.644444444444447839e+01
2.887999999999999901e+00,1.727500000000000000e+02,4.455555555555557845e+01
2.887999999999999901e+00,1.732500000000000000e+02,4.022222222222224985e+01
2.887999999999999901e+00,1.737500000000000000e+02,3.622222222222224985e+01
2.887999999999999901e+00,1.742500000000000000e+02,3.266666666666669272e+01
2.887999999999999901e+00,1.747500000000000000e+02,2.866666666666669627e+01
2.887999999999999901e+00,1.752500000000000000e+02,2.833333333333336057e+01
2.887999999999999901e+00,1.757500000000000000e+02,2.444444444444447129e+01
2.887999999999999901e+00,1.762500000000000000e+02,2.166666666666669627e+01
2.887999999999999901e+00,1.767500000000000000e+02,1.622222222222225341e+01
2.887999999999999901e+00,1.772500000000000000e+02,1.422222222222225163e+01
2.887999999999999901e+00,1.777500000000000000e+02,1.122222222222225163e+01
2.887999999999999901e+00,1.782500000000000000e+02,8.777777777777808765e+00
2.887999999999999901e+00,1.787500000000000000e+02,7.000000000000031086e+00
2.887999999999999901e+00,1.792500000000000000e+02,4.000000000000031086e+00
2.887999999999999901e+00,1.797500000000000000e+02,2.888888888888919482e+00
2.903999999999999915e+00,1.302500000000000000e+02,1.422222222222222143e+01
2.903999999999999915e+00,1.307500000000000000e+02,1.600000000000000000e+01
2.903999999999999915e+00,1.312500000000000000e+02,1.711111111111111072e+01
2.903999999999999915e+00,1.317500000000000000e+02,1.733333333333333215e+01
2.903999999999999915e+00,1.322500000000000000e+02,1.911111111111111072e+01
2.903999999999999915e+00,1.327500000000000000e+02,2.022222222222221788e+01
2.903999999999999915e+00,1.332500000000000000e+02,2.099999999999999645e+01
2.903999999999999915e+00,1.337500000000000000e+02,2.033333333333332860e+01
2.903999999999999915e+00,1.342500000000000000e+02,2.111111111111110716e+01
2.903999999999999915e+00,1.347500000000000000e+02,2.077777777777777501e+01
2.903999999999999915e+00,1.352500000000000000e+02,2.322222222222221788e+01
2.903999999999999915e+00,1.357500000000000000e+02,2.511111111111110361e+01
2.903999999999999915e+00,1.362500000000000000e+02,2.777777777777777146e+01
2.903999999999999915e+00,1.367500000000000000e+02,2.777777777777777146e+01
2.903999999999999915e+00,1.372500000000000000e+02,2.922222222222221788e+01
2.903999999999999915e+00,1.377500000000000000e+02,3.111111111111111072e+01
2.903999999999999915e+00,1.382500000000000000e+02,3.277777777777777857e+01
2.903999999999999915e+00,1.387500000000000000e+02,3.122222222222221788e+01
2.903999999999999915e+00,1.392500000000000000e+02,3.144444444444443931e+01
2.903999999999999915e+00,1.397500000000000000e+02,3.166666666666666075e+01
2.903999999999999915e+00,1.402500000000000000e+02,3.655555555555555003e+01
2.903999999999999915e+00,1.407500000000000000e+02,3.622222222222222143e+01
2.903999999999999915e+00,1.412500000000000000e+02,3.744444444444443576e+01
2.903999999999999915e+00,1.417500000000000000e+02,3.766666666666666430e+01
2.903999999999999915e+00,1.422500000000000000e+02,3.955555555555555003e+01
2.903999999999999915e+00,1.427500000000000000e+02,3.955555555555555003e+01
2.903999999999999915e+00,1.432500000000000000e+02,3.955555555555555003e+01
2.903999999999999915e+00,1.437500000000000000e+02,4.199999999999999289e+01
2.903999999999999915e+00,1.442500000000000000e+02,4.477777777777777146e+01
2.903999999999999915e+00,1.447500000000000000e+02,4.988888888888887863e+01
2.903999999999999915e+00,1.452500000000000000e+02,5.111111111111110716e+01
2.903999999999999915e+00,1.457500000000000000e+02,5.433333333333332149e+01
2.903999999999999915e+00,1.462500000000000000e+02,5.399999999999999289e+01
2.903999999999999915e+00,1.467500000000000000e+02,5.577777777777777146e+01
2.903999999999999915e+00,1.472500000000000000e+02,5.766666666666665719e+01
2.903999999999999915e+00,1.477500000000000000e+02,5.699999999999999289e+01
2.903999999999999915e+00,1.482500000000000000e+02,5.922222222222220722e+01
2.903999999999999915e+00,1.487500000000000000e+02,5.877777777777777146e+01
2.903999999999999915e+00,1.492500000000000000e+02,6.211111111111110716e+01
2.903999999999999915e+00,1.497500000000000000e+02,6.388888888888888573e+01
2.903999999999999915e+00,1.502500000000000000e+02,6.444444444444444287e+01
2.903999999999999915e+00,1.507500000000000000e+02,6.466666666666665719e+01
2.903999999999999915e+00,1.512500000000000000e+02,6.388888888888887863e+01
2.903999999999999915e+00,1.517500000000000000e+02,6.688888888888887152e+01
2.903999999999999915e+00,1.522500000000000000e+02,6.488888888888887152e+01
2.903999999999999915e+00,1.527500000000000000e+02,6.488888888888887152e+01
2.903999999999999915e+00,1.532500000000000000e+02,6.699999999999998579e+01
2.903999999999999915e+00,1.537500000000000000e+02,7.099999999999998579e+01
2.903999999999999915e+00,1.542500000000000000e+02,7.566666666666664298e+01
2.903999999999999915e+00,1.547500000000000000e+02,7.533333333333331439e+01
2.903999999999999915e+00,1.552500000000000000e+02,7.911111111111110006e+01
2.903999999999999915e+00,1.557500000000000000e+02,7.955555555555554292e+01
2.903999999999999915e+00,1.562500000000000000e+02,7.922222222222221433e+01
2.903999999999999915e+00,1.567500000000000000e+02,7.833333333333331439e+01
2.903999999999999915e+00,1.572500000000000000e+02,7.833333333333331439e+01
2.903999999999999915e+00,1.577500000000000000e+02,7.799999999999998579e+01
2.903999999999999915e+00,1.582500000000000000e+02,7.766666666666664298e+01
2.903999999999999915e+00,1.587500000000000000e+02,7.688888888888887152e+01
2.903999999999999915e+00,1.592500000000000000e+02,7.877777777777775725e+01
2.903999999999999915e+00,1.597500000000000000e+02,7.633333333333331439e+01
2.903999999999999915e+00,1.602500000000000000e+02,7.666666666666664298e+01
2.903999999999999915e+00,1.607500000000000000e+02,7.411111111111108585e+01
2.903999999999999915e+00,1.612500000000000000e+02,7.622222222222218591e+01
2.903999999999999915e+00,1.617500000000000000e+02,7.899999999999997158e+01
2.903999999999999915e+00,1.622500000000000000e+02,8.155555555555552871e+01
2.903999999999999915e+00,1.627500000000000000e+02,8.122222222222218591e+01
2.903999999999999915e+00,1.632500000000000000e+02,7.955555555555552871e+01
2.903999999999999915e+00,1.637500000000000000e+02,7.833333333333330017e+01
2.903999999999999915e+00,1.642500000000000000e+02,7.733333333333330017e+01
2.903999999999999915e+00,1.647500000000000000e+02,7.399999999999995737e+01
2.903999999999999915e+00,1.652500000000000000e+02,7.333333333333330017e+01
2.903999999999999915e+00,1.657500000000000000e+02,7.366666666666662877e+01
2.903999999999999915e+00,1.662500000000000000e+02,7.211111111111107164e+01
2.903999999999999915e+00,1.667500000000000000e+02,6.988888888888884310e+01
2.903999999999999915e+00,1.672500000000000000e+02,6.966666666666662877e+01
2.903999999999999915e+00,1.677500000000000000e+02,6.933333333333330017e+01
2.903999999999999915e+00,1.682500000000000000e+02,7.088888888888884310e+01
2.903999999999999915e+00,1.687500000000000000e+02,6.522222222222218591e+01
2.903999999999999915e+00,1.692500000000000000e+02,6.255555555555551450e+01
2.903999999999999915e+00,1.697500000000000000e+02,5.744444444444440023e+01
2.903999999999999915e+00,1.702500000000000000e+02,5.355555555555550740e+01
2.903999999999999915e+00,1.707500000000000000e+02,4.955555555555550740e+01
2.903999999999999915e+00,1.712500000000000000e+02,4.799999999999995026e+01
2.903999999999999915e+00,1.717500000000000000e+02,5.155555555555550740e+01
2.903999999999999915e+00,1.722500000000000000e+02,5.211111111111105743e+01
2.903999999999999915e+00,1.727500000000000000e+02,4.788888888888883599e+01
2.903999999999999915e+00,1.732500000000000000e+02,4.288888888888883599e+01
2.903999999999999915e+00,1.737500000000000000e+02,3.777777777777772883e+01
2.903999999999999915e+00,1.742500000000000000e+02,3.566666666666662167e+01
2.903999999999999915e+00,1.747500000000000000e+02,3.088888888888883955e+01
2.903999999999999915e+00,1.752500000000000000e+02,2.966666666666661456e+01
2.903999999999999915e+00,1.757500000000000000e+02,2.599999999999994671e+01
2.903999999999999915e+00,1.762500000000000000e+02,2.344444444444438957e+01
2.903999999999999915e+00,1.767500000000000000e+02,1.955555555555550029e+01
2.903999999999999915e+00,1.772500000000000000e+02,1.711111111111105743e+01
2.903999999999999915e+00,1.777500000000000000e+02,1.477777777777772350e+01
2.903999999999999915e+00,1.782500000000000000e+02,1.088888888888883422e+01
2.903999999999999915e+00,1.787500000000000000e+02,8.111111111111055649e+00
2.903999999999999915e+00,1.792500000000000000e+02,4.444444444444389575e+00
2.903999999999999915e+00,1.797500000000000000e+02,3.111111111111056093e+00
2.919999999999999929e+00,1.302500000000000000e+02,1.666666666666666785e+01
2.919999999999999929e+00,1.307500000000000000e+02,1.788888888888888928e+01
2.919999999999999929e+00,1.312500000000000000e+02,1.922222222222222143e+01
2.919999999999999929e+00,1.317500000000000000e+02,2.088888888888888928e+01
2.919999999999999929e+00,1.322500000000000000e+02,2.222222222222221788e+01
2.919999999999999929e+00,1.327500000000000000e+02,2.244444444444443931e+01
2.919999999999999929e+00,1.332500000000000000e+02,2.244444444444443931e+01
2.919999999999999929e+00,1.337500000000000000e+02,2.288888888888888573e+01
2.919999999999999929e+00,1.342500000000000000e+02,2.366666666666666785e+01
2.919999999999999929e+00,1.347500000000000000e+02,2.411111111111111072e+01
2.919999999999999929e+00,1.352500000000000000e+02,2.588888888888888573e+01
2.919999999999999929e+00,1.357500000000000000e+02,2.711111111111110361e+01
2.919999999999999929e+00,1.362500000000000000e+02,2.944444444444443931e+01
2.919999999999999929e+00,1.367500000000000000e+02,2.977777777777777146e+01
2.919999999999999929e+00,1.372500000000000000e+02,3.366666666666666430e+01
2.919999999999999929e+00,1.377500000000000000e+02,3.488888888888888573e+01
2.919999999999999929e+00,1.382500000000000000e+02,3.644444444444443576e+01
2.919999999999999929e+00,1.387500000000000000e+02,3.311111111111110716e+01
2.919999999999999929e+00,1.392500000000000000e+02,3.444444444444443576e+01
2.919999999999999929e+00,1.397500000000000000e+02,3.399999999999999289e+01
2.919999999999999929e+00,1.402500000000000000e+02,3.911111111111110716e+01
2.919999999999999929e+00,1.407500000000000000e+02,3.922222222222222143e+01
2.919999999999999929e+00,1.412500000000000000e+02,4.233333333333332860e+01
2.919999999999999929e+00,1.417500000000000000e+02,4.244444444444443576e+01
2.919999999999999929e+00,1.422500000000000000e+02,4.333333333333332149e+01
2.919999999999999929e+00,1.427500000000000000e+02,4.344444444444443576e+01
2.919999999999999929e+00,1.432500000000000000e+02,4.611111111111110716e+01
2.919999999999999929e+00,1.437500000000000000e+02,4.911111111111110716e+01
2.919999999999999929e+00,1.442500000000000000e+02,5.211111111111110716e+01
2.919999999999999929e+00,1.447500000000000000e+02,5.522222222222222143e+01
2.919999999999999929e+00,1.452500000000000000e+02,5.600000000000000000e+01
2.919999999999999929e+00,1.457500000000000000e+02,5.900000000000000000e+01
2.919999999999999929e+00,1.462500000000000000e+02,5.811111111111111427e+01
2.919999999999999929e+00,1.467500000000000000e+02,6.166666666666666430e+01
2.919999999999999929e+00,1.472500000000000000e+02,6.344444444444443576e+01
2.919999999999999929e+00,1.477500000000000000e+02,6.344444444444443576e+01
2.919999999999999929e+00,1.482500000000000000e+02,6.399999999999999289e+01
2.919999999999999929e+00,1.487500000000000000e+02,6.433333333333332860e+01
2.919999999999999929e+00,1.492500000000000000e+02,6.888888888888887152e+01
2.919999999999999929e+00,1.497500000000000000e+02,7.011111111111110006e+01
2.919999999999999929e+00,1.502500000000000000e+02,6.866666666666667140e+01
2.919999999999999929e+00,1.507500000000000000e+02,6.755555555555555713e+01
2.919999999999999929e+00,1.512500000000000000e+02,6.977777777777778567e+01
2.919999999999999929e+00,1.517500000000000000e+02,7.244444444444445708e+01
2.919999999999999929e+00,1.522500000000000000e+02,6.988888888888889994e+01
2.919999999999999929e+00,1.527500000000000000e+02,7.011111111111111427e+01
2.919999999999999929e+00,1.532500000000000000e+02,7.344444444444444287e+01
2.919999999999999929e+00,1.537500000000000000e+02,8.022222222222222854e+01
2.919999999999999929e+00,1.542500000000000000e+02,8.533333333333332860e+01
2.919999999999999929e+00,1.547500000000000000e+02,8.600000000000000000e+01
2.919999999999999929e+00,1.552500000000000000e+02,8.500000000000000000e+01
2.919999999999999929e+00,1.557500000000000000e+02,8.188888888888888573e+01
2.919999999999999929e+00,1.562500000000000000e+02,8.144444444444444287e+01
2.919999999999999929e+00,1.567500000000000000e+02,8.455555555555555713e+01
2.919999999999999929e+00,1.572500000000000000e+02,8.355555555555555713e+01
2.919999999999999929e+00,1.577500000000000000e+02,8.477777777777777146e+01
2.919999999999999929e+00,1.582500000000000000e+02,8.433333333333332860e+01
2.919999999999999929e+00,1.587500000000000000e+02,8.744444444444444287e+01
2.919999999999999929e+00,1.592500000000000000e+02,8.611111111111110006e+01
2.919999999999999929e+00,1.597500000000000000e+02,8.311111111111110006e+01
2.919999999999999929e+00,1.602500000000000000e+02,8.099999999999998579e+01
2.919999999999999929e+00,1.607500000000000000e+02,8.022222222222221433e+01
2.919999999999999929e+00,1.612500000000000000e+02,8.377777777777777146e+01
2.919999999999999929e+00,1.617500000000000000e+02,8.655555555555554292e+01
2.919999999999999929e+00,1.622500000000000000e+02,8.766666666666664298e+01
2.919999999999999929e+00,1.627500000000000000e+02,8.711111111111108585e+01
2.919999999999999929e+00,1.632500000000000000e+02,8.644444444444441444e+01
2.919999999999999929e+00,1.637500000000000000e+02,8.555555555555554292e+01
2.919999999999999929e+00,1.642500000000000000e+02,8.322222222222221433e+01
2.919999999999999929e+00,1.647500000000000000e+02,8.155555555555554292e+01
2.919999999999999929e+00,1.652500000000000000e+02,8.011111111111110006e+01
2.919999999999999929e+00,1.657500000000000000e+02,7.988888888888887152e+01
2.919999999999999929e+00,1.662500000000000000e+02,7.755555555555554292e+01
2.919999999999999929e+00,1.667500000000000000e+02,7.711111111111110006e+01
2.919999999999999929e+00,1.672500000000000000e+02,7.577777777777777146e+01
2.919999999999999929e+00,1.677500000000000000e+02,7.266666666666665719e+01
2.919999999999999929e+00,1.682500000000000000e+02,7.022222222222221433e+01
2.919999999999999929e+00,1.687500000000000000e+02,6.533333333333331439e+01
2.919999999999999929e+00,1.692500000000000000e+02,6.566666666666664298e+01
2.919999999999999929e+00,1.697500000000000000e+02,6.222222222222220012e+01
2.919999999999999929e+00,1.702500000000000000e+02,6.122222222222220012e+01
2.919999999999999929e+00,1.707500000000000000e+02,5.588888888888886441e+01
2.919999999999999929e+00,1.712500000000000000e+02,5.366666666666665009e+01
2.919999999999999929e+00,1.717500000000000000e+02,5.266666666666665009e+01
2.919999999999999929e+00,1.722500000000000000e+02,5.244444444444442155e+01
2.919999999999999929e+00,1.727500000000000000e+02,4.944444444444442155e+01
2.919999999999999929e+00,1.732500000000000000e+02,4.577777777777775015e+01
2.919999999999999929e+00,1.737500000000000000e+02,4.099999999999997868e+01
2.919999999999999929e+00,1.742500000000000000e+02,3.922222222222220012e+01
2.919999999999999929e+00,1.747500000000000000e+02,3.499999999999997868e+01
2.919999999999999929e+00,1.752500000000000000e+02,3.366666666666664298e+01
2.919999999999999929e+00,1.757500000000000000e+02,3.044444444444441800e+01
2.919999999999999929e+00,1.762500000000000000e+02,2.699999999999997513e+01
2.919999999999999929e+00,1.767500000000000000e+02,2.311111111111108585e+01
2.919999999999999929e+00,1.772500000000000000e+02,1.844444444444441800e+01
2.919999999999999929e+00,1.777500000000000000e+02,1.588888888888886441e+01
2.919999999999999929e+00,1.782500000000000000e+02,1.088888888888886441e+01
2.919999999999999929e+00,1.787500000000000000e+02,8.222222222222198340e+00
2.919999999999999929e+00,1.792500000000000000e+02,4.444444444444419773e+00
2.919999999999999929e+00,1.797500000000000000e+02,3.222222222222197896e+00
2.935999999999999943e+00,1.302500000000000000e+02,1.800000000000000000e+01
2.935999999999999943e+00,1.307500000000000000e+02,1.977777777777777857e+01
2.935999999999999943e+00,1.312500000000000000e+02,2.133333333333333215e+01
2.935999999999999943e+00,1.317500000000000000e+02,2.277777777777778212e+01
2.935999999999999943e+00,1.322500000000000000e+02,2.466666666666666785e+01
2.935999999999999943e+00,1.327500000000000000e+02,2.544444444444444287e+01
2.935999999999999943e+00,1.332500000000000000e+02,2.644444444444444287e+01
2.935999999999999943e+00,1.337500000000000000e+02,2.588888888888888573e+01
2.935999999999999943e+00,1.342500000000000000e+02,2.811111111111111072e+01
2.935999999999999943e+00,1.347500000000000000e+02,2.822222222222221788e+01
2.935999999999999943e+00,1.352500000000000000e+02,2.966666666666666075e+01
2.935999999999999943e+00,1.357500000000000000e+02,2.922222222222221788e+01
2.935999999999999943e+00,1.362500000000000000e+02,3.211111111111110716e+01
2.935999999999999943e+00,1.367500000000000000e+02,3.411111111111110716e+01
2.935999999999999943e+00,1.372500000000000000e+02,3.822222222222221433e+01
2.935999999999999943e+00,1.377500000000000000e+02,3.855555555555555003e+01
2.935999999999999943e+00,1.382500000000000000e+02,3.877777777777777146e+01
2.935999999999999943e+00,1.387500000000000000e+02,3.577777777777777146e+01
2.935999999999999943e+00,1.392500000000000000e+02,3.599999999999999289e+01
2.935999999999999943e+00,1.397500000000000000e+02,3.666666666666666430e+01
2.935999999999999943e+00,1.402500000000000000e+02,4.055555555555555003e+01
2.935999999999999943e+00,1.407500000000000000e+02,4.388888888888888573e+01
2.935999999999999943e+00,1.412500000000000000e+02,4.588888888888888573e+01
2.935999999999999943e+00,1.417500000000000000e+02,4.588888888888888573e+01
2.935999999999999943e+00,1.422500000000000000e+02,4.744444444444443576e+01
2.935999999999999943e+00,1.427500000000000000e+02,4.811111111111110716e+01
2.935999999999999943e+00,1.432500000000000000e+02,5.211111111111110716e+01
2.935999999999999943e+00,1.437500000000000000e+02,5.288888888888888573e+01
2.935999999999999943e+00,1.442500000000000000e+02,5.677777777777777146e+01
2.935999999999999943e+00,1.447500000000000000e+02,5.833333333333333570e+01
2.935999999999999943e+00,1.452500000000000000e+02,5.933333333333333570e+01
2.935999999999999943e+00,1.457500000000000000e+02,6.244444444444444997e+01
2.935999999999999943e+00,1.462500000000000000e+02,6.355555555555556424e+01
2.935999999999999943e+00,1.467500000000000000e+02,6.611111111111111427e+01
2.935999999999999943e+00,1.472500000000000000e+02,6.655555555555555713e+01
2.935999999999999943e+00,1.477500000000000000e+02,6.655555555555555713e+01
2.935999999999999943e+00,1.482500000000000000e+02,6.888888888888889994e+01
2.935999999999999943e+00,1.487500000000000000e+02,7.111111111111112848e+01
2.935999999999999943e+00,1.492500000000000000e+02,7.400000000000001421e+01
2.935999999999999943e+00,1.497500000000000000e+02,7.244444444444445708e+01
2.935999999999999943e+00,1.502500000000000000e+02,7.077777777777778567e+01
2.935999999999999943e+00,1.507500000000000000e+02,7.277777777777778567e+01
2.935999999999999943e+00,1.512500000000000000e+02,7.622222222222224275e+01
2.935999999999999943e+00,1.517500000000000000e+02,7.933333333333335702e+01
2.935999999999999943e+00,1.522500000000000000e+02,7.577777777777779988e+01
2.935999999999999943e+00,1.527500000000000000e+02,7.755555555555558556e+01
2.935999999999999943e+00,1.532500000000000000e+02,7.955555555555558556e+01
2.935999999999999943e+00,1.537500000000000000e+02,8.522222222222224275e+01
2.935999999999999943e+00,1.542500000000000000e+02,8.822222222222224275e+01
2.935999999999999943e+00,1.547500000000000000e+02,8.866666666666668561e+01
2.935999999999999943e+00,1.552500000000000000e+02,8.777777777777778567e+01
2.935999999999999943e+00,1.557500000000000000e+02,8.633333333333335702e+01
2.935999999999999943e+00,1.562500000000000000e+02,8.700000000000001421e+01
2.935999999999999943e+00,1.567500000000000000e+02,8.922222222222224275e+01
2.935999999999999943e+00,1.572500000000000000e+02,8.877777777777778567e+01
2.935999999999999943e+00,1.577500000000000000e+02,9.033333333333335702e+01
2.935999999999999943e+00,1.582500000000000000e+02,9.255555555555558556e+01
2.935999999999999943e+00,1.587500000000000000e+02,9.444444444444447129e+01
2.935999999999999943e+00,1.592500000000000000e+02,9.166666666666669983e+01
2.935999999999999943e+00,1.597500000000000000e+02,9.077777777777782831e+01
2.935999999999999943e+00,1.602500000000000000e+02,8.988888888888892836e+01
2.935999999999999943e+00,1.607500000000000000e+02,8.911111111111115690e+01
2.935999999999999943e+00,1.612500000000000000e+02,8.722222222222227117e+01
2.935999999999999943e+00,1.617500000000000000e+02,8.744444444444449971e+01
2.935999999999999943e+00,1.622500000000000000e+02,8.822222222222228538e+01
2.935999999999999943e+00,1.627500000000000000e+02,8.977777777777784252e+01
2.935999999999999943e+00,1.632500000000000000e+02,9.055555555555561398e+01
2.935999999999999943e+00,1.637500000000000000e+02,9.066666666666672825e+01
2.935999999999999943e+00,1.642500000000000000e+02,9.022222222222228538e+01
2.935999999999999943e+00,1.647500000000000000e+02,8.788888888888895679e+01
2.935999999999999943e+00,1.652500000000000000e+02,8.533333333333338544e+01
2.935999999999999943e+00,1.657500000000000000e+02,8.244444444444449971e+01
2.935999999999999943e+00,1.662500000000000000e+02,8.122222222222228538e+01
2.935999999999999943e+00,1.667500000000000000e+02,8.244444444444451392e+01
2.935999999999999943e+00,1.672500000000000000e+02,7.977777777777784252e+01
2.935999999999999943e+00,1.677500000000000000e+02,7.822222222222228538e+01
2.935999999999999943e+00,1.682500000000000000e+02,7.711111111111118532e+01
2.935999999999999943e+00,1.687500000000000000e+02,7.611111111111118532e+01
2.935999999999999943e+00,1.692500000000000000e+02,7.466666666666674246e+01
2.935999999999999943e+00,1.697500000000000000e+02,6.733333333333341386e+01
2.935999999999999943e+00,1.702500000000000000e+02,6.377777777777784962e+01
2.935999999999999943e+00,1.707500000000000000e+02,5.955555555555562108e+01
2.935999999999999943e+00,1.712500000000000000e+02,5.922222222222228538e+01
2.935999999999999943e+00,1.717500000000000000e+02,5.588888888888894968e+01
2.935999999999999943e+00,1.722500000000000000e+02,5.377777777777783541e+01
2.935999999999999943e+00,1.727500000000000000e+02,4.977777777777783541e+01
2.935999999999999943e+00,1.732500000000000000e+02,4.733333333333339255e+01
2.935999999999999943e+00,1.737500000000000000e+02,4.322222222222228538e+01
2.935999999999999943e+00,1.742500000000000000e+02,4.066666666666673535e+01
2.935999999999999943e+00,1.747500000000000000e+02,3.711111111111117822e+01
2.935999999999999943e+00,1.752500000000000000e+02,3.266666666666673535e+01
2.935999999999999943e+00,1.757500000000000000e+02,3.122222222222228538e+01
2.935999999999999943e+00,1.762500000000000000e+02,2.733333333333339610e+01
2.935999999999999943e+00,1.767500000000000000e+02,2.633333333333339610e+01
2.935999999999999943e+00,1.772500000000000000e+02,2.100000000000006040e+01
2.935999999999999943e+00,1.777500000000000000e+02,1.855555555555561753e+01
2.935999999999999943e+00,1.782500000000000000e+02,1.311111111111117289e+01
2.935999999999999943e+00,1.787500000000000000e+02,9.666666666666728247e+00
2.935999999999999943e+00,1.792500000000000000e+02,5.555555555555616642e+00
2.935999999999999943e+00,1.797500000000000000e+02,3.222222222222283161e+00
2.951999999999999957e+00,1.302500000000000000e+02,2.144444444444444287e+01
2.951999999999999957e+00,1.307500000000000000e+02,2.144444444444444287e+01
2.951999999999999957e+00,1.312500000000000000e+02,2.255555555555555358e+01
2.951999999999999957e+00,1.317500000000000000e+02,2.366666666666666075e+01
2.951999999999999957e+00,1.322500000000000000e+02,2.566666666666666075e+01
2.951999999999999957e+00,1.327500000000000000e+02,2.611111111111110361e+01
2.951999999999999957e+00,1.332500000000000000e+02,2.722222222222221433e+01
2.951999999999999957e+00,1.337500000000000000e+02,2.833333333333332504e+01
2.951999999999999957e+00,1.342500000000000000e+02,3.066666666666665719e+01
2.951999999999999957e+00,1.347500000000000000e+02,3.099999999999998934e+01
2.951999999999999957e+00,1.352500000000000000e+02,3.255555555555555003e+01
2.951999999999999957e+00,1.357500000000000000e+02,3.311111111111110716e+01
2.951999999999999957e+00,1.362500000000000000e+02,3.533333333333332860e+01
2.951999999999999957e+00,1.367500000000000000e+02,3.833333333333332860e+01
2.951999999999999957e+00,1.372500000000000000e+02,4.188888888888888573e+01
2.951999999999999957e+00,1.377500000000000000e+02,4.300000000000000000e+01
2.951999999999999957e+00,1.382500000000000000e+02,4.111111111111110716e+01
2.951999999999999957e+00,1.387500000000000000e+02,3.955555555555555003e+01
2.951999999999999957e+00,1.392500000000000000e+02,4.166666666666666430e+01
2.951999999999999957e+00,1.397500000000000000e+02,4.300000000000000000e+01
2.951999999999999957e+00,1.402500000000000000e+02,4.600000000000000000e+01
2.951999999999999957e+00,1.407500000000000000e+02,4.866666666666666430e+01
2.951999999999999957e+00,1.412500000000000000e+02,5.044444444444444997e+01
2.951999999999999957e+00,1.417500000000000000e+02,4.988888888888889284e+01
2.951999999999999957e+00,1.422500000000000000e+02,5.166666666666667851e+01
2.951999999999999957e+00,1.427500000000000000e+02,5.366666666666667851e+01
2.951999999999999957e+00,1.432500000000000000e+02,5.822222222222222854e+01
2.951999999999999957e+00,1.437500000000000000e+02,5.744444444444444997e+01
2.951999999999999957e+00,1.442500000000000000e+02,5.944444444444444997e+01
2.951999999999999957e+00,1.447500000000000000e+02,6.077777777777777857e+01
2.951999999999999957e+00,1.452500000000000000e+02,6.244444444444444997e+01
2.951999999999999957e+00,1.457500000000000000e+02,6.700000000000000000e+01
2.951999999999999957e+00,1.462500000000000000e+02,6.644444444444444287e+01
2.951999999999999957e+00,1.467500000000000000e+02,7.022222222222221433e+01
2.951999999999999957e+00,1.472500000000000000e+02,7.055555555555555713e+01
2.951999999999999957e+00,1.477500000000000000e+02,7.277777777777777146e+01
2.951999999999999957e+00,1.482500000000000000e+02,7.166666666666667140e+01
2.951999999999999957e+00,1.487500000000000000e+02,7.111111111111110006e+01
2.951999999999999957e+00,1.492500000000000000e+02,7.188888888888887152e+01
2.951999999999999957e+00,1.497500000000000000e+02,7.011111111111110006e+01
2.951999999999999957e+00,1.502500000000000000e+02,7.211111111111110006e+01
2.951999999999999957e+00,1.507500000000000000e+02,7.733333333333331439e+01
2.951999999999999957e+00,1.512500000000000000e+02,8.155555555555554292e+01
2.951999999999999957e+00,1.517500000000000000e+02,8.433333333333331439e+01
2.951999999999999957e+00,1.522500000000000000e+02,8.211111111111108585e+01
2.951999999999999957e+00,1.527500000000000000e+02,8.777777777777775725e+01
2.951999999999999957e+00,1.532500000000000000e+02,8.877777777777775725e+01
2.951999999999999957e+00,1.537500000000000000e+02,9.055555555555552871e+01
2.951999999999999957e+00,1.542500000000000000e+02,9.188888888888885731e+01
2.951999999999999957e+00,1.547500000000000000e+02,9.099999999999995737e+01
2.951999999999999957e+00,1.552500000000000000e+02,9.322222222222218591e+01
2.951999999999999957e+00,1.557500000000000000e+02,9.288888888888885731e+01
2.951999999999999957e+00,1.562500000000000000e+02,9.488888888888885731e+01
2.951999999999999957e+00,1.567500000000000000e+02,9.466666666666662877e+01
2.951999999999999957e+00,1.572500000000000000e+02,9.366666666666662877e+01
2.951999999999999957e+00,1.577500000000000000e+02,9.766666666666662877e+01
2.951999999999999957e+00,1.582500000000000000e+02,1.005555555555555287e+02
2.951999999999999957e+00,1.587500000000000000e+02,1.019999999999999574e+02
2.951999999999999957e+00,1.592500000000000000e+02,9.811111111111107164e+01
2.951999999999999957e+00,1.597500000000000000e+02,9.922222222222217169e+01
2.951999999999999957e+00,1.602500000000000000e+02,9.566666666666662877e+01
2.951999999999999957e+00,1.607500000000000000e+02,9.511111111111107164e+01
2.951999999999999957e+00,1.612500000000000000e+02,9.299999999999995737e+01
2.951999999999999957e+00,1.617500000000000000e+02,9.322222222222217169e+01
2.951999999999999957e+00,1.622500000000000000e+02,9.444444444444440023e+01
2.951999999999999957e+00,1.627500000000000000e+02,9.577777777777772883e+01
2.951999999999999957e+00,1.632500000000000000e+02,9.888888888888884310e+01
2.951999999999999957e+00,1.637500000000000000e+02,9.933333333333327175e+01
2.951999999999999957e+00,1.642500000000000000e+02,9.733333333333327175e+01
2.951999999999999957e+00,1.647500000000000000e+02,9.622222222222217169e+01
2.951999999999999957e+00,1.652500000000000000e+02,9.311111111111107164e+01
2.951999999999999957e+00,1.657500000000000000e+02,8.988888888888884310e+01
2.951999999999999957e+00,1.662500000000000000e+02,8.788888888888884310e+01
2.951999999999999957e+00,1.667500000000000000e+02,8.811111111111107164e+01
2.951999999999999957e+00,1.672500000000000000e+02,8.399999999999995737e+01
2.951999999999999957e+00,1.677500000000000000e+02,7.933333333333330017e+01
2.951999999999999957e+00,1.682500000000000000e+02,7.822222222222218591e+01
2.951999999999999957e+00,1.687500000000000000e+02,7.788888888888884310e+01
2.951999999999999957e+00,1.692500000000000000e+02,7.944444444444440023e+01
2.951999999999999957e+00,1.697500000000000000e+02,7.133333333333330017e+01
2.951999999999999957e+00,1.702500000000000000e+02,6.944444444444440023e+01
2.951999999999999957e+00,1.707500000000000000e+02,6.355555555555551450e+01
2.951999999999999957e+00,1.712500000000000000e+02,6.399999999999996447e+01
2.951999999999999957e+00,1.717500000000000000e+02,5.922222222222219301e+01
2.951999999999999957e+00,1.722500000000000000e+02,5.566666666666662877e+01
2.951999999999999957e+00,1.727500000000000000e+02,5.233333333333329307e+01
2.951999999999999957e+00,1.732500000000000000e+02,5.122222222222217880e+01
2.951999999999999957e+00,1.737500000000000000e+02,4.955555555555551450e+01
2.951999999999999957e+00,1.742500000000000000e+02,4.477777777777773593e+01
2.951999999999999957e+00,1.747500000000000000e+02,4.044444444444440023e+01
2.951999999999999957e+00,1.752500000000000000e+02,3.488888888888885020e+01
2.951999999999999957e+00,1.757500000000000000e+02,3.399999999999996447e+01
2.951999999999999957e+00,1.762500000000000000e+02,2.888888888888885376e+01
2.951999999999999957e+00,1.767500000000000000e+02,2.855555555555551805e+01
2.951999999999999957e+00,1.772500000000000000e+02,2.222222222222218591e+01
2.951999999999999957e+00,1.777500000000000000e+02,1.911111111111107519e+01
2.951999999999999957e+00,1.782500000000000000e+02,1.299999999999996447e+01
2.951999999999999957e+00,1.787500000000000000e+02,1.033333333333329840e+01
2.951999999999999957e+00,1.792500000000000000e+02,6.666666666666631436e+00
2.951999999999999957e+00,1.797500000000000000e+02,4.111111111111076077e+00
2.967999999999999972e+00,1.302500000000000000e+02,2.644444444444444287e+01
2.967999999999999972e+00,1.307500000000000000e+02,2.488888888888888573e+01
2.967999999999999972e+00,1.312500000000000000e+02,2.577777777777777501e+01
2.967999999999999972e+00,1.317500000000000000e+02,2.511111111111111072e+01
2.967999999999999972e+00,1.322500000000000000e+02,2.811111111111111072e+01
2.967999999999999972e+00,1.327500000000000000e+02,3.000000000000000000e+01
2.967999999999999972e+00,1.332500000000000000e+02,3.255555555555555713e+01
2.967999999999999972e+00,1.337500000000000000e+02,3.322222222222222143e+01
2.967999999999999972e+00,1.342500000000000000e+02,3.355555555555555713e+01
2.967999999999999972e+00,1.347500000000000000e+02,3.400000000000000000e+01
2.967999999999999972e+00,1.352500000000000000e+02,3.566666666666666430e+01
2.967999999999999972e+00,1.357500000000000000e+02,3.611111111111110716e+01
2.967999999999999972e+00,1.362500000000000000e+02,3.844444444444444287e+01
2.967999999999999972e+00,1.367500000000000000e+02,4.233333333333333570e+01
2.967999999999999972e+00,1.372500000000000000e+02,4.566666666666666430e+01
2.967999999999999972e+00,1.377500000000000000e+02,4.611111111111110716e+01
2.967999999999999972e+00,1.382500000000000000e+02,4.399999999999999289e+01
2.967999999999999972e+00,1.387500000000000000e+02,4.322222222222220722e+01
2.967999999999999972e+00,1.392500000000000000e+02,4.488888888888887863e+01
2.967999999999999972e+00,1.397500000000000000e+02,4.722222222222220722e+01
2.967999999999999972e+00,1.402500000000000000e+02,4.933333333333331439e+01
2.967999999999999972e+00,1.407500000000000000e+02,5.444444444444442865e+01
2.967999999999999972e+00,1.412500000000000000e+02,5.488888888888887863e+01
2.967999999999999972e+00,1.417500000000000000e+02,5.555555555555554292e+01
2.967999999999999972e+00,1.422500000000000000e+02,5.622222222222220722e+01
2.967999999999999972e+00,1.427500000000000000e+02,5.944444444444442865e+01
2.967999999999999972e+00,1.432500000000000000e+02,6.277777777777776436e+01
2.967999999999999972e+00,1.437500000000000000e+02,6.144444444444442865e+01
2.967999999999999972e+00,1.442500000000000000e+02,6.222222222222220722e+01
2.967999999999999972e+00,1.447500000000000000e+02,6.488888888888887152e+01
2.967999999999999972e+00,1.452500000000000000e+02,6.844444444444444287e+01
2.967999999999999972e+00,1.457500000000000000e+02,7.288888888888887152e+01
2.967999999999999972e+00,1.462500000000000000e+02,7.244444444444442865e+01
2.967999999999999972e+00,1.467500000000000000e+02,7.533333333333331439e+01
2.967999999999999972e+00,1.472500000000000000e+02,7.555555555555554292e+01
2.967999999999999972e+00,1.477500000000000000e+02,7.677777777777777146e+01
2.967999999999999972e+00,1.482500000000000000e+02,7.711111111111110006e+01
2.967999999999999972e+00,1.487500000000000000e+02,7.611111111111110006e+01
2.967999999999999972e+00,1.492500000000000000e+02,7.666666666666667140e+01
2.967999999999999972e+00,1.497500000000000000e+02,7.333333333333332860e+01
2.967999999999999972e+00,1.502500000000000000e+02,7.744444444444444287e+01
2.967999999999999972e+00,1.507500000000000000e+02,8.433333333333332860e+01
2.967999999999999972e+00,1.512500000000000000e+02,8.666666666666667140e+01
2.967999999999999972e+00,1.517500000000000000e+02,9.044444444444445708e+01
2.967999999999999972e+00,1.522500000000000000e+02,9.122222222222224275e+01
2.967999999999999972e+00,1.527500000000000000e+02,9.788888888888891415e+01
2.967999999999999972e+00,1.532500000000000000e+02,9.566666666666668561e+01
2.967999999999999972e+00,1.537500000000000000e+02,9.488888888888891415e+01
2.967999999999999972e+00,1.542500000000000000e+02,9.588888888888891415e+01
2.967999999999999972e+00,1.547500000000000000e+02,9.488888888888891415e+01
2.967999999999999972e+00,1.552500000000000000e+02,9.911111111111114269e+01
2.967999999999999972e+00,1.557500000000000000e+02,1.008888888888889142e+02
2.967999999999999972e+00,1.562500000000000000e+02,1.037777777777778141e+02
2.967999999999999972e+00,1.567500000000000000e+02,9.966666666666669983e+01
2.967999999999999972e+00,1.572500000000000000e+02,9.877777777777781409e+01
2.967999999999999972e+00,1.577500000000000000e+02,1.052222222222222427e+02
2.967999999999999972e+00,1.582500000000000000e+02,1.088888888888889142e+02
2.967999999999999972e+00,1.587500000000000000e+02,1.078888888888889142e+02
2.967999999999999972e+00,1.592500000000000000e+02,1.026666666666666856e+02
2.967999999999999972e+00,1.597500000000000000e+02,1.036666666666666856e+02
2.967999999999999972e+00,1.602500000000000000e+02,1.031111111111111285e+02
2.967999999999999972e+00,1.607500000000000000e+02,1.038888888888889142e+02
2.967999999999999972e+00,1.612500000000000000e+02,1.020000000000000142e+02
2.967999999999999972e+00,1.617500000000000000e+02,1.010000000000000142e+02
2.967999999999999972e+00,1.622500000000000000e+02,1.022222222222222427e+02
2.967999999999999972e+00,1.627500000000000000e+02,1.028888888888889142e+02
2.967999999999999972e+00,1.632500000000000000e+02,1.063333333333333712e+02
2.967999999999999972e+00,1.637500000000000000e+02,1.040000000000000426e+02
2.967999999999999972e+00,1.642500000000000000e+02,1.026666666666666998e+02
2.967999999999999972e+00,1.647500000000000000e+02,1.012222222222222427e+02
2.967999999999999972e+00,1.652500000000000000e+02,9.866666666666669983e+01
2.967999999999999972e+00,1.657500000000000000e+02,9.655555555555559977e+01
2.967999999999999972e+00,1.662500000000000000e+02,9.322222222222227117e+01
2.967999999999999972e+00,1.667500000000000000e+02,9.311111111111115690e+01
2.967999999999999972e+00,1.672500000000000000e+02,8.966666666666669983e+01
2.967999999999999972e+00,1.677500000000000000e+02,8.400000000000004263e+01
2.967999999999999972e+00,1.682500000000000000e+02,8.688888888888892836e+01
2.967999999999999972e+00,1.687500000000000000e+02,8.444444444444449971e+01
2.967999999999999972e+00,1.692500000000000000e+02,8.477777777777782831e+01
2.967999999999999972e+00,1.697500000000000000e+02,7.477777777777782831e+01
2.967999999999999972e+00,1.702500000000000000e+02,7.322222222222227117e+01
2.967999999999999972e+00,1.707500000000000000e+02,6.722222222222227117e+01
2.967999999999999972e+00,1.712500000000000000e+02,6.633333333333337123e+01
2.967999999999999972e+00,1.717500000000000000e+02,6.077777777777782120e+01
2.967999999999999972e+00,1.722500000000000000e+02,6.022222222222226407e+01
2.967999999999999972e+00,1.727500000000000000e+02,5.655555555555559977e+01
2.967999999999999972e+00,1.732500000000000000e+02,5.544444444444449260e+01
2.967999999999999972e+00,1.737500000000000000e+02,5.277777777777782831e+01
2.967999999999999972e+00,1.742500000000000000e+02,4.755555555555559977e+01
2.967999999999999972e+00,1.747500000000000000e+02,4.311111111111114980e+01
2.967999999999999972e+00,1.752500000000000000e+02,3.711111111111114980e+01
2.967999999999999972e+00,1.757500000000000000e+02,3.544444444444448550e+01
2.967999999999999972e+00,1.762500000000000000e+02,3.033333333333337478e+01
2.967999999999999972e+00,1.767500000000000000e+02,2.977777777777781765e+01
2.967999999999999972e+00,1.772500000000000000e+02,2.444444444444448550e+01
2.967999999999999972e+00,1.777500000000000000e+02,1.988888888888892836e+01
2.967999999999999972e+00,1.782500000000000000e+02,1.377777777777781587e+01
2.967999999999999972e+00,1.787500000000000000e+02,1.000000000000003730e+01
2.967999999999999972e+00,1.792500000000000000e+02,6.777777777777816759e+00
2.967999999999999972e+00,1.797500000000000000e+02,3.666666666666705598e+00
2.983999999999999986e+00,1.302500000000000000e+02,3.066666666666666785e+01
2.983999999999999986e+00,1.307500000000000000e+02,2.800000000000000000e+01
2.983999999999999986e+00,1.312500000000000000e+02,2.833333333333333215e+01
2.983999999999999986e+00,1.317500000000000000e+02,2.877777777777778212e+01
2.983999999999999986e+00,1.322500000000000000e+02,3.044444444444444642e+01
2.983999999999999986e+00,1.327500000000000000e+02,3.166666666666666785e+01
2.983999999999999986e+00,1.332500000000000000e+02,3.333333333333333570e+01
2.983999999999999986e+00,1.337500000000000000e+02,3.544444444444444287e+01
2.983999999999999986e+00,1.342500000000000000e+02,3.600000000000000000e+01
2.983999999999999986e+00,1.347500000000000000e+02,3.666666666666666430e+01
2.983999999999999986e+00,1.352500000000000000e+02,3.811111111111111427e+01
2.983999999999999986e+00,1.357500000000000000e+02,3.866666666666667140e+01
2.983999999999999986e+00,1.362500000000000000e+02,3.977777777777777857e+01
2.983999999999999986e+00,1.367500000000000000e+02,4.233333333333333570e+01
2.983999999999999986e+00,1.372500000000000000e+02,4.644444444444443576e+01
2.983999999999999986e+00,1.377500000000000000e+02,4.922222222222222143e+01
2.983999999999999986e+00,1.382500000000000000e+02,4.933333333333333570e+01
2.983999999999999986e+00,1.387500000000000000e+02,4.833333333333333570e+01
2.983999999999999986e+00,1.392500000000000000e+02,5.066666666666666430e+01
2.983999999999999986e+00,1.397500000000000000e+02,5.277777777777777857e+01
2.983999999999999986e+00,1.402500000000000000e+02,5.466666666666666430e+01
2.983999999999999986e+00,1.407500000000000000e+02,5.944444444444444997e+01
2.983999999999999986e+00,1.412500000000000000e+02,6.011111111111111427e+01
2.983999999999999986e+00,1.417500000000000000e+02,6.155555555555556424e+01
2.983999999999999986e+00,1.422500000000000000e+02,6.077777777777777857e+01
2.983999999999999986e+00,1.427500000000000000e+02,6.311111111111111427e+01
2.983999999999999986e+00,1.432500000000000000e+02,6.577777777777778567e+01
2.983999999999999986e+00,1.437500000000000000e+02,6.566666666666667140e+01
2.983999999999999986e+00,1.442500000000000000e+02,6.444444444444444287e+01
2.983999999999999986e+00,1.447500000000000000e+02,6.855555555555554292e+01
2.983999999999999986e+00,1.452500000000000000e+02,7.222222222222221433e+01
2.983999999999999986e+00,1.457500000000000000e+02,8.022222222222221433e+01
2.983999999999999986e+00,1.462500000000000000e+02,7.777777777777777146e+01
2.983999999999999986e+00,1.467500000000000000e+02,8.055555555555554292e+01
2.983999999999999986e+00,1.472500000000000000e+02,8.111111111111110006e+01
2.983999999999999986e+00,1.477500000000000000e+02,8.333333333333331439e+01
2.983999999999999986e+00,1.482500000000000000e+02,8.322222222222221433e+01
2.983999999999999986e+00,1.487500000000000000e+02,7.988888888888887152e+01
2.983999999999999986e+00,1.492500000000000000e+02,7.899999999999998579e+01
2.983999999999999986e+00,1.497500000000000000e+02,7.911111111111110006e+01
2.983999999999999986e+00,1.502500000000000000e+02,8.444444444444444287e+01
2.983999999999999986e+00,1.507500000000000000e+02,9.044444444444444287e+01
2.983999999999999986e+00,1.512500000000000000e+02,8.955555555555554292e+01
2.983999999999999986e+00,1.517500000000000000e+02,9.300000000000000000e+01
2.983999999999999986e+00,1.522500000000000000e+02,9.588888888888887152e+01
2.983999999999999986e+00,1.527500000000000000e+02,1.032222222222222143e+02
2.983999999999999986e+00,1.532500000000000000e+02,1.004444444444444144e+02
2.983999999999999986e+00,1.537500000000000000e+02,1.003333333333333144e+02
2.983999999999999986e+00,1.542500000000000000e+02,9.999999999999998579e+01
2.983999999999999986e+00,1.547500000000000000e+02,1.003333333333333144e+02
2.983999999999999986e+00,1.552500000000000000e+02,1.024444444444444144e+02
2.983999999999999986e+00,1.557500000000000000e+02,1.059999999999999574e+02
2.983999999999999986e+00,1.562500000000000000e+02,1.088888888888888573e+02
2.983999999999999986e+00,1.567500000000000000e+02,1.083333333333333002e+02
2.983999999999999986e+00,1.572500000000000000e+02,1.052222222222221859e+02
2.983999999999999986e+00,1.577500000000000000e+02,1.101111111111110858e+02
2.983999999999999986e+00,1.582500000000000000e+02,1.117777777777777573e+02
2.983999999999999986e+00,1.587500000000000000e+02,1.141111111111110858e+02
2.983999999999999986e+00,1.592500000000000000e+02,1.082222222222221859e+02
2.983999999999999986e+00,1.597500000000000000e+02,1.071111111111110858e+02
2.983999999999999986e+00,1.602500000000000000e+02,1.039999999999999858e+02
2.983999999999999986e+00,1.607500000000000000e+02,1.059999999999999858e+02
2.983999999999999986e+00,1.612500000000000000e+02,1.082222222222222143e+02
2.983999999999999986e+00,1.617500000000000000e+02,1.073333333333333144e+02
2.983999999999999986e+00,1.622500000000000000e+02,1.124444444444444144e+02
2.983999999999999986e+00,1.627500000000000000e+02,1.118888888888888573e+02
2.983999999999999986e+00,1.632500000000000000e+02,1.145555555555555287e+02
2.983999999999999986e+00,1.637500000000000000e+02,1.086666666666666288e+02
2.983999999999999986e+00,1.642500000000000000e+02,1.066666666666666288e+02
2.983999999999999986e+00,1.647500000000000000e+02,1.063333333333333002e+02
2.983999999999999986e+00,1.652500000000000000e+02,1.058888888888888431e+02
2.983999999999999986e+00,1.657500000000000000e+02,1.026666666666666288e+02
2.983999999999999986e+00,1.662500000000000000e+02,1.002222222222221859e+02
2.983999999999999986e+00,1.667500000000000000e+02,9.677777777777775725e+01
2.983999999999999986e+00,1.672500000000000000e+02,9.377777777777775725e+01
2.983999999999999986e+00,1.677500000000000000e+02,8.633333333333330017e+01
2.983999999999999986e+00,1.682500000000000000e+02,8.711111111111107164e+01
2.983999999999999986e+00,1.687500000000000000e+02,8.622222222222217169e+01
2.983999999999999986e+00,1.692500000000000000e+02,8.577777777777772883e+01
2.983999999999999986e+00,1.697500000000000000e+02,8.055555555555551450e+01
2.983999999999999986e+00,1.702500000000000000e+02,7.877777777777772883e+01
2.983999999999999986e+00,1.707500000000000000e+02,7.422222222222218591e+01
2.983999999999999986e+00,1.712500000000000000e+02,7.222222222222218591e+01
2.983999999999999986e+00,1.717500000000000000e+02,6.411111111111107164e+01
2.983999999999999986e+00,1.722500000000000000e+02,6.244444444444440023e+01
2.983999999999999986e+00,1.727500000000000000e+02,5.911111111111106453e+01
2.983999999999999986e+00,1.732500000000000000e+02,5.811111111111106453e+01
2.983999999999999986e+00,1.737500000000000000e+02,5.566666666666662167e+01
2.983999999999999986e+00,1.742500000000000000e+02,4.933333333333328596e+01
2.983999999999999986e+00,1.747500000000000000e+02,4.411111111111106453e+01
2.983999999999999986e+00,1.752500000000000000e+02,3.888888888888885020e+01
2.983999999999999986e+00,1.757500000000000000e+02,3.466666666666662877e+01
2.983999999999999986e+00,1.762500000000000000e+02,3.111111111111107519e+01
2.983999999999999986e+00,1.767500000000000000e+02,2.877777777777774304e+01
2.983999999999999986e+00,1.772500000000000000e+02,2.555555555555551805e+01
2.983999999999999986e+00,1.777500000000000000e+02,2.066666666666663232e+01
2.983999999999999986e+00,1.782500000000000000e+02,1.522222222222218591e+01
2.983999999999999986e+00,1.787500000000000000e+02,1.044444444444440911e+01
2.983999999999999986e+00,1.792500000000000000e+02,6.444444444444408227e+00
2.983999999999999986e+00,1.797500000000000000e+02,3.222222222222186350e+00
3.000000000000000000e+00,1.302500000000000000e+02,3.377777777777777857e+01
3.000000000000000000e+00,1.307500000000000000e+02,3.155555555555555713e+01
3.000000000000000000e+00,1.312500000000000000e+02,3.177777777777778212e+01
3.000000000000000000e+00,1.317500000000000000e+02,3.188888888888889639e+01
3.000000000000000000e+00,1.322500000000000000e+02,3.355555555555556424e+01
3.000000000000000000e+00,1.327500000000000000e+02,3.533333333333334281e+01
3.000000000000000000e+00,1.332500000000000000e+02,3.577777777777779278e+01
3.000000000000000000e+00,1.337500000000000000e+02,3.688888888888890705e+01
3.000000000000000000e+00,1.342500000000000000e+02,3.866666666666667851e+01
3.000000000000000000e+00,1.347500000000000000e+02,4.044444444444445708e+01
3.000000000000000000e+00,1.352500000000000000e+02,4.155555555555557135e+01
3.000000000000000000e+00,1.357500000000000000e+02,3.988888888888890705e+01
3.000000000000000000e+00,1.362500000000000000e+02,4.000000000000002132e+01
3.000000000000000000e+00,1.367500000000000000e+02,4.255555555555557135e+01
3.000000000000000000e+00,1.372500000000000000e+02,4.688888888888890705e+01
3.000000000000000000e+00,1.377500000000000000e+02,5.133333333333334991e+01
3.000000000000000000e+00,1.382500000000000000e+02,5.366666666666668561e+01
3.000000000000000000e+00,1.387500000000000000e+02,5.311111111111113559e+01
3.000000000000000000e+00,1.392500000000000000e+02,5.444444444444446418e+01
3.000000000000000000e+00,1.397500000000000000e+02,5.466666666666668561e+01
3.000000000000000000e+00,1.402500000000000000e+02,5.555555555555557135e+01
3.000000000000000000e+00,1.407500000000000000e+02,6.066666666666668561e+01
3.000000000000000000e+00,1.412500000000000000e+02,6.322222222222224985e+01
3.000000000000000000e+00,1.417500000000000000e+02,6.588888888888891415e+01
3.000000000000000000e+00,1.422500000000000000e+02,6.322222222222224985e+01
3.000000000000000000e+00,1.427500000000000000e+02,6.366666666666668561e+01
3.000000000000000000e+00,1.432500000000000000e+02,6.544444444444447129e+01
3.000000000000000000e+00,1.437500000000000000e+02,6.933333333333335702e+01
3.000000000000000000e+00,1.442500000000000000e+02,6.988888888888889994e+01
3.000000000000000000e+00,1.447500000000000000e+02,7.566666666666668561e+01
3.000000000000000000e+00,1.452500000000000000e+02,7.666666666666668561e+01
3.000000000000000000e+00,1.457500000000000000e+02,8.233333333333335702e+01
3.000000000000000000e+00,1.462500000000000000e+02,7.900000000000001421e+01
3.000000000000000000e+00,1.467500000000000000e+02,8.100000000000001421e+01
3.000000000000000000e+00,1.472500000000000000e+02,8.033333333333335702e+01
3.000000000000000000e+00,1.477500000000000000e+02,8.355555555555558556e+01
3.000000000000000000e+00,1.482500000000000000e+02,8.655555555555558556e+01
3.000000000000000000e+00,1.487500000000000000e+02,8.911111111111114269e+01
3.000000000000000000e+00,1.492500000000000000e+02,8.900000000000004263e+01
3.000000000000000000e+00,1.497500000000000000e+02,8.877777777777782831e+01
3.000000000000000000e+00,1.502500000000000000e+02,9.100000000000005684e+01
3.000000000000000000e+00,1.507500000000000000e+02,9.500000000000005684e+01
3.000000000000000000e+00,1.512500000000000000e+02,9.222222222222228538e+01
3.000000000000000000e+00,1.517500000000000000e+02,9.500000000000005684e+01
3.000000000000000000e+00,1.522500000000000000e+02,9.766666666666672825e+01
3.000000000000000000e+00,1.527500000000000000e+02,1.045555555555556140e+02
3.000000000000000000e+00,1.532500000000000000e+02,1.043333333333333854e+02
3.000000000000000000e+00,1.537500000000000000e+02,1.051111111111111569e+02
3.000000000000000000e+00,1.542500000000000000e+02,1.037777777777778283e+02
3.000000000000000000e+00,1.547500000000000000e+02,1.041111111111111569e+02
3.000000000000000000e+00,1.552500000000000000e+02,1.034444444444444997e+02
3.000000000000000000e+00,1.557500000000000000e+02,1.070000000000000568e+02
3.000000000000000000e+00,1.562500000000000000e+02,1.124444444444444997e+02
3.000000000000000000e+00,1.567500000000000000e+02,1.155555555555555998e+02
3.000000000000000000e+00,1.572500000000000000e+02,1.134444444444444997e+02
3.000000000000000000e+00,1.577500000000000000e+02,1.122222222222222712e+02
3.000000000000000000e+00,1.582500000000000000e+02,1.134444444444444997e+02
3.000000000000000000e+00,1.587500000000000000e+02,1.164444444444444997e+02
3.000000000000000000e+00,1.592500000000000000e+02,1.095555555555555998e+02
3.000000000000000000e+00,1.597500000000000000e+02,1.086666666666666998e+02
3.000000000000000000e+00,1.602500000000000000e+02,1.081111111111111569e+02
3.000000000000000000e+00,1.607500000000000000e+02,1.148888888888889568e+02
3.000000000000000000e+00,1.612500000000000000e+02,1.151111111111111853e+02
3.000000000000000000e+00,1.617500000000000000e+02,1.148888888888889568e+02
3.000000000000000000e+00,1.622500000000000000e+02,1.155555555555556140e+02
3.000000000000000000e+00,1.627500000000000000e+02,1.142222222222222854e+02
3.000000000000000000e+00,1.632500000000000000e+02,1.127777777777778425e+02
3.000000000000000000e+00,1.637500000000000000e+02,1.062222222222222854e+02
3.000000000000000000e+00,1.642500000000000000e+02,1.064444444444445139e+02
3.000000000000000000e+00,1.647500000000000000e+02,1.070000000000000711e+02
3.000000000000000000e+00,1.652500000000000000e+02,1.105555555555556424e+02
3.000000000000000000e+00,1.657500000000000000e+02,1.094444444444445281e+02
3.000000000000000000e+00,1.662500000000000000e+02,1.057777777777778709e+02
3.000000000000000000e+00,1.667500000000000000e+02,1.023333333333334139e+02
3.000000000000000000e+00,1.672500000000000000e+02,9.788888888888897100e+01
3.000000000000000000e+00,1.677500000000000000e+02,9.333333333333341386e+01
3.000000000000000000e+00,1.682500000000000000e+02,8.988888888888897100e+01
3.000000000000000000e+00,1.687500000000000000e+02,9.011111111111119953e+01
3.000000000000000000e+00,1.692500000000000000e+02,8.666666666666674246e+01
3.000000000000000000e+00,1.697500000000000000e+02,8.333333333333341386e+01
3.000000000000000000e+00,1.702500000000000000e+02,7.911111111111118532e+01
3.000000000000000000e+00,1.707500000000000000e+02,7.633333333333341386e+01
3.000000000000000000e+00,1.712500000000000000e+02,7.544444444444451392e+01
3.000000000000000000e+00,1.717500000000000000e+02,6.644444444444451392e+01
3.000000000000000000e+00,1.722500000000000000e+02,6.388888888888896389e+01
3.000000000000000000e+00,1.727500000000000000e+02,5.866666666666674246e+01
3.000000000000000000e+00,1.732500000000000000e+02,5.677777777777785673e+01
3.000000000000000000e+00,1.737500000000000000e+02,5.422222222222230670e+01
3.000000000000000000e+00,1.742500000000000000e+02,5.100000000000008527e+01
3.000000000000000000e+00,1.747500000000000000e+02,4.811111111111119953e+01
3.000000000000000000e+00,1.752500000000000000e+02,4.244444444444453524e+01
3.000000000000000000e+00,1.757500000000000000e+02,3.533333333333342097e+01
3.000000000000000000e+00,1.762500000000000000e+02,3.144444444444453168e+01
3.000000000000000000e+00,1.767500000000000000e+02,2.900000000000008882e+01
3.000000000000000000e+00,1.772500000000000000e+02,2.722222222222231380e+01
3.000000000000000000e+00,1.777500000000000000e+02,2.177777777777786739e+01
3.000000000000000000e+00,1.782500000000000000e+02,1.655555555555564595e+01
3.000000000000000000e+00,1.787500000000000000e+02,1.088888888888897810e+01
3.000000000000000000e+00,1.792500000000000000e+02,6.333333333333423631e+00
3.000000000000000000e+00,1.797500000000000000e+02,2.777777777777867829e+00
3.016000000000000014e+00,1.302500000000000000e+02,3.411111111111110716e+01
3.016000000000000014e+00,1.307500000000000000e+02,3.155555555555555358e+01
3.016000000000000014e+00,1.312500000000000000e+02,3.222222222222222143e+01
3.016000000000000014e+00,1.317500000000000000e+02,3.377777777777777146e+01
3.016000000000000014e+00,1.322500000000000000e+02,3.599999999999999289e+01
3.016000000000000014e+00,1.327500000000000000e+02,3.766666666666665719e+01
3.016000000000000014e+00,1.332500000000000000e+02,3.688888888888887863e+01
3.016000000000000014e+00,1.337500000000000000e+02,3.899999999999999289e+01
3.016000000000000014e+00,1.342500000000000000e+02,4.111111111111110716e+01
3.016000000000000014e+00,1.347500000000000000e+02,4.199999999999999289e+01
3.016000000000000014e+00,1.352500000000000000e+02,4.255555555555554292e+01
3.016000000000000014e+00,1.357500000000000000e+02,4.199999999999999289e+01
3.016000000000000014e+00,1.362500000000000000e+02,4.233333333333332149e+01
3.016000000000000014e+00,1.367500000000000000e+02,4.433333333333332149e+01
3.016000000000000014e+00,1.372500000000000000e+02,4.866666666666665719e+01
3.016000000000000014e+00,1.377500000000000000e+02,5.399999999999999289e+01
3.016000000000000014e+00,1.382500000000000000e+02,5.666666666666665719e+01
3.016000000000000014e+00,1.387500000000000000e+02,5.544444444444443576e+01
3.016000000000000014e+00,1.392500000000000000e+02,5.677777777777777146e+01
3.016000000000000014e+00,1.397500000000000000e+02,5.711111111111110716e+01
3.016000000000000014e+00,1.402500000000000000e+02,5.755555555555555003e+01
3.016000000000000014e+00,1.407500000000000000e+02,6.122222222222222143e+01
3.016000000000000014e+00,1.412500000000000000e+02,6.333333333333333570e+01
3.016000000000000014e+00,1.417500000000000000e+02,6.744444444444444287e+01
3.016000000000000014e+00,1.422500000000000000e+02,6.777777777777777146e+01
3.016000000000000014e+00,1.427500000000000000e+02,6.766666666666665719e+01
3.016000000000000014e+00,1.432500000000000000e+02,6.988888888888887152e+01
3.016000000000000014e+00,1.437500000000000000e+02,7.222222222222221433e+01
3.016000000000000014e+00,1.442500000000000000e+02,7.511111111111110006e+01
3.016000000000000014e+00,1.447500000000000000e+02,7.844444444444442865e+01
3.016000000000000014e+00,1.452500000000000000e+02,7.922222222222221433e+01
3.016000000000000014e+00,1.457500000000000000e+02,8.255555555555554292e+01
3.016000000000000014e+00,1.462500000000000000e+02,7.833333333333331439e+01
3.016000000000000014e+00,1.467500000000000000e+02,7.944444444444442865e+01
3.016000000000000014e+00,1.472500000000000000e+02,8.044444444444442865e+01
3.016000000000000014e+00,1.477500000000000000e+02,8.688888888888887152e+01
3.016000000000000014e+00,1.482500000000000000e+02,8.899999999999998579e+01
3.016000000000000014e+00,1.487500000000000000e+02,9.355555555555554292e+01
3.016000000000000014e+00,1.492500000000000000e+02,9.288888888888887152e+01
3.016000000000000014e+00,1.497500000000000000e+02,9.577777777777777146e+01
3.016000000000000014e+00,1.502500000000000000e+02,9.466666666666667140e+01
3.016000000000000014e+00,1.507500000000000000e+02,9.722222222222221433e+01
3.016000000000000014e+00,1.512500000000000000e+02,9.511111111111108585e+01
3.016000000000000014e+00,1.517500000000000000e+02,9.799999999999995737e+01
3.016000000000000014e+00,1.522500000000000000e+02,9.988888888888885731e+01
3.016000000000000014e+00,1.527500000000000000e+02,1.069999999999999574e+02
3.016000000000000014e+00,1.532500000000000000e+02,1.093333333333333002e+02
3.016000000000000014e+00,1.537500000000000000e+02,1.118888888888888573e+02
3.016000000000000014e+00,1.542500000000000000e+02,1.101111111111110858e+02
3.016000000000000014e+00,1.547500000000000000e+02,1.101111111111110858e+02
3.016000000000000014e+00,1.552500000000000000e+02,1.071111111111110858e+02
3.016000000000000014e+00,1.557500000000000000e+02,1.095555555555555429e+02
3.016000000000000014e+00,1.562500000000000000e+02,1.125555555555555429e+02
3.016000000000000014e+00,1.567500000000000000e+02,1.197777777777777573e+02
3.016000000000000014e+00,1.572500000000000000e+02,1.181111111111110858e+02
3.016000000000000014e+00,1.577500000000000000e+02,1.137777777777777573e+02
3.016000000000000014e+00,1.582500000000000000e+02,1.129999999999999858e+02
3.016000000000000014e+00,1.587500000000000000e+02,1.165555555555555429e+02
3.016000000000000014e+00,1.592500000000000000e+02,1.140000000000000000e+02
3.016000000000000014e+00,1.597500000000000000e+02,1.140000000000000000e+02
3.016000000000000014e+00,1.602500000000000000e+02,1.113333333333333286e+02
3.016000000000000014e+00,1.607500000000000000e+02,1.196666666666666714e+02
3.016000000000000014e+00,1.612500000000000000e+02,1.188888888888888999e+02
3.016000000000000014e+00,1.617500000000000000e+02,1.188888888888888999e+02
3.016000000000000014e+00,1.622500000000000000e+02,1.170000000000000000e+02
3.016000000000000014e+00,1.627500000000000000e+02,1.145555555555555429e+02
3.016000000000000014e+00,1.632500000000000000e+02,1.108888888888888715e+02
3.016000000000000014e+00,1.637500000000000000e+02,1.067777777777777715e+02
3.016000000000000014e+00,1.642500000000000000e+02,1.076666666666666714e+02
3.016000000000000014e+00,1.647500000000000000e+02,1.102222222222222285e+02
3.016000000000000014e+00,1.652500000000000000e+02,1.145555555555555571e+02
3.016000000000000014e+00,1.657500000000000000e+02,1.103333333333333286e+02
3.016000000000000014e+00,1.662500000000000000e+02,1.073333333333333286e+02
3.016000000000000014e+00,1.667500000000000000e+02,1.008888888888888715e+02
3.016000000000000014e+00,1.672500000000000000e+02,9.855555555555554292e+01
3.016000000000000014e+00,1.677500000000000000e+02,9.444444444444444287e+01
3.016000000000000014e+00,1.682500000000000000e+02,9.100000000000000000e+01
3.016000000000000014e+00,1.687500000000000000e+02,9.255555555555555713e+01
3.016000000000000014e+00,1.692500000000000000e+02,9.133333333333332860e+01
3.016000000000000014e+00,1.697500000000000000e+02,8.900000000000000000e+01
3.016000000000000014e+00,1.702500000000000000e+02,8.411111111111110006e+01
3.016000000000000014e+00,1.707500000000000000e+02,8.066666666666667140e+01
3.016000000000000014e+00,1.712500000000000000e+02,7.822222222222222854e+01
3.016000000000000014e+00,1.717500000000000000e+02,6.877777777777778567e+01
3.016000000000000014e+00,1.722500000000000000e+02,6.333333333333334281e+01
3.016000000000000014e+00,1.727500000000000000e+02,6.055555555555556424e+01
3.016000000000000014e+00,1.732500000000000000e+02,5.988888888888889284e+01
3.016000000000000014e+00,1.737500000000000000e+02,5.722222222222222854e+01
3.016000000000000014e+00,1.742500000000000000e+02,5.200000000000000711e+01
3.016000000000000014e+00,1.747500000000000000e+02,4.800000000000000711e+01
3.016000000000000014e+00,1.752500000000000000e+02,4.288888888888889284e+01
3.016000000000000014e+00,1.757500000000000000e+02,3.588888888888889284e+01
3.016000000000000014e+00,1.762500000000000000e+02,3.266666666666667851e+01
3.016000000000000014e+00,1.767500000000000000e+02,3.144444444444445352e+01
3.016000000000000014e+00,1.772500000000000000e+02,2.888888888888889639e+01
3.016000000000000014e+00,1.777500000000000000e+02,2.322222222222222854e+01
3.016000000000000014e+00,1.782500000000000000e+02,1.633333333333333925e+01
3.016000000000000014e+00,1.787500000000000000e+02,1.233333333333334103e+01
3.016000000000000014e+00,1.792500000000000000e+02,7.444444444444452635e+00
3.016000000000000014e+00,1.797500000000000000e+02,4.444444444444452635e+00
3.032000000000000028e+00,1.302500000000000000e+02,3.377777777777777857e+01
3.032000000000000028e+00,1.307500000000000000e+02,3.211111111111111427e+01
3.032000000000000028e+00,1.312500000000000000e+02,3.333333333333333570e+01
3.032000000000000028e+00,1.317500000000000000e+02,3.433333333333333570e+01
3.032000000000000028e+00,1.322500000000000000e+02,3.822222222222222143e+01
3.032000000000000028e+00,1.327500000000000000e+02,4.100000000000000000e+01
3.032000000000000028e+00,1.332500000000000000e+02,4.111111111111111427e+01
3.032000000000000028e+00,1.337500000000000000e+02,4.211111111111111427e+01
3.032000000000000028e+00,1.342500000000000000e+02,4.233333333333333570e+01
3.032000000000000028e+00,1.347500000000000000e+02,4.433333333333333570e+01
3.032000000000000028e+00,1.352500000000000000e+02,4.644444444444444997e+01
3.032000000000000028e+00,1.357500000000000000e+02,4.744444444444444997e+01
3.032000000000000028e+00,1.362500000000000000e+02,4.722222222222222854e+01
3.032000000000000028e+00,1.367500000000000000e+02,4.711111111111111427e+01
3.032000000000000028e+00,1.372500000000000000e+02,4.988888888888889284e+01
3.032000000000000028e+00,1.377500000000000000e+02,5.366666666666666430e+01
3.032000000000000028e+00,1.382500000000000000e+02,5.555555555555555003e+01
3.032000000000000028e+00,1.387500000000000000e+02,5.700000000000000000e+01
3.032000000000000028e+00,1.392500000000000000e+02,5.855555555555556424e+01
3.032000000000000028e+00,1.397500000000000000e+02,6.100000000000000711e+01
3.032000000000000028e+00,1.402500000000000000e+02,5.833333333333334281e+01
3.032000000000000028e+00,1.407500000000000000e+02,6.044444444444445708e+01
3.032000000000000028e+00,1.412500000000000000e+02,6.222222222222222854e+01
3.032000000000000028e+00,1.417500000000000000e+02,7.011111111111111427e+01
3.032000000000000028e+00,1.422500000000000000e+02,7.033333333333332860e+01
3.032000000000000028e+00,1.427500000000000000e+02,7.077777777777778567e+01
3.032000000000000028e+00,1.432500000000000000e+02,7.066666666666667140e+01
3.032000000000000028e+00,1.437500000000000000e+02,7.311111111111111427e+01
3.032000000000000028e+00,1.442500000000000000e+02,7.655555555555555713e+01
3.032000000000000028e+00,1.447500000000000000e+02,7.944444444444445708e+01
3.032000000000000028e+00,1.452500000000000000e+02,8.277777777777778567e+01
3.032000000000000028e+00,1.457500000000000000e+02,8.233333333333335702e+01
3.032000000000000028e+00,1.462500000000000000e+02,7.933333333333335702e+01
3.032000000000000028e+00,1.467500000000000000e+02,7.788888888888889994e+01
3.032000000000000028e+00,1.472500000000000000e+02,8.066666666666668561e+01
3.032000000000000028e+00,1.477500000000000000e+02,8.622222222222224275e+01
3.032000000000000028e+00,1.482500000000000000e+02,9.155555555555558556e+01
3.032000000000000028e+00,1.487500000000000000e+02,9.588888888888891415e+01
3.032000000000000028e+00,1.492500000000000000e+02,9.811111111111114269e+01
3.032000000000000028e+00,1.497500000000000000e+02,9.711111111111114269e+01
3.032000000000000028e+00,1.502500000000000000e+02,9.722222222222224275e+01
3.032000000000000028e+00,1.507500000000000000e+02,9.833333333333335702e+01
3.032000000000000028e+00,1.512500000000000000e+02,1.006666666666666856e+02
3.032000000000000028e+00,1.517500000000000000e+02,1.014444444444444571e+02
3.032000000000000028e+00,1.522500000000000000e+02,1.042222222222222427e+02
3.032000000000000028e+00,1.527500000000000000e+02,1.088888888888889142e+02
3.032000000000000028e+00,1.532500000000000000e+02,1.137777777777777857e+02
3.032000000000000028e+00,1.537500000000000000e+02,1.153333333333333286e+02
3.032000000000000028e+00,1.542500000000000000e+02,1.125555555555555571e+02
3.032000000000000028e+00,1.547500000000000000e+02,1.133333333333333286e+02
3.032000000000000028e+00,1.552500000000000000e+02,1.110000000000000000e+02
3.032000000000000028e+00,1.557500000000000000e+02,1.160000000000000000e+02
3.032000000000000028e+00,1.562500000000000000e+02,1.146666666666666714e+02
3.032000000000000028e+00,1.567500000000000000e+02,1.176666666666666714e+02
3.032000000000000028e+00,1.572500000000000000e+02,1.168888888888888999e+02
3.032000000000000028e+00,1.577500000000000000e+02,1.151111111111111285e+02
3.032000000000000028e+00,1.582500000000000000e+02,1.133333333333333570e+02
3.032000000000000028e+00,1.587500000000000000e+02,1.112222222222222427e+02
3.032000000000000028e+00,1.592500000000000000e+02,1.106666666666666998e+02
3.032000000000000028e+00,1.597500000000000000e+02,1.148888888888889284e+02
3.032000000000000028e+00,1.602500000000000000e+02,1.168888888888889284e+02
3.032000000000000028e+00,1.607500000000000000e+02,1.223333333333333712e+02
3.032000000000000028e+00,1.612500000000000000e+02,1.206666666666666998e+02
3.032000000000000028e+00,1.617500000000000000e+02,1.193333333333333712e+02
3.032000000000000028e+00,1.622500000000000000e+02,1.165555555555555998e+02
3.032000000000000028e+00,1.627500000000000000e+02,1.154444444444444997e+02
3.032000000000000028e+00,1.632500000000000000e+02,1.144444444444444997e+02
3.032000000000000028e+00,1.637500000000000000e+02,1.121111111111111569e+02
3.032000000000000028e+00,1.642500000000000000e+02,1.110000000000000568e+02
3.032000000000000028e+00,1.647500000000000000e+02,1.108888888888889568e+02
3.032000000000000028e+00,1.652500000000000000e+02,1.140000000000000568e+02
3.032000000000000028e+00,1.657500000000000000e+02,1.104444444444444997e+02
3.032000000000000028e+00,1.662500000000000000e+02,1.080000000000000568e+02
3.032000000000000028e+00,1.667500000000000000e+02,1.028888888888889568e+02
3.032000000000000028e+00,1.672500000000000000e+02,9.977777777777784252e+01
3.032000000000000028e+00,1.677500000000000000e+02,9.566666666666674246e+01
3.032000000000000028e+00,1.682500000000000000e+02,9.466666666666674246e+01
3.032000000000000028e+00,1.687500000000000000e+02,9.444444444444451392e+01
3.032000000000000028e+00,1.692500000000000000e+02,9.488888888888895679e+01
3.032000000000000028e+00,1.697500000000000000e+02,8.966666666666672825e+01
3.032000000000000028e+00,1.702500000000000000e+02,8.855555555555561398e+01
3.032000000000000028e+00,1.707500000000000000e+02,8.200000000000005684e+01
3.032000000000000028e+00,1.712500000000000000e+02,7.833333333333338544e+01
3.032000000000000028e+00,1.717500000000000000e+02,6.988888888888894257e+01
3.032000000000000028e+00,1.722500000000000000e+02,6.422222222222227117e+01
3.032000000000000028e+00,1.727500000000000000e+02,6.088888888888894257e+01
3.032000000000000028e+00,1.732500000000000000e+02,6.000000000000005684e+01
3.032000000000000028e+00,1.737500000000000000e+02,5.888888888888894257e+01
3.032000000000000028e+00,1.742500000000000000e+02,5.600000000000005684e+01
3.032000000000000028e+00,1.747500000000000000e+02,5.033333333333339255e+01
3.032000000000000028e+00,1.752500000000000000e+02,4.466666666666672114e+01
3.032000000000000028e+00,1.757500000000000000e+02,3.966666666666672114e+01
3.032000000000000028e+00,1.762500000000000000e+02,3.544444444444449971e+01
3.032000000000000028e+00,1.767500000000000000e+02,3.500000000000005684e+01
3.032000000000000028e+00,1.772500000000000000e+02,2.933333333333338899e+01
3.032000000000000028e+00,1.777500000000000000e+02,2.422222222222228183e+01
3.032000000000000028e+00,1.782500000000000000e+02,1.600000000000005684e+01
3.032000000000000028e+00,1.787500000000000000e+02,1.322222222222228005e+01
3.032000000000000028e+00,1.792500000000000000e+02,8.333333333333392545e+00
3.032000000000000028e+00,1.797500000000000000e+02,5.222222222222281829e+00
3.048000000000000043e+00,1.302500000000000000e+02,3.433333333333333570e+01
3.048000000000000043e+00,1.307500000000000000e+02,3.355555555555555003e+01
3.048000000000000043e+00,1.312500000000000000e+02,3.499999999999999289e+01
3.048000000000000043e+00,1.317500000000000000e+02,3.666666666666666430e+01
3.048000000000000043e+00,1.322500000000000000e+02,4.022222222222222143e+01
3.048000000000000043e+00,1.327500000000000000e+02,4.266666666666666430e+01
3.048000000000000043e+00,1.332500000000000000e+02,4.400000000000000000e+01
3.048000000000000043e+00,1.337500000000000000e+02,4.500000000000000000e+01
3.048000000000000043e+00,1.342500000000000000e+02,4.500000000000000000e+01
3.048000000000000043e+00,1.347500000000000000e+02,4.511111111111110716e+01
3.048000000000000043e+00,1.352500000000000000e+02,4.766666666666666430e+01
3.048000000000000043e+00,1.357500000000000000e+02,5.111111111111111427e+01
3.048000000000000043e+00,1.362500000000000000e+02,5.166666666666666430e+01
3.048000000000000043e+00,1.367500000000000000e+02,4.955555555555555003e+01
3.048000000000000043e+00,1.372500000000000000e+02,4.888888888888888573e+01
3.048000000000000043e+00,1.377500000000000000e+02,5.188888888888888573e+01
3.048000000000000043e+00,1.382500000000000000e+02,5.633333333333333570e+01
3.048000000000000043e+00,1.387500000000000000e+02,5.955555555555555003e+01
3.048000000000000043e+00,1.392500000000000000e+02,6.111111111111110716e+01
3.048000000000000043e+00,1.397500000000000000e+02,6.477777777777777146e+01
3.048000000000000043e+00,1.402500000000000000e+02,6.333333333333332149e+01
3.048000000000000043e+00,1.407500000000000000e+02,6.522222222222221433e+01
3.048000000000000043e+00,1.412500000000000000e+02,6.422222222222221433e+01
3.048000000000000043e+00,1.417500000000000000e+02,6.955555555555554292e+01
3.048000000000000043e+00,1.422500000000000000e+02,7.155555555555554292e+01
3.048000000000000043e+00,1.427500000000000000e+02,7.255555555555554292e+01
3.048000000000000043e+00,1.432500000000000000e+02,7.433333333333331439e+01
3.048000000000000043e+00,1.437500000000000000e+02,7.466666666666664298e+01
3.048000000000000043e+00,1.442500000000000000e+02,7.699999999999998579e+01
3.048000000000000043e+00,1.447500000000000000e+02,7.499999999999998579e+01
3.048000000000000043e+00,1.452500000000000000e+02,8.099999999999998579e+01
3.048000000000000043e+00,1.457500000000000000e+02,8.466666666666664298e+01
3.048000000000000043e+00,1.462500000000000000e+02,8.677777777777775725e+01
3.048000000000000043e+00,1.467500000000000000e+02,8.399999999999997158e+01
3.048000000000000043e+00,1.472500000000000000e+02,8.677777777777775725e+01
3.048000000000000043e+00,1.477500000000000000e+02,9.155555555555554292e+01
3.048000000000000043e+00,1.482500000000000000e+02,9.811111111111110006e+01
3.048000000000000043e+00,1.487500000000000000e+02,9.666666666666667140e+01
3.048000000000000043e+00,1.492500000000000000e+02,9.744444444444444287e+01
3.048000000000000043e+00,1.497500000000000000e+02,9.477777777777777146e+01
3.048000000000000043e+00,1.502500000000000000e+02,9.700000000000000000e+01
3.048000000000000043e+00,1.507500000000000000e+02,9.733333333333332860e+01
3.048000000000000043e+00,1.512500000000000000e+02,1.002222222222222285e+02
3.048000000000000043e+00,1.517500000000000000e+02,1.017777777777777857e+02
3.048000000000000043e+00,1.522500000000000000e+02,1.073333333333333570e+02
3.048000000000000043e+00,1.527500000000000000e+02,1.125555555555555856e+02
3.048000000000000043e+00,1.532500000000000000e+02,1.165555555555555856e+02
3.048000000000000043e+00,1.537500000000000000e+02,1.188888888888889142e+02
3.048000000000000043e+00,1.542500000000000000e+02,1.173333333333333712e+02
3.048000000000000043e+00,1.547500000000000000e+02,1.171111111111111427e+02
3.048000000000000043e+00,1.552500000000000000e+02,1.120000000000000426e+02
3.048000000000000043e+00,1.557500000000000000e+02,1.158888888888889142e+02
3.048000000000000043e+00,1.562500000000000000e+02,1.124444444444444713e+02
3.048000000000000043e+00,1.567500000000000000e+02,1.167777777777778141e+02
3.048000000000000043e+00,1.572500000000000000e+02,1.158888888888889142e+02
3.048000000000000043e+00,1.577500000000000000e+02,1.174444444444444571e+02
3.048000000000000043e+00,1.582500000000000000e+02,1.138888888888889142e+02
3.048000000000000043e+00,1.587500000000000000e+02,1.101111111111111285e+02
3.048000000000000043e+00,1.592500000000000000e+02,1.127777777777777857e+02
3.048000000000000043e+00,1.597500000000000000e+02,1.186666666666666714e+02
3.048000000000000043e+00,1.602500000000000000e+02,1.210000000000000000e+02
3.048000000000000043e+00,1.607500000000000000e+02,1.246666666666666714e+02
3.048000000000000043e+00,1.612500000000000000e+02,1.220000000000000000e+02
3.048000000000000043e+00,1.617500000000000000e+02,1.200000000000000000e+02
3.048000000000000043e+00,1.622500000000000000e+02,1.160000000000000000e+02
3.048000000000000043e+00,1.627500000000000000e+02,1.184444444444444571e+02
3.048000000000000043e+00,1.632500000000000000e+02,1.174444444444444571e+02
3.048000000000000043e+00,1.637500000000000000e+02,1.184444444444444571e+02
3.048000000000000043e+00,1.642500000000000000e+02,1.131111111111111285e+02
3.048000000000000043e+00,1.647500000000000000e+02,1.133333333333333570e+02
3.048000000000000043e+00,1.652500000000000000e+02,1.118888888888889142e+02
3.048000000000000043e+00,1.657500000000000000e+02,1.065555555555555856e+02
3.048000000000000043e+00,1.662500000000000000e+02,1.027777777777778141e+02
3.048000000000000043e+00,1.667500000000000000e+02,1.005555555555555856e+02
3.048000000000000043e+00,1.672500000000000000e+02,1.011111111111111285e+02
3.048000000000000043e+00,1.677500000000000000e+02,9.755555555555555713e+01
3.048000000000000043e+00,1.682500000000000000e+02,9.511111111111112848e+01
3.048000000000000043e+00,1.687500000000000000e+02,9.300000000000001421e+01
3.048000000000000043e+00,1.692500000000000000e+02,9.466666666666668561e+01
3.048000000000000043e+00,1.697500000000000000e+02,8.866666666666668561e+01
3.048000000000000043e+00,1.702500000000000000e+02,9.055555555555558556e+01
3.048000000000000043e+00,1.707500000000000000e+02,8.411111111111114269e+01
3.048000000000000043e+00,1.712500000000000000e+02,7.988888888888891415e+01
3.048000000000000043e+00,1.717500000000000000e+02,7.077777777777779988e+01
3.048000000000000043e+00,1.722500000000000000e+02,6.477777777777779988e+01
3.048000000000000043e+00,1.727500000000000000e+02,6.244444444444446418e+01
3.048000000000000043e+00,1.732500000000000000e+02,6.188888888888891415e+01
3.048000000000000043e+00,1.737500000000000000e+02,6.188888888888891415e+01
3.048000000000000043e+00,1.742500000000000000e+02,5.722222222222224985e+01
3.048000000000000043e+00,1.747500000000000000e+02,5.044444444444446418e+01
3.048000000000000043e+00,1.752500000000000000e+02,4.511111111111113559e+01
3.048000000000000043e+00,1.757500000000000000e+02,4.288888888888891415e+01
3.048000000000000043e+00,1.762500000000000000e+02,3.822222222222224985e+01
3.048000000000000043e+00,1.767500000000000000e+02,3.577777777777780699e+01
3.048000000000000043e+00,1.772500000000000000e+02,2.822222222222224630e+01
3.048000000000000043e+00,1.777500000000000000e+02,2.333333333333336057e+01
3.048000000000000043e+00,1.782500000000000000e+02,1.600000000000002842e+01
3.048000000000000043e+00,1.787500000000000000e+02,1.322222222222224985e+01
3.048000000000000043e+00,1.792500000000000000e+02,8.111111111111137362e+00
3.048000000000000043e+00,1.797500000000000000e+02,4.777777777777804324e+00
3.064000000000000057e+00,1.302500000000000000e+02,3.400000000000000000e+01
3.064000000000000057e+00,1.307500000000000000e+02,3.522222222222222143e+01
3.064000000000000057e+00,1.312500000000000000e+02,3.700000000000000000e+01
3.064000000000000057e+00,1.317500000000000000e+02,3.844444444444444997e+01
3.064000000000000057e+00,1.322500000000000000e+02,4.266666666666666430e+01
3.064000000000000057e+00,1.327500000000000000e+02,4.366666666666666430e+01
3.064000000000000057e+00,1.332500000000000000e+02,4.688888888888888573e+01
3.064000000000000057e+00,1.337500000000000000e+02,4.500000000000000000e+01
3.064000000000000057e+00,1.342500000000000000e+02,4.600000000000000000e+01
3.064000000000000057e+00,1.347500000000000000e+02,4.622222222222222854e+01
3.064000000000000057e+00,1.352500000000000000e+02,4.766666666666666430e+01
3.064000000000000057e+00,1.357500000000000000e+02,5.000000000000000000e+01
3.064000000000000057e+00,1.362500000000000000e+02,4.988888888888888573e+01
3.064000000000000057e+00,1.367500000000000000e+02,5.011111111111110716e+01
3.064000000000000057e+00,1.372500000000000000e+02,4.766666666666665719e+01
3.064000000000000057e+00,1.377500000000000000e+02,5.211111111111110716e+01
3.064000000000000057e+00,1.382500000000000000e+02,5.422222222222220722e+01
3.064000000000000057e+00,1.387500000000000000e+02,6.255555555555554292e+01
3.064000000000000057e+00,1.392500000000000000e+02,6.399999999999999289e+01
3.064000000000000057e+00,1.397500000000000000e+02,6.966666666666665719e+01
3.064000000000000057e+00,1.402500000000000000e+02,6.666666666666665719e+01
3.064000000000000057e+00,1.407500000000000000e+02,6.711111111111110006e+01
3.064000000000000057e+00,1.412500000000000000e+02,6.622222222222221433e+01
3.064000000000000057e+00,1.417500000000000000e+02,7.077777777777775725e+01
3.064000000000000057e+00,1.422500000000000000e+02,7.333333333333331439e+01
3.064000000000000057e+00,1.427500000000000000e+02,7.411111111111108585e+01
3.064000000000000057e+00,1.432500000000000000e+02,7.533333333333331439e+01
3.064000000000000057e+00,1.437500000000000000e+02,7.566666666666664298e+01
3.064000000000000057e+00,1.442500000000000000e+02,7.766666666666664298e+01
3.064000000000000057e+00,1.447500000000000000e+02,7.522222222222221433e+01
3.064000000000000057e+00,1.452500000000000000e+02,8.066666666666664298e+01
3.064000000000000057e+00,1.457500000000000000e+02,8.488888888888887152e+01
3.064000000000000057e+00,1.462500000000000000e+02,9.055555555555554292e+01
3.064000000000000057e+00,1.467500000000000000e+02,8.888888888888887152e+01
3.064000000000000057e+00,1.472500000000000000e+02,9.333333333333331439e+01
3.064000000000000057e+00,1.477500000000000000e+02,9.577777777777775725e+01
3.064000000000000057e+00,1.482500000000000000e+02,1.024444444444444144e+02
3.064000000000000057e+00,1.487500000000000000e+02,9.577777777777775725e+01
3.064000000000000057e+00,1.492500000000000000e+02,9.599999999999998579e+01
3.064000000000000057e+00,1.497500000000000000e+02,9.222222222222221433e+01
3.064000000000000057e+00,1.502500000000000000e+02,9.888888888888887152e+01
3.064000000000000057e+00,1.507500000000000000e+02,1.001111111111110858e+02
3.064000000000000057e+00,1.512500000000000000e+02,1.015555555555555287e+02
3.064000000000000057e+00,1.517500000000000000e+02,1.011111111111110858e+02
3.064000000000000057e+00,1.522500000000000000e+02,1.068888888888888715e+02
3.064000000000000057e+00,1.527500000000000000e+02,1.108888888888888715e+02
3.064000000000000057e+00,1.532500000000000000e+02,1.146666666666666430e+02
3.064000000000000057e+00,1.537500000000000000e+02,1.175555555555555429e+02
3.064000000000000057e+00,1.542500000000000000e+02,1.167777777777777715e+02
3.064000000000000057e+00,1.547500000000000000e+02,1.162222222222222143e+02
3.064000000000000057e+00,1.552500000000000000e+02,1.113333333333333286e+02
3.064000000000000057e+00,1.557500000000000000e+02,1.173333333333333286e+02
3.064000000000000057e+00,1.562500000000000000e+02,1.157777777777777715e+02
3.064000000000000057e+00,1.567500000000000000e+02,1.173333333333333286e+02
3.064000000000000057e+00,1.572500000000000000e+02,1.138888888888888999e+02
3.064000000000000057e+00,1.577500000000000000e+02,1.166666666666666714e+02
3.064000000000000057e+00,1.582500000000000000e+02,1.152222222222222285e+02
3.064000000000000057e+00,1.587500000000000000e+02,1.122222222222222285e+02
3.064000000000000057e+00,1.592500000000000000e+02,1.145555555555555571e+02
3.064000000000000057e+00,1.597500000000000000e+02,1.191111111111111285e+02
3.064000000000000057e+00,1.602500000000000000e+02,1.214444444444444571e+02
3.064000000000000057e+00,1.607500000000000000e+02,1.225555555555555856e+02
3.064000000000000057e+00,1.612500000000000000e+02,1.226666666666666856e+02
3.064000000000000057e+00,1.617500000000000000e+02,1.235555555555555856e+02
3.064000000000000057e+00,1.622500000000000000e+02,1.203333333333333570e+02
3.064000000000000057e+00,1.627500000000000000e+02,1.204444444444444571e+02
3.064000000000000057e+00,1.632500000000000000e+02,1.186666666666666856e+02
3.064000000000000057e+00,1.637500000000000000e+02,1.205555555555555856e+02
3.064000000000000057e+00,1.642500000000000000e+02,1.157777777777778141e+02
3.064000000000000057e+00,1.647500000000000000e+02,1.147777777777778141e+02
3.064000000000000057e+00,1.652500000000000000e+02,1.126666666666666998e+02
3.064000000000000057e+00,1.657500000000000000e+02,1.120000000000000426e+02
3.064000000000000057e+00,1.662500000000000000e+02,1.087777777777778141e+02
3.064000000000000057e+00,1.667500000000000000e+02,1.077777777777778141e+02
3.064000000000000057e+00,1.672500000000000000e+02,1.037777777777778141e+02
3.064000000000000057e+00,1.677500000000000000e+02,1.007777777777778141e+02
3.064000000000000057e+00,1.682500000000000000e+02,9.600000000000004263e+01
3.064000000000000057e+00,1.687500000000000000e+02,9.300000000000004263e+01
3.064000000000000057e+00,1.692500000000000000e+02,9.411111111111114269e+01
3.064000000000000057e+00,1.697500000000000000e+02,8.888888888888891415e+01
3.064000000000000057e+00,1.702500000000000000e+02,9.122222222222224275e+01
3.064000000000000057e+00,1.707500000000000000e+02,8.533333333333337123e+01
3.064000000000000057e+00,1.712500000000000000e+02,8.266666666666669983e+01
3.064000000000000057e+00,1.717500000000000000e+02,7.400000000000004263e+01
3.064000000000000057e+00,1.722500000000000000e+02,6.777777777777781409e+01
3.064000000000000057e+00,1.727500000000000000e+02,6.088888888888892126e+01
3.064000000000000057e+00,1.732500000000000000e+02,5.811111111111114269e+01
3.064000000000000057e+00,1.737500000000000000e+02,5.744444444444447839e+01
3.064000000000000057e+00,1.742500000000000000e+02,5.611111111111114269e+01
3.064000000000000057e+00,1.747500000000000000e+02,5.155555555555559266e+01
3.064000000000000057e+00,1.752500000000000000e+02,4.600000000000003553e+01
3.064000000000000057e+00,1.757500000000000000e+02,4.444444444444448550e+01
3.064000000000000057e+00,1.762500000000000000e+02,3.866666666666670693e+01
3.064000000000000057e+00,1.767500000000000000e+02,3.555555555555559977e+01
3.064000000000000057e+00,1.772500000000000000e+02,2.722222222222226762e+01
3.064000000000000057e+00,1.777500000000000000e+02,2.355555555555559977e+01
3.064000000000000057e+00,1.782500000000000000e+02,1.733333333333337833e+01
3.064000000000000057e+00,1.787500000000000000e+02,1.400000000000004441e+01
3.064000000000000057e+00,1.792500000000000000e+02,8.000000000000044409e+00
3.064000000000000057e+00,1.797500000000000000e+02,4.111111111111156013e+00
3.080000000000000071e+00,1.302500000000000000e+02,3.700000000000000000e+01
3.080000000000000071e+00,1.307500000000000000e+02,3.777777777777777857e+01
3.080000000000000071e+00,1.312500000000000000e+02,4.033333333333333570e+01
3.080000000000000071e+00,1.317500000000000000e+02,4.222222222222222143e+01
3.080000000000000071e+00,1.322500000000000000e+02,4.433333333333333570e+01
3.080000000000000071e+00,1.327500000000000000e+02,4.388888888888888573e+01
3.080000000000000071e+00,1.332500000000000000e+02,4.633333333333333570e+01
3.080000000000000071e+00,1.337500000000000000e+02,4.488888888888888573e+01
3.080000000000000071e+00,1.342500000000000000e+02,4.611111111111110716e+01
3.080000000000000071e+00,1.347500000000000000e+02,4.588888888888887863e+01
3.080000000000000071e+00,1.352500000000000000e+02,4.733333333333332149e+01
3.080000000000000071e+00,1.357500000000000000e+02,4.899999999999999289e+01
3.080000000000000071e+00,1.362500000000000000e+02,5.155555555555554292e+01
3.080000000000000071e+00,1.367500000000000000e+02,5.433333333333332149e+01
3.080000000000000071e+00,1.372500000000000000e+02,5.177777777777777146e+01
3.080000000000000071e+00,1.377500000000000000e+02,5.522222222222222143e+01
3.080000000000000071e+00,1.382500000000000000e+02,5.433333333333333570e+01
3.080000000000000071e+00,1.387500000000000000e+02,6.277777777777777857e+01
3.080000000000000071e+00,1.392500000000000000e+02,6.333333333333333570e+01
3.080000000000000071e+00,1.397500000000000000e+02,6.977777777777778567e+01
3.080000000000000071e+00,1.402500000000000000e+02,6.811111111111111427e+01
3.080000000000000071e+00,1.407500000000000000e+02,6.855555555555555713e+01
3.080000000000000071e+00,1.412500000000000000e+02,6.733333333333332860e+01
3.080000000000000071e+00,1.417500000000000000e+02,6.988888888888889994e+01
3.080000000000000071e+00,1.422500000000000000e+02,7.411111111111111427e+01
3.080000000000000071e+00,1.427500000000000000e+02,7.600000000000000000e+01
3.080000000000000071e+00,1.432500000000000000e+02,7.977777777777777146e+01
3.080000000000000071e+00,1.437500000000000000e+02,8.066666666666667140e+01
3.080000000000000071e+00,1.442500000000000000e+02,8.044444444444444287e+01
3.080000000000000071e+00,1.447500000000000000e+02,7.555555555555554292e+01
3.080000000000000071e+00,1.452500000000000000e+02,7.877777777777777146e+01
3.080000000000000071e+00,1.457500000000000000e+02,8.444444444444444287e+01
3.080000000000000071e+00,1.462500000000000000e+02,9.033333333333332860e+01
3.080000000000000071e+00,1.467500000000000000e+02,9.011111111111110006e+01
3.080000000000000071e+00,1.472500000000000000e+02,9.433333333333332860e+01
3.080000000000000071e+00,1.477500000000000000e+02,9.500000000000000000e+01
3.080000000000000071e+00,1.482500000000000000e+02,9.733333333333332860e+01
3.080000000000000071e+00,1.487500000000000000e+02,9.366666666666667140e+01
3.080000000000000071e+00,1.492500000000000000e+02,9.488888888888889994e+01
3.080000000000000071e+00,1.497500000000000000e+02,9.400000000000000000e+01
3.080000000000000071e+00,1.502500000000000000e+02,9.711111111111110006e+01
3.080000000000000071e+00,1.507500000000000000e+02,9.955555555555554292e+01
3.080000000000000071e+00,1.512500000000000000e+02,1.010000000000000000e+02
3.080000000000000071e+00,1.517500000000000000e+02,1.044444444444444571e+02
3.080000000000000071e+00,1.522500000000000000e+02,1.090000000000000142e+02
3.080000000000000071e+00,1.527500000000000000e+02,1.118888888888889142e+02
3.080000000000000071e+00,1.532500000000000000e+02,1.140000000000000142e+02
3.080000000000000071e+00,1.537500000000000000e+02,1.190000000000000142e+02
3.080000000000000071e+00,1.542500000000000000e+02,1.198888888888889142e+02
3.080000000000000071e+00,1.547500000000000000e+02,1.168888888888889142e+02
3.080000000000000071e+00,1.552500000000000000e+02,1.093333333333333712e+02
3.080000000000000071e+00,1.557500000000000000e+02,1.137777777777778141e+02
3.080000000000000071e+00,1.562500000000000000e+02,1.182222222222222427e+02
3.080000000000000071e+00,1.567500000000000000e+02,1.223333333333333570e+02
3.080000000000000071e+00,1.572500000000000000e+02,1.185555555555555856e+02
3.080000000000000071e+00,1.577500000000000000e+02,1.184444444444444713e+02
3.080000000000000071e+00,1.582500000000000000e+02,1.170000000000000426e+02
3.080000000000000071e+00,1.587500000000000000e+02,1.182222222222222712e+02
3.080000000000000071e+00,1.592500000000000000e+02,1.201111111111111569e+02
3.080000000000000071e+00,1.597500000000000000e+02,1.250000000000000426e+02
3.080000000000000071e+00,1.602500000000000000e+02,1.252222222222222427e+02
3.080000000000000071e+00,1.607500000000000000e+02,1.280000000000000284e+02
3.080000000000000071e+00,1.612500000000000000e+02,1.252222222222222427e+02
3.080000000000000071e+00,1.617500000000000000e+02,1.247777777777778141e+02
3.080000000000000071e+00,1.622500000000000000e+02,1.178888888888889142e+02
3.080000000000000071e+00,1.627500000000000000e+02,1.162222222222222427e+02
3.080000000000000071e+00,1.632500000000000000e+02,1.132222222222222427e+02
3.080000000000000071e+00,1.637500000000000000e+02,1.177777777777778141e+02
3.080000000000000071e+00,1.642500000000000000e+02,1.160000000000000426e+02
3.080000000000000071e+00,1.647500000000000000e+02,1.164444444444444713e+02
3.080000000000000071e+00,1.652500000000000000e+02,1.108888888888889142e+02
3.080000000000000071e+00,1.657500000000000000e+02,1.114444444444444713e+02
3.080000000000000071e+00,1.662500000000000000e+02,1.073333333333333712e+02
3.080000000000000071e+00,1.667500000000000000e+02,1.072222222222222712e+02
3.080000000000000071e+00,1.672500000000000000e+02,1.048888888888889284e+02
3.080000000000000071e+00,1.677500000000000000e+02,1.040000000000000426e+02
3.080000000000000071e+00,1.682500000000000000e+02,9.788888888888892836e+01
3.080000000000000071e+00,1.687500000000000000e+02,9.100000000000004263e+01
3.080000000000000071e+00,1.692500000000000000e+02,9.177777777777782831e+01
3.080000000000000071e+00,1.697500000000000000e+02,9.088888888888892836e+01
3.080000000000000071e+00,1.702500000000000000e+02,9.233333333333337123e+01
3.080000000000000071e+00,1.707500000000000000e+02,8.622222222222224275e+01
3.080000000000000071e+00,1.712500000000000000e+02,8.033333333333335702e+01
3.080000000000000071e+00,1.717500000000000000e+02,7.555555555555558556e+01
3.080000000000000071e+00,1.722500000000000000e+02,7.133333333333335702e+01
3.080000000000000071e+00,1.727500000000000000e+02,6.522222222222224275e+01
3.080000000000000071e+00,1.732500000000000000e+02,6.044444444444446418e+01
3.080000000000000071e+00,1.737500000000000000e+02,5.633333333333334991e+01
3.080000000000000071e+00,1.742500000000000000e+02,5.466666666666668561e+01
3.080000000000000071e+00,1.747500000000000000e+02,5.033333333333334991e+01
3.080000000000000071e+00,1.752500000000000000e+02,4.555555555555557135e+01
3.080000000000000071e+00,1.757500000000000000e+02,4.400000000000002132e+01
3.080000000000000071e+00,1.762500000000000000e+02,3.988888888888890705e+01
3.080000000000000071e+00,1.767500000000000000e+02,3.700000000000002132e+01
3.080000000000000071e+00,1.772500000000000000e+02,2.900000000000001776e+01
3.080000000000000071e+00,1.777500000000000000e+02,2.366666666666668561e+01
3.080000000000000071e+00,1.782500000000000000e+02,1.777777777777779633e+01
3.080000000000000071e+00,1.787500000000000000e+02,1.388888888888890882e+01
3.080000000000000071e+00,1.792500000000000000e+02,7.888888888888909712e+00
3.080000000000000071e+00,1.797500000000000000e+02,4.111111111111132033e+00
3.096000000000000085e+00,1.302500000000000000e+02,3.677777777777777857e+01
3.096000000000000085e+00,1.307500000000000000e+02,3.844444444444444997e+01
3.096000000000000085e+00,1.312500000000000000e+02,4.133333333333333570e+01
3.096000000000000085e+00,1.317500000000000000e+02,4.355555555555555003e+01
3.096000000000000085e+00,1.322500000000000000e+02,4.411111111111110716e+01
3.096000000000000085e+00,1.327500000000000000e+02,4.477777777777777146e+01
3.096000000000000085e+00,1.332500000000000000e+02,4.788888888888888573e+01
3.096000000000000085e+00,1.337500000000000000e+02,4.833333333333333570e+01
3.096000000000000085e+00,1.342500000000000000e+02,4.888888888888889284e+01
3.096000000000000085e+00,1.347500000000000000e+02,4.944444444444444997e+01
3.096000000000000085e+00,1.352500000000000000e+02,4.844444444444444997e+01
3.096000000000000085e+00,1.357500000000000000e+02,5.011111111111111427e+01
3.096000000000000085e+00,1.362500000000000000e+02,5.277777777777777857e+01
3.096000000000000085e+00,1.367500000000000000e+02,5.888888888888889284e+01
3.096000000000000085e+00,1.372500000000000000e+02,5.811111111111111427e+01
3.096000000000000085e+00,1.377500000000000000e+02,6.066666666666666430e+01
3.096000000000000085e+00,1.382500000000000000e+02,5.533333333333333570e+01
3.096000000000000085e+00,1.387500000000000000e+02,6.177777777777777146e+01
3.096000000000000085e+00,1.392500000000000000e+02,6.333333333333332149e+01
3.096000000000000085e+00,1.397500000000000000e+02,7.133333333333332860e+01
3.096000000000000085e+00,1.402500000000000000e+02,6.899999999999998579e+01
3.096000000000000085e+00,1.407500000000000000e+02,6.777777777777777146e+01
3.096000000000000085e+00,1.412500000000000000e+02,6.844444444444444287e+01
3.096000000000000085e+00,1.417500000000000000e+02,7.255555555555555713e+01
3.096000000000000085e+00,1.422500000000000000e+02,7.766666666666667140e+01
3.096000000000000085e+00,1.427500000000000000e+02,7.944444444444444287e+01
3.096000000000000085e+00,1.432500000000000000e+02,7.955555555555555713e+01
3.096000000000000085e+00,1.437500000000000000e+02,8.155555555555555713e+01
3.096000000000000085e+00,1.442500000000000000e+02,8.088888888888889994e+01
3.096000000000000085e+00,1.447500000000000000e+02,7.922222222222222854e+01
3.096000000000000085e+00,1.452500000000000000e+02,8.055555555555555713e+01
3.096000000000000085e+00,1.457500000000000000e+02,8.377777777777778567e+01
3.096000000000000085e+00,1.462500000000000000e+02,8.755555555555555713e+01
3.096000000000000085e+00,1.467500000000000000e+02,8.888888888888889994e+01
3.096000000000000085e+00,1.472500000000000000e+02,9.133333333333332860e+01
3.096000000000000085e+00,1.477500000000000000e+02,9.266666666666667140e+01
3.096000000000000085e+00,1.482500000000000000e+02,9.122222222222222854e+01
3.096000000000000085e+00,1.487500000000000000e+02,9.222222222222222854e+01
3.096000000000000085e+00,1.492500000000000000e+02,9.677777777777778567e+01
3.096000000000000085e+00,1.497500000000000000e+02,9.977777777777778567e+01
3.096000000000000085e+00,1.502500000000000000e+02,1.014444444444444571e+02
3.096000000000000085e+00,1.507500000000000000e+02,1.034444444444444571e+02
3.096000000000000085e+00,1.512500000000000000e+02,1.061111111111111285e+02
3.096000000000000085e+00,1.517500000000000000e+02,1.082222222222222285e+02
3.096000000000000085e+00,1.522500000000000000e+02,1.088888888888888999e+02
3.096000000000000085e+00,1.527500000000000000e+02,1.105555555555555571e+02
3.096000000000000085e+00,1.532500000000000000e+02,1.138888888888888999e+02
3.096000000000000085e+00,1.537500000000000000e+02,1.171111111111111285e+02
3.096000000000000085e+00,1.542500000000000000e+02,1.158888888888888999e+02
3.096000000000000085e+00,1.547500000000000000e+02,1.161111111111111285e+02
3.096000000000000085e+00,1.552500000000000000e+02,1.163333333333333286e+02
3.096000000000000085e+00,1.557500000000000000e+02,1.197777777777777715e+02
3.096000000000000085e+00,1.562500000000000000e+02,1.226666666666666714e+02
3.096000000000000085e+00,1.567500000000000000e+02,1.204444444444444571e+02
3.096000000000000085e+00,1.572500000000000000e+02,1.173333333333333570e+02
3.096000000000000085e+00,1.577500000000000000e+02,1.160000000000000142e+02
3.096000000000000085e+00,1.582500000000000000e+02,1.200000000000000142e+02
3.096000000000000085e+00,1.587500000000000000e+02,1.218888888888889142e+02
3.096000000000000085e+00,1.592500000000000000e+02,1.221111111111111427e+02
3.096000000000000085e+00,1.597500000000000000e+02,1.205555555555555856e+02
3.096000000000000085e+00,1.602500000000000000e+02,1.200000000000000142e+02
3.096000000000000085e+00,1.607500000000000000e+02,1.233333333333333570e+02
3.096000000000000085e+00,1.612500000000000000e+02,1.230000000000000142e+02
3.096000000000000085e+00,1.617500000000000000e+02,1.222222222222222427e+02
3.096000000000000085e+00,1.622500000000000000e+02,1.174444444444444713e+02
3.096000000000000085e+00,1.627500000000000000e+02,1.132222222222222427e+02
3.096000000000000085e+00,1.632500000000000000e+02,1.131111111111111285e+02
3.096000000000000085e+00,1.637500000000000000e+02,1.134444444444444571e+02
3.096000000000000085e+00,1.642500000000000000e+02,1.142222222222222427e+02
3.096000000000000085e+00,1.647500000000000000e+02,1.115555555555555856e+02
3.096000000000000085e+00,1.652500000000000000e+02,1.096666666666666856e+02
3.096000000000000085e+00,1.657500000000000000e+02,1.121111111111111285e+02
3.096000000000000085e+00,1.662500000000000000e+02,1.107777777777777857e+02
3.096000000000000085e+00,1.667500000000000000e+02,1.058888888888888999e+02
3.096000000000000085e+00,1.672500000000000000e+02,1.015555555555555571e+02
3.096000000000000085e+00,1.677500000000000000e+02,1.001111111111111285e+02
3.096000000000000085e+00,1.682500000000000000e+02,9.644444444444445708e+01
3.096000000000000085e+00,1.687500000000000000e+02,9.111111111111112848e+01
3.096000000000000085e+00,1.692500000000000000e+02,9.033333333333335702e+01
3.096000000000000085e+00,1.697500000000000000e+02,9.366666666666668561e+01
3.096000000000000085e+00,1.702500000000000000e+02,9.155555555555558556e+01
3.096000000000000085e+00,1.707500000000000000e+02,8.766666666666668561e+01
3.096000000000000085e+00,1.712500000000000000e+02,7.844444444444447129e+01
3.096000000000000085e+00,1.717500000000000000e+02,7.655555555555558556e+01
3.096000000000000085e+00,1.722500000000000000e+02,7.377777777777781409e+01
3.096000000000000085e+00,1.727500000000000000e+02,6.866666666666669983e+01
3.096000000000000085e+00,1.732500000000000000e+02,6.311111111111114269e+01
3.096000000000000085e+00,1.737500000000000000e+02,5.555555555555557845e+01
3.096000000000000085e+00,1.742500000000000000e+02,5.411111111111113559e+01
3.096000000000000085e+00,1.747500000000000000e+02,4.944444444444446418e+01
3.096000000000000085e+00,1.752500000000000000e+02,4.555555555555557845e+01
3.096000000000000085e+00,1.757500000000000000e+02,4.211111111111113559e+01
3.096000000000000085e+00,1.762500000000000000e+02,3.822222222222224275e+01
3.096000000000000085e+00,1.767500000000000000e+02,3.400000000000002132e+01
3.096000000000000085e+00,1.772500000000000000e+02,2.766666666666668561e+01
3.096000000000000085e+00,1.777500000000000000e+02,2.255555555555557490e+01
3.096000000000000085e+00,1.782500000000000000e+02,1.788888888888891060e+01
3.096000000000000085e+00,1.787500000000000000e+02,1.411111111111113026e+01
3.096000000000000085e+00,1.792500000000000000e+02,8.333333333333353465e+00
3.096000000000000085e+00,1.797500000000000000e+02,4.777777777777798107e+00
3.112000000000000099e+00,1.302500000000000000e+02,3.811111111111110716e+01
3.112000000000000099e+00,1.307500000000000000e+02,4.100000000000000000e+01
3.112000000000000099e+00,1.312500000000000000e+02,4.422222222222222854e+01
3.112000000000000099e+00,1.317500000000000000e+02,4.700000000000000711e+01
3.112000000000000099e+00,1.322500000000000000e+02,4.577777777777779278e+01
3.112000000000000099e+00,1.327500000000000000e+02,4.700000000000000711e+01
3.112000000000000099e+00,1.332500000000000000e+02,4.766666666666667851e+01
3.112000000000000099e+00,1.337500000000000000e+02,5.088888888888889284e+01
3.112000000000000099e+00,1.342500000000000000e+02,5.255555555555556424e+01
3.112000000000000099e+00,1.347500000000000000e+02,5.477777777777777857e+01
3.112000000000000099e+00,1.352500000000000000e+02,5.288888888888889284e+01
3.112000000000000099e+00,1.357500000000000000e+02,5.488888888888889284e+01
3.112000000000000099e+00,1.362500000000000000e+02,5.722222222222222854e+01
3.112000000000000099e+00,1.367500000000000000e+02,6.233333333333334281e+01
3.112000000000000099e+00,1.372500000000000000e+02,6.044444444444445708e+01
3.112000000000000099e+00,1.377500000000000000e+02,6.122222222222223564e+01
3.112000000000000099e+00,1.382500000000000000e+02,5.711111111111112137e+01
3.112000000000000099e+00,1.387500000000000000e+02,6.244444444444445708e+01
3.112000000000000099e+00,1.392500000000000000e+02,6.288888888888890705e+01
3.112000000000000099e+00,1.397500000000000000e+02,7.166666666666668561e+01
3.112000000000000099e+00,1.402500000000000000e+02,7.133333333333335702e+01
3.112000000000000099e+00,1.407500000000000000e+02,7.277777777777778567e+01
3.112000000000000099e+00,1.412500000000000000e+02,7.233333333333335702e+01
3.112000000000000099e+00,1.417500000000000000e+02,7.422222222222224275e+01
3.112000000000000099e+00,1.422500000000000000e+02,7.677777777777781409e+01
3.112000000000000099e+00,1.427500000000000000e+02,7.844444444444447129e+01
3.112000000000000099e+00,1.432500000000000000e+02,7.744444444444447129e+01
3.112000000000000099e+00,1.437500000000000000e+02,8.311111111111114269e+01
3.112000000000000099e+00,1.442500000000000000e+02,8.255555555555558556e+01
3.112000000000000099e+00,1.447500000000000000e+02,8.444444444444447129e+01
3.112000000000000099e+00,1.452500000000000000e+02,8.200000000000002842e+01
3.112000000000000099e+00,1.457500000000000000e+02,8.422222222222224275e+01
3.112000000000000099e+00,1.462500000000000000e+02,8.466666666666668561e+01
3.112000000000000099e+00,1.467500000000000000e+02,8.566666666666668561e+01
3.112000000000000099e+00,1.472500000000000000e+02,8.455555555555557135e+01
3.112000000000000099e+00,1.477500000000000000e+02,8.722222222222224275e+01
3.112000000000000099e+00,1.482500000000000000e+02,8.900000000000004263e+01
3.112000000000000099e+00,1.487500000000000000e+02,9.433333333333337123e+01
3.112000000000000099e+00,1.492500000000000000e+02,9.988888888888892836e+01
3.112000000000000099e+00,1.497500000000000000e+02,1.010000000000000426e+02
3.112000000000000099e+00,1.502500000000000000e+02,1.010000000000000426e+02
3.112000000000000099e+00,1.507500000000000000e+02,1.018888888888889142e+02
3.112000000000000099e+00,1.512500000000000000e+02,1.054444444444444713e+02
3.112000000000000099e+00,1.517500000000000000e+02,1.085555555555555856e+02
3.112000000000000099e+00,1.522500000000000000e+02,1.082222222222222427e+02
3.112000000000000099e+00,1.527500000000000000e+02,1.101111111111111285e+02
3.112000000000000099e+00,1.532500000000000000e+02,1.133333333333333286e+02
3.112000000000000099e+00,1.537500000000000000e+02,1.160000000000000000e+02
3.112000000000000099e+00,1.542500000000000000e+02,1.146666666666666714e+02
3.112000000000000099e+00,1.547500000000000000e+02,1.157777777777777857e+02
3.112000000000000099e+00,1.552500000000000000e+02,1.164444444444444571e+02
3.112000000000000099e+00,1.557500000000000000e+02,1.171111111111111285e+02
3.112000000000000099e+00,1.562500000000000000e+02,1.188888888888888999e+02
3.112000000000000099e+00,1.567500000000000000e+02,1.170000000000000000e+02
3.112000000000000099e+00,1.572500000000000000e+02,1.171111111111111285e+02
3.112000000000000099e+00,1.577500000000000000e+02,1.146666666666666856e+02
3.112000000000000099e+00,1.582500000000000000e+02,1.202222222222222427e+02
3.112000000000000099e+00,1.587500000000000000e+02,1.226666666666666856e+02
3.112000000000000099e+00,1.592500000000000000e+02,1.243333333333333570e+02
3.112000000000000099e+00,1.597500000000000000e+02,1.223333333333333570e+02
3.112000000000000099e+00,1.602500000000000000e+02,1.207777777777777857e+02
3.112000000000000099e+00,1.607500000000000000e+02,1.217777777777777857e+02
3.112000000000000099e+00,1.612500000000000000e+02,1.196666666666666856e+02
3.112000000000000099e+00,1.617500000000000000e+02,1.211111111111111285e+02
3.112000000000000099e+00,1.622500000000000000e+02,1.174444444444444571e+02
3.112000000000000099e+00,1.627500000000000000e+02,1.145555555555555571e+02
3.112000000000000099e+00,1.632500000000000000e+02,1.141111111111111285e+02
3.112000000000000099e+00,1.637500000000000000e+02,1.140000000000000000e+02
3.112000000000000099e+00,1.642500000000000000e+02,1.136666666666666714e+02
3.112000000000000099e+00,1.647500000000000000e+02,1.086666666666666714e+02
3.112000000000000099e+00,1.652500000000000000e+02,1.065555555555555571e+02
3.112000000000000099e+00,1.657500000000000000e+02,1.087777777777777857e+02
3.112000000000000099e+00,1.662500000000000000e+02,1.056666666666666856e+02
3.112000000000000099e+00,1.667500000000000000e+02,1.012222222222222427e+02
3.112000000000000099e+00,1.672500000000000000e+02,9.855555555555558556e+01
3.112000000000000099e+00,1.677500000000000000e+02,9.966666666666668561e+01
3.112000000000000099e+00,1.682500000000000000e+02,9.655555555555558556e+01
3.112000000000000099e+00,1.687500000000000000e+02,8.955555555555558556e+01
3.112000000000000099e+00,1.692500000000000000e+02,8.766666666666669983e+01
3.112000000000000099e+00,1.697500000000000000e+02,9.111111111111115690e+01
3.112000000000000099e+00,1.702500000000000000e+02,8.966666666666672825e+01
3.112000000000000099e+00,1.707500000000000000e+02,8.588888888888895679e+01
3.112000000000000099e+00,1.712500000000000000e+02,7.877777777777784252e+01
3.112000000000000099e+00,1.717500000000000000e+02,7.688888888888895679e+01
3.112000000000000099e+00,1.722500000000000000e+02,7.255555555555561398e+01
3.112000000000000099e+00,1.727500000000000000e+02,6.766666666666672825e+01
3.112000000000000099e+00,1.732500000000000000e+02,6.322222222222228538e+01
3.112000000000000099e+00,1.737500000000000000e+02,5.822222222222228538e+01
3.112000000000000099e+00,1.742500000000000000e+02,5.522222222222228538e+01
3.112000000000000099e+00,1.747500000000000000e+02,4.977777777777784962e+01
3.112000000000000099e+00,1.752500000000000000e+02,4.666666666666673535e+01
3.112000000000000099e+00,1.757500000000000000e+02,4.233333333333339965e+01
3.112000000000000099e+00,1.762500000000000000e+02,3.866666666666673535e+01
3.112000000000000099e+00,1.767500000000000000e+02,3.300000000000006395e+01
3.112000000000000099e+00,1.772500000000000000e+02,2.655555555555562464e+01
3.112000000000000099e+00,1.777500000000000000e+02,2.077777777777784607e+01
3.112000000000000099e+00,1.782500000000000000e+02,1.555555555555562286e+01
3.112000000000000099e+00,1.787500000000000000e+02,1.177777777777784785e+01
3.112000000000000099e+00,1.792500000000000000e+02,7.111111111111180882e+00
3.112000000000000099e+00,1.797500000000000000e+02,4.666666666666736241e+00
3.128000000000000114e+00,1.302500000000000000e+02,3.888888888888889284e+01
3.128000000000000114e+00,1.307500000000000000e+02,4.233333333333333570e+01
3.128000000000000114e+00,1.312500000000000000e+02,4.455555555555555003e+01
3.128000000000000114e+00,1.317500000000000000e+02,4.477777777777777146e+01
3.128000000000000114e+00,1.322500000000000000e+02,4.455555555555555003e+01
3.128000000000000114e+00,1.327500000000000000e+02,4.666666666666666430e+01
3.128000000000000114e+00,1.332500000000000000e+02,4.844444444444444997e+01
3.128000000000000114e+00,1.337500000000000000e+02,5.211111111111111427e+01
3.128000000000000114e+00,1.342500000000000000e+02,5.366666666666666430e+01
3.128000000000000114e+00,1.347500000000000000e+02,5.700000000000000000e+01
3.128000000000000114e+00,1.352500000000000000e+02,5.477777777777777857e+01
3.128000000000000114e+00,1.357500000000000000e+02,5.633333333333333570e+01
3.128000000000000114e+00,1.362500000000000000e+02,5.655555555555555003e+01
3.128000000000000114e+00,1.367500000000000000e+02,6.144444444444443576e+01
3.128000000000000114e+00,1.372500000000000000e+02,6.233333333333333570e+01
3.128000000000000114e+00,1.377500000000000000e+02,6.266666666666666430e+01
3.128000000000000114e+00,1.382500000000000000e+02,5.988888888888888573e+01
3.128000000000000114e+00,1.387500000000000000e+02,6.155555555555555003e+01
3.128000000000000114e+00,1.392500000000000000e+02,6.366666666666666430e+01
3.128000000000000114e+00,1.397500000000000000e+02,7.000000000000000000e+01
3.128000000000000114e+00,1.402500000000000000e+02,7.277777777777778567e+01
3.128000000000000114e+00,1.407500000000000000e+02,7.466666666666667140e+01
3.128000000000000114e+00,1.412500000000000000e+02,7.400000000000000000e+01
3.128000000000000114e+00,1.417500000000000000e+02,7.300000000000000000e+01
3.128000000000000114e+00,1.422500000000000000e+02,7.444444444444444287e+01
3.128000000000000114e+00,1.427500000000000000e+02,7.766666666666665719e+01
3.128000000000000114e+00,1.432500000000000000e+02,7.699999999999998579e+01
3.128000000000000114e+00,1.437500000000000000e+02,8.077777777777777146e+01
3.128000000000000114e+00,1.442500000000000000e+02,8.233333333333332860e+01
3.128000000000000114e+00,1.447500000000000000e+02,8.588888888888887152e+01
3.128000000000000114e+00,1.452500000000000000e+02,8.722222222222221433e+01
3.128000000000000114e+00,1.457500000000000000e+02,8.599999999999998579e+01
3.128000000000000114e+00,1.462500000000000000e+02,8.622222222222221433e+01
3.128000000000000114e+00,1.467500000000000000e+02,8.755555555555554292e+01
3.128000000000000114e+00,1.472500000000000000e+02,8.777777777777777146e+01
3.128000000000000114e+00,1.477500000000000000e+02,9.411111111111110006e+01
3.128000000000000114e+00,1.482500000000000000e+02,9.588888888888887152e+01
3.128000000000000114e+00,1.487500000000000000e+02,9.955555555555554292e+01
3.128000000000000114e+00,1.492500000000000000e+02,1.025555555555555429e+02
3.128000000000000114e+00,1.497500000000000000e+02,1.005555555555555429e+02
3.128000000000000114e+00,1.502500000000000000e+02,1.001111111111111001e+02
3.128000000000000114e+00,1.507500000000000000e+02,1.001111111111111001e+02
3.128000000000000114e+00,1.512500000000000000e+02,1.044444444444444429e+02
3.128000000000000114e+00,1.517500000000000000e+02,1.063333333333333286e+02
3.128000000000000114e+00,1.522500000000000000e+02,1.062222222222222285e+02
3.128000000000000114e+00,1.527500000000000000e+02,1.078888888888888999e+02
3.128000000000000114e+00,1.532500000000000000e+02,1.102222222222222285e+02
3.128000000000000114e+00,1.537500000000000000e+02,1.106666666666666714e+02
3.128000000000000114e+00,1.542500000000000000e+02,1.114444444444444429e+02
3.128000000000000114e+00,1.547500000000000000e+02,1.118888888888888715e+02
3.128000000000000114e+00,1.552500000000000000e+02,1.118888888888888715e+02
3.128000000000000114e+00,1.557500000000000000e+02,1.117777777777777715e+02
3.128000000000000114e+00,1.562500000000000000e+02,1.150000000000000000e+02
3.128000000000000114e+00,1.567500000000000000e+02,1.141111111111111001e+02
3.128000000000000114e+00,1.572500000000000000e+02,1.133333333333333286e+02
3.128000000000000114e+00,1.577500000000000000e+02,1.134444444444444571e+02
3.128000000000000114e+00,1.582500000000000000e+02,1.202222222222222285e+02
3.128000000000000114e+00,1.587500000000000000e+02,1.216666666666666714e+02
3.128000000000000114e+00,1.592500000000000000e+02,1.220000000000000000e+02
3.128000000000000114e+00,1.597500000000000000e+02,1.186666666666666714e+02
3.128000000000000114e+00,1.602500000000000000e+02,1.180000000000000000e+02
3.128000000000000114e+00,1.607500000000000000e+02,1.208888888888888999e+02
3.128000000000000114e+00,1.612500000000000000e+02,1.191111111111111285e+02
3.128000000000000114e+00,1.617500000000000000e+02,1.204444444444444571e+02
3.128000000000000114e+00,1.622500000000000000e+02,1.155555555555555571e+02
3.128000000000000114e+00,1.627500000000000000e+02,1.165555555555555571e+02
3.128000000000000114e+00,1.632500000000000000e+02,1.171111111111111285e+02
3.128000000000000114e+00,1.637500000000000000e+02,1.152222222222222285e+02
3.128000000000000114e+00,1.642500000000000000e+02,1.105555555555555571e+02
3.128000000000000114e+00,1.647500000000000000e+02,1.035555555555555571e+02
3.128000000000000114e+00,1.652500000000000000e+02,1.040000000000000000e+02
3.128000000000000114e+00,1.657500000000000000e+02,1.071111111111111285e+02
3.128000000000000114e+00,1.662500000000000000e+02,1.076666666666666856e+02
3.128000000000000114e+00,1.667500000000000000e+02,1.028888888888889142e+02
3.128000000000000114e+00,1.672500000000000000e+02,1.022222222222222427e+02
3.128000000000000114e+00,1.677500000000000000e+02,9.766666666666668561e+01
3.128000000000000114e+00,1.682500000000000000e+02,9.377777777777778567e+01
3.128000000000000114e+00,1.687500000000000000e+02,8.777777777777778567e+01
3.128000000000000114e+00,1.692500000000000000e+02,8.877777777777778567e+01
3.128000000000000114e+00,1.697500000000000000e+02,9.000000000000001421e+01
3.128000000000000114e+00,1.702500000000000000e+02,8.666666666666668561e+01
3.128000000000000114e+00,1.707500000000000000e+02,8.211111111111112848e+01
3.128000000000000114e+00,1.712500000000000000e+02,7.722222222222224275e+01
3.128000000000000114e+00,1.717500000000000000e+02,7.200000000000001421e+01
3.128000000000000114e+00,1.722500000000000000e+02,6.644444444444445708e+01
3.128000000000000114e+00,1.727500000000000000e+02,6.300000000000002132e+01
3.128000000000000114e+00,1.732500000000000000e+02,6.188888888888890705e+01
3.128000000000000114e+00,1.737500000000000000e+02,6.044444444444445708e+01
3.128000000000000114e+00,1.742500000000000000e+02,5.644444444444445708e+01
3.128000000000000114e+00,1.747500000000000000e+02,4.877777777777779278e+01
3.128000000000000114e+00,1.752500000000000000e+02,4.466666666666668561e+01
3.128000000000000114e+00,1.757500000000000000e+02,4.044444444444446418e+01
3.128000000000000114e+00,1.762500000000000000e+02,3.722222222222224985e+01
3.128000000000000114e+00,1.767500000000000000e+02,3.077777777777779988e+01
3.128000000000000114e+00,1.772500000000000000e+02,2.411111111111113203e+01
3.128000000000000114e+00,1.777500000000000000e+02,1.911111111111113203e+01
3.128000000000000114e+00,1.782500000000000000e+02,1.411111111111113381e+01
3.128000000000000114e+00,1.787500000000000000e+02,1.077777777777779988e+01
3.128000000000000114e+00,1.792500000000000000e+02,6.555555555555578451e+00
3.128000000000000114e+00,1.797500000000000000e+02,4.333333333333356130e+00
3.144000000000000128e+00,1.302500000000000000e+02,4.444444444444444997e+01
3.144000000000000128e+00,1.307500000000000000e+02,4.444444444444444997e+01
3.144000000000000128e+00,1.312500000000000000e+02,4.477777777777777857e+01
3.144000000000000128e+00,1.317500000000000000e+02,4.533333333333333570e+01
3.144000000000000128e+00,1.322500000000000000e+02,4.666666666666666430e+01
3.144000000000000128e+00,1.327500000000000000e+02,4.677777777777777146e+01
3.144000000000000128e+00,1.332500000000000000e+02,4.722222222222220722e+01
3.144000000000000128e+00,1.337500000000000000e+02,5.033333333333331439e+01
3.144000000000000128e+00,1.342500000000000000e+02,5.277777777777776436e+01
3.144000000000000128e+00,1.347500000000000000e+02,5.644444444444442865e+01
3.144000000000000128e+00,1.352500000000000000e+02,5.566666666666665009e+01
3.144000000000000128e+00,1.357500000000000000e+02,5.677777777777776436e+01
3.144000000000000128e+00,1.362500000000000000e+02,5.666666666666665009e+01
3.144000000000000128e+00,1.367500000000000000e+02,6.099999999999997868e+01
3.144000000000000128e+00,1.372500000000000000e+02,6.244444444444442155e+01
3.144000000000000128e+00,1.377500000000000000e+02,6.366666666666663588e+01
3.144000000000000128e+00,1.382500000000000000e+02,6.255555555555552161e+01
3.144000000000000128e+00,1.387500000000000000e+02,6.566666666666664298e+01
3.144000000000000128e+00,1.392500000000000000e+02,6.544444444444441444e+01
3.144000000000000128e+00,1.397500000000000000e+02,6.977777777777775725e+01
3.144000000000000128e+00,1.402500000000000000e+02,7.099999999999998579e+01
3.144000000000000128e+00,1.407500000000000000e+02,7.422222222222220012e+01
3.144000000000000128e+00,1.412500000000000000e+02,7.222222222222220012e+01
3.144000000000000128e+00,1.417500000000000000e+02,7.244444444444441444e+01
3.144000000000000128e+00,1.422500000000000000e+02,7.477777777777775725e+01
3.144000000000000128e+00,1.427500000000000000e+02,7.833333333333331439e+01
3.144000000000000128e+00,1.432500000000000000e+02,7.955555555555554292e+01
3.144000000000000128e+00,1.437500000000000000e+02,8.111111111111110006e+01
3.144000000000000128e+00,1.442500000000000000e+02,8.255555555555554292e+01
3.144000000000000128e+00,1.447500000000000000e+02,8.533333333333331439e+01
3.144000000000000128e+00,1.452500000000000000e+02,8.811111111111108585e+01
3.144000000000000128e+00,1.457500000000000000e+02,8.744444444444441444e+01
3.144000000000000128e+00,1.462500000000000000e+02,8.822222222222221433e+01
3.144000000000000128e+00,1.467500000000000000e+02,8.888888888888887152e+01
3.144000000000000128e+00,1.472500000000000000e+02,9.111111111111110006e+01
3.144000000000000128e+00,1.477500000000000000e+02,9.477777777777777146e+01
3.144000000000000128e+00,1.482500000000000000e+02,9.588888888888887152e+01
3.144000000000000128e+00,1.487500000000000000e+02,9.688888888888887152e+01
3.144000000000000128e+00,1.492500000000000000e+02,9.599999999999998579e+01
3.144000000000000128e+00,1.497500000000000000e+02,9.433333333333331439e+01
3.144000000000000128e+00,1.502500000000000000e+02,9.544444444444441444e+01
3.144000000000000128e+00,1.507500000000000000e+02,9.911111111111108585e+01
3.144000000000000128e+00,1.512500000000000000e+02,1.015555555555555429e+02
3.144000000000000128e+00,1.517500000000000000e+02,1.042222222222222143e+02
3.144000000000000128e+00,1.522500000000000000e+02,1.045555555555555429e+02
3.144000000000000128e+00,1.527500000000000000e+02,1.066666666666666430e+02
3.144000000000000128e+00,1.532500000000000000e+02,1.092222222222222143e+02
3.144000000000000128e+00,1.537500000000000000e+02,1.101111111111111001e+02
3.144000000000000128e+00,1.542500000000000000e+02,1.126666666666666714e+02
3.144000000000000128e+00,1.547500000000000000e+02,1.082222222222222143e+02
3.144000000000000128e+00,1.552500000000000000e+02,1.051111111111110858e+02
3.144000000000000128e+00,1.557500000000000000e+02,1.076666666666666288e+02
3.144000000000000128e+00,1.562500000000000000e+02,1.137777777777777573e+02
3.144000000000000128e+00,1.567500000000000000e+02,1.164444444444444144e+02
3.144000000000000128e+00,1.572500000000000000e+02,1.135555555555555429e+02
3.144000000000000128e+00,1.577500000000000000e+02,1.132222222222222143e+02
3.144000000000000128e+00,1.582500000000000000e+02,1.141111111111111001e+02
3.144000000000000128e+00,1.587500000000000000e+02,1.161111111111111001e+02
3.144000000000000128e+00,1.592500000000000000e+02,1.190000000000000000e+02
3.144000000000000128e+00,1.597500000000000000e+02,1.200000000000000000e+02
3.144000000000000128e+00,1.602500000000000000e+02,1.232222222222222143e+02
3.144000000000000128e+00,1.607500000000000000e+02,1.232222222222222143e+02
3.144000000000000128e+00,1.612500000000000000e+02,1.228888888888888715e+02
3.144000000000000128e+00,1.617500000000000000e+02,1.205555555555555429e+02
3.144000000000000128e+00,1.622500000000000000e+02,1.165555555555555429e+02
3.144000000000000128e+00,1.627500000000000000e+02,1.182222222222222143e+02
3.144000000000000128e+00,1.632500000000000000e+02,1.160000000000000000e+02
3.144000000000000128e+00,1.637500000000000000e+02,1.135555555555555571e+02
3.144000000000000128e+00,1.642500000000000000e+02,1.073333333333333286e+02
3.144000000000000128e+00,1.647500000000000000e+02,1.046666666666666714e+02
3.144000000000000128e+00,1.652500000000000000e+02,1.036666666666666714e+02
3.144000000000000128e+00,1.657500000000000000e+02,1.052222222222222285e+02
3.144000000000000128e+00,1.662500000000000000e+02,1.028888888888888999e+02
3.144000000000000128e+00,1.667500000000000000e+02,1.021111111111111285e+02
3.144000000000000128e+00,1.672500000000000000e+02,1.031111111111111285e+02
3.144000000000000128e+00,1.677500000000000000e+02,9.766666666666667140e+01
3.144000000000000128e+00,1.682500000000000000e+02,9.277777777777777146e+01
3.144000000000000128e+00,1.687500000000000000e+02,8.544444444444444287e+01
3.144000000000000128e+00,1.692500000000000000e+02,8.944444444444444287e+01
3.144000000000000128e+00,1.697500000000000000e+02,8.966666666666667140e+01
3.144000000000000128e+00,1.702500000000000000e+02,8.666666666666667140e+01
3.144000000000000128e+00,1.707500000000000000e+02,8.044444444444444287e+01
3.144000000000000128e+00,1.712500000000000000e+02,7.633333333333332860e+01
3.144000000000000128e+00,1.717500000000000000e+02,7.222222222222222854e+01
3.144000000000000128e+00,1.722500000000000000e+02,6.433333333333332860e+01
3.144000000000000128e+00,1.727500000000000000e+02,6.122222222222222854e+01
3.144000000000000128e+00,1.732500000000000000e+02,6.000000000000000000e+01
3.144000000000000128e+00,1.737500000000000000e+02,6.122222222222222143e+01
3.144000000000000128e+00,1.742500000000000000e+02,5.677777777777777146e+01
3.144000000000000128e+00,1.747500000000000000e+02,4.811111111111110716e+01
3.144000000000000128e+00,1.752500000000000000e+02,4.344444444444443576e+01
3.144000000000000128e+00,1.757500000000000000e+02,3.855555555555555003e+01
3.144000000000000128e+00,1.762500000000000000e+02,3.655555555555555003e+01
3.144000000000000128e+00,1.767500000000000000e+02,3.144444444444444287e+01
3.144000000000000128e+00,1.772500000000000000e+02,2.533333333333333215e+01
3.144000000000000128e+00,1.777500000000000000e+02,2.066666666666666785e+01
3.144000000000000128e+00,1.782500000000000000e+02,1.455555555555555713e+01
3.144000000000000128e+00,1.787500000000000000e+02,1.055555555555555713e+01
3.144000000000000128e+00,1.792500000000000000e+02,5.888888888888890172e+00
3.144000000000000128e+00,1.797500000000000000e+02,3.888888888888890616e+00
3.160000000000000142e+00,1.302500000000000000e+02,4.544444444444444997e+01
3.160000000000000142e+00,1.307500000000000000e+02,4.388888888888889284e+01
3.160000000000000142e+00,1.312500000000000000e+02,4.388888888888889284e+01
3.160000000000000142e+00,1.317500000000000000e+02,4.555555555555556424e+01
3.160000000000000142e+00,1.322500000000000000e+02,4.688888888888889284e+01
3.160000000000000142e+00,1.327500000000000000e+02,4.744444444444444997e+01
3.160000000000000142e+00,1.332500000000000000e+02,4.911111111111111427e+01
3.160000000000000142e+00,1.337500000000000000e+02,5.100000000000000000e+01
3.160000000000000142e+00,1.342500000000000000e+02,5.255555555555555003e+01
3.160000000000000142e+00,1.347500000000000000e+02,5.544444444444443576e+01
3.160000000000000142e+00,1.352500000000000000e+02,5.766666666666665719e+01
3.160000000000000142e+00,1.357500000000000000e+02,5.744444444444443576e+01
3.160000000000000142e+00,1.362500000000000000e+02,5.666666666666665719e+01
3.160000000000000142e+00,1.367500000000000000e+02,6.022222222222220722e+01
3.160000000000000142e+00,1.372500000000000000e+02,6.444444444444444287e+01
3.160000000000000142e+00,1.377500000000000000e+02,6.511111111111110006e+01
3.160000000000000142e+00,1.382500000000000000e+02,6.522222222222221433e+01
3.160000000000000142e+00,1.387500000000000000e+02,6.655555555555554292e+01
3.160000000000000142e+00,1.392500000000000000e+02,6.788888888888887152e+01
3.160000000000000142e+00,1.397500000000000000e+02,6.799999999999998579e+01
3.160000000000000142e+00,1.402500000000000000e+02,6.799999999999998579e+01
3.160000000000000142e+00,1.407500000000000000e+02,6.999999999999998579e+01
3.160000000000000142e+00,1.412500000000000000e+02,6.911111111111110006e+01
3.160000000000000142e+00,1.417500000000000000e+02,7.277777777777775725e+01
3.160000000000000142e+00,1.422500000000000000e+02,7.655555555555554292e+01
3.160000000000000142e+00,1.427500000000000000e+02,8.188888888888887152e+01
3.160000000000000142e+00,1.432500000000000000e+02,8.222222222222221433e+01
3.160000000000000142e+00,1.437500000000000000e+02,7.999999999999998579e+01
3.160000000000000142e+00,1.442500000000000000e+02,7.988888888888887152e+01
3.160000000000000142e+00,1.447500000000000000e+02,7.988888888888887152e+01
3.160000000000000142e+00,1.452500000000000000e+02,8.744444444444441444e+01
3.160000000000000142e+00,1.457500000000000000e+02,8.833333333333331439e+01
3.160000000000000142e+00,1.462500000000000000e+02,9.299999999999998579e+01
3.160000000000000142e+00,1.467500000000000000e+02,9.211111111111108585e+01
3.160000000000000142e+00,1.472500000000000000e+02,9.433333333333331439e+01
3.160000000000000142e+00,1.477500000000000000e+02,9.488888888888887152e+01
3.160000000000000142e+00,1.482500000000000000e+02,9.422222222222221433e+01
3.160000000000000142e+00,1.487500000000000000e+02,9.377777777777775725e+01
3.160000000000000142e+00,1.492500000000000000e+02,9.344444444444441444e+01
3.160000000000000142e+00,1.497500000000000000e+02,9.244444444444441444e+01
3.160000000000000142e+00,1.502500000000000000e+02,9.499999999999998579e+01
3.160000000000000142e+00,1.507500000000000000e+02,9.699999999999998579e+01
3.160000000000000142e+00,1.512500000000000000e+02,9.977777777777775725e+01
3.160000000000000142e+00,1.517500000000000000e+02,1.009999999999999858e+02
3.160000000000000142e+00,1.522500000000000000e+02,1.028888888888888715e+02
3.160000000000000142e+00,1.527500000000000000e+02,1.055555555555555429e+02
3.160000000000000142e+00,1.532500000000000000e+02,1.066666666666666430e+02
3.160000000000000142e+00,1.537500000000000000e+02,1.061111111111110858e+02
3.160000000000000142e+00,1.542500000000000000e+02,1.079999999999999858e+02
3.160000000000000142e+00,1.547500000000000000e+02,1.061111111111110858e+02
3.160000000000000142e+00,1.552500000000000000e+02,1.054444444444444144e+02
3.160000000000000142e+00,1.557500000000000000e+02,1.089999999999999574e+02
3.160000000000000142e+00,1.562500000000000000e+02,1.139999999999999574e+02
3.160000000000000142e+00,1.567500000000000000e+02,1.155555555555555287e+02
3.160000000000000142e+00,1.572500000000000000e+02,1.098888888888888573e+02
3.160000000000000142e+00,1.577500000000000000e+02,1.108888888888888573e+02
3.160000000000000142e+00,1.582500000000000000e+02,1.104444444444444144e+02
3.160000000000000142e+00,1.587500000000000000e+02,1.144444444444444144e+02
3.160000000000000142e+00,1.592500000000000000e+02,1.147777777777777573e+02
3.160000000000000142e+00,1.597500000000000000e+02,1.153333333333333002e+02
3.160000000000000142e+00,1.602500000000000000e+02,1.176666666666666288e+02
3.160000000000000142e+00,1.607500000000000000e+02,1.206666666666666288e+02
3.160000000000000142e+00,1.612500000000000000e+02,1.207777777777777573e+02
3.160000000000000142e+00,1.617500000000000000e+02,1.151111111111110858e+02
3.160000000000000142e+00,1.622500000000000000e+02,1.105555555555555287e+02
3.160000000000000142e+00,1.627500000000000000e+02,1.141111111111110858e+02
3.160000000000000142e+00,1.632500000000000000e+02,1.142222222222222143e+02
3.160000000000000142e+00,1.637500000000000000e+02,1.113333333333333144e+02
3.160000000000000142e+00,1.642500000000000000e+02,1.052222222222222143e+02
3.160000000000000142e+00,1.647500000000000000e+02,1.032222222222222143e+02
3.160000000000000142e+00,1.652500000000000000e+02,1.009999999999999858e+02
3.160000000000000142e+00,1.657500000000000000e+02,9.988888888888887152e+01
3.160000000000000142e+00,1.662500000000000000e+02,1.002222222222222143e+02
3.160000000000000142e+00,1.667500000000000000e+02,1.004444444444444429e+02
3.160000000000000142e+00,1.672500000000000000e+02,1.037777777777777715e+02
3.160000000000000142e+00,1.677500000000000000e+02,9.533333333333332860e+01
3.160000000000000142e+00,1.682500000000000000e+02,8.933333333333332860e+01
3.160000000000000142e+00,1.687500000000000000e+02,8.055555555555555713e+01
3.160000000000000142e+00,1.692500000000000000e+02,8.500000000000000000e+01
3.160000000000000142e+00,1.697500000000000000e+02,8.666666666666667140e+01
3.160000000000000142e+00,1.702500000000000000e+02,8.355555555555555713e+01
3.160000000000000142e+00,1.707500000000000000e+02,7.633333333333332860e+01
3.160000000000000142e+00,1.712500000000000000e+02,6.900000000000000000e+01
3.160000000000000142e+00,1.717500000000000000e+02,6.788888888888889994e+01
3.160000000000000142e+00,1.722500000000000000e+02,6.377777777777777857e+01
3.160000000000000142e+00,1.727500000000000000e+02,6.144444444444444997e+01
3.160000000000000142e+00,1.732500000000000000e+02,5.800000000000000000e+01
3.160000000000000142e+00,1.737500000000000000e+02,5.766666666666666430e+01
3.160000000000000142e+00,1.742500000000000000e+02,5.555555555555555003e+01
3.160000000000000142e+00,1.747500000000000000e+02,4.711111111111110716e+01
3.160000000000000142e+00,1.752500000000000000e+02,4.133333333333332860e+01
3.160000000000000142e+00,1.757500000000000000e+02,3.644444444444443576e+01
3.160000000000000142e+00,1.762500000000000000e+02,3.444444444444443576e+01
3.160000000000000142e+00,1.767500000000000000e+02,3.033333333333332504e+01
3.160000000000000142e+00,1.772500000000000000e+02,2.499999999999998934e+01
3.160000000000000142e+00,1.777500000000000000e+02,2.177777777777776791e+01
3.160000000000000142e+00,1.782500000000000000e+02,1.699999999999998934e+01
3.160000000000000142e+00,1.787500000000000000e+02,1.266666666666665542e+01
3.160000000000000142e+00,1.792500000000000000e+02,7.111111111111100058e+00
3.160000000000000142e+00,1.797500000000000000e+02,3.777777777777766577e+00
3.176000000000000156e+00,1.302500000000000000e+02,4.666666666666666430e+01
3.176000000000000156e+00,1.307500000000000000e+02,4.577777777777777857e+01
3.176000000000000156e+00,1.312500000000000000e+02,4.566666666666666430e+01
3.176000000000000156e+00,1.317500000000000000e+02,4.777777777777777857e+01
3.176000000000000156e+00,1.322500000000000000e+02,4.877777777777777857e+01
3.176000000000000156e+00,1.327500000000000000e+02,4.988888888888889284e+01
3.176000000000000156e+00,1.332500000000000000e+02,5.100000000000000711e+01
3.176000000000000156e+00,1.337500000000000000e+02,5.288888888888889284e+01
3.176000000000000156e+00,1.342500000000000000e+02,5.355555555555556424e+01
3.176000000000000156e+00,1.347500000000000000e+02,5.455555555555556424e+01
3.176000000000000156e+00,1.352500000000000000e+02,5.655555555555556424e+01
3.176000000000000156e+00,1.357500000000000000e+02,5.533333333333334281e+01
3.176000000000000156e+00,1.362500000000000000e+02,5.588888888888889284e+01
3.176000000000000156e+00,1.367500000000000000e+02,5.766666666666667851e+01
3.176000000000000156e+00,1.372500000000000000e+02,6.366666666666667851e+01
3.176000000000000156e+00,1.377500000000000000e+02,6.511111111111112848e+01
3.176000000000000156e+00,1.382500000000000000e+02,6.700000000000001421e+01
3.176000000000000156e+00,1.387500000000000000e+02,6.955555555555558556e+01
3.176000000000000156e+00,1.392500000000000000e+02,6.877777777777779988e+01
3.176000000000000156e+00,1.397500000000000000e+02,6.844444444444447129e+01
3.176000000000000156e+00,1.402500000000000000e+02,6.811111111111112848e+01
3.176000000000000156e+00,1.407500000000000000e+02,7.177777777777779988e+01
3.176000000000000156e+00,1.412500000000000000e+02,7.311111111111112848e+01
3.176000000000000156e+00,1.417500000000000000e+02,7.455555555555558556e+01
3.176000000000000156e+00,1.422500000000000000e+02,7.744444444444447129e+01
3.176000000000000156e+00,1.427500000000000000e+02,8.022222222222224275e+01
3.176000000000000156e+00,1.432500000000000000e+02,8.044444444444447129e+01
3.176000000000000156e+00,1.437500000000000000e+02,8.055555555555558556e+01
3.176000000000000156e+00,1.442500000000000000e+02,8.155555555555558556e+01
3.176000000000000156e+00,1.447500000000000000e+02,8.133333333333335702e+01
3.176000000000000156e+00,1.452500000000000000e+02,8.300000000000001421e+01
3.176000000000000156e+00,1.457500000000000000e+02,8.277777777777778567e+01
3.176000000000000156e+00,1.462500000000000000e+02,8.944444444444445708e+01
3.176000000000000156e+00,1.467500000000000000e+02,9.066666666666668561e+01
3.176000000000000156e+00,1.472500000000000000e+02,9.255555555555558556e+01
3.176000000000000156e+00,1.477500000000000000e+02,9.088888888888891415e+01
3.176000000000000156e+00,1.482500000000000000e+02,9.200000000000001421e+01
3.176000000000000156e+00,1.487500000000000000e+02,8.977777777777778567e+01
3.176000000000000156e+00,1.492500000000000000e+02,8.855555555555555713e+01
3.176000000000000156e+00,1.497500000000000000e+02,8.844444444444445708e+01
3.176000000000000156e+00,1.502500000000000000e+02,9.411111111111112848e+01
3.176000000000000156e+00,1.507500000000000000e+02,9.755555555555558556e+01
3.176000000000000156e+00,1.512500000000000000e+02,9.877777777777778567e+01
3.176000000000000156e+00,1.517500000000000000e+02,1.005555555555555856e+02
3.176000000000000156e+00,1.522500000000000000e+02,9.922222222222224275e+01
3.176000000000000156e+00,1.527500000000000000e+02,1.014444444444444713e+02
3.176000000000000156e+00,1.532500000000000000e+02,1.016666666666666998e+02
3.176000000000000156e+00,1.537500000000000000e+02,1.032222222222222427e+02
3.176000000000000156e+00,1.542500000000000000e+02,1.055555555555555856e+02
3.176000000000000156e+00,1.547500000000000000e+02,1.050000000000000426e+02
3.176000000000000156e+00,1.552500000000000000e+02,1.096666666666666998e+02
3.176000000000000156e+00,1.557500000000000000e+02,1.130000000000000426e+02
3.176000000000000156e+00,1.562500000000000000e+02,1.127777777777778141e+02
3.176000000000000156e+00,1.567500000000000000e+02,1.115555555555555856e+02
3.176000000000000156e+00,1.572500000000000000e+02,1.078888888888889142e+02
3.176000000000000156e+00,1.577500000000000000e+02,1.086666666666666856e+02
3.176000000000000156e+00,1.582500000000000000e+02,1.050000000000000142e+02
3.176000000000000156e+00,1.587500000000000000e+02,1.064444444444444571e+02
3.176000000000000156e+00,1.592500000000000000e+02,1.108888888888889142e+02
3.176000000000000156e+00,1.597500000000000000e+02,1.123333333333333570e+02
3.176000000000000156e+00,1.602500000000000000e+02,1.132222222222222427e+02
3.176000000000000156e+00,1.607500000000000000e+02,1.132222222222222427e+02
3.176000000000000156e+00,1.612500000000000000e+02,1.140000000000000142e+02
3.176000000000000156e+00,1.617500000000000000e+02,1.105555555555555856e+02
3.176000000000000156e+00,1.622500000000000000e+02,1.093333333333333570e+02
3.176000000000000156e+00,1.627500000000000000e+02,1.101111111111111285e+02
3.176000000000000156e+00,1.632500000000000000e+02,1.104444444444444571e+02
3.176000000000000156e+00,1.637500000000000000e+02,1.081111111111111285e+02
3.176000000000000156e+00,1.642500000000000000e+02,1.044444444444444571e+02
3.176000000000000156e+00,1.647500000000000000e+02,1.025555555555555571e+02
3.176000000000000156e+00,1.652500000000000000e+02,9.933333333333332860e+01
3.176000000000000156e+00,1.657500000000000000e+02,1.000000000000000000e+02
3.176000000000000156e+00,1.662500000000000000e+02,9.655555555555555713e+01
3.176000000000000156e+00,1.667500000000000000e+02,9.433333333333332860e+01
3.176000000000000156e+00,1.672500000000000000e+02,9.411111111111110006e+01
3.176000000000000156e+00,1.677500000000000000e+02,8.977777777777777146e+01
3.176000000000000156e+00,1.682500000000000000e+02,8.788888888888887152e+01
3.176000000000000156e+00,1.687500000000000000e+02,8.155555555555554292e+01
3.176000000000000156e+00,1.692500000000000000e+02,8.522222222222221433e+01
3.176000000000000156e+00,1.697500000000000000e+02,8.688888888888887152e+01
3.176000000000000156e+00,1.702500000000000000e+02,8.388888888888887152e+01
3.176000000000000156e+00,1.707500000000000000e+02,7.666666666666664298e+01
3.176000000000000156e+00,1.712500000000000000e+02,6.855555555555554292e+01
3.176000000000000156e+00,1.717500000000000000e+02,6.711111111111110006e+01
3.176000000000000156e+00,1.722500000000000000e+02,6.611111111111110006e+01
3.176000000000000156e+00,1.727500000000000000e+02,6.077777777777777146e+01
3.176000000000000156e+00,1.732500000000000000e+02,5.677777777777777146e+01
3.176000000000000156e+00,1.737500000000000000e+02,5.466666666666665719e+01
3.176000000000000156e+00,1.742500000000000000e+02,5.455555555555554292e+01
3.176000000000000156e+00,1.747500000000000000e+02,4.944444444444443576e+01
3.176000000000000156e+00,1.752500000000000000e+02,4.411111111111110716e+01
3.176000000000000156e+00,1.757500000000000000e+02,3.844444444444443576e+01
3.176000000000000156e+00,1.762500000000000000e+02,3.444444444444443576e+01
3.176000000000000156e+00,1.767500000000000000e+02,2.966666666666666075e+01
3.176000000000000156e+00,1.772500000000000000e+02,2.511111111111110361e+01
3.176000000000000156e+00,1.777500000000000000e+02,2.166666666666666075e+01
3.176000000000000156e+00,1.782500000000000000e+02,1.699999999999999645e+01
3.176000000000000156e+00,1.787500000000000000e+02,1.277777777777777146e+01
3.176000000000000156e+00,1.792500000000000000e+02,7.555555555555550029e+00
3.176000000000000156e+00,1.797500000000000000e+02,3.555555555555550029e+00
3.192000000000000171e+00,1.302500000000000000e+02,4.200000000000000000e+01
3.192000000000000171e+00,1.307500000000000000e+02,4.366666666666666430e+01
3.192000000000000171e+00,1.312500000000000000e+02,4.600000000000000000e+01
3.192000000000000171e+00,1.317500000000000000e+02,4.788888888888888573e+01
3.192000000000000171e+00,1.322500000000000000e+02,4.911111111111110716e+01
3.192000000000000171e+00,1.327500000000000000e+02,5.077777777777777146e+01
3.192000000000000171e+00,1.332500000000000000e+02,5.055555555555555003e+01
3.192000000000000171e+00,1.337500000000000000e+02,5.188888888888888573e+01
3.192000000000000171e+00,1.342500000000000000e+02,5.355555555555555003e+01
3.192000000000000171e+00,1.347500000000000000e+02,5.511111111111110716e+01
3.192000000000000171e+00,1.352500000000000000e+02,5.633333333333333570e+01
3.192000000000000171e+00,1.357500000000000000e+02,5.311111111111111427e+01
3.192000000000000171e+00,1.362500000000000000e+02,5.444444444444444997e+01
3.192000000000000171e+00,1.367500000000000000e+02,5.600000000000000000e+01
3.192000000000000171e+00,1.372500000000000000e+02,6.111111111111110716e+01
3.192000000000000171e+00,1.377500000000000000e+02,6.088888888888888573e+01
3.192000000000000171e+00,1.382500000000000000e+02,6.188888888888888573e+01
3.192000000000000171e+00,1.387500000000000000e+02,6.288888888888888573e+01
3.192000000000000171e+00,1.392500000000000000e+02,6.588888888888888573e+01
3.192000000000000171e+00,1.397500000000000000e+02,6.644444444444444287e+01
3.192000000000000171e+00,1.402500000000000000e+02,6.988888888888887152e+01
3.192000000000000171e+00,1.407500000000000000e+02,7.233333333333331439e+01
3.192000000000000171e+00,1.412500000000000000e+02,7.355555555555552871e+01
3.192000000000000171e+00,1.417500000000000000e+02,7.155555555555552871e+01
3.192000000000000171e+00,1.422500000000000000e+02,7.555555555555552871e+01
3.192000000000000171e+00,1.427500000000000000e+02,7.899999999999998579e+01
3.192000000000000171e+00,1.432500000000000000e+02,8.133333333333331439e+01
3.192000000000000171e+00,1.437500000000000000e+02,7.833333333333331439e+01
3.192000000000000171e+00,1.442500000000000000e+02,8.011111111111108585e+01
3.192000000000000171e+00,1.447500000000000000e+02,8.211111111111108585e+01
3.192000000000000171e+00,1.452500000000000000e+02,8.377777777777775725e+01
3.192000000000000171e+00,1.457500000000000000e+02,8.177777777777775725e+01
3.192000000000000171e+00,1.462500000000000000e+02,8.455555555555552871e+01
3.192000000000000171e+00,1.467500000000000000e+02,8.777777777777775725e+01
3.192000000000000171e+00,1.472500000000000000e+02,8.855555555555552871e+01
3.192000000000000171e+00,1.477500000000000000e+02,8.677777777777775725e+01
3.192000000000000171e+00,1.482500000000000000e+02,8.844444444444441444e+01
3.192000000000000171e+00,1.487500000000000000e+02,8.944444444444441444e+01
3.192000000000000171e+00,1.492500000000000000e+02,9.077777777777775725e+01
3.192000000000000171e+00,1.497500000000000000e+02,9.044444444444441444e+01
3.192000000000000171e+00,1.502500000000000000e+02,9.355555555555554292e+01
3.192000000000000171e+00,1.507500000000000000e+02,9.455555555555554292e+01
3.192000000000000171e+00,1.512500000000000000e+02,9.533333333333331439e+01
3.192000000000000171e+00,1.517500000000000000e+02,9.611111111111108585e+01
3.192000000000000171e+00,1.522500000000000000e+02,9.444444444444441444e+01
3.192000000000000171e+00,1.527500000000000000e+02,9.433333333333331439e+01
3.192000000000000171e+00,1.532500000000000000e+02,9.466666666666664298e+01
3.192000000000000171e+00,1.537500000000000000e+02,9.677777777777775725e+01
3.192000000000000171e+00,1.542500000000000000e+02,9.911111111111108585e+01
3.192000000000000171e+00,1.547500000000000000e+02,1.037777777777777573e+02
3.192000000000000171e+00,1.552500000000000000e+02,1.079999999999999858e+02
3.192000000000000171e+00,1.557500000000000000e+02,1.095555555555555429e+02
3.192000000000000171e+00,1.562500000000000000e+02,1.075555555555555429e+02
3.192000000000000171e+00,1.567500000000000000e+02,1.066666666666666430e+02
3.192000000000000171e+00,1.572500000000000000e+02,1.059999999999999858e+02
3.192000000000000171e+00,1.577500000000000000e+02,1.075555555555555429e+02
3.192000000000000171e+00,1.582500000000000000e+02,1.076666666666666714e+02
3.192000000000000171e+00,1.587500000000000000e+02,1.078888888888888715e+02
3.192000000000000171e+00,1.592500000000000000e+02,1.065555555555555429e+02
3.192000000000000171e+00,1.597500000000000000e+02,1.047777777777777573e+02
3.192000000000000171e+00,1.602500000000000000e+02,1.007777777777777573e+02
3.192000000000000171e+00,1.607500000000000000e+02,1.037777777777777573e+02
3.192000000000000171e+00,1.612500000000000000e+02,1.041111111111110858e+02
3.192000000000000171e+00,1.617500000000000000e+02,1.047777777777777573e+02
3.192000000000000171e+00,1.622500000000000000e+02,9.988888888888885731e+01
3.192000000000000171e+00,1.627500000000000000e+02,9.922222222222218591e+01
3.192000000000000171e+00,1.632500000000000000e+02,1.023333333333333002e+02
3.192000000000000171e+00,1.637500000000000000e+02,1.051111111111110716e+02
3.192000000000000171e+00,1.642500000000000000e+02,1.056666666666666288e+02
3.192000000000000171e+00,1.647500000000000000e+02,1.028888888888888431e+02
3.192000000000000171e+00,1.652500000000000000e+02,9.911111111111107164e+01
3.192000000000000171e+00,1.657500000000000000e+02,9.777777777777772883e+01
3.192000000000000171e+00,1.662500000000000000e+02,9.511111111111107164e+01
3.192000000000000171e+00,1.667500000000000000e+02,9.155555555555550029e+01
3.192000000000000171e+00,1.672500000000000000e+02,9.022222222222217169e+01
3.192000000000000171e+00,1.677500000000000000e+02,8.644444444444440023e+01
3.192000000000000171e+00,1.682500000000000000e+02,8.444444444444440023e+01
3.192000000000000171e+00,1.687500000000000000e+02,7.866666666666662877e+01
3.192000000000000171e+00,1.692500000000000000e+02,8.066666666666662877e+01
3.192000000000000171e+00,1.697500000000000000e+02,7.977777777777774304e+01
3.192000000000000171e+00,1.702500000000000000e+02,7.866666666666662877e+01
3.192000000000000171e+00,1.707500000000000000e+02,6.944444444444441444e+01
3.192000000000000171e+00,1.712500000000000000e+02,6.388888888888885731e+01
3.192000000000000171e+00,1.717500000000000000e+02,6.144444444444442155e+01
3.192000000000000171e+00,1.722500000000000000e+02,6.399999999999997158e+01
3.192000000000000171e+00,1.727500000000000000e+02,5.855555555555552161e+01
3.192000000000000171e+00,1.732500000000000000e+02,5.311111111111107874e+01
3.192000000000000171e+00,1.737500000000000000e+02,4.911111111111107874e+01
3.192000000000000171e+00,1.742500000000000000e+02,4.955555555555552161e+01
3.192000000000000171e+00,1.747500000000000000e+02,4.611111111111108585e+01
3.192000000000000171e+00,1.752500000000000000e+02,4.222222222222220012e+01
3.192000000000000171e+00,1.757500000000000000e+02,3.766666666666665009e+01
3.192000000000000171e+00,1.762500000000000000e+02,3.311111111111109295e+01
3.192000000000000171e+00,1.767500000000000000e+02,2.788888888888886797e+01
3.192000000000000171e+00,1.772500000000000000e+02,2.344444444444441800e+01
3.192000000000000171e+00,1.777500000000000000e+02,2.022222222222219656e+01
3.192000000000000171e+00,1.782500000000000000e+02,1.633333333333330373e+01
3.192000000000000171e+00,1.787500000000000000e+02,1.199999999999997158e+01
3.192000000000000171e+00,1.792500000000000000e+02,7.777777777777750146e+00
3.192000000000000171e+00,1.797500000000000000e+02,3.888888888888861306e+00
3.208000000000000185e+00,1.302500000000000000e+02,4.144444444444444287e+01
3.208000000000000185e+00,1.307500000000000000e+02,4.388888888888888573e+01
3.208000000000000185e+00,1.312500000000000000e+02,4.733333333333333570e+01
3.208000000000000185e+00,1.317500000000000000e+02,4.655555555555555003e+01
3.208000000000000185e+00,1.322500000000000000e+02,4.811111111111110716e+01
3.208000000000000185e+00,1.327500000000000000e+02,4.844444444444443576e+01
3.208000000000000185e+00,1.332500000000000000e+02,4.844444444444443576e+01
3.208000000000000185e+00,1.337500000000000000e+02,5.077777777777777146e+01
3.208000000000000185e+00,1.342500000000000000e+02,5.211111111111110716e+01
3.208000000000000185e+00,1.347500000000000000e+02,5.311111111111110716e+01
3.208000000000000185e+00,1.352500000000000000e+02,5.233333333333333570e+01
3.208000000000000185e+00,1.357500000000000000e+02,5.133333333333333570e+01
3.208000000000000185e+00,1.362500000000000000e+02,5.500000000000000000e+01
3.208000000000000185e+00,1.367500000000000000e+02,5.722222222222222143e+01
3.208000000000000185e+00,1.372500000000000000e+02,6.300000000000000000e+01
3.208000000000000185e+00,1.377500000000000000e+02,6.088888888888889284e+01
3.208000000000000185e+00,1.382500000000000000e+02,6.188888888888889284e+01
3.208000000000000185e+00,1.387500000000000000e+02,5.933333333333334281e+01
3.208000000000000185e+00,1.392500000000000000e+02,6.377777777777779278e+01
3.208000000000000185e+00,1.397500000000000000e+02,6.444444444444445708e+01
3.208000000000000185e+00,1.402500000000000000e+02,6.877777777777778567e+01
3.208000000000000185e+00,1.407500000000000000e+02,6.988888888888889994e+01
3.208000000000000185e+00,1.412500000000000000e+02,7.244444444444445708e+01
3.208000000000000185e+00,1.417500000000000000e+02,7.177777777777778567e+01
3.208000000000000185e+00,1.422500000000000000e+02,7.555555555555555713e+01
3.208000000000000185e+00,1.427500000000000000e+02,7.755555555555555713e+01
3.208000000000000185e+00,1.432500000000000000e+02,8.011111111111111427e+01
3.208000000000000185e+00,1.437500000000000000e+02,7.733333333333332860e+01
3.208000000000000185e+00,1.442500000000000000e+02,7.822222222222221433e+01
3.208000000000000185e+00,1.447500000000000000e+02,7.900000000000000000e+01
3.208000000000000185e+00,1.452500000000000000e+02,7.922222222222222854e+01
3.208000000000000185e+00,1.457500000000000000e+02,7.811111111111112848e+01
3.208000000000000185e+00,1.462500000000000000e+02,7.900000000000001421e+01
3.208000000000000185e+00,1.467500000000000000e+02,8.288888888888889994e+01
3.208000000000000185e+00,1.472500000000000000e+02,8.400000000000000000e+01
3.208000000000000185e+00,1.477500000000000000e+02,8.444444444444444287e+01
3.208000000000000185e+00,1.482500000000000000e+02,8.766666666666667140e+01
3.208000000000000185e+00,1.487500000000000000e+02,8.977777777777778567e+01
3.208000000000000185e+00,1.492500000000000000e+02,9.022222222222222854e+01
3.208000000000000185e+00,1.497500000000000000e+02,8.900000000000000000e+01
3.208000000000000185e+00,1.502500000000000000e+02,9.088888888888887152e+01
3.208000000000000185e+00,1.507500000000000000e+02,9.288888888888887152e+01
3.208000000000000185e+00,1.512500000000000000e+02,9.355555555555554292e+01
3.208000000000000185e+00,1.517500000000000000e+02,9.377777777777777146e+01
3.208000000000000185e+00,1.522500000000000000e+02,9.188888888888887152e+01
3.208000000000000185e+00,1.527500000000000000e+02,9.044444444444444287e+01
3.208000000000000185e+00,1.532500000000000000e+02,9.088888888888887152e+01
3.208000000000000185e+00,1.537500000000000000e+02,9.288888888888887152e+01
3.208000000000000185e+00,1.542500000000000000e+02,9.533333333333331439e+01
3.208000000000000185e+00,1.547500000000000000e+02,9.888888888888887152e+01
3.208000000000000185e+00,1.552500000000000000e+02,1.034444444444444429e+02
3.208000000000000185e+00,1.557500000000000000e+02,1.055555555555555429e+02
3.208000000000000185e+00,1.562500000000000000e+02,1.032222222222222143e+02
3.208000000000000185e+00,1.567500000000000000e+02,1.007777777777777715e+02
3.208000000000000185e+00,1.572500000000000000e+02,1.045555555555555429e+02
3.208000000000000185e+00,1.577500000000000000e+02,1.078888888888888715e+02
3.208000000000000185e+00,1.582500000000000000e+02,1.077777777777777573e+02
3.208000000000000185e+00,1.587500000000000000e+02,1.047777777777777573e+02
3.208000000000000185e+00,1.592500000000000000e+02,1.034444444444444144e+02
3.208000000000000185e+00,1.597500000000000000e+02,1.036666666666666430e+02
3.208000000000000185e+00,1.602500000000000000e+02,1.012222222222222143e+02
3.208000000000000185e+00,1.607500000000000000e+02,1.006666666666666430e+02
3.208000000000000185e+00,1.612500000000000000e+02,1.012222222222222143e+02
3.208000000000000185e+00,1.617500000000000000e+02,9.955555555555554292e+01
3.208000000000000185e+00,1.622500000000000000e+02,9.622222222222221433e+01
3.208000000000000185e+00,1.627500000000000000e+02,9.355555555555554292e+01
3.208000000000000185e+00,1.632500000000000000e+02,9.788888888888887152e+01
3.208000000000000185e+00,1.637500000000000000e+02,1.020000000000000000e+02
3.208000000000000185e+00,1.642500000000000000e+02,1.046666666666666714e+02
3.208000000000000185e+00,1.647500000000000000e+02,1.002222222222222143e+02
3.208000000000000185e+00,1.652500000000000000e+02,9.811111111111108585e+01
3.208000000000000185e+00,1.657500000000000000e+02,9.544444444444441444e+01
3.208000000000000185e+00,1.662500000000000000e+02,9.422222222222221433e+01
3.208000000000000185e+00,1.667500000000000000e+02,8.844444444444444287e+01
3.208000000000000185e+00,1.672500000000000000e+02,8.700000000000000000e+01
3.208000000000000185e+00,1.677500000000000000e+02,8.300000000000000000e+01
3.208000000000000185e+00,1.682500000000000000e+02,8.222222222222222854e+01
3.208000000000000185e+00,1.687500000000000000e+02,7.788888888888889994e+01
3.208000000000000185e+00,1.692500000000000000e+02,7.944444444444444287e+01
3.208000000000000185e+00,1.697500000000000000e+02,7.577777777777778567e+01
3.208000000000000185e+00,1.702500000000000000e+02,7.533333333333332860e+01
3.208000000000000185e+00,1.707500000000000000e+02,6.688888888888889994e+01
3.208000000000000185e+00,1.712500000000000000e+02,6.566666666666667140e+01
3.208000000000000185e+00,1.717500000000000000e+02,5.955555555555555003e+01
3.208000000000000185e+00,1.722500000000000000e+02,5.988888888888888573e+01
3.208000000000000185e+00,1.727500000000000000e+02,5.466666666666666430e+01
3.208000000000000185e+00,1.732500000000000000e+02,5.022222222222222854e+01
3.208000000000000185e+00,1.737500000000000000e+02,4.722222222222222854e+01
3.208000000000000185e+00,1.742500000000000000e+02,4.511111111111111427e+01
3.208000000000000185e+00,1.747500000000000000e+02,4.433333333333333570e+01
3.208000000000000185e+00,1.752500000000000000e+02,4.066666666666666430e+01
3.208000000000000185e+00,1.757500000000000000e+02,3.733333333333333570e+01
3.208000000000000185e+00,1.762500000000000000e+02,3.211111111111110716e+01
3.208000000000000185e+00,1.767500000000000000e+02,2.788888888888888573e+01
3.208000000000000185e+00,1.772500000000000000e+02,2.244444444444444287e+01
3.208000000000000185e+00,1.777500000000000000e+02,1.855555555555555358e+01
3.208000000000000185e+00,1.782500000000000000e+02,1.355555555555555536e+01
3.208000000000000185e+00,1.787500000000000000e+02,9.666666666666666075e+00
3.208000000000000185e+00,1.792500000000000000e+02,6.333333333333332149e+00
3.208000000000000185e+00,1.797500000000000000e+02,3.777777777777776347e+00
3.224000000000000199e+00,1.302500000000000000e+02,4.355555555555555003e+01
3.224000000000000199e+00,1.307500000000000000e+02,4.611111111111110716e+01
3.224000000000000199e+00,1.312500000000000000e+02,4.944444444444443576e+01
3.224000000000000199e+00,1.317500000000000000e+02,4.722222222222222143e+01
3.224000000000000199e+00,1.322500000000000000e+02,4.733333333333333570e+01
3.224000000000000199e+00,1.327500000000000000e+02,4.688888888888888573e+01
3.224000000000000199e+00,1.332500000000000000e+02,4.577777777777777146e+01
3.224000000000000199e+00,1.337500000000000000e+02,4.888888888888888573e+01
3.224000000000000199e+00,1.342500000000000000e+02,4.988888888888888573e+01
3.224000000000000199e+00,1.347500000000000000e+02,5.377777777777777146e+01
3.224000000000000199e+00,1.352500000000000000e+02,5.199999999999999289e+01
3.224000000000000199e+00,1.357500000000000000e+02,5.499999999999999289e+01
3.224000000000000199e+00,1.362500000000000000e+02,5.622222222222220722e+01
3.224000000000000199e+00,1.367500000000000000e+02,5.922222222222220722e+01
3.224000000000000199e+00,1.372500000000000000e+02,6.155555555555554292e+01
3.224000000000000199e+00,1.377500000000000000e+02,5.899999999999999289e+01
3.224000000000000199e+00,1.382500000000000000e+02,6.066666666666665719e+01
3.224000000000000199e+00,1.387500000000000000e+02,5.766666666666665719e+01
3.224000000000000199e+00,1.392500000000000000e+02,6.455555555555554292e+01
3.224000000000000199e+00,1.397500000000000000e+02,6.466666666666664298e+01
3.224000000000000199e+00,1.402500000000000000e+02,6.899999999999998579e+01
3.224000000000000199e+00,1.407500000000000000e+02,6.788888888888887152e+01
3.224000000000000199e+00,1.412500000000000000e+02,6.822222222222221433e+01
3.224000000000000199e+00,1.417500000000000000e+02,6.911111111111110006e+01
3.224000000000000199e+00,1.422500000000000000e+02,7.422222222222221433e+01
3.224000000000000199e+00,1.427500000000000000e+02,7.655555555555554292e+01
3.224000000000000199e+00,1.432500000000000000e+02,7.933333333333332860e+01
3.224000000000000199e+00,1.437500000000000000e+02,7.399999999999998579e+01
3.224000000000000199e+00,1.442500000000000000e+02,7.388888888888887152e+01
3.224000000000000199e+00,1.447500000000000000e+02,7.399999999999998579e+01
3.224000000000000199e+00,1.452500000000000000e+02,7.688888888888887152e+01
3.224000000000000199e+00,1.457500000000000000e+02,7.933333333333331439e+01
3.224000000000000199e+00,1.462500000000000000e+02,7.866666666666664298e+01
3.224000000000000199e+00,1.467500000000000000e+02,7.933333333333331439e+01
3.224000000000000199e+00,1.472500000000000000e+02,7.822222222222221433e+01
3.224000000000000199e+00,1.477500000000000000e+02,7.955555555555554292e+01
3.224000000000000199e+00,1.482500000000000000e+02,8.499999999999998579e+01
3.224000000000000199e+00,1.487500000000000000e+02,8.922222222222221433e+01
3.224000000000000199e+00,1.492500000000000000e+02,8.877777777777777146e+01
3.224000000000000199e+00,1.497500000000000000e+02,8.733333333333332860e+01
3.224000000000000199e+00,1.502500000000000000e+02,8.800000000000000000e+01
3.224000000000000199e+00,1.507500000000000000e+02,9.144444444444444287e+01
3.224000000000000199e+00,1.512500000000000000e+02,9.311111111111110006e+01
3.224000000000000199e+00,1.517500000000000000e+02,9.011111111111110006e+01
3.224000000000000199e+00,1.522500000000000000e+02,8.833333333333332860e+01
3.224000000000000199e+00,1.527500000000000000e+02,8.544444444444444287e+01
3.224000000000000199e+00,1.532500000000000000e+02,9.122222222222221433e+01
3.224000000000000199e+00,1.537500000000000000e+02,9.222222222222221433e+01
3.224000000000000199e+00,1.542500000000000000e+02,9.288888888888887152e+01
3.224000000000000199e+00,1.547500000000000000e+02,9.566666666666664298e+01
3.224000000000000199e+00,1.552500000000000000e+02,9.699999999999998579e+01
3.224000000000000199e+00,1.557500000000000000e+02,1.013333333333333144e+02
3.224000000000000199e+00,1.562500000000000000e+02,9.799999999999998579e+01
3.224000000000000199e+00,1.567500000000000000e+02,9.999999999999998579e+01
3.224000000000000199e+00,1.572500000000000000e+02,1.032222222222222143e+02
3.224000000000000199e+00,1.577500000000000000e+02,1.047777777777777715e+02
3.224000000000000199e+00,1.582500000000000000e+02,1.034444444444444429e+02
3.224000000000000199e+00,1.587500000000000000e+02,1.010000000000000000e+02
3.224000000000000199e+00,1.592500000000000000e+02,9.833333333333332860e+01
3.224000000000000199e+00,1.597500000000000000e+02,9.755555555555554292e+01
3.224000000000000199e+00,1.602500000000000000e+02,9.477777777777777146e+01
3.224000000000000199e+00,1.607500000000000000e+02,9.644444444444444287e+01
3.224000000000000199e+00,1.612500000000000000e+02,9.933333333333332860e+01
3.224000000000000199e+00,1.617500000000000000e+02,9.888888888888889994e+01
3.224000000000000199e+00,1.622500000000000000e+02,9.488888888888889994e+01
3.224000000000000199e+00,1.627500000000000000e+02,9.077777777777778567e+01
3.224000000000000199e+00,1.632500000000000000e+02,9.188888888888889994e+01
3.224000000000000199e+00,1.637500000000000000e+02,9.255555555555555713e+01
3.224000000000000199e+00,1.642500000000000000e+02,9.733333333333332860e+01
3.224000000000000199e+00,1.647500000000000000e+02,9.588888888888889994e+01
3.224000000000000199e+00,1.652500000000000000e+02,9.811111111111112848e+01
3.224000000000000199e+00,1.657500000000000000e+02,9.144444444444445708e+01
3.224000000000000199e+00,1.662500000000000000e+02,8.844444444444445708e+01
3.224000000000000199e+00,1.667500000000000000e+02,8.433333333333334281e+01
3.224000000000000199e+00,1.672500000000000000e+02,8.455555555555555713e+01
3.224000000000000199e+00,1.677500000000000000e+02,8.277777777777778567e+01
3.224000000000000199e+00,1.682500000000000000e+02,7.922222222222222854e+01
3.224000000000000199e+00,1.687500000000000000e+02,7.422222222222222854e+01
3.224000000000000199e+00,1.692500000000000000e+02,7.177777777777778567e+01
3.224000000000000199e+00,1.697500000000000000e+02,6.600000000000001421e+01
3.224000000000000199e+00,1.702500000000000000e+02,6.633333333333334281e+01
3.224000000000000199e+00,1.707500000000000000e+02,6.122222222222222854e+01
3.224000000000000199e+00,1.712500000000000000e+02,6.333333333333333570e+01
3.224000000000000199e+00,1.717500000000000000e+02,5.755555555555555003e+01
3.224000000000000199e+00,1.722500000000000000e+02,5.700000000000000000e+01
3.224000000000000199e+00,1.727500000000000000e+02,5.277777777777777857e+01
3.224000000000000199e+00,1.732500000000000000e+02,4.700000000000000000e+01
3.224000000000000199e+00,1.737500000000000000e+02,4.377777777777777857e+01
3.224000000000000199e+00,1.742500000000000000e+02,3.933333333333333570e+01
3.224000000000000199e+00,1.747500000000000000e+02,4.033333333333333570e+01
3.224000000000000199e+00,1.752500000000000000e+02,3.644444444444444287e+01
3.224000000000000199e+00,1.757500000000000000e+02,3.444444444444444287e+01
3.224000000000000199e+00,1.762500000000000000e+02,2.855555555555555358e+01
3.224000000000000199e+00,1.767500000000000000e+02,2.477777777777777501e+01
3.224000000000000199e+00,1.772500000000000000e+02,1.999999999999999645e+01
3.224000000000000199e+00,1.777500000000000000e+02,1.766666666666666430e+01
3.224000000000000199e+00,1.782500000000000000e+02,1.355555555555555181e+01
3.224000000000000199e+00,1.787500000000000000e+02,9.666666666666664298e+00
3.224000000000000199e+00,1.792500000000000000e+02,5.666666666666664298e+00
3.224000000000000199e+00,1.797500000000000000e+02,3.777777777777775459e+00
3.240000000000000213e+00,1.302500000000000000e+02,4.288888888888888573e+01
3.240000000000000213e+00,1.307500000000000000e+02,4.511111111111110716e+01
3.240000000000000213e+00,1.312500000000000000e+02,4.933333333333332149e+01
3.240000000000000213e+00,1.317500000000000000e+02,4.833333333333332149e+01
3.240000000000000213e+00,1.322500000000000000e+02,4.866666666666665719e+01
3.240000000000000213e+00,1.327500000000000000e+02,4.822222222222220722e+01
3.240000000000000213e+00,1.332500000000000000e+02,4.888888888888887863e+01
3.240000000000000213e+00,1.337500000000000000e+02,5.288888888888887863e+01
3.240000000000000213e+00,1.342500000000000000e+02,5.166666666666665009e+01
3.240000000000000213e+00,1.347500000000000000e+02,5.155555555555554292e+01
3.240000000000000213e+00,1.352500000000000000e+02,5.177777777777777146e+01
3.240000000000000213e+00,1.357500000000000000e+02,5.655555555555555003e+01
3.240000000000000213e+00,1.362500000000000000e+02,5.800000000000000000e+01
3.240000000000000213e+00,1.367500000000000000e+02,5.844444444444443576e+01
3.240000000000000213e+00,1.372500000000000000e+02,6.222222222222220722e+01
3.240000000000000213e+00,1.377500000000000000e+02,6.033333333333332149e+01
3.240000000000000213e+00,1.382500000000000000e+02,6.311111111111110716e+01
3.240000000000000213e+00,1.387500000000000000e+02,5.866666666666666430e+01
3.240000000000000213e+00,1.392500000000000000e+02,6.433333333333332860e+01
3.240000000000000213e+00,1.397500000000000000e+02,6.433333333333332860e+01
3.240000000000000213e+00,1.402500000000000000e+02,6.766666666666667140e+01
3.240000000000000213e+00,1.407500000000000000e+02,6.944444444444444287e+01
3.240000000000000213e+00,1.412500000000000000e+02,6.900000000000000000e+01
3.240000000000000213e+00,1.417500000000000000e+02,7.077777777777777146e+01
3.240000000000000213e+00,1.422500000000000000e+02,7.011111111111110006e+01
3.240000000000000213e+00,1.427500000000000000e+02,7.344444444444444287e+01
3.240000000000000213e+00,1.432500000000000000e+02,7.655555555555555713e+01
3.240000000000000213e+00,1.437500000000000000e+02,7.611111111111110006e+01
3.240000000000000213e+00,1.442500000000000000e+02,7.377777777777777146e+01
3.240000000000000213e+00,1.447500000000000000e+02,7.199999999999998579e+01
3.240000000000000213e+00,1.452500000000000000e+02,7.299999999999998579e+01
3.240000000000000213e+00,1.457500000000000000e+02,7.699999999999998579e+01
3.240000000000000213e+00,1.462500000000000000e+02,7.822222222222221433e+01
3.240000000000000213e+00,1.467500000000000000e+02,7.699999999999998579e+01
3.240000000000000213e+00,1.472500000000000000e+02,7.488888888888887152e+01
3.240000000000000213e+00,1.477500000000000000e+02,7.755555555555552871e+01
3.240000000000000213e+00,1.482500000000000000e+02,8.311111111111108585e+01
3.240000000000000213e+00,1.487500000000000000e+02,8.666666666666664298e+01
3.240000000000000213e+00,1.492500000000000000e+02,8.599999999999998579e+01
3.240000000000000213e+00,1.497500000000000000e+02,8.544444444444441444e+01
3.240000000000000213e+00,1.502500000000000000e+02,8.733333333333331439e+01
3.240000000000000213e+00,1.507500000000000000e+02,8.977777777777775725e+01
3.240000000000000213e+00,1.512500000000000000e+02,9.199999999999998579e+01
3.240000000000000213e+00,1.517500000000000000e+02,9.122222222222221433e+01
3.240000000000000213e+00,1.522500000000000000e+02,9.022222222222221433e+01
3.240000000000000213e+00,1.527500000000000000e+02,9.166666666666664298e+01
3.240000000000000213e+00,1.532500000000000000e+02,9.377777777777775725e+01
3.240000000000000213e+00,1.537500000000000000e+02,9.399999999999998579e+01
3.240000000000000213e+00,1.542500000000000000e+02,9.177777777777775725e+01
3.240000000000000213e+00,1.547500000000000000e+02,9.633333333333330017e+01
3.240000000000000213e+00,1.552500000000000000e+02,9.699999999999995737e+01
3.240000000000000213e+00,1.557500000000000000e+02,1.004444444444444002e+02
3.240000000000000213e+00,1.562500000000000000e+02,9.444444444444440023e+01
3.240000000000000213e+00,1.567500000000000000e+02,9.611111111111107164e+01
3.240000000000000213e+00,1.572500000000000000e+02,9.966666666666662877e+01
3.240000000000000213e+00,1.577500000000000000e+02,1.007777777777777573e+02
3.240000000000000213e+00,1.582500000000000000e+02,9.899999999999998579e+01
3.240000000000000213e+00,1.587500000000000000e+02,9.566666666666664298e+01
3.240000000000000213e+00,1.592500000000000000e+02,9.633333333333331439e+01
3.240000000000000213e+00,1.597500000000000000e+02,9.599999999999998579e+01
3.240000000000000213e+00,1.602500000000000000e+02,9.455555555555554292e+01
3.240000000000000213e+00,1.607500000000000000e+02,9.377777777777775725e+01
3.240000000000000213e+00,1.612500000000000000e+02,9.577777777777775725e+01
3.240000000000000213e+00,1.617500000000000000e+02,9.633333333333331439e+01
3.240000000000000213e+00,1.622500000000000000e+02,9.533333333333331439e+01
3.240000000000000213e+00,1.627500000000000000e+02,9.344444444444441444e+01
3.240000000000000213e+00,1.632500000000000000e+02,9.199999999999998579e+01
3.240000000000000213e+00,1.637500000000000000e+02,8.888888888888887152e+01
3.240000000000000213e+00,1.642500000000000000e+02,9.099999999999998579e+01
3.240000000000000213e+00,1.647500000000000000e+02,8.622222222222221433e+01
3.240000000000000213e+00,1.652500000000000000e+02,8.933333333333331439e+01
3.240000000000000213e+00,1.657500000000000000e+02,8.322222222222221433e+01
3.240000000000000213e+00,1.662500000000000000e+02,8.488888888888887152e+01
3.240000000000000213e+00,1.667500000000000000e+02,8.122222222222221433e+01
3.240000000000000213e+00,1.672500000000000000e+02,8.266666666666664298e+01
3.240000000000000213e+00,1.677500000000000000e+02,7.899999999999998579e+01
3.240000000000000213e+00,1.682500000000000000e+02,7.722222222222221433e+01
3.240000000000000213e+00,1.687500000000000000e+02,7.422222222222221433e+01
3.240000000000000213e+00,1.692500000000000000e+02,7.244444444444444287e+01
3.240000000000000213e+00,1.697500000000000000e+02,6.644444444444444287e+01
3.240000000000000213e+00,1.702500000000000000e+02,6.333333333333333570e+01
3.240000000000000213e+00,1.707500000000000000e+02,5.933333333333333570e+01
3.240000000000000213e+00,1.712500000000000000e+02,6.088888888888888573e+01
3.240000000000000213e+00,1.717500000000000000e+02,5.622222222222222143e+01
3.240000000000000213e+00,1.722500000000000000e+02,5.644444444444443576e+01
3.240000000000000213e+00,1.727500000000000000e+02,5.388888888888888573e+01
3.240000000000000213e+00,1.732500000000000000e+02,5.000000000000000000e+01
3.240000000000000213e+00,1.737500000000000000e+02,4.444444444444444997e+01
3.240000000000000213e+00,1.742500000000000000e+02,3.800000000000000000e+01
3.240000000000000213e+00,1.747500000000000000e+02,3.677777777777777857e+01
3.240000000000000213e+00,1.752500000000000000e+02,3.400000000000000000e+01
3.240000000000000213e+00,1.757500000000000000e+02,3.222222222222222143e+01
3.240000000000000213e+00,1.762500000000000000e+02,2.700000000000000000e+01
3.240000000000000213e+00,1.767500000000000000e+02,2.344444444444444287e+01
3.240000000000000213e+00,1.772500000000000000e+02,1.911111111111111072e+01
3.240000000000000213e+00,1.777500000000000000e+02,1.677777777777777501e+01
3.240000000000000213e+00,1.782500000000000000e+02,1.200000000000000000e+01
3.240000000000000213e+00,1.787500000000000000e+02,8.222222222222221433e+00
3.240000000000000213e+00,1.792500000000000000e+02,4.444444444444443754e+00
3.240000000000000213e+00,1.797500000000000000e+02,3.111111111111110272e+00
3.255999999999999783e+00,1.302500000000000000e+02,4.544444444444443576e+01
3.255999999999999783e+00,1.307500000000000000e+02,4.522222222222222143e+01
3.255999999999999783e+00,1.312500000000000000e+02,4.788888888888888573e+01
3.255999999999999783e+00,1.317500000000000000e+02,4.777777777777777146e+01
3.255999999999999783e+00,1.322500000000000000e+02,4.877777777777777146e+01
3.255999999999999783e+00,1.327500000000000000e+02,4.977777777777777146e+01
3.255999999999999783e+00,1.332500000000000000e+02,5.122222222222222143e+01
3.255999999999999783e+00,1.337500000000000000e+02,5.477777777777777146e+01
3.255999999999999783e+00,1.342500000000000000e+02,5.433333333333333570e+01
3.255999999999999783e+00,1.347500000000000000e+02,5.377777777777777857e+01
3.255999999999999783e+00,1.352500000000000000e+02,5.577777777777777857e+01
3.255999999999999783e+00,1.357500000000000000e+02,5.644444444444444997e+01
3.255999999999999783e+00,1.362500000000000000e+02,5.711111111111111427e+01
3.255999999999999783e+00,1.367500000000000000e+02,5.466666666666666430e+01
3.255999999999999783e+00,1.372500000000000000e+02,5.711111111111110716e+01
3.255999999999999783e+00,1.377500000000000000e+02,5.744444444444443576e+01
3.255999999999999783e+00,1.382500000000000000e+02,6.111111111111110716e+01
3.255999999999999783e+00,1.387500000000000000e+02,6.000000000000000000e+01
3.255999999999999783e+00,1.392500000000000000e+02,6.300000000000000000e+01
3.255999999999999783e+00,1.397500000000000000e+02,6.411111111111111427e+01
3.255999999999999783e+00,1.402500000000000000e+02,6.788888888888889994e+01
3.255999999999999783e+00,1.407500000000000000e+02,7.033333333333334281e+01
3.255999999999999783e+00,1.412500000000000000e+02,6.922222222222222854e+01
3.255999999999999783e+00,1.417500000000000000e+02,6.866666666666667140e+01
3.255999999999999783e+00,1.422500000000000000e+02,6.700000000000000000e+01
3.255999999999999783e+00,1.427500000000000000e+02,6.833333333333332860e+01
3.255999999999999783e+00,1.432500000000000000e+02,7.044444444444444287e+01
3.255999999999999783e+00,1.437500000000000000e+02,7.199999999999998579e+01
3.255999999999999783e+00,1.442500000000000000e+02,7.211111111111110006e+01
3.255999999999999783e+00,1.447500000000000000e+02,7.355555555555555713e+01
3.255999999999999783e+00,1.452500000000000000e+02,7.255555555555555713e+01
3.255999999999999783e+00,1.457500000000000000e+02,7.622222222222221433e+01
3.255999999999999783e+00,1.462500000000000000e+02,8.000000000000000000e+01
3.255999999999999783e+00,1.467500000000000000e+02,7.955555555555555713e+01
3.255999999999999783e+00,1.472500000000000000e+02,7.700000000000000000e+01
3.255999999999999783e+00,1.477500000000000000e+02,7.400000000000000000e+01
3.255999999999999783e+00,1.482500000000000000e+02,7.822222222222222854e+01
3.255999999999999783e+00,1.487500000000000000e+02,8.244444444444445708e+01
3.255999999999999783e+00,1.492500000000000000e+02,8.300000000000001421e+01
3.255999999999999783e+00,1.497500000000000000e+02,8.344444444444445708e+01
3.255999999999999783e+00,1.502500000000000000e+02,8.266666666666667140e+01
3.255999999999999783e+00,1.507500000000000000e+02,8.644444444444445708e+01
3.255999999999999783e+00,1.512500000000000000e+02,8.844444444444445708e+01
3.255999999999999783e+00,1.517500000000000000e+02,9.077777777777778567e+01
3.255999999999999783e+00,1.522500000000000000e+02,8.988888888888889994e+01
3.255999999999999783e+00,1.527500000000000000e+02,9.200000000000000000e+01
3.255999999999999783e+00,1.532500000000000000e+02,9.333333333333332860e+01
3.255999999999999783e+00,1.537500000000000000e+02,9.266666666666667140e+01
3.255999999999999783e+00,1.542500000000000000e+02,9.088888888888889994e+01
3.255999999999999783e+00,1.547500000000000000e+02,9.411111111111112848e+01
3.255999999999999783e+00,1.552500000000000000e+02,9.444444444444445708e+01
3.255999999999999783e+00,1.557500000000000000e+02,9.455555555555555713e+01
3.255999999999999783e+00,1.562500000000000000e+02,9.033333333333332860e+01
3.255999999999999783e+00,1.567500000000000000e+02,9.377777777777778567e+01
3.255999999999999783e+00,1.572500000000000000e+02,9.566666666666668561e+01
3.255999999999999783e+00,1.577500000000000000e+02,9.600000000000001421e+01
3.255999999999999783e+00,1.582500000000000000e+02,9.277777777777778567e+01
3.255999999999999783e+00,1.587500000000000000e+02,9.288888888888889994e+01
3.255999999999999783e+00,1.592500000000000000e+02,9.255555555555555713e+01
3.255999999999999783e+00,1.597500000000000000e+02,9.300000000000000000e+01
3.255999999999999783e+00,1.602500000000000000e+02,8.977777777777778567e+01
3.255999999999999783e+00,1.607500000000000000e+02,9.022222222222224275e+01
3.255999999999999783e+00,1.612500000000000000e+02,9.088888888888891415e+01
3.255999999999999783e+00,1.617500000000000000e+02,9.477777777777778567e+01
3.255999999999999783e+00,1.622500000000000000e+02,9.344444444444445708e+01
3.255999999999999783e+00,1.627500000000000000e+02,9.344444444444445708e+01
3.255999999999999783e+00,1.632500000000000000e+02,8.933333333333335702e+01
3.255999999999999783e+00,1.637500000000000000e+02,8.677777777777778567e+01
3.255999999999999783e+00,1.642500000000000000e+02,8.500000000000001421e+01
3.255999999999999783e+00,1.647500000000000000e+02,8.388888888888891415e+01
3.255999999999999783e+00,1.652500000000000000e+02,8.622222222222224275e+01
3.255999999999999783e+00,1.657500000000000000e+02,8.122222222222224275e+01
3.255999999999999783e+00,1.662500000000000000e+02,7.944444444444447129e+01
3.255999999999999783e+00,1.667500000000000000e+02,7.577777777777779988e+01
3.255999999999999783e+00,1.672500000000000000e+02,7.877777777777779988e+01
3.255999999999999783e+00,1.677500000000000000e+02,7.555555555555558556e+01
3.255999999999999783e+00,1.682500000000000000e+02,7.266666666666668561e+01
3.255999999999999783e+00,1.687500000000000000e+02,6.877777777777778567e+01
3.255999999999999783e+00,1.692500000000000000e+02,6.700000000000001421e+01
3.255999999999999783e+00,1.697500000000000000e+02,6.333333333333334281e+01
3.255999999999999783e+00,1.702500000000000000e+02,5.966666666666667851e+01
3.255999999999999783e+00,1.707500000000000000e+02,5.655555555555556424e+01
3.255999999999999783e+00,1.712500000000000000e+02,5.622222222222222854e+01
3.255999999999999783e+00,1.717500000000000000e+02,5.488888888888889284e+01
3.255999999999999783e+00,1.722500000000000000e+02,5.755555555555556424e+01
3.255999999999999783e+00,1.727500000000000000e+02,5.600000000000000000e+01
3.255999999999999783e+00,1.732500000000000000e+02,5.322222222222222143e+01
3.255999999999999783e+00,1.737500000000000000e+02,4.511111111111110716e+01
3.255999999999999783e+00,1.742500000000000000e+02,3.744444444444443576e+01
3.255999999999999783e+00,1.747500000000000000e+02,3.233333333333332860e+01
3.255999999999999783e+00,1.752500000000000000e+02,2.988888888888888573e+01
3.255999999999999783e+00,1.757500000000000000e+02,2.844444444444443931e+01
3.255999999999999783e+00,1.762500000000000000e+02,2.455555555555554648e+01
3.255999999999999783e+00,1.767500000000000000e+02,2.066666666666666075e+01
3.255999999999999783e+00,1.772500000000000000e+02,1.866666666666666075e+01
3.255999999999999783e+00,1.777500000000000000e+02,1.655555555555554648e+01
3.255999999999999783e+00,1.782500000000000000e+02,1.311111111111110183e+01
3.255999999999999783e+00,1.787500000000000000e+02,8.888888888888880402e+00
3.255999999999999783e+00,1.792500000000000000e+02,5.111111111111103611e+00
3.255999999999999783e+00,1.797500000000000000e+02,3.111111111111103611e+00
3.271999999999999797e+00,1.302500000000000000e+02,4.511111111111111427e+01
3.271999999999999797e+00,1.307500000000000000e+02,4.344444444444444997e+01
3.271999999999999797e+00,1.312500000000000000e+02,4.455555555555556424e+01
3.271999999999999797e+00,1.317500000000000000e+02,4.666666666666667851e+01
3.271999999999999797e+00,1.322500000000000000e+02,4.877777777777779278e+01
3.271999999999999797e+00,1.327500000000000000e+02,5.133333333333334991e+01
3.271999999999999797e+00,1.332500000000000000e+02,5.400000000000002132e+01
3.271999999999999797e+00,1.337500000000000000e+02,5.566666666666668561e+01
3.271999999999999797e+00,1.342500000000000000e+02,5.777777777777779278e+01
3.271999999999999797e+00,1.347500000000000000e+02,5.455555555555557135e+01
3.271999999999999797e+00,1.352500000000000000e+02,5.855555555555557135e+01
3.271999999999999797e+00,1.357500000000000000e+02,5.400000000000002132e+01
3.271999999999999797e+00,1.362500000000000000e+02,5.677777777777779278e+01
3.271999999999999797e+00,1.367500000000000000e+02,5.377777777777779278e+01
3.271999999999999797e+00,1.372500000000000000e+02,5.600000000000000711e+01
3.271999999999999797e+00,1.377500000000000000e+02,5.644444444444445708e+01
3.271999999999999797e+00,1.382500000000000000e+02,6.088888888888890705e+01
3.271999999999999797e+00,1.387500000000000000e+02,6.055555555555557135e+01
3.271999999999999797e+00,1.392500000000000000e+02,6.266666666666668561e+01
3.271999999999999797e+00,1.397500000000000000e+02,6.266666666666668561e+01
3.271999999999999797e+00,1.402500000000000000e+02,6.733333333333335702e+01
3.271999999999999797e+00,1.407500000000000000e+02,7.044444444444447129e+01
3.271999999999999797e+00,1.412500000000000000e+02,6.877777777777779988e+01
3.271999999999999797e+00,1.417500000000000000e+02,6.777777777777779988e+01
3.271999999999999797e+00,1.422500000000000000e+02,6.555555555555558556e+01
3.271999999999999797e+00,1.427500000000000000e+02,6.755555555555558556e+01
3.271999999999999797e+00,1.432500000000000000e+02,7.111111111111112848e+01
3.271999999999999797e+00,1.437500000000000000e+02,7.311111111111112848e+01
3.271999999999999797e+00,1.442500000000000000e+02,7.311111111111112848e+01
3.271999999999999797e+00,1.447500000000000000e+02,7.288888888888891415e+01
3.271999999999999797e+00,1.452500000000000000e+02,7.377777777777781409e+01
3.271999999999999797e+00,1.457500000000000000e+02,7.588888888888891415e+01
3.271999999999999797e+00,1.462500000000000000e+02,8.000000000000001421e+01
3.271999999999999797e+00,1.467500000000000000e+02,7.911111111111112848e+01
3.271999999999999797e+00,1.472500000000000000e+02,7.788888888888889994e+01
3.271999999999999797e+00,1.477500000000000000e+02,7.300000000000001421e+01
3.271999999999999797e+00,1.482500000000000000e+02,7.288888888888891415e+01
3.271999999999999797e+00,1.487500000000000000e+02,7.600000000000001421e+01
3.271999999999999797e+00,1.492500000000000000e+02,7.966666666666668561e+01
3.271999999999999797e+00,1.497500000000000000e+02,8.100000000000001421e+01
3.271999999999999797e+00,1.502500000000000000e+02,7.955555555555558556e+01
3.271999999999999797e+00,1.507500000000000000e+02,8.088888888888891415e+01
3.271999999999999797e+00,1.512500000000000000e+02,8.133333333333335702e+01
3.271999999999999797e+00,1.517500000000000000e+02,8.722222222222224275e+01
3.271999999999999797e+00,1.522500000000000000e+02,8.766666666666669983e+01
3.271999999999999797e+00,1.527500000000000000e+02,9.455555555555559977e+01
3.271999999999999797e+00,1.532500000000000000e+02,9.200000000000004263e+01
3.271999999999999797e+00,1.537500000000000000e+02,9.077777777777781409e+01
3.271999999999999797e+00,1.542500000000000000e+02,8.788888888888891415e+01
3.271999999999999797e+00,1.547500000000000000e+02,9.155555555555558556e+01
3.271999999999999797e+00,1.552500000000000000e+02,9.233333333333335702e+01
3.271999999999999797e+00,1.557500000000000000e+02,9.000000000000001421e+01
3.271999999999999797e+00,1.562500000000000000e+02,9.022222222222224275e+01
3.271999999999999797e+00,1.567500000000000000e+02,9.122222222222224275e+01
3.271999999999999797e+00,1.572500000000000000e+02,9.411111111111114269e+01
3.271999999999999797e+00,1.577500000000000000e+02,9.355555555555558556e+01
3.271999999999999797e+00,1.582500000000000000e+02,9.255555555555558556e+01
3.271999999999999797e+00,1.587500000000000000e+02,9.344444444444445708e+01
3.271999999999999797e+00,1.592500000000000000e+02,9.155555555555555713e+01
3.271999999999999797e+00,1.597500000000000000e+02,9.055555555555555713e+01
3.271999999999999797e+00,1.602500000000000000e+02,8.755555555555555713e+01
3.271999999999999797e+00,1.607500000000000000e+02,8.666666666666667140e+01
3.271999999999999797e+00,1.612500000000000000e+02,8.688888888888889994e+01
3.271999999999999797e+00,1.617500000000000000e+02,9.011111111111112848e+01
3.271999999999999797e+00,1.622500000000000000e+02,8.844444444444445708e+01
3.271999999999999797e+00,1.627500000000000000e+02,9.011111111111112848e+01
3.271999999999999797e+00,1.632500000000000000e+02,8.511111111111112848e+01
3.271999999999999797e+00,1.637500000000000000e+02,8.344444444444445708e+01
3.271999999999999797e+00,1.642500000000000000e+02,8.011111111111112848e+01
3.271999999999999797e+00,1.647500000000000000e+02,8.011111111111112848e+01
3.271999999999999797e+00,1.652500000000000000e+02,7.977777777777778567e+01
3.271999999999999797e+00,1.657500000000000000e+02,7.611111111111112848e+01
3.271999999999999797e+00,1.662500000000000000e+02,7.611111111111112848e+01
3.271999999999999797e+00,1.667500000000000000e+02,7.644444444444445708e+01
3.271999999999999797e+00,1.672500000000000000e+02,7.922222222222222854e+01
3.271999999999999797e+00,1.677500000000000000e+02,7.377777777777778567e+01
3.271999999999999797e+00,1.682500000000000000e+02,6.866666666666668561e+01
3.271999999999999797e+00,1.687500000000000000e+02,6.388888888888891415e+01
3.271999999999999797e+00,1.692500000000000000e+02,6.344444444444446418e+01
3.271999999999999797e+00,1.697500000000000000e+02,6.111111111111113559e+01
3.271999999999999797e+00,1.702500000000000000e+02,5.744444444444446418e+01
3.271999999999999797e+00,1.707500000000000000e+02,5.300000000000002132e+01
3.271999999999999797e+00,1.712500000000000000e+02,5.177777777777779988e+01
3.271999999999999797e+00,1.717500000000000000e+02,5.288888888888891415e+01
3.271999999999999797e+00,1.722500000000000000e+02,5.477777777777779988e+01
3.271999999999999797e+00,1.727500000000000000e+02,5.455555555555557845e+01
3.271999999999999797e+00,1.732500000000000000e+02,5.088888888888891415e+01
3.271999999999999797e+00,1.737500000000000000e+02,4.355555555555557845e+01
3.271999999999999797e+00,1.742500000000000000e+02,3.611111111111113559e+01
3.271999999999999797e+00,1.747500000000000000e+02,3.122222222222224630e+01
3.271999999999999797e+00,1.752500000000000000e+02,2.900000000000002842e+01
3.271999999999999797e+00,1.757500000000000000e+02,2.666666666666669627e+01
3.271999999999999797e+00,1.762500000000000000e+02,2.222222222222224630e+01
3.271999999999999797e+00,1.767500000000000000e+02,1.944444444444447129e+01
3.271999999999999797e+00,1.772500000000000000e+02,1.844444444444447129e+01
3.271999999999999797e+00,1.777500000000000000e+02,1.722222222222224985e+01
3.271999999999999797e+00,1.782500000000000000e+02,1.377777777777780521e+01
3.271999999999999797e+00,1.787500000000000000e+02,8.666666666666694496e+00
3.271999999999999797e+00,1.792500000000000000e+02,4.888888888888916817e+00
3.271999999999999797e+00,1.797500000000000000e+02,2.888888888888916373e+00
3.287999999999999812e+00,1.302500000000000000e+02,4.922222222222222143e+01
3.287999999999999812e+00,1.307500000000000000e+02,4.733333333333333570e+01
3.287999999999999812e+00,1.312500000000000000e+02,4.600000000000000000e+01
3.287999999999999812e+00,1.317500000000000000e+02,4.755555555555556424e+01
3.287999999999999812e+00,1.322500000000000000e+02,4.844444444444444997e+01
3.287999999999999812e+00,1.327500000000000000e+02,5.055555555555556424e+01
3.287999999999999812e+00,1.332500000000000000e+02,5.244444444444444997e+01
3.287999999999999812e+00,1.337500000000000000e+02,5.322222222222222854e+01
3.287999999999999812e+00,1.342500000000000000e+02,5.811111111111111427e+01
3.287999999999999812e+00,1.347500000000000000e+02,5.722222222222222854e+01
3.287999999999999812e+00,1.352500000000000000e+02,6.033333333333333570e+01
3.287999999999999812e+00,1.357500000000000000e+02,5.266666666666666430e+01
3.287999999999999812e+00,1.362500000000000000e+02,5.666666666666666430e+01
3.287999999999999812e+00,1.367500000000000000e+02,5.466666666666666430e+01
3.287999999999999812e+00,1.372500000000000000e+02,5.688888888888888573e+01
3.287999999999999812e+00,1.377500000000000000e+02,5.577777777777777146e+01
3.287999999999999812e+00,1.382500000000000000e+02,6.011111111111110716e+01
3.287999999999999812e+00,1.387500000000000000e+02,6.100000000000000000e+01
3.287999999999999812e+00,1.392500000000000000e+02,6.177777777777777857e+01
3.287999999999999812e+00,1.397500000000000000e+02,6.055555555555556424e+01
3.287999999999999812e+00,1.402500000000000000e+02,6.444444444444444287e+01
3.287999999999999812e+00,1.407500000000000000e+02,6.577777777777778567e+01
3.287999999999999812e+00,1.412500000000000000e+02,6.522222222222222854e+01
3.287999999999999812e+00,1.417500000000000000e+02,6.411111111111111427e+01
3.287999999999999812e+00,1.422500000000000000e+02,6.444444444444444287e+01
3.287999999999999812e+00,1.427500000000000000e+02,6.500000000000000000e+01
3.287999999999999812e+00,1.432500000000000000e+02,6.955555555555555713e+01
3.287999999999999812e+00,1.437500000000000000e+02,7.100000000000000000e+01
3.287999999999999812e+00,1.442500000000000000e+02,7.255555555555555713e+01
3.287999999999999812e+00,1.447500000000000000e+02,7.100000000000001421e+01
3.287999999999999812e+00,1.452500000000000000e+02,7.166666666666667140e+01
3.287999999999999812e+00,1.457500000000000000e+02,7.422222222222222854e+01
3.287999999999999812e+00,1.462500000000000000e+02,7.833333333333332860e+01
3.287999999999999812e+00,1.467500000000000000e+02,7.822222222222221433e+01
3.287999999999999812e+00,1.472500000000000000e+02,7.966666666666667140e+01
3.287999999999999812e+00,1.477500000000000000e+02,7.355555555555555713e+01
3.287999999999999812e+00,1.482500000000000000e+02,7.466666666666667140e+01
3.287999999999999812e+00,1.487500000000000000e+02,7.400000000000001421e+01
3.287999999999999812e+00,1.492500000000000000e+02,7.644444444444445708e+01
3.287999999999999812e+00,1.497500000000000000e+02,7.522222222222222854e+01
3.287999999999999812e+00,1.502500000000000000e+02,7.477777777777778567e+01
3.287999999999999812e+00,1.507500000000000000e+02,7.900000000000000000e+01
3.287999999999999812e+00,1.512500000000000000e+02,8.011111111111110006e+01
3.287999999999999812e+00,1.517500000000000000e+02,8.555555555555554292e+01
3.287999999999999812e+00,1.522500000000000000e+02,8.477777777777775725e+01
3.287999999999999812e+00,1.527500000000000000e+02,8.877777777777775725e+01
3.287999999999999812e+00,1.532500000000000000e+02,8.588888888888885731e+01
3.287999999999999812e+00,1.537500000000000000e+02,8.488888888888885731e+01
3.287999999999999812e+00,1.542500000000000000e+02,8.477777777777775725e+01
3.287999999999999812e+00,1.547500000000000000e+02,8.222222222222218591e+01
3.287999999999999812e+00,1.552500000000000000e+02,8.433333333333330017e+01
3.287999999999999812e+00,1.557500000000000000e+02,8.188888888888885731e+01
3.287999999999999812e+00,1.562500000000000000e+02,8.722222222222218591e+01
3.287999999999999812e+00,1.567500000000000000e+02,8.855555555555552871e+01
3.287999999999999812e+00,1.572500000000000000e+02,8.899999999999995737e+01
3.287999999999999812e+00,1.577500000000000000e+02,8.966666666666662877e+01
3.287999999999999812e+00,1.582500000000000000e+02,8.777777777777772883e+01
3.287999999999999812e+00,1.587500000000000000e+02,9.111111111111107164e+01
3.287999999999999812e+00,1.592500000000000000e+02,8.955555555555550029e+01
3.287999999999999812e+00,1.597500000000000000e+02,9.044444444444440023e+01
3.287999999999999812e+00,1.602500000000000000e+02,8.711111111111107164e+01
3.287999999999999812e+00,1.607500000000000000e+02,8.544444444444440023e+01
3.287999999999999812e+00,1.612500000000000000e+02,8.444444444444440023e+01
3.287999999999999812e+00,1.617500000000000000e+02,8.788888888888884310e+01
3.287999999999999812e+00,1.622500000000000000e+02,8.833333333333327175e+01
3.287999999999999812e+00,1.627500000000000000e+02,8.922222222222217169e+01
3.287999999999999812e+00,1.632500000000000000e+02,8.355555555555550029e+01
3.287999999999999812e+00,1.637500000000000000e+02,7.933333333333327175e+01
3.287999999999999812e+00,1.642500000000000000e+02,7.499999999999994316e+01
3.287999999999999812e+00,1.647500000000000000e+02,7.877777777777772883e+01
3.287999999999999812e+00,1.652500000000000000e+02,7.855555555555550029e+01
3.287999999999999812e+00,1.657500000000000000e+02,7.511111111111107164e+01
3.287999999999999812e+00,1.662500000000000000e+02,7.011111111111107164e+01
3.287999999999999812e+00,1.667500000000000000e+02,7.144444444444440023e+01
3.287999999999999812e+00,1.672500000000000000e+02,7.377777777777772883e+01
3.287999999999999812e+00,1.677500000000000000e+02,7.155555555555550029e+01
3.287999999999999812e+00,1.682500000000000000e+02,6.711111111111105743e+01
3.287999999999999812e+00,1.687500000000000000e+02,6.155555555555550740e+01
3.287999999999999812e+00,1.692500000000000000e+02,6.033333333333328596e+01
3.287999999999999812e+00,1.697500000000000000e+02,5.799999999999995026e+01
3.287999999999999812e+00,1.702500000000000000e+02,5.722222222222217169e+01
3.287999999999999812e+00,1.707500000000000000e+02,5.299999999999994316e+01
3.287999999999999812e+00,1.712500000000000000e+02,5.033333333333327886e+01
3.287999999999999812e+00,1.717500000000000000e+02,4.966666666666660745e+01
3.287999999999999812e+00,1.722500000000000000e+02,4.955555555555550740e+01
3.287999999999999812e+00,1.727500000000000000e+02,4.788888888888883599e+01
3.287999999999999812e+00,1.732500000000000000e+02,4.422222222222217169e+01
3.287999999999999812e+00,1.737500000000000000e+02,4.099999999999995026e+01
3.287999999999999812e+00,1.742500000000000000e+02,3.577777777777772172e+01
3.287999999999999812e+00,1.747500000000000000e+02,3.255555555555550029e+01
3.287999999999999812e+00,1.752500000000000000e+02,2.911111111111105743e+01
3.287999999999999812e+00,1.757500000000000000e+02,2.644444444444438957e+01
3.287999999999999812e+00,1.762500000000000000e+02,2.211111111111105743e+01
3.287999999999999812e+00,1.767500000000000000e+02,1.855555555555550384e+01
3.287999999999999812e+00,1.772500000000000000e+02,1.799999999999994671e+01
3.287999999999999812e+00,1.777500000000000000e+02,1.711111111111106098e+01
3.287999999999999812e+00,1.782500000000000000e+02,1.455555555555550562e+01
3.287999999999999812e+00,1.787500000000000000e+02,1.011111111111106098e+01
3.287999999999999812e+00,1.792500000000000000e+02,6.222222222222171695e+00
3.287999999999999812e+00,1.797500000000000000e+02,3.888888888888838213e+00
3.303999999999999826e+00,1.302500000000000000e+02,4.877777777777777857e+01
3.303999999999999826e+00,1.307500000000000000e+02,4.644444444444444997e+01
3.303999999999999826e+00,1.312500000000000000e+02,4.433333333333333570e+01
3.303999999999999826e+00,1.317500000000000000e+02,4.800000000000000000e+01
3.303999999999999826e+00,1.322500000000000000e+02,4.922222222222222143e+01
3.303999999999999826e+00,1.327500000000000000e+02,5.122222222222222143e+01
3.303999999999999826e+00,1.332500000000000000e+02,4.888888888888888573e+01
3.303999999999999826e+00,1.337500000000000000e+02,5.100000000000000000e+01
3.303999999999999826e+00,1.342500000000000000e+02,5.355555555555555003e+01
3.303999999999999826e+00,1.347500000000000000e+02,5.400000000000000000e+01
3.303999999999999826e+00,1.352500000000000000e+02,5.444444444444443576e+01
3.303999999999999826e+00,1.357500000000000000e+02,5.177777777777777146e+01
3.303999999999999826e+00,1.362500000000000000e+02,5.722222222222222143e+01
3.303999999999999826e+00,1.367500000000000000e+02,5.844444444444443576e+01
3.303999999999999826e+00,1.372500000000000000e+02,5.966666666666666430e+01
3.303999999999999826e+00,1.377500000000000000e+02,5.833333333333333570e+01
3.303999999999999826e+00,1.382500000000000000e+02,6.055555555555555003e+01
3.303999999999999826e+00,1.387500000000000000e+02,6.022222222222222143e+01
3.303999999999999826e+00,1.392500000000000000e+02,6.100000000000000000e+01
3.303999999999999826e+00,1.397500000000000000e+02,6.055555555555556424e+01
3.303999999999999826e+00,1.402500000000000000e+02,6.400000000000001421e+01
3.303999999999999826e+00,1.407500000000000000e+02,6.488888888888889994e+01
3.303999999999999826e+00,1.412500000000000000e+02,6.277777777777777857e+01
3.303999999999999826e+00,1.417500000000000000e+02,6.011111111111111427e+01
3.303999999999999826e+00,1.422500000000000000e+02,6.077777777777777857e+01
3.303999999999999826e+00,1.427500000000000000e+02,6.311111111111111427e+01
3.303999999999999826e+00,1.432500000000000000e+02,7.100000000000000000e+01
3.303999999999999826e+00,1.437500000000000000e+02,7.100000000000000000e+01
3.303999999999999826e+00,1.442500000000000000e+02,7.088888888888889994e+01
3.303999999999999826e+00,1.447500000000000000e+02,6.866666666666667140e+01
3.303999999999999826e+00,1.452500000000000000e+02,7.255555555555555713e+01
3.303999999999999826e+00,1.457500000000000000e+02,7.422222222222222854e+01
3.303999999999999826e+00,1.462500000000000000e+02,7.400000000000000000e+01
3.303999999999999826e+00,1.467500000000000000e+02,7.288888888888889994e+01
3.303999999999999826e+00,1.472500000000000000e+02,7.511111111111112848e+01
3.303999999999999826e+00,1.477500000000000000e+02,7.622222222222222854e+01
3.303999999999999826e+00,1.482500000000000000e+02,7.600000000000000000e+01
3.303999999999999826e+00,1.487500000000000000e+02,7.266666666666667140e+01
3.303999999999999826e+00,1.492500000000000000e+02,7.322222222222222854e+01
3.303999999999999826e+00,1.497500000000000000e+02,7.255555555555555713e+01
3.303999999999999826e+00,1.502500000000000000e+02,7.600000000000000000e+01
3.303999999999999826e+00,1.507500000000000000e+02,7.788888888888889994e+01
3.303999999999999826e+00,1.512500000000000000e+02,7.800000000000000000e+01
3.303999999999999826e+00,1.517500000000000000e+02,8.222222222222222854e+01
3.303999999999999826e+00,1.522500000000000000e+02,8.011111111111111427e+01
3.303999999999999826e+00,1.527500000000000000e+02,8.522222222222222854e+01
3.303999999999999826e+00,1.532500000000000000e+02,8.166666666666667140e+01
3.303999999999999826e+00,1.537500000000000000e+02,8.233333333333332860e+01
3.303999999999999826e+00,1.542500000000000000e+02,8.166666666666667140e+01
3.303999999999999826e+00,1.547500000000000000e+02,8.066666666666667140e+01
3.303999999999999826e+00,1.552500000000000000e+02,8.322222222222222854e+01
3.303999999999999826e+00,1.557500000000000000e+02,8.166666666666667140e+01
3.303999999999999826e+00,1.562500000000000000e+02,8.655555555555555713e+01
3.303999999999999826e+00,1.567500000000000000e+02,8.544444444444445708e+01
3.303999999999999826e+00,1.572500000000000000e+02,8.500000000000001421e+01
3.303999999999999826e+00,1.577500000000000000e+02,8.422222222222224275e+01
3.303999999999999826e+00,1.582500000000000000e+02,8.711111111111112848e+01
3.303999999999999826e+00,1.587500000000000000e+02,8.811111111111112848e+01
3.303999999999999826e+00,1.592500000000000000e+02,8.755555555555558556e+01
3.303999999999999826e+00,1.597500000000000000e+02,8.655555555555558556e+01
3.303999999999999826e+00,1.602500000000000000e+02,8.588888888888891415e+01
3.303999999999999826e+00,1.607500000000000000e+02,8.344444444444447129e+01
3.303999999999999826e+00,1.612500000000000000e+02,8.188888888888891415e+01
3.303999999999999826e+00,1.617500000000000000e+02,8.411111111111112848e+01
3.303999999999999826e+00,1.622500000000000000e+02,8.655555555555558556e+01
3.303999999999999826e+00,1.627500000000000000e+02,8.500000000000001421e+01
3.303999999999999826e+00,1.632500000000000000e+02,7.955555555555558556e+01
3.303999999999999826e+00,1.637500000000000000e+02,7.133333333333335702e+01
3.303999999999999826e+00,1.642500000000000000e+02,6.911111111111112848e+01
3.303999999999999826e+00,1.647500000000000000e+02,7.122222222222222854e+01
3.303999999999999826e+00,1.652500000000000000e+02,7.244444444444445708e+01
3.303999999999999826e+00,1.657500000000000000e+02,7.044444444444445708e+01
3.303999999999999826e+00,1.662500000000000000e+02,6.822222222222224275e+01
3.303999999999999826e+00,1.667500000000000000e+02,7.188888888888889994e+01
3.303999999999999826e+00,1.672500000000000000e+02,7.133333333333335702e+01
3.303999999999999826e+00,1.677500000000000000e+02,6.811111111111112848e+01
3.303999999999999826e+00,1.682500000000000000e+02,6.511111111111112848e+01
3.303999999999999826e+00,1.687500000000000000e+02,6.244444444444445708e+01
3.303999999999999826e+00,1.692500000000000000e+02,6.311111111111112137e+01
3.303999999999999826e+00,1.697500000000000000e+02,6.077777777777779278e+01
3.303999999999999826e+00,1.702500000000000000e+02,5.844444444444445708e+01
3.303999999999999826e+00,1.707500000000000000e+02,5.244444444444445708e+01
3.303999999999999826e+00,1.712500000000000000e+02,4.655555555555557135e+01
3.303999999999999826e+00,1.717500000000000000e+02,4.322222222222223564e+01
3.303999999999999826e+00,1.722500000000000000e+02,4.188888888888890705e+01
3.303999999999999826e+00,1.727500000000000000e+02,4.088888888888890705e+01
3.303999999999999826e+00,1.732500000000000000e+02,3.922222222222223564e+01
3.303999999999999826e+00,1.737500000000000000e+02,3.877777777777779278e+01
3.303999999999999826e+00,1.742500000000000000e+02,3.611111111111112137e+01
3.303999999999999826e+00,1.747500000000000000e+02,3.477777777777779278e+01
3.303999999999999826e+00,1.752500000000000000e+02,3.022222222222223920e+01
3.303999999999999826e+00,1.757500000000000000e+02,2.600000000000001421e+01
3.303999999999999826e+00,1.762500000000000000e+02,2.122222222222223564e+01
3.303999999999999826e+00,1.767500000000000000e+02,1.788888888888890349e+01
3.303999999999999826e+00,1.772500000000000000e+02,1.788888888888890349e+01
3.303999999999999826e+00,1.777500000000000000e+02,1.711111111111112493e+01
3.303999999999999826e+00,1.782500000000000000e+02,1.488888888888890172e+01
3.303999999999999826e+00,1.787500000000000000e+02,1.011111111111112493e+01
3.303999999999999826e+00,1.792500000000000000e+02,6.111111111111124927e+00
3.303999999999999826e+00,1.797500000000000000e+02,4.000000000000013323e+00
3.319999999999999840e+00,1.302500000000000000e+02,4.700000000000000000e+01
3.319999999999999840e+00,1.307500000000000000e+02,4.666666666666666430e+01
3.319999999999999840e+00,1.312500000000000000e+02,4.866666666666666430e+01
3.319999999999999840e+00,1.317500000000000000e+02,5.133333333333333570e+01
3.319999999999999840e+00,1.322500000000000000e+02,5.200000000000000000e+01
3.319999999999999840e+00,1.327500000000000000e+02,4.988888888888888573e+01
3.319999999999999840e+00,1.332500000000000000e+02,4.933333333333333570e+01
3.319999999999999840e+00,1.337500000000000000e+02,5.133333333333333570e+01
3.319999999999999840e+00,1.342500000000000000e+02,5.300000000000000000e+01
3.319999999999999840e+00,1.347500000000000000e+02,5.333333333333333570e+01
3.319999999999999840e+00,1.352500000000000000e+02,5.322222222222222143e+01
3.319999999999999840e+00,1.357500000000000000e+02,5.155555555555555003e+01
3.319999999999999840e+00,1.362500000000000000e+02,5.622222222222222143e+01
3.319999999999999840e+00,1.367500000000000000e+02,5.655555555555555003e+01
3.319999999999999840e+00,1.372500000000000000e+02,5.866666666666666430e+01
3.319999999999999840e+00,1.377500000000000000e+02,5.700000000000000000e+01
3.319999999999999840e+00,1.382500000000000000e+02,5.777777777777777857e+01
3.319999999999999840e+00,1.387500000000000000e+02,5.755555555555556424e+01
3.319999999999999840e+00,1.392500000000000000e+02,5.877777777777777857e+01
3.319999999999999840e+00,1.397500000000000000e+02,6.033333333333333570e+01
3.319999999999999840e+00,1.402500000000000000e+02,6.200000000000000000e+01
3.319999999999999840e+00,1.407500000000000000e+02,6.122222222222222143e+01
3.319999999999999840e+00,1.412500000000000000e+02,5.988888888888888573e+01
3.319999999999999840e+00,1.417500000000000000e+02,5.911111111111110716e+01
3.319999999999999840e+00,1.422500000000000000e+02,5.822222222222222143e+01
3.319999999999999840e+00,1.427500000000000000e+02,5.977777777777777146e+01
3.319999999999999840e+00,1.432500000000000000e+02,6.511111111111110006e+01
3.319999999999999840e+00,1.437500000000000000e+02,6.800000000000000000e+01
3.319999999999999840e+00,1.442500000000000000e+02,6.711111111111111427e+01
3.319999999999999840e+00,1.447500000000000000e+02,6.666666666666667140e+01
3.319999999999999840e+00,1.452500000000000000e+02,6.655555555555555713e+01
3.319999999999999840e+00,1.457500000000000000e+02,6.966666666666667140e+01
3.319999999999999840e+00,1.462500000000000000e+02,6.833333333333332860e+01
3.319999999999999840e+00,1.467500000000000000e+02,7.166666666666667140e+01
3.319999999999999840e+00,1.472500000000000000e+02,7.100000000000000000e+01
3.319999999999999840e+00,1.477500000000000000e+02,7.266666666666667140e+01
3.319999999999999840e+00,1.482500000000000000e+02,7.177777777777778567e+01
3.319999999999999840e+00,1.487500000000000000e+02,7.200000000000000000e+01
3.319999999999999840e+00,1.492500000000000000e+02,7.144444444444444287e+01
3.319999999999999840e+00,1.497500000000000000e+02,7.033333333333332860e+01
3.319999999999999840e+00,1.502500000000000000e+02,7.211111111111110006e+01
3.319999999999999840e+00,1.507500000000000000e+02,7.344444444444444287e+01
3.319999999999999840e+00,1.512500000000000000e+02,7.433333333333332860e+01
3.319999999999999840e+00,1.517500000000000000e+02,7.588888888888889994e+01
3.319999999999999840e+00,1.522500000000000000e+02,7.566666666666667140e+01
3.319999999999999840e+00,1.527500000000000000e+02,7.611111111111110006e+01
3.319999999999999840e+00,1.532500000000000000e+02,7.388888888888887152e+01
3.319999999999999840e+00,1.537500000000000000e+02,7.355555555555554292e+01
3.319999999999999840e+00,1.542500000000000000e+02,7.566666666666665719e+01
3.319999999999999840e+00,1.547500000000000000e+02,7.622222222222221433e+01
3.319999999999999840e+00,1.552500000000000000e+02,7.999999999999998579e+01
3.319999999999999840e+00,1.557500000000000000e+02,7.722222222222221433e+01
3.319999999999999840e+00,1.562500000000000000e+02,7.988888888888887152e+01
3.319999999999999840e+00,1.567500000000000000e+02,7.755555555555554292e+01
3.319999999999999840e+00,1.572500000000000000e+02,7.688888888888887152e+01
3.319999999999999840e+00,1.577500000000000000e+02,7.777777777777775725e+01
3.319999999999999840e+00,1.582500000000000000e+02,8.144444444444442865e+01
3.319999999999999840e+00,1.587500000000000000e+02,8.399999999999998579e+01
3.319999999999999840e+00,1.592500000000000000e+02,8.399999999999998579e+01
3.319999999999999840e+00,1.597500000000000000e+02,8.311111111111108585e+01
3.319999999999999840e+00,1.602500000000000000e+02,8.199999999999998579e+01
3.319999999999999840e+00,1.607500000000000000e+02,7.844444444444442865e+01
3.319999999999999840e+00,1.612500000000000000e+02,7.788888888888887152e+01
3.319999999999999840e+00,1.617500000000000000e+02,8.077777777777775725e+01
3.319999999999999840e+00,1.622500000000000000e+02,8.477777777777775725e+01
3.319999999999999840e+00,1.627500000000000000e+02,8.377777777777775725e+01
3.319999999999999840e+00,1.632500000000000000e+02,8.199999999999998579e+01
3.319999999999999840e+00,1.637500000000000000e+02,7.511111111111108585e+01
3.319999999999999840e+00,1.642500000000000000e+02,7.122222222222220012e+01
3.319999999999999840e+00,1.647500000000000000e+02,6.877777777777775725e+01
3.319999999999999840e+00,1.652500000000000000e+02,6.733333333333330017e+01
3.319999999999999840e+00,1.657500000000000000e+02,6.566666666666664298e+01
3.319999999999999840e+00,1.662500000000000000e+02,6.488888888888885731e+01
3.319999999999999840e+00,1.667500000000000000e+02,6.977777777777774304e+01
3.319999999999999840e+00,1.672500000000000000e+02,6.866666666666662877e+01
3.319999999999999840e+00,1.677500000000000000e+02,6.422222222222218591e+01
3.319999999999999840e+00,1.682500000000000000e+02,6.077777777777775015e+01
3.319999999999999840e+00,1.687500000000000000e+02,6.122222222222219301e+01
3.319999999999999840e+00,1.692500000000000000e+02,6.466666666666662877e+01
3.319999999999999840e+00,1.697500000000000000e+02,6.244444444444440734e+01
3.319999999999999840e+00,1.702500000000000000e+02,5.833333333333329307e+01
3.319999999999999840e+00,1.707500000000000000e+02,5.277777777777774304e+01
3.319999999999999840e+00,1.712500000000000000e+02,4.799999999999996447e+01
3.319999999999999840e+00,1.717500000000000000e+02,4.333333333333329307e+01
3.319999999999999840e+00,1.722500000000000000e+02,4.099999999999996447e+01
3.319999999999999840e+00,1.727500000000000000e+02,3.899999999999996447e+01
3.319999999999999840e+00,1.732500000000000000e+02,3.999999999999996447e+01
3.319999999999999840e+00,1.737500000000000000e+02,3.833333333333329307e+01
3.319999999999999840e+00,1.742500000000000000e+02,3.577777777777773593e+01
3.319999999999999840e+00,1.747500000000000000e+02,3.166666666666662877e+01
3.319999999999999840e+00,1.752500000000000000e+02,2.766666666666662877e+01
3.319999999999999840e+00,1.757500000000000000e+02,2.311111111111107519e+01
3.319999999999999840e+00,1.762500000000000000e+02,2.077777777777774304e+01
3.319999999999999840e+00,1.767500000000000000e+02,1.699999999999996447e+01
3.319999999999999840e+00,1.772500000000000000e+02,1.655555555555551805e+01
3.319999999999999840e+00,1.777500000000000000e+02,1.433333333333329840e+01
3.319999999999999840e+00,1.782500000000000000e+02,1.266666666666663055e+01
3.319999999999999840e+00,1.787500000000000000e+02,9.333333333333298398e+00
3.319999999999999840e+00,1.792500000000000000e+02,5.666666666666631436e+00
3.319999999999999840e+00,1.797500000000000000e+02,3.666666666666630992e+00
3.335999999999999854e+00,1.302500000000000000e+02,4.533333333333333570e+01
3.335999999999999854e+00,1.307500000000000000e+02,4.466666666666666430e+01
3.335999999999999854e+00,1.312500000000000000e+02,4.677777777777777146e+01
3.335999999999999854e+00,1.317500000000000000e+02,4.988888888888887863e+01
3.335999999999999854e+00,1.322500000000000000e+02,5.133333333333331439e+01
3.335999999999999854e+00,1.327500000000000000e+02,5.077777777777776436e+01
3.335999999999999854e+00,1.332500000000000000e+02,4.844444444444442865e+01
3.335999999999999854e+00,1.337500000000000000e+02,4.999999999999997868e+01
3.335999999999999854e+00,1.342500000000000000e+02,4.877777777777776436e+01
3.335999999999999854e+00,1.347500000000000000e+02,5.077777777777776436e+01
3.335999999999999854e+00,1.352500000000000000e+02,5.099999999999997868e+01
3.335999999999999854e+00,1.357500000000000000e+02,5.111111111111108585e+01
3.335999999999999854e+00,1.362500000000000000e+02,5.244444444444442155e+01
3.335999999999999854e+00,1.367500000000000000e+02,5.111111111111108585e+01
3.335999999999999854e+00,1.372500000000000000e+02,5.444444444444442155e+01
3.335999999999999854e+00,1.377500000000000000e+02,5.455555555555553582e+01
3.335999999999999854e+00,1.382500000000000000e+02,5.699999999999997868e+01
3.335999999999999854e+00,1.387500000000000000e+02,5.411111111111109295e+01
3.335999999999999854e+00,1.392500000000000000e+02,5.577777777777776436e+01
3.335999999999999854e+00,1.397500000000000000e+02,5.699999999999997868e+01
3.335999999999999854e+00,1.402500000000000000e+02,5.977777777777776436e+01
3.335999999999999854e+00,1.407500000000000000e+02,5.977777777777776436e+01
3.335999999999999854e+00,1.412500000000000000e+02,5.911111111111109295e+01
3.335999999999999854e+00,1.417500000000000000e+02,6.088888888888887863e+01
3.335999999999999854e+00,1.422500000000000000e+02,5.855555555555554292e+01
3.335999999999999854e+00,1.427500000000000000e+02,5.944444444444442865e+01
3.335999999999999854e+00,1.432500000000000000e+02,6.022222222222220722e+01
3.335999999999999854e+00,1.437500000000000000e+02,6.444444444444444287e+01
3.335999999999999854e+00,1.442500000000000000e+02,6.566666666666665719e+01
3.335999999999999854e+00,1.447500000000000000e+02,6.655555555555554292e+01
3.335999999999999854e+00,1.452500000000000000e+02,6.655555555555554292e+01
3.335999999999999854e+00,1.457500000000000000e+02,6.599999999999998579e+01
3.335999999999999854e+00,1.462500000000000000e+02,6.588888888888887152e+01
3.335999999999999854e+00,1.467500000000000000e+02,6.777777777777775725e+01
3.335999999999999854e+00,1.472500000000000000e+02,6.611111111111110006e+01
3.335999999999999854e+00,1.477500000000000000e+02,6.766666666666664298e+01
3.335999999999999854e+00,1.482500000000000000e+02,6.711111111111110006e+01
3.335999999999999854e+00,1.487500000000000000e+02,6.822222222222221433e+01
3.335999999999999854e+00,1.492500000000000000e+02,6.888888888888887152e+01
3.335999999999999854e+00,1.497500000000000000e+02,7.033333333333331439e+01
3.335999999999999854e+00,1.502500000000000000e+02,7.233333333333331439e+01
3.335999999999999854e+00,1.507500000000000000e+02,7.099999999999998579e+01
3.335999999999999854e+00,1.512500000000000000e+02,6.955555555555554292e+01
3.335999999999999854e+00,1.517500000000000000e+02,6.988888888888887152e+01
3.335999999999999854e+00,1.522500000000000000e+02,7.066666666666664298e+01
3.335999999999999854e+00,1.527500000000000000e+02,6.966666666666664298e+01
3.335999999999999854e+00,1.532500000000000000e+02,6.811111111111108585e+01
3.335999999999999854e+00,1.537500000000000000e+02,6.822222222222220012e+01
3.335999999999999854e+00,1.542500000000000000e+02,7.199999999999998579e+01
3.335999999999999854e+00,1.547500000000000000e+02,7.744444444444442865e+01
3.335999999999999854e+00,1.552500000000000000e+02,8.055555555555554292e+01
3.335999999999999854e+00,1.557500000000000000e+02,7.711111111111110006e+01
3.335999999999999854e+00,1.562500000000000000e+02,7.811111111111110006e+01
3.335999999999999854e+00,1.567500000000000000e+02,7.288888888888887152e+01
3.335999999999999854e+00,1.572500000000000000e+02,7.355555555555554292e+01
3.335999999999999854e+00,1.577500000000000000e+02,7.144444444444442865e+01
3.335999999999999854e+00,1.582500000000000000e+02,7.488888888888887152e+01
3.335999999999999854e+00,1.587500000000000000e+02,7.588888888888887152e+01
3.335999999999999854e+00,1.592500000000000000e+02,7.544444444444444287e+01
3.335999999999999854e+00,1.597500000000000000e+02,7.566666666666665719e+01
3.335999999999999854e+00,1.602500000000000000e+02,7.577777777777777146e+01
3.335999999999999854e+00,1.607500000000000000e+02,7.533333333333332860e+01
3.335999999999999854e+00,1.612500000000000000e+02,7.566666666666667140e+01
3.335999999999999854e+00,1.617500000000000000e+02,7.688888888888889994e+01
3.335999999999999854e+00,1.622500000000000000e+02,7.566666666666667140e+01
3.335999999999999854e+00,1.627500000000000000e+02,7.433333333333332860e+01
3.335999999999999854e+00,1.632500000000000000e+02,7.355555555555555713e+01
3.335999999999999854e+00,1.637500000000000000e+02,7.177777777777777146e+01
3.335999999999999854e+00,1.642500000000000000e+02,6.900000000000000000e+01
3.335999999999999854e+00,1.647500000000000000e+02,6.444444444444444287e+01
3.335999999999999854e+00,1.652500000000000000e+02,6.277777777777777857e+01
3.335999999999999854e+00,1.657500000000000000e+02,6.211111111111111427e+01
3.335999999999999854e+00,1.662500000000000000e+02,6.355555555555556424e+01
3.335999999999999854e+00,1.667500000000000000e+02,6.688888888888889994e+01
3.335999999999999854e+00,1.672500000000000000e+02,6.555555555555555713e+01
3.335999999999999854e+00,1.677500000000000000e+02,6.133333333333334281e+01
3.335999999999999854e+00,1.682500000000000000e+02,5.666666666666667851e+01
3.335999999999999854e+00,1.687500000000000000e+02,5.577777777777779278e+01
3.335999999999999854e+00,1.692500000000000000e+02,5.855555555555556424e+01
3.335999999999999854e+00,1.697500000000000000e+02,5.800000000000000711e+01
3.335999999999999854e+00,1.702500000000000000e+02,5.311111111111112137e+01
3.335999999999999854e+00,1.707500000000000000e+02,4.822222222222223564e+01
3.335999999999999854e+00,1.712500000000000000e+02,4.400000000000002132e+01
3.335999999999999854e+00,1.717500000000000000e+02,4.100000000000002132e+01
3.335999999999999854e+00,1.722500000000000000e+02,3.900000000000002132e+01
3.335999999999999854e+00,1.727500000000000000e+02,3.700000000000002132e+01
3.335999999999999854e+00,1.732500000000000000e+02,3.833333333333334991e+01
3.335999999999999854e+00,1.737500000000000000e+02,3.588888888888890705e+01
3.335999999999999854e+00,1.742500000000000000e+02,3.377777777777779278e+01
3.335999999999999854e+00,1.747500000000000000e+02,3.066666666666668206e+01
3.335999999999999854e+00,1.752500000000000000e+02,2.522222222222223920e+01
3.335999999999999854e+00,1.757500000000000000e+02,2.144444444444446063e+01
3.335999999999999854e+00,1.762500000000000000e+02,1.911111111111112848e+01
3.335999999999999854e+00,1.767500000000000000e+02,1.688888888888890705e+01
3.335999999999999854e+00,1.772500000000000000e+02,1.555555555555557312e+01
3.335999999999999854e+00,1.777500000000000000e+02,1.222222222222224097e+01
3.335999999999999854e+00,1.782500000000000000e+02,1.088888888888890705e+01
3.335999999999999854e+00,1.787500000000000000e+02,8.000000000000019540e+00
3.335999999999999854e+00,1.792500000000000000e+02,4.777777777777796331e+00
3.335999999999999854e+00,1.797500000000000000e+02,3.111111111111129812e+00
3.351999999999999869e+00,1.302500000000000000e+02,4.533333333333333570e+01
3.351999999999999869e+00,1.307500000000000000e+02,4.677777777777777857e+01
3.351999999999999869e+00,1.312500000000000000e+02,4.922222222222222854e+01
3.351999999999999869e+00,1.317500000000000000e+02,4.966666666666667851e+01
3.351999999999999869e+00,1.322500000000000000e+02,4.911111111111112137e+01
3.351999999999999869e+00,1.327500000000000000e+02,4.777777777777779278e+01
3.351999999999999869e+00,1.332500000000000000e+02,4.922222222222223564e+01
3.351999999999999869e+00,1.337500000000000000e+02,4.933333333333334991e+01
3.351999999999999869e+00,1.342500000000000000e+02,4.933333333333334991e+01
3.351999999999999869e+00,1.347500000000000000e+02,5.044444444444445708e+01
3.351999999999999869e+00,1.352500000000000000e+02,5.355555555555557135e+01
3.351999999999999869e+00,1.357500000000000000e+02,5.155555555555557135e+01
3.351999999999999869e+00,1.362500000000000000e+02,5.033333333333334991e+01
3.351999999999999869e+00,1.367500000000000000e+02,4.533333333333334991e+01
3.351999999999999869e+00,1.372500000000000000e+02,5.000000000000002132e+01
3.351999999999999869e+00,1.377500000000000000e+02,5.022222222222223564e+01
3.351999999999999869e+00,1.382500000000000000e+02,5.622222222222223564e+01
3.351999999999999869e+00,1.387500000000000000e+02,5.500000000000002132e+01
3.351999999999999869e+00,1.392500000000000000e+02,5.788888888888891415e+01
3.351999999999999869e+00,1.397500000000000000e+02,5.633333333333336412e+01
3.351999999999999869e+00,1.402500000000000000e+02,5.844444444444447839e+01
3.351999999999999869e+00,1.407500000000000000e+02,5.688888888888891415e+01
3.351999999999999869e+00,1.412500000000000000e+02,5.777777777777779988e+01
3.351999999999999869e+00,1.417500000000000000e+02,5.900000000000002132e+01
3.351999999999999869e+00,1.422500000000000000e+02,5.800000000000002132e+01
3.351999999999999869e+00,1.427500000000000000e+02,5.755555555555557135e+01
3.351999999999999869e+00,1.432500000000000000e+02,5.677777777777779278e+01
3.351999999999999869e+00,1.437500000000000000e+02,6.155555555555557135e+01
3.351999999999999869e+00,1.442500000000000000e+02,6.277777777777779278e+01
3.351999999999999869e+00,1.447500000000000000e+02,6.388888888888889284e+01
3.351999999999999869e+00,1.452500000000000000e+02,6.100000000000000711e+01
3.351999999999999869e+00,1.457500000000000000e+02,6.333333333333334281e+01
3.351999999999999869e+00,1.462500000000000000e+02,6.511111111111112848e+01
3.351999999999999869e+00,1.467500000000000000e+02,6.988888888888889994e+01
3.351999999999999869e+00,1.472500000000000000e+02,6.588888888888889994e+01
3.351999999999999869e+00,1.477500000000000000e+02,6.400000000000001421e+01
3.351999999999999869e+00,1.482500000000000000e+02,6.300000000000002132e+01
3.351999999999999869e+00,1.487500000000000000e+02,6.588888888888889994e+01
3.351999999999999869e+00,1.492500000000000000e+02,6.733333333333335702e+01
3.351999999999999869e+00,1.497500000000000000e+02,6.766666666666668561e+01
3.351999999999999869e+00,1.502500000000000000e+02,6.777777777777778567e+01
3.351999999999999869e+00,1.507500000000000000e+02,6.700000000000001421e+01
3.351999999999999869e+00,1.512500000000000000e+02,6.788888888888889994e+01
3.351999999999999869e+00,1.517500000000000000e+02,6.500000000000001421e+01
3.351999999999999869e+00,1.522500000000000000e+02,6.577777777777778567e+01
3.351999999999999869e+00,1.527500000000000000e+02,6.166666666666668561e+01
3.351999999999999869e+00,1.532500000000000000e+02,6.433333333333335702e+01
3.351999999999999869e+00,1.537500000000000000e+02,6.522222222222224275e+01
3.351999999999999869e+00,1.542500000000000000e+02,7.144444444444447129e+01
3.351999999999999869e+00,1.547500000000000000e+02,7.444444444444447129e+01
3.351999999999999869e+00,1.552500000000000000e+02,7.577777777777781409e+01
3.351999999999999869e+00,1.557500000000000000e+02,7.288888888888891415e+01
3.351999999999999869e+00,1.562500000000000000e+02,7.522222222222224275e+01
3.351999999999999869e+00,1.567500000000000000e+02,7.355555555555558556e+01
3.351999999999999869e+00,1.572500000000000000e+02,7.466666666666668561e+01
3.351999999999999869e+00,1.577500000000000000e+02,7.155555555555557135e+01
3.351999999999999869e+00,1.582500000000000000e+02,7.044444444444445708e+01
3.351999999999999869e+00,1.587500000000000000e+02,6.966666666666668561e+01
3.351999999999999869e+00,1.592500000000000000e+02,6.988888888888891415e+01
3.351999999999999869e+00,1.597500000000000000e+02,6.922222222222224275e+01
3.351999999999999869e+00,1.602500000000000000e+02,6.855555555555558556e+01
3.351999999999999869e+00,1.607500000000000000e+02,6.988888888888891415e+01
3.351999999999999869e+00,1.612500000000000000e+02,7.166666666666668561e+01
3.351999999999999869e+00,1.617500000000000000e+02,7.133333333333335702e+01
3.351999999999999869e+00,1.622500000000000000e+02,6.766666666666668561e+01
3.351999999999999869e+00,1.627500000000000000e+02,6.800000000000001421e+01
3.351999999999999869e+00,1.632500000000000000e+02,6.755555555555558556e+01
3.351999999999999869e+00,1.637500000000000000e+02,6.766666666666668561e+01
3.351999999999999869e+00,1.642500000000000000e+02,6.477777777777779988e+01
3.351999999999999869e+00,1.647500000000000000e+02,6.222222222222224985e+01
3.351999999999999869e+00,1.652500000000000000e+02,5.977777777777780699e+01
3.351999999999999869e+00,1.657500000000000000e+02,5.711111111111114269e+01
3.351999999999999869e+00,1.662500000000000000e+02,5.900000000000003553e+01
3.351999999999999869e+00,1.667500000000000000e+02,6.155555555555559977e+01
3.351999999999999869e+00,1.672500000000000000e+02,6.266666666666670693e+01
3.351999999999999869e+00,1.677500000000000000e+02,5.800000000000003553e+01
3.351999999999999869e+00,1.682500000000000000e+02,5.333333333333337123e+01
3.351999999999999869e+00,1.687500000000000000e+02,5.322222222222226407e+01
3.351999999999999869e+00,1.692500000000000000e+02,5.533333333333337833e+01
3.351999999999999869e+00,1.697500000000000000e+02,5.355555555555559977e+01
3.351999999999999869e+00,1.702500000000000000e+02,4.833333333333337123e+01
3.351999999999999869e+00,1.707500000000000000e+02,4.466666666666670693e+01
3.351999999999999869e+00,1.712500000000000000e+02,4.200000000000003553e+01
3.351999999999999869e+00,1.717500000000000000e+02,4.033333333333337123e+01
3.351999999999999869e+00,1.722500000000000000e+02,3.833333333333337123e+01
3.351999999999999869e+00,1.727500000000000000e+02,3.644444444444447839e+01
3.351999999999999869e+00,1.732500000000000000e+02,3.566666666666670693e+01
3.351999999999999869e+00,1.737500000000000000e+02,3.200000000000003553e+01
3.351999999999999869e+00,1.742500000000000000e+02,2.877777777777781765e+01
3.351999999999999869e+00,1.747500000000000000e+02,2.511111111111115335e+01
3.351999999999999869e+00,1.752500000000000000e+02,2.288888888888892836e+01
3.351999999999999869e+00,1.757500000000000000e+02,2.111111111111115335e+01
3.351999999999999869e+00,1.762500000000000000e+02,2.033333333333337478e+01
3.351999999999999869e+00,1.767500000000000000e+02,1.700000000000004263e+01
3.351999999999999869e+00,1.772500000000000000e+02,1.477777777777781942e+01
3.351999999999999869e+00,1.777500000000000000e+02,1.088888888888893014e+01
3.351999999999999869e+00,1.782500000000000000e+02,8.555555555555597991e+00
3.351999999999999869e+00,1.787500000000000000e+02,6.777777777777820312e+00
3.351999999999999869e+00,1.792500000000000000e+02,4.444444444444486386e+00
3.351999999999999869e+00,1.797500000000000000e+02,3.444444444444486830e+00
3.367999999999999883e+00,1.302500000000000000e+02,4.555555555555555003e+01
3.367999999999999883e+00,1.307500000000000000e+02,4.411111111111110716e+01
3.367999999999999883e+00,1.312500000000000000e+02,4.400000000000000000e+01
3.367999999999999883e+00,1.317500000000000000e+02,4.600000000000000000e+01
3.367999999999999883e+00,1.322500000000000000e+02,4.755555555555555003e+01
3.367999999999999883e+00,1.327500000000000000e+02,4.866666666666666430e+01
3.367999999999999883e+00,1.332500000000000000e+02,4.644444444444443576e+01
3.367999999999999883e+00,1.337500000000000000e+02,4.555555555555555003e+01
3.367999999999999883e+00,1.342500000000000000e+02,4.555555555555555003e+01
3.367999999999999883e+00,1.347500000000000000e+02,4.777777777777777146e+01
3.367999999999999883e+00,1.352500000000000000e+02,5.099999999999999289e+01
3.367999999999999883e+00,1.357500000000000000e+02,4.999999999999999289e+01
3.367999999999999883e+00,1.362500000000000000e+02,4.944444444444443576e+01
3.367999999999999883e+00,1.367500000000000000e+02,4.688888888888888573e+01
3.367999999999999883e+00,1.372500000000000000e+02,4.977777777777777146e+01
3.367999999999999883e+00,1.377500000000000000e+02,5.000000000000000000e+01
3.367999999999999883e+00,1.382500000000000000e+02,5.455555555555555003e+01
3.367999999999999883e+00,1.387500000000000000e+02,5.411111111111110716e+01
3.367999999999999883e+00,1.392500000000000000e+02,5.611111111111110716e+01
3.367999999999999883e+00,1.397500000000000000e+02,5.422222222222222143e+01
3.367999999999999883e+00,1.402500000000000000e+02,5.566666666666666430e+01
3.367999999999999883e+00,1.407500000000000000e+02,5.533333333333333570e+01
3.367999999999999883e+00,1.412500000000000000e+02,5.555555555555555003e+01
3.367999999999999883e+00,1.417500000000000000e+02,5.733333333333333570e+01
3.367999999999999883e+00,1.422500000000000000e+02,5.933333333333333570e+01
3.367999999999999883e+00,1.427500000000000000e+02,6.111111111111111427e+01
3.367999999999999883e+00,1.432500000000000000e+02,6.111111111111111427e+01
3.367999999999999883e+00,1.437500000000000000e+02,6.233333333333333570e+01
3.367999999999999883e+00,1.442500000000000000e+02,6.255555555555555003e+01
3.367999999999999883e+00,1.447500000000000000e+02,6.211111111111110716e+01
3.367999999999999883e+00,1.452500000000000000e+02,5.955555555555555003e+01
3.367999999999999883e+00,1.457500000000000000e+02,6.066666666666666430e+01
3.367999999999999883e+00,1.462500000000000000e+02,6.066666666666666430e+01
3.367999999999999883e+00,1.467500000000000000e+02,6.344444444444443576e+01
3.367999999999999883e+00,1.472500000000000000e+02,6.288888888888888573e+01
3.367999999999999883e+00,1.477500000000000000e+02,6.200000000000000000e+01
3.367999999999999883e+00,1.482500000000000000e+02,6.177777777777777857e+01
3.367999999999999883e+00,1.487500000000000000e+02,6.244444444444444997e+01
3.367999999999999883e+00,1.492500000000000000e+02,6.366666666666666430e+01
3.367999999999999883e+00,1.497500000000000000e+02,6.555555555555555713e+01
3.367999999999999883e+00,1.502500000000000000e+02,6.488888888888889994e+01
3.367999999999999883e+00,1.507500000000000000e+02,6.566666666666667140e+01
3.367999999999999883e+00,1.512500000000000000e+02,6.555555555555555713e+01
3.367999999999999883e+00,1.517500000000000000e+02,6.455555555555555713e+01
3.367999999999999883e+00,1.522500000000000000e+02,6.488888888888889994e+01
3.367999999999999883e+00,1.527500000000000000e+02,6.433333333333334281e+01
3.367999999999999883e+00,1.532500000000000000e+02,6.566666666666667140e+01
3.367999999999999883e+00,1.537500000000000000e+02,6.666666666666667140e+01
3.367999999999999883e+00,1.542500000000000000e+02,7.000000000000001421e+01
3.367999999999999883e+00,1.547500000000000000e+02,7.344444444444445708e+01
3.367999999999999883e+00,1.552500000000000000e+02,7.400000000000001421e+01
3.367999999999999883e+00,1.557500000000000000e+02,7.111111111111112848e+01
3.367999999999999883e+00,1.562500000000000000e+02,7.233333333333335702e+01
3.367999999999999883e+00,1.567500000000000000e+02,7.200000000000001421e+01
3.367999999999999883e+00,1.572500000000000000e+02,7.522222222222224275e+01
3.367999999999999883e+00,1.577500000000000000e+02,7.244444444444447129e+01
3.367999999999999883e+00,1.582500000000000000e+02,7.100000000000001421e+01
3.367999999999999883e+00,1.587500000000000000e+02,6.733333333333335702e+01
3.367999999999999883e+00,1.592500000000000000e+02,6.533333333333335702e+01
3.367999999999999883e+00,1.597500000000000000e+02,6.711111111111112848e+01
3.367999999999999883e+00,1.602500000000000000e+02,6.700000000000001421e+01
3.367999999999999883e+00,1.607500000000000000e+02,6.877777777777778567e+01
3.367999999999999883e+00,1.612500000000000000e+02,6.611111111111112848e+01
3.367999999999999883e+00,1.617500000000000000e+02,6.588888888888889994e+01
3.367999999999999883e+00,1.622500000000000000e+02,6.233333333333334991e+01
3.367999999999999883e+00,1.627500000000000000e+02,6.322222222222223564e+01
3.367999999999999883e+00,1.632500000000000000e+02,6.155555555555557135e+01
3.367999999999999883e+00,1.637500000000000000e+02,6.166666666666668561e+01
3.367999999999999883e+00,1.642500000000000000e+02,5.933333333333334991e+01
3.367999999999999883e+00,1.647500000000000000e+02,5.888888888888891415e+01
3.367999999999999883e+00,1.652500000000000000e+02,6.000000000000002132e+01
3.367999999999999883e+00,1.657500000000000000e+02,5.711111111111113559e+01
3.367999999999999883e+00,1.662500000000000000e+02,5.722222222222224985e+01
3.367999999999999883e+00,1.667500000000000000e+02,5.522222222222224985e+01
3.367999999999999883e+00,1.672500000000000000e+02,5.533333333333334991e+01
3.367999999999999883e+00,1.677500000000000000e+02,5.344444444444446418e+01
3.367999999999999883e+00,1.682500000000000000e+02,5.155555555555557845e+01
3.367999999999999883e+00,1.687500000000000000e+02,5.188888888888891415e+01
3.367999999999999883e+00,1.692500000000000000e+02,5.100000000000002842e+01
3.367999999999999883e+00,1.697500000000000000e+02,4.855555555555557845e+01
3.367999999999999883e+00,1.702500000000000000e+02,4.511111111111114269e+01
3.367999999999999883e+00,1.707500000000000000e+02,4.155555555555558556e+01
3.367999999999999883e+00,1.712500000000000000e+02,3.944444444444447839e+01
3.367999999999999883e+00,1.717500000000000000e+02,3.800000000000002842e+01
3.367999999999999883e+00,1.722500000000000000e+02,3.711111111111114269e+01
3.367999999999999883e+00,1.727500000000000000e+02,3.477777777777780699e+01
3.367999999999999883e+00,1.732500000000000000e+02,3.277777777777780699e+01
3.367999999999999883e+00,1.737500000000000000e+02,2.955555555555558556e+01
3.367999999999999883e+00,1.742500000000000000e+02,2.700000000000002842e+01
3.367999999999999883e+00,1.747500000000000000e+02,2.566666666666669627e+01
3.367999999999999883e+00,1.752500000000000000e+02,2.366666666666669627e+01
3.367999999999999883e+00,1.757500000000000000e+02,2.177777777777780344e+01
3.367999999999999883e+00,1.762500000000000000e+02,1.944444444444447129e+01
3.367999999999999883e+00,1.767500000000000000e+02,1.588888888888891593e+01
3.367999999999999883e+00,1.772500000000000000e+02,1.422222222222224985e+01
3.367999999999999883e+00,1.777500000000000000e+02,1.011111111111113914e+01
3.367999999999999883e+00,1.782500000000000000e+02,7.666666666666695384e+00
3.367999999999999883e+00,1.787500000000000000e+02,5.666666666666695384e+00
3.367999999999999883e+00,1.792500000000000000e+02,4.111111111111139138e+00
3.367999999999999883e+00,1.797500000000000000e+02,3.666666666666694940e+00
3.383999999999999897e+00,1.302500000000000000e+02,4.255555555555555713e+01
3.383999999999999897e+00,1.307500000000000000e+02,4.333333333333333570e+01
3.383999999999999897e+00,1.312500000000000000e+02,4.555555555555555003e+01
3.383999999999999897e+00,1.317500000000000000e+02,4.544444444444443576e+01
3.383999999999999897e+00,1.322500000000000000e+02,4.711111111111110716e+01
3.383999999999999897e+00,1.327500000000000000e+02,4.655555555555555003e+01
3.383999999999999897e+00,1.332500000000000000e+02,4.644444444444443576e+01
3.383999999999999897e+00,1.337500000000000000e+02,4.522222222222222143e+01
3.383999999999999897e+00,1.342500000000000000e+02,4.644444444444443576e+01
3.383999999999999897e+00,1.347500000000000000e+02,4.688888888888887863e+01
3.383999999999999897e+00,1.352500000000000000e+02,4.777777777777776436e+01
3.383999999999999897e+00,1.357500000000000000e+02,4.711111111111109295e+01
3.383999999999999897e+00,1.362500000000000000e+02,4.866666666666665009e+01
3.383999999999999897e+00,1.367500000000000000e+02,4.799999999999997868e+01
3.383999999999999897e+00,1.372500000000000000e+02,4.833333333333331439e+01
3.383999999999999897e+00,1.377500000000000000e+02,4.855555555555553582e+01
3.383999999999999897e+00,1.382500000000000000e+02,5.055555555555553582e+01
3.383999999999999897e+00,1.387500000000000000e+02,5.299999999999997868e+01
3.383999999999999897e+00,1.392500000000000000e+02,5.322222222222220012e+01
3.383999999999999897e+00,1.397500000000000000e+02,5.411111111111108585e+01
3.383999999999999897e+00,1.402500000000000000e+02,5.355555555555552161e+01
3.383999999999999897e+00,1.407500000000000000e+02,5.299999999999997158e+01
3.383999999999999897e+00,1.412500000000000000e+02,5.111111111111108585e+01
3.383999999999999897e+00,1.417500000000000000e+02,5.111111111111108585e+01
3.383999999999999897e+00,1.422500000000000000e+02,5.511111111111108585e+01
3.383999999999999897e+00,1.427500000000000000e+02,5.922222222222220012e+01
3.383999999999999897e+00,1.432500000000000000e+02,6.166666666666665009e+01
3.383999999999999897e+00,1.437500000000000000e+02,6.088888888888886441e+01
3.383999999999999897e+00,1.442500000000000000e+02,5.922222222222220012e+01
3.383999999999999897e+00,1.447500000000000000e+02,5.899999999999997868e+01
3.383999999999999897e+00,1.452500000000000000e+02,5.788888888888887863e+01
3.383999999999999897e+00,1.457500000000000000e+02,5.999999999999999289e+01
3.383999999999999897e+00,1.462500000000000000e+02,5.888888888888887863e+01
3.383999999999999897e+00,1.467500000000000000e+02,6.344444444444442865e+01
3.383999999999999897e+00,1.472500000000000000e+02,6.522222222222221433e+01
3.383999999999999897e+00,1.477500000000000000e+02,6.444444444444442865e+01
3.383999999999999897e+00,1.482500000000000000e+02,6.099999999999997868e+01
3.383999999999999897e+00,1.487500000000000000e+02,6.099999999999997868e+01
3.383999999999999897e+00,1.492500000000000000e+02,6.077777777777776436e+01
3.383999999999999897e+00,1.497500000000000000e+02,5.933333333333331439e+01
3.383999999999999897e+00,1.502500000000000000e+02,5.699999999999997868e+01
3.383999999999999897e+00,1.507500000000000000e+02,5.799999999999997868e+01
3.383999999999999897e+00,1.512500000000000000e+02,6.133333333333331439e+01
3.383999999999999897e+00,1.517500000000000000e+02,6.044444444444442865e+01
3.383999999999999897e+00,1.522500000000000000e+02,6.011111111111109295e+01
3.383999999999999897e+00,1.527500000000000000e+02,6.077777777777776436e+01
3.383999999999999897e+00,1.532500000000000000e+02,6.255555555555554292e+01
3.383999999999999897e+00,1.537500000000000000e+02,6.655555555555554292e+01
3.383999999999999897e+00,1.542500000000000000e+02,6.933333333333332860e+01
3.383999999999999897e+00,1.547500000000000000e+02,7.033333333333332860e+01
3.383999999999999897e+00,1.552500000000000000e+02,6.922222222222221433e+01
3.383999999999999897e+00,1.557500000000000000e+02,6.633333333333331439e+01
3.383999999999999897e+00,1.562500000000000000e+02,6.811111111111110006e+01
3.383999999999999897e+00,1.567500000000000000e+02,6.911111111111110006e+01
3.383999999999999897e+00,1.572500000000000000e+02,7.255555555555554292e+01
3.383999999999999897e+00,1.577500000000000000e+02,7.033333333333331439e+01
3.383999999999999897e+00,1.582500000000000000e+02,6.966666666666664298e+01
3.383999999999999897e+00,1.587500000000000000e+02,6.499999999999998579e+01
3.383999999999999897e+00,1.592500000000000000e+02,6.488888888888887152e+01
3.383999999999999897e+00,1.597500000000000000e+02,6.544444444444442865e+01
3.383999999999999897e+00,1.602500000000000000e+02,6.522222222222221433e+01
3.383999999999999897e+00,1.607500000000000000e+02,6.366666666666665009e+01
3.383999999999999897e+00,1.612500000000000000e+02,6.122222222222220722e+01
3.383999999999999897e+00,1.617500000000000000e+02,6.133333333333332149e+01
3.383999999999999897e+00,1.622500000000000000e+02,6.122222222222220722e+01
3.383999999999999897e+00,1.627500000000000000e+02,6.066666666666665719e+01
3.383999999999999897e+00,1.632500000000000000e+02,5.855555555555554292e+01
3.383999999999999897e+00,1.637500000000000000e+02,5.711111111111110716e+01
3.383999999999999897e+00,1.642500000000000000e+02,5.577777777777777146e+01
3.383999999999999897e+00,1.647500000000000000e+02,5.766666666666666430e+01
3.383999999999999897e+00,1.652500000000000000e+02,5.644444444444443576e+01
3.383999999999999897e+00,1.657500000000000000e+02,5.399999999999999289e+01
3.383999999999999897e+00,1.662500000000000000e+02,5.388888888888887863e+01
3.383999999999999897e+00,1.667500000000000000e+02,5.355555555555554292e+01
3.383999999999999897e+00,1.672500000000000000e+02,5.255555555555554292e+01
3.383999999999999897e+00,1.677500000000000000e+02,4.911111111111109295e+01
3.383999999999999897e+00,1.682500000000000000e+02,4.722222222222220722e+01
3.383999999999999897e+00,1.687500000000000000e+02,4.944444444444442865e+01
3.383999999999999897e+00,1.692500000000000000e+02,4.855555555555554292e+01
3.383999999999999897e+00,1.697500000000000000e+02,4.688888888888887863e+01
3.383999999999999897e+00,1.702500000000000000e+02,4.277777777777777146e+01
3.383999999999999897e+00,1.707500000000000000e+02,3.888888888888888573e+01
3.383999999999999897e+00,1.712500000000000000e+02,3.811111111111110716e+01
3.383999999999999897e+00,1.717500000000000000e+02,3.633333333333332149e+01
3.383999999999999897e+00,1.722500000000000000e+02,3.633333333333332149e+01
3.383999999999999897e+00,1.727500000000000000e+02,3.355555555555555003e+01
3.383999999999999897e+00,1.732500000000000000e+02,3.155555555555554648e+01
3.383999999999999897e+00,1.737500000000000000e+02,2.777777777777777146e+01
3.383999999999999897e+00,1.742500000000000000e+02,2.399999999999999645e+01
3.383999999999999897e+00,1.747500000000000000e+02,2.188888888888888573e+01
3.383999999999999897e+00,1.752500000000000000e+02,2.144444444444444287e+01
3.383999999999999897e+00,1.757500000000000000e+02,2.055555555555555358e+01
3.383999999999999897e+00,1.762500000000000000e+02,1.922222222222221788e+01
3.383999999999999897e+00,1.767500000000000000e+02,1.588888888888888573e+01
3.383999999999999897e+00,1.772500000000000000e+02,1.411111111111110894e+01
3.383999999999999897e+00,1.777500000000000000e+02,1.022222222222221966e+01
3.383999999999999897e+00,1.782500000000000000e+02,7.333333333333331261e+00
3.383999999999999897e+00,1.787500000000000000e+02,4.999999999999997335e+00
3.383999999999999897e+00,1.792500000000000000e+02,3.333333333333330817e+00
3.383999999999999897e+00,1.797500000000000000e+02,2.666666666666664298e+00
3.399999999999999911e+00,1.302500000000000000e+02,4.322222222222222143e+01
3.399999999999999911e+00,1.307500000000000000e+02,4.255555555555555003e+01
3.399999999999999911e+00,1.312500000000000000e+02,4.444444444444443576e+01
3.399999999999999911e+00,1.317500000000000000e+02,4.511111111111110716e+01
3.399999999999999911e+00,1.322500000000000000e+02,4.755555555555555003e+01
3.399999999999999911e+00,1.327500000000000000e+02,4.822222222222222143e+01
3.399999999999999911e+00,1.332500000000000000e+02,4.611111111111110716e+01
3.399999999999999911e+00,1.337500000000000000e+02,4.522222222222220722e+01
3.399999999999999911e+00,1.342500000000000000e+02,4.522222222222220722e+01
3.399999999999999911e+00,1.347500000000000000e+02,4.522222222222220722e+01
3.399999999999999911e+00,1.352500000000000000e+02,4.444444444444443576e+01
3.399999999999999911e+00,1.357500000000000000e+02,4.455555555555555003e+01
3.399999999999999911e+00,1.362500000000000000e+02,4.877777777777777146e+01
3.399999999999999911e+00,1.367500000000000000e+02,5.022222222222220722e+01
3.399999999999999911e+00,1.372500000000000000e+02,4.877777777777776436e+01
3.399999999999999911e+00,1.377500000000000000e+02,4.755555555555554292e+01
3.399999999999999911e+00,1.382500000000000000e+02,4.622222222222220722e+01
3.399999999999999911e+00,1.387500000000000000e+02,4.766666666666665719e+01
3.399999999999999911e+00,1.392500000000000000e+02,4.766666666666665719e+01
3.399999999999999911e+00,1.397500000000000000e+02,5.022222222222220722e+01
3.399999999999999911e+00,1.402500000000000000e+02,5.077777777777776436e+01
3.399999999999999911e+00,1.407500000000000000e+02,5.211111111111109295e+01
3.399999999999999911e+00,1.412500000000000000e+02,4.933333333333331439e+01
3.399999999999999911e+00,1.417500000000000000e+02,4.988888888888887863e+01
3.399999999999999911e+00,1.422500000000000000e+02,5.177777777777776436e+01
3.399999999999999911e+00,1.427500000000000000e+02,5.677777777777776436e+01
3.399999999999999911e+00,1.432500000000000000e+02,5.766666666666665009e+01
3.399999999999999911e+00,1.437500000000000000e+02,5.766666666666665009e+01
3.399999999999999911e+00,1.442500000000000000e+02,5.722222222222220012e+01
3.399999999999999911e+00,1.447500000000000000e+02,5.688888888888886441e+01
3.399999999999999911e+00,1.452500000000000000e+02,5.511111111111108585e+01
3.399999999999999911e+00,1.457500000000000000e+02,5.477777777777775015e+01
3.399999999999999911e+00,1.462500000000000000e+02,5.399999999999997158e+01
3.399999999999999911e+00,1.467500000000000000e+02,5.633333333333330728e+01
3.399999999999999911e+00,1.472500000000000000e+02,5.933333333333330728e+01
3.399999999999999911e+00,1.477500000000000000e+02,5.966666666666663588e+01
3.399999999999999911e+00,1.482500000000000000e+02,5.799999999999997158e+01
3.399999999999999911e+00,1.487500000000000000e+02,5.788888888888885731e+01
3.399999999999999911e+00,1.492500000000000000e+02,5.711111111111108585e+01
3.399999999999999911e+00,1.497500000000000000e+02,5.611111111111108585e+01
3.399999999999999911e+00,1.502500000000000000e+02,5.499999999999997868e+01
3.399999999999999911e+00,1.507500000000000000e+02,5.722222222222220012e+01
3.399999999999999911e+00,1.512500000000000000e+02,5.988888888888886441e+01
3.399999999999999911e+00,1.517500000000000000e+02,6.099999999999997868e+01
3.399999999999999911e+00,1.522500000000000000e+02,6.088888888888886441e+01
3.399999999999999911e+00,1.527500000000000000e+02,6.144444444444442155e+01
3.399999999999999911e+00,1.532500000000000000e+02,5.977777777777775015e+01
3.399999999999999911e+00,1.537500000000000000e+02,6.222222222222220012e+01
3.399999999999999911e+00,1.542500000000000000e+02,6.288888888888886441e+01
3.399999999999999911e+00,1.547500000000000000e+02,6.611111111111108585e+01
3.399999999999999911e+00,1.552500000000000000e+02,6.455555555555552871e+01
3.399999999999999911e+00,1.557500000000000000e+02,6.266666666666665009e+01
3.399999999999999911e+00,1.562500000000000000e+02,6.311111111111108585e+01
3.399999999999999911e+00,1.567500000000000000e+02,6.355555555555552161e+01
3.399999999999999911e+00,1.572500000000000000e+02,6.722222222222218591e+01
3.399999999999999911e+00,1.577500000000000000e+02,6.488888888888885731e+01
3.399999999999999911e+00,1.582500000000000000e+02,6.588888888888885731e+01
3.399999999999999911e+00,1.587500000000000000e+02,6.144444444444440734e+01
3.399999999999999911e+00,1.592500000000000000e+02,6.177777777777774304e+01
3.399999999999999911e+00,1.597500000000000000e+02,6.222222222222219301e+01
3.399999999999999911e+00,1.602500000000000000e+02,6.222222222222219301e+01
3.399999999999999911e+00,1.607500000000000000e+02,5.955555555555552161e+01
3.399999999999999911e+00,1.612500000000000000e+02,5.766666666666663588e+01
3.399999999999999911e+00,1.617500000000000000e+02,6.077777777777775015e+01
3.399999999999999911e+00,1.622500000000000000e+02,6.099999999999997158e+01
3.399999999999999911e+00,1.627500000000000000e+02,5.877777777777775015e+01
3.399999999999999911e+00,1.632500000000000000e+02,5.555555555555552161e+01
3.399999999999999911e+00,1.637500000000000000e+02,5.366666666666663588e+01
3.399999999999999911e+00,1.642500000000000000e+02,5.533333333333330728e+01
3.399999999999999911e+00,1.647500000000000000e+02,5.733333333333330728e+01
3.399999999999999911e+00,1.652500000000000000e+02,5.599999999999997158e+01
3.399999999999999911e+00,1.657500000000000000e+02,5.299999999999997158e+01
3.399999999999999911e+00,1.662500000000000000e+02,4.977777777777775015e+01
3.399999999999999911e+00,1.667500000000000000e+02,4.966666666666663588e+01
3.399999999999999911e+00,1.672500000000000000e+02,4.611111111111108585e+01
3.399999999999999911e+00,1.677500000000000000e+02,4.499999999999997158e+01
3.399999999999999911e+00,1.682500000000000000e+02,4.422222222222219301e+01
3.399999999999999911e+00,1.687500000000000000e+02,4.588888888888885731e+01
3.399999999999999911e+00,1.692500000000000000e+02,4.411111111111107874e+01
3.399999999999999911e+00,1.697500000000000000e+02,4.088888888888885731e+01
3.399999999999999911e+00,1.702500000000000000e+02,3.722222222222219301e+01
3.399999999999999911e+00,1.707500000000000000e+02,3.433333333333330728e+01
3.399999999999999911e+00,1.712500000000000000e+02,3.633333333333330728e+01
3.399999999999999911e+00,1.717500000000000000e+02,3.633333333333330728e+01
3.399999999999999911e+00,1.722500000000000000e+02,3.577777777777775015e+01
3.399999999999999911e+00,1.727500000000000000e+02,3.166666666666664298e+01
3.399999999999999911e+00,1.732500000000000000e+02,2.977777777777775370e+01
3.399999999999999911e+00,1.737500000000000000e+02,2.722222222222219656e+01
3.399999999999999911e+00,1.742500000000000000e+02,2.499999999999997158e+01
3.399999999999999911e+00,1.747500000000000000e+02,2.244444444444441800e+01
3.399999999999999911e+00,1.752500000000000000e+02,2.033333333333330728e+01
3.399999999999999911e+00,1.757500000000000000e+02,1.833333333333330728e+01
3.399999999999999911e+00,1.762500000000000000e+02,1.688888888888886086e+01
3.399999999999999911e+00,1.767500000000000000e+02,1.522222222222219479e+01
3.399999999999999911e+00,1.772500000000000000e+02,1.388888888888886264e+01
3.399999999999999911e+00,1.777500000000000000e+02,1.055555555555552871e+01
3.399999999999999911e+00,1.782500000000000000e+02,7.333333333333306392e+00
3.399999999999999911e+00,1.787500000000000000e+02,4.444444444444417108e+00
3.399999999999999911e+00,1.792500000000000000e+02,2.555555555555528713e+00
3.399999999999999911e+00,1.797500000000000000e+02,1.555555555555528713e+00
3.415999999999999925e+00,1.302500000000000000e+02,4.133333333333333570e+01
3.415999999999999925e+00,1.307500000000000000e+02,4.111111111111110716e+01
3.415999999999999925e+00,1.312500000000000000e+02,4.222222222222222143e+01
3.415999999999999925e+00,1.317500000000000000e+02,4.333333333333333570e+01
3.415999999999999925e+00,1.322500000000000000e+02,4.455555555555556424e+01
3.415999999999999925e+00,1.327500000000000000e+02,4.577777777777779278e+01
3.415999999999999925e+00,1.332500000000000000e+02,4.577777777777779278e+01
3.415999999999999925e+00,1.337500000000000000e+02,4.700000000000000711e+01
3.415999999999999925e+00,1.342500000000000000e+02,4.655555555555556424e+01
3.415999999999999925e+00,1.347500000000000000e+02,4.577777777777779278e+01
3.415999999999999925e+00,1.352500000000000000e+02,4.266666666666667851e+01
3.415999999999999925e+00,1.357500000000000000e+02,4.177777777777779278e+01
3.415999999999999925e+00,1.362500000000000000e+02,4.533333333333334281e+01
3.415999999999999925e+00,1.367500000000000000e+02,4.622222222222222854e+01
3.415999999999999925e+00,1.372500000000000000e+02,4.511111111111111427e+01
3.415999999999999925e+00,1.377500000000000000e+02,4.500000000000000000e+01
3.415999999999999925e+00,1.382500000000000000e+02,4.477777777777777146e+01
3.415999999999999925e+00,1.387500000000000000e+02,4.677777777777777146e+01
3.415999999999999925e+00,1.392500000000000000e+02,4.622222222222222143e+01
3.415999999999999925e+00,1.397500000000000000e+02,4.811111111111110716e+01
3.415999999999999925e+00,1.402500000000000000e+02,4.877777777777777146e+01
3.415999999999999925e+00,1.407500000000000000e+02,4.944444444444443576e+01
3.415999999999999925e+00,1.412500000000000000e+02,4.955555555555554292e+01
3.415999999999999925e+00,1.417500000000000000e+02,4.844444444444442865e+01
3.415999999999999925e+00,1.422500000000000000e+02,4.844444444444442865e+01
3.415999999999999925e+00,1.427500000000000000e+02,4.911111111111109295e+01
3.415999999999999925e+00,1.432500000000000000e+02,5.133333333333331439e+01
3.415999999999999925e+00,1.437500000000000000e+02,5.355555555555553582e+01
3.415999999999999925e+00,1.442500000000000000e+02,5.533333333333331439e+01
3.415999999999999925e+00,1.447500000000000000e+02,5.544444444444442155e+01
3.415999999999999925e+00,1.452500000000000000e+02,5.377777777777775015e+01
3.415999999999999925e+00,1.457500000000000000e+02,5.255555555555553582e+01
3.415999999999999925e+00,1.462500000000000000e+02,5.499999999999997868e+01
3.415999999999999925e+00,1.467500000000000000e+02,5.822222222222220722e+01
3.415999999999999925e+00,1.472500000000000000e+02,6.099999999999997868e+01
3.415999999999999925e+00,1.477500000000000000e+02,5.888888888888886441e+01
3.415999999999999925e+00,1.482500000000000000e+02,5.566666666666665009e+01
3.415999999999999925e+00,1.487500000000000000e+02,5.455555555555554292e+01
3.415999999999999925e+00,1.492500000000000000e+02,5.388888888888887863e+01
3.415999999999999925e+00,1.497500000000000000e+02,5.255555555555554292e+01
3.415999999999999925e+00,1.502500000000000000e+02,5.466666666666665009e+01
3.415999999999999925e+00,1.507500000000000000e+02,5.488888888888887863e+01
3.415999999999999925e+00,1.512500000000000000e+02,5.755555555555554292e+01
3.415999999999999925e+00,1.517500000000000000e+02,5.422222222222220722e+01
3.415999999999999925e+00,1.522500000000000000e+02,5.444444444444442865e+01
3.415999999999999925e+00,1.527500000000000000e+02,5.455555555555554292e+01
3.415999999999999925e+00,1.532500000000000000e+02,5.555555555555554292e+01
3.415999999999999925e+00,1.537500000000000000e+02,5.833333333333332149e+01
3.415999999999999925e+00,1.542500000000000000e+02,6.011111111111110716e+01
3.415999999999999925e+00,1.547500000000000000e+02,6.377777777777777146e+01
3.415999999999999925e+00,1.552500000000000000e+02,6.188888888888887863e+01
3.415999999999999925e+00,1.557500000000000000e+02,5.855555555555554292e+01
3.415999999999999925e+00,1.562500000000000000e+02,6.022222222222220722e+01
3.415999999999999925e+00,1.567500000000000000e+02,6.144444444444443576e+01
3.415999999999999925e+00,1.572500000000000000e+02,6.466666666666665719e+01
3.415999999999999925e+00,1.577500000000000000e+02,6.155555555555554292e+01
3.415999999999999925e+00,1.582500000000000000e+02,6.133333333333331439e+01
3.415999999999999925e+00,1.587500000000000000e+02,5.799999999999997868e+01
3.415999999999999925e+00,1.592500000000000000e+02,5.788888888888886441e+01
3.415999999999999925e+00,1.597500000000000000e+02,5.788888888888886441e+01
3.415999999999999925e+00,1.602500000000000000e+02,5.922222222222220012e+01
3.415999999999999925e+00,1.607500000000000000e+02,5.699999999999997868e+01
3.415999999999999925e+00,1.612500000000000000e+02,5.733333333333331439e+01
3.415999999999999925e+00,1.617500000000000000e+02,5.888888888888886441e+01
3.415999999999999925e+00,1.622500000000000000e+02,5.944444444444442155e+01
3.415999999999999925e+00,1.627500000000000000e+02,5.544444444444442155e+01
3.415999999999999925e+00,1.632500000000000000e+02,5.166666666666665009e+01
3.415999999999999925e+00,1.637500000000000000e+02,4.944444444444442865e+01
3.415999999999999925e+00,1.642500000000000000e+02,5.233333333333331439e+01
3.415999999999999925e+00,1.647500000000000000e+02,5.533333333333331439e+01
3.415999999999999925e+00,1.652500000000000000e+02,5.166666666666665009e+01
3.415999999999999925e+00,1.657500000000000000e+02,4.799999999999997868e+01
3.415999999999999925e+00,1.662500000000000000e+02,4.455555555555553582e+01
3.415999999999999925e+00,1.667500000000000000e+02,4.633333333333331439e+01
3.415999999999999925e+00,1.672500000000000000e+02,4.433333333333331439e+01
3.415999999999999925e+00,1.677500000000000000e+02,4.355555555555553582e+01
3.415999999999999925e+00,1.682500000000000000e+02,4.233333333333331439e+01
3.415999999999999925e+00,1.687500000000000000e+02,4.377777777777775015e+01
3.415999999999999925e+00,1.692500000000000000e+02,4.099999999999997868e+01
3.415999999999999925e+00,1.697500000000000000e+02,4.044444444444442155e+01
3.415999999999999925e+00,1.702500000000000000e+02,3.577777777777775015e+01
3.415999999999999925e+00,1.707500000000000000e+02,3.422222222222219301e+01
3.415999999999999925e+00,1.712500000000000000e+02,3.299999999999997158e+01
3.415999999999999925e+00,1.717500000000000000e+02,3.399999999999997158e+01
3.415999999999999925e+00,1.722500000000000000e+02,3.266666666666663588e+01
3.415999999999999925e+00,1.727500000000000000e+02,2.977777777777775370e+01
3.415999999999999925e+00,1.732500000000000000e+02,2.711111111111108585e+01
3.415999999999999925e+00,1.737500000000000000e+02,2.522222222222219656e+01
3.415999999999999925e+00,1.742500000000000000e+02,2.322222222222219656e+01
3.415999999999999925e+00,1.747500000000000000e+02,1.966666666666663943e+01
3.415999999999999925e+00,1.752500000000000000e+02,1.733333333333330373e+01
3.415999999999999925e+00,1.757500000000000000e+02,1.611111111111108229e+01
3.415999999999999925e+00,1.762500000000000000e+02,1.555555555555552694e+01
3.415999999999999925e+00,1.767500000000000000e+02,1.422222222222219301e+01
3.415999999999999925e+00,1.772500000000000000e+02,1.277777777777774837e+01
3.415999999999999925e+00,1.777500000000000000e+02,1.055555555555552516e+01
3.415999999999999925e+00,1.782500000000000000e+02,8.222222222222191235e+00
3.415999999999999925e+00,1.787500000000000000e+02,4.777777777777747481e+00
3.415999999999999925e+00,1.792500000000000000e+02,2.555555555555524716e+00
3.415999999999999925e+00,1.797500000000000000e+02,8.888888888888581974e-01
3.431999999999999940e+00,1.302500000000000000e+02,4.255555555555555003e+01
3.431999999999999940e+00,1.307500000000000000e+02,4.222222222222222143e+01
3.431999999999999940e+00,1.312500000000000000e+02,4.222222222222222143e+01
3.431999999999999940e+00,1.317500000000000000e+02,4.411111111111110716e+01
3.431999999999999940e+00,1.322500000000000000e+02,4.400000000000000000e+01
3.431999999999999940e+00,1.327500000000000000e+02,4.511111111111111427e+01
3.431999999999999940e+00,1.332500000000000000e+02,4.544444444444444997e+01
3.431999999999999940e+00,1.337500000000000000e+02,4.577777777777777857e+01
3.431999999999999940e+00,1.342500000000000000e+02,4.422222222222222854e+01
3.431999999999999940e+00,1.347500000000000000e+02,4.355555555555556424e+01
3.431999999999999940e+00,1.352500000000000000e+02,4.266666666666666430e+01
3.431999999999999940e+00,1.357500000000000000e+02,4.233333333333333570e+01
3.431999999999999940e+00,1.362500000000000000e+02,4.511111111111111427e+01
3.431999999999999940e+00,1.367500000000000000e+02,4.688888888888889284e+01
3.431999999999999940e+00,1.372500000000000000e+02,4.588888888888889284e+01
3.431999999999999940e+00,1.377500000000000000e+02,4.444444444444444997e+01
3.431999999999999940e+00,1.382500000000000000e+02,4.333333333333333570e+01
3.431999999999999940e+00,1.387500000000000000e+02,4.566666666666666430e+01
3.431999999999999940e+00,1.392500000000000000e+02,4.744444444444444997e+01
3.431999999999999940e+00,1.397500000000000000e+02,4.766666666666666430e+01
3.431999999999999940e+00,1.402500000000000000e+02,4.788888888888888573e+01
3.431999999999999940e+00,1.407500000000000000e+02,4.711111111111110716e+01
3.431999999999999940e+00,1.412500000000000000e+02,4.833333333333332149e+01
3.431999999999999940e+00,1.417500000000000000e+02,4.911111111111110716e+01
3.431999999999999940e+00,1.422500000000000000e+02,4.988888888888888573e+01
3.431999999999999940e+00,1.427500000000000000e+02,4.900000000000000000e+01
3.431999999999999940e+00,1.432500000000000000e+02,5.000000000000000000e+01
3.431999999999999940e+00,1.437500000000000000e+02,5.288888888888888573e+01
3.431999999999999940e+00,1.442500000000000000e+02,5.422222222222222143e+01
3.431999999999999940e+00,1.447500000000000000e+02,5.166666666666666430e+01
3.431999999999999940e+00,1.452500000000000000e+02,4.811111111111111427e+01
3.431999999999999940e+00,1.457500000000000000e+02,4.811111111111111427e+01
3.431999999999999940e+00,1.462500000000000000e+02,5.277777777777777857e+01
3.431999999999999940e+00,1.467500000000000000e+02,5.522222222222222854e+01
3.431999999999999940e+00,1.472500000000000000e+02,5.533333333333333570e+01
3.431999999999999940e+00,1.477500000000000000e+02,5.322222222222222854e+01
3.431999999999999940e+00,1.482500000000000000e+02,5.122222222222222854e+01
3.431999999999999940e+00,1.487500000000000000e+02,5.100000000000000711e+01
3.431999999999999940e+00,1.492500000000000000e+02,5.100000000000000711e+01
3.431999999999999940e+00,1.497500000000000000e+02,5.066666666666667851e+01
3.431999999999999940e+00,1.502500000000000000e+02,5.433333333333334281e+01
3.431999999999999940e+00,1.507500000000000000e+02,5.522222222222222854e+01
3.431999999999999940e+00,1.512500000000000000e+02,5.844444444444445708e+01
3.431999999999999940e+00,1.517500000000000000e+02,5.500000000000000711e+01
3.431999999999999940e+00,1.522500000000000000e+02,5.611111111111112137e+01
3.431999999999999940e+00,1.527500000000000000e+02,5.455555555555556424e+01
3.431999999999999940e+00,1.532500000000000000e+02,5.566666666666667851e+01
3.431999999999999940e+00,1.537500000000000000e+02,5.422222222222222854e+01
3.431999999999999940e+00,1.542500000000000000e+02,5.377777777777779278e+01
3.431999999999999940e+00,1.547500000000000000e+02,5.677777777777779278e+01
3.431999999999999940e+00,1.552500000000000000e+02,5.755555555555557135e+01
3.431999999999999940e+00,1.557500000000000000e+02,5.777777777777779278e+01
3.431999999999999940e+00,1.562500000000000000e+02,6.033333333333334991e+01
3.431999999999999940e+00,1.567500000000000000e+02,5.955555555555557135e+01
3.431999999999999940e+00,1.572500000000000000e+02,6.088888888888890705e+01
3.431999999999999940e+00,1.577500000000000000e+02,5.766666666666668561e+01
3.431999999999999940e+00,1.582500000000000000e+02,5.844444444444446418e+01
3.431999999999999940e+00,1.587500000000000000e+02,5.644444444444446418e+01
3.431999999999999940e+00,1.592500000000000000e+02,5.544444444444446418e+01
3.431999999999999940e+00,1.597500000000000000e+02,5.622222222222224985e+01
3.431999999999999940e+00,1.602500000000000000e+02,5.711111111111113559e+01
3.431999999999999940e+00,1.607500000000000000e+02,5.577777777777779988e+01
3.431999999999999940e+00,1.612500000000000000e+02,5.455555555555557845e+01
3.431999999999999940e+00,1.617500000000000000e+02,5.655555555555557845e+01
3.431999999999999940e+00,1.622500000000000000e+02,5.677777777777779988e+01
3.431999999999999940e+00,1.627500000000000000e+02,5.488888888888891415e+01
3.431999999999999940e+00,1.632500000000000000e+02,5.211111111111114269e+01
3.431999999999999940e+00,1.637500000000000000e+02,5.011111111111114269e+01
3.431999999999999940e+00,1.642500000000000000e+02,5.111111111111114269e+01
3.431999999999999940e+00,1.647500000000000000e+02,5.277777777777780699e+01
3.431999999999999940e+00,1.652500000000000000e+02,5.011111111111114269e+01
3.431999999999999940e+00,1.657500000000000000e+02,4.777777777777780699e+01
3.431999999999999940e+00,1.662500000000000000e+02,4.388888888888891415e+01
3.431999999999999940e+00,1.667500000000000000e+02,4.500000000000002842e+01
3.431999999999999940e+00,1.672500000000000000e+02,4.222222222222224985e+01
3.431999999999999940e+00,1.677500000000000000e+02,4.188888888888891415e+01
3.431999999999999940e+00,1.682500000000000000e+02,4.077777777777779988e+01
3.431999999999999940e+00,1.687500000000000000e+02,4.200000000000002132e+01
3.431999999999999940e+00,1.692500000000000000e+02,3.822222222222224275e+01
3.431999999999999940e+00,1.697500000000000000e+02,3.900000000000002132e+01
3.431999999999999940e+00,1.702500000000000000e+02,3.600000000000002132e+01
3.431999999999999940e+00,1.707500000000000000e+02,3.555555555555557135e+01
3.431999999999999940e+00,1.712500000000000000e+02,3.188888888888890349e+01
3.431999999999999940e+00,1.717500000000000000e+02,3.144444444444446063e+01
3.431999999999999940e+00,1.722500000000000000e+02,3.022222222222223920e+01
3.431999999999999940e+00,1.727500000000000000e+02,2.833333333333334636e+01
3.431999999999999940e+00,1.732500000000000000e+02,2.622222222222223920e+01
3.431999999999999940e+00,1.737500000000000000e+02,2.500000000000001776e+01
3.431999999999999940e+00,1.742500000000000000e+02,2.388888888888891060e+01
3.431999999999999940e+00,1.747500000000000000e+02,2.088888888888891060e+01
3.431999999999999940e+00,1.752500000000000000e+02,1.822222222222224275e+01
3.431999999999999940e+00,1.757500000000000000e+02,1.588888888888890882e+01
3.431999999999999940e+00,1.762500000000000000e+02,1.500000000000002132e+01
3.431999999999999940e+00,1.767500000000000000e+02,1.388888888888890882e+01
3.431999999999999940e+00,1.772500000000000000e+02,1.233333333333335524e+01
3.431999999999999940e+00,1.777500000000000000e+02,9.888888888888908824e+00
3.431999999999999940e+00,1.782500000000000000e+02,7.555555555555575786e+00
3.431999999999999940e+00,1.787500000000000000e+02,4.777777777777798107e+00
3.431999999999999940e+00,1.792500000000000000e+02,3.000000000000019984e+00
3.431999999999999940e+00,1.797500000000000000e+02,1.444444444444464848e+00
3.447999999999999954e+00,1.302500000000000000e+02,4.100000000000000000e+01
3.447999999999999954e+00,1.307500000000000000e+02,4.100000000000000000e+01
3.447999999999999954e+00,1.312500000000000000e+02,4.011111111111110716e+01
3.447999999999999954e+00,1.317500000000000000e+02,4.200000000000000000e+01
3.447999999999999954e+00,1.322500000000000000e+02,4.377777777777777146e+01
3.447999999999999954e+00,1.327500000000000000e+02,4.400000000000000000e+01
3.447999999999999954e+00,1.332500000000000000e+02,4.555555555555555003e+01
3.447999999999999954e+00,1.337500000000000000e+02,4.366666666666666430e+01
3.447999999999999954e+00,1.342500000000000000e+02,4.466666666666666430e+01
3.447999999999999954e+00,1.347500000000000000e+02,4.544444444444444997e+01
3.447999999999999954e+00,1.352500000000000000e+02,4.477777777777777857e+01
3.447999999999999954e+00,1.357500000000000000e+02,4.411111111111111427e+01
3.447999999999999954e+00,1.362500000000000000e+02,4.344444444444444997e+01
3.447999999999999954e+00,1.367500000000000000e+02,4.600000000000000000e+01
3.447999999999999954e+00,1.372500000000000000e+02,4.433333333333333570e+01
3.447999999999999954e+00,1.377500000000000000e+02,4.377777777777777857e+01
3.447999999999999954e+00,1.382500000000000000e+02,4.366666666666666430e+01
3.447999999999999954e+00,1.387500000000000000e+02,4.711111111111110716e+01
3.447999999999999954e+00,1.392500000000000000e+02,4.933333333333332149e+01
3.447999999999999954e+00,1.397500000000000000e+02,4.777777777777777146e+01
3.447999999999999954e+00,1.402500000000000000e+02,4.633333333333333570e+01
3.447999999999999954e+00,1.407500000000000000e+02,4.466666666666666430e+01
3.447999999999999954e+00,1.412500000000000000e+02,4.555555555555556424e+01
3.447999999999999954e+00,1.417500000000000000e+02,4.588888888888889284e+01
3.447999999999999954e+00,1.422500000000000000e+02,4.855555555555556424e+01
3.447999999999999954e+00,1.427500000000000000e+02,4.855555555555556424e+01
3.447999999999999954e+00,1.432500000000000000e+02,5.311111111111111427e+01
3.447999999999999954e+00,1.437500000000000000e+02,5.266666666666666430e+01
3.447999999999999954e+00,1.442500000000000000e+02,5.377777777777777146e+01
3.447999999999999954e+00,1.447500000000000000e+02,4.866666666666665719e+01
3.447999999999999954e+00,1.452500000000000000e+02,4.811111111111110716e+01
3.447999999999999954e+00,1.457500000000000000e+02,4.588888888888888573e+01
3.447999999999999954e+00,1.462500000000000000e+02,5.011111111111110716e+01
3.447999999999999954e+00,1.467500000000000000e+02,5.144444444444443576e+01
3.447999999999999954e+00,1.472500000000000000e+02,5.288888888888888573e+01
3.447999999999999954e+00,1.477500000000000000e+02,5.177777777777777146e+01
3.447999999999999954e+00,1.482500000000000000e+02,4.955555555555555003e+01
3.447999999999999954e+00,1.487500000000000000e+02,4.944444444444443576e+01
3.447999999999999954e+00,1.492500000000000000e+02,4.955555555555555003e+01
3.447999999999999954e+00,1.497500000000000000e+02,5.011111111111110716e+01
3.447999999999999954e+00,1.502500000000000000e+02,5.233333333333332149e+01
3.447999999999999954e+00,1.507500000000000000e+02,5.244444444444443576e+01
3.447999999999999954e+00,1.512500000000000000e+02,5.399999999999999289e+01
3.447999999999999954e+00,1.517500000000000000e+02,5.266666666666665719e+01
3.447999999999999954e+00,1.522500000000000000e+02,5.322222222222220722e+01
3.447999999999999954e+00,1.527500000000000000e+02,5.222222222222220722e+01
3.447999999999999954e+00,1.532500000000000000e+02,5.233333333333332149e+01
3.447999999999999954e+00,1.537500000000000000e+02,5.122222222222220722e+01
3.447999999999999954e+00,1.542500000000000000e+02,5.088888888888887863e+01
3.447999999999999954e+00,1.547500000000000000e+02,5.166666666666665719e+01
3.447999999999999954e+00,1.552500000000000000e+02,5.333333333333332149e+01
3.447999999999999954e+00,1.557500000000000000e+02,5.355555555555554292e+01
3.447999999999999954e+00,1.562500000000000000e+02,5.766666666666665719e+01
3.447999999999999954e+00,1.567500000000000000e+02,5.644444444444443576e+01
3.447999999999999954e+00,1.572500000000000000e+02,5.811111111111110716e+01
3.447999999999999954e+00,1.577500000000000000e+02,5.322222222222220722e+01
3.447999999999999954e+00,1.582500000000000000e+02,5.322222222222220722e+01
3.447999999999999954e+00,1.587500000000000000e+02,5.211111111111109295e+01
3.447999999999999954e+00,1.592500000000000000e+02,5.299999999999997868e+01
3.447999999999999954e+00,1.597500000000000000e+02,5.377777777777775015e+01
3.447999999999999954e+00,1.602500000000000000e+02,5.466666666666663588e+01
3.447999999999999954e+00,1.607500000000000000e+02,5.399999999999997158e+01
3.447999999999999954e+00,1.612500000000000000e+02,5.122222222222219301e+01
3.447999999999999954e+00,1.617500000000000000e+02,5.133333333333330728e+01
3.447999999999999954e+00,1.622500000000000000e+02,5.133333333333330728e+01
3.447999999999999954e+00,1.627500000000000000e+02,5.188888888888885731e+01
3.447999999999999954e+00,1.632500000000000000e+02,4.955555555555552161e+01
3.447999999999999954e+00,1.637500000000000000e+02,4.855555555555552161e+01
3.447999999999999954e+00,1.642500000000000000e+02,4.811111111111107874e+01
3.447999999999999954e+00,1.647500000000000000e+02,4.788888888888885731e+01
3.447999999999999954e+00,1.652500000000000000e+02,4.488888888888885731e+01
3.447999999999999954e+00,1.657500000000000000e+02,4.455555555555552161e+01
3.447999999999999954e+00,1.662500000000000000e+02,4.344444444444440734e+01
3.447999999999999954e+00,1.667500000000000000e+02,4.422222222222219301e+01
3.447999999999999954e+00,1.672500000000000000e+02,3.944444444444441444e+01
3.447999999999999954e+00,1.677500000000000000e+02,3.944444444444441444e+01
3.447999999999999954e+00,1.682500000000000000e+02,3.866666666666663588e+01
3.447999999999999954e+00,1.687500000000000000e+02,4.199999999999997158e+01
3.447999999999999954e+00,1.692500000000000000e+02,3.633333333333330728e+01
3.447999999999999954e+00,1.697500000000000000e+02,3.733333333333330728e+01
3.447999999999999954e+00,1.702500000000000000e+02,3.433333333333330728e+01
3.447999999999999954e+00,1.707500000000000000e+02,3.444444444444441444e+01
3.447999999999999954e+00,1.712500000000000000e+02,2.977777777777774659e+01
3.447999999999999954e+00,1.717500000000000000e+02,2.888888888888885731e+01
3.447999999999999954e+00,1.722500000000000000e+02,2.811111111111108229e+01
3.447999999999999954e+00,1.727500000000000000e+02,2.688888888888885731e+01
3.447999999999999954e+00,1.732500000000000000e+02,2.366666666666663232e+01
3.447999999999999954e+00,1.737500000000000000e+02,2.233333333333330017e+01
3.447999999999999954e+00,1.742500000000000000e+02,2.033333333333330017e+01
3.447999999999999954e+00,1.747500000000000000e+02,1.999999999999996803e+01
3.447999999999999954e+00,1.752500000000000000e+02,1.733333333333330017e+01
3.447999999999999954e+00,1.757500000000000000e+02,1.555555555555552161e+01
3.447999999999999954e+00,1.762500000000000000e+02,1.311111111111107697e+01
3.447999999999999954e+00,1.767500000000000000e+02,1.211111111111107697e+01
3.447999999999999954e+00,1.772500000000000000e+02,1.122222222222218768e+01
3.447999999999999954e+00,1.777500000000000000e+02,8.999999999999966249e+00
3.447999999999999954e+00,1.782500000000000000e+02,7.444444444444410891e+00
3.447999999999999954e+00,1.787500000000000000e+02,4.555555555555522496e+00
3.447999999999999954e+00,1.792500000000000000e+02,2.777777777777744372e+00
3.447999999999999954e+00,1.797500000000000000e+02,1.222222222222188792e+00
3.463999999999999968e+00,1.302500000000000000e+02,4.311111111111111427e+01
3.463999999999999968e+00,1.307500000000000000e+02,4.055555555555555713e+01
3.463999999999999968e+00,1.312500000000000000e+02,3.988888888888889284e+01
3.463999999999999968e+00,1.317500000000000000e+02,4.033333333333333570e+01
3.463999999999999968e+00,1.322500000000000000e+02,4.377777777777777857e+01
3.463999999999999968e+00,1.327500000000000000e+02,4.433333333333333570e+01
3.463999999999999968e+00,1.332500000000000000e+02,4.566666666666666430e+01
3.463999999999999968e+00,1.337500000000000000e+02,4.288888888888888573e+01
3.463999999999999968e+00,1.342500000000000000e+02,4.366666666666666430e+01
3.463999999999999968e+00,1.347500000000000000e+02,4.433333333333333570e+01
3.463999999999999968e+00,1.352500000000000000e+02,4.566666666666666430e+01
3.463999999999999968e+00,1.357500000000000000e+02,4.488888888888888573e+01
3.463999999999999968e+00,1.362500000000000000e+02,4.333333333333333570e+01
3.463999999999999968e+00,1.367500000000000000e+02,4.555555555555556424e+01
3.463999999999999968e+00,1.372500000000000000e+02,4.277777777777777857e+01
3.463999999999999968e+00,1.377500000000000000e+02,4.166666666666666430e+01
3.463999999999999968e+00,1.382500000000000000e+02,4.044444444444444287e+01
3.463999999999999968e+00,1.387500000000000000e+02,4.422222222222222143e+01
3.463999999999999968e+00,1.392500000000000000e+02,4.722222222222222143e+01
3.463999999999999968e+00,1.397500000000000000e+02,4.555555555555555003e+01
3.463999999999999968e+00,1.402500000000000000e+02,4.422222222222222143e+01
3.463999999999999968e+00,1.407500000000000000e+02,4.255555555555555003e+01
3.463999999999999968e+00,1.412500000000000000e+02,4.277777777777777146e+01
3.463999999999999968e+00,1.417500000000000000e+02,4.244444444444443576e+01
3.463999999999999968e+00,1.422500000000000000e+02,4.655555555555555003e+01
3.463999999999999968e+00,1.427500000000000000e+02,4.700000000000000000e+01
3.463999999999999968e+00,1.432500000000000000e+02,5.066666666666666430e+01
3.463999999999999968e+00,1.437500000000000000e+02,4.688888888888888573e+01
3.463999999999999968e+00,1.442500000000000000e+02,4.800000000000000000e+01
3.463999999999999968e+00,1.447500000000000000e+02,4.255555555555555003e+01
3.463999999999999968e+00,1.452500000000000000e+02,4.611111111111110716e+01
3.463999999999999968e+00,1.457500000000000000e+02,4.655555555555555003e+01
3.463999999999999968e+00,1.462500000000000000e+02,5.077777777777777146e+01
3.463999999999999968e+00,1.467500000000000000e+02,4.811111111111110716e+01
3.463999999999999968e+00,1.472500000000000000e+02,4.833333333333332149e+01
3.463999999999999968e+00,1.477500000000000000e+02,4.944444444444443576e+01
3.463999999999999968e+00,1.482500000000000000e+02,5.055555555555555003e+01
3.463999999999999968e+00,1.487500000000000000e+02,5.055555555555555003e+01
3.463999999999999968e+00,1.492500000000000000e+02,5.144444444444443576e+01
3.463999999999999968e+00,1.497500000000000000e+02,5.244444444444443576e+01
3.463999999999999968e+00,1.502500000000000000e+02,5.233333333333332149e+01
3.463999999999999968e+00,1.507500000000000000e+02,5.111111111111110716e+01
3.463999999999999968e+00,1.512500000000000000e+02,5.211111111111110716e+01
3.463999999999999968e+00,1.517500000000000000e+02,5.466666666666666430e+01
3.463999999999999968e+00,1.522500000000000000e+02,5.477777777777777857e+01
3.463999999999999968e+00,1.527500000000000000e+02,5.377777777777777857e+01
3.463999999999999968e+00,1.532500000000000000e+02,5.166666666666666430e+01
3.463999999999999968e+00,1.537500000000000000e+02,5.100000000000000000e+01
3.463999999999999968e+00,1.542500000000000000e+02,4.800000000000000000e+01
3.463999999999999968e+00,1.547500000000000000e+02,4.766666666666666430e+01
3.463999999999999968e+00,1.552500000000000000e+02,4.800000000000000000e+01
3.463999999999999968e+00,1.557500000000000000e+02,4.955555555555555003e+01
3.463999999999999968e+00,1.562500000000000000e+02,5.222222222222222143e+01
3.463999999999999968e+00,1.567500000000000000e+02,5.066666666666666430e+01
3.463999999999999968e+00,1.572500000000000000e+02,5.188888888888889284e+01
3.463999999999999968e+00,1.577500000000000000e+02,4.633333333333334281e+01
3.463999999999999968e+00,1.582500000000000000e+02,4.777777777777779278e+01
3.463999999999999968e+00,1.587500000000000000e+02,4.777777777777779278e+01
3.463999999999999968e+00,1.592500000000000000e+02,5.177777777777779278e+01
3.463999999999999968e+00,1.597500000000000000e+02,5.077777777777779278e+01
3.463999999999999968e+00,1.602500000000000000e+02,5.122222222222222854e+01
3.463999999999999968e+00,1.607500000000000000e+02,5.177777777777777857e+01
3.463999999999999968e+00,1.612500000000000000e+02,5.055555555555556424e+01
3.463999999999999968e+00,1.617500000000000000e+02,4.933333333333334281e+01
3.463999999999999968e+00,1.622500000000000000e+02,4.777777777777779278e+01
3.463999999999999968e+00,1.627500000000000000e+02,4.800000000000000711e+01
3.463999999999999968e+00,1.632500000000000000e+02,4.633333333333334281e+01
3.463999999999999968e+00,1.637500000000000000e+02,4.511111111111112137e+01
3.463999999999999968e+00,1.642500000000000000e+02,4.344444444444445708e+01
3.463999999999999968e+00,1.647500000000000000e+02,4.277777777777779278e+01
3.463999999999999968e+00,1.652500000000000000e+02,4.044444444444445708e+01
3.463999999999999968e+00,1.657500000000000000e+02,4.211111111111112137e+01
3.463999999999999968e+00,1.662500000000000000e+02,4.122222222222223564e+01
3.463999999999999968e+00,1.667500000000000000e+02,4.022222222222223564e+01
3.463999999999999968e+00,1.672500000000000000e+02,3.666666666666668561e+01
3.463999999999999968e+00,1.677500000000000000e+02,3.588888888888890705e+01
3.463999999999999968e+00,1.682500000000000000e+02,3.700000000000002132e+01
3.463999999999999968e+00,1.687500000000000000e+02,3.677777777777779988e+01
3.463999999999999968e+00,1.692500000000000000e+02,3.277777777777779988e+01
3.463999999999999968e+00,1.697500000000000000e+02,3.211111111111113559e+01
3.463999999999999968e+00,1.702500000000000000e+02,3.144444444444446773e+01
3.463999999999999968e+00,1.707500000000000000e+02,3.122222222222224275e+01
3.463999999999999968e+00,1.712500000000000000e+02,2.788888888888891060e+01
3.463999999999999968e+00,1.717500000000000000e+02,2.544444444444446773e+01
3.463999999999999968e+00,1.722500000000000000e+02,2.633333333333335702e+01
3.463999999999999968e+00,1.727500000000000000e+02,2.466666666666668917e+01
3.463999999999999968e+00,1.732500000000000000e+02,2.366666666666668917e+01
3.463999999999999968e+00,1.737500000000000000e+02,2.233333333333335702e+01
3.463999999999999968e+00,1.742500000000000000e+02,2.077777777777779988e+01
3.463999999999999968e+00,1.747500000000000000e+02,2.133333333333335702e+01
3.463999999999999968e+00,1.752500000000000000e+02,1.822222222222224630e+01
3.463999999999999968e+00,1.757500000000000000e+02,1.677777777777779988e+01
3.463999999999999968e+00,1.762500000000000000e+02,1.255555555555557667e+01
3.463999999999999968e+00,1.767500000000000000e+02,1.177777777777779988e+01
3.463999999999999968e+00,1.772500000000000000e+02,1.044444444444446596e+01
3.463999999999999968e+00,1.777500000000000000e+02,7.777777777777799884e+00
3.463999999999999968e+00,1.782500000000000000e+02,5.333333333333354354e+00
3.463999999999999968e+00,1.787500000000000000e+02,3.111111111111132477e+00
3.463999999999999968e+00,1.792500000000000000e+02,2.444444444444465958e+00
3.463999999999999968e+00,1.797500000000000000e+02,1.444444444444465958e+00
3.479999999999999982e+00,1.302500000000000000e+02,4.322222222222222143e+01
3.479999999999999982e+00,1.307500000000000000e+02,3.922222222222222143e+01
3.479999999999999982e+00,1.312500000000000000e+02,3.755555555555555003e+01
3.479999999999999982e+00,1.317500000000000000e+02,3.577777777777777857e+01
3.479999999999999982e+00,1.322500000000000000e+02,3.944444444444444287e+01
3.479999999999999982e+00,1.327500000000000000e+02,4.055555555555555003e+01
3.479999999999999982e+00,1.332500000000000000e+02,4.422222222222222143e+01
3.479999999999999982e+00,1.337500000000000000e+02,4.400000000000000000e+01
3.479999999999999982e+00,1.342500000000000000e+02,4.611111111111110716e+01
3.479999999999999982e+00,1.347500000000000000e+02,4.688888888888887863e+01
3.479999999999999982e+00,1.352500000000000000e+02,4.744444444444442865e+01
3.479999999999999982e+00,1.357500000000000000e+02,4.655555555555554292e+01
3.479999999999999982e+00,1.362500000000000000e+02,4.555555555555554292e+01
3.479999999999999982e+00,1.367500000000000000e+02,4.633333333333332149e+01
3.479999999999999982e+00,1.372500000000000000e+02,4.177777777777777146e+01
3.479999999999999982e+00,1.377500000000000000e+02,4.033333333333332860e+01
3.479999999999999982e+00,1.382500000000000000e+02,4.022222222222222143e+01
3.479999999999999982e+00,1.387500000000000000e+02,4.411111111111110716e+01
3.479999999999999982e+00,1.392500000000000000e+02,4.666666666666665719e+01
3.479999999999999982e+00,1.397500000000000000e+02,4.511111111111110716e+01
3.479999999999999982e+00,1.402500000000000000e+02,4.499999999999999289e+01
3.479999999999999982e+00,1.407500000000000000e+02,4.277777777777777146e+01
3.479999999999999982e+00,1.412500000000000000e+02,4.233333333333332149e+01
3.479999999999999982e+00,1.417500000000000000e+02,4.088888888888887863e+01
3.479999999999999982e+00,1.422500000000000000e+02,4.522222222222220722e+01
3.479999999999999982e+00,1.427500000000000000e+02,4.477777777777776436e+01
3.479999999999999982e+00,1.432500000000000000e+02,4.799999999999997868e+01
3.479999999999999982e+00,1.437500000000000000e+02,4.244444444444442155e+01
3.479999999999999982e+00,1.442500000000000000e+02,4.511111111111108585e+01
3.479999999999999982e+00,1.447500000000000000e+02,4.177777777777775015e+01
3.479999999999999982e+00,1.452500000000000000e+02,4.588888888888886441e+01
3.479999999999999982e+00,1.457500000000000000e+02,4.611111111111108585e+01
3.479999999999999982e+00,1.462500000000000000e+02,4.888888888888886441e+01
3.479999999999999982e+00,1.467500000000000000e+02,4.611111111111108585e+01
3.479999999999999982e+00,1.472500000000000000e+02,4.577777777777775015e+01
3.479999999999999982e+00,1.477500000000000000e+02,4.788888888888885731e+01
3.479999999999999982e+00,1.482500000000000000e+02,5.088888888888885731e+01
3.479999999999999982e+00,1.487500000000000000e+02,5.211111111111107874e+01
3.479999999999999982e+00,1.492500000000000000e+02,5.322222222222219301e+01
3.479999999999999982e+00,1.497500000000000000e+02,5.255555555555552161e+01
3.479999999999999982e+00,1.502500000000000000e+02,5.266666666666663588e+01
3.479999999999999982e+00,1.507500000000000000e+02,5.044444444444442155e+01
3.479999999999999982e+00,1.512500000000000000e+02,5.166666666666665009e+01
3.479999999999999982e+00,1.517500000000000000e+02,5.322222222222220012e+01
3.479999999999999982e+00,1.522500000000000000e+02,5.211111111111108585e+01
3.479999999999999982e+00,1.527500000000000000e+02,5.077777777777775015e+01
3.479999999999999982e+00,1.532500000000000000e+02,4.777777777777775015e+01
3.479999999999999982e+00,1.537500000000000000e+02,4.777777777777775015e+01
3.479999999999999982e+00,1.542500000000000000e+02,4.633333333333330728e+01
3.479999999999999982e+00,1.547500000000000000e+02,4.677777777777775015e+01
3.479999999999999982e+00,1.552500000000000000e+02,4.711111111111108585e+01
3.479999999999999982e+00,1.557500000000000000e+02,4.544444444444442155e+01
3.479999999999999982e+00,1.562500000000000000e+02,4.822222222222219301e+01
3.479999999999999982e+00,1.567500000000000000e+02,4.866666666666663588e+01
3.479999999999999982e+00,1.572500000000000000e+02,5.133333333333330728e+01
3.479999999999999982e+00,1.577500000000000000e+02,4.333333333333330728e+01
3.479999999999999982e+00,1.582500000000000000e+02,4.399999999999997158e+01
3.479999999999999982e+00,1.587500000000000000e+02,4.477777777777775015e+01
3.479999999999999982e+00,1.592500000000000000e+02,4.899999999999997158e+01
3.479999999999999982e+00,1.597500000000000000e+02,4.644444444444442155e+01
3.479999999999999982e+00,1.602500000000000000e+02,4.788888888888885731e+01
3.479999999999999982e+00,1.607500000000000000e+02,5.133333333333329307e+01
3.479999999999999982e+00,1.612500000000000000e+02,5.144444444444440734e+01
3.479999999999999982e+00,1.617500000000000000e+02,4.655555555555552161e+01
3.479999999999999982e+00,1.622500000000000000e+02,4.233333333333330728e+01
3.479999999999999982e+00,1.627500000000000000e+02,4.133333333333330728e+01
3.479999999999999982e+00,1.632500000000000000e+02,4.199999999999997158e+01
3.479999999999999982e+00,1.637500000000000000e+02,4.144444444444442155e+01
3.479999999999999982e+00,1.642500000000000000e+02,4.155555555555553582e+01
3.479999999999999982e+00,1.647500000000000000e+02,3.999999999999997868e+01
3.479999999999999982e+00,1.652500000000000000e+02,4.077777777777775725e+01
3.479999999999999982e+00,1.657500000000000000e+02,3.977777777777775725e+01
3.479999999999999982e+00,1.662500000000000000e+02,3.899999999999997868e+01
3.479999999999999982e+00,1.667500000000000000e+02,3.588888888888887152e+01
3.479999999999999982e+00,1.672500000000000000e+02,3.444444444444442865e+01
3.479999999999999982e+00,1.677500000000000000e+02,3.366666666666665009e+01
3.479999999999999982e+00,1.682500000000000000e+02,3.455555555555553582e+01
3.479999999999999982e+00,1.687500000000000000e+02,3.399999999999997868e+01
3.479999999999999982e+00,1.692500000000000000e+02,3.166666666666664653e+01
3.479999999999999982e+00,1.697500000000000000e+02,2.999999999999998224e+01
3.479999999999999982e+00,1.702500000000000000e+02,2.977777777777775725e+01
3.479999999999999982e+00,1.707500000000000000e+02,2.911111111111108940e+01
3.479999999999999982e+00,1.712500000000000000e+02,2.744444444444442510e+01
3.479999999999999982e+00,1.717500000000000000e+02,2.444444444444442510e+01
3.479999999999999982e+00,1.722500000000000000e+02,2.399999999999998224e+01
3.479999999999999982e+00,1.727500000000000000e+02,2.211111111111108940e+01
3.479999999999999982e+00,1.732500000000000000e+02,2.155555555555553227e+01
3.479999999999999982e+00,1.737500000000000000e+02,2.011111111111108940e+01
3.479999999999999982e+00,1.742500000000000000e+02,1.833333333333331439e+01
3.479999999999999982e+00,1.747500000000000000e+02,1.866666666666664653e+01
3.479999999999999982e+00,1.752500000000000000e+02,1.622222222222220367e+01
3.479999999999999982e+00,1.757500000000000000e+02,1.511111111111109118e+01
3.479999999999999982e+00,1.762500000000000000e+02,1.088888888888886974e+01
3.479999999999999982e+00,1.767500000000000000e+02,1.066666666666664831e+01
3.479999999999999982e+00,1.772500000000000000e+02,9.666666666666648311e+00
3.479999999999999982e+00,1.777500000000000000e+02,7.888888888888868856e+00
3.479999999999999982e+00,1.782500000000000000e+02,5.222222222222202781e+00
3.479999999999999982e+00,1.787500000000000000e+02,2.999999999999980460e+00
3.479999999999999982e+00,1.792500000000000000e+02,1.888888888888869078e+00
3.479999999999999982e+00,1.797500000000000000e+02,1.111111111111091398e+00
3.495999999999999996e+00,1.302500000000000000e+02,4.277777777777777857e+01
3.495999999999999996e+00,1.307500000000000000e+02,4.033333333333333570e+01
3.495999999999999996e+00,1.312500000000000000e+02,3.977777777777777857e+01
3.495999999999999996e+00,1.317500000000000000e+02,3.711111111111110716e+01
3.495999999999999996e+00,1.322500000000000000e+02,3.688888888888888573e+01
3.495999999999999996e+00,1.327500000000000000e+02,3.900000000000000000e+01
3.495999999999999996e+00,1.332500000000000000e+02,4.144444444444444997e+01
3.495999999999999996e+00,1.337500000000000000e+02,4.433333333333333570e+01
3.495999999999999996e+00,1.342500000000000000e+02,4.288888888888888573e+01
3.495999999999999996e+00,1.347500000000000000e+02,4.222222222222222143e+01
3.495999999999999996e+00,1.352500000000000000e+02,4.166666666666666430e+01
3.495999999999999996e+00,1.357500000000000000e+02,4.233333333333333570e+01
3.495999999999999996e+00,1.362500000000000000e+02,4.244444444444444997e+01
3.495999999999999996e+00,1.367500000000000000e+02,4.500000000000000000e+01
3.495999999999999996e+00,1.372500000000000000e+02,4.222222222222222143e+01
3.495999999999999996e+00,1.377500000000000000e+02,4.277777777777777857e+01
3.495999999999999996e+00,1.382500000000000000e+02,4.022222222222222854e+01
3.495999999999999996e+00,1.387500000000000000e+02,4.077777777777777857e+01
3.495999999999999996e+00,1.392500000000000000e+02,4.122222222222222854e+01
3.495999999999999996e+00,1.397500000000000000e+02,4.200000000000000711e+01
3.495999999999999996e+00,1.402500000000000000e+02,4.544444444444444997e+01
3.495999999999999996e+00,1.407500000000000000e+02,4.522222222222222854e+01
3.495999999999999996e+00,1.412500000000000000e+02,4.544444444444445708e+01
3.495999999999999996e+00,1.417500000000000000e+02,4.466666666666667851e+01
3.495999999999999996e+00,1.422500000000000000e+02,4.644444444444445708e+01
3.495999999999999996e+00,1.427500000000000000e+02,4.411111111111112137e+01
3.495999999999999996e+00,1.432500000000000000e+02,4.333333333333334281e+01
3.495999999999999996e+00,1.437500000000000000e+02,4.055555555555556424e+01
3.495999999999999996e+00,1.442500000000000000e+02,4.166666666666667140e+01
3.495999999999999996e+00,1.447500000000000000e+02,4.111111111111111427e+01
3.495999999999999996e+00,1.452500000000000000e+02,4.366666666666666430e+01
3.495999999999999996e+00,1.457500000000000000e+02,4.633333333333333570e+01
3.495999999999999996e+00,1.462500000000000000e+02,4.800000000000000000e+01
3.495999999999999996e+00,1.467500000000000000e+02,4.588888888888888573e+01
3.495999999999999996e+00,1.472500000000000000e+02,4.411111111111110716e+01
3.495999999999999996e+00,1.477500000000000000e+02,4.588888888888888573e+01
3.495999999999999996e+00,1.482500000000000000e+02,4.811111111111110716e+01
3.495999999999999996e+00,1.487500000000000000e+02,5.099999999999999289e+01
3.495999999999999996e+00,1.492500000000000000e+02,5.188888888888887863e+01
3.495999999999999996e+00,1.497500000000000000e+02,5.055555555555554292e+01
3.495999999999999996e+00,1.502500000000000000e+02,5.244444444444442865e+01
3.495999999999999996e+00,1.507500000000000000e+02,5.088888888888887863e+01
3.495999999999999996e+00,1.512500000000000000e+02,5.288888888888887863e+01
3.495999999999999996e+00,1.517500000000000000e+02,5.155555555555554292e+01
3.495999999999999996e+00,1.522500000000000000e+02,5.088888888888887863e+01
3.495999999999999996e+00,1.527500000000000000e+02,5.033333333333332149e+01
3.495999999999999996e+00,1.532500000000000000e+02,4.699999999999999289e+01
3.495999999999999996e+00,1.537500000000000000e+02,4.755555555555554292e+01
3.495999999999999996e+00,1.542500000000000000e+02,4.666666666666665719e+01
3.495999999999999996e+00,1.547500000000000000e+02,4.788888888888887863e+01
3.495999999999999996e+00,1.552500000000000000e+02,4.733333333333332149e+01
3.495999999999999996e+00,1.557500000000000000e+02,4.366666666666665719e+01
3.495999999999999996e+00,1.562500000000000000e+02,4.644444444444443576e+01
3.495999999999999996e+00,1.567500000000000000e+02,4.499999999999999289e+01
3.495999999999999996e+00,1.572500000000000000e+02,4.944444444444443576e+01
3.495999999999999996e+00,1.577500000000000000e+02,4.211111111111110716e+01
3.495999999999999996e+00,1.582500000000000000e+02,4.322222222222222143e+01
3.495999999999999996e+00,1.587500000000000000e+02,4.155555555555555003e+01
3.495999999999999996e+00,1.592500000000000000e+02,4.511111111111110716e+01
3.495999999999999996e+00,1.597500000000000000e+02,4.488888888888887863e+01
3.495999999999999996e+00,1.602500000000000000e+02,4.688888888888887863e+01
3.495999999999999996e+00,1.607500000000000000e+02,4.888888888888887863e+01
3.495999999999999996e+00,1.612500000000000000e+02,4.855555555555554292e+01
3.495999999999999996e+00,1.617500000000000000e+02,4.388888888888887863e+01
3.495999999999999996e+00,1.622500000000000000e+02,4.155555555555554292e+01
3.495999999999999996e+00,1.627500000000000000e+02,3.844444444444443576e+01
3.495999999999999996e+00,1.632500000000000000e+02,4.088888888888887863e+01
3.495999999999999996e+00,1.637500000000000000e+02,3.833333333333332149e+01
3.495999999999999996e+00,1.642500000000000000e+02,3.966666666666665009e+01
3.495999999999999996e+00,1.647500000000000000e+02,3.755555555555554292e+01
3.495999999999999996e+00,1.652500000000000000e+02,3.944444444444443576e+01
3.495999999999999996e+00,1.657500000000000000e+02,3.777777777777776436e+01
3.495999999999999996e+00,1.662500000000000000e+02,3.511111111111110006e+01
3.495999999999999996e+00,1.667500000000000000e+02,3.111111111111110006e+01
3.495999999999999996e+00,1.672500000000000000e+02,3.211111111111110006e+01
3.495999999999999996e+00,1.677500000000000000e+02,3.277777777777776436e+01
3.495999999999999996e+00,1.682500000000000000e+02,3.333333333333332149e+01
3.495999999999999996e+00,1.687500000000000000e+02,3.044444444444443221e+01
3.495999999999999996e+00,1.692500000000000000e+02,2.833333333333332504e+01
3.495999999999999996e+00,1.697500000000000000e+02,2.788888888888888218e+01
3.495999999999999996e+00,1.702500000000000000e+02,2.799999999999998934e+01
3.495999999999999996e+00,1.707500000000000000e+02,2.733333333333332504e+01
3.495999999999999996e+00,1.712500000000000000e+02,2.599999999999998934e+01
3.495999999999999996e+00,1.717500000000000000e+02,2.311111111111110006e+01
3.495999999999999996e+00,1.722500000000000000e+02,2.222222222222221077e+01
3.495999999999999996e+00,1.727500000000000000e+02,2.022222222222221077e+01
3.495999999999999996e+00,1.732500000000000000e+02,2.077777777777776791e+01
3.495999999999999996e+00,1.737500000000000000e+02,1.988888888888887507e+01
3.495999999999999996e+00,1.742500000000000000e+02,1.899999999999998579e+01
3.495999999999999996e+00,1.747500000000000000e+02,1.688888888888887507e+01
3.495999999999999996e+00,1.752500000000000000e+02,1.422222222222220722e+01
3.495999999999999996e+00,1.757500000000000000e+02,1.255555555555554115e+01
3.495999999999999996e+00,1.762500000000000000e+02,1.055555555555554115e+01
3.495999999999999996e+00,1.767500000000000000e+02,9.555555555555541147e+00
3.495999999999999996e+00,1.772500000000000000e+02,8.777777777777762580e+00
3.495999999999999996e+00,1.777500000000000000e+02,7.111111111111095617e+00
3.495999999999999996e+00,1.782500000000000000e+02,5.333333333333317050e+00
3.495999999999999996e+00,1.787500000000000000e+02,3.222222222222206778e+00
3.495999999999999996e+00,1.792500000000000000e+02,1.888888888888873296e+00
3.495999999999999996e+00,1.797500000000000000e+02,1.222222222222206556e+00
3.512000000000000011e+00,1.302500000000000000e+02,3.966666666666666430e+01
3.512000000000000011e+00,1.307500000000000000e+02,3.911111111111111427e+01
3.512000000000000011e+00,1.312500000000000000e+02,3.888888888888889284e+01
3.512000000000000011e+00,1.317500000000000000e+02,3.744444444444444997e+01
3.512000000000000011e+00,1.322500000000000000e+02,3.644444444444444997e+01
3.512000000000000011e+00,1.327500000000000000e+02,3.666666666666666430e+01
3.512000000000000011e+00,1.332500000000000000e+02,3.688888888888889284e+01
3.512000000000000011e+00,1.337500000000000000e+02,3.988888888888889284e+01
3.512000000000000011e+00,1.342500000000000000e+02,3.977777777777777857e+01
3.512000000000000011e+00,1.347500000000000000e+02,4.111111111111111427e+01
3.512000000000000011e+00,1.352500000000000000e+02,4.033333333333333570e+01
3.512000000000000011e+00,1.357500000000000000e+02,4.077777777777777857e+01
3.512000000000000011e+00,1.362500000000000000e+02,4.244444444444444997e+01
3.512000000000000011e+00,1.367500000000000000e+02,4.488888888888889284e+01
3.512000000000000011e+00,1.372500000000000000e+02,4.488888888888889284e+01
3.512000000000000011e+00,1.377500000000000000e+02,4.555555555555556424e+01
3.512000000000000011e+00,1.382500000000000000e+02,4.333333333333333570e+01
3.512000000000000011e+00,1.387500000000000000e+02,4.155555555555555003e+01
3.512000000000000011e+00,1.392500000000000000e+02,3.988888888888888573e+01
3.512000000000000011e+00,1.397500000000000000e+02,4.066666666666666430e+01
3.512000000000000011e+00,1.402500000000000000e+02,4.455555555555556424e+01
3.512000000000000011e+00,1.407500000000000000e+02,4.433333333333333570e+01
3.512000000000000011e+00,1.412500000000000000e+02,4.511111111111111427e+01
3.512000000000000011e+00,1.417500000000000000e+02,4.511111111111111427e+01
3.512000000000000011e+00,1.422500000000000000e+02,4.655555555555556424e+01
3.512000000000000011e+00,1.427500000000000000e+02,4.400000000000000000e+01
3.512000000000000011e+00,1.432500000000000000e+02,4.233333333333333570e+01
3.512000000000000011e+00,1.437500000000000000e+02,4.022222222222222143e+01
3.512000000000000011e+00,1.442500000000000000e+02,4.200000000000000000e+01
3.512000000000000011e+00,1.447500000000000000e+02,4.255555555555555003e+01
3.512000000000000011e+00,1.452500000000000000e+02,4.355555555555555003e+01
3.512000000000000011e+00,1.457500000000000000e+02,4.322222222222222143e+01
3.512000000000000011e+00,1.462500000000000000e+02,4.444444444444443576e+01
3.512000000000000011e+00,1.467500000000000000e+02,4.400000000000000000e+01
3.512000000000000011e+00,1.472500000000000000e+02,4.400000000000000000e+01
3.512000000000000011e+00,1.477500000000000000e+02,4.344444444444444997e+01
3.512000000000000011e+00,1.482500000000000000e+02,4.511111111111111427e+01
3.512000000000000011e+00,1.487500000000000000e+02,4.677777777777777857e+01
3.512000000000000011e+00,1.492500000000000000e+02,4.722222222222222854e+01
3.512000000000000011e+00,1.497500000000000000e+02,4.377777777777777857e+01
3.512000000000000011e+00,1.502500000000000000e+02,4.677777777777777857e+01
3.512000000000000011e+00,1.507500000000000000e+02,4.877777777777777857e+01
3.512000000000000011e+00,1.512500000000000000e+02,5.288888888888889284e+01
3.512000000000000011e+00,1.517500000000000000e+02,4.955555555555556424e+01
3.512000000000000011e+00,1.522500000000000000e+02,4.711111111111111427e+01
3.512000000000000011e+00,1.527500000000000000e+02,4.522222222222222854e+01
3.512000000000000011e+00,1.532500000000000000e+02,4.311111111111111427e+01
3.512000000000000011e+00,1.537500000000000000e+02,4.533333333333333570e+01
3.512000000000000011e+00,1.542500000000000000e+02,4.600000000000000000e+01
3.512000000000000011e+00,1.547500000000000000e+02,4.611111111111111427e+01
3.512000000000000011e+00,1.552500000000000000e+02,4.688888888888889284e+01
3.512000000000000011e+00,1.557500000000000000e+02,4.488888888888889284e+01
3.512000000000000011e+00,1.562500000000000000e+02,4.977777777777777857e+01
3.512000000000000011e+00,1.567500000000000000e+02,4.600000000000000000e+01
3.512000000000000011e+00,1.572500000000000000e+02,4.833333333333333570e+01
3.512000000000000011e+00,1.577500000000000000e+02,4.000000000000000000e+01
3.512000000000000011e+00,1.582500000000000000e+02,4.088888888888889284e+01
3.512000000000000011e+00,1.587500000000000000e+02,3.944444444444444997e+01
3.512000000000000011e+00,1.592500000000000000e+02,4.422222222222222854e+01
3.512000000000000011e+00,1.597500000000000000e+02,4.355555555555556424e+01
3.512000000000000011e+00,1.602500000000000000e+02,4.466666666666666430e+01
3.512000000000000011e+00,1.607500000000000000e+02,4.344444444444444997e+01
3.512000000000000011e+00,1.612500000000000000e+02,4.322222222222222854e+01
3.512000000000000011e+00,1.617500000000000000e+02,3.922222222222222854e+01
3.512000000000000011e+00,1.622500000000000000e+02,3.922222222222222854e+01
3.512000000000000011e+00,1.627500000000000000e+02,3.655555555555556424e+01
3.512000000000000011e+00,1.632500000000000000e+02,3.888888888888889284e+01
3.512000000000000011e+00,1.637500000000000000e+02,3.655555555555556424e+01
3.512000000000000011e+00,1.642500000000000000e+02,3.877777777777778567e+01
3.512000000000000011e+00,1.647500000000000000e+02,3.566666666666667851e+01
3.512000000000000011e+00,1.652500000000000000e+02,3.833333333333334281e+01
3.512000000000000011e+00,1.657500000000000000e+02,3.644444444444444997e+01
3.512000000000000011e+00,1.662500000000000000e+02,3.444444444444444997e+01
3.512000000000000011e+00,1.667500000000000000e+02,3.044444444444445352e+01
3.512000000000000011e+00,1.672500000000000000e+02,2.988888888888889639e+01
3.512000000000000011e+00,1.677500000000000000e+02,3.200000000000000711e+01
3.512000000000000011e+00,1.682500000000000000e+02,3.122222222222222854e+01
3.512000000000000011e+00,1.687500000000000000e+02,2.977777777777778567e+01
3.512000000000000011e+00,1.692500000000000000e+02,2.766666666666667496e+01
3.512000000000000011e+00,1.697500000000000000e+02,2.755555555555556779e+01
3.512000000000000011e+00,1.702500000000000000e+02,2.600000000000001066e+01
3.512000000000000011e+00,1.707500000000000000e+02,2.444444444444445708e+01
3.512000000000000011e+00,1.712500000000000000e+02,2.400000000000001066e+01
3.512000000000000011e+00,1.717500000000000000e+02,2.255555555555556779e+01
3.512000000000000011e+00,1.722500000000000000e+02,2.111111111111112137e+01
3.512000000000000011e+00,1.727500000000000000e+02,1.933333333333334281e+01
3.512000000000000011e+00,1.732500000000000000e+02,1.911111111111111782e+01
3.512000000000000011e+00,1.737500000000000000e+02,1.800000000000001066e+01
3.512000000000000011e+00,1.742500000000000000e+02,1.677777777777778567e+01
3.512000000000000011e+00,1.747500000000000000e+02,1.477777777777778567e+01
3.512000000000000011e+00,1.752500000000000000e+02,1.366666666666667318e+01
3.512000000000000011e+00,1.757500000000000000e+02,1.155555555555556246e+01
3.512000000000000011e+00,1.762500000000000000e+02,1.066666666666667318e+01
3.512000000000000011e+00,1.767500000000000000e+02,9.000000000000007105e+00
3.512000000000000011e+00,1.772500000000000000e+02,8.777777777777785673e+00
3.512000000000000011e+00,1.777500000000000000e+02,7.111111111111118710e+00
3.512000000000000011e+00,1.782500000000000000e+02,5.444444444444452635e+00
3.512000000000000011e+00,1.787500000000000000e+02,3.333333333333341031e+00
3.512000000000000011e+00,1.792500000000000000e+02,1.666666666666674290e+00
3.512000000000000011e+00,1.797500000000000000e+02,1.222222222222229870e+00
3.528000000000000025e+00,1.302500000000000000e+02,3.866666666666666430e+01
3.528000000000000025e+00,1.307500000000000000e+02,3.744444444444444997e+01
3.528000000000000025e+00,1.312500000000000000e+02,3.744444444444444997e+01
3.528000000000000025e+00,1.317500000000000000e+02,3.811111111111111427e+01
3.528000000000000025e+00,1.322500000000000000e+02,3.677777777777777857e+01
3.528000000000000025e+00,1.327500000000000000e+02,3.611111111111111427e+01
3.528000000000000025e+00,1.332500000000000000e+02,3.466666666666666430e+01
3.528000000000000025e+00,1.337500000000000000e+02,3.755555555555555003e+01
3.528000000000000025e+00,1.342500000000000000e+02,3.666666666666666430e+01
3.528000000000000025e+00,1.347500000000000000e+02,3.955555555555555713e+01
3.528000000000000025e+00,1.352500000000000000e+02,3.855555555555555713e+01
3.528000000000000025e+00,1.357500000000000000e+02,3.855555555555555713e+01
3.528000000000000025e+00,1.362500000000000000e+02,3.833333333333333570e+01
3.528000000000000025e+00,1.367500000000000000e+02,4.088888888888888573e+01
3.528000000000000025e+00,1.372500000000000000e+02,4.322222222222222143e+01
3.528000000000000025e+00,1.377500000000000000e+02,4.544444444444443576e+01
3.528000000000000025e+00,1.382500000000000000e+02,4.311111111111110716e+01
3.528000000000000025e+00,1.387500000000000000e+02,3.999999999999999289e+01
3.528000000000000025e+00,1.392500000000000000e+02,3.855555555555554292e+01
3.528000000000000025e+00,1.397500000000000000e+02,4.011111111111110006e+01
3.528000000000000025e+00,1.402500000000000000e+02,4.399999999999999289e+01
3.528000000000000025e+00,1.407500000000000000e+02,4.244444444444443576e+01
3.528000000000000025e+00,1.412500000000000000e+02,4.266666666666665719e+01
3.528000000000000025e+00,1.417500000000000000e+02,4.333333333333332149e+01
3.528000000000000025e+00,1.422500000000000000e+02,4.433333333333332149e+01
3.528000000000000025e+00,1.427500000000000000e+02,4.399999999999999289e+01
3.528000000000000025e+00,1.432500000000000000e+02,4.288888888888887863e+01
3.528000000000000025e+00,1.437500000000000000e+02,4.366666666666665009e+01
3.528000000000000025e+00,1.442500000000000000e+02,4.411111111111109295e+01
3.528000000000000025e+00,1.447500000000000000e+02,4.333333333333331439e+01
3.528000000000000025e+00,1.452500000000000000e+02,4.311111111111109295e+01
3.528000000000000025e+00,1.457500000000000000e+02,4.155555555555553582e+01
3.528000000000000025e+00,1.462500000000000000e+02,4.311111111111109295e+01
3.528000000000000025e+00,1.467500000000000000e+02,4.188888888888887863e+01
3.528000000000000025e+00,1.472500000000000000e+02,4.277777777777777146e+01
3.528000000000000025e+00,1.477500000000000000e+02,4.066666666666666430e+01
3.528000000000000025e+00,1.482500000000000000e+02,4.122222222222222143e+01
3.528000000000000025e+00,1.487500000000000000e+02,4.322222222222222143e+01
3.528000000000000025e+00,1.492500000000000000e+02,4.322222222222222143e+01
3.528000000000000025e+00,1.497500000000000000e+02,4.311111111111110716e+01
3.528000000000000025e+00,1.502500000000000000e+02,4.466666666666665719e+01
3.528000000000000025e+00,1.507500000000000000e+02,4.833333333333332149e+01
3.528000000000000025e+00,1.512500000000000000e+02,4.888888888888887863e+01
3.528000000000000025e+00,1.517500000000000000e+02,4.611111111111109295e+01
3.528000000000000025e+00,1.522500000000000000e+02,4.344444444444442865e+01
3.528000000000000025e+00,1.527500000000000000e+02,4.422222222222220722e+01
3.528000000000000025e+00,1.532500000000000000e+02,4.277777777777777146e+01
3.528000000000000025e+00,1.537500000000000000e+02,4.433333333333332149e+01
3.528000000000000025e+00,1.542500000000000000e+02,4.388888888888887863e+01
3.528000000000000025e+00,1.547500000000000000e+02,4.277777777777776436e+01
3.528000000000000025e+00,1.552500000000000000e+02,4.322222222222220722e+01
3.528000000000000025e+00,1.557500000000000000e+02,4.299999999999997868e+01
3.528000000000000025e+00,1.562500000000000000e+02,4.655555555555553582e+01
3.528000000000000025e+00,1.567500000000000000e+02,4.199999999999997868e+01
3.528000000000000025e+00,1.572500000000000000e+02,4.366666666666665009e+01
3.528000000000000025e+00,1.577500000000000000e+02,3.822222222222220722e+01
3.528000000000000025e+00,1.582500000000000000e+02,3.855555555555553582e+01
3.528000000000000025e+00,1.587500000000000000e+02,3.511111111111109295e+01
3.528000000000000025e+00,1.592500000000000000e+02,3.866666666666665009e+01
3.528000000000000025e+00,1.597500000000000000e+02,3.944444444444442865e+01
3.528000000000000025e+00,1.602500000000000000e+02,4.044444444444442865e+01
3.528000000000000025e+00,1.607500000000000000e+02,3.622222222222220722e+01
3.528000000000000025e+00,1.612500000000000000e+02,3.733333333333331439e+01
3.528000000000000025e+00,1.617500000000000000e+02,3.611111111111109295e+01
3.528000000000000025e+00,1.622500000000000000e+02,4.033333333333331439e+01
3.528000000000000025e+00,1.627500000000000000e+02,3.566666666666665009e+01
3.528000000000000025e+00,1.632500000000000000e+02,3.666666666666665009e+01
3.528000000000000025e+00,1.637500000000000000e+02,3.311111111111109295e+01
3.528000000000000025e+00,1.642500000000000000e+02,3.577777777777775725e+01
3.528000000000000025e+00,1.647500000000000000e+02,3.155555555555553227e+01
3.528000000000000025e+00,1.652500000000000000e+02,3.322222222222220012e+01
3.528000000000000025e+00,1.657500000000000000e+02,3.266666666666664298e+01
3.528000000000000025e+00,1.662500000000000000e+02,3.155555555555553227e+01
3.528000000000000025e+00,1.667500000000000000e+02,2.822222222222220012e+01
3.528000000000000025e+00,1.672500000000000000e+02,2.699999999999998224e+01
3.528000000000000025e+00,1.677500000000000000e+02,2.922222222222220012e+01
3.528000000000000025e+00,1.682500000000000000e+02,2.977777777777775725e+01
3.528000000000000025e+00,1.687500000000000000e+02,2.855555555555553227e+01
3.528000000000000025e+00,1.692500000000000000e+02,2.633333333333331439e+01
3.528000000000000025e+00,1.697500000000000000e+02,2.477777777777775725e+01
3.528000000000000025e+00,1.702500000000000000e+02,2.288888888888886797e+01
3.528000000000000025e+00,1.707500000000000000e+02,2.177777777777775370e+01
3.528000000000000025e+00,1.712500000000000000e+02,2.144444444444441800e+01
3.528000000000000025e+00,1.717500000000000000e+02,2.155555555555552871e+01
3.528000000000000025e+00,1.722500000000000000e+02,2.099999999999997513e+01
3.528000000000000025e+00,1.727500000000000000e+02,1.866666666666663943e+01
3.528000000000000025e+00,1.732500000000000000e+02,1.677777777777775370e+01
3.528000000000000025e+00,1.737500000000000000e+02,1.577777777777775192e+01
3.528000000000000025e+00,1.742500000000000000e+02,1.611111111111108585e+01
3.528000000000000025e+00,1.747500000000000000e+02,1.522222222222219479e+01
3.528000000000000025e+00,1.752500000000000000e+02,1.388888888888886264e+01
3.528000000000000025e+00,1.757500000000000000e+02,1.144444444444441977e+01
3.528000000000000025e+00,1.762500000000000000e+02,9.999999999999975131e+00
3.528000000000000025e+00,1.767500000000000000e+02,7.111111111111085847e+00
3.528000000000000025e+00,1.772500000000000000e+02,7.222222222222197452e+00
3.528000000000000025e+00,1.777500000000000000e+02,6.222222222222197452e+00
3.528000000000000025e+00,1.782500000000000000e+02,5.555555555555531377e+00
3.528000000000000025e+00,1.787500000000000000e+02,3.333333333333308612e+00
3.528000000000000025e+00,1.792500000000000000e+02,1.666666666666641872e+00
3.528000000000000025e+00,1.797500000000000000e+02,1.111111111111086069e+00
3.544000000000000039e+00,1.302500000000000000e+02,4.255555555555555003e+01
3.544000000000000039e+00,1.307500000000000000e+02,3.944444444444444287e+01
3.544000000000000039e+00,1.312500000000000000e+02,3.711111111111110716e+01
3.544000000000000039e+00,1.317500000000000000e+02,3.911111111111110716e+01
3.544000000000000039e+00,1.322500000000000000e+02,3.744444444444444287e+01
3.544000000000000039e+00,1.327500000000000000e+02,3.577777777777777857e+01
3.544000000000000039e+00,1.332500000000000000e+02,3.355555555555555003e+01
3.544000000000000039e+00,1.337500000000000000e+02,3.688888888888888573e+01
3.544000000000000039e+00,1.342500000000000000e+02,3.866666666666666430e+01
3.544000000000000039e+00,1.347500000000000000e+02,4.155555555555555713e+01
3.544000000000000039e+00,1.352500000000000000e+02,3.944444444444444997e+01
3.544000000000000039e+00,1.357500000000000000e+02,3.833333333333333570e+01
3.544000000000000039e+00,1.362500000000000000e+02,3.911111111111110716e+01
3.544000000000000039e+00,1.367500000000000000e+02,4.077777777777777857e+01
3.544000000000000039e+00,1.372500000000000000e+02,4.433333333333333570e+01
3.544000000000000039e+00,1.377500000000000000e+02,4.366666666666666430e+01
3.544000000000000039e+00,1.382500000000000000e+02,4.211111111111111427e+01
3.544000000000000039e+00,1.387500000000000000e+02,3.800000000000000000e+01
3.544000000000000039e+00,1.392500000000000000e+02,3.744444444444444997e+01
3.544000000000000039e+00,1.397500000000000000e+02,3.944444444444444997e+01
3.544000000000000039e+00,1.402500000000000000e+02,4.155555555555556424e+01
3.544000000000000039e+00,1.407500000000000000e+02,3.977777777777777857e+01
3.544000000000000039e+00,1.412500000000000000e+02,4.088888888888889284e+01
3.544000000000000039e+00,1.417500000000000000e+02,4.077777777777777857e+01
3.544000000000000039e+00,1.422500000000000000e+02,4.255555555555556424e+01
3.544000000000000039e+00,1.427500000000000000e+02,4.244444444444444997e+01
3.544000000000000039e+00,1.432500000000000000e+02,4.400000000000000711e+01
3.544000000000000039e+00,1.437500000000000000e+02,4.400000000000000711e+01
3.544000000000000039e+00,1.442500000000000000e+02,4.488888888888889284e+01
3.544000000000000039e+00,1.447500000000000000e+02,4.311111111111112137e+01
3.544000000000000039e+00,1.452500000000000000e+02,4.344444444444445708e+01
3.544000000000000039e+00,1.457500000000000000e+02,4.044444444444445708e+01
3.544000000000000039e+00,1.462500000000000000e+02,4.211111111111112137e+01
3.544000000000000039e+00,1.467500000000000000e+02,3.988888888888890705e+01
3.544000000000000039e+00,1.472500000000000000e+02,4.288888888888890705e+01
3.544000000000000039e+00,1.477500000000000000e+02,4.088888888888890705e+01
3.544000000000000039e+00,1.482500000000000000e+02,4.288888888888890705e+01
3.544000000000000039e+00,1.487500000000000000e+02,4.133333333333334991e+01
3.544000000000000039e+00,1.492500000000000000e+02,4.077777777777779278e+01
3.544000000000000039e+00,1.497500000000000000e+02,4.111111111111112848e+01
3.544000000000000039e+00,1.502500000000000000e+02,4.133333333333334991e+01
3.544000000000000039e+00,1.507500000000000000e+02,4.322222222222224985e+01
3.544000000000000039e+00,1.512500000000000000e+02,4.288888888888891415e+01
3.544000000000000039e+00,1.517500000000000000e+02,4.344444444444446418e+01
3.544000000000000039e+00,1.522500000000000000e+02,4.133333333333334991e+01
3.544000000000000039e+00,1.527500000000000000e+02,4.000000000000002132e+01
3.544000000000000039e+00,1.532500000000000000e+02,3.900000000000002132e+01
3.544000000000000039e+00,1.537500000000000000e+02,4.033333333333334991e+01
3.544000000000000039e+00,1.542500000000000000e+02,4.188888888888890705e+01
3.544000000000000039e+00,1.547500000000000000e+02,4.222222222222223564e+01
3.544000000000000039e+00,1.552500000000000000e+02,4.244444444444445708e+01
3.544000000000000039e+00,1.557500000000000000e+02,4.255555555555557135e+01
3.544000000000000039e+00,1.562500000000000000e+02,4.244444444444446418e+01
3.544000000000000039e+00,1.567500000000000000e+02,4.066666666666668561e+01
3.544000000000000039e+00,1.572500000000000000e+02,4.055555555555557135e+01
3.544000000000000039e+00,1.577500000000000000e+02,3.644444444444445708e+01
3.544000000000000039e+00,1.582500000000000000e+02,3.711111111111112137e+01
3.544000000000000039e+00,1.587500000000000000e+02,3.566666666666667851e+01
3.544000000000000039e+00,1.592500000000000000e+02,3.733333333333334281e+01
3.544000000000000039e+00,1.597500000000000000e+02,3.777777777777778567e+01
3.544000000000000039e+00,1.602500000000000000e+02,3.911111111111112137e+01
3.544000000000000039e+00,1.607500000000000000e+02,3.622222222222222854e+01
3.544000000000000039e+00,1.612500000000000000e+02,3.588888888888889284e+01
3.544000000000000039e+00,1.617500000000000000e+02,3.388888888888889284e+01
3.544000000000000039e+00,1.622500000000000000e+02,3.977777777777778567e+01
3.544000000000000039e+00,1.627500000000000000e+02,3.622222222222222854e+01
3.544000000000000039e+00,1.632500000000000000e+02,3.688888888888889284e+01
3.544000000000000039e+00,1.637500000000000000e+02,3.333333333333334281e+01
3.544000000000000039e+00,1.642500000000000000e+02,3.488888888888889284e+01
3.544000000000000039e+00,1.647500000000000000e+02,3.100000000000001066e+01
3.544000000000000039e+00,1.652500000000000000e+02,3.066666666666667496e+01
3.544000000000000039e+00,1.657500000000000000e+02,3.088888888888889994e+01
3.544000000000000039e+00,1.662500000000000000e+02,3.100000000000001066e+01
3.544000000000000039e+00,1.667500000000000000e+02,2.911111111111111782e+01
3.544000000000000039e+00,1.672500000000000000e+02,2.777777777777778567e+01
3.544000000000000039e+00,1.677500000000000000e+02,2.844444444444445352e+01
3.544000000000000039e+00,1.682500000000000000e+02,2.777777777777778567e+01
3.544000000000000039e+00,1.687500000000000000e+02,2.611111111111111782e+01
3.544000000000000039e+00,1.692500000000000000e+02,2.455555555555556069e+01
3.544000000000000039e+00,1.697500000000000000e+02,2.311111111111111427e+01
3.544000000000000039e+00,1.702500000000000000e+02,2.200000000000000355e+01
3.544000000000000039e+00,1.707500000000000000e+02,2.033333333333333925e+01
3.544000000000000039e+00,1.712500000000000000e+02,2.022222222222222854e+01
3.544000000000000039e+00,1.717500000000000000e+02,1.911111111111111782e+01
3.544000000000000039e+00,1.722500000000000000e+02,1.988888888888889639e+01
3.544000000000000039e+00,1.727500000000000000e+02,1.766666666666667496e+01
3.544000000000000039e+00,1.732500000000000000e+02,1.644444444444445352e+01
3.544000000000000039e+00,1.737500000000000000e+02,1.422222222222223031e+01
3.544000000000000039e+00,1.742500000000000000e+02,1.411111111111111960e+01
3.544000000000000039e+00,1.747500000000000000e+02,1.411111111111111960e+01
3.544000000000000039e+00,1.752500000000000000e+02,1.322222222222222854e+01
3.544000000000000039e+00,1.757500000000000000e+02,1.144444444444444997e+01
3.544000000000000039e+00,1.762500000000000000e+02,8.666666666666673180e+00
3.544000000000000039e+00,1.767500000000000000e+02,6.555555555555561575e+00
3.544000000000000039e+00,1.772500000000000000e+02,5.666666666666674068e+00
3.544000000000000039e+00,1.777500000000000000e+02,5.444444444444450859e+00
3.544000000000000039e+00,1.782500000000000000e+02,4.555555555555562464e+00
3.544000000000000039e+00,1.787500000000000000e+02,3.333333333333340587e+00
3.544000000000000039e+00,1.792500000000000000e+02,1.777777777777784785e+00
3.544000000000000039e+00,1.797500000000000000e+02,1.000000000000007105e+00
3.559999999999999609e+00,1.302500000000000000e+02,4.411111111111110716e+01
3.559999999999999609e+00,1.307500000000000000e+02,4.177777777777777146e+01
3.559999999999999609e+00,1.312500000000000000e+02,3.966666666666666430e+01
3.559999999999999609e+00,1.317500000000000000e+02,3.911111111111110716e+01
3.559999999999999609e+00,1.322500000000000000e+02,3.622222222222222143e+01
3.559999999999999609e+00,1.327500000000000000e+02,3.433333333333332860e+01
3.559999999999999609e+00,1.332500000000000000e+02,3.411111111111110716e+01
3.559999999999999609e+00,1.337500000000000000e+02,3.811111111111110716e+01
3.559999999999999609e+00,1.342500000000000000e+02,3.822222222222222143e+01
3.559999999999999609e+00,1.347500000000000000e+02,3.877777777777777857e+01
3.559999999999999609e+00,1.352500000000000000e+02,3.655555555555555003e+01
3.559999999999999609e+00,1.357500000000000000e+02,3.800000000000000000e+01
3.559999999999999609e+00,1.362500000000000000e+02,3.811111111111110716e+01
3.559999999999999609e+00,1.367500000000000000e+02,3.922222222222222143e+01
3.559999999999999609e+00,1.372500000000000000e+02,4.033333333333332860e+01
3.559999999999999609e+00,1.377500000000000000e+02,4.044444444444443576e+01
3.559999999999999609e+00,1.382500000000000000e+02,3.911111111111110716e+01
3.559999999999999609e+00,1.387500000000000000e+02,3.511111111111110716e+01
3.559999999999999609e+00,1.392500000000000000e+02,3.599999999999999289e+01
3.559999999999999609e+00,1.397500000000000000e+02,3.788888888888887863e+01
3.559999999999999609e+00,1.402500000000000000e+02,4.088888888888887863e+01
3.559999999999999609e+00,1.407500000000000000e+02,4.066666666666665719e+01
3.559999999999999609e+00,1.412500000000000000e+02,4.055555555555554292e+01
3.559999999999999609e+00,1.417500000000000000e+02,3.977777777777776436e+01
3.559999999999999609e+00,1.422500000000000000e+02,3.988888888888887863e+01
3.559999999999999609e+00,1.427500000000000000e+02,4.011111111111109295e+01
3.559999999999999609e+00,1.432500000000000000e+02,4.277777777777776436e+01
3.559999999999999609e+00,1.437500000000000000e+02,4.333333333333331439e+01
3.559999999999999609e+00,1.442500000000000000e+02,4.377777777777776436e+01
3.559999999999999609e+00,1.447500000000000000e+02,4.188888888888887152e+01
3.559999999999999609e+00,1.452500000000000000e+02,4.277777777777776436e+01
3.559999999999999609e+00,1.457500000000000000e+02,4.099999999999997868e+01
3.559999999999999609e+00,1.462500000000000000e+02,4.144444444444442865e+01
3.559999999999999609e+00,1.467500000000000000e+02,3.755555555555554292e+01
3.559999999999999609e+00,1.472500000000000000e+02,3.999999999999999289e+01
3.559999999999999609e+00,1.477500000000000000e+02,4.044444444444443576e+01
3.559999999999999609e+00,1.482500000000000000e+02,4.288888888888888573e+01
3.559999999999999609e+00,1.487500000000000000e+02,4.133333333333333570e+01
3.559999999999999609e+00,1.492500000000000000e+02,3.922222222222222143e+01
3.559999999999999609e+00,1.497500000000000000e+02,3.944444444444443576e+01
3.559999999999999609e+00,1.502500000000000000e+02,3.966666666666665719e+01
3.559999999999999609e+00,1.507500000000000000e+02,4.022222222222220722e+01
3.559999999999999609e+00,1.512500000000000000e+02,3.988888888888887863e+01
3.559999999999999609e+00,1.517500000000000000e+02,4.199999999999999289e+01
3.559999999999999609e+00,1.522500000000000000e+02,4.122222222222221433e+01
3.559999999999999609e+00,1.527500000000000000e+02,3.988888888888887863e+01
3.559999999999999609e+00,1.532500000000000000e+02,3.844444444444443576e+01
3.559999999999999609e+00,1.537500000000000000e+02,3.811111111111110716e+01
3.559999999999999609e+00,1.542500000000000000e+02,4.133333333333332149e+01
3.559999999999999609e+00,1.547500000000000000e+02,4.133333333333332149e+01
3.559999999999999609e+00,1.552500000000000000e+02,4.144444444444443576e+01
3.559999999999999609e+00,1.557500000000000000e+02,3.944444444444443576e+01
3.559999999999999609e+00,1.562500000000000000e+02,3.799999999999999289e+01
3.559999999999999609e+00,1.567500000000000000e+02,3.799999999999999289e+01
3.559999999999999609e+00,1.572500000000000000e+02,3.799999999999999289e+01
3.559999999999999609e+00,1.577500000000000000e+02,3.488888888888887863e+01
3.559999999999999609e+00,1.582500000000000000e+02,3.499999999999999289e+01
3.559999999999999609e+00,1.587500000000000000e+02,3.311111111111110716e+01
3.559999999999999609e+00,1.592500000000000000e+02,3.322222222222222143e+01
3.559999999999999609e+00,1.597500000000000000e+02,3.477777777777777146e+01
3.559999999999999609e+00,1.602500000000000000e+02,3.622222222222222143e+01
3.559999999999999609e+00,1.607500000000000000e+02,3.622222222222222143e+01
3.559999999999999609e+00,1.612500000000000000e+02,3.555555555555555003e+01
3.559999999999999609e+00,1.617500000000000000e+02,3.533333333333332860e+01
3.559999999999999609e+00,1.622500000000000000e+02,3.966666666666666430e+01
3.559999999999999609e+00,1.627500000000000000e+02,3.511111111111110716e+01
3.559999999999999609e+00,1.632500000000000000e+02,3.533333333333332860e+01
3.559999999999999609e+00,1.637500000000000000e+02,3.177777777777777146e+01
3.559999999999999609e+00,1.642500000000000000e+02,3.444444444444443576e+01
3.559999999999999609e+00,1.647500000000000000e+02,3.055555555555554648e+01
3.559999999999999609e+00,1.652500000000000000e+02,2.944444444444443931e+01
3.559999999999999609e+00,1.657500000000000000e+02,2.877777777777777146e+01
3.559999999999999609e+00,1.662500000000000000e+02,2.999999999999998934e+01
3.559999999999999609e+00,1.667500000000000000e+02,2.899999999999998934e+01
3.559999999999999609e+00,1.672500000000000000e+02,2.744444444444443221e+01
3.559999999999999609e+00,1.677500000000000000e+02,2.611111111111110006e+01
3.559999999999999609e+00,1.682500000000000000e+02,2.677777777777776791e+01
3.559999999999999609e+00,1.687500000000000000e+02,2.466666666666665719e+01
3.559999999999999609e+00,1.692500000000000000e+02,2.255555555555554648e+01
3.559999999999999609e+00,1.697500000000000000e+02,1.999999999999998934e+01
3.559999999999999609e+00,1.702500000000000000e+02,2.122222222222221433e+01
3.559999999999999609e+00,1.707500000000000000e+02,2.044444444444443931e+01
3.559999999999999609e+00,1.712500000000000000e+02,2.033333333333332860e+01
3.559999999999999609e+00,1.717500000000000000e+02,1.777777777777777146e+01
3.559999999999999609e+00,1.722500000000000000e+02,1.922222222222221433e+01
3.559999999999999609e+00,1.727500000000000000e+02,1.666666666666665719e+01
3.559999999999999609e+00,1.732500000000000000e+02,1.477777777777776969e+01
3.559999999999999609e+00,1.737500000000000000e+02,1.277777777777776969e+01
3.559999999999999609e+00,1.742500000000000000e+02,1.233333333333332327e+01
3.559999999999999609e+00,1.747500000000000000e+02,1.233333333333332327e+01
3.559999999999999609e+00,1.752500000000000000e+02,1.022222222222221255e+01
3.559999999999999609e+00,1.757500000000000000e+02,9.222222222222212551e+00
3.559999999999999609e+00,1.762500000000000000e+02,7.777777777777767021e+00
3.559999999999999609e+00,1.767500000000000000e+02,6.777777777777767021e+00
3.559999999999999609e+00,1.772500000000000000e+02,5.111111111111100058e+00
3.559999999999999609e+00,1.777500000000000000e+02,5.111111111111100058e+00
3.559999999999999609e+00,1.782500000000000000e+02,4.555555555555543812e+00
3.559999999999999609e+00,1.787500000000000000e+02,3.888888888888877293e+00
3.559999999999999609e+00,1.792500000000000000e+02,1.999999999999988454e+00
3.559999999999999609e+00,1.797500000000000000e+02,7.777777777777662438e-01
3.575999999999999623e+00,1.302500000000000000e+02,4.244444444444444287e+01
3.575999999999999623e+00,1.307500000000000000e+02,3.988888888888888573e+01
3.575999999999999623e+00,1.312500000000000000e+02,3.900000000000000000e+01
3.575999999999999623e+00,1.317500000000000000e+02,3.844444444444444997e+01
3.575999999999999623e+00,1.322500000000000000e+02,3.788888888888889284e+01
3.575999999999999623e+00,1.327500000000000000e+02,3.566666666666667851e+01
3.575999999999999623e+00,1.332500000000000000e+02,3.388888888888889284e+01
3.575999999999999623e+00,1.337500000000000000e+02,3.522222222222222854e+01
3.575999999999999623e+00,1.342500000000000000e+02,3.411111111111111427e+01
3.575999999999999623e+00,1.347500000000000000e+02,3.366666666666667140e+01
3.575999999999999623e+00,1.352500000000000000e+02,3.255555555555556424e+01
3.575999999999999623e+00,1.357500000000000000e+02,3.611111111111111427e+01
3.575999999999999623e+00,1.362500000000000000e+02,3.777777777777777857e+01
3.575999999999999623e+00,1.367500000000000000e+02,4.033333333333333570e+01
3.575999999999999623e+00,1.372500000000000000e+02,4.033333333333333570e+01
3.575999999999999623e+00,1.377500000000000000e+02,3.988888888888889284e+01
3.575999999999999623e+00,1.382500000000000000e+02,3.677777777777777857e+01
3.575999999999999623e+00,1.387500000000000000e+02,3.288888888888889284e+01
3.575999999999999623e+00,1.392500000000000000e+02,3.344444444444444997e+01
3.575999999999999623e+00,1.397500000000000000e+02,3.733333333333333570e+01
3.575999999999999623e+00,1.402500000000000000e+02,4.177777777777777857e+01
3.575999999999999623e+00,1.407500000000000000e+02,4.377777777777777857e+01
3.575999999999999623e+00,1.412500000000000000e+02,4.255555555555556424e+01
3.575999999999999623e+00,1.417500000000000000e+02,3.822222222222222854e+01
3.575999999999999623e+00,1.422500000000000000e+02,3.722222222222222854e+01
3.575999999999999623e+00,1.427500000000000000e+02,3.544444444444444997e+01
3.575999999999999623e+00,1.432500000000000000e+02,3.944444444444444997e+01
3.575999999999999623e+00,1.437500000000000000e+02,3.844444444444444997e+01
3.575999999999999623e+00,1.442500000000000000e+02,3.911111111111111427e+01
3.575999999999999623e+00,1.447500000000000000e+02,3.866666666666666430e+01
3.575999999999999623e+00,1.452500000000000000e+02,4.077777777777777857e+01
3.575999999999999623e+00,1.457500000000000000e+02,4.188888888888889284e+01
3.575999999999999623e+00,1.462500000000000000e+02,4.111111111111111427e+01
3.575999999999999623e+00,1.467500000000000000e+02,3.888888888888889284e+01
3.575999999999999623e+00,1.472500000000000000e+02,3.944444444444444997e+01
3.575999999999999623e+00,1.477500000000000000e+02,4.122222222222222854e+01
3.575999999999999623e+00,1.482500000000000000e+02,4.166666666666667851e+01
3.575999999999999623e+00,1.487500000000000000e+02,3.866666666666667851e+01
3.575999999999999623e+00,1.492500000000000000e+02,3.666666666666667851e+01
3.575999999999999623e+00,1.497500000000000000e+02,3.655555555555556424e+01
3.575999999999999623e+00,1.502500000000000000e+02,3.911111111111111427e+01
3.575999999999999623e+00,1.507500000000000000e+02,3.877777777777777857e+01
3.575999999999999623e+00,1.512500000000000000e+02,3.977777777777777857e+01
3.575999999999999623e+00,1.517500000000000000e+02,3.966666666666667140e+01
3.575999999999999623e+00,1.522500000000000000e+02,3.866666666666667140e+01
3.575999999999999623e+00,1.527500000000000000e+02,3.577777777777777857e+01
3.575999999999999623e+00,1.532500000000000000e+02,3.577777777777777857e+01
3.575999999999999623e+00,1.537500000000000000e+02,3.688888888888889284e+01
3.575999999999999623e+00,1.542500000000000000e+02,4.088888888888889284e+01
3.575999999999999623e+00,1.547500000000000000e+02,4.088888888888889284e+01
3.575999999999999623e+00,1.552500000000000000e+02,4.000000000000000711e+01
3.575999999999999623e+00,1.557500000000000000e+02,3.622222222222222854e+01
3.575999999999999623e+00,1.562500000000000000e+02,3.588888888888889284e+01
3.575999999999999623e+00,1.567500000000000000e+02,3.633333333333334281e+01
3.575999999999999623e+00,1.572500000000000000e+02,3.600000000000000711e+01
3.575999999999999623e+00,1.577500000000000000e+02,3.244444444444444997e+01
3.575999999999999623e+00,1.582500000000000000e+02,3.177777777777778567e+01
3.575999999999999623e+00,1.587500000000000000e+02,3.244444444444444997e+01
3.575999999999999623e+00,1.592500000000000000e+02,3.355555555555556424e+01
3.575999999999999623e+00,1.597500000000000000e+02,3.577777777777777857e+01
3.575999999999999623e+00,1.602500000000000000e+02,3.588888888888889284e+01
3.575999999999999623e+00,1.607500000000000000e+02,3.600000000000000711e+01
3.575999999999999623e+00,1.612500000000000000e+02,3.388888888888889994e+01
3.575999999999999623e+00,1.617500000000000000e+02,3.511111111111112137e+01
3.575999999999999623e+00,1.622500000000000000e+02,3.711111111111112137e+01
3.575999999999999623e+00,1.627500000000000000e+02,3.588888888888889994e+01
3.575999999999999623e+00,1.632500000000000000e+02,3.433333333333334281e+01
3.575999999999999623e+00,1.637500000000000000e+02,3.255555555555556424e+01
3.575999999999999623e+00,1.642500000000000000e+02,3.366666666666667140e+01
3.575999999999999623e+00,1.647500000000000000e+02,3.244444444444444997e+01
3.575999999999999623e+00,1.652500000000000000e+02,3.000000000000000355e+01
3.575999999999999623e+00,1.657500000000000000e+02,2.833333333333333925e+01
3.575999999999999623e+00,1.662500000000000000e+02,2.688888888888889639e+01
3.575999999999999623e+00,1.667500000000000000e+02,2.633333333333333925e+01
3.575999999999999623e+00,1.672500000000000000e+02,2.477777777777778212e+01
3.575999999999999623e+00,1.677500000000000000e+02,2.488888888888888928e+01
3.575999999999999623e+00,1.682500000000000000e+02,2.511111111111111427e+01
3.575999999999999623e+00,1.687500000000000000e+02,2.366666666666667140e+01
3.575999999999999623e+00,1.692500000000000000e+02,2.066666666666667140e+01
3.575999999999999623e+00,1.697500000000000000e+02,1.955555555555556069e+01
3.575999999999999623e+00,1.702500000000000000e+02,2.044444444444444642e+01
3.575999999999999623e+00,1.707500000000000000e+02,1.988888888888889284e+01
3.575999999999999623e+00,1.712500000000000000e+02,1.911111111111111427e+01
3.575999999999999623e+00,1.717500000000000000e+02,1.644444444444444642e+01
3.575999999999999623e+00,1.722500000000000000e+02,1.833333333333333570e+01
3.575999999999999623e+00,1.727500000000000000e+02,1.744444444444444642e+01
3.575999999999999623e+00,1.732500000000000000e+02,1.633333333333333925e+01
3.575999999999999623e+00,1.737500000000000000e+02,1.388888888888889461e+01
3.575999999999999623e+00,1.742500000000000000e+02,1.188888888888889461e+01
3.575999999999999623e+00,1.747500000000000000e+02,1.111111111111111605e+01
3.575999999999999623e+00,1.752500000000000000e+02,9.555555555555562464e+00
3.575999999999999623e+00,1.757500000000000000e+02,8.444444444444449971e+00
3.575999999999999623e+00,1.762500000000000000e+02,7.444444444444449971e+00
3.575999999999999623e+00,1.767500000000000000e+02,6.666666666666671404e+00
3.575999999999999623e+00,1.772500000000000000e+02,4.888888888888893725e+00
3.575999999999999623e+00,1.777500000000000000e+02,4.222222222222226762e+00
3.575999999999999623e+00,1.782500000000000000e+02,3.222222222222226762e+00
3.575999999999999623e+00,1.787500000000000000e+02,3.000000000000004885e+00
3.575999999999999623e+00,1.792500000000000000e+02,1.666666666666671404e+00
3.575999999999999623e+00,1.797500000000000000e+02,6.666666666666714036e-01
3.591999999999999638e+00,1.302500000000000000e+02,3.822222222222222143e+01
3.591999999999999638e+00,1.307500000000000000e+02,3.688888888888888573e+01
3.591999999999999638e+00,1.312500000000000000e+02,3.866666666666666430e+01
3.591999999999999638e+00,1.317500000000000000e+02,3.500000000000000000e+01
3.591999999999999638e+00,1.322500000000000000e+02,3.633333333333333570e+01
3.591999999999999638e+00,1.327500000000000000e+02,3.477777777777777857e+01
3.591999999999999638e+00,1.332500000000000000e+02,3.477777777777777857e+01
3.591999999999999638e+00,1.337500000000000000e+02,3.377777777777777857e+01
3.591999999999999638e+00,1.342500000000000000e+02,3.222222222222222143e+01
3.591999999999999638e+00,1.347500000000000000e+02,3.366666666666666430e+01
3.591999999999999638e+00,1.352500000000000000e+02,3.488888888888889284e+01
3.591999999999999638e+00,1.357500000000000000e+02,3.766666666666666430e+01
3.591999999999999638e+00,1.362500000000000000e+02,3.655555555555555713e+01
3.591999999999999638e+00,1.367500000000000000e+02,3.666666666666666430e+01
3.591999999999999638e+00,1.372500000000000000e+02,3.322222222222222143e+01
3.591999999999999638e+00,1.377500000000000000e+02,3.333333333333333570e+01
3.591999999999999638e+00,1.382500000000000000e+02,3.211111111111111427e+01
3.591999999999999638e+00,1.387500000000000000e+02,3.233333333333333570e+01
3.591999999999999638e+00,1.392500000000000000e+02,3.311111111111111427e+01
3.591999999999999638e+00,1.397500000000000000e+02,3.711111111111111427e+01
3.591999999999999638e+00,1.402500000000000000e+02,4.088888888888889284e+01
3.591999999999999638e+00,1.407500000000000000e+02,4.233333333333333570e+01
3.591999999999999638e+00,1.412500000000000000e+02,3.900000000000000000e+01
3.591999999999999638e+00,1.417500000000000000e+02,3.455555555555555713e+01
3.591999999999999638e+00,1.422500000000000000e+02,3.444444444444444997e+01
3.591999999999999638e+00,1.427500000000000000e+02,3.322222222222222143e+01
3.591999999999999638e+00,1.432500000000000000e+02,3.722222222222222143e+01
3.591999999999999638e+00,1.437500000000000000e+02,3.722222222222222143e+01
3.591999999999999638e+00,1.442500000000000000e+02,3.833333333333333570e+01
3.591999999999999638e+00,1.447500000000000000e+02,3.888888888888888573e+01
3.591999999999999638e+00,1.452500000000000000e+02,3.844444444444443576e+01
3.591999999999999638e+00,1.457500000000000000e+02,3.988888888888888573e+01
3.591999999999999638e+00,1.462500000000000000e+02,3.811111111111110716e+01
3.591999999999999638e+00,1.467500000000000000e+02,3.777777777777777146e+01
3.591999999999999638e+00,1.472500000000000000e+02,3.699999999999999289e+01
3.591999999999999638e+00,1.477500000000000000e+02,3.688888888888887863e+01
3.591999999999999638e+00,1.482500000000000000e+02,3.588888888888887863e+01
3.591999999999999638e+00,1.487500000000000000e+02,3.477777777777777146e+01
3.591999999999999638e+00,1.492500000000000000e+02,3.411111111111110716e+01
3.591999999999999638e+00,1.497500000000000000e+02,3.344444444444443576e+01
3.591999999999999638e+00,1.502500000000000000e+02,3.688888888888887863e+01
3.591999999999999638e+00,1.507500000000000000e+02,3.844444444444443576e+01
3.591999999999999638e+00,1.512500000000000000e+02,4.022222222222222143e+01
3.591999999999999638e+00,1.517500000000000000e+02,3.766666666666666430e+01
3.591999999999999638e+00,1.522500000000000000e+02,3.555555555555555003e+01
3.591999999999999638e+00,1.527500000000000000e+02,3.511111111111110716e+01
3.591999999999999638e+00,1.532500000000000000e+02,3.633333333333332149e+01
3.591999999999999638e+00,1.537500000000000000e+02,3.866666666666665719e+01
3.591999999999999638e+00,1.542500000000000000e+02,3.977777777777777146e+01
3.591999999999999638e+00,1.547500000000000000e+02,3.866666666666666430e+01
3.591999999999999638e+00,1.552500000000000000e+02,3.844444444444443576e+01
3.591999999999999638e+00,1.557500000000000000e+02,3.611111111111110716e+01
3.591999999999999638e+00,1.562500000000000000e+02,3.688888888888887863e+01
3.591999999999999638e+00,1.567500000000000000e+02,3.566666666666665719e+01
3.591999999999999638e+00,1.572500000000000000e+02,3.388888888888887863e+01
3.591999999999999638e+00,1.577500000000000000e+02,3.055555555555554648e+01
3.591999999999999638e+00,1.582500000000000000e+02,2.822222222222221433e+01
3.591999999999999638e+00,1.587500000000000000e+02,3.055555555555554648e+01
3.591999999999999638e+00,1.592500000000000000e+02,3.333333333333332149e+01
3.591999999999999638e+00,1.597500000000000000e+02,3.444444444444443576e+01
3.591999999999999638e+00,1.602500000000000000e+02,3.377777777777777146e+01
3.591999999999999638e+00,1.607500000000000000e+02,3.333333333333332149e+01
3.591999999999999638e+00,1.612500000000000000e+02,3.444444444444443576e+01
3.591999999999999638e+00,1.617500000000000000e+02,3.566666666666665719e+01
3.591999999999999638e+00,1.622500000000000000e+02,3.422222222222221433e+01
3.591999999999999638e+00,1.627500000000000000e+02,3.399999999999999289e+01
3.591999999999999638e+00,1.632500000000000000e+02,3.088888888888887507e+01
3.591999999999999638e+00,1.637500000000000000e+02,3.044444444444443221e+01
3.591999999999999638e+00,1.642500000000000000e+02,2.833333333333332504e+01
3.591999999999999638e+00,1.647500000000000000e+02,2.922222222222221433e+01
3.591999999999999638e+00,1.652500000000000000e+02,2.811111111111110361e+01
3.591999999999999638e+00,1.657500000000000000e+02,2.722222222222221433e+01
3.591999999999999638e+00,1.662500000000000000e+02,2.488888888888888218e+01
3.591999999999999638e+00,1.667500000000000000e+02,2.444444444444443931e+01
3.591999999999999638e+00,1.672500000000000000e+02,2.233333333333332860e+01
3.591999999999999638e+00,1.677500000000000000e+02,2.211111111111110361e+01
3.591999999999999638e+00,1.682500000000000000e+02,2.211111111111110361e+01
3.591999999999999638e+00,1.687500000000000000e+02,2.255555555555554648e+01
3.591999999999999638e+00,1.692500000000000000e+02,2.033333333333332504e+01
3.591999999999999638e+00,1.697500000000000000e+02,1.944444444444443931e+01
3.591999999999999638e+00,1.702500000000000000e+02,1.977777777777777146e+01
3.591999999999999638e+00,1.707500000000000000e+02,2.088888888888888218e+01
3.591999999999999638e+00,1.712500000000000000e+02,1.977777777777777146e+01
3.591999999999999638e+00,1.717500000000000000e+02,1.822222222222221788e+01
3.591999999999999638e+00,1.722500000000000000e+02,1.822222222222221788e+01
3.591999999999999638e+00,1.727500000000000000e+02,1.766666666666666075e+01
3.591999999999999638e+00,1.732500000000000000e+02,1.633333333333332860e+01
3.591999999999999638e+00,1.737500000000000000e+02,1.466666666666666252e+01
3.591999999999999638e+00,1.742500000000000000e+02,1.255555555555555003e+01
3.591999999999999638e+00,1.747500000000000000e+02,1.099999999999999467e+01
3.591999999999999638e+00,1.752500000000000000e+02,9.222222222222217880e+00
3.591999999999999638e+00,1.757500000000000000e+02,8.111111111111107164e+00
3.591999999999999638e+00,1.762500000000000000e+02,7.777777777777774126e+00
3.591999999999999638e+00,1.767500000000000000e+02,6.555555555555550917e+00
3.591999999999999638e+00,1.772500000000000000e+02,4.999999999999995559e+00
3.591999999999999638e+00,1.777500000000000000e+02,3.999999999999996003e+00
3.591999999999999638e+00,1.782500000000000000e+02,3.333333333333329040e+00
3.591999999999999638e+00,1.787500000000000000e+02,2.777777777777773682e+00
3.591999999999999638e+00,1.792500000000000000e+02,1.777777777777773904e+00
3.591999999999999638e+00,1.797500000000000000e+02,1.222222222222218324e+00
3.607999999999999652e+00,1.302500000000000000e+02,3.488888888888888573e+01
3.607999999999999652e+00,1.307500000000000000e+02,3.677777777777777146e+01
3.607999999999999652e+00,1.312500000000000000e+02,3.944444444444443576e+01
3.607999999999999652e+00,1.317500000000000000e+02,3.711111111111110716e+01
3.607999999999999652e+00,1.322500000000000000e+02,3.788888888888888573e+01
3.607999999999999652e+00,1.327500000000000000e+02,3.700000000000000000e+01
3.607999999999999652e+00,1.332500000000000000e+02,3.677777777777777857e+01
3.607999999999999652e+00,1.337500000000000000e+02,3.366666666666667140e+01
3.607999999999999652e+00,1.342500000000000000e+02,3.277777777777777857e+01
3.607999999999999652e+00,1.347500000000000000e+02,3.422222222222222854e+01
3.607999999999999652e+00,1.352500000000000000e+02,3.577777777777778567e+01
3.607999999999999652e+00,1.357500000000000000e+02,3.633333333333334281e+01
3.607999999999999652e+00,1.362500000000000000e+02,3.566666666666667851e+01
3.607999999999999652e+00,1.367500000000000000e+02,3.733333333333334281e+01
3.607999999999999652e+00,1.372500000000000000e+02,3.511111111111112137e+01
3.607999999999999652e+00,1.377500000000000000e+02,3.488888888888889284e+01
3.607999999999999652e+00,1.382500000000000000e+02,3.222222222222222854e+01
3.607999999999999652e+00,1.387500000000000000e+02,3.444444444444444997e+01
3.607999999999999652e+00,1.392500000000000000e+02,3.322222222222222854e+01
3.607999999999999652e+00,1.397500000000000000e+02,3.722222222222222854e+01
3.607999999999999652e+00,1.402500000000000000e+02,3.911111111111111427e+01
3.607999999999999652e+00,1.407500000000000000e+02,4.011111111111111427e+01
3.607999999999999652e+00,1.412500000000000000e+02,3.566666666666666430e+01
3.607999999999999652e+00,1.417500000000000000e+02,3.155555555555555713e+01
3.607999999999999652e+00,1.422500000000000000e+02,3.211111111111111427e+01
3.607999999999999652e+00,1.427500000000000000e+02,3.333333333333333570e+01
3.607999999999999652e+00,1.432500000000000000e+02,3.700000000000000000e+01
3.607999999999999652e+00,1.437500000000000000e+02,3.677777777777777857e+01
3.607999999999999652e+00,1.442500000000000000e+02,3.811111111111111427e+01
3.607999999999999652e+00,1.447500000000000000e+02,3.711111111111111427e+01
3.607999999999999652e+00,1.452500000000000000e+02,3.500000000000000711e+01
3.607999999999999652e+00,1.457500000000000000e+02,3.477777777777777857e+01
3.607999999999999652e+00,1.462500000000000000e+02,3.422222222222222854e+01
3.607999999999999652e+00,1.467500000000000000e+02,3.633333333333333570e+01
3.607999999999999652e+00,1.472500000000000000e+02,3.455555555555556424e+01
3.607999999999999652e+00,1.477500000000000000e+02,3.288888888888889284e+01
3.607999999999999652e+00,1.482500000000000000e+02,3.033333333333333925e+01
3.607999999999999652e+00,1.487500000000000000e+02,3.066666666666667140e+01
3.607999999999999652e+00,1.492500000000000000e+02,3.211111111111111427e+01
3.607999999999999652e+00,1.497500000000000000e+02,3.300000000000000711e+01
3.607999999999999652e+00,1.502500000000000000e+02,3.555555555555556424e+01
3.607999999999999652e+00,1.507500000000000000e+02,3.544444444444444997e+01
3.607999999999999652e+00,1.512500000000000000e+02,3.555555555555556424e+01
3.607999999999999652e+00,1.517500000000000000e+02,3.433333333333333570e+01
3.607999999999999652e+00,1.522500000000000000e+02,3.333333333333333570e+01
3.607999999999999652e+00,1.527500000000000000e+02,3.355555555555556424e+01
3.607999999999999652e+00,1.532500000000000000e+02,3.333333333333334281e+01
3.607999999999999652e+00,1.537500000000000000e+02,3.711111111111112137e+01
3.607999999999999652e+00,1.542500000000000000e+02,3.744444444444445708e+01
3.607999999999999652e+00,1.547500000000000000e+02,3.700000000000000711e+01
3.607999999999999652e+00,1.552500000000000000e+02,3.577777777777778567e+01
3.607999999999999652e+00,1.557500000000000000e+02,3.544444444444444997e+01
3.607999999999999652e+00,1.562500000000000000e+02,3.555555555555556424e+01
3.607999999999999652e+00,1.567500000000000000e+02,3.422222222222222854e+01
3.607999999999999652e+00,1.572500000000000000e+02,3.200000000000000711e+01
3.607999999999999652e+00,1.577500000000000000e+02,3.000000000000000355e+01
3.607999999999999652e+00,1.582500000000000000e+02,2.655555555555556069e+01
3.607999999999999652e+00,1.587500000000000000e+02,2.844444444444445352e+01
3.607999999999999652e+00,1.592500000000000000e+02,3.033333333333334281e+01
3.607999999999999652e+00,1.597500000000000000e+02,3.133333333333334281e+01
3.607999999999999652e+00,1.602500000000000000e+02,3.044444444444445352e+01
3.607999999999999652e+00,1.607500000000000000e+02,2.944444444444445352e+01
3.607999999999999652e+00,1.612500000000000000e+02,3.077777777777778567e+01
3.607999999999999652e+00,1.617500000000000000e+02,3.133333333333334281e+01
3.607999999999999652e+00,1.622500000000000000e+02,2.922222222222222854e+01
3.607999999999999652e+00,1.627500000000000000e+02,3.033333333333333925e+01
3.607999999999999652e+00,1.632500000000000000e+02,2.888888888888889639e+01
3.607999999999999652e+00,1.637500000000000000e+02,3.033333333333334281e+01
3.607999999999999652e+00,1.642500000000000000e+02,2.666666666666667496e+01
3.607999999999999652e+00,1.647500000000000000e+02,2.744444444444445352e+01
3.607999999999999652e+00,1.652500000000000000e+02,2.633333333333334281e+01
3.607999999999999652e+00,1.657500000000000000e+02,2.688888888888889639e+01
3.607999999999999652e+00,1.662500000000000000e+02,2.377777777777778567e+01
3.607999999999999652e+00,1.667500000000000000e+02,2.333333333333334281e+01
3.607999999999999652e+00,1.672500000000000000e+02,2.055555555555556779e+01
3.607999999999999652e+00,1.677500000000000000e+02,2.088888888888889994e+01
3.607999999999999652e+00,1.682500000000000000e+02,1.922222222222223209e+01
3.607999999999999652e+00,1.687500000000000000e+02,2.111111111111112493e+01
3.607999999999999652e+00,1.692500000000000000e+02,2.033333333333334636e+01
3.607999999999999652e+00,1.697500000000000000e+02,2.044444444444445708e+01
3.607999999999999652e+00,1.702500000000000000e+02,1.866666666666667851e+01
3.607999999999999652e+00,1.707500000000000000e+02,1.933333333333334636e+01
3.607999999999999652e+00,1.712500000000000000e+02,1.855555555555556779e+01
3.607999999999999652e+00,1.717500000000000000e+02,1.900000000000001066e+01
3.607999999999999652e+00,1.722500000000000000e+02,1.744444444444445708e+01
3.607999999999999652e+00,1.727500000000000000e+02,1.666666666666667851e+01
3.607999999999999652e+00,1.732500000000000000e+02,1.500000000000001243e+01
3.607999999999999652e+00,1.737500000000000000e+02,1.366666666666667851e+01
3.607999999999999652e+00,1.742500000000000000e+02,1.188888888888889994e+01
3.607999999999999652e+00,1.747500000000000000e+02,1.022222222222223387e+01
3.607999999999999652e+00,1.752500000000000000e+02,9.000000000000012434e+00
3.607999999999999652e+00,1.757500000000000000e+02,8.000000000000012434e+00
3.607999999999999652e+00,1.762500000000000000e+02,7.222222222222234755e+00
3.607999999999999652e+00,1.767500000000000000e+02,6.000000000000011546e+00
3.607999999999999652e+00,1.772500000000000000e+02,4.777777777777790114e+00
3.607999999999999652e+00,1.777500000000000000e+02,3.777777777777789669e+00
3.607999999999999652e+00,1.782500000000000000e+02,2.777777777777789669e+00
3.607999999999999652e+00,1.787500000000000000e+02,2.111111111111123151e+00
3.607999999999999652e+00,1.792500000000000000e+02,1.444444444444456410e+00
3.607999999999999652e+00,1.797500000000000000e+02,1.444444444444456410e+00
3.623999999999999666e+00,1.302500000000000000e+02,3.422222222222222143e+01
3.623999999999999666e+00,1.307500000000000000e+02,4.011111111111111427e+01
3.623999999999999666e+00,1.312500000000000000e+02,4.277777777777777857e+01
3.623999999999999666e+00,1.317500000000000000e+02,4.000000000000000000e+01
3.623999999999999666e+00,1.322500000000000000e+02,3.633333333333333570e+01
3.623999999999999666e+00,1.327500000000000000e+02,3.733333333333333570e+01
3.623999999999999666e+00,1.332500000000000000e+02,3.722222222222222143e+01
3.623999999999999666e+00,1.337500000000000000e+02,3.522222222222222143e+01
3.623999999999999666e+00,1.342500000000000000e+02,3.388888888888888573e+01
3.623999999999999666e+00,1.347500000000000000e+02,3.677777777777777857e+01
3.623999999999999666e+00,1.352500000000000000e+02,3.888888888888888573e+01
3.623999999999999666e+00,1.357500000000000000e+02,3.744444444444444287e+01
3.623999999999999666e+00,1.362500000000000000e+02,3.511111111111110716e+01
3.623999999999999666e+00,1.367500000000000000e+02,3.366666666666666430e+01
3.623999999999999666e+00,1.372500000000000000e+02,3.188888888888888573e+01
3.623999999999999666e+00,1.377500000000000000e+02,3.033333333333332860e+01
3.623999999999999666e+00,1.382500000000000000e+02,3.044444444444443931e+01
3.623999999999999666e+00,1.387500000000000000e+02,3.377777777777777146e+01
3.623999999999999666e+00,1.392500000000000000e+02,3.311111111111110716e+01
3.623999999999999666e+00,1.397500000000000000e+02,3.377777777777777146e+01
3.623999999999999666e+00,1.402500000000000000e+02,3.399999999999999289e+01
3.623999999999999666e+00,1.407500000000000000e+02,3.499999999999999289e+01
3.623999999999999666e+00,1.412500000000000000e+02,3.211111111111110716e+01
3.623999999999999666e+00,1.417500000000000000e+02,3.055555555555555358e+01
3.623999999999999666e+00,1.422500000000000000e+02,3.133333333333333215e+01
3.623999999999999666e+00,1.427500000000000000e+02,3.422222222222222143e+01
3.623999999999999666e+00,1.432500000000000000e+02,3.566666666666666430e+01
3.623999999999999666e+00,1.437500000000000000e+02,3.611111111111111427e+01
3.623999999999999666e+00,1.442500000000000000e+02,3.622222222222222854e+01
3.623999999999999666e+00,1.447500000000000000e+02,3.466666666666667140e+01
3.623999999999999666e+00,1.452500000000000000e+02,3.288888888888889284e+01
3.623999999999999666e+00,1.457500000000000000e+02,3.244444444444444997e+01
3.623999999999999666e+00,1.462500000000000000e+02,3.211111111111111427e+01
3.623999999999999666e+00,1.467500000000000000e+02,3.333333333333333570e+01
3.623999999999999666e+00,1.472500000000000000e+02,3.300000000000000000e+01
3.623999999999999666e+00,1.477500000000000000e+02,3.144444444444444287e+01
3.623999999999999666e+00,1.482500000000000000e+02,2.977777777777777501e+01
3.623999999999999666e+00,1.487500000000000000e+02,2.933333333333333215e+01
3.623999999999999666e+00,1.492500000000000000e+02,3.000000000000000000e+01
3.623999999999999666e+00,1.497500000000000000e+02,3.088888888888888928e+01
3.623999999999999666e+00,1.502500000000000000e+02,3.277777777777777857e+01
3.623999999999999666e+00,1.507500000000000000e+02,3.322222222222222143e+01
3.623999999999999666e+00,1.512500000000000000e+02,3.211111111111111427e+01
3.623999999999999666e+00,1.517500000000000000e+02,3.377777777777777857e+01
3.623999999999999666e+00,1.522500000000000000e+02,3.377777777777777857e+01
3.623999999999999666e+00,1.527500000000000000e+02,3.477777777777777857e+01
3.623999999999999666e+00,1.532500000000000000e+02,3.244444444444444997e+01
3.623999999999999666e+00,1.537500000000000000e+02,3.611111111111111427e+01
3.623999999999999666e+00,1.542500000000000000e+02,3.588888888888889284e+01
3.623999999999999666e+00,1.547500000000000000e+02,3.577777777777777857e+01
3.623999999999999666e+00,1.552500000000000000e+02,3.511111111111111427e+01
3.623999999999999666e+00,1.557500000000000000e+02,3.666666666666667140e+01
3.623999999999999666e+00,1.562500000000000000e+02,3.455555555555556424e+01
3.623999999999999666e+00,1.567500000000000000e+02,3.277777777777777857e+01
3.623999999999999666e+00,1.572500000000000000e+02,3.144444444444444642e+01
3.623999999999999666e+00,1.577500000000000000e+02,3.155555555555556069e+01
3.623999999999999666e+00,1.582500000000000000e+02,2.888888888888889639e+01
3.623999999999999666e+00,1.587500000000000000e+02,2.800000000000000355e+01
3.623999999999999666e+00,1.592500000000000000e+02,2.788888888888889639e+01
3.623999999999999666e+00,1.597500000000000000e+02,2.744444444444445352e+01
3.623999999999999666e+00,1.602500000000000000e+02,2.633333333333334281e+01
3.623999999999999666e+00,1.607500000000000000e+02,2.611111111111112493e+01
3.623999999999999666e+00,1.612500000000000000e+02,2.877777777777778923e+01
3.623999999999999666e+00,1.617500000000000000e+02,2.900000000000001421e+01
3.623999999999999666e+00,1.622500000000000000e+02,2.866666666666668206e+01
3.623999999999999666e+00,1.627500000000000000e+02,2.844444444444445708e+01
3.623999999999999666e+00,1.632500000000000000e+02,2.788888888888889994e+01
3.623999999999999666e+00,1.637500000000000000e+02,2.788888888888889994e+01
3.623999999999999666e+00,1.642500000000000000e+02,2.333333333333334281e+01
3.623999999999999666e+00,1.647500000000000000e+02,2.366666666666667496e+01
3.623999999999999666e+00,1.652500000000000000e+02,2.288888888888889639e+01
3.623999999999999666e+00,1.657500000000000000e+02,2.566666666666667496e+01
3.623999999999999666e+00,1.662500000000000000e+02,2.511111111111111782e+01
3.623999999999999666e+00,1.667500000000000000e+02,2.588888888888889639e+01
3.623999999999999666e+00,1.672500000000000000e+02,2.288888888888889639e+01
3.623999999999999666e+00,1.677500000000000000e+02,2.122222222222222854e+01
3.623999999999999666e+00,1.682500000000000000e+02,1.788888888888889639e+01
3.623999999999999666e+00,1.687500000000000000e+02,1.900000000000000355e+01
3.623999999999999666e+00,1.692500000000000000e+02,1.822222222222222854e+01
3.623999999999999666e+00,1.697500000000000000e+02,1.766666666666667140e+01
3.623999999999999666e+00,1.702500000000000000e+02,1.666666666666667140e+01
3.623999999999999666e+00,1.707500000000000000e+02,1.811111111111111427e+01
3.623999999999999666e+00,1.712500000000000000e+02,1.900000000000000355e+01
3.623999999999999666e+00,1.717500000000000000e+02,1.866666666666667140e+01
3.623999999999999666e+00,1.722500000000000000e+02,1.655555555555556069e+01
3.623999999999999666e+00,1.727500000000000000e+02,1.555555555555556246e+01
3.623999999999999666e+00,1.732500000000000000e+02,1.422222222222222854e+01
3.623999999999999666e+00,1.737500000000000000e+02,1.277777777777778390e+01
3.623999999999999666e+00,1.742500000000000000e+02,1.033333333333333925e+01
3.623999999999999666e+00,1.747500000000000000e+02,8.666666666666673180e+00
3.623999999999999666e+00,1.752500000000000000e+02,7.555555555555561575e+00
3.623999999999999666e+00,1.757500000000000000e+02,7.777777777777784785e+00
3.623999999999999666e+00,1.762500000000000000e+02,8.000000000000007105e+00
3.623999999999999666e+00,1.767500000000000000e+02,7.111111111111118710e+00
3.623999999999999666e+00,1.772500000000000000e+02,5.555555555555564240e+00
3.623999999999999666e+00,1.777500000000000000e+02,4.111111111111120486e+00
3.623999999999999666e+00,1.782500000000000000e+02,3.333333333333342363e+00
3.623999999999999666e+00,1.787500000000000000e+02,2.555555555555564240e+00
3.623999999999999666e+00,1.792500000000000000e+02,1.555555555555564240e+00
3.623999999999999666e+00,1.797500000000000000e+02,1.222222222222230981e+00
3.639999999999999680e+00,1.302500000000000000e+02,3.177777777777778212e+01
3.639999999999999680e+00,1.307500000000000000e+02,3.844444444444444997e+01
3.639999999999999680e+00,1.312500000000000000e+02,4.200000000000000711e+01
3.639999999999999680e+00,1.317500000000000000e+02,4.066666666666667140e+01
3.639999999999999680e+00,1.322500000000000000e+02,3.700000000000000711e+01
3.639999999999999680e+00,1.327500000000000000e+02,3.522222222222222854e+01
3.639999999999999680e+00,1.332500000000000000e+02,3.544444444444444997e+01
3.639999999999999680e+00,1.337500000000000000e+02,3.311111111111111427e+01
3.639999999999999680e+00,1.342500000000000000e+02,3.411111111111111427e+01
3.639999999999999680e+00,1.347500000000000000e+02,3.577777777777777857e+01
3.639999999999999680e+00,1.352500000000000000e+02,3.866666666666667140e+01
3.639999999999999680e+00,1.357500000000000000e+02,3.655555555555556424e+01
3.639999999999999680e+00,1.362500000000000000e+02,3.677777777777778567e+01
3.639999999999999680e+00,1.367500000000000000e+02,3.477777777777778567e+01
3.639999999999999680e+00,1.372500000000000000e+02,3.300000000000000711e+01
3.639999999999999680e+00,1.377500000000000000e+02,3.044444444444445352e+01
3.639999999999999680e+00,1.382500000000000000e+02,3.111111111111111782e+01
3.639999999999999680e+00,1.387500000000000000e+02,3.533333333333334281e+01
3.639999999999999680e+00,1.392500000000000000e+02,3.488888888888889284e+01
3.639999999999999680e+00,1.397500000000000000e+02,3.111111111111111427e+01
3.639999999999999680e+00,1.402500000000000000e+02,3.077777777777778212e+01
3.639999999999999680e+00,1.407500000000000000e+02,3.088888888888889639e+01
3.639999999999999680e+00,1.412500000000000000e+02,3.177777777777778567e+01
3.639999999999999680e+00,1.417500000000000000e+02,3.000000000000001066e+01
3.639999999999999680e+00,1.422500000000000000e+02,3.044444444444445352e+01
3.639999999999999680e+00,1.427500000000000000e+02,3.166666666666667496e+01
3.639999999999999680e+00,1.432500000000000000e+02,3.177777777777778923e+01
3.639999999999999680e+00,1.437500000000000000e+02,3.211111111111112137e+01
3.639999999999999680e+00,1.442500000000000000e+02,3.255555555555556424e+01
3.639999999999999680e+00,1.447500000000000000e+02,3.055555555555556779e+01
3.639999999999999680e+00,1.452500000000000000e+02,3.188888888888889994e+01
3.639999999999999680e+00,1.457500000000000000e+02,3.200000000000000711e+01
3.639999999999999680e+00,1.462500000000000000e+02,3.288888888888889994e+01
3.639999999999999680e+00,1.467500000000000000e+02,3.288888888888889994e+01
3.639999999999999680e+00,1.472500000000000000e+02,3.244444444444445708e+01
3.639999999999999680e+00,1.477500000000000000e+02,3.211111111111112137e+01
3.639999999999999680e+00,1.482500000000000000e+02,3.022222222222223209e+01
3.639999999999999680e+00,1.487500000000000000e+02,2.855555555555556779e+01
3.639999999999999680e+00,1.492500000000000000e+02,2.844444444444445708e+01
3.639999999999999680e+00,1.497500000000000000e+02,2.988888888888889994e+01
3.639999999999999680e+00,1.502500000000000000e+02,3.155555555555556779e+01
3.639999999999999680e+00,1.507500000000000000e+02,3.088888888888889994e+01
3.639999999999999680e+00,1.512500000000000000e+02,2.844444444444445708e+01
3.639999999999999680e+00,1.517500000000000000e+02,3.088888888888889994e+01
3.639999999999999680e+00,1.522500000000000000e+02,3.155555555555556779e+01
3.639999999999999680e+00,1.527500000000000000e+02,3.244444444444445708e+01
3.639999999999999680e+00,1.532500000000000000e+02,3.155555555555557135e+01
3.639999999999999680e+00,1.537500000000000000e+02,3.433333333333334991e+01
3.639999999999999680e+00,1.542500000000000000e+02,3.455555555555557135e+01
3.639999999999999680e+00,1.547500000000000000e+02,3.222222222222223564e+01
3.639999999999999680e+00,1.552500000000000000e+02,3.200000000000002132e+01
3.639999999999999680e+00,1.557500000000000000e+02,3.355555555555557845e+01
3.639999999999999680e+00,1.562500000000000000e+02,3.388888888888890705e+01
3.639999999999999680e+00,1.567500000000000000e+02,3.333333333333334991e+01
3.639999999999999680e+00,1.572500000000000000e+02,3.277777777777779278e+01
3.639999999999999680e+00,1.577500000000000000e+02,3.244444444444446418e+01
3.639999999999999680e+00,1.582500000000000000e+02,3.066666666666668561e+01
3.639999999999999680e+00,1.587500000000000000e+02,2.788888888888891060e+01
3.639999999999999680e+00,1.592500000000000000e+02,2.611111111111113203e+01
3.639999999999999680e+00,1.597500000000000000e+02,2.522222222222224275e+01
3.639999999999999680e+00,1.602500000000000000e+02,2.455555555555557490e+01
3.639999999999999680e+00,1.607500000000000000e+02,2.433333333333335347e+01
3.639999999999999680e+00,1.612500000000000000e+02,2.500000000000001776e+01
3.639999999999999680e+00,1.617500000000000000e+02,2.533333333333335347e+01
3.639999999999999680e+00,1.622500000000000000e+02,2.533333333333335347e+01
3.639999999999999680e+00,1.627500000000000000e+02,2.511111111111113203e+01
3.639999999999999680e+00,1.632500000000000000e+02,2.622222222222224630e+01
3.639999999999999680e+00,1.637500000000000000e+02,2.700000000000002842e+01
3.639999999999999680e+00,1.642500000000000000e+02,2.411111111111113914e+01
3.639999999999999680e+00,1.647500000000000000e+02,2.333333333333336057e+01
3.639999999999999680e+00,1.652500000000000000e+02,2.122222222222224985e+01
3.639999999999999680e+00,1.657500000000000000e+02,2.277777777777780344e+01
3.639999999999999680e+00,1.662500000000000000e+02,2.233333333333336057e+01
3.639999999999999680e+00,1.667500000000000000e+02,2.355555555555558556e+01
3.639999999999999680e+00,1.672500000000000000e+02,2.188888888888891771e+01
3.639999999999999680e+00,1.677500000000000000e+02,2.111111111111114269e+01
3.639999999999999680e+00,1.682500000000000000e+02,1.888888888888891771e+01
3.639999999999999680e+00,1.687500000000000000e+02,1.888888888888891771e+01
3.639999999999999680e+00,1.692500000000000000e+02,1.722222222222225341e+01
3.639999999999999680e+00,1.697500000000000000e+02,1.711111111111114269e+01
3.639999999999999680e+00,1.702500000000000000e+02,1.700000000000003197e+01
3.639999999999999680e+00,1.707500000000000000e+02,1.700000000000003197e+01
3.639999999999999680e+00,1.712500000000000000e+02,1.744444444444447484e+01
3.639999999999999680e+00,1.717500000000000000e+02,1.566666666666669983e+01
3.639999999999999680e+00,1.722500000000000000e+02,1.566666666666669983e+01
3.639999999999999680e+00,1.727500000000000000e+02,1.411111111111114447e+01
3.639999999999999680e+00,1.732500000000000000e+02,1.366666666666669983e+01
3.639999999999999680e+00,1.737500000000000000e+02,1.100000000000003375e+01
3.639999999999999680e+00,1.742500000000000000e+02,9.111111111111144467e+00
3.639999999999999680e+00,1.747500000000000000e+02,8.000000000000033751e+00
3.639999999999999680e+00,1.752500000000000000e+02,7.444444444444478393e+00
3.639999999999999680e+00,1.757500000000000000e+02,7.333333333333367676e+00
3.639999999999999680e+00,1.762500000000000000e+02,7.222222222222256960e+00
3.639999999999999680e+00,1.767500000000000000e+02,6.444444444444479281e+00
3.639999999999999680e+00,1.772500000000000000e+02,5.111111111111146244e+00
3.639999999999999680e+00,1.777500000000000000e+02,4.333333333333368564e+00
3.639999999999999680e+00,1.782500000000000000e+02,3.222222222222257404e+00
3.639999999999999680e+00,1.787500000000000000e+02,2.555555555555590885e+00
3.639999999999999680e+00,1.792500000000000000e+02,7.777777777778128732e-01
3.639999999999999680e+00,1.797500000000000000e+02,4.444444444444795583e-01
3.655999999999999694e+00,1.302500000000000000e+02,3.444444444444444997e+01
3.655999999999999694e+00,1.307500000000000000e+02,3.700000000000000000e+01
3.655999999999999694e+00,1.312500000000000000e+02,3.822222222222222143e+01
3.655999999999999694e+00,1.317500000000000000e+02,3.711111111111110716e+01
3.655999999999999694e+00,1.322500000000000000e+02,3.422222222222222143e+01
3.655999999999999694e+00,1.327500000000000000e+02,3.400000000000000000e+01
3.655999999999999694e+00,1.332500000000000000e+02,3.522222222222222143e+01
3.655999999999999694e+00,1.337500000000000000e+02,3.477777777777777857e+01
3.655999999999999694e+00,1.342500000000000000e+02,3.477777777777777857e+01
3.655999999999999694e+00,1.347500000000000000e+02,3.677777777777777857e+01
3.655999999999999694e+00,1.352500000000000000e+02,3.900000000000000000e+01
3.655999999999999694e+00,1.357500000000000000e+02,3.700000000000000000e+01
3.655999999999999694e+00,1.362500000000000000e+02,3.644444444444444997e+01
3.655999999999999694e+00,1.367500000000000000e+02,3.266666666666667140e+01
3.655999999999999694e+00,1.372500000000000000e+02,3.111111111111111427e+01
3.655999999999999694e+00,1.377500000000000000e+02,2.755555555555555713e+01
3.655999999999999694e+00,1.382500000000000000e+02,3.055555555555555713e+01
3.655999999999999694e+00,1.387500000000000000e+02,3.388888888888889284e+01
3.655999999999999694e+00,1.392500000000000000e+02,3.566666666666666430e+01
3.655999999999999694e+00,1.397500000000000000e+02,3.311111111111110716e+01
3.655999999999999694e+00,1.402500000000000000e+02,3.166666666666666785e+01
3.655999999999999694e+00,1.407500000000000000e+02,3.155555555555555713e+01
3.655999999999999694e+00,1.412500000000000000e+02,3.155555555555555713e+01
3.655999999999999694e+00,1.417500000000000000e+02,3.155555555555555713e+01
3.655999999999999694e+00,1.422500000000000000e+02,3.022222222222222499e+01
3.655999999999999694e+00,1.427500000000000000e+02,3.055555555555555713e+01
3.655999999999999694e+00,1.432500000000000000e+02,3.000000000000000000e+01
3.655999999999999694e+00,1.437500000000000000e+02,3.288888888888889284e+01
3.655999999999999694e+00,1.442500000000000000e+02,3.166666666666666785e+01
3.655999999999999694e+00,1.447500000000000000e+02,3.188888888888888928e+01
3.655999999999999694e+00,1.452500000000000000e+02,3.244444444444444997e+01
3.655999999999999694e+00,1.457500000000000000e+02,3.511111111111111427e+01
3.655999999999999694e+00,1.462500000000000000e+02,3.588888888888889284e+01
3.655999999999999694e+00,1.467500000000000000e+02,3.522222222222222143e+01
3.655999999999999694e+00,1.472500000000000000e+02,3.422222222222222143e+01
3.655999999999999694e+00,1.477500000000000000e+02,3.322222222222222143e+01
3.655999999999999694e+00,1.482500000000000000e+02,3.222222222222222143e+01
3.655999999999999694e+00,1.487500000000000000e+02,2.955555555555555713e+01
3.655999999999999694e+00,1.492500000000000000e+02,2.811111111111111427e+01
3.655999999999999694e+00,1.497500000000000000e+02,2.988888888888889639e+01
3.655999999999999694e+00,1.502500000000000000e+02,3.166666666666667140e+01
3.655999999999999694e+00,1.507500000000000000e+02,3.233333333333333570e+01
3.655999999999999694e+00,1.512500000000000000e+02,2.966666666666667140e+01
3.655999999999999694e+00,1.517500000000000000e+02,3.122222222222222854e+01
3.655999999999999694e+00,1.522500000000000000e+02,3.055555555555556069e+01
3.655999999999999694e+00,1.527500000000000000e+02,3.077777777777778567e+01
3.655999999999999694e+00,1.532500000000000000e+02,3.055555555555556069e+01
3.655999999999999694e+00,1.537500000000000000e+02,3.155555555555556069e+01
3.655999999999999694e+00,1.542500000000000000e+02,3.155555555555556069e+01
3.655999999999999694e+00,1.547500000000000000e+02,3.033333333333333925e+01
3.655999999999999694e+00,1.552500000000000000e+02,3.144444444444444642e+01
3.655999999999999694e+00,1.557500000000000000e+02,3.133333333333333925e+01
3.655999999999999694e+00,1.562500000000000000e+02,3.200000000000000711e+01
3.655999999999999694e+00,1.567500000000000000e+02,3.122222222222222854e+01
3.655999999999999694e+00,1.572500000000000000e+02,3.155555555555556069e+01
3.655999999999999694e+00,1.577500000000000000e+02,3.066666666666667140e+01
3.655999999999999694e+00,1.582500000000000000e+02,3.100000000000000355e+01
3.655999999999999694e+00,1.587500000000000000e+02,2.822222222222222854e+01
3.655999999999999694e+00,1.592500000000000000e+02,2.577777777777778567e+01
3.655999999999999694e+00,1.597500000000000000e+02,2.355555555555556069e+01
3.655999999999999694e+00,1.602500000000000000e+02,2.255555555555556069e+01
3.655999999999999694e+00,1.607500000000000000e+02,2.355555555555556069e+01
3.655999999999999694e+00,1.612500000000000000e+02,2.444444444444444642e+01
3.655999999999999694e+00,1.617500000000000000e+02,2.600000000000000355e+01
3.655999999999999694e+00,1.622500000000000000e+02,2.622222222222222854e+01
3.655999999999999694e+00,1.627500000000000000e+02,2.555555555555556069e+01
3.655999999999999694e+00,1.632500000000000000e+02,2.700000000000000355e+01
3.655999999999999694e+00,1.637500000000000000e+02,2.677777777777778212e+01
3.655999999999999694e+00,1.642500000000000000e+02,2.433333333333333925e+01
3.655999999999999694e+00,1.647500000000000000e+02,2.233333333333333925e+01
3.655999999999999694e+00,1.652500000000000000e+02,2.088888888888889284e+01
3.655999999999999694e+00,1.657500000000000000e+02,2.155555555555556069e+01
3.655999999999999694e+00,1.662500000000000000e+02,2.200000000000001066e+01
3.655999999999999694e+00,1.667500000000000000e+02,2.277777777777778923e+01
3.655999999999999694e+00,1.672500000000000000e+02,2.233333333333334636e+01
3.655999999999999694e+00,1.677500000000000000e+02,2.133333333333334636e+01
3.655999999999999694e+00,1.682500000000000000e+02,1.955555555555556779e+01
3.655999999999999694e+00,1.687500000000000000e+02,1.833333333333334636e+01
3.655999999999999694e+00,1.692500000000000000e+02,1.611111111111112493e+01
3.655999999999999694e+00,1.697500000000000000e+02,1.666666666666668206e+01
3.655999999999999694e+00,1.702500000000000000e+02,1.777777777777778923e+01
3.655999999999999694e+00,1.707500000000000000e+02,1.755555555555556779e+01
3.655999999999999694e+00,1.712500000000000000e+02,1.644444444444445708e+01
3.655999999999999694e+00,1.717500000000000000e+02,1.366666666666668029e+01
3.655999999999999694e+00,1.722500000000000000e+02,1.500000000000001421e+01
3.655999999999999694e+00,1.727500000000000000e+02,1.377777777777779278e+01
3.655999999999999694e+00,1.732500000000000000e+02,1.344444444444445885e+01
3.655999999999999694e+00,1.737500000000000000e+02,1.022222222222223742e+01
3.655999999999999694e+00,1.742500000000000000e+02,9.111111111111126704e+00
3.655999999999999694e+00,1.747500000000000000e+02,8.333333333333348136e+00
3.655999999999999694e+00,1.752500000000000000e+02,8.000000000000015987e+00
3.655999999999999694e+00,1.757500000000000000e+02,7.888888888888904383e+00
3.655999999999999694e+00,1.762500000000000000e+02,7.222222222222238308e+00
3.655999999999999694e+00,1.767500000000000000e+02,6.222222222222238308e+00
3.655999999999999694e+00,1.772500000000000000e+02,4.111111111111126704e+00
3.655999999999999694e+00,1.777500000000000000e+02,4.111111111111126704e+00
3.655999999999999694e+00,1.782500000000000000e+02,3.000000000000015543e+00
3.655999999999999694e+00,1.787500000000000000e+02,2.555555555555570901e+00
3.655999999999999694e+00,1.792500000000000000e+02,7.777777777777927781e-01
3.655999999999999694e+00,1.797500000000000000e+02,4.444444444444594633e-01
3.671999999999999709e+00,1.302500000000000000e+02,3.577777777777777857e+01
3.671999999999999709e+00,1.307500000000000000e+02,3.533333333333333570e+01
3.671999999999999709e+00,1.312500000000000000e+02,3.600000000000000000e+01
3.671999999999999709e+00,1.317500000000000000e+02,3.444444444444444997e+01
3.671999999999999709e+00,1.322500000000000000e+02,3.544444444444444997e+01
3.671999999999999709e+00,1.327500000000000000e+02,3.522222222222222143e+01
3.671999999999999709e+00,1.332500000000000000e+02,3.633333333333333570e+01
3.671999999999999709e+00,1.337500000000000000e+02,3.500000000000000000e+01
3.671999999999999709e+00,1.342500000000000000e+02,3.422222222222222143e+01
3.671999999999999709e+00,1.347500000000000000e+02,3.444444444444444997e+01
3.671999999999999709e+00,1.352500000000000000e+02,3.533333333333333570e+01
3.671999999999999709e+00,1.357500000000000000e+02,3.555555555555555003e+01
3.671999999999999709e+00,1.362500000000000000e+02,3.555555555555555003e+01
3.671999999999999709e+00,1.367500000000000000e+02,3.377777777777777857e+01
3.671999999999999709e+00,1.372500000000000000e+02,3.188888888888888573e+01
3.671999999999999709e+00,1.377500000000000000e+02,3.011111111111111072e+01
3.671999999999999709e+00,1.382500000000000000e+02,3.144444444444444287e+01
3.671999999999999709e+00,1.387500000000000000e+02,3.544444444444444287e+01
3.671999999999999709e+00,1.392500000000000000e+02,3.566666666666666430e+01
3.671999999999999709e+00,1.397500000000000000e+02,3.411111111111110716e+01
3.671999999999999709e+00,1.402500000000000000e+02,3.044444444444444287e+01
3.671999999999999709e+00,1.407500000000000000e+02,3.077777777777777501e+01
3.671999999999999709e+00,1.412500000000000000e+02,3.311111111111110716e+01
3.671999999999999709e+00,1.417500000000000000e+02,3.388888888888888573e+01
3.671999999999999709e+00,1.422500000000000000e+02,3.333333333333332860e+01
3.671999999999999709e+00,1.427500000000000000e+02,3.177777777777777146e+01
3.671999999999999709e+00,1.432500000000000000e+02,3.111111111111110361e+01
3.671999999999999709e+00,1.437500000000000000e+02,3.211111111111110716e+01
3.671999999999999709e+00,1.442500000000000000e+02,3.088888888888888218e+01
3.671999999999999709e+00,1.447500000000000000e+02,3.211111111111110716e+01
3.671999999999999709e+00,1.452500000000000000e+02,3.311111111111110716e+01
3.671999999999999709e+00,1.457500000000000000e+02,3.433333333333332860e+01
3.671999999999999709e+00,1.462500000000000000e+02,3.522222222222222143e+01
3.671999999999999709e+00,1.467500000000000000e+02,3.455555555555555003e+01
3.671999999999999709e+00,1.472500000000000000e+02,3.500000000000000000e+01
3.671999999999999709e+00,1.477500000000000000e+02,3.344444444444444997e+01
3.671999999999999709e+00,1.482500000000000000e+02,3.166666666666667140e+01
3.671999999999999709e+00,1.487500000000000000e+02,2.966666666666667140e+01
3.671999999999999709e+00,1.492500000000000000e+02,2.955555555555556069e+01
3.671999999999999709e+00,1.497500000000000000e+02,3.100000000000000355e+01
3.671999999999999709e+00,1.502500000000000000e+02,3.088888888888889639e+01
3.671999999999999709e+00,1.507500000000000000e+02,3.000000000000000355e+01
3.671999999999999709e+00,1.512500000000000000e+02,2.933333333333333925e+01
3.671999999999999709e+00,1.517500000000000000e+02,3.011111111111111427e+01
3.671999999999999709e+00,1.522500000000000000e+02,2.900000000000000355e+01
3.671999999999999709e+00,1.527500000000000000e+02,2.866666666666667140e+01
3.671999999999999709e+00,1.532500000000000000e+02,2.822222222222222854e+01
3.671999999999999709e+00,1.537500000000000000e+02,3.022222222222222854e+01
3.671999999999999709e+00,1.542500000000000000e+02,3.022222222222222854e+01
3.671999999999999709e+00,1.547500000000000000e+02,2.966666666666667140e+01
3.671999999999999709e+00,1.552500000000000000e+02,2.877777777777778212e+01
3.671999999999999709e+00,1.557500000000000000e+02,2.766666666666666785e+01
3.671999999999999709e+00,1.562500000000000000e+02,3.055555555555555713e+01
3.671999999999999709e+00,1.567500000000000000e+02,3.066666666666666785e+01
3.671999999999999709e+00,1.572500000000000000e+02,3.000000000000000000e+01
3.671999999999999709e+00,1.577500000000000000e+02,2.800000000000000000e+01
3.671999999999999709e+00,1.582500000000000000e+02,2.900000000000000000e+01
3.671999999999999709e+00,1.587500000000000000e+02,2.888888888888888928e+01
3.671999999999999709e+00,1.592500000000000000e+02,2.688888888888888928e+01
3.671999999999999709e+00,1.597500000000000000e+02,2.377777777777778212e+01
3.671999999999999709e+00,1.602500000000000000e+02,2.322222222222222499e+01
3.671999999999999709e+00,1.607500000000000000e+02,2.377777777777778212e+01
3.671999999999999709e+00,1.612500000000000000e+02,2.355555555555556069e+01
3.671999999999999709e+00,1.617500000000000000e+02,2.322222222222222854e+01
3.671999999999999709e+00,1.622500000000000000e+02,2.300000000000000355e+01
3.671999999999999709e+00,1.627500000000000000e+02,2.300000000000000355e+01
3.671999999999999709e+00,1.632500000000000000e+02,2.488888888888889639e+01
3.671999999999999709e+00,1.637500000000000000e+02,2.433333333333333925e+01
3.671999999999999709e+00,1.642500000000000000e+02,2.366666666666667140e+01
3.671999999999999709e+00,1.647500000000000000e+02,2.155555555555556069e+01
3.671999999999999709e+00,1.652500000000000000e+02,2.122222222222222854e+01
3.671999999999999709e+00,1.657500000000000000e+02,2.033333333333333925e+01
3.671999999999999709e+00,1.662500000000000000e+02,2.022222222222222499e+01
3.671999999999999709e+00,1.667500000000000000e+02,1.955555555555556069e+01
3.671999999999999709e+00,1.672500000000000000e+02,1.988888888888889284e+01
3.671999999999999709e+00,1.677500000000000000e+02,1.977777777777778212e+01
3.671999999999999709e+00,1.682500000000000000e+02,1.966666666666667140e+01
3.671999999999999709e+00,1.687500000000000000e+02,1.822222222222222499e+01
3.671999999999999709e+00,1.692500000000000000e+02,1.677777777777778212e+01
3.671999999999999709e+00,1.697500000000000000e+02,1.700000000000000355e+01
3.671999999999999709e+00,1.702500000000000000e+02,1.811111111111111782e+01
3.671999999999999709e+00,1.707500000000000000e+02,1.700000000000000355e+01
3.671999999999999709e+00,1.712500000000000000e+02,1.555555555555555891e+01
3.671999999999999709e+00,1.717500000000000000e+02,1.333333333333333748e+01
3.671999999999999709e+00,1.722500000000000000e+02,1.433333333333333748e+01
3.671999999999999709e+00,1.727500000000000000e+02,1.255555555555555891e+01
3.671999999999999709e+00,1.732500000000000000e+02,1.188888888888889284e+01
3.671999999999999709e+00,1.737500000000000000e+02,9.222222222222226762e+00
3.671999999999999709e+00,1.742500000000000000e+02,9.666666666666671404e+00
3.671999999999999709e+00,1.747500000000000000e+02,9.444444444444448195e+00
3.671999999999999709e+00,1.752500000000000000e+02,9.111111111111116045e+00
3.671999999999999709e+00,1.757500000000000000e+02,7.777777777777782120e+00
3.671999999999999709e+00,1.762500000000000000e+02,6.222222222222225874e+00
3.671999999999999709e+00,1.767500000000000000e+02,5.666666666666671404e+00
3.671999999999999709e+00,1.772500000000000000e+02,4.111111111111116045e+00
3.671999999999999709e+00,1.777500000000000000e+02,4.777777777777783008e+00
3.671999999999999709e+00,1.782500000000000000e+02,3.222222222222227206e+00
3.671999999999999709e+00,1.787500000000000000e+02,2.888888888888894169e+00
3.671999999999999709e+00,1.792500000000000000e+02,1.111111111111116267e+00
3.671999999999999709e+00,1.797500000000000000e+02,1.000000000000005107e+00
3.687999999999999723e+00,1.302500000000000000e+02,3.811111111111110716e+01
3.687999999999999723e+00,1.307500000000000000e+02,3.511111111111110716e+01
3.687999999999999723e+00,1.312500000000000000e+02,3.533333333333333570e+01
3.687999999999999723e+00,1.317500000000000000e+02,3.355555555555555003e+01
3.687999999999999723e+00,1.322500000000000000e+02,3.622222222222222143e+01
3.687999999999999723e+00,1.327500000000000000e+02,3.688888888888888573e+01
3.687999999999999723e+00,1.332500000000000000e+02,3.811111111111110716e+01
3.687999999999999723e+00,1.337500000000000000e+02,3.777777777777777857e+01
3.687999999999999723e+00,1.342500000000000000e+02,3.455555555555555003e+01
3.687999999999999723e+00,1.347500000000000000e+02,3.388888888888888573e+01
3.687999999999999723e+00,1.352500000000000000e+02,3.188888888888888573e+01
3.687999999999999723e+00,1.357500000000000000e+02,3.277777777777777857e+01
3.687999999999999723e+00,1.362500000000000000e+02,3.122222222222221788e+01
3.687999999999999723e+00,1.367500000000000000e+02,3.122222222222221788e+01
3.687999999999999723e+00,1.372500000000000000e+02,3.099999999999999645e+01
3.687999999999999723e+00,1.377500000000000000e+02,3.066666666666666075e+01
3.687999999999999723e+00,1.382500000000000000e+02,3.066666666666666075e+01
3.687999999999999723e+00,1.387500000000000000e+02,3.266666666666666430e+01
3.687999999999999723e+00,1.392500000000000000e+02,3.388888888888888573e+01
3.687999999999999723e+00,1.397500000000000000e+02,3.599999999999999289e+01
3.687999999999999723e+00,1.402500000000000000e+02,3.244444444444443576e+01
3.687999999999999723e+00,1.407500000000000000e+02,3.355555555555555003e+01
3.687999999999999723e+00,1.412500000000000000e+02,3.177777777777777146e+01
3.687999999999999723e+00,1.417500000000000000e+02,3.299999999999999289e+01
3.687999999999999723e+00,1.422500000000000000e+02,3.099999999999999645e+01
3.687999999999999723e+00,1.427500000000000000e+02,3.211111111111110716e+01
3.687999999999999723e+00,1.432500000000000000e+02,3.277777777777777146e+01
3.687999999999999723e+00,1.437500000000000000e+02,3.399999999999999289e+01
3.687999999999999723e+00,1.442500000000000000e+02,3.299999999999999289e+01
3.687999999999999723e+00,1.447500000000000000e+02,3.377777777777777146e+01
3.687999999999999723e+00,1.452500000000000000e+02,3.399999999999999289e+01
3.687999999999999723e+00,1.457500000000000000e+02,3.466666666666665719e+01
3.687999999999999723e+00,1.462500000000000000e+02,3.588888888888887863e+01
3.687999999999999723e+00,1.467500000000000000e+02,3.466666666666665009e+01
3.687999999999999723e+00,1.472500000000000000e+02,3.466666666666665009e+01
3.687999999999999723e+00,1.477500000000000000e+02,3.222222222222220722e+01
3.687999999999999723e+00,1.482500000000000000e+02,3.077777777777776791e+01
3.687999999999999723e+00,1.487500000000000000e+02,2.999999999999998934e+01
3.687999999999999723e+00,1.492500000000000000e+02,2.922222222222221077e+01
3.687999999999999723e+00,1.497500000000000000e+02,3.211111111111109295e+01
3.687999999999999723e+00,1.502500000000000000e+02,2.977777777777776080e+01
3.687999999999999723e+00,1.507500000000000000e+02,2.922222222222220367e+01
3.687999999999999723e+00,1.512500000000000000e+02,2.733333333333331439e+01
3.687999999999999723e+00,1.517500000000000000e+02,2.888888888888886797e+01
3.687999999999999723e+00,1.522500000000000000e+02,2.877777777777775725e+01
3.687999999999999723e+00,1.527500000000000000e+02,2.811111111111108940e+01
3.687999999999999723e+00,1.532500000000000000e+02,2.666666666666664653e+01
3.687999999999999723e+00,1.537500000000000000e+02,2.755555555555553937e+01
3.687999999999999723e+00,1.542500000000000000e+02,2.744444444444442865e+01
3.687999999999999723e+00,1.547500000000000000e+02,2.888888888888887152e+01
3.687999999999999723e+00,1.552500000000000000e+02,2.777777777777776080e+01
3.687999999999999723e+00,1.557500000000000000e+02,2.622222222222220367e+01
3.687999999999999723e+00,1.562500000000000000e+02,2.599999999999998224e+01
3.687999999999999723e+00,1.567500000000000000e+02,2.488888888888887152e+01
3.687999999999999723e+00,1.572500000000000000e+02,2.566666666666664653e+01
3.687999999999999723e+00,1.577500000000000000e+02,2.522222222222220012e+01
3.687999999999999723e+00,1.582500000000000000e+02,2.566666666666664298e+01
3.687999999999999723e+00,1.587500000000000000e+02,2.611111111111108585e+01
3.687999999999999723e+00,1.592500000000000000e+02,2.511111111111108585e+01
3.687999999999999723e+00,1.597500000000000000e+02,2.377777777777775370e+01
3.687999999999999723e+00,1.602500000000000000e+02,2.222222222222219656e+01
3.687999999999999723e+00,1.607500000000000000e+02,2.299999999999997158e+01
3.687999999999999723e+00,1.612500000000000000e+02,2.288888888888886086e+01
3.687999999999999723e+00,1.617500000000000000e+02,2.377777777777775370e+01
3.687999999999999723e+00,1.622500000000000000e+02,2.344444444444441800e+01
3.687999999999999723e+00,1.627500000000000000e+02,2.422222222222219656e+01
3.687999999999999723e+00,1.632500000000000000e+02,2.511111111111108585e+01
3.687999999999999723e+00,1.637500000000000000e+02,2.477777777777775370e+01
3.687999999999999723e+00,1.642500000000000000e+02,2.377777777777775370e+01
3.687999999999999723e+00,1.647500000000000000e+02,2.077777777777775370e+01
3.687999999999999723e+00,1.652500000000000000e+02,2.011111111111108585e+01
3.687999999999999723e+00,1.657500000000000000e+02,1.988888888888886441e+01
3.687999999999999723e+00,1.662500000000000000e+02,2.055555555555553227e+01
3.687999999999999723e+00,1.667500000000000000e+02,1.933333333333331083e+01
3.687999999999999723e+00,1.672500000000000000e+02,1.933333333333331083e+01
3.687999999999999723e+00,1.677500000000000000e+02,1.877777777777775370e+01
3.687999999999999723e+00,1.682500000000000000e+02,1.888888888888886797e+01
3.687999999999999723e+00,1.687500000000000000e+02,1.711111111111108940e+01
3.687999999999999723e+00,1.692500000000000000e+02,1.655555555555553227e+01
3.687999999999999723e+00,1.697500000000000000e+02,1.633333333333331083e+01
3.687999999999999723e+00,1.702500000000000000e+02,1.688888888888886797e+01
3.687999999999999723e+00,1.707500000000000000e+02,1.522222222222220012e+01
3.687999999999999723e+00,1.712500000000000000e+02,1.433333333333330906e+01
3.687999999999999723e+00,1.717500000000000000e+02,1.322222222222219834e+01
3.687999999999999723e+00,1.722500000000000000e+02,1.377777777777775192e+01
3.687999999999999723e+00,1.727500000000000000e+02,1.199999999999997335e+01
3.687999999999999723e+00,1.732500000000000000e+02,1.099999999999997335e+01
3.687999999999999723e+00,1.737500000000000000e+02,9.444444444444419773e+00
3.687999999999999723e+00,1.742500000000000000e+02,1.033333333333330906e+01
3.687999999999999723e+00,1.747500000000000000e+02,9.555555555555530489e+00
3.687999999999999723e+00,1.752500000000000000e+02,8.777777777777753698e+00
3.687999999999999723e+00,1.757500000000000000e+02,7.333333333333309945e+00
3.687999999999999723e+00,1.762500000000000000e+02,6.333333333333309945e+00
3.687999999999999723e+00,1.767500000000000000e+02,6.222222222222197452e+00
3.687999999999999723e+00,1.772500000000000000e+02,4.555555555555531377e+00
3.687999999999999723e+00,1.777500000000000000e+02,4.222222222222197452e+00
3.687999999999999723e+00,1.782500000000000000e+02,2.777777777777753698e+00
3.687999999999999723e+00,1.787500000000000000e+02,2.333333333333309501e+00
3.687999999999999723e+00,1.792500000000000000e+02,1.444444444444420439e+00
3.687999999999999723e+00,1.797500000000000000e+02,9.999999999999759082e-01
3.703999999999999737e+00,1.302500000000000000e+02,3.822222222222222143e+01
3.703999999999999737e+00,1.307500000000000000e+02,3.611111111111111427e+01
3.703999999999999737e+00,1.312500000000000000e+02,3.800000000000000000e+01
3.703999999999999737e+00,1.317500000000000000e+02,3.555555555555555003e+01
3.703999999999999737e+00,1.322500000000000000e+02,3.777777777777777146e+01
3.703999999999999737e+00,1.327500000000000000e+02,3.644444444444443576e+01
3.703999999999999737e+00,1.332500000000000000e+02,3.644444444444443576e+01
3.703999999999999737e+00,1.337500000000000000e+02,3.544444444444443576e+01
3.703999999999999737e+00,1.342500000000000000e+02,3.288888888888887863e+01
3.703999999999999737e+00,1.347500000000000000e+02,3.099999999999998934e+01
3.703999999999999737e+00,1.352500000000000000e+02,2.955555555555554648e+01
3.703999999999999737e+00,1.357500000000000000e+02,3.111111111111110361e+01
3.703999999999999737e+00,1.362500000000000000e+02,2.977777777777777146e+01
3.703999999999999737e+00,1.367500000000000000e+02,3.077777777777777146e+01
3.703999999999999737e+00,1.372500000000000000e+02,2.977777777777777146e+01
3.703999999999999737e+00,1.377500000000000000e+02,3.033333333333332860e+01
3.703999999999999737e+00,1.382500000000000000e+02,2.855555555555555358e+01
3.703999999999999737e+00,1.387500000000000000e+02,3.088888888888888573e+01
3.703999999999999737e+00,1.392500000000000000e+02,3.188888888888888573e+01
3.703999999999999737e+00,1.397500000000000000e+02,3.366666666666666430e+01
3.703999999999999737e+00,1.402500000000000000e+02,3.066666666666666075e+01
3.703999999999999737e+00,1.407500000000000000e+02,3.166666666666666075e+01
3.703999999999999737e+00,1.412500000000000000e+02,3.255555555555555003e+01
3.703999999999999737e+00,1.417500000000000000e+02,3.288888888888888573e+01
3.703999999999999737e+00,1.422500000000000000e+02,3.233333333333333570e+01
3.703999999999999737e+00,1.427500000000000000e+02,3.166666666666666785e+01
3.703999999999999737e+00,1.432500000000000000e+02,3.277777777777777857e+01
3.703999999999999737e+00,1.437500000000000000e+02,3.244444444444444997e+01
3.703999999999999737e+00,1.442500000000000000e+02,3.200000000000000711e+01
3.703999999999999737e+00,1.447500000000000000e+02,3.188888888888889639e+01
3.703999999999999737e+00,1.452500000000000000e+02,3.222222222222222854e+01
3.703999999999999737e+00,1.457500000000000000e+02,3.255555555555556424e+01
3.703999999999999737e+00,1.462500000000000000e+02,3.255555555555556424e+01
3.703999999999999737e+00,1.467500000000000000e+02,3.133333333333333925e+01
3.703999999999999737e+00,1.472500000000000000e+02,3.111111111111111427e+01
3.703999999999999737e+00,1.477500000000000000e+02,3.044444444444444642e+01
3.703999999999999737e+00,1.482500000000000000e+02,3.000000000000000355e+01
3.703999999999999737e+00,1.487500000000000000e+02,3.066666666666667140e+01
3.703999999999999737e+00,1.492500000000000000e+02,3.000000000000000355e+01
3.703999999999999737e+00,1.497500000000000000e+02,3.177777777777778212e+01
3.703999999999999737e+00,1.502500000000000000e+02,2.966666666666667140e+01
3.703999999999999737e+00,1.507500000000000000e+02,2.977777777777778212e+01
3.703999999999999737e+00,1.512500000000000000e+02,2.811111111111111427e+01
3.703999999999999737e+00,1.517500000000000000e+02,2.922222222222222499e+01
3.703999999999999737e+00,1.522500000000000000e+02,2.844444444444444642e+01
3.703999999999999737e+00,1.527500000000000000e+02,2.755555555555556069e+01
3.703999999999999737e+00,1.532500000000000000e+02,2.555555555555556069e+01
3.703999999999999737e+00,1.537500000000000000e+02,2.688888888888889639e+01
3.703999999999999737e+00,1.542500000000000000e+02,2.955555555555556069e+01
3.703999999999999737e+00,1.547500000000000000e+02,3.055555555555556069e+01
3.703999999999999737e+00,1.552500000000000000e+02,2.933333333333333925e+01
3.703999999999999737e+00,1.557500000000000000e+02,2.688888888888889639e+01
3.703999999999999737e+00,1.562500000000000000e+02,2.622222222222222854e+01
3.703999999999999737e+00,1.567500000000000000e+02,2.455555555555556069e+01
3.703999999999999737e+00,1.572500000000000000e+02,2.633333333333334281e+01
3.703999999999999737e+00,1.577500000000000000e+02,2.677777777777778567e+01
3.703999999999999737e+00,1.582500000000000000e+02,2.755555555555556069e+01
3.703999999999999737e+00,1.587500000000000000e+02,2.577777777777778212e+01
3.703999999999999737e+00,1.592500000000000000e+02,2.500000000000000355e+01
3.703999999999999737e+00,1.597500000000000000e+02,2.377777777777778212e+01
3.703999999999999737e+00,1.602500000000000000e+02,2.222222222222222854e+01
3.703999999999999737e+00,1.607500000000000000e+02,2.188888888888889639e+01
3.703999999999999737e+00,1.612500000000000000e+02,2.200000000000000355e+01
3.703999999999999737e+00,1.617500000000000000e+02,2.277777777777778212e+01
3.703999999999999737e+00,1.622500000000000000e+02,2.244444444444444642e+01
3.703999999999999737e+00,1.627500000000000000e+02,2.311111111111111427e+01
3.703999999999999737e+00,1.632500000000000000e+02,2.255555555555555713e+01
3.703999999999999737e+00,1.637500000000000000e+02,2.277777777777778212e+01
3.703999999999999737e+00,1.642500000000000000e+02,2.033333333333333925e+01
3.703999999999999737e+00,1.647500000000000000e+02,1.888888888888889639e+01
3.703999999999999737e+00,1.652500000000000000e+02,1.755555555555556069e+01
3.703999999999999737e+00,1.657500000000000000e+02,1.844444444444445352e+01
3.703999999999999737e+00,1.662500000000000000e+02,1.822222222222222854e+01
3.703999999999999737e+00,1.667500000000000000e+02,1.711111111111111782e+01
3.703999999999999737e+00,1.672500000000000000e+02,1.600000000000000355e+01
3.703999999999999737e+00,1.677500000000000000e+02,1.500000000000000533e+01
3.703999999999999737e+00,1.682500000000000000e+02,1.577777777777778390e+01
3.703999999999999737e+00,1.687500000000000000e+02,1.511111111111111605e+01
3.703999999999999737e+00,1.692500000000000000e+02,1.555555555555556246e+01
3.703999999999999737e+00,1.697500000000000000e+02,1.522222222222222854e+01
3.703999999999999737e+00,1.702500000000000000e+02,1.600000000000000355e+01
3.703999999999999737e+00,1.707500000000000000e+02,1.433333333333333748e+01
3.703999999999999737e+00,1.712500000000000000e+02,1.322222222222222676e+01
3.703999999999999737e+00,1.717500000000000000e+02,1.211111111111111427e+01
3.703999999999999737e+00,1.722500000000000000e+02,1.244444444444444819e+01
3.703999999999999737e+00,1.727500000000000000e+02,1.100000000000000178e+01
3.703999999999999737e+00,1.732500000000000000e+02,1.000000000000000178e+01
3.703999999999999737e+00,1.737500000000000000e+02,9.000000000000001776e+00
3.703999999999999737e+00,1.742500000000000000e+02,1.011111111111111427e+01
3.703999999999999737e+00,1.747500000000000000e+02,8.666666666666669627e+00
3.703999999999999737e+00,1.752500000000000000e+02,8.000000000000001776e+00
3.703999999999999737e+00,1.757500000000000000e+02,5.888888888888890172e+00
3.703999999999999737e+00,1.762500000000000000e+02,6.555555555555557135e+00
3.703999999999999737e+00,1.767500000000000000e+02,5.888888888888890172e+00
3.703999999999999737e+00,1.772500000000000000e+02,5.111111111111112493e+00
3.703999999999999737e+00,1.777500000000000000e+02,3.888888888888890616e+00
3.703999999999999737e+00,1.782500000000000000e+02,3.222222222222223653e+00
3.703999999999999737e+00,1.787500000000000000e+02,2.444444444444445974e+00
3.703999999999999737e+00,1.792500000000000000e+02,1.444444444444446196e+00
3.703999999999999737e+00,1.797500000000000000e+02,6.666666666666684060e-01
3.719999999999999751e+00,1.302500000000000000e+02,3.822222222222222143e+01
3.719999999999999751e+00,1.307500000000000000e+02,3.644444444444444287e+01
3.719999999999999751e+00,1.312500000000000000e+02,3.766666666666666430e+01
3.719999999999999751e+00,1.317500000000000000e+02,3.533333333333333570e+01
3.719999999999999751e+00,1.322500000000000000e+02,3.711111111111110716e+01
3.719999999999999751e+00,1.327500000000000000e+02,3.511111111111110716e+01
3.719999999999999751e+00,1.332500000000000000e+02,3.577777777777777857e+01
3.719999999999999751e+00,1.337500000000000000e+02,3.433333333333333570e+01
3.719999999999999751e+00,1.342500000000000000e+02,3.466666666666666430e+01
3.719999999999999751e+00,1.347500000000000000e+02,3.288888888888889284e+01
3.719999999999999751e+00,1.352500000000000000e+02,3.255555555555555713e+01
3.719999999999999751e+00,1.357500000000000000e+02,3.133333333333333215e+01
3.719999999999999751e+00,1.362500000000000000e+02,3.011111111111111427e+01
3.719999999999999751e+00,1.367500000000000000e+02,2.966666666666666785e+01
3.719999999999999751e+00,1.372500000000000000e+02,2.877777777777777501e+01
3.719999999999999751e+00,1.377500000000000000e+02,2.900000000000000000e+01
3.719999999999999751e+00,1.382500000000000000e+02,2.755555555555555713e+01
3.719999999999999751e+00,1.387500000000000000e+02,2.800000000000000000e+01
3.719999999999999751e+00,1.392500000000000000e+02,2.922222222222222499e+01
3.719999999999999751e+00,1.397500000000000000e+02,3.200000000000000000e+01
3.719999999999999751e+00,1.402500000000000000e+02,3.166666666666666785e+01
3.719999999999999751e+00,1.407500000000000000e+02,3.200000000000000000e+01
3.719999999999999751e+00,1.412500000000000000e+02,2.922222222222221788e+01
3.719999999999999751e+00,1.417500000000000000e+02,2.977777777777777146e+01
3.719999999999999751e+00,1.422500000000000000e+02,2.811111111111110361e+01
3.719999999999999751e+00,1.427500000000000000e+02,2.944444444444443931e+01
3.719999999999999751e+00,1.432500000000000000e+02,3.055555555555554648e+01
3.719999999999999751e+00,1.437500000000000000e+02,3.222222222222221433e+01
3.719999999999999751e+00,1.442500000000000000e+02,3.244444444444443576e+01
3.719999999999999751e+00,1.447500000000000000e+02,3.133333333333332860e+01
3.719999999999999751e+00,1.452500000000000000e+02,3.122222222222221788e+01
3.719999999999999751e+00,1.457500000000000000e+02,3.244444444444444287e+01
3.719999999999999751e+00,1.462500000000000000e+02,3.177777777777777501e+01
3.719999999999999751e+00,1.467500000000000000e+02,3.100000000000000000e+01
3.719999999999999751e+00,1.472500000000000000e+02,2.855555555555555358e+01
3.719999999999999751e+00,1.477500000000000000e+02,2.855555555555555358e+01
3.719999999999999751e+00,1.482500000000000000e+02,2.877777777777777501e+01
3.719999999999999751e+00,1.487500000000000000e+02,2.966666666666666785e+01
3.719999999999999751e+00,1.492500000000000000e+02,2.900000000000000000e+01
3.719999999999999751e+00,1.497500000000000000e+02,3.000000000000000000e+01
3.719999999999999751e+00,1.502500000000000000e+02,2.944444444444444287e+01
3.719999999999999751e+00,1.507500000000000000e+02,2.944444444444444287e+01
3.719999999999999751e+00,1.512500000000000000e+02,2.677777777777777501e+01
3.719999999999999751e+00,1.517500000000000000e+02,2.755555555555555358e+01
3.719999999999999751e+00,1.522500000000000000e+02,2.755555555555555358e+01
3.719999999999999751e+00,1.527500000000000000e+02,2.677777777777777501e+01
3.719999999999999751e+00,1.532500000000000000e+02,2.533333333333333215e+01
3.719999999999999751e+00,1.537500000000000000e+02,2.555555555555555713e+01
3.719999999999999751e+00,1.542500000000000000e+02,2.900000000000000000e+01
3.719999999999999751e+00,1.547500000000000000e+02,2.955555555555555713e+01
3.719999999999999751e+00,1.552500000000000000e+02,2.988888888888888928e+01
3.719999999999999751e+00,1.557500000000000000e+02,2.677777777777778212e+01
3.719999999999999751e+00,1.562500000000000000e+02,2.555555555555555713e+01
3.719999999999999751e+00,1.567500000000000000e+02,2.244444444444444642e+01
3.719999999999999751e+00,1.572500000000000000e+02,2.500000000000000000e+01
3.719999999999999751e+00,1.577500000000000000e+02,2.433333333333333215e+01
3.719999999999999751e+00,1.582500000000000000e+02,2.544444444444444287e+01
3.719999999999999751e+00,1.587500000000000000e+02,2.266666666666666785e+01
3.719999999999999751e+00,1.592500000000000000e+02,2.433333333333333215e+01
3.719999999999999751e+00,1.597500000000000000e+02,2.544444444444444287e+01
3.719999999999999751e+00,1.602500000000000000e+02,2.433333333333333215e+01
3.719999999999999751e+00,1.607500000000000000e+02,2.255555555555555713e+01
3.719999999999999751e+00,1.612500000000000000e+02,2.177777777777778212e+01
3.719999999999999751e+00,1.617500000000000000e+02,2.311111111111111427e+01
3.719999999999999751e+00,1.622500000000000000e+02,2.366666666666666785e+01
3.719999999999999751e+00,1.627500000000000000e+02,2.300000000000000000e+01
3.719999999999999751e+00,1.632500000000000000e+02,2.200000000000000000e+01
3.719999999999999751e+00,1.637500000000000000e+02,2.188888888888888928e+01
3.719999999999999751e+00,1.642500000000000000e+02,1.933333333333333570e+01
3.719999999999999751e+00,1.647500000000000000e+02,1.833333333333333570e+01
3.719999999999999751e+00,1.652500000000000000e+02,1.711111111111111427e+01
3.719999999999999751e+00,1.657500000000000000e+02,1.900000000000000355e+01
3.719999999999999751e+00,1.662500000000000000e+02,1.822222222222222499e+01
3.719999999999999751e+00,1.667500000000000000e+02,1.800000000000000355e+01
3.719999999999999751e+00,1.672500000000000000e+02,1.633333333333333570e+01
3.719999999999999751e+00,1.677500000000000000e+02,1.633333333333333570e+01
3.719999999999999751e+00,1.682500000000000000e+02,1.577777777777778034e+01
3.719999999999999751e+00,1.687500000000000000e+02,1.488888888888889284e+01
3.719999999999999751e+00,1.692500000000000000e+02,1.522222222222222676e+01
3.719999999999999751e+00,1.697500000000000000e+02,1.577777777777778034e+01
3.719999999999999751e+00,1.702500000000000000e+02,1.588888888888889106e+01
3.719999999999999751e+00,1.707500000000000000e+02,1.377777777777778034e+01
3.719999999999999751e+00,1.712500000000000000e+02,1.211111111111111427e+01
3.719999999999999751e+00,1.717500000000000000e+02,1.122222222222222676e+01
3.719999999999999751e+00,1.722500000000000000e+02,1.166666666666667140e+01
3.719999999999999751e+00,1.727500000000000000e+02,9.666666666666671404e+00
3.719999999999999751e+00,1.732500000000000000e+02,9.666666666666671404e+00
3.719999999999999751e+00,1.737500000000000000e+02,8.888888888888892836e+00
3.719999999999999751e+00,1.742500000000000000e+02,9.555555555555558911e+00
3.719999999999999751e+00,1.747500000000000000e+02,7.666666666666670515e+00
3.719999999999999751e+00,1.752500000000000000e+02,6.777777777777781232e+00
3.719999999999999751e+00,1.757500000000000000e+02,5.111111111111114269e+00
3.719999999999999751e+00,1.762500000000000000e+02,5.555555555555559799e+00
3.719999999999999751e+00,1.767500000000000000e+02,4.888888888888892836e+00
3.719999999999999751e+00,1.772500000000000000e+02,4.222222222222225874e+00
3.719999999999999751e+00,1.777500000000000000e+02,3.000000000000003553e+00
3.719999999999999751e+00,1.782500000000000000e+02,2.333333333333337034e+00
3.719999999999999751e+00,1.787500000000000000e+02,1.666666666666670293e+00
3.719999999999999751e+00,1.792500000000000000e+02,1.000000000000003553e+00
3.719999999999999751e+00,1.797500000000000000e+02,2.222222222222257348e-01
3.735999999999999766e+00,1.302500000000000000e+02,3.588888888888889284e+01
3.735999999999999766e+00,1.307500000000000000e+02,3.688888888888889284e+01
3.735999999999999766e+00,1.312500000000000000e+02,3.822222222222222143e+01
3.735999999999999766e+00,1.317500000000000000e+02,3.666666666666666430e+01
3.735999999999999766e+00,1.322500000000000000e+02,3.688888888888888573e+01
3.735999999999999766e+00,1.327500000000000000e+02,3.611111111111110716e+01
3.735999999999999766e+00,1.332500000000000000e+02,3.755555555555555003e+01
3.735999999999999766e+00,1.337500000000000000e+02,3.599999999999999289e+01
3.735999999999999766e+00,1.342500000000000000e+02,3.522222222222220722e+01
3.735999999999999766e+00,1.347500000000000000e+02,3.355555555555554292e+01
3.735999999999999766e+00,1.352500000000000000e+02,3.311111111111109295e+01
3.735999999999999766e+00,1.357500000000000000e+02,3.133333333333331794e+01
3.735999999999999766e+00,1.362500000000000000e+02,2.966666666666665364e+01
3.735999999999999766e+00,1.367500000000000000e+02,3.022222222222221077e+01
3.735999999999999766e+00,1.372500000000000000e+02,2.966666666666665719e+01
3.735999999999999766e+00,1.377500000000000000e+02,3.033333333333332504e+01
3.735999999999999766e+00,1.382500000000000000e+02,2.888888888888888218e+01
3.735999999999999766e+00,1.387500000000000000e+02,2.922222222222221433e+01
3.735999999999999766e+00,1.392500000000000000e+02,2.911111111111110361e+01
3.735999999999999766e+00,1.397500000000000000e+02,3.055555555555554648e+01
3.735999999999999766e+00,1.402500000000000000e+02,3.122222222222221433e+01
3.735999999999999766e+00,1.407500000000000000e+02,3.099999999999998934e+01
3.735999999999999766e+00,1.412500000000000000e+02,2.966666666666665719e+01
3.735999999999999766e+00,1.417500000000000000e+02,3.066666666666665719e+01
3.735999999999999766e+00,1.422500000000000000e+02,2.933333333333332504e+01
3.735999999999999766e+00,1.427500000000000000e+02,2.933333333333332504e+01
3.735999999999999766e+00,1.432500000000000000e+02,2.911111111111110361e+01
3.735999999999999766e+00,1.437500000000000000e+02,3.077777777777777146e+01
3.735999999999999766e+00,1.442500000000000000e+02,3.066666666666665719e+01
3.735999999999999766e+00,1.447500000000000000e+02,3.022222222222221433e+01
3.735999999999999766e+00,1.452500000000000000e+02,2.911111111111110361e+01
3.735999999999999766e+00,1.457500000000000000e+02,3.122222222222221433e+01
3.735999999999999766e+00,1.462500000000000000e+02,2.922222222222221433e+01
3.735999999999999766e+00,1.467500000000000000e+02,2.855555555555554648e+01
3.735999999999999766e+00,1.472500000000000000e+02,2.677777777777777146e+01
3.735999999999999766e+00,1.477500000000000000e+02,2.744444444444443931e+01
3.735999999999999766e+00,1.482500000000000000e+02,2.877777777777777146e+01
3.735999999999999766e+00,1.487500000000000000e+02,2.822222222222221788e+01
3.735999999999999766e+00,1.492500000000000000e+02,2.911111111111110361e+01
3.735999999999999766e+00,1.497500000000000000e+02,2.944444444444443931e+01
3.735999999999999766e+00,1.502500000000000000e+02,3.099999999999999645e+01
3.735999999999999766e+00,1.507500000000000000e+02,2.977777777777777146e+01
3.735999999999999766e+00,1.512500000000000000e+02,2.855555555555555358e+01
3.735999999999999766e+00,1.517500000000000000e+02,2.733333333333332860e+01
3.735999999999999766e+00,1.522500000000000000e+02,2.811111111111110361e+01
3.735999999999999766e+00,1.527500000000000000e+02,2.655555555555554648e+01
3.735999999999999766e+00,1.532500000000000000e+02,2.466666666666665719e+01
3.735999999999999766e+00,1.537500000000000000e+02,2.533333333333332504e+01
3.735999999999999766e+00,1.542500000000000000e+02,2.922222222222221077e+01
3.735999999999999766e+00,1.547500000000000000e+02,2.977777777777776791e+01
3.735999999999999766e+00,1.552500000000000000e+02,2.877777777777776791e+01
3.735999999999999766e+00,1.557500000000000000e+02,2.755555555555554292e+01
3.735999999999999766e+00,1.562500000000000000e+02,2.777777777777776080e+01
3.735999999999999766e+00,1.567500000000000000e+02,2.599999999999998579e+01
3.735999999999999766e+00,1.572500000000000000e+02,2.622222222222221077e+01
3.735999999999999766e+00,1.577500000000000000e+02,2.511111111111110006e+01
3.735999999999999766e+00,1.582500000000000000e+02,2.711111111111110006e+01
3.735999999999999766e+00,1.587500000000000000e+02,2.377777777777776791e+01
3.735999999999999766e+00,1.592500000000000000e+02,2.311111111111110006e+01
3.735999999999999766e+00,1.597500000000000000e+02,2.288888888888887507e+01
3.735999999999999766e+00,1.602500000000000000e+02,2.166666666666665364e+01
3.735999999999999766e+00,1.607500000000000000e+02,2.133333333333331794e+01
3.735999999999999766e+00,1.612500000000000000e+02,1.999999999999998579e+01
3.735999999999999766e+00,1.617500000000000000e+02,2.233333333333331794e+01
3.735999999999999766e+00,1.622500000000000000e+02,2.388888888888887507e+01
3.735999999999999766e+00,1.627500000000000000e+02,2.299999999999998579e+01
3.735999999999999766e+00,1.632500000000000000e+02,2.188888888888887507e+01
3.735999999999999766e+00,1.637500000000000000e+02,1.999999999999998579e+01
3.735999999999999766e+00,1.642500000000000000e+02,1.777777777777776436e+01
3.735999999999999766e+00,1.647500000000000000e+02,1.722222222222221077e+01
3.735999999999999766e+00,1.652500000000000000e+02,1.733333333333331794e+01
3.735999999999999766e+00,1.657500000000000000e+02,1.877777777777776436e+01
3.735999999999999766e+00,1.662500000000000000e+02,1.733333333333331794e+01
3.735999999999999766e+00,1.667500000000000000e+02,1.666666666666665364e+01
3.735999999999999766e+00,1.672500000000000000e+02,1.522222222222220722e+01
3.735999999999999766e+00,1.677500000000000000e+02,1.622222222222220722e+01
3.735999999999999766e+00,1.682500000000000000e+02,1.533333333333331971e+01
3.735999999999999766e+00,1.687500000000000000e+02,1.477777777777776436e+01
3.735999999999999766e+00,1.692500000000000000e+02,1.455555555555554292e+01
3.735999999999999766e+00,1.697500000000000000e+02,1.577777777777776436e+01
3.735999999999999766e+00,1.702500000000000000e+02,1.544444444444443043e+01
3.735999999999999766e+00,1.707500000000000000e+02,1.244444444444443043e+01
3.735999999999999766e+00,1.712500000000000000e+02,1.055555555555554292e+01
3.735999999999999766e+00,1.717500000000000000e+02,9.555555555555542924e+00
3.735999999999999766e+00,1.722500000000000000e+02,1.011111111111109828e+01
3.735999999999999766e+00,1.727500000000000000e+02,8.666666666666653640e+00
3.735999999999999766e+00,1.732500000000000000e+02,9.222222222222208998e+00
3.735999999999999766e+00,1.737500000000000000e+02,8.555555555555542924e+00
3.735999999999999766e+00,1.742500000000000000e+02,8.888888888888876849e+00
3.735999999999999766e+00,1.747500000000000000e+02,7.222222222222209886e+00
3.735999999999999766e+00,1.752500000000000000e+02,6.555555555555542924e+00
3.735999999999999766e+00,1.757500000000000000e+02,4.666666666666653640e+00
3.735999999999999766e+00,1.762500000000000000e+02,4.888888888888875961e+00
3.735999999999999766e+00,1.767500000000000000e+02,4.222222222222208998e+00
3.735999999999999766e+00,1.772500000000000000e+02,3.666666666666653640e+00
3.735999999999999766e+00,1.777500000000000000e+02,2.888888888888876405e+00
3.735999999999999766e+00,1.782500000000000000e+02,2.111111111111098726e+00
3.735999999999999766e+00,1.787500000000000000e+02,1.777777777777765245e+00
3.735999999999999766e+00,1.792500000000000000e+02,7.777777777777652446e-01
3.735999999999999766e+00,1.797500000000000000e+02,3.333333333333208248e-01
3.751999999999999780e+00,1.302500000000000000e+02,3.422222222222222143e+01
3.751999999999999780e+00,1.307500000000000000e+02,3.455555555555555003e+01
3.751999999999999780e+00,1.312500000000000000e+02,3.555555555555555003e+01
3.751999999999999780e+00,1.317500000000000000e+02,3.566666666666666430e+01
3.751999999999999780e+00,1.322500000000000000e+02,3.711111111111111427e+01
3.751999999999999780e+00,1.327500000000000000e+02,3.677777777777777857e+01
3.751999999999999780e+00,1.332500000000000000e+02,3.744444444444444997e+01
3.751999999999999780e+00,1.337500000000000000e+02,3.555555555555556424e+01
3.751999999999999780e+00,1.342500000000000000e+02,3.411111111111112137e+01
3.751999999999999780e+00,1.347500000000000000e+02,3.544444444444444997e+01
3.751999999999999780e+00,1.352500000000000000e+02,3.333333333333334281e+01
3.751999999999999780e+00,1.357500000000000000e+02,3.166666666666667496e+01
3.751999999999999780e+00,1.362500000000000000e+02,2.955555555555556779e+01
3.751999999999999780e+00,1.367500000000000000e+02,3.111111111111112493e+01
3.751999999999999780e+00,1.372500000000000000e+02,2.988888888888890349e+01
3.751999999999999780e+00,1.377500000000000000e+02,2.866666666666668561e+01
3.751999999999999780e+00,1.382500000000000000e+02,2.911111111111113203e+01
3.751999999999999780e+00,1.387500000000000000e+02,2.911111111111113203e+01
3.751999999999999780e+00,1.392500000000000000e+02,2.911111111111113203e+01
3.751999999999999780e+00,1.397500000000000000e+02,2.822222222222224630e+01
3.751999999999999780e+00,1.402500000000000000e+02,3.066666666666668917e+01
3.751999999999999780e+00,1.407500000000000000e+02,3.155555555555558200e+01
3.751999999999999780e+00,1.412500000000000000e+02,3.022222222222224630e+01
3.751999999999999780e+00,1.417500000000000000e+02,3.055555555555558200e+01
3.751999999999999780e+00,1.422500000000000000e+02,2.877777777777780344e+01
3.751999999999999780e+00,1.427500000000000000e+02,2.955555555555558200e+01
3.751999999999999780e+00,1.432500000000000000e+02,2.877777777777780344e+01
3.751999999999999780e+00,1.437500000000000000e+02,3.044444444444447129e+01
3.751999999999999780e+00,1.442500000000000000e+02,3.000000000000002842e+01
3.751999999999999780e+00,1.447500000000000000e+02,2.933333333333336057e+01
3.751999999999999780e+00,1.452500000000000000e+02,2.711111111111113914e+01
3.751999999999999780e+00,1.457500000000000000e+02,2.900000000000002842e+01
3.751999999999999780e+00,1.462500000000000000e+02,2.766666666666669627e+01
3.751999999999999780e+00,1.467500000000000000e+02,2.911111111111114269e+01
3.751999999999999780e+00,1.472500000000000000e+02,2.877777777777781054e+01
3.751999999999999780e+00,1.477500000000000000e+02,2.811111111111114269e+01
3.751999999999999780e+00,1.482500000000000000e+02,2.766666666666669627e+01
3.751999999999999780e+00,1.487500000000000000e+02,2.544444444444447129e+01
3.751999999999999780e+00,1.492500000000000000e+02,2.800000000000002842e+01
3.751999999999999780e+00,1.497500000000000000e+02,2.944444444444447484e+01
3.751999999999999780e+00,1.502500000000000000e+02,3.122222222222225341e+01
3.751999999999999780e+00,1.507500000000000000e+02,2.888888888888891771e+01
3.751999999999999780e+00,1.512500000000000000e+02,2.766666666666669627e+01
3.751999999999999780e+00,1.517500000000000000e+02,2.644444444444447484e+01
3.751999999999999780e+00,1.522500000000000000e+02,2.822222222222225696e+01
3.751999999999999780e+00,1.527500000000000000e+02,2.666666666666669983e+01
3.751999999999999780e+00,1.532500000000000000e+02,2.544444444444447484e+01
3.751999999999999780e+00,1.537500000000000000e+02,2.611111111111114269e+01
3.751999999999999780e+00,1.542500000000000000e+02,2.733333333333336768e+01
3.751999999999999780e+00,1.547500000000000000e+02,2.755555555555558911e+01
3.751999999999999780e+00,1.552500000000000000e+02,2.611111111111114269e+01
3.751999999999999780e+00,1.557500000000000000e+02,2.633333333333336768e+01
3.751999999999999780e+00,1.562500000000000000e+02,2.588888888888892481e+01
3.751999999999999780e+00,1.567500000000000000e+02,2.444444444444448195e+01
3.751999999999999780e+00,1.572500000000000000e+02,2.266666666666670338e+01
3.751999999999999780e+00,1.577500000000000000e+02,2.222222222222225696e+01
3.751999999999999780e+00,1.582500000000000000e+02,2.388888888888892481e+01
3.751999999999999780e+00,1.587500000000000000e+02,2.300000000000003908e+01
3.751999999999999780e+00,1.592500000000000000e+02,2.211111111111115335e+01
3.751999999999999780e+00,1.597500000000000000e+02,2.244444444444448550e+01
3.751999999999999780e+00,1.602500000000000000e+02,2.288888888888892836e+01
3.751999999999999780e+00,1.607500000000000000e+02,2.277777777777781765e+01
3.751999999999999780e+00,1.612500000000000000e+02,1.988888888888892836e+01
3.751999999999999780e+00,1.617500000000000000e+02,2.033333333333337123e+01
3.751999999999999780e+00,1.622500000000000000e+02,2.222222222222226051e+01
3.751999999999999780e+00,1.627500000000000000e+02,2.255555555555559621e+01
3.751999999999999780e+00,1.632500000000000000e+02,2.277777777777781765e+01
3.751999999999999780e+00,1.637500000000000000e+02,1.900000000000003908e+01
3.751999999999999780e+00,1.642500000000000000e+02,1.744444444444448550e+01
3.751999999999999780e+00,1.647500000000000000e+02,1.644444444444448550e+01
3.751999999999999780e+00,1.652500000000000000e+02,1.755555555555559621e+01
3.751999999999999780e+00,1.657500000000000000e+02,1.900000000000004263e+01
3.751999999999999780e+00,1.662500000000000000e+02,1.766666666666671048e+01
3.751999999999999780e+00,1.667500000000000000e+02,1.833333333333337478e+01
3.751999999999999780e+00,1.672500000000000000e+02,1.600000000000004263e+01
3.751999999999999780e+00,1.677500000000000000e+02,1.755555555555559977e+01
3.751999999999999780e+00,1.682500000000000000e+02,1.511111111111115513e+01
3.751999999999999780e+00,1.687500000000000000e+02,1.433333333333337656e+01
3.751999999999999780e+00,1.692500000000000000e+02,1.377777777777781942e+01
3.751999999999999780e+00,1.697500000000000000e+02,1.377777777777781942e+01
3.751999999999999780e+00,1.702500000000000000e+02,1.388888888888893014e+01
3.751999999999999780e+00,1.707500000000000000e+02,1.088888888888893014e+01
3.751999999999999780e+00,1.712500000000000000e+02,1.100000000000004263e+01
3.751999999999999780e+00,1.717500000000000000e+02,9.222222222222265842e+00
3.751999999999999780e+00,1.722500000000000000e+02,9.111111111111155125e+00
3.751999999999999780e+00,1.727500000000000000e+02,7.333333333333377446e+00
3.751999999999999780e+00,1.732500000000000000e+02,8.888888888888933693e+00
3.751999999999999780e+00,1.737500000000000000e+02,8.000000000000044409e+00
3.751999999999999780e+00,1.742500000000000000e+02,8.111111111111155125e+00
3.751999999999999780e+00,1.747500000000000000e+02,6.666666666666711372e+00
3.751999999999999780e+00,1.752500000000000000e+02,6.333333333333378334e+00
3.751999999999999780e+00,1.757500000000000000e+02,4.888888888888933693e+00
3.751999999999999780e+00,1.762500000000000000e+02,4.000000000000045297e+00
3.751999999999999780e+00,1.767500000000000000e+02,4.333333333333378334e+00
3.751999999999999780e+00,1.772500000000000000e+02,3.888888888888934137e+00
3.751999999999999780e+00,1.777500000000000000e+02,3.888888888888934137e+00
3.751999999999999780e+00,1.782500000000000000e+02,2.000000000000045297e+00
3.751999999999999780e+00,1.787500000000000000e+02,1.666666666666712038e+00
3.751999999999999780e+00,1.792500000000000000e+02,6.666666666667119268e-01
3.751999999999999780e+00,1.797500000000000000e+02,6.666666666667119268e-01
3.767999999999999794e+00,1.302500000000000000e+02,3.522222222222222143e+01
3.767999999999999794e+00,1.307500000000000000e+02,3.555555555555555003e+01
3.767999999999999794e+00,1.312500000000000000e+02,3.622222222222222143e+01
3.767999999999999794e+00,1.317500000000000000e+02,3.422222222222222143e+01
3.767999999999999794e+00,1.322500000000000000e+02,3.544444444444444287e+01
3.767999999999999794e+00,1.327500000000000000e+02,3.511111111111110716e+01
3.767999999999999794e+00,1.332500000000000000e+02,3.633333333333333570e+01
3.767999999999999794e+00,1.337500000000000000e+02,3.588888888888888573e+01
3.767999999999999794e+00,1.342500000000000000e+02,3.411111111111110716e+01
3.767999999999999794e+00,1.347500000000000000e+02,3.533333333333333570e+01
3.767999999999999794e+00,1.352500000000000000e+02,3.188888888888888928e+01
3.767999999999999794e+00,1.357500000000000000e+02,3.055555555555555713e+01
3.767999999999999794e+00,1.362500000000000000e+02,2.877777777777778212e+01
3.767999999999999794e+00,1.367500000000000000e+02,3.066666666666667140e+01
3.767999999999999794e+00,1.372500000000000000e+02,3.144444444444444642e+01
3.767999999999999794e+00,1.377500000000000000e+02,3.055555555555555713e+01
3.767999999999999794e+00,1.382500000000000000e+02,3.155555555555555713e+01
3.767999999999999794e+00,1.387500000000000000e+02,3.144444444444444642e+01
3.767999999999999794e+00,1.392500000000000000e+02,3.100000000000000000e+01
3.767999999999999794e+00,1.397500000000000000e+02,2.833333333333333215e+01
3.767999999999999794e+00,1.402500000000000000e+02,3.022222222222222499e+01
3.767999999999999794e+00,1.407500000000000000e+02,3.177777777777778212e+01
3.767999999999999794e+00,1.412500000000000000e+02,3.311111111111111427e+01
3.767999999999999794e+00,1.417500000000000000e+02,3.133333333333333925e+01
3.767999999999999794e+00,1.422500000000000000e+02,2.944444444444444642e+01
3.767999999999999794e+00,1.427500000000000000e+02,2.888888888888888928e+01
3.767999999999999794e+00,1.432500000000000000e+02,2.911111111111111427e+01
3.767999999999999794e+00,1.437500000000000000e+02,3.044444444444444642e+01
3.767999999999999794e+00,1.442500000000000000e+02,2.977777777777778212e+01
3.767999999999999794e+00,1.447500000000000000e+02,3.055555555555556069e+01
3.767999999999999794e+00,1.452500000000000000e+02,2.733333333333334281e+01
3.767999999999999794e+00,1.457500000000000000e+02,2.855555555555556779e+01
3.767999999999999794e+00,1.462500000000000000e+02,2.644444444444445708e+01
3.767999999999999794e+00,1.467500000000000000e+02,2.800000000000001066e+01
3.767999999999999794e+00,1.472500000000000000e+02,2.822222222222222854e+01
3.767999999999999794e+00,1.477500000000000000e+02,2.722222222222222854e+01
3.767999999999999794e+00,1.482500000000000000e+02,2.766666666666667496e+01
3.767999999999999794e+00,1.487500000000000000e+02,2.666666666666667496e+01
3.767999999999999794e+00,1.492500000000000000e+02,2.900000000000001066e+01
3.767999999999999794e+00,1.497500000000000000e+02,3.000000000000001066e+01
3.767999999999999794e+00,1.502500000000000000e+02,3.044444444444445352e+01
3.767999999999999794e+00,1.507500000000000000e+02,2.844444444444445352e+01
3.767999999999999794e+00,1.512500000000000000e+02,2.744444444444445352e+01
3.767999999999999794e+00,1.517500000000000000e+02,2.633333333333334281e+01
3.767999999999999794e+00,1.522500000000000000e+02,2.866666666666667496e+01
3.767999999999999794e+00,1.527500000000000000e+02,2.711111111111111782e+01
3.767999999999999794e+00,1.532500000000000000e+02,2.655555555555556069e+01
3.767999999999999794e+00,1.537500000000000000e+02,2.655555555555556069e+01
3.767999999999999794e+00,1.542500000000000000e+02,2.588888888888889639e+01
3.767999999999999794e+00,1.547500000000000000e+02,2.644444444444445352e+01
3.767999999999999794e+00,1.552500000000000000e+02,2.411111111111111782e+01
3.767999999999999794e+00,1.557500000000000000e+02,2.600000000000001066e+01
3.767999999999999794e+00,1.562500000000000000e+02,2.377777777777778567e+01
3.767999999999999794e+00,1.567500000000000000e+02,2.444444444444445352e+01
3.767999999999999794e+00,1.572500000000000000e+02,2.233333333333334281e+01
3.767999999999999794e+00,1.577500000000000000e+02,2.333333333333334281e+01
3.767999999999999794e+00,1.582500000000000000e+02,2.311111111111112493e+01
3.767999999999999794e+00,1.587500000000000000e+02,2.255555555555557135e+01
3.767999999999999794e+00,1.592500000000000000e+02,2.011111111111112848e+01
3.767999999999999794e+00,1.597500000000000000e+02,1.966666666666668206e+01
3.767999999999999794e+00,1.602500000000000000e+02,2.033333333333334991e+01
3.767999999999999794e+00,1.607500000000000000e+02,2.177777777777779633e+01
3.767999999999999794e+00,1.612500000000000000e+02,1.922222222222223920e+01
3.767999999999999794e+00,1.617500000000000000e+02,1.888888888888890705e+01
3.767999999999999794e+00,1.622500000000000000e+02,1.933333333333335347e+01
3.767999999999999794e+00,1.627500000000000000e+02,2.144444444444446063e+01
3.767999999999999794e+00,1.632500000000000000e+02,2.111111111111112848e+01
3.767999999999999794e+00,1.637500000000000000e+02,1.811111111111112848e+01
3.767999999999999794e+00,1.642500000000000000e+02,1.566666666666668384e+01
3.767999999999999794e+00,1.647500000000000000e+02,1.455555555555557135e+01
3.767999999999999794e+00,1.652500000000000000e+02,1.511111111111112848e+01
3.767999999999999794e+00,1.657500000000000000e+02,1.555555555555557312e+01
3.767999999999999794e+00,1.662500000000000000e+02,1.544444444444446241e+01
3.767999999999999794e+00,1.667500000000000000e+02,1.500000000000001599e+01
3.767999999999999794e+00,1.672500000000000000e+02,1.366666666666668384e+01
3.767999999999999794e+00,1.677500000000000000e+02,1.488888888888890527e+01
3.767999999999999794e+00,1.682500000000000000e+02,1.411111111111112670e+01
3.767999999999999794e+00,1.687500000000000000e+02,1.377777777777779278e+01
3.767999999999999794e+00,1.692500000000000000e+02,1.288888888888890527e+01
3.767999999999999794e+00,1.697500000000000000e+02,1.155555555555557135e+01
3.767999999999999794e+00,1.702500000000000000e+02,1.155555555555557135e+01
3.767999999999999794e+00,1.707500000000000000e+02,9.111111111111126704e+00
3.767999999999999794e+00,1.712500000000000000e+02,1.022222222222223742e+01
3.767999999999999794e+00,1.717500000000000000e+02,8.444444444444458853e+00
3.767999999999999794e+00,1.722500000000000000e+02,8.111111111111126704e+00
3.767999999999999794e+00,1.727500000000000000e+02,7.000000000000015099e+00
3.767999999999999794e+00,1.732500000000000000e+02,8.333333333333348136e+00
3.767999999999999794e+00,1.737500000000000000e+02,7.666666666666682062e+00
3.767999999999999794e+00,1.742500000000000000e+02,7.666666666666682062e+00
3.767999999999999794e+00,1.747500000000000000e+02,6.333333333333349024e+00
3.767999999999999794e+00,1.752500000000000000e+02,6.000000000000015099e+00
3.767999999999999794e+00,1.757500000000000000e+02,4.666666666666682062e+00
3.767999999999999794e+00,1.762500000000000000e+02,4.111111111111125815e+00
3.767999999999999794e+00,1.767500000000000000e+02,4.000000000000015099e+00
3.767999999999999794e+00,1.772500000000000000e+02,3.888888888888903494e+00
3.767999999999999794e+00,1.777500000000000000e+02,4.222222222222236532e+00
3.767999999999999794e+00,1.782500000000000000e+02,3.000000000000014655e+00
3.767999999999999794e+00,1.787500000000000000e+02,2.333333333333348136e+00
3.767999999999999794e+00,1.792500000000000000e+02,8.888888888889038276e-01
3.767999999999999794e+00,1.797500000000000000e+02,8.888888888889038276e-01
3.783999999999999808e+00,1.302500000000000000e+02,3.700000000000000000e+01
3.783999999999999808e+00,1.307500000000000000e+02,3.611111111111111427e+01
3.783999999999999808e+00,1.312500000000000000e+02,3.533333333333333570e+01
3.783999999999999808e+00,1.317500000000000000e+02,3.333333333333333570e+01
3.783999999999999808e+00,1.322500000000000000e+02,3.588888888888889284e+01
3.783999999999999808e+00,1.327500000000000000e+02,3.633333333333333570e+01
3.783999999999999808e+00,1.332500000000000000e+02,3.477777777777777857e+01
3.783999999999999808e+00,1.337500000000000000e+02,3.211111111111111427e+01
3.783999999999999808e+00,1.342500000000000000e+02,3.111111111111111427e+01
3.783999999999999808e+00,1.347500000000000000e+02,3.355555555555556424e+01
3.783999999999999808e+00,1.352500000000000000e+02,3.155555555555556069e+01
3.783999999999999808e+00,1.357500000000000000e+02,2.988888888888889639e+01
3.783999999999999808e+00,1.362500000000000000e+02,2.922222222222222854e+01
3.783999999999999808e+00,1.367500000000000000e+02,3.122222222222222854e+01
3.783999999999999808e+00,1.372500000000000000e+02,3.200000000000000711e+01
3.783999999999999808e+00,1.377500000000000000e+02,3.066666666666667140e+01
3.783999999999999808e+00,1.382500000000000000e+02,3.088888888888889639e+01
3.783999999999999808e+00,1.387500000000000000e+02,3.077777777777778567e+01
3.783999999999999808e+00,1.392500000000000000e+02,3.066666666666667496e+01
3.783999999999999808e+00,1.397500000000000000e+02,2.811111111111111782e+01
3.783999999999999808e+00,1.402500000000000000e+02,2.911111111111111782e+01
3.783999999999999808e+00,1.407500000000000000e+02,3.022222222222222854e+01
3.783999999999999808e+00,1.412500000000000000e+02,3.255555555555556424e+01
3.783999999999999808e+00,1.417500000000000000e+02,3.122222222222222854e+01
3.783999999999999808e+00,1.422500000000000000e+02,3.177777777777778567e+01
3.783999999999999808e+00,1.427500000000000000e+02,3.133333333333334281e+01
3.783999999999999808e+00,1.432500000000000000e+02,3.122222222222222854e+01
3.783999999999999808e+00,1.437500000000000000e+02,3.100000000000001066e+01
3.783999999999999808e+00,1.442500000000000000e+02,2.911111111111111782e+01
3.783999999999999808e+00,1.447500000000000000e+02,2.911111111111111782e+01
3.783999999999999808e+00,1.452500000000000000e+02,2.600000000000001066e+01
3.783999999999999808e+00,1.457500000000000000e+02,2.688888888888889639e+01
3.783999999999999808e+00,1.462500000000000000e+02,2.611111111111111782e+01
3.783999999999999808e+00,1.467500000000000000e+02,2.700000000000001066e+01
3.783999999999999808e+00,1.472500000000000000e+02,2.655555555555556779e+01
3.783999999999999808e+00,1.477500000000000000e+02,2.555555555555556779e+01
3.783999999999999808e+00,1.482500000000000000e+02,2.655555555555556779e+01
3.783999999999999808e+00,1.487500000000000000e+02,2.733333333333334281e+01
3.783999999999999808e+00,1.492500000000000000e+02,2.922222222222223209e+01
3.783999999999999808e+00,1.497500000000000000e+02,2.955555555555556779e+01
3.783999999999999808e+00,1.502500000000000000e+02,2.833333333333334281e+01
3.783999999999999808e+00,1.507500000000000000e+02,2.744444444444445352e+01
3.783999999999999808e+00,1.512500000000000000e+02,2.566666666666667496e+01
3.783999999999999808e+00,1.517500000000000000e+02,2.677777777777778567e+01
3.783999999999999808e+00,1.522500000000000000e+02,2.655555555555556069e+01
3.783999999999999808e+00,1.527500000000000000e+02,2.577777777777778567e+01
3.783999999999999808e+00,1.532500000000000000e+02,2.411111111111111782e+01
3.783999999999999808e+00,1.537500000000000000e+02,2.455555555555556069e+01
3.783999999999999808e+00,1.542500000000000000e+02,2.411111111111111782e+01
3.783999999999999808e+00,1.547500000000000000e+02,2.522222222222222854e+01
3.783999999999999808e+00,1.552500000000000000e+02,2.422222222222222854e+01
3.783999999999999808e+00,1.557500000000000000e+02,2.544444444444444642e+01
3.783999999999999808e+00,1.562500000000000000e+02,2.200000000000000355e+01
3.783999999999999808e+00,1.567500000000000000e+02,2.133333333333333925e+01
3.783999999999999808e+00,1.572500000000000000e+02,2.000000000000000355e+01
3.783999999999999808e+00,1.577500000000000000e+02,2.144444444444444642e+01
3.783999999999999808e+00,1.582500000000000000e+02,2.066666666666666785e+01
3.783999999999999808e+00,1.587500000000000000e+02,1.944444444444444642e+01
3.783999999999999808e+00,1.592500000000000000e+02,1.911111111111111427e+01
3.783999999999999808e+00,1.597500000000000000e+02,1.877777777777778212e+01
3.783999999999999808e+00,1.602500000000000000e+02,2.011111111111111427e+01
3.783999999999999808e+00,1.607500000000000000e+02,2.100000000000000355e+01
3.783999999999999808e+00,1.612500000000000000e+02,1.966666666666667140e+01
3.783999999999999808e+00,1.617500000000000000e+02,1.788888888888889284e+01
3.783999999999999808e+00,1.622500000000000000e+02,1.633333333333333925e+01
3.783999999999999808e+00,1.627500000000000000e+02,1.777777777777778212e+01
3.783999999999999808e+00,1.632500000000000000e+02,1.711111111111111782e+01
3.783999999999999808e+00,1.637500000000000000e+02,1.511111111111111605e+01
3.783999999999999808e+00,1.642500000000000000e+02,1.422222222222222854e+01
3.783999999999999808e+00,1.647500000000000000e+02,1.422222222222222854e+01
3.783999999999999808e+00,1.652500000000000000e+02,1.477777777777778390e+01
3.783999999999999808e+00,1.657500000000000000e+02,1.488888888888889461e+01
3.783999999999999808e+00,1.662500000000000000e+02,1.522222222222222854e+01
3.783999999999999808e+00,1.667500000000000000e+02,1.533333333333334103e+01
3.783999999999999808e+00,1.672500000000000000e+02,1.366666666666667318e+01
3.783999999999999808e+00,1.677500000000000000e+02,1.322222222222222854e+01
3.783999999999999808e+00,1.682500000000000000e+02,1.311111111111111605e+01
3.783999999999999808e+00,1.687500000000000000e+02,1.266666666666667140e+01
3.783999999999999808e+00,1.692500000000000000e+02,1.288888888888889284e+01
3.783999999999999808e+00,1.697500000000000000e+02,1.033333333333333748e+01
3.783999999999999808e+00,1.702500000000000000e+02,1.122222222222222676e+01
3.783999999999999808e+00,1.707500000000000000e+02,9.888888888888892836e+00
3.783999999999999808e+00,1.712500000000000000e+02,1.066666666666667140e+01
3.783999999999999808e+00,1.717500000000000000e+02,9.222222222222226762e+00
3.783999999999999808e+00,1.722500000000000000e+02,8.444444444444449971e+00
3.783999999999999808e+00,1.727500000000000000e+02,7.111111111111116934e+00
3.783999999999999808e+00,1.732500000000000000e+02,7.333333333333338366e+00
3.783999999999999808e+00,1.737500000000000000e+02,6.666666666666671404e+00
3.783999999999999808e+00,1.742500000000000000e+02,6.666666666666671404e+00
3.783999999999999808e+00,1.747500000000000000e+02,5.777777777777782120e+00
3.783999999999999808e+00,1.752500000000000000e+02,5.666666666666671404e+00
3.783999999999999808e+00,1.757500000000000000e+02,5.000000000000004441e+00
3.783999999999999808e+00,1.762500000000000000e+02,4.222222222222227650e+00
3.783999999999999808e+00,1.767500000000000000e+02,4.111111111111116934e+00
3.783999999999999808e+00,1.772500000000000000e+02,3.888888888888894613e+00
3.783999999999999808e+00,1.777500000000000000e+02,3.888888888888894613e+00
3.783999999999999808e+00,1.782500000000000000e+02,2.666666666666672736e+00
3.783999999999999808e+00,1.787500000000000000e+02,2.000000000000005773e+00
3.783999999999999808e+00,1.792500000000000000e+02,8.888888888888947237e-01
3.783999999999999808e+00,1.797500000000000000e+02,7.777777777777835633e-01
3.799999999999999822e+00,1.302500000000000000e+02,3.777777777777777857e+01
3.799999999999999822e+00,1.307500000000000000e+02,3.866666666666666430e+01
3.799999999999999822e+00,1.312500000000000000e+02,3.800000000000000000e+01
3.799999999999999822e+00,1.317500000000000000e+02,3.355555555555555713e+01
3.799999999999999822e+00,1.322500000000000000e+02,3.422222222222222143e+01
3.799999999999999822e+00,1.327500000000000000e+02,3.455555555555555713e+01
3.799999999999999822e+00,1.332500000000000000e+02,3.566666666666666430e+01
3.799999999999999822e+00,1.337500000000000000e+02,3.322222222222222143e+01
3.799999999999999822e+00,1.342500000000000000e+02,3.355555555555555003e+01
3.799999999999999822e+00,1.347500000000000000e+02,3.288888888888888573e+01
3.799999999999999822e+00,1.352500000000000000e+02,3.233333333333332860e+01
3.799999999999999822e+00,1.357500000000000000e+02,3.044444444444443931e+01
3.799999999999999822e+00,1.362500000000000000e+02,2.933333333333332860e+01
3.799999999999999822e+00,1.367500000000000000e+02,2.988888888888888573e+01
3.799999999999999822e+00,1.372500000000000000e+02,3.133333333333333215e+01
3.799999999999999822e+00,1.377500000000000000e+02,3.322222222222222143e+01
3.799999999999999822e+00,1.382500000000000000e+02,3.311111111111111427e+01
3.799999999999999822e+00,1.387500000000000000e+02,3.233333333333333570e+01
3.799999999999999822e+00,1.392500000000000000e+02,3.055555555555555358e+01
3.799999999999999822e+00,1.397500000000000000e+02,2.988888888888888573e+01
3.799999999999999822e+00,1.402500000000000000e+02,2.999999999999999645e+01
3.799999999999999822e+00,1.407500000000000000e+02,2.922222222222221788e+01
3.799999999999999822e+00,1.412500000000000000e+02,2.977777777777777146e+01
3.799999999999999822e+00,1.417500000000000000e+02,2.799999999999999645e+01
3.799999999999999822e+00,1.422500000000000000e+02,2.966666666666666075e+01
3.799999999999999822e+00,1.427500000000000000e+02,2.922222222222221788e+01
3.799999999999999822e+00,1.432500000000000000e+02,3.099999999999999645e+01
3.799999999999999822e+00,1.437500000000000000e+02,3.077777777777777146e+01
3.799999999999999822e+00,1.442500000000000000e+02,2.833333333333332860e+01
3.799999999999999822e+00,1.447500000000000000e+02,2.833333333333332860e+01
3.799999999999999822e+00,1.452500000000000000e+02,2.711111111111110361e+01
3.799999999999999822e+00,1.457500000000000000e+02,2.922222222222221433e+01
3.799999999999999822e+00,1.462500000000000000e+02,2.766666666666665719e+01
3.799999999999999822e+00,1.467500000000000000e+02,2.588888888888888218e+01
3.799999999999999822e+00,1.472500000000000000e+02,2.322222222222221433e+01
3.799999999999999822e+00,1.477500000000000000e+02,2.244444444444443931e+01
3.799999999999999822e+00,1.482500000000000000e+02,2.466666666666666075e+01
3.799999999999999822e+00,1.487500000000000000e+02,2.666666666666666075e+01
3.799999999999999822e+00,1.492500000000000000e+02,2.733333333333332860e+01
3.799999999999999822e+00,1.497500000000000000e+02,2.677777777777777146e+01
3.799999999999999822e+00,1.502500000000000000e+02,2.577777777777777146e+01
3.799999999999999822e+00,1.507500000000000000e+02,2.577777777777777146e+01
3.799999999999999822e+00,1.512500000000000000e+02,2.555555555555554648e+01
3.799999999999999822e+00,1.517500000000000000e+02,2.733333333333332504e+01
3.799999999999999822e+00,1.522500000000000000e+02,2.711111111111110361e+01
3.799999999999999822e+00,1.527500000000000000e+02,2.566666666666666075e+01
3.799999999999999822e+00,1.532500000000000000e+02,2.333333333333332860e+01
3.799999999999999822e+00,1.537500000000000000e+02,2.266666666666666075e+01
3.799999999999999822e+00,1.542500000000000000e+02,2.277777777777777146e+01
3.799999999999999822e+00,1.547500000000000000e+02,2.377777777777777146e+01
3.799999999999999822e+00,1.552500000000000000e+02,2.277777777777777146e+01
3.799999999999999822e+00,1.557500000000000000e+02,2.288888888888888573e+01
3.799999999999999822e+00,1.562500000000000000e+02,2.077777777777777501e+01
3.799999999999999822e+00,1.567500000000000000e+02,2.122222222222221788e+01
3.799999999999999822e+00,1.572500000000000000e+02,2.122222222222221788e+01
3.799999999999999822e+00,1.577500000000000000e+02,2.188888888888888573e+01
3.799999999999999822e+00,1.582500000000000000e+02,2.033333333333332860e+01
3.799999999999999822e+00,1.587500000000000000e+02,1.888888888888888218e+01
3.799999999999999822e+00,1.592500000000000000e+02,1.922222222222221788e+01
3.799999999999999822e+00,1.597500000000000000e+02,1.866666666666666075e+01
3.799999999999999822e+00,1.602500000000000000e+02,1.922222222222221788e+01
3.799999999999999822e+00,1.607500000000000000e+02,1.966666666666666075e+01
3.799999999999999822e+00,1.612500000000000000e+02,1.988888888888888218e+01
3.799999999999999822e+00,1.617500000000000000e+02,1.822222222222221788e+01
3.799999999999999822e+00,1.622500000000000000e+02,1.666666666666666075e+01
3.799999999999999822e+00,1.627500000000000000e+02,1.555555555555555181e+01
3.799999999999999822e+00,1.632500000000000000e+02,1.422222222222221966e+01
3.799999999999999822e+00,1.637500000000000000e+02,1.411111111111110716e+01
3.799999999999999822e+00,1.642500000000000000e+02,1.422222222222221966e+01
3.799999999999999822e+00,1.647500000000000000e+02,1.544444444444444109e+01
3.799999999999999822e+00,1.652500000000000000e+02,1.399999999999999467e+01
3.799999999999999822e+00,1.657500000000000000e+02,1.399999999999999467e+01
3.799999999999999822e+00,1.662500000000000000e+02,1.411111111111110716e+01
3.799999999999999822e+00,1.667500000000000000e+02,1.366666666666666252e+01
3.799999999999999822e+00,1.672500000000000000e+02,1.322222222222221610e+01
3.799999999999999822e+00,1.677500000000000000e+02,1.288888888888888395e+01
3.799999999999999822e+00,1.682500000000000000e+02,1.299999999999999467e+01
3.799999999999999822e+00,1.687500000000000000e+02,1.244444444444444109e+01
3.799999999999999822e+00,1.692500000000000000e+02,1.166666666666666252e+01
3.799999999999999822e+00,1.697500000000000000e+02,1.022222222222221610e+01
3.799999999999999822e+00,1.702500000000000000e+02,1.055555555555555003e+01
3.799999999999999822e+00,1.707500000000000000e+02,1.022222222222221610e+01
3.799999999999999822e+00,1.712500000000000000e+02,1.022222222222221610e+01
3.799999999999999822e+00,1.717500000000000000e+02,9.333333333333326820e+00
3.799999999999999822e+00,1.722500000000000000e+02,8.111111111111105387e+00
3.799999999999999822e+00,1.727500000000000000e+02,7.333333333333327708e+00
3.799999999999999822e+00,1.732500000000000000e+02,6.999999999999993783e+00
3.799999999999999822e+00,1.737500000000000000e+02,6.777777777777771462e+00
3.799999999999999822e+00,1.742500000000000000e+02,6.222222222222216992e+00
3.799999999999999822e+00,1.747500000000000000e+02,5.666666666666660745e+00
3.799999999999999822e+00,1.752500000000000000e+02,4.999999999999993783e+00
3.799999999999999822e+00,1.757500000000000000e+02,4.666666666666660745e+00
3.799999999999999822e+00,1.762500000000000000e+02,4.222222222222216992e+00
3.799999999999999822e+00,1.767500000000000000e+02,3.999999999999994671e+00
3.799999999999999822e+00,1.772500000000000000e+02,3.555555555555550029e+00
3.799999999999999822e+00,1.777500000000000000e+02,2.777777777777771906e+00
3.799999999999999822e+00,1.782500000000000000e+02,1.888888888888883288e+00
3.799999999999999822e+00,1.787500000000000000e+02,1.444444444444438647e+00
3.799999999999999822e+00,1.792500000000000000e+02,8.888888888888830664e-01
3.799999999999999822e+00,1.797500000000000000e+02,7.777777777777719059e-01
3.815999999999999837e+00,1.302500000000000000e+02,3.822222222222222143e+01
3.815999999999999837e+00,1.307500000000000000e+02,3.811111111111111427e+01
3.815999999999999837e+00,1.312500000000000000e+02,3.688888888888889284e+01
3.815999999999999837e+00,1.317500000000000000e+02,3.255555555555555713e+01
3.815999999999999837e+00,1.322500000000000000e+02,3.233333333333333570e+01
3.815999999999999837e+00,1.327500000000000000e+02,3.377777777777777857e+01
3.815999999999999837e+00,1.332500000000000000e+02,3.555555555555556424e+01
3.815999999999999837e+00,1.337500000000000000e+02,3.300000000000000711e+01
3.815999999999999837e+00,1.342500000000000000e+02,3.188888888888889639e+01
3.815999999999999837e+00,1.347500000000000000e+02,3.155555555555556069e+01
3.815999999999999837e+00,1.352500000000000000e+02,3.177777777777778212e+01
3.815999999999999837e+00,1.357500000000000000e+02,3.077777777777778212e+01
3.815999999999999837e+00,1.362500000000000000e+02,3.000000000000000355e+01
3.815999999999999837e+00,1.367500000000000000e+02,3.166666666666667140e+01
3.815999999999999837e+00,1.372500000000000000e+02,3.044444444444444642e+01
3.815999999999999837e+00,1.377500000000000000e+02,3.066666666666667140e+01
3.815999999999999837e+00,1.382500000000000000e+02,2.922222222222222854e+01
3.815999999999999837e+00,1.387500000000000000e+02,3.044444444444445352e+01
3.815999999999999837e+00,1.392500000000000000e+02,3.100000000000001066e+01
3.815999999999999837e+00,1.397500000000000000e+02,3.066666666666667496e+01
3.815999999999999837e+00,1.402500000000000000e+02,3.011111111111111782e+01
3.815999999999999837e+00,1.407500000000000000e+02,2.811111111111111782e+01
3.815999999999999837e+00,1.412500000000000000e+02,2.833333333333334281e+01
3.815999999999999837e+00,1.417500000000000000e+02,2.800000000000001066e+01
3.815999999999999837e+00,1.422500000000000000e+02,2.933333333333334281e+01
3.815999999999999837e+00,1.427500000000000000e+02,2.833333333333334281e+01
3.815999999999999837e+00,1.432500000000000000e+02,2.833333333333334281e+01
3.815999999999999837e+00,1.437500000000000000e+02,2.877777777777778923e+01
3.815999999999999837e+00,1.442500000000000000e+02,2.711111111111112493e+01
3.815999999999999837e+00,1.447500000000000000e+02,2.577777777777778923e+01
3.815999999999999837e+00,1.452500000000000000e+02,2.655555555555556779e+01
3.815999999999999837e+00,1.457500000000000000e+02,2.844444444444445708e+01
3.815999999999999837e+00,1.462500000000000000e+02,2.811111111111112493e+01
3.815999999999999837e+00,1.467500000000000000e+02,2.400000000000001421e+01
3.815999999999999837e+00,1.472500000000000000e+02,2.277777777777778923e+01
3.815999999999999837e+00,1.477500000000000000e+02,2.344444444444445708e+01
3.815999999999999837e+00,1.482500000000000000e+02,2.455555555555556779e+01
3.815999999999999837e+00,1.487500000000000000e+02,2.488888888888889994e+01
3.815999999999999837e+00,1.492500000000000000e+02,2.455555555555556779e+01
3.815999999999999837e+00,1.497500000000000000e+02,2.500000000000001066e+01
3.815999999999999837e+00,1.502500000000000000e+02,2.377777777777778567e+01
3.815999999999999837e+00,1.507500000000000000e+02,2.322222222222222854e+01
3.815999999999999837e+00,1.512500000000000000e+02,2.277777777777778567e+01
3.815999999999999837e+00,1.517500000000000000e+02,2.477777777777778567e+01
3.815999999999999837e+00,1.522500000000000000e+02,2.477777777777778567e+01
3.815999999999999837e+00,1.527500000000000000e+02,2.444444444444445352e+01
3.815999999999999837e+00,1.532500000000000000e+02,2.177777777777778567e+01
3.815999999999999837e+00,1.537500000000000000e+02,2.133333333333334281e+01
3.815999999999999837e+00,1.542500000000000000e+02,2.200000000000001066e+01
3.815999999999999837e+00,1.547500000000000000e+02,2.344444444444445352e+01
3.815999999999999837e+00,1.552500000000000000e+02,2.288888888888889639e+01
3.815999999999999837e+00,1.557500000000000000e+02,2.200000000000000355e+01
3.815999999999999837e+00,1.562500000000000000e+02,2.166666666666667140e+01
3.815999999999999837e+00,1.567500000000000000e+02,2.155555555555556069e+01
3.815999999999999837e+00,1.572500000000000000e+02,2.233333333333334281e+01
3.815999999999999837e+00,1.577500000000000000e+02,2.222222222222223209e+01
3.815999999999999837e+00,1.582500000000000000e+02,2.233333333333334281e+01
3.815999999999999837e+00,1.587500000000000000e+02,1.922222222222223209e+01
3.815999999999999837e+00,1.592500000000000000e+02,1.800000000000001066e+01
3.815999999999999837e+00,1.597500000000000000e+02,1.622222222222223209e+01
3.815999999999999837e+00,1.602500000000000000e+02,1.700000000000001066e+01
3.815999999999999837e+00,1.607500000000000000e+02,1.877777777777778923e+01
3.815999999999999837e+00,1.612500000000000000e+02,1.922222222222223209e+01
3.815999999999999837e+00,1.617500000000000000e+02,1.844444444444445352e+01
3.815999999999999837e+00,1.622500000000000000e+02,1.700000000000001066e+01
3.815999999999999837e+00,1.627500000000000000e+02,1.555555555555556602e+01
3.815999999999999837e+00,1.632500000000000000e+02,1.444444444444445530e+01
3.815999999999999837e+00,1.637500000000000000e+02,1.422222222222223387e+01
3.815999999999999837e+00,1.642500000000000000e+02,1.455555555555556602e+01
3.815999999999999837e+00,1.647500000000000000e+02,1.588888888888889994e+01
3.815999999999999837e+00,1.652500000000000000e+02,1.466666666666667673e+01
3.815999999999999837e+00,1.657500000000000000e+02,1.522222222222223031e+01
3.815999999999999837e+00,1.662500000000000000e+02,1.466666666666667673e+01
3.815999999999999837e+00,1.667500000000000000e+02,1.477777777777778745e+01
3.815999999999999837e+00,1.672500000000000000e+02,1.355555555555556602e+01
3.815999999999999837e+00,1.677500000000000000e+02,1.244444444444445530e+01
3.815999999999999837e+00,1.682500000000000000e+02,1.122222222222223387e+01
3.815999999999999837e+00,1.687500000000000000e+02,1.066666666666667851e+01
3.815999999999999837e+00,1.692500000000000000e+02,1.033333333333334458e+01
3.815999999999999837e+00,1.697500000000000000e+02,1.022222222222223387e+01
3.815999999999999837e+00,1.702500000000000000e+02,1.111111111111112315e+01
3.815999999999999837e+00,1.707500000000000000e+02,1.111111111111112315e+01
3.815999999999999837e+00,1.712500000000000000e+02,1.000000000000001243e+01
3.815999999999999837e+00,1.717500000000000000e+02,9.000000000000012434e+00
3.815999999999999837e+00,1.722500000000000000e+02,8.222222222222233867e+00
3.815999999999999837e+00,1.727500000000000000e+02,7.444444444444457076e+00
3.815999999999999837e+00,1.732500000000000000e+02,7.000000000000013323e+00
3.815999999999999837e+00,1.737500000000000000e+02,6.222222222222235644e+00
3.815999999999999837e+00,1.742500000000000000e+02,5.666666666666679397e+00
3.815999999999999837e+00,1.747500000000000000e+02,5.111111111111124039e+00
3.815999999999999837e+00,1.752500000000000000e+02,4.888888888888901718e+00
3.815999999999999837e+00,1.757500000000000000e+02,4.555555555555568681e+00
3.815999999999999837e+00,1.762500000000000000e+02,3.777777777777790558e+00
3.815999999999999837e+00,1.767500000000000000e+02,3.444444444444457076e+00
3.815999999999999837e+00,1.772500000000000000e+02,3.111111111111123595e+00
3.815999999999999837e+00,1.777500000000000000e+02,2.333333333333345916e+00
3.815999999999999837e+00,1.782500000000000000e+02,1.333333333333346138e+00
3.815999999999999837e+00,1.787500000000000000e+02,1.111111111111123817e+00
3.815999999999999837e+00,1.792500000000000000e+02,7.777777777777904467e-01
3.815999999999999837e+00,1.797500000000000000e+02,6.666666666666792862e-01
3.831999999999999851e+00,1.302500000000000000e+02,3.633333333333333570e+01
3.831999999999999851e+00,1.307500000000000000e+02,3.711111111111111427e+01
3.831999999999999851e+00,1.312500000000000000e+02,3.700000000000000000e+01
3.831999999999999851e+00,1.317500000000000000e+02,3.333333333333333570e+01
3.831999999999999851e+00,1.322500000000000000e+02,3.155555555555555358e+01
3.831999999999999851e+00,1.327500000000000000e+02,3.133333333333333215e+01
3.831999999999999851e+00,1.332500000000000000e+02,3.433333333333333570e+01
3.831999999999999851e+00,1.337500000000000000e+02,3.344444444444444287e+01
3.831999999999999851e+00,1.342500000000000000e+02,3.255555555555555003e+01
3.831999999999999851e+00,1.347500000000000000e+02,3.133333333333333215e+01
3.831999999999999851e+00,1.352500000000000000e+02,3.122222222222222499e+01
3.831999999999999851e+00,1.357500000000000000e+02,3.233333333333333570e+01
3.831999999999999851e+00,1.362500000000000000e+02,2.988888888888888573e+01
3.831999999999999851e+00,1.367500000000000000e+02,3.077777777777777501e+01
3.831999999999999851e+00,1.372500000000000000e+02,2.911111111111111072e+01
3.831999999999999851e+00,1.377500000000000000e+02,3.055555555555555358e+01
3.831999999999999851e+00,1.382500000000000000e+02,2.966666666666666075e+01
3.831999999999999851e+00,1.387500000000000000e+02,3.088888888888888573e+01
3.831999999999999851e+00,1.392500000000000000e+02,3.155555555555555358e+01
3.831999999999999851e+00,1.397500000000000000e+02,3.133333333333332860e+01
3.831999999999999851e+00,1.402500000000000000e+02,3.033333333333332860e+01
3.831999999999999851e+00,1.407500000000000000e+02,2.833333333333332860e+01
3.831999999999999851e+00,1.412500000000000000e+02,2.833333333333332860e+01
3.831999999999999851e+00,1.417500000000000000e+02,2.744444444444443931e+01
3.831999999999999851e+00,1.422500000000000000e+02,2.766666666666666075e+01
3.831999999999999851e+00,1.427500000000000000e+02,2.688888888888888573e+01
3.831999999999999851e+00,1.432500000000000000e+02,2.766666666666666075e+01
3.831999999999999851e+00,1.437500000000000000e+02,2.733333333333332860e+01
3.831999999999999851e+00,1.442500000000000000e+02,2.666666666666666075e+01
3.831999999999999851e+00,1.447500000000000000e+02,2.588888888888888573e+01
3.831999999999999851e+00,1.452500000000000000e+02,2.744444444444444287e+01
3.831999999999999851e+00,1.457500000000000000e+02,2.888888888888888573e+01
3.831999999999999851e+00,1.462500000000000000e+02,2.788888888888888573e+01
3.831999999999999851e+00,1.467500000000000000e+02,2.511111111111110361e+01
3.831999999999999851e+00,1.472500000000000000e+02,2.366666666666666075e+01
3.831999999999999851e+00,1.477500000000000000e+02,2.399999999999999645e+01
3.831999999999999851e+00,1.482500000000000000e+02,2.477777777777777146e+01
3.831999999999999851e+00,1.487500000000000000e+02,2.488888888888888218e+01
3.831999999999999851e+00,1.492500000000000000e+02,2.411111111111110361e+01
3.831999999999999851e+00,1.497500000000000000e+02,2.411111111111110361e+01
3.831999999999999851e+00,1.502500000000000000e+02,2.322222222222221788e+01
3.831999999999999851e+00,1.507500000000000000e+02,2.255555555555555358e+01
3.831999999999999851e+00,1.512500000000000000e+02,2.266666666666666075e+01
3.831999999999999851e+00,1.517500000000000000e+02,2.333333333333332860e+01
3.831999999999999851e+00,1.522500000000000000e+02,2.422222222222221788e+01
3.831999999999999851e+00,1.527500000000000000e+02,2.433333333333332860e+01
3.831999999999999851e+00,1.532500000000000000e+02,2.333333333333332860e+01
3.831999999999999851e+00,1.537500000000000000e+02,2.199999999999999645e+01
3.831999999999999851e+00,1.542500000000000000e+02,2.222222222222221788e+01
3.831999999999999851e+00,1.547500000000000000e+02,2.322222222222221788e+01
3.831999999999999851e+00,1.552500000000000000e+02,2.377777777777777501e+01
3.831999999999999851e+00,1.557500000000000000e+02,2.311111111111111072e+01
3.831999999999999851e+00,1.562500000000000000e+02,2.322222222222221788e+01
3.831999999999999851e+00,1.567500000000000000e+02,2.422222222222221788e+01
3.831999999999999851e+00,1.572500000000000000e+02,2.322222222222221788e+01
3.831999999999999851e+00,1.577500000000000000e+02,2.322222222222221788e+01
3.831999999999999851e+00,1.582500000000000000e+02,2.222222222222221788e+01
3.831999999999999851e+00,1.587500000000000000e+02,2.077777777777777501e+01
3.831999999999999851e+00,1.592500000000000000e+02,1.811111111111111072e+01
3.831999999999999851e+00,1.597500000000000000e+02,1.622222222222221788e+01
3.831999999999999851e+00,1.602500000000000000e+02,1.711111111111110716e+01
3.831999999999999851e+00,1.607500000000000000e+02,1.844444444444443931e+01
3.831999999999999851e+00,1.612500000000000000e+02,1.944444444444443931e+01
3.831999999999999851e+00,1.617500000000000000e+02,1.855555555555555358e+01
3.831999999999999851e+00,1.622500000000000000e+02,1.988888888888888573e+01
3.831999999999999851e+00,1.627500000000000000e+02,1.799999999999999645e+01
3.831999999999999851e+00,1.632500000000000000e+02,1.766666666666666430e+01
3.831999999999999851e+00,1.637500000000000000e+02,1.577777777777777679e+01
3.831999999999999851e+00,1.642500000000000000e+02,1.544444444444444287e+01
3.831999999999999851e+00,1.647500000000000000e+02,1.655555555555555358e+01
3.831999999999999851e+00,1.652500000000000000e+02,1.600000000000000000e+01
3.831999999999999851e+00,1.657500000000000000e+02,1.566666666666666607e+01
3.831999999999999851e+00,1.662500000000000000e+02,1.366666666666666607e+01
3.831999999999999851e+00,1.667500000000000000e+02,1.344444444444444287e+01
3.831999999999999851e+00,1.672500000000000000e+02,1.377777777777777679e+01
3.831999999999999851e+00,1.677500000000000000e+02,1.388888888888888751e+01
3.831999999999999851e+00,1.682500000000000000e+02,1.155555555555555536e+01
3.831999999999999851e+00,1.687500000000000000e+02,1.066666666666666607e+01
3.831999999999999851e+00,1.692500000000000000e+02,8.777777777777776791e+00
3.831999999999999851e+00,1.697500000000000000e+02,9.888888888888887507e+00
3.831999999999999851e+00,1.702500000000000000e+02,1.022222222222222143e+01
3.831999999999999851e+00,1.707500000000000000e+02,1.144444444444444287e+01
3.831999999999999851e+00,1.712500000000000000e+02,1.077777777777777679e+01
3.831999999999999851e+00,1.717500000000000000e+02,9.444444444444442865e+00
3.831999999999999851e+00,1.722500000000000000e+02,8.777777777777776791e+00
3.831999999999999851e+00,1.727500000000000000e+02,7.555555555555553582e+00
3.831999999999999851e+00,1.732500000000000000e+02,7.222222222222220545e+00
3.831999999999999851e+00,1.737500000000000000e+02,5.999999999999997335e+00
3.831999999999999851e+00,1.742500000000000000e+02,5.555555555555552694e+00
3.831999999999999851e+00,1.747500000000000000e+02,5.666666666666663410e+00
3.831999999999999851e+00,1.752500000000000000e+02,5.444444444444440201e+00
3.831999999999999851e+00,1.757500000000000000e+02,4.888888888888884843e+00
3.831999999999999851e+00,1.762500000000000000e+02,4.222222222222218768e+00
3.831999999999999851e+00,1.767500000000000000e+02,3.999999999999996447e+00
3.831999999999999851e+00,1.772500000000000000e+02,3.666666666666662966e+00
3.831999999999999851e+00,1.777500000000000000e+02,2.666666666666662966e+00
3.831999999999999851e+00,1.782500000000000000e+02,1.333333333333329929e+00
3.831999999999999851e+00,1.787500000000000000e+02,8.888888888888853979e-01
3.831999999999999851e+00,1.792500000000000000e+02,6.666666666666631880e-01
3.831999999999999851e+00,1.797500000000000000e+02,6.666666666666631880e-01
3.847999999999999865e+00,1.302500000000000000e+02,3.722222222222222143e+01
3.847999999999999865e+00,1.307500000000000000e+02,3.711111111111110716e+01
3.847999999999999865e+00,1.312500000000000000e+02,3.611111111111110716e+01
3.847999999999999865e+00,1.317500000000000000e+02,3.255555555555555003e+01
3.847999999999999865e+00,1.322500000000000000e+02,3.166666666666666785e+01
3.847999999999999865e+00,1.327500000000000000e+02,3.333333333333333570e+01
3.847999999999999865e+00,1.332500000000000000e+02,3.555555555555555003e+01
3.847999999999999865e+00,1.337500000000000000e+02,3.488888888888888573e+01
3.847999999999999865e+00,1.342500000000000000e+02,3.266666666666666430e+01
3.847999999999999865e+00,1.347500000000000000e+02,3.166666666666666075e+01
3.847999999999999865e+00,1.352500000000000000e+02,3.033333333333332860e+01
3.847999999999999865e+00,1.357500000000000000e+02,3.055555555555555358e+01
3.847999999999999865e+00,1.362500000000000000e+02,2.833333333333333215e+01
3.847999999999999865e+00,1.367500000000000000e+02,3.055555555555555358e+01
3.847999999999999865e+00,1.372500000000000000e+02,3.066666666666666785e+01
3.847999999999999865e+00,1.377500000000000000e+02,3.255555555555555713e+01
3.847999999999999865e+00,1.382500000000000000e+02,3.066666666666666785e+01
3.847999999999999865e+00,1.387500000000000000e+02,3.166666666666666785e+01
3.847999999999999865e+00,1.392500000000000000e+02,3.188888888888888928e+01
3.847999999999999865e+00,1.397500000000000000e+02,3.166666666666666785e+01
3.847999999999999865e+00,1.402500000000000000e+02,3.022222222222221788e+01
3.847999999999999865e+00,1.407500000000000000e+02,2.999999999999999645e+01
3.847999999999999865e+00,1.412500000000000000e+02,2.955555555555555358e+01
3.847999999999999865e+00,1.417500000000000000e+02,3.000000000000000000e+01
3.847999999999999865e+00,1.422500000000000000e+02,2.966666666666666785e+01
3.847999999999999865e+00,1.427500000000000000e+02,2.977777777777777501e+01
3.847999999999999865e+00,1.432500000000000000e+02,2.766666666666666785e+01
3.847999999999999865e+00,1.437500000000000000e+02,2.700000000000000000e+01
3.847999999999999865e+00,1.442500000000000000e+02,2.688888888888888928e+01
3.847999999999999865e+00,1.447500000000000000e+02,2.611111111111111427e+01
3.847999999999999865e+00,1.452500000000000000e+02,2.588888888888888928e+01
3.847999999999999865e+00,1.457500000000000000e+02,2.600000000000000000e+01
3.847999999999999865e+00,1.462500000000000000e+02,2.600000000000000000e+01
3.847999999999999865e+00,1.467500000000000000e+02,2.588888888888888928e+01
3.847999999999999865e+00,1.472500000000000000e+02,2.655555555555555713e+01
3.847999999999999865e+00,1.477500000000000000e+02,2.733333333333333215e+01
3.847999999999999865e+00,1.482500000000000000e+02,2.577777777777777501e+01
3.847999999999999865e+00,1.487500000000000000e+02,2.466666666666666785e+01
3.847999999999999865e+00,1.492500000000000000e+02,2.344444444444444287e+01
3.847999999999999865e+00,1.497500000000000000e+02,2.355555555555555358e+01
3.847999999999999865e+00,1.502500000000000000e+02,2.266666666666666075e+01
3.847999999999999865e+00,1.507500000000000000e+02,2.233333333333332860e+01
3.847999999999999865e+00,1.512500000000000000e+02,2.211111111111110361e+01
3.847999999999999865e+00,1.517500000000000000e+02,2.199999999999999645e+01
3.847999999999999865e+00,1.522500000000000000e+02,2.099999999999999645e+01
3.847999999999999865e+00,1.527500000000000000e+02,2.088888888888888218e+01
3.847999999999999865e+00,1.532500000000000000e+02,2.111111111111110361e+01
3.847999999999999865e+00,1.537500000000000000e+02,2.244444444444443931e+01
3.847999999999999865e+00,1.542500000000000000e+02,2.244444444444443931e+01
3.847999999999999865e+00,1.547500000000000000e+02,2.255555555555554648e+01
3.847999999999999865e+00,1.552500000000000000e+02,2.222222222222221433e+01
3.847999999999999865e+00,1.557500000000000000e+02,2.299999999999998934e+01
3.847999999999999865e+00,1.562500000000000000e+02,2.255555555555554648e+01
3.847999999999999865e+00,1.567500000000000000e+02,2.277777777777777146e+01
3.847999999999999865e+00,1.572500000000000000e+02,2.111111111111110361e+01
3.847999999999999865e+00,1.577500000000000000e+02,2.122222222222221433e+01
3.847999999999999865e+00,1.582500000000000000e+02,2.144444444444443931e+01
3.847999999999999865e+00,1.587500000000000000e+02,2.044444444444443931e+01
3.847999999999999865e+00,1.592500000000000000e+02,1.811111111111110361e+01
3.847999999999999865e+00,1.597500000000000000e+02,1.611111111111110361e+01
3.847999999999999865e+00,1.602500000000000000e+02,1.677777777777777146e+01
3.847999999999999865e+00,1.607500000000000000e+02,1.777777777777777146e+01
3.847999999999999865e+00,1.612500000000000000e+02,1.877777777777777146e+01
3.847999999999999865e+00,1.617500000000000000e+02,1.822222222222221433e+01
3.847999999999999865e+00,1.622500000000000000e+02,1.933333333333332504e+01
3.847999999999999865e+00,1.627500000000000000e+02,1.799999999999998934e+01
3.847999999999999865e+00,1.632500000000000000e+02,1.799999999999998934e+01
3.847999999999999865e+00,1.637500000000000000e+02,1.599999999999999112e+01
3.847999999999999865e+00,1.642500000000000000e+02,1.544444444444443576e+01
3.847999999999999865e+00,1.647500000000000000e+02,1.588888888888888040e+01
3.847999999999999865e+00,1.652500000000000000e+02,1.611111111111110361e+01
3.847999999999999865e+00,1.657500000000000000e+02,1.499999999999999112e+01
3.847999999999999865e+00,1.662500000000000000e+02,1.299999999999999112e+01
3.847999999999999865e+00,1.667500000000000000e+02,1.233333333333332327e+01
3.847999999999999865e+00,1.672500000000000000e+02,1.311111111111110183e+01
3.847999999999999865e+00,1.677500000000000000e+02,1.233333333333332327e+01
3.847999999999999865e+00,1.682500000000000000e+02,1.044444444444443576e+01
3.847999999999999865e+00,1.687500000000000000e+02,9.111111111111101835e+00
3.847999999999999865e+00,1.692500000000000000e+02,8.444444444444435760e+00
3.847999999999999865e+00,1.697500000000000000e+02,9.666666666666657193e+00
3.847999999999999865e+00,1.702500000000000000e+02,9.555555555555544700e+00
3.847999999999999865e+00,1.707500000000000000e+02,1.022222222222221255e+01
3.847999999999999865e+00,1.712500000000000000e+02,1.033333333333332327e+01
3.847999999999999865e+00,1.717500000000000000e+02,9.666666666666657193e+00
3.847999999999999865e+00,1.722500000000000000e+02,1.011111111111110183e+01
3.847999999999999865e+00,1.727500000000000000e+02,8.222222222222212551e+00
3.847999999999999865e+00,1.732500000000000000e+02,7.999999999999990230e+00
3.847999999999999865e+00,1.737500000000000000e+02,6.111111111111100946e+00
3.847999999999999865e+00,1.742500000000000000e+02,5.666666666666657193e+00
3.847999999999999865e+00,1.747500000000000000e+02,5.555555555555546476e+00
3.847999999999999865e+00,1.752500000000000000e+02,6.111111111111102723e+00
3.847999999999999865e+00,1.757500000000000000e+02,5.111111111111102723e+00
3.847999999999999865e+00,1.762500000000000000e+02,4.444444444444435760e+00
3.847999999999999865e+00,1.767500000000000000e+02,3.333333333333325044e+00
3.847999999999999865e+00,1.772500000000000000e+02,3.555555555555546920e+00
3.847999999999999865e+00,1.777500000000000000e+02,2.777777777777769241e+00
3.847999999999999865e+00,1.782500000000000000e+02,1.555555555555547143e+00
3.847999999999999865e+00,1.787500000000000000e+02,8.888888888888804019e-01
3.847999999999999865e+00,1.792500000000000000e+02,5.555555555555470315e-01
3.847999999999999865e+00,1.797500000000000000e+02,5.555555555555470315e-01
3.863999999999999879e+00,1.302500000000000000e+02,3.888888888888889284e+01
3.863999999999999879e+00,1.307500000000000000e+02,3.822222222222222143e+01
3.863999999999999879e+00,1.312500000000000000e+02,3.633333333333333570e+01
3.863999999999999879e+00,1.317500000000000000e+02,3.455555555555555003e+01
3.863999999999999879e+00,1.322500000000000000e+02,3.299999999999999289e+01
3.863999999999999879e+00,1.327500000000000000e+02,3.355555555555555003e+01
3.863999999999999879e+00,1.332500000000000000e+02,3.400000000000000000e+01
3.863999999999999879e+00,1.337500000000000000e+02,3.355555555555555713e+01
3.863999999999999879e+00,1.342500000000000000e+02,3.233333333333333570e+01
3.863999999999999879e+00,1.347500000000000000e+02,3.300000000000000000e+01
3.863999999999999879e+00,1.352500000000000000e+02,3.088888888888888928e+01
3.863999999999999879e+00,1.357500000000000000e+02,3.100000000000000000e+01
3.863999999999999879e+00,1.362500000000000000e+02,2.822222222222222499e+01
3.863999999999999879e+00,1.367500000000000000e+02,3.188888888888888928e+01
3.863999999999999879e+00,1.372500000000000000e+02,3.311111111111111427e+01
3.863999999999999879e+00,1.377500000000000000e+02,3.555555555555555713e+01
3.863999999999999879e+00,1.382500000000000000e+02,3.288888888888889284e+01
3.863999999999999879e+00,1.387500000000000000e+02,3.211111111111111427e+01
3.863999999999999879e+00,1.392500000000000000e+02,3.111111111111111427e+01
3.863999999999999879e+00,1.397500000000000000e+02,3.100000000000000355e+01
3.863999999999999879e+00,1.402500000000000000e+02,2.922222222222222854e+01
3.863999999999999879e+00,1.407500000000000000e+02,2.900000000000000355e+01
3.863999999999999879e+00,1.412500000000000000e+02,2.855555555555556069e+01
3.863999999999999879e+00,1.417500000000000000e+02,3.000000000000001066e+01
3.863999999999999879e+00,1.422500000000000000e+02,3.033333333333334281e+01
3.863999999999999879e+00,1.427500000000000000e+02,3.077777777777778923e+01
3.863999999999999879e+00,1.432500000000000000e+02,2.877777777777778923e+01
3.863999999999999879e+00,1.437500000000000000e+02,2.822222222222223209e+01
3.863999999999999879e+00,1.442500000000000000e+02,2.744444444444445708e+01
3.863999999999999879e+00,1.447500000000000000e+02,2.777777777777778923e+01
3.863999999999999879e+00,1.452500000000000000e+02,2.477777777777778923e+01
3.863999999999999879e+00,1.457500000000000000e+02,2.522222222222223920e+01
3.863999999999999879e+00,1.462500000000000000e+02,2.544444444444446063e+01
3.863999999999999879e+00,1.467500000000000000e+02,2.788888888888890349e+01
3.863999999999999879e+00,1.472500000000000000e+02,2.744444444444445708e+01
3.863999999999999879e+00,1.477500000000000000e+02,2.577777777777778923e+01
3.863999999999999879e+00,1.482500000000000000e+02,2.455555555555556779e+01
3.863999999999999879e+00,1.487500000000000000e+02,2.377777777777778923e+01
3.863999999999999879e+00,1.492500000000000000e+02,2.311111111111112493e+01
3.863999999999999879e+00,1.497500000000000000e+02,2.355555555555557135e+01
3.863999999999999879e+00,1.502500000000000000e+02,2.366666666666668206e+01
3.863999999999999879e+00,1.507500000000000000e+02,2.622222222222223920e+01
3.863999999999999879e+00,1.512500000000000000e+02,2.500000000000001421e+01
3.863999999999999879e+00,1.517500000000000000e+02,2.444444444444445708e+01
3.863999999999999879e+00,1.522500000000000000e+02,2.111111111111112493e+01
3.863999999999999879e+00,1.527500000000000000e+02,2.088888888888889994e+01
3.863999999999999879e+00,1.532500000000000000e+02,2.144444444444445708e+01
3.863999999999999879e+00,1.537500000000000000e+02,2.266666666666667496e+01
3.863999999999999879e+00,1.542500000000000000e+02,2.288888888888889994e+01
3.863999999999999879e+00,1.547500000000000000e+02,2.211111111111112493e+01
3.863999999999999879e+00,1.552500000000000000e+02,2.122222222222223564e+01
3.863999999999999879e+00,1.557500000000000000e+02,2.233333333333334636e+01
3.863999999999999879e+00,1.562500000000000000e+02,2.144444444444445708e+01
3.863999999999999879e+00,1.567500000000000000e+02,2.222222222222223209e+01
3.863999999999999879e+00,1.572500000000000000e+02,1.888888888888889994e+01
3.863999999999999879e+00,1.577500000000000000e+02,2.033333333333334636e+01
3.863999999999999879e+00,1.582500000000000000e+02,1.944444444444445708e+01
3.863999999999999879e+00,1.587500000000000000e+02,2.088888888888890349e+01
3.863999999999999879e+00,1.592500000000000000e+02,1.911111111111112493e+01
3.863999999999999879e+00,1.597500000000000000e+02,1.733333333333334636e+01
3.863999999999999879e+00,1.602500000000000000e+02,1.644444444444445708e+01
3.863999999999999879e+00,1.607500000000000000e+02,1.611111111111112493e+01
3.863999999999999879e+00,1.612500000000000000e+02,1.822222222222223209e+01
3.863999999999999879e+00,1.617500000000000000e+02,1.822222222222223209e+01
3.863999999999999879e+00,1.622500000000000000e+02,1.888888888888889994e+01
3.863999999999999879e+00,1.627500000000000000e+02,1.711111111111112493e+01
3.863999999999999879e+00,1.632500000000000000e+02,1.722222222222223209e+01
3.863999999999999879e+00,1.637500000000000000e+02,1.555555555555556602e+01
3.863999999999999879e+00,1.642500000000000000e+02,1.533333333333334458e+01
3.863999999999999879e+00,1.647500000000000000e+02,1.433333333333334458e+01
3.863999999999999879e+00,1.652500000000000000e+02,1.455555555555556602e+01
3.863999999999999879e+00,1.657500000000000000e+02,1.277777777777778745e+01
3.863999999999999879e+00,1.662500000000000000e+02,1.200000000000000888e+01
3.863999999999999879e+00,1.667500000000000000e+02,1.177777777777778745e+01
3.863999999999999879e+00,1.672500000000000000e+02,1.300000000000000888e+01
3.863999999999999879e+00,1.677500000000000000e+02,1.266666666666667673e+01
3.863999999999999879e+00,1.682500000000000000e+02,1.166666666666667673e+01
3.863999999999999879e+00,1.687500000000000000e+02,1.044444444444445530e+01
3.863999999999999879e+00,1.692500000000000000e+02,9.777777777777787449e+00
3.863999999999999879e+00,1.697500000000000000e+02,9.888888888888898165e+00
3.863999999999999879e+00,1.702500000000000000e+02,1.022222222222223209e+01
3.863999999999999879e+00,1.707500000000000000e+02,1.022222222222223209e+01
3.863999999999999879e+00,1.712500000000000000e+02,1.133333333333334281e+01
3.863999999999999879e+00,1.717500000000000000e+02,9.666666666666676733e+00
3.863999999999999879e+00,1.722500000000000000e+02,1.022222222222223031e+01
3.863999999999999879e+00,1.727500000000000000e+02,8.222222222222230315e+00
3.863999999999999879e+00,1.732500000000000000e+02,8.111111111111119598e+00
3.863999999999999879e+00,1.737500000000000000e+02,6.222222222222231203e+00
3.863999999999999879e+00,1.742500000000000000e+02,5.333333333333341919e+00
3.863999999999999879e+00,1.747500000000000000e+02,5.666666666666674956e+00
3.863999999999999879e+00,1.752500000000000000e+02,5.777777777777785673e+00
3.863999999999999879e+00,1.757500000000000000e+02,5.222222222222230315e+00
3.863999999999999879e+00,1.762500000000000000e+02,4.444444444444452635e+00
3.863999999999999879e+00,1.767500000000000000e+02,3.888888888888896833e+00
3.863999999999999879e+00,1.772500000000000000e+02,3.888888888888896833e+00
3.863999999999999879e+00,1.777500000000000000e+02,3.000000000000008438e+00
3.863999999999999879e+00,1.782500000000000000e+02,1.777777777777785895e+00
3.863999999999999879e+00,1.787500000000000000e+02,7.777777777777860058e-01
3.863999999999999879e+00,1.792500000000000000e+02,6.666666666666748453e-01
3.863999999999999879e+00,1.797500000000000000e+02,4.444444444444525799e-01
3.879999999999999893e+00,1.302500000000000000e+02,3.933333333333333570e+01
3.879999999999999893e+00,1.307500000000000000e+02,3.833333333333333570e+01
3.879999999999999893e+00,1.312500000000000000e+02,3.522222222222222143e+01
3.879999999999999893e+00,1.317500000000000000e+02,3.311111111111111427e+01
3.879999999999999893e+00,1.322500000000000000e+02,3.077777777777778212e+01
3.879999999999999893e+00,1.327500000000000000e+02,3.288888888888889284e+01
3.879999999999999893e+00,1.332500000000000000e+02,3.355555555555555713e+01
3.879999999999999893e+00,1.337500000000000000e+02,3.433333333333333570e+01
3.879999999999999893e+00,1.342500000000000000e+02,3.366666666666666430e+01
3.879999999999999893e+00,1.347500000000000000e+02,3.400000000000000000e+01
3.879999999999999893e+00,1.352500000000000000e+02,3.177777777777777501e+01
3.879999999999999893e+00,1.357500000000000000e+02,2.944444444444444287e+01
3.879999999999999893e+00,1.362500000000000000e+02,2.888888888888888573e+01
3.879999999999999893e+00,1.367500000000000000e+02,3.177777777777777501e+01
3.879999999999999893e+00,1.372500000000000000e+02,3.322222222222222143e+01
3.879999999999999893e+00,1.377500000000000000e+02,3.400000000000000000e+01
3.879999999999999893e+00,1.382500000000000000e+02,3.211111111111110716e+01
3.879999999999999893e+00,1.387500000000000000e+02,3.100000000000000000e+01
3.879999999999999893e+00,1.392500000000000000e+02,2.977777777777777501e+01
3.879999999999999893e+00,1.397500000000000000e+02,2.922222222222221788e+01
3.879999999999999893e+00,1.402500000000000000e+02,2.844444444444444287e+01
3.879999999999999893e+00,1.407500000000000000e+02,2.933333333333333215e+01
3.879999999999999893e+00,1.412500000000000000e+02,2.866666666666666785e+01
3.879999999999999893e+00,1.417500000000000000e+02,3.055555555555555713e+01
3.879999999999999893e+00,1.422500000000000000e+02,2.966666666666666785e+01
3.879999999999999893e+00,1.427500000000000000e+02,3.122222222222222499e+01
3.879999999999999893e+00,1.432500000000000000e+02,2.911111111111111427e+01
3.879999999999999893e+00,1.437500000000000000e+02,3.122222222222222499e+01
3.879999999999999893e+00,1.442500000000000000e+02,2.933333333333333215e+01
3.879999999999999893e+00,1.447500000000000000e+02,2.955555555555555713e+01
3.879999999999999893e+00,1.452500000000000000e+02,2.466666666666666785e+01
3.879999999999999893e+00,1.457500000000000000e+02,2.400000000000000000e+01
3.879999999999999893e+00,1.462500000000000000e+02,2.355555555555555358e+01
3.879999999999999893e+00,1.467500000000000000e+02,2.566666666666666785e+01
3.879999999999999893e+00,1.472500000000000000e+02,2.588888888888888928e+01
3.879999999999999893e+00,1.477500000000000000e+02,2.500000000000000000e+01
3.879999999999999893e+00,1.482500000000000000e+02,2.322222222222221788e+01
3.879999999999999893e+00,1.487500000000000000e+02,2.244444444444443931e+01
3.879999999999999893e+00,1.492500000000000000e+02,2.211111111111110361e+01
3.879999999999999893e+00,1.497500000000000000e+02,2.299999999999999645e+01
3.879999999999999893e+00,1.502500000000000000e+02,2.377777777777777146e+01
3.879999999999999893e+00,1.507500000000000000e+02,2.577777777777777146e+01
3.879999999999999893e+00,1.512500000000000000e+02,2.455555555555554648e+01
3.879999999999999893e+00,1.517500000000000000e+02,2.488888888888888218e+01
3.879999999999999893e+00,1.522500000000000000e+02,2.099999999999998934e+01
3.879999999999999893e+00,1.527500000000000000e+02,2.133333333333332504e+01
3.879999999999999893e+00,1.532500000000000000e+02,2.022222222222221077e+01
3.879999999999999893e+00,1.537500000000000000e+02,2.277777777777776791e+01
3.879999999999999893e+00,1.542500000000000000e+02,2.311111111111110006e+01
3.879999999999999893e+00,1.547500000000000000e+02,2.211111111111110006e+01
3.879999999999999893e+00,1.552500000000000000e+02,1.922222222222221077e+01
3.879999999999999893e+00,1.557500000000000000e+02,1.877777777777776791e+01
3.879999999999999893e+00,1.562500000000000000e+02,1.844444444444443221e+01
3.879999999999999893e+00,1.567500000000000000e+02,1.922222222222221077e+01
3.879999999999999893e+00,1.572500000000000000e+02,1.744444444444443221e+01
3.879999999999999893e+00,1.577500000000000000e+02,1.744444444444443221e+01
3.879999999999999893e+00,1.582500000000000000e+02,1.811111111111110006e+01
3.879999999999999893e+00,1.587500000000000000e+02,1.988888888888887507e+01
3.879999999999999893e+00,1.592500000000000000e+02,1.966666666666665364e+01
3.879999999999999893e+00,1.597500000000000000e+02,1.755555555555554292e+01
3.879999999999999893e+00,1.602500000000000000e+02,1.499999999999998757e+01
3.879999999999999893e+00,1.607500000000000000e+02,1.444444444444443398e+01
3.879999999999999893e+00,1.612500000000000000e+02,1.588888888888887685e+01
3.879999999999999893e+00,1.617500000000000000e+02,1.677777777777776436e+01
3.879999999999999893e+00,1.622500000000000000e+02,1.677777777777776436e+01
3.879999999999999893e+00,1.627500000000000000e+02,1.566666666666665186e+01
3.879999999999999893e+00,1.632500000000000000e+02,1.588888888888887685e+01
3.879999999999999893e+00,1.637500000000000000e+02,1.499999999999998757e+01
3.879999999999999893e+00,1.642500000000000000e+02,1.477777777777776613e+01
3.879999999999999893e+00,1.647500000000000000e+02,1.311111111111110006e+01
3.879999999999999893e+00,1.652500000000000000e+02,1.244444444444443398e+01
3.879999999999999893e+00,1.657500000000000000e+02,1.188888888888887685e+01
3.879999999999999893e+00,1.662500000000000000e+02,1.211111111111110006e+01
3.879999999999999893e+00,1.667500000000000000e+02,1.266666666666665542e+01
3.879999999999999893e+00,1.672500000000000000e+02,1.155555555555554292e+01
3.879999999999999893e+00,1.677500000000000000e+02,1.044444444444443043e+01
3.879999999999999893e+00,1.682500000000000000e+02,9.555555555555542924e+00
3.879999999999999893e+00,1.687500000000000000e+02,8.777777777777764356e+00
3.879999999999999893e+00,1.692500000000000000e+02,8.777777777777764356e+00
3.879999999999999893e+00,1.697500000000000000e+02,8.666666666666651864e+00
3.879999999999999893e+00,1.702500000000000000e+02,9.111111111111098282e+00
3.879999999999999893e+00,1.707500000000000000e+02,8.777777777777764356e+00
3.879999999999999893e+00,1.712500000000000000e+02,9.999999999999985789e+00
3.879999999999999893e+00,1.717500000000000000e+02,8.555555555555541147e+00
3.879999999999999893e+00,1.722500000000000000e+02,9.111111111111094729e+00
3.879999999999999893e+00,1.727500000000000000e+02,7.444444444444428655e+00
3.879999999999999893e+00,1.732500000000000000e+02,7.777777777777761692e+00
3.879999999999999893e+00,1.737500000000000000e+02,6.111111111111095617e+00
3.879999999999999893e+00,1.742500000000000000e+02,5.111111111111095617e+00
3.879999999999999893e+00,1.747500000000000000e+02,5.555555555555539371e+00
3.879999999999999893e+00,1.752500000000000000e+02,5.999999999999983125e+00
3.879999999999999893e+00,1.757500000000000000e+02,5.333333333333317050e+00
3.879999999999999893e+00,1.762500000000000000e+02,4.444444444444427766e+00
3.879999999999999893e+00,1.767500000000000000e+02,3.111111111111094729e+00
3.879999999999999893e+00,1.772500000000000000e+02,3.333333333333316606e+00
3.879999999999999893e+00,1.777500000000000000e+02,2.333333333333316606e+00
3.879999999999999893e+00,1.782500000000000000e+02,1.777777777777761026e+00
3.879999999999999893e+00,1.787500000000000000e+02,8.888888888888720752e-01
3.879999999999999893e+00,1.792500000000000000e+02,8.888888888888720752e-01
3.879999999999999893e+00,1.797500000000000000e+02,6.666666666666499763e-01
3.895999999999999908e+00,1.302500000000000000e+02,3.833333333333333570e+01
3.895999999999999908e+00,1.307500000000000000e+02,3.644444444444444287e+01
3.895999999999999908e+00,1.312500000000000000e+02,3.444444444444444287e+01
3.895999999999999908e+00,1.317500000000000000e+02,3.322222222222222143e+01
3.895999999999999908e+00,1.322500000000000000e+02,3.300000000000000000e+01
3.895999999999999908e+00,1.327500000000000000e+02,3.322222222222222143e+01
3.895999999999999908e+00,1.332500000000000000e+02,3.333333333333332860e+01
3.895999999999999908e+00,1.337500000000000000e+02,3.322222222222222143e+01
3.895999999999999908e+00,1.342500000000000000e+02,3.266666666666666430e+01
3.895999999999999908e+00,1.347500000000000000e+02,3.400000000000000000e+01
3.895999999999999908e+00,1.352500000000000000e+02,3.266666666666666430e+01
3.895999999999999908e+00,1.357500000000000000e+02,3.133333333333333215e+01
3.895999999999999908e+00,1.362500000000000000e+02,3.188888888888888573e+01
3.895999999999999908e+00,1.367500000000000000e+02,3.344444444444444287e+01
3.895999999999999908e+00,1.372500000000000000e+02,3.222222222222222143e+01
3.895999999999999908e+00,1.377500000000000000e+02,3.077777777777777501e+01
3.895999999999999908e+00,1.382500000000000000e+02,2.833333333333333215e+01
3.895999999999999908e+00,1.387500000000000000e+02,2.944444444444444287e+01
3.895999999999999908e+00,1.392500000000000000e+02,2.833333333333333215e+01
3.895999999999999908e+00,1.397500000000000000e+02,2.777777777777777501e+01
3.895999999999999908e+00,1.402500000000000000e+02,2.688888888888888573e+01
3.895999999999999908e+00,1.407500000000000000e+02,2.688888888888888573e+01
3.895999999999999908e+00,1.412500000000000000e+02,2.700000000000000000e+01
3.895999999999999908e+00,1.417500000000000000e+02,2.844444444444444642e+01
3.895999999999999908e+00,1.422500000000000000e+02,2.811111111111111427e+01
3.895999999999999908e+00,1.427500000000000000e+02,2.922222222222222499e+01
3.895999999999999908e+00,1.432500000000000000e+02,2.788888888888888928e+01
3.895999999999999908e+00,1.437500000000000000e+02,3.066666666666666785e+01
3.895999999999999908e+00,1.442500000000000000e+02,2.966666666666666785e+01
3.895999999999999908e+00,1.447500000000000000e+02,2.866666666666666785e+01
3.895999999999999908e+00,1.452500000000000000e+02,2.422222222222221788e+01
3.895999999999999908e+00,1.457500000000000000e+02,2.299999999999999645e+01
3.895999999999999908e+00,1.462500000000000000e+02,2.388888888888888573e+01
3.895999999999999908e+00,1.467500000000000000e+02,2.555555555555555358e+01
3.895999999999999908e+00,1.472500000000000000e+02,2.477777777777777501e+01
3.895999999999999908e+00,1.477500000000000000e+02,2.422222222222221788e+01
3.895999999999999908e+00,1.482500000000000000e+02,2.322222222222221788e+01
3.895999999999999908e+00,1.487500000000000000e+02,2.344444444444444287e+01
3.895999999999999908e+00,1.492500000000000000e+02,2.266666666666666785e+01
3.895999999999999908e+00,1.497500000000000000e+02,2.333333333333333215e+01
3.895999999999999908e+00,1.502500000000000000e+02,2.388888888888888573e+01
3.895999999999999908e+00,1.507500000000000000e+02,2.622222222222221788e+01
3.895999999999999908e+00,1.512500000000000000e+02,2.566666666666666075e+01
3.895999999999999908e+00,1.517500000000000000e+02,2.566666666666666075e+01
3.895999999999999908e+00,1.522500000000000000e+02,2.177777777777777146e+01
3.895999999999999908e+00,1.527500000000000000e+02,2.133333333333332860e+01
3.895999999999999908e+00,1.532500000000000000e+02,2.066666666666666075e+01
3.895999999999999908e+00,1.537500000000000000e+02,2.133333333333332860e+01
3.895999999999999908e+00,1.542500000000000000e+02,2.177777777777777146e+01
3.895999999999999908e+00,1.547500000000000000e+02,2.055555555555555003e+01
3.895999999999999908e+00,1.552500000000000000e+02,1.911111111111110361e+01
3.895999999999999908e+00,1.557500000000000000e+02,1.866666666666666075e+01
3.895999999999999908e+00,1.562500000000000000e+02,1.888888888888888218e+01
3.895999999999999908e+00,1.567500000000000000e+02,1.999999999999999645e+01
3.895999999999999908e+00,1.572500000000000000e+02,1.811111111111110361e+01
3.895999999999999908e+00,1.577500000000000000e+02,1.744444444444443931e+01
3.895999999999999908e+00,1.582500000000000000e+02,1.688888888888888218e+01
3.895999999999999908e+00,1.587500000000000000e+02,1.822222222222221433e+01
3.895999999999999908e+00,1.592500000000000000e+02,1.722222222222221433e+01
3.895999999999999908e+00,1.597500000000000000e+02,1.577777777777776969e+01
3.895999999999999908e+00,1.602500000000000000e+02,1.299999999999999112e+01
3.895999999999999908e+00,1.607500000000000000e+02,1.366666666666665719e+01
3.895999999999999908e+00,1.612500000000000000e+02,1.355555555555554825e+01
3.895999999999999908e+00,1.617500000000000000e+02,1.499999999999999112e+01
3.895999999999999908e+00,1.622500000000000000e+02,1.488888888888887863e+01
3.895999999999999908e+00,1.627500000000000000e+02,1.577777777777776613e+01
3.895999999999999908e+00,1.632500000000000000e+02,1.511111111111110006e+01
3.895999999999999908e+00,1.637500000000000000e+02,1.388888888888887863e+01
3.895999999999999908e+00,1.642500000000000000e+02,1.277777777777776613e+01
3.895999999999999908e+00,1.647500000000000000e+02,1.188888888888887685e+01
3.895999999999999908e+00,1.652500000000000000e+02,1.188888888888887685e+01
3.895999999999999908e+00,1.657500000000000000e+02,1.166666666666665542e+01
3.895999999999999908e+00,1.662500000000000000e+02,1.166666666666665542e+01
3.895999999999999908e+00,1.667500000000000000e+02,1.188888888888887685e+01
3.895999999999999908e+00,1.672500000000000000e+02,1.055555555555554292e+01
3.895999999999999908e+00,1.677500000000000000e+02,1.033333333333332149e+01
3.895999999999999908e+00,1.682500000000000000e+02,1.022222222222220900e+01
3.895999999999999908e+00,1.687500000000000000e+02,1.022222222222220900e+01
3.895999999999999908e+00,1.692500000000000000e+02,9.333333333333321491e+00
3.895999999999999908e+00,1.697500000000000000e+02,8.999999999999987566e+00
3.895999999999999908e+00,1.702500000000000000e+02,9.666666666666655416e+00
3.895999999999999908e+00,1.707500000000000000e+02,9.444444444444432207e+00
3.895999999999999908e+00,1.712500000000000000e+02,9.333333333333321491e+00
3.895999999999999908e+00,1.717500000000000000e+02,7.333333333333321491e+00
3.895999999999999908e+00,1.722500000000000000e+02,7.333333333333321491e+00
3.895999999999999908e+00,1.727500000000000000e+02,5.999999999999988454e+00
3.895999999999999908e+00,1.732500000000000000e+02,6.111111111111099170e+00
3.895999999999999908e+00,1.737500000000000000e+02,5.111111111111099170e+00
3.895999999999999908e+00,1.742500000000000000e+02,4.555555555555543812e+00
3.895999999999999908e+00,1.747500000000000000e+02,5.222222222222209886e+00
3.895999999999999908e+00,1.752500000000000000e+02,5.111111111111099170e+00
3.895999999999999908e+00,1.757500000000000000e+02,4.999999999999987566e+00
3.895999999999999908e+00,1.762500000000000000e+02,4.222222222222209886e+00
3.895999999999999908e+00,1.767500000000000000e+02,3.777777777777765689e+00
3.895999999999999908e+00,1.772500000000000000e+02,3.222222222222210331e+00
3.895999999999999908e+00,1.777500000000000000e+02,2.222222222222210331e+00
3.895999999999999908e+00,1.782500000000000000e+02,1.777777777777765911e+00
3.895999999999999908e+00,1.787500000000000000e+02,9.999999999999881206e-01
3.895999999999999908e+00,1.792500000000000000e+02,7.777777777777657997e-01
3.895999999999999908e+00,1.797500000000000000e+02,3.333333333333213244e-01
3.911999999999999922e+00,1.302500000000000000e+02,3.744444444444444997e+01
3.911999999999999922e+00,1.307500000000000000e+02,3.544444444444444997e+01
3.911999999999999922e+00,1.312500000000000000e+02,3.400000000000000000e+01
3.911999999999999922e+00,1.317500000000000000e+02,3.488888888888889284e+01
3.911999999999999922e+00,1.322500000000000000e+02,3.622222222222222143e+01
3.911999999999999922e+00,1.327500000000000000e+02,3.622222222222222143e+01
3.911999999999999922e+00,1.332500000000000000e+02,3.533333333333333570e+01
3.911999999999999922e+00,1.337500000000000000e+02,3.533333333333333570e+01
3.911999999999999922e+00,1.342500000000000000e+02,3.577777777777777857e+01
3.911999999999999922e+00,1.347500000000000000e+02,3.400000000000000711e+01
3.911999999999999922e+00,1.352500000000000000e+02,3.277777777777777857e+01
3.911999999999999922e+00,1.357500000000000000e+02,3.111111111111111427e+01
3.911999999999999922e+00,1.362500000000000000e+02,3.266666666666667140e+01
3.911999999999999922e+00,1.367500000000000000e+02,3.177777777777778212e+01
3.911999999999999922e+00,1.372500000000000000e+02,2.966666666666667140e+01
3.911999999999999922e+00,1.377500000000000000e+02,2.822222222222222854e+01
3.911999999999999922e+00,1.382500000000000000e+02,2.766666666666667140e+01
3.911999999999999922e+00,1.387500000000000000e+02,2.844444444444444642e+01
3.911999999999999922e+00,1.392500000000000000e+02,2.633333333333333215e+01
3.911999999999999922e+00,1.397500000000000000e+02,2.577777777777778212e+01
3.911999999999999922e+00,1.402500000000000000e+02,2.733333333333333925e+01
3.911999999999999922e+00,1.407500000000000000e+02,2.844444444444444642e+01
3.911999999999999922e+00,1.412500000000000000e+02,2.766666666666666785e+01
3.911999999999999922e+00,1.417500000000000000e+02,2.666666666666666785e+01
3.911999999999999922e+00,1.422500000000000000e+02,2.677777777777777501e+01
3.911999999999999922e+00,1.427500000000000000e+02,2.822222222222221788e+01
3.911999999999999922e+00,1.432500000000000000e+02,2.722222222222221788e+01
3.911999999999999922e+00,1.437500000000000000e+02,2.888888888888888573e+01
3.911999999999999922e+00,1.442500000000000000e+02,2.866666666666666075e+01
3.911999999999999922e+00,1.447500000000000000e+02,2.799999999999999645e+01
3.911999999999999922e+00,1.452500000000000000e+02,2.499999999999999645e+01
3.911999999999999922e+00,1.457500000000000000e+02,2.255555555555555358e+01
3.911999999999999922e+00,1.462500000000000000e+02,2.222222222222221788e+01
3.911999999999999922e+00,1.467500000000000000e+02,2.366666666666666075e+01
3.911999999999999922e+00,1.472500000000000000e+02,2.477777777777777146e+01
3.911999999999999922e+00,1.477500000000000000e+02,2.611111111111110361e+01
3.911999999999999922e+00,1.482500000000000000e+02,2.566666666666666075e+01
3.911999999999999922e+00,1.487500000000000000e+02,2.477777777777777146e+01
3.911999999999999922e+00,1.492500000000000000e+02,2.377777777777777146e+01
3.911999999999999922e+00,1.497500000000000000e+02,2.255555555555554648e+01
3.911999999999999922e+00,1.502500000000000000e+02,2.355555555555554648e+01
3.911999999999999922e+00,1.507500000000000000e+02,2.422222222222221433e+01
3.911999999999999922e+00,1.512500000000000000e+02,2.544444444444443931e+01
3.911999999999999922e+00,1.517500000000000000e+02,2.411111111111110361e+01
3.911999999999999922e+00,1.522500000000000000e+02,2.199999999999999645e+01
3.911999999999999922e+00,1.527500000000000000e+02,2.199999999999999645e+01
3.911999999999999922e+00,1.532500000000000000e+02,2.244444444444443931e+01
3.911999999999999922e+00,1.537500000000000000e+02,2.299999999999998934e+01
3.911999999999999922e+00,1.542500000000000000e+02,2.288888888888888218e+01
3.911999999999999922e+00,1.547500000000000000e+02,2.011111111111110361e+01
3.911999999999999922e+00,1.552500000000000000e+02,1.855555555555554648e+01
3.911999999999999922e+00,1.557500000000000000e+02,1.688888888888888218e+01
3.911999999999999922e+00,1.562500000000000000e+02,1.777777777777776791e+01
3.911999999999999922e+00,1.567500000000000000e+02,1.888888888888888218e+01
3.911999999999999922e+00,1.572500000000000000e+02,1.811111111111110361e+01
3.911999999999999922e+00,1.577500000000000000e+02,1.677777777777776791e+01
3.911999999999999922e+00,1.582500000000000000e+02,1.688888888888888218e+01
3.911999999999999922e+00,1.587500000000000000e+02,1.733333333333332504e+01
3.911999999999999922e+00,1.592500000000000000e+02,1.711111111111110361e+01
3.911999999999999922e+00,1.597500000000000000e+02,1.555555555555555003e+01
3.911999999999999922e+00,1.602500000000000000e+02,1.322222222222221610e+01
3.911999999999999922e+00,1.607500000000000000e+02,1.444444444444443754e+01
3.911999999999999922e+00,1.612500000000000000e+02,1.344444444444443754e+01
3.911999999999999922e+00,1.617500000000000000e+02,1.477777777777777146e+01
3.911999999999999922e+00,1.622500000000000000e+02,1.411111111111110539e+01
3.911999999999999922e+00,1.627500000000000000e+02,1.488888888888888395e+01
3.911999999999999922e+00,1.632500000000000000e+02,1.444444444444443754e+01
3.911999999999999922e+00,1.637500000000000000e+02,1.344444444444443754e+01
3.911999999999999922e+00,1.642500000000000000e+02,1.244444444444443754e+01
3.911999999999999922e+00,1.647500000000000000e+02,1.222222222222221433e+01
3.911999999999999922e+00,1.652500000000000000e+02,1.211111111111110183e+01
3.911999999999999922e+00,1.657500000000000000e+02,1.211111111111110183e+01
3.911999999999999922e+00,1.662500000000000000e+02,1.088888888888888040e+01
3.911999999999999922e+00,1.667500000000000000e+02,1.066666666666665897e+01
3.911999999999999922e+00,1.672500000000000000e+02,9.333333333333326820e+00
3.911999999999999922e+00,1.677500000000000000e+02,8.888888888888880402e+00
3.911999999999999922e+00,1.682500000000000000e+02,8.888888888888880402e+00
3.911999999999999922e+00,1.687500000000000000e+02,8.666666666666658969e+00
3.911999999999999922e+00,1.692500000000000000e+02,7.666666666666658081e+00
3.911999999999999922e+00,1.697500000000000000e+02,8.111111111111101835e+00
3.911999999999999922e+00,1.702500000000000000e+02,8.222222222222214327e+00
3.911999999999999922e+00,1.707500000000000000e+02,8.777777777777769685e+00
3.911999999999999922e+00,1.712500000000000000e+02,7.888888888888879514e+00
3.911999999999999922e+00,1.717500000000000000e+02,7.333333333333324155e+00
3.911999999999999922e+00,1.722500000000000000e+02,6.777777777777768797e+00
3.911999999999999922e+00,1.727500000000000000e+02,5.222222222222213439e+00
3.911999999999999922e+00,1.732500000000000000e+02,4.999999999999992006e+00
3.911999999999999922e+00,1.737500000000000000e+02,4.888888888888880402e+00
3.911999999999999922e+00,1.742500000000000000e+02,5.222222222222213439e+00
3.911999999999999922e+00,1.747500000000000000e+02,5.222222222222213439e+00
3.911999999999999922e+00,1.752500000000000000e+02,4.777777777777768797e+00
3.911999999999999922e+00,1.757500000000000000e+02,4.222222222222213439e+00
3.911999999999999922e+00,1.762500000000000000e+02,3.888888888888880402e+00
3.911999999999999922e+00,1.767500000000000000e+02,3.444444444444435760e+00
3.911999999999999922e+00,1.772500000000000000e+02,2.777777777777769241e+00
3.911999999999999922e+00,1.777500000000000000e+02,1.666666666666658081e+00
3.911999999999999922e+00,1.782500000000000000e+02,1.111111111111102501e+00
3.911999999999999922e+00,1.787500000000000000e+02,7.777777777777692414e-01
3.911999999999999922e+00,1.792500000000000000e+02,5.555555555555470315e-01
3.911999999999999922e+00,1.797500000000000000e+02,3.333333333333247661e-01
3.927999999999999936e+00,1.302500000000000000e+02,3.644444444444444997e+01
3.927999999999999936e+00,1.307500000000000000e+02,3.411111111111111427e+01
3.927999999999999936e+00,1.312500000000000000e+02,3.400000000000000000e+01
3.927999999999999936e+00,1.317500000000000000e+02,3.455555555555555713e+01
3.927999999999999936e+00,1.322500000000000000e+02,3.633333333333333570e+01
3.927999999999999936e+00,1.327500000000000000e+02,3.577777777777777857e+01
3.927999999999999936e+00,1.332500000000000000e+02,3.622222222222222143e+01
3.927999999999999936e+00,1.337500000000000000e+02,3.700000000000000000e+01
3.927999999999999936e+00,1.342500000000000000e+02,3.700000000000000000e+01
3.927999999999999936e+00,1.347500000000000000e+02,3.355555555555555713e+01
3.927999999999999936e+00,1.352500000000000000e+02,3.100000000000000000e+01
3.927999999999999936e+00,1.357500000000000000e+02,3.033333333333333215e+01
3.927999999999999936e+00,1.362500000000000000e+02,3.122222222222222499e+01
3.927999999999999936e+00,1.367500000000000000e+02,3.088888888888888928e+01
3.927999999999999936e+00,1.372500000000000000e+02,2.722222222222222499e+01
3.927999999999999936e+00,1.377500000000000000e+02,2.711111111111111427e+01
3.927999999999999936e+00,1.382500000000000000e+02,2.677777777777778212e+01
3.927999999999999936e+00,1.387500000000000000e+02,2.855555555555556069e+01
3.927999999999999936e+00,1.392500000000000000e+02,2.644444444444444642e+01
3.927999999999999936e+00,1.397500000000000000e+02,2.722222222222222854e+01
3.927999999999999936e+00,1.402500000000000000e+02,2.822222222222222854e+01
3.927999999999999936e+00,1.407500000000000000e+02,2.755555555555556069e+01
3.927999999999999936e+00,1.412500000000000000e+02,2.566666666666667140e+01
3.927999999999999936e+00,1.417500000000000000e+02,2.433333333333333925e+01
3.927999999999999936e+00,1.422500000000000000e+02,2.622222222222222854e+01
3.927999999999999936e+00,1.427500000000000000e+02,2.666666666666667140e+01
3.927999999999999936e+00,1.432500000000000000e+02,2.677777777777778212e+01
3.927999999999999936e+00,1.437500000000000000e+02,2.644444444444444642e+01
3.927999999999999936e+00,1.442500000000000000e+02,2.588888888888889639e+01
3.927999999999999936e+00,1.447500000000000000e+02,2.477777777777778567e+01
3.927999999999999936e+00,1.452500000000000000e+02,2.400000000000001066e+01
3.927999999999999936e+00,1.457500000000000000e+02,2.411111111111111782e+01
3.927999999999999936e+00,1.462500000000000000e+02,2.388888888888889639e+01
3.927999999999999936e+00,1.467500000000000000e+02,2.566666666666667140e+01
3.927999999999999936e+00,1.472500000000000000e+02,2.633333333333333925e+01
3.927999999999999936e+00,1.477500000000000000e+02,2.744444444444444642e+01
3.927999999999999936e+00,1.482500000000000000e+02,2.577777777777778212e+01
3.927999999999999936e+00,1.487500000000000000e+02,2.411111111111111427e+01
3.927999999999999936e+00,1.492500000000000000e+02,2.300000000000000355e+01
3.927999999999999936e+00,1.497500000000000000e+02,2.066666666666667140e+01
3.927999999999999936e+00,1.502500000000000000e+02,2.033333333333333925e+01
3.927999999999999936e+00,1.507500000000000000e+02,2.144444444444444642e+01
3.927999999999999936e+00,1.512500000000000000e+02,2.511111111111111427e+01
3.927999999999999936e+00,1.517500000000000000e+02,2.500000000000000355e+01
3.927999999999999936e+00,1.522500000000000000e+02,2.444444444444444642e+01
3.927999999999999936e+00,1.527500000000000000e+02,2.411111111111111427e+01
3.927999999999999936e+00,1.532500000000000000e+02,2.566666666666666785e+01
3.927999999999999936e+00,1.537500000000000000e+02,2.400000000000000000e+01
3.927999999999999936e+00,1.542500000000000000e+02,2.177777777777777501e+01
3.927999999999999936e+00,1.547500000000000000e+02,1.866666666666666785e+01
3.927999999999999936e+00,1.552500000000000000e+02,1.800000000000000000e+01
3.927999999999999936e+00,1.557500000000000000e+02,1.722222222222222499e+01
3.927999999999999936e+00,1.562500000000000000e+02,1.777777777777778212e+01
3.927999999999999936e+00,1.567500000000000000e+02,1.822222222222222499e+01
3.927999999999999936e+00,1.572500000000000000e+02,1.788888888888888928e+01
3.927999999999999936e+00,1.577500000000000000e+02,1.744444444444444642e+01
3.927999999999999936e+00,1.582500000000000000e+02,1.711111111111111072e+01
3.927999999999999936e+00,1.587500000000000000e+02,1.666666666666666785e+01
3.927999999999999936e+00,1.592500000000000000e+02,1.566666666666666607e+01
3.927999999999999936e+00,1.597500000000000000e+02,1.555555555555555713e+01
3.927999999999999936e+00,1.602500000000000000e+02,1.466666666666666963e+01
3.927999999999999936e+00,1.607500000000000000e+02,1.600000000000000355e+01
3.927999999999999936e+00,1.612500000000000000e+02,1.422222222222222321e+01
3.927999999999999936e+00,1.617500000000000000e+02,1.455555555555555713e+01
3.927999999999999936e+00,1.622500000000000000e+02,1.255555555555555713e+01
3.927999999999999936e+00,1.627500000000000000e+02,1.355555555555555713e+01
3.927999999999999936e+00,1.632500000000000000e+02,1.277777777777777857e+01
3.927999999999999936e+00,1.637500000000000000e+02,1.311111111111111249e+01
3.927999999999999936e+00,1.642500000000000000e+02,1.200000000000000000e+01
3.927999999999999936e+00,1.647500000000000000e+02,1.188888888888889106e+01
3.927999999999999936e+00,1.652500000000000000e+02,1.166666666666666607e+01
3.927999999999999936e+00,1.657500000000000000e+02,1.233333333333333393e+01
3.927999999999999936e+00,1.662500000000000000e+02,1.200000000000000000e+01
3.927999999999999936e+00,1.667500000000000000e+02,1.177777777777777857e+01
3.927999999999999936e+00,1.672500000000000000e+02,1.044444444444444464e+01
3.927999999999999936e+00,1.677500000000000000e+02,9.444444444444444642e+00
3.927999999999999936e+00,1.682500000000000000e+02,9.333333333333333925e+00
3.927999999999999936e+00,1.687500000000000000e+02,9.111111111111112493e+00
3.927999999999999936e+00,1.692500000000000000e+02,9.222222222222223209e+00
3.927999999999999936e+00,1.697500000000000000e+02,9.111111111111112493e+00
3.927999999999999936e+00,1.702500000000000000e+02,9.333333333333335702e+00
3.927999999999999936e+00,1.707500000000000000e+02,9.222222222222223209e+00
3.927999999999999936e+00,1.712500000000000000e+02,7.888888888888890172e+00
3.927999999999999936e+00,1.717500000000000000e+02,6.555555555555557135e+00
3.927999999999999936e+00,1.722500000000000000e+02,5.777777777777779455e+00
3.927999999999999936e+00,1.727500000000000000e+02,4.888888888888891060e+00
3.927999999999999936e+00,1.732500000000000000e+02,4.222222222222224097e+00
3.927999999999999936e+00,1.737500000000000000e+02,4.333333333333335702e+00
3.927999999999999936e+00,1.742500000000000000e+02,4.555555555555558023e+00
3.927999999999999936e+00,1.747500000000000000e+02,4.777777777777779455e+00
3.927999999999999936e+00,1.752500000000000000e+02,3.666666666666669183e+00
3.927999999999999936e+00,1.757500000000000000e+02,3.111111111111113825e+00
3.927999999999999936e+00,1.762500000000000000e+02,2.777777777777780344e+00
3.927999999999999936e+00,1.767500000000000000e+02,3.222222222222224985e+00
3.927999999999999936e+00,1.772500000000000000e+02,2.777777777777780344e+00
3.927999999999999936e+00,1.777500000000000000e+02,2.222222222222224985e+00
3.927999999999999936e+00,1.782500000000000000e+02,1.444444444444447084e+00
3.927999999999999936e+00,1.787500000000000000e+02,1.222222222222224763e+00
3.927999999999999936e+00,1.792500000000000000e+02,6.666666666666692942e-01
3.927999999999999936e+00,1.797500000000000000e+02,4.444444444444470843e-01
3.943999999999999950e+00,1.302500000000000000e+02,3.611111111111111427e+01
3.943999999999999950e+00,1.307500000000000000e+02,3.511111111111111427e+01
3.943999999999999950e+00,1.312500000000000000e+02,3.511111111111111427e+01
3.943999999999999950e+00,1.317500000000000000e+02,3.633333333333333570e+01
3.943999999999999950e+00,1.322500000000000000e+02,3.477777777777777857e+01
3.943999999999999950e+00,1.327500000000000000e+02,3.377777777777777857e+01
3.943999999999999950e+00,1.332500000000000000e+02,3.144444444444444287e+01
3.943999999999999950e+00,1.337500000000000000e+02,3.500000000000000000e+01
3.943999999999999950e+00,1.342500000000000000e+02,3.588888888888888573e+01
3.943999999999999950e+00,1.347500000000000000e+02,3.466666666666666430e+01
3.943999999999999950e+00,1.352500000000000000e+02,3.155555555555555358e+01
3.943999999999999950e+00,1.357500000000000000e+02,3.077777777777777501e+01
3.943999999999999950e+00,1.362500000000000000e+02,3.188888888888888573e+01
3.943999999999999950e+00,1.367500000000000000e+02,3.199999999999999645e+01
3.943999999999999950e+00,1.372500000000000000e+02,2.888888888888888573e+01
3.943999999999999950e+00,1.377500000000000000e+02,2.800000000000000000e+01
3.943999999999999950e+00,1.382500000000000000e+02,2.822222222222222499e+01
3.943999999999999950e+00,1.387500000000000000e+02,2.911111111111111427e+01
3.943999999999999950e+00,1.392500000000000000e+02,2.855555555555555713e+01
3.943999999999999950e+00,1.397500000000000000e+02,2.855555555555555713e+01
3.943999999999999950e+00,1.402500000000000000e+02,2.955555555555555713e+01
3.943999999999999950e+00,1.407500000000000000e+02,2.666666666666666785e+01
3.943999999999999950e+00,1.412500000000000000e+02,2.488888888888888573e+01
3.943999999999999950e+00,1.417500000000000000e+02,2.333333333333332860e+01
3.943999999999999950e+00,1.422500000000000000e+02,2.555555555555555358e+01
3.943999999999999950e+00,1.427500000000000000e+02,2.544444444444444287e+01
3.943999999999999950e+00,1.432500000000000000e+02,2.644444444444444287e+01
3.943999999999999950e+00,1.437500000000000000e+02,2.555555555555555358e+01
3.943999999999999950e+00,1.442500000000000000e+02,2.511111111111111072e+01
3.943999999999999950e+00,1.447500000000000000e+02,2.622222222222221788e+01
3.943999999999999950e+00,1.452500000000000000e+02,2.711111111111110361e+01
3.943999999999999950e+00,1.457500000000000000e+02,2.722222222222221433e+01
3.943999999999999950e+00,1.462500000000000000e+02,2.366666666666665719e+01
3.943999999999999950e+00,1.467500000000000000e+02,2.344444444444443931e+01
3.943999999999999950e+00,1.472500000000000000e+02,2.411111111111110361e+01
3.943999999999999950e+00,1.477500000000000000e+02,2.555555555555554648e+01
3.943999999999999950e+00,1.482500000000000000e+02,2.544444444444443931e+01
3.943999999999999950e+00,1.487500000000000000e+02,2.411111111111110361e+01
3.943999999999999950e+00,1.492500000000000000e+02,2.377777777777777146e+01
3.943999999999999950e+00,1.497500000000000000e+02,2.111111111111110361e+01
3.943999999999999950e+00,1.502500000000000000e+02,2.066666666666666075e+01
3.943999999999999950e+00,1.507500000000000000e+02,2.066666666666666075e+01
3.943999999999999950e+00,1.512500000000000000e+02,2.311111111111110361e+01
3.943999999999999950e+00,1.517500000000000000e+02,2.344444444444443931e+01
3.943999999999999950e+00,1.522500000000000000e+02,2.366666666666666075e+01
3.943999999999999950e+00,1.527500000000000000e+02,2.555555555555555358e+01
3.943999999999999950e+00,1.532500000000000000e+02,2.744444444444443931e+01
3.943999999999999950e+00,1.537500000000000000e+02,2.666666666666665719e+01
3.943999999999999950e+00,1.542500000000000000e+02,2.388888888888888218e+01
3.943999999999999950e+00,1.547500000000000000e+02,2.088888888888888218e+01
3.943999999999999950e+00,1.552500000000000000e+02,1.999999999999999289e+01
3.943999999999999950e+00,1.557500000000000000e+02,1.766666666666666075e+01
3.943999999999999950e+00,1.562500000000000000e+02,1.755555555555554648e+01
3.943999999999999950e+00,1.567500000000000000e+02,1.622222222222221433e+01
3.943999999999999950e+00,1.572500000000000000e+02,1.711111111111110361e+01
3.943999999999999950e+00,1.577500000000000000e+02,1.744444444444443931e+01
3.943999999999999950e+00,1.582500000000000000e+02,1.733333333333332860e+01
3.943999999999999950e+00,1.587500000000000000e+02,1.633333333333332860e+01
3.943999999999999950e+00,1.592500000000000000e+02,1.522222222222221610e+01
3.943999999999999950e+00,1.597500000000000000e+02,1.599999999999999467e+01
3.943999999999999950e+00,1.602500000000000000e+02,1.488888888888888573e+01
3.943999999999999950e+00,1.607500000000000000e+02,1.544444444444444109e+01
3.943999999999999950e+00,1.612500000000000000e+02,1.422222222222221966e+01
3.943999999999999950e+00,1.617500000000000000e+02,1.477777777777777324e+01
3.943999999999999950e+00,1.622500000000000000e+02,1.322222222222221966e+01
3.943999999999999950e+00,1.627500000000000000e+02,1.377777777777777324e+01
3.943999999999999950e+00,1.632500000000000000e+02,1.411111111111110716e+01
3.943999999999999950e+00,1.637500000000000000e+02,1.388888888888888573e+01
3.943999999999999950e+00,1.642500000000000000e+02,1.322222222222221966e+01
3.943999999999999950e+00,1.647500000000000000e+02,1.199999999999999822e+01
3.943999999999999950e+00,1.652500000000000000e+02,1.188888888888888573e+01
3.943999999999999950e+00,1.657500000000000000e+02,1.244444444444444287e+01
3.943999999999999950e+00,1.662500000000000000e+02,1.266666666666666430e+01
3.943999999999999950e+00,1.667500000000000000e+02,1.266666666666666430e+01
3.943999999999999950e+00,1.672500000000000000e+02,1.122222222222221966e+01
3.943999999999999950e+00,1.677500000000000000e+02,9.999999999999996447e+00
3.943999999999999950e+00,1.682500000000000000e+02,8.999999999999996447e+00
3.943999999999999950e+00,1.687500000000000000e+02,8.333333333333330373e+00
3.943999999999999950e+00,1.692500000000000000e+02,8.666666666666662522e+00
3.943999999999999950e+00,1.697500000000000000e+02,8.999999999999996447e+00
3.943999999999999950e+00,1.702500000000000000e+02,9.333333333333330373e+00
3.943999999999999950e+00,1.707500000000000000e+02,9.333333333333330373e+00
3.943999999999999950e+00,1.712500000000000000e+02,7.999999999999996447e+00
3.943999999999999950e+00,1.717500000000000000e+02,6.222222222222218768e+00
3.943999999999999950e+00,1.722500000000000000e+02,5.222222222222218768e+00
3.943999999999999950e+00,1.727500000000000000e+02,5.111111111111108052e+00
3.943999999999999950e+00,1.732500000000000000e+02,4.777777777777774126e+00
3.943999999999999950e+00,1.737500000000000000e+02,4.444444444444441089e+00
3.943999999999999950e+00,1.742500000000000000e+02,4.333333333333329485e+00
3.943999999999999950e+00,1.747500000000000000e+02,4.777777777777774126e+00
3.943999999999999950e+00,1.752500000000000000e+02,4.222222222222218768e+00
3.943999999999999950e+00,1.757500000000000000e+02,2.888888888888885731e+00
3.943999999999999950e+00,1.762500000000000000e+02,1.999999999999997113e+00
3.943999999999999950e+00,1.767500000000000000e+02,1.888888888888885953e+00
3.943999999999999950e+00,1.772500000000000000e+02,1.999999999999997113e+00
3.943999999999999950e+00,1.777500000000000000e+02,1.999999999999997113e+00
3.943999999999999950e+00,1.782500000000000000e+02,1.444444444444441311e+00
3.943999999999999950e+00,1.787500000000000000e+02,1.222222222222219212e+00
3.943999999999999950e+00,1.792500000000000000e+02,5.555555555555525826e-01
3.943999999999999950e+00,1.797500000000000000e+02,4.444444444444414777e-01
3.959999999999999964e+00,1.302500000000000000e+02,3.555555555555555713e+01
3.959999999999999964e+00,1.307500000000000000e+02,3.633333333333333570e+01
3.959999999999999964e+00,1.312500000000000000e+02,3.888888888888888573e+01
3.959999999999999964e+00,1.317500000000000000e+02,3.622222222222222143e+01
3.959999999999999964e+00,1.322500000000000000e+02,3.500000000000000000e+01
3.959999999999999964e+00,1.327500000000000000e+02,3.288888888888888573e+01
3.959999999999999964e+00,1.332500000000000000e+02,3.166666666666666075e+01
3.959999999999999964e+00,1.337500000000000000e+02,3.366666666666666430e+01
3.959999999999999964e+00,1.342500000000000000e+02,3.411111111111110716e+01
3.959999999999999964e+00,1.347500000000000000e+02,3.533333333333332860e+01
3.959999999999999964e+00,1.352500000000000000e+02,3.299999999999999289e+01
3.959999999999999964e+00,1.357500000000000000e+02,3.299999999999999289e+01
3.959999999999999964e+00,1.362500000000000000e+02,3.244444444444443576e+01
3.959999999999999964e+00,1.367500000000000000e+02,3.166666666666666075e+01
3.959999999999999964e+00,1.372500000000000000e+02,2.655555555555555358e+01
3.959999999999999964e+00,1.377500000000000000e+02,2.699999999999999645e+01
3.959999999999999964e+00,1.382500000000000000e+02,2.822222222222221788e+01
3.959999999999999964e+00,1.387500000000000000e+02,3.033333333333332860e+01
3.959999999999999964e+00,1.392500000000000000e+02,2.944444444444443931e+01
3.959999999999999964e+00,1.397500000000000000e+02,2.866666666666666075e+01
3.959999999999999964e+00,1.402500000000000000e+02,2.844444444444443931e+01
3.959999999999999964e+00,1.407500000000000000e+02,2.488888888888888218e+01
3.959999999999999964e+00,1.412500000000000000e+02,2.377777777777777146e+01
3.959999999999999964e+00,1.417500000000000000e+02,2.322222222222221788e+01
3.959999999999999964e+00,1.422500000000000000e+02,2.422222222222221788e+01
3.959999999999999964e+00,1.427500000000000000e+02,2.422222222222221788e+01
3.959999999999999964e+00,1.432500000000000000e+02,2.711111111111111072e+01
3.959999999999999964e+00,1.437500000000000000e+02,2.733333333333333215e+01
3.959999999999999964e+00,1.442500000000000000e+02,2.677777777777777501e+01
3.959999999999999964e+00,1.447500000000000000e+02,2.688888888888888573e+01
3.959999999999999964e+00,1.452500000000000000e+02,2.877777777777777501e+01
3.959999999999999964e+00,1.457500000000000000e+02,2.866666666666666785e+01
3.959999999999999964e+00,1.462500000000000000e+02,2.522222222222222499e+01
3.959999999999999964e+00,1.467500000000000000e+02,2.300000000000000000e+01
3.959999999999999964e+00,1.472500000000000000e+02,2.266666666666666785e+01
3.959999999999999964e+00,1.477500000000000000e+02,2.411111111111111427e+01
3.959999999999999964e+00,1.482500000000000000e+02,2.377777777777778212e+01
3.959999999999999964e+00,1.487500000000000000e+02,2.344444444444444642e+01
3.959999999999999964e+00,1.492500000000000000e+02,2.344444444444444642e+01
3.959999999999999964e+00,1.497500000000000000e+02,2.200000000000000355e+01
3.959999999999999964e+00,1.502500000000000000e+02,2.111111111111111427e+01
3.959999999999999964e+00,1.507500000000000000e+02,2.055555555555555713e+01
3.959999999999999964e+00,1.512500000000000000e+02,2.177777777777778212e+01
3.959999999999999964e+00,1.517500000000000000e+02,2.311111111111111427e+01
3.959999999999999964e+00,1.522500000000000000e+02,2.144444444444444642e+01
3.959999999999999964e+00,1.527500000000000000e+02,2.233333333333333925e+01
3.959999999999999964e+00,1.532500000000000000e+02,2.344444444444444642e+01
3.959999999999999964e+00,1.537500000000000000e+02,2.311111111111111427e+01
3.959999999999999964e+00,1.542500000000000000e+02,2.044444444444444642e+01
3.959999999999999964e+00,1.547500000000000000e+02,1.922222222222222499e+01
3.959999999999999964e+00,1.552500000000000000e+02,1.933333333333333925e+01
3.959999999999999964e+00,1.557500000000000000e+02,1.822222222222222499e+01
3.959999999999999964e+00,1.562500000000000000e+02,1.677777777777778212e+01
3.959999999999999964e+00,1.567500000000000000e+02,1.488888888888889284e+01
3.959999999999999964e+00,1.572500000000000000e+02,1.577777777777778034e+01
3.959999999999999964e+00,1.577500000000000000e+02,1.622222222222222499e+01
3.959999999999999964e+00,1.582500000000000000e+02,1.511111111111111427e+01
3.959999999999999964e+00,1.587500000000000000e+02,1.500000000000000178e+01
3.959999999999999964e+00,1.592500000000000000e+02,1.311111111111111427e+01
3.959999999999999964e+00,1.597500000000000000e+02,1.533333333333333570e+01
3.959999999999999964e+00,1.602500000000000000e+02,1.400000000000000178e+01
3.959999999999999964e+00,1.607500000000000000e+02,1.444444444444444819e+01
3.959999999999999964e+00,1.612500000000000000e+02,1.300000000000000178e+01
3.959999999999999964e+00,1.617500000000000000e+02,1.388888888888889106e+01
3.959999999999999964e+00,1.622500000000000000e+02,1.355555555555555713e+01
3.959999999999999964e+00,1.627500000000000000e+02,1.488888888888889106e+01
3.959999999999999964e+00,1.632500000000000000e+02,1.522222222222222321e+01
3.959999999999999964e+00,1.637500000000000000e+02,1.388888888888889106e+01
3.959999999999999964e+00,1.642500000000000000e+02,1.311111111111111249e+01
3.959999999999999964e+00,1.647500000000000000e+02,1.144444444444444464e+01
3.959999999999999964e+00,1.652500000000000000e+02,1.222222222222222321e+01
3.959999999999999964e+00,1.657500000000000000e+02,1.233333333333333393e+01
3.959999999999999964e+00,1.662500000000000000e+02,1.255555555555555713e+01
3.959999999999999964e+00,1.667500000000000000e+02,1.266666666666666963e+01
3.959999999999999964e+00,1.672500000000000000e+02,1.144444444444444819e+01
3.959999999999999964e+00,1.677500000000000000e+02,1.077777777777778034e+01
3.959999999999999964e+00,1.682500000000000000e+02,9.111111111111114269e+00
3.959999999999999964e+00,1.687500000000000000e+02,9.000000000000001776e+00
3.959999999999999964e+00,1.692500000000000000e+02,9.444444444444446418e+00
3.959999999999999964e+00,1.697500000000000000e+02,9.444444444444446418e+00
3.959999999999999964e+00,1.702500000000000000e+02,9.111111111111112493e+00
3.959999999999999964e+00,1.707500000000000000e+02,8.444444444444446418e+00
3.959999999999999964e+00,1.712500000000000000e+02,7.555555555555557135e+00
3.959999999999999964e+00,1.717500000000000000e+02,5.555555555555557135e+00
3.959999999999999964e+00,1.722500000000000000e+02,5.000000000000000888e+00
3.959999999999999964e+00,1.727500000000000000e+02,5.666666666666667851e+00
3.959999999999999964e+00,1.732500000000000000e+02,5.333333333333334814e+00
3.959999999999999964e+00,1.737500000000000000e+02,4.333333333333334814e+00
3.959999999999999964e+00,1.742500000000000000e+02,3.333333333333334370e+00
3.959999999999999964e+00,1.747500000000000000e+02,4.222222222222223209e+00
3.959999999999999964e+00,1.752500000000000000e+02,4.333333333333334814e+00
3.959999999999999964e+00,1.757500000000000000e+02,3.444444444444445974e+00
3.959999999999999964e+00,1.762500000000000000e+02,2.555555555555557135e+00
3.959999999999999964e+00,1.767500000000000000e+02,2.000000000000001332e+00
3.959999999999999964e+00,1.772500000000000000e+02,1.777777777777779233e+00
3.959999999999999964e+00,1.777500000000000000e+02,1.666666666666668073e+00
3.959999999999999964e+00,1.782500000000000000e+02,1.333333333333334814e+00
3.959999999999999964e+00,1.787500000000000000e+02,1.222222222222223653e+00
3.959999999999999964e+00,1.792500000000000000e+02,5.555555555555570235e-01
3.959999999999999964e+00,1.797500000000000000e+02,4.444444444444459186e-01
3.975999999999999979e+00,1.302500000000000000e+02,3.888888888888889284e+01
3.975999999999999979e+00,1.307500000000000000e+02,3.944444444444444997e+01
3.975999999999999979e+00,1.312500000000000000e+02,4.177777777777777857e+01
3.975999999999999979e+00,1.317500000000000000e+02,3.811111111111111427e+01
3.975999999999999979e+00,1.322500000000000000e+02,3.777777777777777857e+01
3.975999999999999979e+00,1.327500000000000000e+02,3.522222222222222143e+01
3.975999999999999979e+00,1.332500000000000000e+02,3.188888888888888928e+01
3.975999999999999979e+00,1.337500000000000000e+02,3.222222222222222143e+01
3.975999999999999979e+00,1.342500000000000000e+02,3.266666666666666430e+01
3.975999999999999979e+00,1.347500000000000000e+02,3.488888888888888573e+01
3.975999999999999979e+00,1.352500000000000000e+02,3.388888888888888573e+01
3.975999999999999979e+00,1.357500000000000000e+02,3.300000000000000000e+01
3.975999999999999979e+00,1.362500000000000000e+02,3.422222222222222143e+01
3.975999999999999979e+00,1.367500000000000000e+02,3.266666666666666430e+01
3.975999999999999979e+00,1.372500000000000000e+02,2.988888888888888573e+01
3.975999999999999979e+00,1.377500000000000000e+02,2.855555555555555358e+01
3.975999999999999979e+00,1.382500000000000000e+02,2.888888888888888573e+01
3.975999999999999979e+00,1.387500000000000000e+02,3.033333333333332860e+01
3.975999999999999979e+00,1.392500000000000000e+02,2.911111111111110361e+01
3.975999999999999979e+00,1.397500000000000000e+02,2.811111111111110361e+01
3.975999999999999979e+00,1.402500000000000000e+02,2.655555555555555358e+01
3.975999999999999979e+00,1.407500000000000000e+02,2.377777777777777146e+01
3.975999999999999979e+00,1.412500000000000000e+02,2.311111111111110361e+01
3.975999999999999979e+00,1.417500000000000000e+02,2.288888888888888218e+01
3.975999999999999979e+00,1.422500000000000000e+02,2.355555555555554648e+01
3.975999999999999979e+00,1.427500000000000000e+02,2.366666666666665719e+01
3.975999999999999979e+00,1.432500000000000000e+02,2.577777777777776791e+01
3.975999999999999979e+00,1.437500000000000000e+02,2.677777777777776791e+01
3.975999999999999979e+00,1.442500000000000000e+02,2.755555555555554292e+01
3.975999999999999979e+00,1.447500000000000000e+02,2.744444444444443221e+01
3.975999999999999979e+00,1.452500000000000000e+02,2.844444444444443221e+01
3.975999999999999979e+00,1.457500000000000000e+02,2.666666666666665719e+01
3.975999999999999979e+00,1.462500000000000000e+02,2.422222222222221433e+01
3.975999999999999979e+00,1.467500000000000000e+02,2.155555555555554648e+01
3.975999999999999979e+00,1.472500000000000000e+02,2.177777777777777146e+01
3.975999999999999979e+00,1.477500000000000000e+02,2.399999999999998934e+01
3.975999999999999979e+00,1.482500000000000000e+02,2.522222222222221433e+01
3.975999999999999979e+00,1.487500000000000000e+02,2.511111111111110361e+01
3.975999999999999979e+00,1.492500000000000000e+02,2.488888888888888573e+01
3.975999999999999979e+00,1.497500000000000000e+02,2.366666666666666075e+01
3.975999999999999979e+00,1.502500000000000000e+02,2.377777777777777146e+01
3.975999999999999979e+00,1.507500000000000000e+02,2.255555555555554648e+01
3.975999999999999979e+00,1.512500000000000000e+02,2.177777777777777146e+01
3.975999999999999979e+00,1.517500000000000000e+02,2.066666666666666075e+01
3.975999999999999979e+00,1.522500000000000000e+02,1.833333333333332860e+01
3.975999999999999979e+00,1.527500000000000000e+02,1.844444444444443931e+01
3.975999999999999979e+00,1.532500000000000000e+02,1.977777777777777146e+01
3.975999999999999979e+00,1.537500000000000000e+02,2.088888888888888218e+01
3.975999999999999979e+00,1.542500000000000000e+02,2.144444444444443931e+01
3.975999999999999979e+00,1.547500000000000000e+02,2.077777777777777146e+01
3.975999999999999979e+00,1.552500000000000000e+02,2.066666666666666075e+01
3.975999999999999979e+00,1.557500000000000000e+02,1.811111111111110716e+01
3.975999999999999979e+00,1.562500000000000000e+02,1.644444444444443931e+01
3.975999999999999979e+00,1.567500000000000000e+02,1.488888888888888573e+01
3.975999999999999979e+00,1.572500000000000000e+02,1.488888888888888573e+01
3.975999999999999979e+00,1.577500000000000000e+02,1.577777777777777679e+01
3.975999999999999979e+00,1.582500000000000000e+02,1.399999999999999822e+01
3.975999999999999979e+00,1.587500000000000000e+02,1.433333333333333037e+01
3.975999999999999979e+00,1.592500000000000000e+02,1.199999999999999822e+01
3.975999999999999979e+00,1.597500000000000000e+02,1.399999999999999822e+01
3.975999999999999979e+00,1.602500000000000000e+02,1.311111111111110894e+01
3.975999999999999979e+00,1.607500000000000000e+02,1.455555555555555536e+01
3.975999999999999979e+00,1.612500000000000000e+02,1.377777777777777679e+01
3.975999999999999979e+00,1.617500000000000000e+02,1.388888888888888751e+01
3.975999999999999979e+00,1.622500000000000000e+02,1.288888888888888751e+01
3.975999999999999979e+00,1.627500000000000000e+02,1.266666666666666607e+01
3.975999999999999979e+00,1.632500000000000000e+02,1.411111111111110894e+01
3.975999999999999979e+00,1.637500000000000000e+02,1.299999999999999822e+01
3.975999999999999979e+00,1.642500000000000000e+02,1.299999999999999822e+01
3.975999999999999979e+00,1.647500000000000000e+02,1.111111111111110894e+01
3.975999999999999979e+00,1.652500000000000000e+02,1.166666666666666607e+01
3.975999999999999979e+00,1.657500000000000000e+02,1.077777777777777857e+01
3.975999999999999979e+00,1.662500000000000000e+02,1.044444444444444464e+01
3.975999999999999979e+00,1.667500000000000000e+02,1.000000000000000000e+01
3.975999999999999979e+00,1.672500000000000000e+02,9.777777777777776791e+00
3.975999999999999979e+00,1.677500000000000000e+02,1.044444444444444464e+01
3.975999999999999979e+00,1.682500000000000000e+02,9.555555555555555358e+00
3.975999999999999979e+00,1.687500000000000000e+02,9.333333333333333925e+00
3.975999999999999979e+00,1.692500000000000000e+02,8.333333333333333925e+00
3.975999999999999979e+00,1.697500000000000000e+02,8.222222222222223209e+00
3.975999999999999979e+00,1.702500000000000000e+02,7.888888888888889284e+00
3.975999999999999979e+00,1.707500000000000000e+02,7.555555555555556246e+00
3.975999999999999979e+00,1.712500000000000000e+02,7.333333333333333037e+00
3.975999999999999979e+00,1.717500000000000000e+02,6.000000000000000000e+00
3.975999999999999979e+00,1.722500000000000000e+02,4.888888888888888395e+00
3.975999999999999979e+00,1.727500000000000000e+02,5.333333333333333037e+00
3.975999999999999979e+00,1.732500000000000000e+02,4.666666666666666963e+00
3.975999999999999979e+00,1.737500000000000000e+02,4.000000000000000000e+00
3.975999999999999979e+00,1.742500000000000000e+02,3.111111111111110716e+00
3.975999999999999979e+00,1.747500000000000000e+02,3.666666666666666075e+00
3.975999999999999979e+00,1.752500000000000000e+02,4.111111111111110716e+00
3.975999999999999979e+00,1.757500000000000000e+02,3.333333333333332593e+00
3.975999999999999979e+00,1.762500000000000000e+02,2.888888888888887951e+00
3.975999999999999979e+00,1.767500000000000000e+02,2.111111111111110272e+00
3.975999999999999979e+00,1.772500000000000000e+02,1.555555555555554692e+00
3.975999999999999979e+00,1.777500000000000000e+02,1.444444444444443532e+00
3.975999999999999979e+00,1.782500000000000000e+02,1.111111111111110050e+00
3.975999999999999979e+00,1.787500000000000000e+02,8.888888888888878403e-01
3.975999999999999979e+00,1.792500000000000000e+02,2.222222222222211274e-01
3.975999999999999979e+00,1.797500000000000000e+02,1.111111111111100364e-01
3.991999999999999993e+00,1.302500000000000000e+02,4.044444444444444997e+01
3.991999999999999993e+00,1.307500000000000000e+02,4.077777777777777857e+01
3.991999999999999993e+00,1.312500000000000000e+02,4.322222222222222854e+01
3.991999999999999993e+00,1.317500000000000000e+02,3.811111111111111427e+01
3.991999999999999993e+00,1.322500000000000000e+02,3.966666666666666430e+01
3.991999999999999993e+00,1.327500000000000000e+02,3.788888888888888573e+01
3.991999999999999993e+00,1.332500000000000000e+02,3.577777777777777857e+01
3.991999999999999993e+00,1.337500000000000000e+02,3.433333333333333570e+01
3.991999999999999993e+00,1.342500000000000000e+02,3.433333333333333570e+01
3.991999999999999993e+00,1.347500000000000000e+02,3.388888888888888573e+01
3.991999999999999993e+00,1.352500000000000000e+02,3.255555555555555003e+01
3.991999999999999993e+00,1.357500000000000000e+02,3.088888888888888573e+01
3.991999999999999993e+00,1.362500000000000000e+02,3.266666666666666430e+01
3.991999999999999993e+00,1.367500000000000000e+02,3.077777777777777146e+01
3.991999999999999993e+00,1.372500000000000000e+02,2.922222222222221433e+01
3.991999999999999993e+00,1.377500000000000000e+02,2.811111111111110361e+01
3.991999999999999993e+00,1.382500000000000000e+02,2.833333333333332504e+01
3.991999999999999993e+00,1.387500000000000000e+02,2.933333333333332504e+01
3.991999999999999993e+00,1.392500000000000000e+02,2.755555555555554292e+01
3.991999999999999993e+00,1.397500000000000000e+02,2.744444444444443221e+01
3.991999999999999993e+00,1.402500000000000000e+02,2.488888888888887507e+01
3.991999999999999993e+00,1.407500000000000000e+02,2.355555555555554292e+01
3.991999999999999993e+00,1.412500000000000000e+02,2.311111111111110006e+01
3.991999999999999993e+00,1.417500000000000000e+02,2.311111111111110006e+01
3.991999999999999993e+00,1.422500000000000000e+02,2.355555555555554292e+01
3.991999999999999993e+00,1.427500000000000000e+02,2.388888888888887507e+01
3.991999999999999993e+00,1.432500000000000000e+02,2.544444444444442865e+01
3.991999999999999993e+00,1.437500000000000000e+02,2.655555555555554292e+01
3.991999999999999993e+00,1.442500000000000000e+02,2.677777777777776080e+01
3.991999999999999993e+00,1.447500000000000000e+02,2.566666666666665364e+01
3.991999999999999993e+00,1.452500000000000000e+02,2.566666666666665364e+01
3.991999999999999993e+00,1.457500000000000000e+02,2.377777777777776080e+01
3.991999999999999993e+00,1.462500000000000000e+02,2.355555555555553937e+01
3.991999999999999993e+00,1.467500000000000000e+02,2.122222222222220367e+01
3.991999999999999993e+00,1.472500000000000000e+02,2.222222222222220367e+01
3.991999999999999993e+00,1.477500000000000000e+02,2.455555555555553937e+01
3.991999999999999993e+00,1.482500000000000000e+02,2.633333333333331439e+01
3.991999999999999993e+00,1.487500000000000000e+02,2.599999999999998224e+01
3.991999999999999993e+00,1.492500000000000000e+02,2.544444444444442865e+01
3.991999999999999993e+00,1.497500000000000000e+02,2.399999999999998579e+01
3.991999999999999993e+00,1.502500000000000000e+02,2.399999999999998579e+01
3.991999999999999993e+00,1.507500000000000000e+02,2.255555555555554292e+01
3.991999999999999993e+00,1.512500000000000000e+02,2.088888888888887507e+01
3.991999999999999993e+00,1.517500000000000000e+02,1.899999999999998579e+01
3.991999999999999993e+00,1.522500000000000000e+02,1.744444444444443221e+01
3.991999999999999993e+00,1.527500000000000000e+02,1.755555555555554292e+01
3.991999999999999993e+00,1.532500000000000000e+02,1.766666666666665364e+01
3.991999999999999993e+00,1.537500000000000000e+02,1.777777777777776080e+01
3.991999999999999993e+00,1.542500000000000000e+02,1.966666666666665364e+01
3.991999999999999993e+00,1.547500000000000000e+02,2.022222222222221077e+01
3.991999999999999993e+00,1.552500000000000000e+02,1.977777777777776791e+01
3.991999999999999993e+00,1.557500000000000000e+02,1.788888888888887507e+01
3.991999999999999993e+00,1.562500000000000000e+02,1.633333333333332149e+01
3.991999999999999993e+00,1.567500000000000000e+02,1.644444444444443221e+01
3.991999999999999993e+00,1.572500000000000000e+02,1.455555555555554470e+01
3.991999999999999993e+00,1.577500000000000000e+02,1.566666666666665719e+01
3.991999999999999993e+00,1.582500000000000000e+02,1.366666666666665719e+01
3.991999999999999993e+00,1.587500000000000000e+02,1.488888888888887863e+01
3.991999999999999993e+00,1.592500000000000000e+02,1.233333333333332327e+01
3.991999999999999993e+00,1.597500000000000000e+02,1.388888888888888040e+01
3.991999999999999993e+00,1.602500000000000000e+02,1.366666666666665897e+01
3.991999999999999993e+00,1.607500000000000000e+02,1.577777777777777146e+01
3.991999999999999993e+00,1.612500000000000000e+02,1.466666666666665897e+01
3.991999999999999993e+00,1.617500000000000000e+02,1.344444444444443754e+01
3.991999999999999993e+00,1.622500000000000000e+02,1.166666666666666252e+01
3.991999999999999993e+00,1.627500000000000000e+02,1.022222222222221610e+01
3.991999999999999993e+00,1.632500000000000000e+02,1.199999999999999467e+01
3.991999999999999993e+00,1.637500000000000000e+02,1.166666666666666252e+01
3.991999999999999993e+00,1.642500000000000000e+02,1.299999999999999467e+01
3.991999999999999993e+00,1.647500000000000000e+02,1.111111111111110716e+01
3.991999999999999993e+00,1.652500000000000000e+02,1.055555555555555181e+01
3.991999999999999993e+00,1.657500000000000000e+02,9.333333333333330373e+00
3.991999999999999993e+00,1.662500000000000000e+02,8.888888888888885731e+00
3.991999999999999993e+00,1.667500000000000000e+02,9.222222222222219656e+00
3.991999999999999993e+00,1.672500000000000000e+02,9.111111111111107164e+00
3.991999999999999993e+00,1.677500000000000000e+02,1.066666666666666252e+01
3.991999999999999993e+00,1.682500000000000000e+02,1.011111111111110539e+01
3.991999999999999993e+00,1.687500000000000000e+02,1.011111111111110539e+01
3.991999999999999993e+00,1.692500000000000000e+02,8.222222222222216104e+00
3.991999999999999993e+00,1.697500000000000000e+02,7.222222222222216992e+00
3.991999999999999993e+00,1.702500000000000000e+02,6.666666666666660745e+00
3.991999999999999993e+00,1.707500000000000000e+02,6.555555555555550029e+00
3.991999999999999993e+00,1.712500000000000000e+02,7.444444444444438425e+00
3.991999999999999993e+00,1.717500000000000000e+02,6.555555555555550029e+00
3.991999999999999993e+00,1.722500000000000000e+02,5.111111111111105387e+00
3.991999999999999993e+00,1.727500000000000000e+02,4.888888888888883066e+00
3.991999999999999993e+00,1.732500000000000000e+02,3.777777777777771906e+00
3.991999999999999993e+00,1.737500000000000000e+02,3.666666666666660745e+00
3.991999999999999993e+00,1.742500000000000000e+02,3.111111111111104943e+00
3.991999999999999993e+00,1.747500000000000000e+02,3.888888888888882178e+00
3.991999999999999993e+00,1.752500000000000000e+02,3.888888888888882178e+00
3.991999999999999993e+00,1.757500000000000000e+02,3.333333333333326820e+00
3.991999999999999993e+00,1.762500000000000000e+02,3.111111111111104943e+00
3.991999999999999993e+00,1.767500000000000000e+02,2.666666666666660301e+00
3.991999999999999993e+00,1.772500000000000000e+02,1.999999999999993783e+00
3.991999999999999993e+00,1.777500000000000000e+02,1.555555555555549363e+00
3.991999999999999993e+00,1.782500000000000000e+02,1.111111111111104943e+00
3.991999999999999993e+00,1.787500000000000000e+02,7.777777777777715729e-01
3.991999999999999993e+00,1.792500000000000000e+02,2.222222222222160204e-01
3.991999999999999993e+00,1.797500000000000000e+02,1.111111111111049293e-01
