Distance_Angstrom,Angle_Degree,Smoothed_Density
2.407999999999999918e+00,1.302500000000000000e+02,0.000000000000000000e+00
2.407999999999999918e+00,1.307500000000000000e+02,0.000000000000000000e+00
2.407999999999999918e+00,1.312500000000000000e+02,0.000000000000000000e+00
2.407999999999999918e+00,1.317500000000000000e+02,0.000000000000000000e+00
2.407999999999999918e+00,1.322500000000000000e+02,0.000000000000000000e+00
2.407999999999999918e+00,1.327500000000000000e+02,0.000000000000000000e+00
2.407999999999999918e+00,1.332500000000000000e+02,0.000000000000000000e+00
2.407999999999999918e+00,1.337500000000000000e+02,0.000000000000000000e+00
2.407999999999999918e+00,1.342500000000000000e+02,0.000000000000000000e+00
2.407999999999999918e+00,1.347500000000000000e+02,0.000000000000000000e+00
2.407999999999999918e+00,1.352500000000000000e+02,0.000000000000000000e+00
2.407999999999999918e+00,1.357500000000000000e+02,0.000000000000000000e+00
2.407999999999999918e+00,1.362500000000000000e+02,0.000000000000000000e+00
2.407999999999999918e+00,1.367500000000000000e+02,0.000000000000000000e+00
2.407999999999999918e+00,1.372500000000000000e+02,0.000000000000000000e+00
2.407999999999999918e+00,1.377500000000000000e+02,0.000000000000000000e+00
2.407999999999999918e+00,1.382500000000000000e+02,0.000000000000000000e+00
2.407999999999999918e+00,1.387500000000000000e+02,0.000000000000000000e+00
2.407999999999999918e+00,1.392500000000000000e+02,0.000000000000000000e+00
2.407999999999999918e+00,1.397500000000000000e+02,0.000000000000000000e+00
2.407999999999999918e+00,1.402500000000000000e+02,0.000000000000000000e+00
2.407999999999999918e+00,1.407500000000000000e+02,0.000000000000000000e+00
2.407999999999999918e+00,1.412500000000000000e+02,0.000000000000000000e+00
2.407999999999999918e+00,1.417500000000000000e+02,0.000000000000000000e+00
2.407999999999999918e+00,1.422500000000000000e+02,0.000000000000000000e+00
2.407999999999999918e+00,1.427500000000000000e+02,0.000000000000000000e+00
2.407999999999999918e+00,1.432500000000000000e+02,0.000000000000000000e+00
2.407999999999999918e+00,1.437500000000000000e+02,0.000000000000000000e+00
2.407999999999999918e+00,1.442500000000000000e+02,0.000000000000000000e+00
2.407999999999999918e+00,1.447500000000000000e+02,0.000000000000000000e+00
2.407999999999999918e+00,1.452500000000000000e+02,0.000000000000000000e+00
2.407999999999999918e+00,1.457500000000000000e+02,0.000000000000000000e+00
2.407999999999999918e+00,1.462500000000000000e+02,0.000000000000000000e+00
2.407999999999999918e+00,1.467500000000000000e+02,0.000000000000000000e+00
2.407999999999999918e+00,1.472500000000000000e+02,0.000000000000000000e+00
2.407999999999999918e+00,1.477500000000000000e+02,0.000000000000000000e+00
2.407999999999999918e+00,1.482500000000000000e+02,0.000000000000000000e+00
2.407999999999999918e+00,1.487500000000000000e+02,0.000000000000000000e+00
2.407999999999999918e+00,1.492500000000000000e+02,0.000000000000000000e+00
2.407999999999999918e+00,1.497500000000000000e+02,0.000000000000000000e+00
2.407999999999999918e+00,1.502500000000000000e+02,0.000000000000000000e+00
2.407999999999999918e+00,1.507500000000000000e+02,0.000000000000000000e+00
2.407999999999999918e+00,1.512500000000000000e+02,0.000000000000000000e+00
2.407999999999999918e+00,1.517500000000000000e+02,0.000000000000000000e+00
2.407999999999999918e+00,1.522500000000000000e+02,0.000000000000000000e+00
2.407999999999999918e+00,1.527500000000000000e+02,0.000000000000000000e+00
2.407999999999999918e+00,1.532500000000000000e+02,0.000000000000000000e+00
2.407999999999999918e+00,1.537500000000000000e+02,0.000000000000000000e+00
2.407999999999999918e+00,1.542500000000000000e+02,0.000000000000000000e+00
2.407999999999999918e+00,1.547500000000000000e+02,0.000000000000000000e+00
2.407999999999999918e+00,1.552500000000000000e+02,0.000000000000000000e+00
2.407999999999999918e+00,1.557500000000000000e+02,0.000000000000000000e+00
2.407999999999999918e+00,1.562500000000000000e+02,0.000000000000000000e+00
2.407999999999999918e+00,1.567500000000000000e+02,0.000000000000000000e+00
2.407999999999999918e+00,1.572500000000000000e+02,0.000000000000000000e+00
2.407999999999999918e+00,1.577500000000000000e+02,0.000000000000000000e+00
2.407999999999999918e+00,1.582500000000000000e+02,0.000000000000000000e+00
2.407999999999999918e+00,1.587500000000000000e+02,0.000000000000000000e+00
2.407999999999999918e+00,1.592500000000000000e+02,0.000000000000000000e+00
2.407999999999999918e+00,1.597500000000000000e+02,0.000000000000000000e+00
2.407999999999999918e+00,1.602500000000000000e+02,0.000000000000000000e+00
2.407999999999999918e+00,1.607500000000000000e+02,0.000000000000000000e+00
2.407999999999999918e+00,1.612500000000000000e+02,0.000000000000000000e+00
2.407999999999999918e+00,1.617500000000000000e+02,0.000000000000000000e+00
2.407999999999999918e+00,1.622500000000000000e+02,0.000000000000000000e+00
2.407999999999999918e+00,1.627500000000000000e+02,0.000000000000000000e+00
2.407999999999999918e+00,1.632500000000000000e+02,0.000000000000000000e+00
2.407999999999999918e+00,1.637500000000000000e+02,0.000000000000000000e+00
2.407999999999999918e+00,1.642500000000000000e+02,0.000000000000000000e+00
2.407999999999999918e+00,1.647500000000000000e+02,0.000000000000000000e+00
2.407999999999999918e+00,1.652500000000000000e+02,0.000000000000000000e+00
2.407999999999999918e+00,1.657500000000000000e+02,0.000000000000000000e+00
2.407999999999999918e+00,1.662500000000000000e+02,0.000000000000000000e+00
2.407999999999999918e+00,1.667500000000000000e+02,0.000000000000000000e+00
2.407999999999999918e+00,1.672500000000000000e+02,0.000000000000000000e+00
2.407999999999999918e+00,1.677500000000000000e+02,0.000000000000000000e+00
2.407999999999999918e+00,1.682500000000000000e+02,0.000000000000000000e+00
2.407999999999999918e+00,1.687500000000000000e+02,0.000000000000000000e+00
2.407999999999999918e+00,1.692500000000000000e+02,0.000000000000000000e+00
2.407999999999999918e+00,1.697500000000000000e+02,0.000000000000000000e+00
2.407999999999999918e+00,1.702500000000000000e+02,0.000000000000000000e+00
2.407999999999999918e+00,1.707500000000000000e+02,0.000000000000000000e+00
2.407999999999999918e+00,1.712500000000000000e+02,0.000000000000000000e+00
2.407999999999999918e+00,1.717500000000000000e+02,0.000000000000000000e+00
2.407999999999999918e+00,1.722500000000000000e+02,0.000000000000000000e+00
2.407999999999999918e+00,1.727500000000000000e+02,0.000000000000000000e+00
2.407999999999999918e+00,1.732500000000000000e+02,0.000000000000000000e+00
2.407999999999999918e+00,1.737500000000000000e+02,0.000000000000000000e+00
2.407999999999999918e+00,1.742500000000000000e+02,0.000000000000000000e+00
2.407999999999999918e+00,1.747500000000000000e+02,0.000000000000000000e+00
2.407999999999999918e+00,1.752500000000000000e+02,0.000000000000000000e+00
2.407999999999999918e+00,1.757500000000000000e+02,0.000000000000000000e+00
2.407999999999999918e+00,1.762500000000000000e+02,0.000000000000000000e+00
2.407999999999999918e+00,1.767500000000000000e+02,0.000000000000000000e+00
2.407999999999999918e+00,1.772500000000000000e+02,0.000000000000000000e+00
2.407999999999999918e+00,1.777500000000000000e+02,0.000000000000000000e+00
2.407999999999999918e+00,1.782500000000000000e+02,0.000000000000000000e+00
2.407999999999999918e+00,1.787500000000000000e+02,0.000000000000000000e+00
2.407999999999999918e+00,1.792500000000000000e+02,0.000000000000000000e+00
2.407999999999999918e+00,1.797500000000000000e+02,0.000000000000000000e+00
2.423999999999999932e+00,1.302500000000000000e+02,0.000000000000000000e+00
2.423999999999999932e+00,1.307500000000000000e+02,0.000000000000000000e+00
2.423999999999999932e+00,1.312500000000000000e+02,0.000000000000000000e+00
2.423999999999999932e+00,1.317500000000000000e+02,0.000000000000000000e+00
2.423999999999999932e+00,1.322500000000000000e+02,0.000000000000000000e+00
2.423999999999999932e+00,1.327500000000000000e+02,0.000000000000000000e+00
2.423999999999999932e+00,1.332500000000000000e+02,0.000000000000000000e+00
2.423999999999999932e+00,1.337500000000000000e+02,0.000000000000000000e+00
2.423999999999999932e+00,1.342500000000000000e+02,0.000000000000000000e+00
2.423999999999999932e+00,1.347500000000000000e+02,0.000000000000000000e+00
2.423999999999999932e+00,1.352500000000000000e+02,0.000000000000000000e+00
2.423999999999999932e+00,1.357500000000000000e+02,0.000000000000000000e+00
2.423999999999999932e+00,1.362500000000000000e+02,0.000000000000000000e+00
2.423999999999999932e+00,1.367500000000000000e+02,0.000000000000000000e+00
2.423999999999999932e+00,1.372500000000000000e+02,0.000000000000000000e+00
2.423999999999999932e+00,1.377500000000000000e+02,0.000000000000000000e+00
2.423999999999999932e+00,1.382500000000000000e+02,0.000000000000000000e+00
2.423999999999999932e+00,1.387500000000000000e+02,0.000000000000000000e+00
2.423999999999999932e+00,1.392500000000000000e+02,0.000000000000000000e+00
2.423999999999999932e+00,1.397500000000000000e+02,0.000000000000000000e+00
2.423999999999999932e+00,1.402500000000000000e+02,0.000000000000000000e+00
2.423999999999999932e+00,1.407500000000000000e+02,0.000000000000000000e+00
2.423999999999999932e+00,1.412500000000000000e+02,0.000000000000000000e+00
2.423999999999999932e+00,1.417500000000000000e+02,0.000000000000000000e+00
2.423999999999999932e+00,1.422500000000000000e+02,0.000000000000000000e+00
2.423999999999999932e+00,1.427500000000000000e+02,0.000000000000000000e+00
2.423999999999999932e+00,1.432500000000000000e+02,0.000000000000000000e+00
2.423999999999999932e+00,1.437500000000000000e+02,0.000000000000000000e+00
2.423999999999999932e+00,1.442500000000000000e+02,0.000000000000000000e+00
2.423999999999999932e+00,1.447500000000000000e+02,0.000000000000000000e+00
2.423999999999999932e+00,1.452500000000000000e+02,0.000000000000000000e+00
2.423999999999999932e+00,1.457500000000000000e+02,0.000000000000000000e+00
2.423999999999999932e+00,1.462500000000000000e+02,0.000000000000000000e+00
2.423999999999999932e+00,1.467500000000000000e+02,0.000000000000000000e+00
2.423999999999999932e+00,1.472500000000000000e+02,0.000000000000000000e+00
2.423999999999999932e+00,1.477500000000000000e+02,0.000000000000000000e+00
2.423999999999999932e+00,1.482500000000000000e+02,0.000000000000000000e+00
2.423999999999999932e+00,1.487500000000000000e+02,0.000000000000000000e+00
2.423999999999999932e+00,1.492500000000000000e+02,0.000000000000000000e+00
2.423999999999999932e+00,1.497500000000000000e+02,0.000000000000000000e+00
2.423999999999999932e+00,1.502500000000000000e+02,0.000000000000000000e+00
2.423999999999999932e+00,1.507500000000000000e+02,0.000000000000000000e+00
2.423999999999999932e+00,1.512500000000000000e+02,0.000000000000000000e+00
2.423999999999999932e+00,1.517500000000000000e+02,0.000000000000000000e+00
2.423999999999999932e+00,1.522500000000000000e+02,0.000000000000000000e+00
2.423999999999999932e+00,1.527500000000000000e+02,0.000000000000000000e+00
2.423999999999999932e+00,1.532500000000000000e+02,0.000000000000000000e+00
2.423999999999999932e+00,1.537500000000000000e+02,0.000000000000000000e+00
2.423999999999999932e+00,1.542500000000000000e+02,0.000000000000000000e+00
2.423999999999999932e+00,1.547500000000000000e+02,0.000000000000000000e+00
2.423999999999999932e+00,1.552500000000000000e+02,0.000000000000000000e+00
2.423999999999999932e+00,1.557500000000000000e+02,0.000000000000000000e+00
2.423999999999999932e+00,1.562500000000000000e+02,0.000000000000000000e+00
2.423999999999999932e+00,1.567500000000000000e+02,0.000000000000000000e+00
2.423999999999999932e+00,1.572500000000000000e+02,0.000000000000000000e+00
2.423999999999999932e+00,1.577500000000000000e+02,0.000000000000000000e+00
2.423999999999999932e+00,1.582500000000000000e+02,0.000000000000000000e+00
2.423999999999999932e+00,1.587500000000000000e+02,0.000000000000000000e+00
2.423999999999999932e+00,1.592500000000000000e+02,0.000000000000000000e+00
2.423999999999999932e+00,1.597500000000000000e+02,0.000000000000000000e+00
2.423999999999999932e+00,1.602500000000000000e+02,0.000000000000000000e+00
2.423999999999999932e+00,1.607500000000000000e+02,0.000000000000000000e+00
2.423999999999999932e+00,1.612500000000000000e+02,0.000000000000000000e+00
2.423999999999999932e+00,1.617500000000000000e+02,0.000000000000000000e+00
2.423999999999999932e+00,1.622500000000000000e+02,0.000000000000000000e+00
2.423999999999999932e+00,1.627500000000000000e+02,0.000000000000000000e+00
2.423999999999999932e+00,1.632500000000000000e+02,0.000000000000000000e+00
2.423999999999999932e+00,1.637500000000000000e+02,0.000000000000000000e+00
2.423999999999999932e+00,1.642500000000000000e+02,0.000000000000000000e+00
2.423999999999999932e+00,1.647500000000000000e+02,0.000000000000000000e+00
2.423999999999999932e+00,1.652500000000000000e+02,0.000000000000000000e+00
2.423999999999999932e+00,1.657500000000000000e+02,0.000000000000000000e+00
2.423999999999999932e+00,1.662500000000000000e+02,0.000000000000000000e+00
2.423999999999999932e+00,1.667500000000000000e+02,0.000000000000000000e+00
2.423999999999999932e+00,1.672500000000000000e+02,0.000000000000000000e+00
2.423999999999999932e+00,1.677500000000000000e+02,0.000000000000000000e+00
2.423999999999999932e+00,1.682500000000000000e+02,0.000000000000000000e+00
2.423999999999999932e+00,1.687500000000000000e+02,0.000000000000000000e+00
2.423999999999999932e+00,1.692500000000000000e+02,0.000000000000000000e+00
2.423999999999999932e+00,1.697500000000000000e+02,0.000000000000000000e+00
2.423999999999999932e+00,1.702500000000000000e+02,0.000000000000000000e+00
2.423999999999999932e+00,1.707500000000000000e+02,0.000000000000000000e+00
2.423999999999999932e+00,1.712500000000000000e+02,0.000000000000000000e+00
2.423999999999999932e+00,1.717500000000000000e+02,0.000000000000000000e+00
2.423999999999999932e+00,1.722500000000000000e+02,0.000000000000000000e+00
2.423999999999999932e+00,1.727500000000000000e+02,0.000000000000000000e+00
2.423999999999999932e+00,1.732500000000000000e+02,0.000000000000000000e+00
2.423999999999999932e+00,1.737500000000000000e+02,0.000000000000000000e+00
2.423999999999999932e+00,1.742500000000000000e+02,0.000000000000000000e+00
2.423999999999999932e+00,1.747500000000000000e+02,0.000000000000000000e+00
2.423999999999999932e+00,1.752500000000000000e+02,0.000000000000000000e+00
2.423999999999999932e+00,1.757500000000000000e+02,0.000000000000000000e+00
2.423999999999999932e+00,1.762500000000000000e+02,0.000000000000000000e+00
2.423999999999999932e+00,1.767500000000000000e+02,0.000000000000000000e+00
2.423999999999999932e+00,1.772500000000000000e+02,0.000000000000000000e+00
2.423999999999999932e+00,1.777500000000000000e+02,0.000000000000000000e+00
2.423999999999999932e+00,1.782500000000000000e+02,0.000000000000000000e+00
2.423999999999999932e+00,1.787500000000000000e+02,0.000000000000000000e+00
2.423999999999999932e+00,1.792500000000000000e+02,0.000000000000000000e+00
2.423999999999999932e+00,1.797500000000000000e+02,0.000000000000000000e+00
2.439999999999999947e+00,1.302500000000000000e+02,0.000000000000000000e+00
2.439999999999999947e+00,1.307500000000000000e+02,0.000000000000000000e+00
2.439999999999999947e+00,1.312500000000000000e+02,0.000000000000000000e+00
2.439999999999999947e+00,1.317500000000000000e+02,0.000000000000000000e+00
2.439999999999999947e+00,1.322500000000000000e+02,0.000000000000000000e+00
2.439999999999999947e+00,1.327500000000000000e+02,0.000000000000000000e+00
2.439999999999999947e+00,1.332500000000000000e+02,0.000000000000000000e+00
2.439999999999999947e+00,1.337500000000000000e+02,0.000000000000000000e+00
2.439999999999999947e+00,1.342500000000000000e+02,0.000000000000000000e+00
2.439999999999999947e+00,1.347500000000000000e+02,0.000000000000000000e+00
2.439999999999999947e+00,1.352500000000000000e+02,0.000000000000000000e+00
2.439999999999999947e+00,1.357500000000000000e+02,0.000000000000000000e+00
2.439999999999999947e+00,1.362500000000000000e+02,0.000000000000000000e+00
2.439999999999999947e+00,1.367500000000000000e+02,0.000000000000000000e+00
2.439999999999999947e+00,1.372500000000000000e+02,0.000000000000000000e+00
2.439999999999999947e+00,1.377500000000000000e+02,0.000000000000000000e+00
2.439999999999999947e+00,1.382500000000000000e+02,0.000000000000000000e+00
2.439999999999999947e+00,1.387500000000000000e+02,0.000000000000000000e+00
2.439999999999999947e+00,1.392500000000000000e+02,0.000000000000000000e+00
2.439999999999999947e+00,1.397500000000000000e+02,0.000000000000000000e+00
2.439999999999999947e+00,1.402500000000000000e+02,0.000000000000000000e+00
2.439999999999999947e+00,1.407500000000000000e+02,0.000000000000000000e+00
2.439999999999999947e+00,1.412500000000000000e+02,0.000000000000000000e+00
2.439999999999999947e+00,1.417500000000000000e+02,0.000000000000000000e+00
2.439999999999999947e+00,1.422500000000000000e+02,0.000000000000000000e+00
2.439999999999999947e+00,1.427500000000000000e+02,0.000000000000000000e+00
2.439999999999999947e+00,1.432500000000000000e+02,0.000000000000000000e+00
2.439999999999999947e+00,1.437500000000000000e+02,0.000000000000000000e+00
2.439999999999999947e+00,1.442500000000000000e+02,0.000000000000000000e+00
2.439999999999999947e+00,1.447500000000000000e+02,0.000000000000000000e+00
2.439999999999999947e+00,1.452500000000000000e+02,0.000000000000000000e+00
2.439999999999999947e+00,1.457500000000000000e+02,0.000000000000000000e+00
2.439999999999999947e+00,1.462500000000000000e+02,0.000000000000000000e+00
2.439999999999999947e+00,1.467500000000000000e+02,0.000000000000000000e+00
2.439999999999999947e+00,1.472500000000000000e+02,0.000000000000000000e+00
2.439999999999999947e+00,1.477500000000000000e+02,0.000000000000000000e+00
2.439999999999999947e+00,1.482500000000000000e+02,0.000000000000000000e+00
2.439999999999999947e+00,1.487500000000000000e+02,0.000000000000000000e+00
2.439999999999999947e+00,1.492500000000000000e+02,0.000000000000000000e+00
2.439999999999999947e+00,1.497500000000000000e+02,0.000000000000000000e+00
2.439999999999999947e+00,1.502500000000000000e+02,0.000000000000000000e+00
2.439999999999999947e+00,1.507500000000000000e+02,0.000000000000000000e+00
2.439999999999999947e+00,1.512500000000000000e+02,0.000000000000000000e+00
2.439999999999999947e+00,1.517500000000000000e+02,0.000000000000000000e+00
2.439999999999999947e+00,1.522500000000000000e+02,0.000000000000000000e+00
2.439999999999999947e+00,1.527500000000000000e+02,0.000000000000000000e+00
2.439999999999999947e+00,1.532500000000000000e+02,0.000000000000000000e+00
2.439999999999999947e+00,1.537500000000000000e+02,0.000000000000000000e+00
2.439999999999999947e+00,1.542500000000000000e+02,0.000000000000000000e+00
2.439999999999999947e+00,1.547500000000000000e+02,0.000000000000000000e+00
2.439999999999999947e+00,1.552500000000000000e+02,0.000000000000000000e+00
2.439999999999999947e+00,1.557500000000000000e+02,0.000000000000000000e+00
2.439999999999999947e+00,1.562500000000000000e+02,0.000000000000000000e+00
2.439999999999999947e+00,1.567500000000000000e+02,0.000000000000000000e+00
2.439999999999999947e+00,1.572500000000000000e+02,0.000000000000000000e+00
2.439999999999999947e+00,1.577500000000000000e+02,0.000000000000000000e+00
2.439999999999999947e+00,1.582500000000000000e+02,0.000000000000000000e+00
2.439999999999999947e+00,1.587500000000000000e+02,0.000000000000000000e+00
2.439999999999999947e+00,1.592500000000000000e+02,0.000000000000000000e+00
2.439999999999999947e+00,1.597500000000000000e+02,0.000000000000000000e+00
2.439999999999999947e+00,1.602500000000000000e+02,0.000000000000000000e+00
2.439999999999999947e+00,1.607500000000000000e+02,0.000000000000000000e+00
2.439999999999999947e+00,1.612500000000000000e+02,0.000000000000000000e+00
2.439999999999999947e+00,1.617500000000000000e+02,0.000000000000000000e+00
2.439999999999999947e+00,1.622500000000000000e+02,0.000000000000000000e+00
2.439999999999999947e+00,1.627500000000000000e+02,0.000000000000000000e+00
2.439999999999999947e+00,1.632500000000000000e+02,0.000000000000000000e+00
2.439999999999999947e+00,1.637500000000000000e+02,0.000000000000000000e+00
2.439999999999999947e+00,1.642500000000000000e+02,0.000000000000000000e+00
2.439999999999999947e+00,1.647500000000000000e+02,0.000000000000000000e+00
2.439999999999999947e+00,1.652500000000000000e+02,0.000000000000000000e+00
2.439999999999999947e+00,1.657500000000000000e+02,0.000000000000000000e+00
2.439999999999999947e+00,1.662500000000000000e+02,0.000000000000000000e+00
2.439999999999999947e+00,1.667500000000000000e+02,0.000000000000000000e+00
2.439999999999999947e+00,1.672500000000000000e+02,0.000000000000000000e+00
2.439999999999999947e+00,1.677500000000000000e+02,0.000000000000000000e+00
2.439999999999999947e+00,1.682500000000000000e+02,0.000000000000000000e+00
2.439999999999999947e+00,1.687500000000000000e+02,0.000000000000000000e+00
2.439999999999999947e+00,1.692500000000000000e+02,0.000000000000000000e+00
2.439999999999999947e+00,1.697500000000000000e+02,0.000000000000000000e+00
2.439999999999999947e+00,1.702500000000000000e+02,0.000000000000000000e+00
2.439999999999999947e+00,1.707500000000000000e+02,0.000000000000000000e+00
2.439999999999999947e+00,1.712500000000000000e+02,0.000000000000000000e+00
2.439999999999999947e+00,1.717500000000000000e+02,0.000000000000000000e+00
2.439999999999999947e+00,1.722500000000000000e+02,0.000000000000000000e+00
2.439999999999999947e+00,1.727500000000000000e+02,0.000000000000000000e+00
2.439999999999999947e+00,1.732500000000000000e+02,0.000000000000000000e+00
2.439999999999999947e+00,1.737500000000000000e+02,0.000000000000000000e+00
2.439999999999999947e+00,1.742500000000000000e+02,0.000000000000000000e+00
2.439999999999999947e+00,1.747500000000000000e+02,0.000000000000000000e+00
2.439999999999999947e+00,1.752500000000000000e+02,0.000000000000000000e+00
2.439999999999999947e+00,1.757500000000000000e+02,0.000000000000000000e+00
2.439999999999999947e+00,1.762500000000000000e+02,0.000000000000000000e+00
2.439999999999999947e+00,1.767500000000000000e+02,0.000000000000000000e+00
2.439999999999999947e+00,1.772500000000000000e+02,0.000000000000000000e+00
2.439999999999999947e+00,1.777500000000000000e+02,0.000000000000000000e+00
2.439999999999999947e+00,1.782500000000000000e+02,0.000000000000000000e+00
2.439999999999999947e+00,1.787500000000000000e+02,0.000000000000000000e+00
2.439999999999999947e+00,1.792500000000000000e+02,0.000000000000000000e+00
2.439999999999999947e+00,1.797500000000000000e+02,0.000000000000000000e+00
2.455999999999999961e+00,1.302500000000000000e+02,0.000000000000000000e+00
2.455999999999999961e+00,1.307500000000000000e+02,0.000000000000000000e+00
2.455999999999999961e+00,1.312500000000000000e+02,0.000000000000000000e+00
2.455999999999999961e+00,1.317500000000000000e+02,0.000000000000000000e+00
2.455999999999999961e+00,1.322500000000000000e+02,0.000000000000000000e+00
2.455999999999999961e+00,1.327500000000000000e+02,0.000000000000000000e+00
2.455999999999999961e+00,1.332500000000000000e+02,0.000000000000000000e+00
2.455999999999999961e+00,1.337500000000000000e+02,0.000000000000000000e+00
2.455999999999999961e+00,1.342500000000000000e+02,0.000000000000000000e+00
2.455999999999999961e+00,1.347500000000000000e+02,0.000000000000000000e+00
2.455999999999999961e+00,1.352500000000000000e+02,0.000000000000000000e+00
2.455999999999999961e+00,1.357500000000000000e+02,0.000000000000000000e+00
2.455999999999999961e+00,1.362500000000000000e+02,0.000000000000000000e+00
2.455999999999999961e+00,1.367500000000000000e+02,0.000000000000000000e+00
2.455999999999999961e+00,1.372500000000000000e+02,0.000000000000000000e+00
2.455999999999999961e+00,1.377500000000000000e+02,0.000000000000000000e+00
2.455999999999999961e+00,1.382500000000000000e+02,0.000000000000000000e+00
2.455999999999999961e+00,1.387500000000000000e+02,0.000000000000000000e+00
2.455999999999999961e+00,1.392500000000000000e+02,0.000000000000000000e+00
2.455999999999999961e+00,1.397500000000000000e+02,0.000000000000000000e+00
2.455999999999999961e+00,1.402500000000000000e+02,0.000000000000000000e+00
2.455999999999999961e+00,1.407500000000000000e+02,0.000000000000000000e+00
2.455999999999999961e+00,1.412500000000000000e+02,0.000000000000000000e+00
2.455999999999999961e+00,1.417500000000000000e+02,0.000000000000000000e+00
2.455999999999999961e+00,1.422500000000000000e+02,0.000000000000000000e+00
2.455999999999999961e+00,1.427500000000000000e+02,0.000000000000000000e+00
2.455999999999999961e+00,1.432500000000000000e+02,0.000000000000000000e+00
2.455999999999999961e+00,1.437500000000000000e+02,0.000000000000000000e+00
2.455999999999999961e+00,1.442500000000000000e+02,0.000000000000000000e+00
2.455999999999999961e+00,1.447500000000000000e+02,0.000000000000000000e+00
2.455999999999999961e+00,1.452500000000000000e+02,0.000000000000000000e+00
2.455999999999999961e+00,1.457500000000000000e+02,0.000000000000000000e+00
2.455999999999999961e+00,1.462500000000000000e+02,0.000000000000000000e+00
2.455999999999999961e+00,1.467500000000000000e+02,0.000000000000000000e+00
2.455999999999999961e+00,1.472500000000000000e+02,0.000000000000000000e+00
2.455999999999999961e+00,1.477500000000000000e+02,0.000000000000000000e+00
2.455999999999999961e+00,1.482500000000000000e+02,0.000000000000000000e+00
2.455999999999999961e+00,1.487500000000000000e+02,0.000000000000000000e+00
2.455999999999999961e+00,1.492500000000000000e+02,0.000000000000000000e+00
2.455999999999999961e+00,1.497500000000000000e+02,0.000000000000000000e+00
2.455999999999999961e+00,1.502500000000000000e+02,0.000000000000000000e+00
2.455999999999999961e+00,1.507500000000000000e+02,0.000000000000000000e+00
2.455999999999999961e+00,1.512500000000000000e+02,0.000000000000000000e+00
2.455999999999999961e+00,1.517500000000000000e+02,0.000000000000000000e+00
2.455999999999999961e+00,1.522500000000000000e+02,0.000000000000000000e+00
2.455999999999999961e+00,1.527500000000000000e+02,0.000000000000000000e+00
2.455999999999999961e+00,1.532500000000000000e+02,0.000000000000000000e+00
2.455999999999999961e+00,1.537500000000000000e+02,0.000000000000000000e+00
2.455999999999999961e+00,1.542500000000000000e+02,0.000000000000000000e+00
2.455999999999999961e+00,1.547500000000000000e+02,0.000000000000000000e+00
2.455999999999999961e+00,1.552500000000000000e+02,0.000000000000000000e+00
2.455999999999999961e+00,1.557500000000000000e+02,0.000000000000000000e+00
2.455999999999999961e+00,1.562500000000000000e+02,0.000000000000000000e+00
2.455999999999999961e+00,1.567500000000000000e+02,0.000000000000000000e+00
2.455999999999999961e+00,1.572500000000000000e+02,0.000000000000000000e+00
2.455999999999999961e+00,1.577500000000000000e+02,0.000000000000000000e+00
2.455999999999999961e+00,1.582500000000000000e+02,0.000000000000000000e+00
2.455999999999999961e+00,1.587500000000000000e+02,0.000000000000000000e+00
2.455999999999999961e+00,1.592500000000000000e+02,0.000000000000000000e+00
2.455999999999999961e+00,1.597500000000000000e+02,0.000000000000000000e+00
2.455999999999999961e+00,1.602500000000000000e+02,0.000000000000000000e+00
2.455999999999999961e+00,1.607500000000000000e+02,0.000000000000000000e+00
2.455999999999999961e+00,1.612500000000000000e+02,0.000000000000000000e+00
2.455999999999999961e+00,1.617500000000000000e+02,0.000000000000000000e+00
2.455999999999999961e+00,1.622500000000000000e+02,0.000000000000000000e+00
2.455999999999999961e+00,1.627500000000000000e+02,0.000000000000000000e+00
2.455999999999999961e+00,1.632500000000000000e+02,0.000000000000000000e+00
2.455999999999999961e+00,1.637500000000000000e+02,0.000000000000000000e+00
2.455999999999999961e+00,1.642500000000000000e+02,0.000000000000000000e+00
2.455999999999999961e+00,1.647500000000000000e+02,0.000000000000000000e+00
2.455999999999999961e+00,1.652500000000000000e+02,0.000000000000000000e+00
2.455999999999999961e+00,1.657500000000000000e+02,0.000000000000000000e+00
2.455999999999999961e+00,1.662500000000000000e+02,0.000000000000000000e+00
2.455999999999999961e+00,1.667500000000000000e+02,0.000000000000000000e+00
2.455999999999999961e+00,1.672500000000000000e+02,0.000000000000000000e+00
2.455999999999999961e+00,1.677500000000000000e+02,0.000000000000000000e+00
2.455999999999999961e+00,1.682500000000000000e+02,0.000000000000000000e+00
2.455999999999999961e+00,1.687500000000000000e+02,0.000000000000000000e+00
2.455999999999999961e+00,1.692500000000000000e+02,0.000000000000000000e+00
2.455999999999999961e+00,1.697500000000000000e+02,0.000000000000000000e+00
2.455999999999999961e+00,1.702500000000000000e+02,0.000000000000000000e+00
2.455999999999999961e+00,1.707500000000000000e+02,0.000000000000000000e+00
2.455999999999999961e+00,1.712500000000000000e+02,0.000000000000000000e+00
2.455999999999999961e+00,1.717500000000000000e+02,0.000000000000000000e+00
2.455999999999999961e+00,1.722500000000000000e+02,0.000000000000000000e+00
2.455999999999999961e+00,1.727500000000000000e+02,0.000000000000000000e+00
2.455999999999999961e+00,1.732500000000000000e+02,0.000000000000000000e+00
2.455999999999999961e+00,1.737500000000000000e+02,0.000000000000000000e+00
2.455999999999999961e+00,1.742500000000000000e+02,0.000000000000000000e+00
2.455999999999999961e+00,1.747500000000000000e+02,0.000000000000000000e+00
2.455999999999999961e+00,1.752500000000000000e+02,0.000000000000000000e+00
2.455999999999999961e+00,1.757500000000000000e+02,0.000000000000000000e+00
2.455999999999999961e+00,1.762500000000000000e+02,0.000000000000000000e+00
2.455999999999999961e+00,1.767500000000000000e+02,0.000000000000000000e+00
2.455999999999999961e+00,1.772500000000000000e+02,0.000000000000000000e+00
2.455999999999999961e+00,1.777500000000000000e+02,0.000000000000000000e+00
2.455999999999999961e+00,1.782500000000000000e+02,0.000000000000000000e+00
2.455999999999999961e+00,1.787500000000000000e+02,0.000000000000000000e+00
2.455999999999999961e+00,1.792500000000000000e+02,0.000000000000000000e+00
2.455999999999999961e+00,1.797500000000000000e+02,0.000000000000000000e+00
2.471999999999999975e+00,1.302500000000000000e+02,0.000000000000000000e+00
2.471999999999999975e+00,1.307500000000000000e+02,0.000000000000000000e+00
2.471999999999999975e+00,1.312500000000000000e+02,0.000000000000000000e+00
2.471999999999999975e+00,1.317500000000000000e+02,0.000000000000000000e+00
2.471999999999999975e+00,1.322500000000000000e+02,0.000000000000000000e+00
2.471999999999999975e+00,1.327500000000000000e+02,0.000000000000000000e+00
2.471999999999999975e+00,1.332500000000000000e+02,0.000000000000000000e+00
2.471999999999999975e+00,1.337500000000000000e+02,0.000000000000000000e+00
2.471999999999999975e+00,1.342500000000000000e+02,0.000000000000000000e+00
2.471999999999999975e+00,1.347500000000000000e+02,0.000000000000000000e+00
2.471999999999999975e+00,1.352500000000000000e+02,0.000000000000000000e+00
2.471999999999999975e+00,1.357500000000000000e+02,0.000000000000000000e+00
2.471999999999999975e+00,1.362500000000000000e+02,0.000000000000000000e+00
2.471999999999999975e+00,1.367500000000000000e+02,0.000000000000000000e+00
2.471999999999999975e+00,1.372500000000000000e+02,0.000000000000000000e+00
2.471999999999999975e+00,1.377500000000000000e+02,0.000000000000000000e+00
2.471999999999999975e+00,1.382500000000000000e+02,0.000000000000000000e+00
2.471999999999999975e+00,1.387500000000000000e+02,0.000000000000000000e+00
2.471999999999999975e+00,1.392500000000000000e+02,0.000000000000000000e+00
2.471999999999999975e+00,1.397500000000000000e+02,0.000000000000000000e+00
2.471999999999999975e+00,1.402500000000000000e+02,0.000000000000000000e+00
2.471999999999999975e+00,1.407500000000000000e+02,0.000000000000000000e+00
2.471999999999999975e+00,1.412500000000000000e+02,0.000000000000000000e+00
2.471999999999999975e+00,1.417500000000000000e+02,0.000000000000000000e+00
2.471999999999999975e+00,1.422500000000000000e+02,0.000000000000000000e+00
2.471999999999999975e+00,1.427500000000000000e+02,0.000000000000000000e+00
2.471999999999999975e+00,1.432500000000000000e+02,0.000000000000000000e+00
2.471999999999999975e+00,1.437500000000000000e+02,0.000000000000000000e+00
2.471999999999999975e+00,1.442500000000000000e+02,0.000000000000000000e+00
2.471999999999999975e+00,1.447500000000000000e+02,0.000000000000000000e+00
2.471999999999999975e+00,1.452500000000000000e+02,0.000000000000000000e+00
2.471999999999999975e+00,1.457500000000000000e+02,0.000000000000000000e+00
2.471999999999999975e+00,1.462500000000000000e+02,0.000000000000000000e+00
2.471999999999999975e+00,1.467500000000000000e+02,0.000000000000000000e+00
2.471999999999999975e+00,1.472500000000000000e+02,0.000000000000000000e+00
2.471999999999999975e+00,1.477500000000000000e+02,0.000000000000000000e+00
2.471999999999999975e+00,1.482500000000000000e+02,0.000000000000000000e+00
2.471999999999999975e+00,1.487500000000000000e+02,0.000000000000000000e+00
2.471999999999999975e+00,1.492500000000000000e+02,0.000000000000000000e+00
2.471999999999999975e+00,1.497500000000000000e+02,0.000000000000000000e+00
2.471999999999999975e+00,1.502500000000000000e+02,0.000000000000000000e+00
2.471999999999999975e+00,1.507500000000000000e+02,0.000000000000000000e+00
2.471999999999999975e+00,1.512500000000000000e+02,0.000000000000000000e+00
2.471999999999999975e+00,1.517500000000000000e+02,0.000000000000000000e+00
2.471999999999999975e+00,1.522500000000000000e+02,0.000000000000000000e+00
2.471999999999999975e+00,1.527500000000000000e+02,0.000000000000000000e+00
2.471999999999999975e+00,1.532500000000000000e+02,0.000000000000000000e+00
2.471999999999999975e+00,1.537500000000000000e+02,0.000000000000000000e+00
2.471999999999999975e+00,1.542500000000000000e+02,0.000000000000000000e+00
2.471999999999999975e+00,1.547500000000000000e+02,0.000000000000000000e+00
2.471999999999999975e+00,1.552500000000000000e+02,0.000000000000000000e+00
2.471999999999999975e+00,1.557500000000000000e+02,0.000000000000000000e+00
2.471999999999999975e+00,1.562500000000000000e+02,0.000000000000000000e+00
2.471999999999999975e+00,1.567500000000000000e+02,0.000000000000000000e+00
2.471999999999999975e+00,1.572500000000000000e+02,0.000000000000000000e+00
2.471999999999999975e+00,1.577500000000000000e+02,0.000000000000000000e+00
2.471999999999999975e+00,1.582500000000000000e+02,0.000000000000000000e+00
2.471999999999999975e+00,1.587500000000000000e+02,0.000000000000000000e+00
2.471999999999999975e+00,1.592500000000000000e+02,0.000000000000000000e+00
2.471999999999999975e+00,1.597500000000000000e+02,0.000000000000000000e+00
2.471999999999999975e+00,1.602500000000000000e+02,0.000000000000000000e+00
2.471999999999999975e+00,1.607500000000000000e+02,0.000000000000000000e+00
2.471999999999999975e+00,1.612500000000000000e+02,0.000000000000000000e+00
2.471999999999999975e+00,1.617500000000000000e+02,0.000000000000000000e+00
2.471999999999999975e+00,1.622500000000000000e+02,0.000000000000000000e+00
2.471999999999999975e+00,1.627500000000000000e+02,0.000000000000000000e+00
2.471999999999999975e+00,1.632500000000000000e+02,0.000000000000000000e+00
2.471999999999999975e+00,1.637500000000000000e+02,0.000000000000000000e+00
2.471999999999999975e+00,1.642500000000000000e+02,0.000000000000000000e+00
2.471999999999999975e+00,1.647500000000000000e+02,0.000000000000000000e+00
2.471999999999999975e+00,1.652500000000000000e+02,0.000000000000000000e+00
2.471999999999999975e+00,1.657500000000000000e+02,0.000000000000000000e+00
2.471999999999999975e+00,1.662500000000000000e+02,0.000000000000000000e+00
2.471999999999999975e+00,1.667500000000000000e+02,0.000000000000000000e+00
2.471999999999999975e+00,1.672500000000000000e+02,0.000000000000000000e+00
2.471999999999999975e+00,1.677500000000000000e+02,0.000000000000000000e+00
2.471999999999999975e+00,1.682500000000000000e+02,0.000000000000000000e+00
2.471999999999999975e+00,1.687500000000000000e+02,0.000000000000000000e+00
2.471999999999999975e+00,1.692500000000000000e+02,0.000000000000000000e+00
2.471999999999999975e+00,1.697500000000000000e+02,0.000000000000000000e+00
2.471999999999999975e+00,1.702500000000000000e+02,0.000000000000000000e+00
2.471999999999999975e+00,1.707500000000000000e+02,0.000000000000000000e+00
2.471999999999999975e+00,1.712500000000000000e+02,0.000000000000000000e+00
2.471999999999999975e+00,1.717500000000000000e+02,0.000000000000000000e+00
2.471999999999999975e+00,1.722500000000000000e+02,0.000000000000000000e+00
2.471999999999999975e+00,1.727500000000000000e+02,0.000000000000000000e+00
2.471999999999999975e+00,1.732500000000000000e+02,0.000000000000000000e+00
2.471999999999999975e+00,1.737500000000000000e+02,0.000000000000000000e+00
2.471999999999999975e+00,1.742500000000000000e+02,0.000000000000000000e+00
2.471999999999999975e+00,1.747500000000000000e+02,0.000000000000000000e+00
2.471999999999999975e+00,1.752500000000000000e+02,0.000000000000000000e+00
2.471999999999999975e+00,1.757500000000000000e+02,0.000000000000000000e+00
2.471999999999999975e+00,1.762500000000000000e+02,0.000000000000000000e+00
2.471999999999999975e+00,1.767500000000000000e+02,0.000000000000000000e+00
2.471999999999999975e+00,1.772500000000000000e+02,0.000000000000000000e+00
2.471999999999999975e+00,1.777500000000000000e+02,0.000000000000000000e+00
2.471999999999999975e+00,1.782500000000000000e+02,0.000000000000000000e+00
2.471999999999999975e+00,1.787500000000000000e+02,0.000000000000000000e+00
2.471999999999999975e+00,1.792500000000000000e+02,0.000000000000000000e+00
2.471999999999999975e+00,1.797500000000000000e+02,0.000000000000000000e+00
2.487999999999999989e+00,1.302500000000000000e+02,0.000000000000000000e+00
2.487999999999999989e+00,1.307500000000000000e+02,0.000000000000000000e+00
2.487999999999999989e+00,1.312500000000000000e+02,0.000000000000000000e+00
2.487999999999999989e+00,1.317500000000000000e+02,0.000000000000000000e+00
2.487999999999999989e+00,1.322500000000000000e+02,0.000000000000000000e+00
2.487999999999999989e+00,1.327500000000000000e+02,0.000000000000000000e+00
2.487999999999999989e+00,1.332500000000000000e+02,0.000000000000000000e+00
2.487999999999999989e+00,1.337500000000000000e+02,0.000000000000000000e+00
2.487999999999999989e+00,1.342500000000000000e+02,0.000000000000000000e+00
2.487999999999999989e+00,1.347500000000000000e+02,0.000000000000000000e+00
2.487999999999999989e+00,1.352500000000000000e+02,0.000000000000000000e+00
2.487999999999999989e+00,1.357500000000000000e+02,0.000000000000000000e+00
2.487999999999999989e+00,1.362500000000000000e+02,0.000000000000000000e+00
2.487999999999999989e+00,1.367500000000000000e+02,0.000000000000000000e+00
2.487999999999999989e+00,1.372500000000000000e+02,0.000000000000000000e+00
2.487999999999999989e+00,1.377500000000000000e+02,0.000000000000000000e+00
2.487999999999999989e+00,1.382500000000000000e+02,0.000000000000000000e+00
2.487999999999999989e+00,1.387500000000000000e+02,0.000000000000000000e+00
2.487999999999999989e+00,1.392500000000000000e+02,0.000000000000000000e+00
2.487999999999999989e+00,1.397500000000000000e+02,0.000000000000000000e+00
2.487999999999999989e+00,1.402500000000000000e+02,0.000000000000000000e+00
2.487999999999999989e+00,1.407500000000000000e+02,0.000000000000000000e+00
2.487999999999999989e+00,1.412500000000000000e+02,0.000000000000000000e+00
2.487999999999999989e+00,1.417500000000000000e+02,0.000000000000000000e+00
2.487999999999999989e+00,1.422500000000000000e+02,0.000000000000000000e+00
2.487999999999999989e+00,1.427500000000000000e+02,0.000000000000000000e+00
2.487999999999999989e+00,1.432500000000000000e+02,0.000000000000000000e+00
2.487999999999999989e+00,1.437500000000000000e+02,0.000000000000000000e+00
2.487999999999999989e+00,1.442500000000000000e+02,0.000000000000000000e+00
2.487999999999999989e+00,1.447500000000000000e+02,0.000000000000000000e+00
2.487999999999999989e+00,1.452500000000000000e+02,0.000000000000000000e+00
2.487999999999999989e+00,1.457500000000000000e+02,0.000000000000000000e+00
2.487999999999999989e+00,1.462500000000000000e+02,0.000000000000000000e+00
2.487999999999999989e+00,1.467500000000000000e+02,0.000000000000000000e+00
2.487999999999999989e+00,1.472500000000000000e+02,0.000000000000000000e+00
2.487999999999999989e+00,1.477500000000000000e+02,0.000000000000000000e+00
2.487999999999999989e+00,1.482500000000000000e+02,0.000000000000000000e+00
2.487999999999999989e+00,1.487500000000000000e+02,0.000000000000000000e+00
2.487999999999999989e+00,1.492500000000000000e+02,0.000000000000000000e+00
2.487999999999999989e+00,1.497500000000000000e+02,0.000000000000000000e+00
2.487999999999999989e+00,1.502500000000000000e+02,0.000000000000000000e+00
2.487999999999999989e+00,1.507500000000000000e+02,0.000000000000000000e+00
2.487999999999999989e+00,1.512500000000000000e+02,0.000000000000000000e+00
2.487999999999999989e+00,1.517500000000000000e+02,0.000000000000000000e+00
2.487999999999999989e+00,1.522500000000000000e+02,0.000000000000000000e+00
2.487999999999999989e+00,1.527500000000000000e+02,0.000000000000000000e+00
2.487999999999999989e+00,1.532500000000000000e+02,0.000000000000000000e+00
2.487999999999999989e+00,1.537500000000000000e+02,0.000000000000000000e+00
2.487999999999999989e+00,1.542500000000000000e+02,0.000000000000000000e+00
2.487999999999999989e+00,1.547500000000000000e+02,0.000000000000000000e+00
2.487999999999999989e+00,1.552500000000000000e+02,0.000000000000000000e+00
2.487999999999999989e+00,1.557500000000000000e+02,0.000000000000000000e+00
2.487999999999999989e+00,1.562500000000000000e+02,0.000000000000000000e+00
2.487999999999999989e+00,1.567500000000000000e+02,0.000000000000000000e+00
2.487999999999999989e+00,1.572500000000000000e+02,0.000000000000000000e+00
2.487999999999999989e+00,1.577500000000000000e+02,0.000000000000000000e+00
2.487999999999999989e+00,1.582500000000000000e+02,0.000000000000000000e+00
2.487999999999999989e+00,1.587500000000000000e+02,0.000000000000000000e+00
2.487999999999999989e+00,1.592500000000000000e+02,0.000000000000000000e+00
2.487999999999999989e+00,1.597500000000000000e+02,0.000000000000000000e+00
2.487999999999999989e+00,1.602500000000000000e+02,0.000000000000000000e+00
2.487999999999999989e+00,1.607500000000000000e+02,0.000000000000000000e+00
2.487999999999999989e+00,1.612500000000000000e+02,0.000000000000000000e+00
2.487999999999999989e+00,1.617500000000000000e+02,0.000000000000000000e+00
2.487999999999999989e+00,1.622500000000000000e+02,0.000000000000000000e+00
2.487999999999999989e+00,1.627500000000000000e+02,0.000000000000000000e+00
2.487999999999999989e+00,1.632500000000000000e+02,0.000000000000000000e+00
2.487999999999999989e+00,1.637500000000000000e+02,0.000000000000000000e+00
2.487999999999999989e+00,1.642500000000000000e+02,0.000000000000000000e+00
2.487999999999999989e+00,1.647500000000000000e+02,0.000000000000000000e+00
2.487999999999999989e+00,1.652500000000000000e+02,0.000000000000000000e+00
2.487999999999999989e+00,1.657500000000000000e+02,0.000000000000000000e+00
2.487999999999999989e+00,1.662500000000000000e+02,0.000000000000000000e+00
2.487999999999999989e+00,1.667500000000000000e+02,0.000000000000000000e+00
2.487999999999999989e+00,1.672500000000000000e+02,0.000000000000000000e+00
2.487999999999999989e+00,1.677500000000000000e+02,0.000000000000000000e+00
2.487999999999999989e+00,1.682500000000000000e+02,0.000000000000000000e+00
2.487999999999999989e+00,1.687500000000000000e+02,0.000000000000000000e+00
2.487999999999999989e+00,1.692500000000000000e+02,0.000000000000000000e+00
2.487999999999999989e+00,1.697500000000000000e+02,0.000000000000000000e+00
2.487999999999999989e+00,1.702500000000000000e+02,0.000000000000000000e+00
2.487999999999999989e+00,1.707500000000000000e+02,0.000000000000000000e+00
2.487999999999999989e+00,1.712500000000000000e+02,0.000000000000000000e+00
2.487999999999999989e+00,1.717500000000000000e+02,0.000000000000000000e+00
2.487999999999999989e+00,1.722500000000000000e+02,0.000000000000000000e+00
2.487999999999999989e+00,1.727500000000000000e+02,0.000000000000000000e+00
2.487999999999999989e+00,1.732500000000000000e+02,0.000000000000000000e+00
2.487999999999999989e+00,1.737500000000000000e+02,0.000000000000000000e+00
2.487999999999999989e+00,1.742500000000000000e+02,0.000000000000000000e+00
2.487999999999999989e+00,1.747500000000000000e+02,0.000000000000000000e+00
2.487999999999999989e+00,1.752500000000000000e+02,0.000000000000000000e+00
2.487999999999999989e+00,1.757500000000000000e+02,0.000000000000000000e+00
2.487999999999999989e+00,1.762500000000000000e+02,0.000000000000000000e+00
2.487999999999999989e+00,1.767500000000000000e+02,0.000000000000000000e+00
2.487999999999999989e+00,1.772500000000000000e+02,0.000000000000000000e+00
2.487999999999999989e+00,1.777500000000000000e+02,0.000000000000000000e+00
2.487999999999999989e+00,1.782500000000000000e+02,0.000000000000000000e+00
2.487999999999999989e+00,1.787500000000000000e+02,0.000000000000000000e+00
2.487999999999999989e+00,1.792500000000000000e+02,0.000000000000000000e+00
2.487999999999999989e+00,1.797500000000000000e+02,0.000000000000000000e+00
2.504000000000000004e+00,1.302500000000000000e+02,0.000000000000000000e+00
2.504000000000000004e+00,1.307500000000000000e+02,0.000000000000000000e+00
2.504000000000000004e+00,1.312500000000000000e+02,0.000000000000000000e+00
2.504000000000000004e+00,1.317500000000000000e+02,0.000000000000000000e+00
2.504000000000000004e+00,1.322500000000000000e+02,0.000000000000000000e+00
2.504000000000000004e+00,1.327500000000000000e+02,0.000000000000000000e+00
2.504000000000000004e+00,1.332500000000000000e+02,0.000000000000000000e+00
2.504000000000000004e+00,1.337500000000000000e+02,0.000000000000000000e+00
2.504000000000000004e+00,1.342500000000000000e+02,0.000000000000000000e+00
2.504000000000000004e+00,1.347500000000000000e+02,0.000000000000000000e+00
2.504000000000000004e+00,1.352500000000000000e+02,0.000000000000000000e+00
2.504000000000000004e+00,1.357500000000000000e+02,0.000000000000000000e+00
2.504000000000000004e+00,1.362500000000000000e+02,0.000000000000000000e+00
2.504000000000000004e+00,1.367500000000000000e+02,0.000000000000000000e+00
2.504000000000000004e+00,1.372500000000000000e+02,0.000000000000000000e+00
2.504000000000000004e+00,1.377500000000000000e+02,0.000000000000000000e+00
2.504000000000000004e+00,1.382500000000000000e+02,0.000000000000000000e+00
2.504000000000000004e+00,1.387500000000000000e+02,0.000000000000000000e+00
2.504000000000000004e+00,1.392500000000000000e+02,0.000000000000000000e+00
2.504000000000000004e+00,1.397500000000000000e+02,0.000000000000000000e+00
2.504000000000000004e+00,1.402500000000000000e+02,0.000000000000000000e+00
2.504000000000000004e+00,1.407500000000000000e+02,0.000000000000000000e+00
2.504000000000000004e+00,1.412500000000000000e+02,0.000000000000000000e+00
2.504000000000000004e+00,1.417500000000000000e+02,0.000000000000000000e+00
2.504000000000000004e+00,1.422500000000000000e+02,0.000000000000000000e+00
2.504000000000000004e+00,1.427500000000000000e+02,0.000000000000000000e+00
2.504000000000000004e+00,1.432500000000000000e+02,0.000000000000000000e+00
2.504000000000000004e+00,1.437500000000000000e+02,0.000000000000000000e+00
2.504000000000000004e+00,1.442500000000000000e+02,0.000000000000000000e+00
2.504000000000000004e+00,1.447500000000000000e+02,0.000000000000000000e+00
2.504000000000000004e+00,1.452500000000000000e+02,0.000000000000000000e+00
2.504000000000000004e+00,1.457500000000000000e+02,0.000000000000000000e+00
2.504000000000000004e+00,1.462500000000000000e+02,0.000000000000000000e+00
2.504000000000000004e+00,1.467500000000000000e+02,0.000000000000000000e+00
2.504000000000000004e+00,1.472500000000000000e+02,0.000000000000000000e+00
2.504000000000000004e+00,1.477500000000000000e+02,0.000000000000000000e+00
2.504000000000000004e+00,1.482500000000000000e+02,0.000000000000000000e+00
2.504000000000000004e+00,1.487500000000000000e+02,0.000000000000000000e+00
2.504000000000000004e+00,1.492500000000000000e+02,0.000000000000000000e+00
2.504000000000000004e+00,1.497500000000000000e+02,0.000000000000000000e+00
2.504000000000000004e+00,1.502500000000000000e+02,0.000000000000000000e+00
2.504000000000000004e+00,1.507500000000000000e+02,0.000000000000000000e+00
2.504000000000000004e+00,1.512500000000000000e+02,0.000000000000000000e+00
2.504000000000000004e+00,1.517500000000000000e+02,0.000000000000000000e+00
2.504000000000000004e+00,1.522500000000000000e+02,0.000000000000000000e+00
2.504000000000000004e+00,1.527500000000000000e+02,0.000000000000000000e+00
2.504000000000000004e+00,1.532500000000000000e+02,0.000000000000000000e+00
2.504000000000000004e+00,1.537500000000000000e+02,0.000000000000000000e+00
2.504000000000000004e+00,1.542500000000000000e+02,0.000000000000000000e+00
2.504000000000000004e+00,1.547500000000000000e+02,0.000000000000000000e+00
2.504000000000000004e+00,1.552500000000000000e+02,0.000000000000000000e+00
2.504000000000000004e+00,1.557500000000000000e+02,0.000000000000000000e+00
2.504000000000000004e+00,1.562500000000000000e+02,0.000000000000000000e+00
2.504000000000000004e+00,1.567500000000000000e+02,0.000000000000000000e+00
2.504000000000000004e+00,1.572500000000000000e+02,0.000000000000000000e+00
2.504000000000000004e+00,1.577500000000000000e+02,0.000000000000000000e+00
2.504000000000000004e+00,1.582500000000000000e+02,0.000000000000000000e+00
2.504000000000000004e+00,1.587500000000000000e+02,0.000000000000000000e+00
2.504000000000000004e+00,1.592500000000000000e+02,0.000000000000000000e+00
2.504000000000000004e+00,1.597500000000000000e+02,0.000000000000000000e+00
2.504000000000000004e+00,1.602500000000000000e+02,0.000000000000000000e+00
2.504000000000000004e+00,1.607500000000000000e+02,0.000000000000000000e+00
2.504000000000000004e+00,1.612500000000000000e+02,0.000000000000000000e+00
2.504000000000000004e+00,1.617500000000000000e+02,0.000000000000000000e+00
2.504000000000000004e+00,1.622500000000000000e+02,0.000000000000000000e+00
2.504000000000000004e+00,1.627500000000000000e+02,0.000000000000000000e+00
2.504000000000000004e+00,1.632500000000000000e+02,0.000000000000000000e+00
2.504000000000000004e+00,1.637500000000000000e+02,0.000000000000000000e+00
2.504000000000000004e+00,1.642500000000000000e+02,0.000000000000000000e+00
2.504000000000000004e+00,1.647500000000000000e+02,0.000000000000000000e+00
2.504000000000000004e+00,1.652500000000000000e+02,0.000000000000000000e+00
2.504000000000000004e+00,1.657500000000000000e+02,0.000000000000000000e+00
2.504000000000000004e+00,1.662500000000000000e+02,0.000000000000000000e+00
2.504000000000000004e+00,1.667500000000000000e+02,0.000000000000000000e+00
2.504000000000000004e+00,1.672500000000000000e+02,0.000000000000000000e+00
2.504000000000000004e+00,1.677500000000000000e+02,0.000000000000000000e+00
2.504000000000000004e+00,1.682500000000000000e+02,0.000000000000000000e+00
2.504000000000000004e+00,1.687500000000000000e+02,0.000000000000000000e+00
2.504000000000000004e+00,1.692500000000000000e+02,0.000000000000000000e+00
2.504000000000000004e+00,1.697500000000000000e+02,0.000000000000000000e+00
2.504000000000000004e+00,1.702500000000000000e+02,0.000000000000000000e+00
2.504000000000000004e+00,1.707500000000000000e+02,0.000000000000000000e+00
2.504000000000000004e+00,1.712500000000000000e+02,0.000000000000000000e+00
2.504000000000000004e+00,1.717500000000000000e+02,0.000000000000000000e+00
2.504000000000000004e+00,1.722500000000000000e+02,0.000000000000000000e+00
2.504000000000000004e+00,1.727500000000000000e+02,0.000000000000000000e+00
2.504000000000000004e+00,1.732500000000000000e+02,0.000000000000000000e+00
2.504000000000000004e+00,1.737500000000000000e+02,0.000000000000000000e+00
2.504000000000000004e+00,1.742500000000000000e+02,0.000000000000000000e+00
2.504000000000000004e+00,1.747500000000000000e+02,0.000000000000000000e+00
2.504000000000000004e+00,1.752500000000000000e+02,0.000000000000000000e+00
2.504000000000000004e+00,1.757500000000000000e+02,0.000000000000000000e+00
2.504000000000000004e+00,1.762500000000000000e+02,0.000000000000000000e+00
2.504000000000000004e+00,1.767500000000000000e+02,0.000000000000000000e+00
2.504000000000000004e+00,1.772500000000000000e+02,0.000000000000000000e+00
2.504000000000000004e+00,1.777500000000000000e+02,0.000000000000000000e+00
2.504000000000000004e+00,1.782500000000000000e+02,0.000000000000000000e+00
2.504000000000000004e+00,1.787500000000000000e+02,0.000000000000000000e+00
2.504000000000000004e+00,1.792500000000000000e+02,0.000000000000000000e+00
2.504000000000000004e+00,1.797500000000000000e+02,0.000000000000000000e+00
2.520000000000000018e+00,1.302500000000000000e+02,0.000000000000000000e+00
2.520000000000000018e+00,1.307500000000000000e+02,0.000000000000000000e+00
2.520000000000000018e+00,1.312500000000000000e+02,0.000000000000000000e+00
2.520000000000000018e+00,1.317500000000000000e+02,0.000000000000000000e+00
2.520000000000000018e+00,1.322500000000000000e+02,0.000000000000000000e+00
2.520000000000000018e+00,1.327500000000000000e+02,0.000000000000000000e+00
2.520000000000000018e+00,1.332500000000000000e+02,0.000000000000000000e+00
2.520000000000000018e+00,1.337500000000000000e+02,0.000000000000000000e+00
2.520000000000000018e+00,1.342500000000000000e+02,0.000000000000000000e+00
2.520000000000000018e+00,1.347500000000000000e+02,0.000000000000000000e+00
2.520000000000000018e+00,1.352500000000000000e+02,0.000000000000000000e+00
2.520000000000000018e+00,1.357500000000000000e+02,0.000000000000000000e+00
2.520000000000000018e+00,1.362500000000000000e+02,0.000000000000000000e+00
2.520000000000000018e+00,1.367500000000000000e+02,0.000000000000000000e+00
2.520000000000000018e+00,1.372500000000000000e+02,0.000000000000000000e+00
2.520000000000000018e+00,1.377500000000000000e+02,0.000000000000000000e+00
2.520000000000000018e+00,1.382500000000000000e+02,0.000000000000000000e+00
2.520000000000000018e+00,1.387500000000000000e+02,0.000000000000000000e+00
2.520000000000000018e+00,1.392500000000000000e+02,0.000000000000000000e+00
2.520000000000000018e+00,1.397500000000000000e+02,0.000000000000000000e+00
2.520000000000000018e+00,1.402500000000000000e+02,0.000000000000000000e+00
2.520000000000000018e+00,1.407500000000000000e+02,0.000000000000000000e+00
2.520000000000000018e+00,1.412500000000000000e+02,0.000000000000000000e+00
2.520000000000000018e+00,1.417500000000000000e+02,0.000000000000000000e+00
2.520000000000000018e+00,1.422500000000000000e+02,0.000000000000000000e+00
2.520000000000000018e+00,1.427500000000000000e+02,0.000000000000000000e+00
2.520000000000000018e+00,1.432500000000000000e+02,0.000000000000000000e+00
2.520000000000000018e+00,1.437500000000000000e+02,0.000000000000000000e+00
2.520000000000000018e+00,1.442500000000000000e+02,0.000000000000000000e+00
2.520000000000000018e+00,1.447500000000000000e+02,0.000000000000000000e+00
2.520000000000000018e+00,1.452500000000000000e+02,0.000000000000000000e+00
2.520000000000000018e+00,1.457500000000000000e+02,0.000000000000000000e+00
2.520000000000000018e+00,1.462500000000000000e+02,0.000000000000000000e+00
2.520000000000000018e+00,1.467500000000000000e+02,0.000000000000000000e+00
2.520000000000000018e+00,1.472500000000000000e+02,0.000000000000000000e+00
2.520000000000000018e+00,1.477500000000000000e+02,0.000000000000000000e+00
2.520000000000000018e+00,1.482500000000000000e+02,0.000000000000000000e+00
2.520000000000000018e+00,1.487500000000000000e+02,0.000000000000000000e+00
2.520000000000000018e+00,1.492500000000000000e+02,0.000000000000000000e+00
2.520000000000000018e+00,1.497500000000000000e+02,0.000000000000000000e+00
2.520000000000000018e+00,1.502500000000000000e+02,0.000000000000000000e+00
2.520000000000000018e+00,1.507500000000000000e+02,0.000000000000000000e+00
2.520000000000000018e+00,1.512500000000000000e+02,0.000000000000000000e+00
2.520000000000000018e+00,1.517500000000000000e+02,0.000000000000000000e+00
2.520000000000000018e+00,1.522500000000000000e+02,0.000000000000000000e+00
2.520000000000000018e+00,1.527500000000000000e+02,0.000000000000000000e+00
2.520000000000000018e+00,1.532500000000000000e+02,0.000000000000000000e+00
2.520000000000000018e+00,1.537500000000000000e+02,0.000000000000000000e+00
2.520000000000000018e+00,1.542500000000000000e+02,0.000000000000000000e+00
2.520000000000000018e+00,1.547500000000000000e+02,0.000000000000000000e+00
2.520000000000000018e+00,1.552500000000000000e+02,0.000000000000000000e+00
2.520000000000000018e+00,1.557500000000000000e+02,0.000000000000000000e+00
2.520000000000000018e+00,1.562500000000000000e+02,0.000000000000000000e+00
2.520000000000000018e+00,1.567500000000000000e+02,0.000000000000000000e+00
2.520000000000000018e+00,1.572500000000000000e+02,0.000000000000000000e+00
2.520000000000000018e+00,1.577500000000000000e+02,0.000000000000000000e+00
2.520000000000000018e+00,1.582500000000000000e+02,0.000000000000000000e+00
2.520000000000000018e+00,1.587500000000000000e+02,0.000000000000000000e+00
2.520000000000000018e+00,1.592500000000000000e+02,0.000000000000000000e+00
2.520000000000000018e+00,1.597500000000000000e+02,0.000000000000000000e+00
2.520000000000000018e+00,1.602500000000000000e+02,0.000000000000000000e+00
2.520000000000000018e+00,1.607500000000000000e+02,0.000000000000000000e+00
2.520000000000000018e+00,1.612500000000000000e+02,0.000000000000000000e+00
2.520000000000000018e+00,1.617500000000000000e+02,0.000000000000000000e+00
2.520000000000000018e+00,1.622500000000000000e+02,0.000000000000000000e+00
2.520000000000000018e+00,1.627500000000000000e+02,0.000000000000000000e+00
2.520000000000000018e+00,1.632500000000000000e+02,0.000000000000000000e+00
2.520000000000000018e+00,1.637500000000000000e+02,0.000000000000000000e+00
2.520000000000000018e+00,1.642500000000000000e+02,0.000000000000000000e+00
2.520000000000000018e+00,1.647500000000000000e+02,0.000000000000000000e+00
2.520000000000000018e+00,1.652500000000000000e+02,0.000000000000000000e+00
2.520000000000000018e+00,1.657500000000000000e+02,0.000000000000000000e+00
2.520000000000000018e+00,1.662500000000000000e+02,0.000000000000000000e+00
2.520000000000000018e+00,1.667500000000000000e+02,0.000000000000000000e+00
2.520000000000000018e+00,1.672500000000000000e+02,0.000000000000000000e+00
2.520000000000000018e+00,1.677500000000000000e+02,0.000000000000000000e+00
2.520000000000000018e+00,1.682500000000000000e+02,0.000000000000000000e+00
2.520000000000000018e+00,1.687500000000000000e+02,0.000000000000000000e+00
2.520000000000000018e+00,1.692500000000000000e+02,0.000000000000000000e+00
2.520000000000000018e+00,1.697500000000000000e+02,0.000000000000000000e+00
2.520000000000000018e+00,1.702500000000000000e+02,0.000000000000000000e+00
2.520000000000000018e+00,1.707500000000000000e+02,0.000000000000000000e+00
2.520000000000000018e+00,1.712500000000000000e+02,0.000000000000000000e+00
2.520000000000000018e+00,1.717500000000000000e+02,0.000000000000000000e+00
2.520000000000000018e+00,1.722500000000000000e+02,0.000000000000000000e+00
2.520000000000000018e+00,1.727500000000000000e+02,0.000000000000000000e+00
2.520000000000000018e+00,1.732500000000000000e+02,0.000000000000000000e+00
2.520000000000000018e+00,1.737500000000000000e+02,0.000000000000000000e+00
2.520000000000000018e+00,1.742500000000000000e+02,0.000000000000000000e+00
2.520000000000000018e+00,1.747500000000000000e+02,0.000000000000000000e+00
2.520000000000000018e+00,1.752500000000000000e+02,0.000000000000000000e+00
2.520000000000000018e+00,1.757500000000000000e+02,0.000000000000000000e+00
2.520000000000000018e+00,1.762500000000000000e+02,0.000000000000000000e+00
2.520000000000000018e+00,1.767500000000000000e+02,0.000000000000000000e+00
2.520000000000000018e+00,1.772500000000000000e+02,0.000000000000000000e+00
2.520000000000000018e+00,1.777500000000000000e+02,0.000000000000000000e+00
2.520000000000000018e+00,1.782500000000000000e+02,0.000000000000000000e+00
2.520000000000000018e+00,1.787500000000000000e+02,0.000000000000000000e+00
2.520000000000000018e+00,1.792500000000000000e+02,0.000000000000000000e+00
2.520000000000000018e+00,1.797500000000000000e+02,0.000000000000000000e+00
2.536000000000000032e+00,1.302500000000000000e+02,0.000000000000000000e+00
2.536000000000000032e+00,1.307500000000000000e+02,0.000000000000000000e+00
2.536000000000000032e+00,1.312500000000000000e+02,0.000000000000000000e+00
2.536000000000000032e+00,1.317500000000000000e+02,0.000000000000000000e+00
2.536000000000000032e+00,1.322500000000000000e+02,0.000000000000000000e+00
2.536000000000000032e+00,1.327500000000000000e+02,0.000000000000000000e+00
2.536000000000000032e+00,1.332500000000000000e+02,0.000000000000000000e+00
2.536000000000000032e+00,1.337500000000000000e+02,0.000000000000000000e+00
2.536000000000000032e+00,1.342500000000000000e+02,0.000000000000000000e+00
2.536000000000000032e+00,1.347500000000000000e+02,0.000000000000000000e+00
2.536000000000000032e+00,1.352500000000000000e+02,0.000000000000000000e+00
2.536000000000000032e+00,1.357500000000000000e+02,0.000000000000000000e+00
2.536000000000000032e+00,1.362500000000000000e+02,0.000000000000000000e+00
2.536000000000000032e+00,1.367500000000000000e+02,0.000000000000000000e+00
2.536000000000000032e+00,1.372500000000000000e+02,0.000000000000000000e+00
2.536000000000000032e+00,1.377500000000000000e+02,0.000000000000000000e+00
2.536000000000000032e+00,1.382500000000000000e+02,0.000000000000000000e+00
2.536000000000000032e+00,1.387500000000000000e+02,0.000000000000000000e+00
2.536000000000000032e+00,1.392500000000000000e+02,0.000000000000000000e+00
2.536000000000000032e+00,1.397500000000000000e+02,0.000000000000000000e+00
2.536000000000000032e+00,1.402500000000000000e+02,0.000000000000000000e+00
2.536000000000000032e+00,1.407500000000000000e+02,0.000000000000000000e+00
2.536000000000000032e+00,1.412500000000000000e+02,0.000000000000000000e+00
2.536000000000000032e+00,1.417500000000000000e+02,0.000000000000000000e+00
2.536000000000000032e+00,1.422500000000000000e+02,0.000000000000000000e+00
2.536000000000000032e+00,1.427500000000000000e+02,0.000000000000000000e+00
2.536000000000000032e+00,1.432500000000000000e+02,0.000000000000000000e+00
2.536000000000000032e+00,1.437500000000000000e+02,0.000000000000000000e+00
2.536000000000000032e+00,1.442500000000000000e+02,0.000000000000000000e+00
2.536000000000000032e+00,1.447500000000000000e+02,0.000000000000000000e+00
2.536000000000000032e+00,1.452500000000000000e+02,0.000000000000000000e+00
2.536000000000000032e+00,1.457500000000000000e+02,0.000000000000000000e+00
2.536000000000000032e+00,1.462500000000000000e+02,0.000000000000000000e+00
2.536000000000000032e+00,1.467500000000000000e+02,0.000000000000000000e+00
2.536000000000000032e+00,1.472500000000000000e+02,0.000000000000000000e+00
2.536000000000000032e+00,1.477500000000000000e+02,0.000000000000000000e+00
2.536000000000000032e+00,1.482500000000000000e+02,0.000000000000000000e+00
2.536000000000000032e+00,1.487500000000000000e+02,0.000000000000000000e+00
2.536000000000000032e+00,1.492500000000000000e+02,0.000000000000000000e+00
2.536000000000000032e+00,1.497500000000000000e+02,0.000000000000000000e+00
2.536000000000000032e+00,1.502500000000000000e+02,0.000000000000000000e+00
2.536000000000000032e+00,1.507500000000000000e+02,0.000000000000000000e+00
2.536000000000000032e+00,1.512500000000000000e+02,0.000000000000000000e+00
2.536000000000000032e+00,1.517500000000000000e+02,0.000000000000000000e+00
2.536000000000000032e+00,1.522500000000000000e+02,0.000000000000000000e+00
2.536000000000000032e+00,1.527500000000000000e+02,0.000000000000000000e+00
2.536000000000000032e+00,1.532500000000000000e+02,0.000000000000000000e+00
2.536000000000000032e+00,1.537500000000000000e+02,0.000000000000000000e+00
2.536000000000000032e+00,1.542500000000000000e+02,0.000000000000000000e+00
2.536000000000000032e+00,1.547500000000000000e+02,0.000000000000000000e+00
2.536000000000000032e+00,1.552500000000000000e+02,0.000000000000000000e+00
2.536000000000000032e+00,1.557500000000000000e+02,0.000000000000000000e+00
2.536000000000000032e+00,1.562500000000000000e+02,0.000000000000000000e+00
2.536000000000000032e+00,1.567500000000000000e+02,0.000000000000000000e+00
2.536000000000000032e+00,1.572500000000000000e+02,0.000000000000000000e+00
2.536000000000000032e+00,1.577500000000000000e+02,0.000000000000000000e+00
2.536000000000000032e+00,1.582500000000000000e+02,0.000000000000000000e+00
2.536000000000000032e+00,1.587500000000000000e+02,0.000000000000000000e+00
2.536000000000000032e+00,1.592500000000000000e+02,0.000000000000000000e+00
2.536000000000000032e+00,1.597500000000000000e+02,0.000000000000000000e+00
2.536000000000000032e+00,1.602500000000000000e+02,0.000000000000000000e+00
2.536000000000000032e+00,1.607500000000000000e+02,0.000000000000000000e+00
2.536000000000000032e+00,1.612500000000000000e+02,0.000000000000000000e+00
2.536000000000000032e+00,1.617500000000000000e+02,0.000000000000000000e+00
2.536000000000000032e+00,1.622500000000000000e+02,0.000000000000000000e+00
2.536000000000000032e+00,1.627500000000000000e+02,0.000000000000000000e+00
2.536000000000000032e+00,1.632500000000000000e+02,0.000000000000000000e+00
2.536000000000000032e+00,1.637500000000000000e+02,0.000000000000000000e+00
2.536000000000000032e+00,1.642500000000000000e+02,0.000000000000000000e+00
2.536000000000000032e+00,1.647500000000000000e+02,0.000000000000000000e+00
2.536000000000000032e+00,1.652500000000000000e+02,0.000000000000000000e+00
2.536000000000000032e+00,1.657500000000000000e+02,0.000000000000000000e+00
2.536000000000000032e+00,1.662500000000000000e+02,0.000000000000000000e+00
2.536000000000000032e+00,1.667500000000000000e+02,0.000000000000000000e+00
2.536000000000000032e+00,1.672500000000000000e+02,0.000000000000000000e+00
2.536000000000000032e+00,1.677500000000000000e+02,0.000000000000000000e+00
2.536000000000000032e+00,1.682500000000000000e+02,0.000000000000000000e+00
2.536000000000000032e+00,1.687500000000000000e+02,0.000000000000000000e+00
2.536000000000000032e+00,1.692500000000000000e+02,0.000000000000000000e+00
2.536000000000000032e+00,1.697500000000000000e+02,0.000000000000000000e+00
2.536000000000000032e+00,1.702500000000000000e+02,0.000000000000000000e+00
2.536000000000000032e+00,1.707500000000000000e+02,0.000000000000000000e+00
2.536000000000000032e+00,1.712500000000000000e+02,0.000000000000000000e+00
2.536000000000000032e+00,1.717500000000000000e+02,0.000000000000000000e+00
2.536000000000000032e+00,1.722500000000000000e+02,0.000000000000000000e+00
2.536000000000000032e+00,1.727500000000000000e+02,0.000000000000000000e+00
2.536000000000000032e+00,1.732500000000000000e+02,0.000000000000000000e+00
2.536000000000000032e+00,1.737500000000000000e+02,0.000000000000000000e+00
2.536000000000000032e+00,1.742500000000000000e+02,0.000000000000000000e+00
2.536000000000000032e+00,1.747500000000000000e+02,0.000000000000000000e+00
2.536000000000000032e+00,1.752500000000000000e+02,0.000000000000000000e+00
2.536000000000000032e+00,1.757500000000000000e+02,0.000000000000000000e+00
2.536000000000000032e+00,1.762500000000000000e+02,0.000000000000000000e+00
2.536000000000000032e+00,1.767500000000000000e+02,0.000000000000000000e+00
2.536000000000000032e+00,1.772500000000000000e+02,0.000000000000000000e+00
2.536000000000000032e+00,1.777500000000000000e+02,0.000000000000000000e+00
2.536000000000000032e+00,1.782500000000000000e+02,0.000000000000000000e+00
2.536000000000000032e+00,1.787500000000000000e+02,0.000000000000000000e+00
2.536000000000000032e+00,1.792500000000000000e+02,0.000000000000000000e+00
2.536000000000000032e+00,1.797500000000000000e+02,0.000000000000000000e+00
2.552000000000000046e+00,1.302500000000000000e+02,0.000000000000000000e+00
2.552000000000000046e+00,1.307500000000000000e+02,0.000000000000000000e+00
2.552000000000000046e+00,1.312500000000000000e+02,0.000000000000000000e+00
2.552000000000000046e+00,1.317500000000000000e+02,0.000000000000000000e+00
2.552000000000000046e+00,1.322500000000000000e+02,0.000000000000000000e+00
2.552000000000000046e+00,1.327500000000000000e+02,0.000000000000000000e+00
2.552000000000000046e+00,1.332500000000000000e+02,0.000000000000000000e+00
2.552000000000000046e+00,1.337500000000000000e+02,0.000000000000000000e+00
2.552000000000000046e+00,1.342500000000000000e+02,0.000000000000000000e+00
2.552000000000000046e+00,1.347500000000000000e+02,0.000000000000000000e+00
2.552000000000000046e+00,1.352500000000000000e+02,0.000000000000000000e+00
2.552000000000000046e+00,1.357500000000000000e+02,0.000000000000000000e+00
2.552000000000000046e+00,1.362500000000000000e+02,0.000000000000000000e+00
2.552000000000000046e+00,1.367500000000000000e+02,0.000000000000000000e+00
2.552000000000000046e+00,1.372500000000000000e+02,0.000000000000000000e+00
2.552000000000000046e+00,1.377500000000000000e+02,0.000000000000000000e+00
2.552000000000000046e+00,1.382500000000000000e+02,0.000000000000000000e+00
2.552000000000000046e+00,1.387500000000000000e+02,0.000000000000000000e+00
2.552000000000000046e+00,1.392500000000000000e+02,0.000000000000000000e+00
2.552000000000000046e+00,1.397500000000000000e+02,0.000000000000000000e+00
2.552000000000000046e+00,1.402500000000000000e+02,0.000000000000000000e+00
2.552000000000000046e+00,1.407500000000000000e+02,0.000000000000000000e+00
2.552000000000000046e+00,1.412500000000000000e+02,0.000000000000000000e+00
2.552000000000000046e+00,1.417500000000000000e+02,0.000000000000000000e+00
2.552000000000000046e+00,1.422500000000000000e+02,0.000000000000000000e+00
2.552000000000000046e+00,1.427500000000000000e+02,0.000000000000000000e+00
2.552000000000000046e+00,1.432500000000000000e+02,0.000000000000000000e+00
2.552000000000000046e+00,1.437500000000000000e+02,0.000000000000000000e+00
2.552000000000000046e+00,1.442500000000000000e+02,0.000000000000000000e+00
2.552000000000000046e+00,1.447500000000000000e+02,0.000000000000000000e+00
2.552000000000000046e+00,1.452500000000000000e+02,0.000000000000000000e+00
2.552000000000000046e+00,1.457500000000000000e+02,0.000000000000000000e+00
2.552000000000000046e+00,1.462500000000000000e+02,0.000000000000000000e+00
2.552000000000000046e+00,1.467500000000000000e+02,0.000000000000000000e+00
2.552000000000000046e+00,1.472500000000000000e+02,0.000000000000000000e+00
2.552000000000000046e+00,1.477500000000000000e+02,0.000000000000000000e+00
2.552000000000000046e+00,1.482500000000000000e+02,0.000000000000000000e+00
2.552000000000000046e+00,1.487500000000000000e+02,0.000000000000000000e+00
2.552000000000000046e+00,1.492500000000000000e+02,0.000000000000000000e+00
2.552000000000000046e+00,1.497500000000000000e+02,0.000000000000000000e+00
2.552000000000000046e+00,1.502500000000000000e+02,0.000000000000000000e+00
2.552000000000000046e+00,1.507500000000000000e+02,0.000000000000000000e+00
2.552000000000000046e+00,1.512500000000000000e+02,0.000000000000000000e+00
2.552000000000000046e+00,1.517500000000000000e+02,0.000000000000000000e+00
2.552000000000000046e+00,1.522500000000000000e+02,0.000000000000000000e+00
2.552000000000000046e+00,1.527500000000000000e+02,0.000000000000000000e+00
2.552000000000000046e+00,1.532500000000000000e+02,0.000000000000000000e+00
2.552000000000000046e+00,1.537500000000000000e+02,0.000000000000000000e+00
2.552000000000000046e+00,1.542500000000000000e+02,0.000000000000000000e+00
2.552000000000000046e+00,1.547500000000000000e+02,0.000000000000000000e+00
2.552000000000000046e+00,1.552500000000000000e+02,0.000000000000000000e+00
2.552000000000000046e+00,1.557500000000000000e+02,0.000000000000000000e+00
2.552000000000000046e+00,1.562500000000000000e+02,0.000000000000000000e+00
2.552000000000000046e+00,1.567500000000000000e+02,0.000000000000000000e+00
2.552000000000000046e+00,1.572500000000000000e+02,0.000000000000000000e+00
2.552000000000000046e+00,1.577500000000000000e+02,0.000000000000000000e+00
2.552000000000000046e+00,1.582500000000000000e+02,0.000000000000000000e+00
2.552000000000000046e+00,1.587500000000000000e+02,0.000000000000000000e+00
2.552000000000000046e+00,1.592500000000000000e+02,0.000000000000000000e+00
2.552000000000000046e+00,1.597500000000000000e+02,0.000000000000000000e+00
2.552000000000000046e+00,1.602500000000000000e+02,0.000000000000000000e+00
2.552000000000000046e+00,1.607500000000000000e+02,0.000000000000000000e+00
2.552000000000000046e+00,1.612500000000000000e+02,0.000000000000000000e+00
2.552000000000000046e+00,1.617500000000000000e+02,0.000000000000000000e+00
2.552000000000000046e+00,1.622500000000000000e+02,0.000000000000000000e+00
2.552000000000000046e+00,1.627500000000000000e+02,0.000000000000000000e+00
2.552000000000000046e+00,1.632500000000000000e+02,0.000000000000000000e+00
2.552000000000000046e+00,1.637500000000000000e+02,0.000000000000000000e+00
2.552000000000000046e+00,1.642500000000000000e+02,0.000000000000000000e+00
2.552000000000000046e+00,1.647500000000000000e+02,0.000000000000000000e+00
2.552000000000000046e+00,1.652500000000000000e+02,0.000000000000000000e+00
2.552000000000000046e+00,1.657500000000000000e+02,0.000000000000000000e+00
2.552000000000000046e+00,1.662500000000000000e+02,0.000000000000000000e+00
2.552000000000000046e+00,1.667500000000000000e+02,0.000000000000000000e+00
2.552000000000000046e+00,1.672500000000000000e+02,0.000000000000000000e+00
2.552000000000000046e+00,1.677500000000000000e+02,0.000000000000000000e+00
2.552000000000000046e+00,1.682500000000000000e+02,0.000000000000000000e+00
2.552000000000000046e+00,1.687500000000000000e+02,0.000000000000000000e+00
2.552000000000000046e+00,1.692500000000000000e+02,0.000000000000000000e+00
2.552000000000000046e+00,1.697500000000000000e+02,0.000000000000000000e+00
2.552000000000000046e+00,1.702500000000000000e+02,0.000000000000000000e+00
2.552000000000000046e+00,1.707500000000000000e+02,0.000000000000000000e+00
2.552000000000000046e+00,1.712500000000000000e+02,0.000000000000000000e+00
2.552000000000000046e+00,1.717500000000000000e+02,0.000000000000000000e+00
2.552000000000000046e+00,1.722500000000000000e+02,0.000000000000000000e+00
2.552000000000000046e+00,1.727500000000000000e+02,0.000000000000000000e+00
2.552000000000000046e+00,1.732500000000000000e+02,0.000000000000000000e+00
2.552000000000000046e+00,1.737500000000000000e+02,0.000000000000000000e+00
2.552000000000000046e+00,1.742500000000000000e+02,0.000000000000000000e+00
2.552000000000000046e+00,1.747500000000000000e+02,0.000000000000000000e+00
2.552000000000000046e+00,1.752500000000000000e+02,0.000000000000000000e+00
2.552000000000000046e+00,1.757500000000000000e+02,0.000000000000000000e+00
2.552000000000000046e+00,1.762500000000000000e+02,0.000000000000000000e+00
2.552000000000000046e+00,1.767500000000000000e+02,0.000000000000000000e+00
2.552000000000000046e+00,1.772500000000000000e+02,0.000000000000000000e+00
2.552000000000000046e+00,1.777500000000000000e+02,0.000000000000000000e+00
2.552000000000000046e+00,1.782500000000000000e+02,0.000000000000000000e+00
2.552000000000000046e+00,1.787500000000000000e+02,0.000000000000000000e+00
2.552000000000000046e+00,1.792500000000000000e+02,0.000000000000000000e+00
2.552000000000000046e+00,1.797500000000000000e+02,0.000000000000000000e+00
2.568000000000000060e+00,1.302500000000000000e+02,0.000000000000000000e+00
2.568000000000000060e+00,1.307500000000000000e+02,0.000000000000000000e+00
2.568000000000000060e+00,1.312500000000000000e+02,0.000000000000000000e+00
2.568000000000000060e+00,1.317500000000000000e+02,0.000000000000000000e+00
2.568000000000000060e+00,1.322500000000000000e+02,0.000000000000000000e+00
2.568000000000000060e+00,1.327500000000000000e+02,0.000000000000000000e+00
2.568000000000000060e+00,1.332500000000000000e+02,0.000000000000000000e+00
2.568000000000000060e+00,1.337500000000000000e+02,0.000000000000000000e+00
2.568000000000000060e+00,1.342500000000000000e+02,0.000000000000000000e+00
2.568000000000000060e+00,1.347500000000000000e+02,0.000000000000000000e+00
2.568000000000000060e+00,1.352500000000000000e+02,0.000000000000000000e+00
2.568000000000000060e+00,1.357500000000000000e+02,0.000000000000000000e+00
2.568000000000000060e+00,1.362500000000000000e+02,0.000000000000000000e+00
2.568000000000000060e+00,1.367500000000000000e+02,0.000000000000000000e+00
2.568000000000000060e+00,1.372500000000000000e+02,0.000000000000000000e+00
2.568000000000000060e+00,1.377500000000000000e+02,0.000000000000000000e+00
2.568000000000000060e+00,1.382500000000000000e+02,0.000000000000000000e+00
2.568000000000000060e+00,1.387500000000000000e+02,0.000000000000000000e+00
2.568000000000000060e+00,1.392500000000000000e+02,0.000000000000000000e+00
2.568000000000000060e+00,1.397500000000000000e+02,0.000000000000000000e+00
2.568000000000000060e+00,1.402500000000000000e+02,0.000000000000000000e+00
2.568000000000000060e+00,1.407500000000000000e+02,0.000000000000000000e+00
2.568000000000000060e+00,1.412500000000000000e+02,0.000000000000000000e+00
2.568000000000000060e+00,1.417500000000000000e+02,0.000000000000000000e+00
2.568000000000000060e+00,1.422500000000000000e+02,0.000000000000000000e+00
2.568000000000000060e+00,1.427500000000000000e+02,0.000000000000000000e+00
2.568000000000000060e+00,1.432500000000000000e+02,0.000000000000000000e+00
2.568000000000000060e+00,1.437500000000000000e+02,0.000000000000000000e+00
2.568000000000000060e+00,1.442500000000000000e+02,0.000000000000000000e+00
2.568000000000000060e+00,1.447500000000000000e+02,0.000000000000000000e+00
2.568000000000000060e+00,1.452500000000000000e+02,0.000000000000000000e+00
2.568000000000000060e+00,1.457500000000000000e+02,0.000000000000000000e+00
2.568000000000000060e+00,1.462500000000000000e+02,0.000000000000000000e+00
2.568000000000000060e+00,1.467500000000000000e+02,0.000000000000000000e+00
2.568000000000000060e+00,1.472500000000000000e+02,0.000000000000000000e+00
2.568000000000000060e+00,1.477500000000000000e+02,0.000000000000000000e+00
2.568000000000000060e+00,1.482500000000000000e+02,0.000000000000000000e+00
2.568000000000000060e+00,1.487500000000000000e+02,0.000000000000000000e+00
2.568000000000000060e+00,1.492500000000000000e+02,0.000000000000000000e+00
2.568000000000000060e+00,1.497500000000000000e+02,0.000000000000000000e+00
2.568000000000000060e+00,1.502500000000000000e+02,0.000000000000000000e+00
2.568000000000000060e+00,1.507500000000000000e+02,0.000000000000000000e+00
2.568000000000000060e+00,1.512500000000000000e+02,0.000000000000000000e+00
2.568000000000000060e+00,1.517500000000000000e+02,0.000000000000000000e+00
2.568000000000000060e+00,1.522500000000000000e+02,0.000000000000000000e+00
2.568000000000000060e+00,1.527500000000000000e+02,0.000000000000000000e+00
2.568000000000000060e+00,1.532500000000000000e+02,0.000000000000000000e+00
2.568000000000000060e+00,1.537500000000000000e+02,0.000000000000000000e+00
2.568000000000000060e+00,1.542500000000000000e+02,0.000000000000000000e+00
2.568000000000000060e+00,1.547500000000000000e+02,0.000000000000000000e+00
2.568000000000000060e+00,1.552500000000000000e+02,0.000000000000000000e+00
2.568000000000000060e+00,1.557500000000000000e+02,0.000000000000000000e+00
2.568000000000000060e+00,1.562500000000000000e+02,0.000000000000000000e+00
2.568000000000000060e+00,1.567500000000000000e+02,0.000000000000000000e+00
2.568000000000000060e+00,1.572500000000000000e+02,0.000000000000000000e+00
2.568000000000000060e+00,1.577500000000000000e+02,0.000000000000000000e+00
2.568000000000000060e+00,1.582500000000000000e+02,0.000000000000000000e+00
2.568000000000000060e+00,1.587500000000000000e+02,0.000000000000000000e+00
2.568000000000000060e+00,1.592500000000000000e+02,0.000000000000000000e+00
2.568000000000000060e+00,1.597500000000000000e+02,0.000000000000000000e+00
2.568000000000000060e+00,1.602500000000000000e+02,0.000000000000000000e+00
2.568000000000000060e+00,1.607500000000000000e+02,0.000000000000000000e+00
2.568000000000000060e+00,1.612500000000000000e+02,0.000000000000000000e+00
2.568000000000000060e+00,1.617500000000000000e+02,0.000000000000000000e+00
2.568000000000000060e+00,1.622500000000000000e+02,0.000000000000000000e+00
2.568000000000000060e+00,1.627500000000000000e+02,0.000000000000000000e+00
2.568000000000000060e+00,1.632500000000000000e+02,0.000000000000000000e+00
2.568000000000000060e+00,1.637500000000000000e+02,0.000000000000000000e+00
2.568000000000000060e+00,1.642500000000000000e+02,0.000000000000000000e+00
2.568000000000000060e+00,1.647500000000000000e+02,0.000000000000000000e+00
2.568000000000000060e+00,1.652500000000000000e+02,0.000000000000000000e+00
2.568000000000000060e+00,1.657500000000000000e+02,0.000000000000000000e+00
2.568000000000000060e+00,1.662500000000000000e+02,0.000000000000000000e+00
2.568000000000000060e+00,1.667500000000000000e+02,0.000000000000000000e+00
2.568000000000000060e+00,1.672500000000000000e+02,0.000000000000000000e+00
2.568000000000000060e+00,1.677500000000000000e+02,0.000000000000000000e+00
2.568000000000000060e+00,1.682500000000000000e+02,0.000000000000000000e+00
2.568000000000000060e+00,1.687500000000000000e+02,0.000000000000000000e+00
2.568000000000000060e+00,1.692500000000000000e+02,0.000000000000000000e+00
2.568000000000000060e+00,1.697500000000000000e+02,0.000000000000000000e+00
2.568000000000000060e+00,1.702500000000000000e+02,0.000000000000000000e+00
2.568000000000000060e+00,1.707500000000000000e+02,0.000000000000000000e+00
2.568000000000000060e+00,1.712500000000000000e+02,0.000000000000000000e+00
2.568000000000000060e+00,1.717500000000000000e+02,0.000000000000000000e+00
2.568000000000000060e+00,1.722500000000000000e+02,0.000000000000000000e+00
2.568000000000000060e+00,1.727500000000000000e+02,0.000000000000000000e+00
2.568000000000000060e+00,1.732500000000000000e+02,0.000000000000000000e+00
2.568000000000000060e+00,1.737500000000000000e+02,0.000000000000000000e+00
2.568000000000000060e+00,1.742500000000000000e+02,0.000000000000000000e+00
2.568000000000000060e+00,1.747500000000000000e+02,0.000000000000000000e+00
2.568000000000000060e+00,1.752500000000000000e+02,0.000000000000000000e+00
2.568000000000000060e+00,1.757500000000000000e+02,0.000000000000000000e+00
2.568000000000000060e+00,1.762500000000000000e+02,0.000000000000000000e+00
2.568000000000000060e+00,1.767500000000000000e+02,0.000000000000000000e+00
2.568000000000000060e+00,1.772500000000000000e+02,0.000000000000000000e+00
2.568000000000000060e+00,1.777500000000000000e+02,0.000000000000000000e+00
2.568000000000000060e+00,1.782500000000000000e+02,0.000000000000000000e+00
2.568000000000000060e+00,1.787500000000000000e+02,0.000000000000000000e+00
2.568000000000000060e+00,1.792500000000000000e+02,0.000000000000000000e+00
2.568000000000000060e+00,1.797500000000000000e+02,0.000000000000000000e+00
2.584000000000000075e+00,1.302500000000000000e+02,0.000000000000000000e+00
2.584000000000000075e+00,1.307500000000000000e+02,0.000000000000000000e+00
2.584000000000000075e+00,1.312500000000000000e+02,0.000000000000000000e+00
2.584000000000000075e+00,1.317500000000000000e+02,0.000000000000000000e+00
2.584000000000000075e+00,1.322500000000000000e+02,1.111111111111111049e-01
2.584000000000000075e+00,1.327500000000000000e+02,1.111111111111111049e-01
2.584000000000000075e+00,1.332500000000000000e+02,1.111111111111111049e-01
2.584000000000000075e+00,1.337500000000000000e+02,0.000000000000000000e+00
2.584000000000000075e+00,1.342500000000000000e+02,0.000000000000000000e+00
2.584000000000000075e+00,1.347500000000000000e+02,0.000000000000000000e+00
2.584000000000000075e+00,1.352500000000000000e+02,0.000000000000000000e+00
2.584000000000000075e+00,1.357500000000000000e+02,0.000000000000000000e+00
2.584000000000000075e+00,1.362500000000000000e+02,0.000000000000000000e+00
2.584000000000000075e+00,1.367500000000000000e+02,0.000000000000000000e+00
2.584000000000000075e+00,1.372500000000000000e+02,0.000000000000000000e+00
2.584000000000000075e+00,1.377500000000000000e+02,0.000000000000000000e+00
2.584000000000000075e+00,1.382500000000000000e+02,0.000000000000000000e+00
2.584000000000000075e+00,1.387500000000000000e+02,0.000000000000000000e+00
2.584000000000000075e+00,1.392500000000000000e+02,0.000000000000000000e+00
2.584000000000000075e+00,1.397500000000000000e+02,0.000000000000000000e+00
2.584000000000000075e+00,1.402500000000000000e+02,0.000000000000000000e+00
2.584000000000000075e+00,1.407500000000000000e+02,0.000000000000000000e+00
2.584000000000000075e+00,1.412500000000000000e+02,0.000000000000000000e+00
2.584000000000000075e+00,1.417500000000000000e+02,0.000000000000000000e+00
2.584000000000000075e+00,1.422500000000000000e+02,0.000000000000000000e+00
2.584000000000000075e+00,1.427500000000000000e+02,0.000000000000000000e+00
2.584000000000000075e+00,1.432500000000000000e+02,0.000000000000000000e+00
2.584000000000000075e+00,1.437500000000000000e+02,0.000000000000000000e+00
2.584000000000000075e+00,1.442500000000000000e+02,0.000000000000000000e+00
2.584000000000000075e+00,1.447500000000000000e+02,0.000000000000000000e+00
2.584000000000000075e+00,1.452500000000000000e+02,0.000000000000000000e+00
2.584000000000000075e+00,1.457500000000000000e+02,0.000000000000000000e+00
2.584000000000000075e+00,1.462500000000000000e+02,0.000000000000000000e+00
2.584000000000000075e+00,1.467500000000000000e+02,0.000000000000000000e+00
2.584000000000000075e+00,1.472500000000000000e+02,0.000000000000000000e+00
2.584000000000000075e+00,1.477500000000000000e+02,0.000000000000000000e+00
2.584000000000000075e+00,1.482500000000000000e+02,0.000000000000000000e+00
2.584000000000000075e+00,1.487500000000000000e+02,0.000000000000000000e+00
2.584000000000000075e+00,1.492500000000000000e+02,0.000000000000000000e+00
2.584000000000000075e+00,1.497500000000000000e+02,0.000000000000000000e+00
2.584000000000000075e+00,1.502500000000000000e+02,0.000000000000000000e+00
2.584000000000000075e+00,1.507500000000000000e+02,0.000000000000000000e+00
2.584000000000000075e+00,1.512500000000000000e+02,0.000000000000000000e+00
2.584000000000000075e+00,1.517500000000000000e+02,0.000000000000000000e+00
2.584000000000000075e+00,1.522500000000000000e+02,0.000000000000000000e+00
2.584000000000000075e+00,1.527500000000000000e+02,0.000000000000000000e+00
2.584000000000000075e+00,1.532500000000000000e+02,0.000000000000000000e+00
2.584000000000000075e+00,1.537500000000000000e+02,0.000000000000000000e+00
2.584000000000000075e+00,1.542500000000000000e+02,0.000000000000000000e+00
2.584000000000000075e+00,1.547500000000000000e+02,0.000000000000000000e+00
2.584000000000000075e+00,1.552500000000000000e+02,0.000000000000000000e+00
2.584000000000000075e+00,1.557500000000000000e+02,0.000000000000000000e+00
2.584000000000000075e+00,1.562500000000000000e+02,0.000000000000000000e+00
2.584000000000000075e+00,1.567500000000000000e+02,0.000000000000000000e+00
2.584000000000000075e+00,1.572500000000000000e+02,0.000000000000000000e+00
2.584000000000000075e+00,1.577500000000000000e+02,0.000000000000000000e+00
2.584000000000000075e+00,1.582500000000000000e+02,0.000000000000000000e+00
2.584000000000000075e+00,1.587500000000000000e+02,0.000000000000000000e+00
2.584000000000000075e+00,1.592500000000000000e+02,1.111111111111111049e-01
2.584000000000000075e+00,1.597500000000000000e+02,1.111111111111111049e-01
2.584000000000000075e+00,1.602500000000000000e+02,1.111111111111111049e-01
2.584000000000000075e+00,1.607500000000000000e+02,0.000000000000000000e+00
2.584000000000000075e+00,1.612500000000000000e+02,0.000000000000000000e+00
2.584000000000000075e+00,1.617500000000000000e+02,0.000000000000000000e+00
2.584000000000000075e+00,1.622500000000000000e+02,0.000000000000000000e+00
2.584000000000000075e+00,1.627500000000000000e+02,0.000000000000000000e+00
2.584000000000000075e+00,1.632500000000000000e+02,0.000000000000000000e+00
2.584000000000000075e+00,1.637500000000000000e+02,0.000000000000000000e+00
2.584000000000000075e+00,1.642500000000000000e+02,0.000000000000000000e+00
2.584000000000000075e+00,1.647500000000000000e+02,0.000000000000000000e+00
2.584000000000000075e+00,1.652500000000000000e+02,0.000000000000000000e+00
2.584000000000000075e+00,1.657500000000000000e+02,0.000000000000000000e+00
2.584000000000000075e+00,1.662500000000000000e+02,0.000000000000000000e+00
2.584000000000000075e+00,1.667500000000000000e+02,0.000000000000000000e+00
2.584000000000000075e+00,1.672500000000000000e+02,0.000000000000000000e+00
2.584000000000000075e+00,1.677500000000000000e+02,0.000000000000000000e+00
2.584000000000000075e+00,1.682500000000000000e+02,0.000000000000000000e+00
2.584000000000000075e+00,1.687500000000000000e+02,0.000000000000000000e+00
2.584000000000000075e+00,1.692500000000000000e+02,0.000000000000000000e+00
2.584000000000000075e+00,1.697500000000000000e+02,0.000000000000000000e+00
2.584000000000000075e+00,1.702500000000000000e+02,0.000000000000000000e+00
2.584000000000000075e+00,1.707500000000000000e+02,0.000000000000000000e+00
2.584000000000000075e+00,1.712500000000000000e+02,0.000000000000000000e+00
2.584000000000000075e+00,1.717500000000000000e+02,0.000000000000000000e+00
2.584000000000000075e+00,1.722500000000000000e+02,0.000000000000000000e+00
2.584000000000000075e+00,1.727500000000000000e+02,0.000000000000000000e+00
2.584000000000000075e+00,1.732500000000000000e+02,0.000000000000000000e+00
2.584000000000000075e+00,1.737500000000000000e+02,0.000000000000000000e+00
2.584000000000000075e+00,1.742500000000000000e+02,0.000000000000000000e+00
2.584000000000000075e+00,1.747500000000000000e+02,0.000000000000000000e+00
2.584000000000000075e+00,1.752500000000000000e+02,0.000000000000000000e+00
2.584000000000000075e+00,1.757500000000000000e+02,0.000000000000000000e+00
2.584000000000000075e+00,1.762500000000000000e+02,0.000000000000000000e+00
2.584000000000000075e+00,1.767500000000000000e+02,0.000000000000000000e+00
2.584000000000000075e+00,1.772500000000000000e+02,0.000000000000000000e+00
2.584000000000000075e+00,1.777500000000000000e+02,0.000000000000000000e+00
2.584000000000000075e+00,1.782500000000000000e+02,0.000000000000000000e+00
2.584000000000000075e+00,1.787500000000000000e+02,0.000000000000000000e+00
2.584000000000000075e+00,1.792500000000000000e+02,0.000000000000000000e+00
2.584000000000000075e+00,1.797500000000000000e+02,0.000000000000000000e+00
2.600000000000000089e+00,1.302500000000000000e+02,0.000000000000000000e+00
2.600000000000000089e+00,1.307500000000000000e+02,0.000000000000000000e+00
2.600000000000000089e+00,1.312500000000000000e+02,0.000000000000000000e+00
2.600000000000000089e+00,1.317500000000000000e+02,0.000000000000000000e+00
2.600000000000000089e+00,1.322500000000000000e+02,1.111111111111111049e-01
2.600000000000000089e+00,1.327500000000000000e+02,1.111111111111111049e-01
2.600000000000000089e+00,1.332500000000000000e+02,1.111111111111111049e-01
2.600000000000000089e+00,1.337500000000000000e+02,0.000000000000000000e+00
2.600000000000000089e+00,1.342500000000000000e+02,0.000000000000000000e+00
2.600000000000000089e+00,1.347500000000000000e+02,0.000000000000000000e+00
2.600000000000000089e+00,1.352500000000000000e+02,0.000000000000000000e+00
2.600000000000000089e+00,1.357500000000000000e+02,0.000000000000000000e+00
2.600000000000000089e+00,1.362500000000000000e+02,0.000000000000000000e+00
2.600000000000000089e+00,1.367500000000000000e+02,0.000000000000000000e+00
2.600000000000000089e+00,1.372500000000000000e+02,0.000000000000000000e+00
2.600000000000000089e+00,1.377500000000000000e+02,0.000000000000000000e+00
2.600000000000000089e+00,1.382500000000000000e+02,0.000000000000000000e+00
2.600000000000000089e+00,1.387500000000000000e+02,0.000000000000000000e+00
2.600000000000000089e+00,1.392500000000000000e+02,0.000000000000000000e+00
2.600000000000000089e+00,1.397500000000000000e+02,0.000000000000000000e+00
2.600000000000000089e+00,1.402500000000000000e+02,0.000000000000000000e+00
2.600000000000000089e+00,1.407500000000000000e+02,0.000000000000000000e+00
2.600000000000000089e+00,1.412500000000000000e+02,0.000000000000000000e+00
2.600000000000000089e+00,1.417500000000000000e+02,0.000000000000000000e+00
2.600000000000000089e+00,1.422500000000000000e+02,0.000000000000000000e+00
2.600000000000000089e+00,1.427500000000000000e+02,0.000000000000000000e+00
2.600000000000000089e+00,1.432500000000000000e+02,0.000000000000000000e+00
2.600000000000000089e+00,1.437500000000000000e+02,0.000000000000000000e+00
2.600000000000000089e+00,1.442500000000000000e+02,0.000000000000000000e+00
2.600000000000000089e+00,1.447500000000000000e+02,0.000000000000000000e+00
2.600000000000000089e+00,1.452500000000000000e+02,0.000000000000000000e+00
2.600000000000000089e+00,1.457500000000000000e+02,0.000000000000000000e+00
2.600000000000000089e+00,1.462500000000000000e+02,0.000000000000000000e+00
2.600000000000000089e+00,1.467500000000000000e+02,0.000000000000000000e+00
2.600000000000000089e+00,1.472500000000000000e+02,0.000000000000000000e+00
2.600000000000000089e+00,1.477500000000000000e+02,0.000000000000000000e+00
2.600000000000000089e+00,1.482500000000000000e+02,0.000000000000000000e+00
2.600000000000000089e+00,1.487500000000000000e+02,0.000000000000000000e+00
2.600000000000000089e+00,1.492500000000000000e+02,0.000000000000000000e+00
2.600000000000000089e+00,1.497500000000000000e+02,0.000000000000000000e+00
2.600000000000000089e+00,1.502500000000000000e+02,0.000000000000000000e+00
2.600000000000000089e+00,1.507500000000000000e+02,0.000000000000000000e+00
2.600000000000000089e+00,1.512500000000000000e+02,0.000000000000000000e+00
2.600000000000000089e+00,1.517500000000000000e+02,0.000000000000000000e+00
2.600000000000000089e+00,1.522500000000000000e+02,0.000000000000000000e+00
2.600000000000000089e+00,1.527500000000000000e+02,0.000000000000000000e+00
2.600000000000000089e+00,1.532500000000000000e+02,0.000000000000000000e+00
2.600000000000000089e+00,1.537500000000000000e+02,0.000000000000000000e+00
2.600000000000000089e+00,1.542500000000000000e+02,0.000000000000000000e+00
2.600000000000000089e+00,1.547500000000000000e+02,0.000000000000000000e+00
2.600000000000000089e+00,1.552500000000000000e+02,0.000000000000000000e+00
2.600000000000000089e+00,1.557500000000000000e+02,0.000000000000000000e+00
2.600000000000000089e+00,1.562500000000000000e+02,1.111111111111111049e-01
2.600000000000000089e+00,1.567500000000000000e+02,1.111111111111111049e-01
2.600000000000000089e+00,1.572500000000000000e+02,1.111111111111111049e-01
2.600000000000000089e+00,1.577500000000000000e+02,0.000000000000000000e+00
2.600000000000000089e+00,1.582500000000000000e+02,0.000000000000000000e+00
2.600000000000000089e+00,1.587500000000000000e+02,0.000000000000000000e+00
2.600000000000000089e+00,1.592500000000000000e+02,1.111111111111111049e-01
2.600000000000000089e+00,1.597500000000000000e+02,1.111111111111111049e-01
2.600000000000000089e+00,1.602500000000000000e+02,1.111111111111111049e-01
2.600000000000000089e+00,1.607500000000000000e+02,0.000000000000000000e+00
2.600000000000000089e+00,1.612500000000000000e+02,0.000000000000000000e+00
2.600000000000000089e+00,1.617500000000000000e+02,0.000000000000000000e+00
2.600000000000000089e+00,1.622500000000000000e+02,0.000000000000000000e+00
2.600000000000000089e+00,1.627500000000000000e+02,0.000000000000000000e+00
2.600000000000000089e+00,1.632500000000000000e+02,0.000000000000000000e+00
2.600000000000000089e+00,1.637500000000000000e+02,0.000000000000000000e+00
2.600000000000000089e+00,1.642500000000000000e+02,0.000000000000000000e+00
2.600000000000000089e+00,1.647500000000000000e+02,0.000000000000000000e+00
2.600000000000000089e+00,1.652500000000000000e+02,0.000000000000000000e+00
2.600000000000000089e+00,1.657500000000000000e+02,0.000000000000000000e+00
2.600000000000000089e+00,1.662500000000000000e+02,0.000000000000000000e+00
2.600000000000000089e+00,1.667500000000000000e+02,0.000000000000000000e+00
2.600000000000000089e+00,1.672500000000000000e+02,0.000000000000000000e+00
2.600000000000000089e+00,1.677500000000000000e+02,0.000000000000000000e+00
2.600000000000000089e+00,1.682500000000000000e+02,0.000000000000000000e+00
2.600000000000000089e+00,1.687500000000000000e+02,0.000000000000000000e+00
2.600000000000000089e+00,1.692500000000000000e+02,0.000000000000000000e+00
2.600000000000000089e+00,1.697500000000000000e+02,0.000000000000000000e+00
2.600000000000000089e+00,1.702500000000000000e+02,0.000000000000000000e+00
2.600000000000000089e+00,1.707500000000000000e+02,0.000000000000000000e+00
2.600000000000000089e+00,1.712500000000000000e+02,0.000000000000000000e+00
2.600000000000000089e+00,1.717500000000000000e+02,0.000000000000000000e+00
2.600000000000000089e+00,1.722500000000000000e+02,0.000000000000000000e+00
2.600000000000000089e+00,1.727500000000000000e+02,0.000000000000000000e+00
2.600000000000000089e+00,1.732500000000000000e+02,0.000000000000000000e+00
2.600000000000000089e+00,1.737500000000000000e+02,0.000000000000000000e+00
2.600000000000000089e+00,1.742500000000000000e+02,0.000000000000000000e+00
2.600000000000000089e+00,1.747500000000000000e+02,0.000000000000000000e+00
2.600000000000000089e+00,1.752500000000000000e+02,0.000000000000000000e+00
2.600000000000000089e+00,1.757500000000000000e+02,0.000000000000000000e+00
2.600000000000000089e+00,1.762500000000000000e+02,0.000000000000000000e+00
2.600000000000000089e+00,1.767500000000000000e+02,0.000000000000000000e+00
2.600000000000000089e+00,1.772500000000000000e+02,0.000000000000000000e+00
2.600000000000000089e+00,1.777500000000000000e+02,0.000000000000000000e+00
2.600000000000000089e+00,1.782500000000000000e+02,0.000000000000000000e+00
2.600000000000000089e+00,1.787500000000000000e+02,0.000000000000000000e+00
2.600000000000000089e+00,1.792500000000000000e+02,0.000000000000000000e+00
2.600000000000000089e+00,1.797500000000000000e+02,0.000000000000000000e+00
2.616000000000000103e+00,1.302500000000000000e+02,0.000000000000000000e+00
2.616000000000000103e+00,1.307500000000000000e+02,0.000000000000000000e+00
2.616000000000000103e+00,1.312500000000000000e+02,0.000000000000000000e+00
2.616000000000000103e+00,1.317500000000000000e+02,0.000000000000000000e+00
2.616000000000000103e+00,1.322500000000000000e+02,2.222222222222222099e-01
2.616000000000000103e+00,1.327500000000000000e+02,2.222222222222222099e-01
2.616000000000000103e+00,1.332500000000000000e+02,2.222222222222222099e-01
2.616000000000000103e+00,1.337500000000000000e+02,0.000000000000000000e+00
2.616000000000000103e+00,1.342500000000000000e+02,0.000000000000000000e+00
2.616000000000000103e+00,1.347500000000000000e+02,0.000000000000000000e+00
2.616000000000000103e+00,1.352500000000000000e+02,0.000000000000000000e+00
2.616000000000000103e+00,1.357500000000000000e+02,0.000000000000000000e+00
2.616000000000000103e+00,1.362500000000000000e+02,0.000000000000000000e+00
2.616000000000000103e+00,1.367500000000000000e+02,0.000000000000000000e+00
2.616000000000000103e+00,1.372500000000000000e+02,0.000000000000000000e+00
2.616000000000000103e+00,1.377500000000000000e+02,0.000000000000000000e+00
2.616000000000000103e+00,1.382500000000000000e+02,0.000000000000000000e+00
2.616000000000000103e+00,1.387500000000000000e+02,0.000000000000000000e+00
2.616000000000000103e+00,1.392500000000000000e+02,0.000000000000000000e+00
2.616000000000000103e+00,1.397500000000000000e+02,0.000000000000000000e+00
2.616000000000000103e+00,1.402500000000000000e+02,0.000000000000000000e+00
2.616000000000000103e+00,1.407500000000000000e+02,0.000000000000000000e+00
2.616000000000000103e+00,1.412500000000000000e+02,0.000000000000000000e+00
2.616000000000000103e+00,1.417500000000000000e+02,0.000000000000000000e+00
2.616000000000000103e+00,1.422500000000000000e+02,0.000000000000000000e+00
2.616000000000000103e+00,1.427500000000000000e+02,0.000000000000000000e+00
2.616000000000000103e+00,1.432500000000000000e+02,0.000000000000000000e+00
2.616000000000000103e+00,1.437500000000000000e+02,0.000000000000000000e+00
2.616000000000000103e+00,1.442500000000000000e+02,0.000000000000000000e+00
2.616000000000000103e+00,1.447500000000000000e+02,0.000000000000000000e+00
2.616000000000000103e+00,1.452500000000000000e+02,0.000000000000000000e+00
2.616000000000000103e+00,1.457500000000000000e+02,0.000000000000000000e+00
2.616000000000000103e+00,1.462500000000000000e+02,0.000000000000000000e+00
2.616000000000000103e+00,1.467500000000000000e+02,0.000000000000000000e+00
2.616000000000000103e+00,1.472500000000000000e+02,0.000000000000000000e+00
2.616000000000000103e+00,1.477500000000000000e+02,0.000000000000000000e+00
2.616000000000000103e+00,1.482500000000000000e+02,0.000000000000000000e+00
2.616000000000000103e+00,1.487500000000000000e+02,0.000000000000000000e+00
2.616000000000000103e+00,1.492500000000000000e+02,0.000000000000000000e+00
2.616000000000000103e+00,1.497500000000000000e+02,0.000000000000000000e+00
2.616000000000000103e+00,1.502500000000000000e+02,0.000000000000000000e+00
2.616000000000000103e+00,1.507500000000000000e+02,0.000000000000000000e+00
2.616000000000000103e+00,1.512500000000000000e+02,0.000000000000000000e+00
2.616000000000000103e+00,1.517500000000000000e+02,0.000000000000000000e+00
2.616000000000000103e+00,1.522500000000000000e+02,0.000000000000000000e+00
2.616000000000000103e+00,1.527500000000000000e+02,0.000000000000000000e+00
2.616000000000000103e+00,1.532500000000000000e+02,0.000000000000000000e+00
2.616000000000000103e+00,1.537500000000000000e+02,0.000000000000000000e+00
2.616000000000000103e+00,1.542500000000000000e+02,0.000000000000000000e+00
2.616000000000000103e+00,1.547500000000000000e+02,0.000000000000000000e+00
2.616000000000000103e+00,1.552500000000000000e+02,0.000000000000000000e+00
2.616000000000000103e+00,1.557500000000000000e+02,0.000000000000000000e+00
2.616000000000000103e+00,1.562500000000000000e+02,1.111111111111111049e-01
2.616000000000000103e+00,1.567500000000000000e+02,1.111111111111111049e-01
2.616000000000000103e+00,1.572500000000000000e+02,1.111111111111111049e-01
2.616000000000000103e+00,1.577500000000000000e+02,0.000000000000000000e+00
2.616000000000000103e+00,1.582500000000000000e+02,0.000000000000000000e+00
2.616000000000000103e+00,1.587500000000000000e+02,0.000000000000000000e+00
2.616000000000000103e+00,1.592500000000000000e+02,1.111111111111111049e-01
2.616000000000000103e+00,1.597500000000000000e+02,2.222222222222222099e-01
2.616000000000000103e+00,1.602500000000000000e+02,2.222222222222222099e-01
2.616000000000000103e+00,1.607500000000000000e+02,1.111111111111111049e-01
2.616000000000000103e+00,1.612500000000000000e+02,0.000000000000000000e+00
2.616000000000000103e+00,1.617500000000000000e+02,0.000000000000000000e+00
2.616000000000000103e+00,1.622500000000000000e+02,0.000000000000000000e+00
2.616000000000000103e+00,1.627500000000000000e+02,0.000000000000000000e+00
2.616000000000000103e+00,1.632500000000000000e+02,0.000000000000000000e+00
2.616000000000000103e+00,1.637500000000000000e+02,0.000000000000000000e+00
2.616000000000000103e+00,1.642500000000000000e+02,0.000000000000000000e+00
2.616000000000000103e+00,1.647500000000000000e+02,0.000000000000000000e+00
2.616000000000000103e+00,1.652500000000000000e+02,0.000000000000000000e+00
2.616000000000000103e+00,1.657500000000000000e+02,0.000000000000000000e+00
2.616000000000000103e+00,1.662500000000000000e+02,0.000000000000000000e+00
2.616000000000000103e+00,1.667500000000000000e+02,0.000000000000000000e+00
2.616000000000000103e+00,1.672500000000000000e+02,0.000000000000000000e+00
2.616000000000000103e+00,1.677500000000000000e+02,0.000000000000000000e+00
2.616000000000000103e+00,1.682500000000000000e+02,0.000000000000000000e+00
2.616000000000000103e+00,1.687500000000000000e+02,0.000000000000000000e+00
2.616000000000000103e+00,1.692500000000000000e+02,0.000000000000000000e+00
2.616000000000000103e+00,1.697500000000000000e+02,0.000000000000000000e+00
2.616000000000000103e+00,1.702500000000000000e+02,0.000000000000000000e+00
2.616000000000000103e+00,1.707500000000000000e+02,0.000000000000000000e+00
2.616000000000000103e+00,1.712500000000000000e+02,0.000000000000000000e+00
2.616000000000000103e+00,1.717500000000000000e+02,0.000000000000000000e+00
2.616000000000000103e+00,1.722500000000000000e+02,0.000000000000000000e+00
2.616000000000000103e+00,1.727500000000000000e+02,0.000000000000000000e+00
2.616000000000000103e+00,1.732500000000000000e+02,0.000000000000000000e+00
2.616000000000000103e+00,1.737500000000000000e+02,0.000000000000000000e+00
2.616000000000000103e+00,1.742500000000000000e+02,0.000000000000000000e+00
2.616000000000000103e+00,1.747500000000000000e+02,0.000000000000000000e+00
2.616000000000000103e+00,1.752500000000000000e+02,0.000000000000000000e+00
2.616000000000000103e+00,1.757500000000000000e+02,0.000000000000000000e+00
2.616000000000000103e+00,1.762500000000000000e+02,0.000000000000000000e+00
2.616000000000000103e+00,1.767500000000000000e+02,0.000000000000000000e+00
2.616000000000000103e+00,1.772500000000000000e+02,0.000000000000000000e+00
2.616000000000000103e+00,1.777500000000000000e+02,0.000000000000000000e+00
2.616000000000000103e+00,1.782500000000000000e+02,0.000000000000000000e+00
2.616000000000000103e+00,1.787500000000000000e+02,0.000000000000000000e+00
2.616000000000000103e+00,1.792500000000000000e+02,0.000000000000000000e+00
2.616000000000000103e+00,1.797500000000000000e+02,0.000000000000000000e+00
2.631999999999999673e+00,1.302500000000000000e+02,0.000000000000000000e+00
2.631999999999999673e+00,1.307500000000000000e+02,0.000000000000000000e+00
2.631999999999999673e+00,1.312500000000000000e+02,0.000000000000000000e+00
2.631999999999999673e+00,1.317500000000000000e+02,2.222222222222222099e-01
2.631999999999999673e+00,1.322500000000000000e+02,3.333333333333333148e-01
2.631999999999999673e+00,1.327500000000000000e+02,3.333333333333333148e-01
2.631999999999999673e+00,1.332500000000000000e+02,1.111111111111111188e-01
2.631999999999999673e+00,1.337500000000000000e+02,1.850371707708594131e-17
2.631999999999999673e+00,1.342500000000000000e+02,1.850371707708594131e-17
2.631999999999999673e+00,1.347500000000000000e+02,1.850371707708594131e-17
2.631999999999999673e+00,1.352500000000000000e+02,1.850371707708594131e-17
2.631999999999999673e+00,1.357500000000000000e+02,1.850371707708594131e-17
2.631999999999999673e+00,1.362500000000000000e+02,1.850371707708594131e-17
2.631999999999999673e+00,1.367500000000000000e+02,1.850371707708594131e-17
2.631999999999999673e+00,1.372500000000000000e+02,1.850371707708594131e-17
2.631999999999999673e+00,1.377500000000000000e+02,1.850371707708594131e-17
2.631999999999999673e+00,1.382500000000000000e+02,1.850371707708594131e-17
2.631999999999999673e+00,1.387500000000000000e+02,1.850371707708594131e-17
2.631999999999999673e+00,1.392500000000000000e+02,1.850371707708594131e-17
2.631999999999999673e+00,1.397500000000000000e+02,1.850371707708594131e-17
2.631999999999999673e+00,1.402500000000000000e+02,1.850371707708594131e-17
2.631999999999999673e+00,1.407500000000000000e+02,1.850371707708594131e-17
2.631999999999999673e+00,1.412500000000000000e+02,1.850371707708594131e-17
2.631999999999999673e+00,1.417500000000000000e+02,1.850371707708594131e-17
2.631999999999999673e+00,1.422500000000000000e+02,1.850371707708594131e-17
2.631999999999999673e+00,1.427500000000000000e+02,1.850371707708594131e-17
2.631999999999999673e+00,1.432500000000000000e+02,1.850371707708594131e-17
2.631999999999999673e+00,1.437500000000000000e+02,1.850371707708594131e-17
2.631999999999999673e+00,1.442500000000000000e+02,1.850371707708594131e-17
2.631999999999999673e+00,1.447500000000000000e+02,1.850371707708594131e-17
2.631999999999999673e+00,1.452500000000000000e+02,1.850371707708594131e-17
2.631999999999999673e+00,1.457500000000000000e+02,1.850371707708594131e-17
2.631999999999999673e+00,1.462500000000000000e+02,1.850371707708594131e-17
2.631999999999999673e+00,1.467500000000000000e+02,1.850371707708594131e-17
2.631999999999999673e+00,1.472500000000000000e+02,1.850371707708594131e-17
2.631999999999999673e+00,1.477500000000000000e+02,1.850371707708594131e-17
2.631999999999999673e+00,1.482500000000000000e+02,1.850371707708594131e-17
2.631999999999999673e+00,1.487500000000000000e+02,1.850371707708594131e-17
2.631999999999999673e+00,1.492500000000000000e+02,1.850371707708594131e-17
2.631999999999999673e+00,1.497500000000000000e+02,1.850371707708594131e-17
2.631999999999999673e+00,1.502500000000000000e+02,1.850371707708594131e-17
2.631999999999999673e+00,1.507500000000000000e+02,1.850371707708594131e-17
2.631999999999999673e+00,1.512500000000000000e+02,1.850371707708594131e-17
2.631999999999999673e+00,1.517500000000000000e+02,1.850371707708594131e-17
2.631999999999999673e+00,1.522500000000000000e+02,1.850371707708594131e-17
2.631999999999999673e+00,1.527500000000000000e+02,1.850371707708594131e-17
2.631999999999999673e+00,1.532500000000000000e+02,1.850371707708594131e-17
2.631999999999999673e+00,1.537500000000000000e+02,1.850371707708594131e-17
2.631999999999999673e+00,1.542500000000000000e+02,1.850371707708594131e-17
2.631999999999999673e+00,1.547500000000000000e+02,1.850371707708594131e-17
2.631999999999999673e+00,1.552500000000000000e+02,1.850371707708594131e-17
2.631999999999999673e+00,1.557500000000000000e+02,1.850371707708594131e-17
2.631999999999999673e+00,1.562500000000000000e+02,1.111111111111111188e-01
2.631999999999999673e+00,1.567500000000000000e+02,1.111111111111111188e-01
2.631999999999999673e+00,1.572500000000000000e+02,1.111111111111111188e-01
2.631999999999999673e+00,1.577500000000000000e+02,1.850371707708594131e-17
2.631999999999999673e+00,1.582500000000000000e+02,1.850371707708594131e-17
2.631999999999999673e+00,1.587500000000000000e+02,1.850371707708594131e-17
2.631999999999999673e+00,1.592500000000000000e+02,1.850371707708594131e-17
2.631999999999999673e+00,1.597500000000000000e+02,1.111111111111111188e-01
2.631999999999999673e+00,1.602500000000000000e+02,1.111111111111111188e-01
2.631999999999999673e+00,1.607500000000000000e+02,1.111111111111111188e-01
2.631999999999999673e+00,1.612500000000000000e+02,1.850371707708594131e-17
2.631999999999999673e+00,1.617500000000000000e+02,1.850371707708594131e-17
2.631999999999999673e+00,1.622500000000000000e+02,1.850371707708594131e-17
2.631999999999999673e+00,1.627500000000000000e+02,1.850371707708594131e-17
2.631999999999999673e+00,1.632500000000000000e+02,1.850371707708594131e-17
2.631999999999999673e+00,1.637500000000000000e+02,1.850371707708594131e-17
2.631999999999999673e+00,1.642500000000000000e+02,1.850371707708594131e-17
2.631999999999999673e+00,1.647500000000000000e+02,1.850371707708594131e-17
2.631999999999999673e+00,1.652500000000000000e+02,1.850371707708594131e-17
2.631999999999999673e+00,1.657500000000000000e+02,1.850371707708594131e-17
2.631999999999999673e+00,1.662500000000000000e+02,1.850371707708594131e-17
2.631999999999999673e+00,1.667500000000000000e+02,1.850371707708594131e-17
2.631999999999999673e+00,1.672500000000000000e+02,1.850371707708594131e-17
2.631999999999999673e+00,1.677500000000000000e+02,1.850371707708594131e-17
2.631999999999999673e+00,1.682500000000000000e+02,1.850371707708594131e-17
2.631999999999999673e+00,1.687500000000000000e+02,1.850371707708594131e-17
2.631999999999999673e+00,1.692500000000000000e+02,1.850371707708594131e-17
2.631999999999999673e+00,1.697500000000000000e+02,1.850371707708594131e-17
2.631999999999999673e+00,1.702500000000000000e+02,1.850371707708594131e-17
2.631999999999999673e+00,1.707500000000000000e+02,1.850371707708594131e-17
2.631999999999999673e+00,1.712500000000000000e+02,1.850371707708594131e-17
2.631999999999999673e+00,1.717500000000000000e+02,1.850371707708594131e-17
2.631999999999999673e+00,1.722500000000000000e+02,1.850371707708594131e-17
2.631999999999999673e+00,1.727500000000000000e+02,1.850371707708594131e-17
2.631999999999999673e+00,1.732500000000000000e+02,1.850371707708594131e-17
2.631999999999999673e+00,1.737500000000000000e+02,1.850371707708594131e-17
2.631999999999999673e+00,1.742500000000000000e+02,1.850371707708594131e-17
2.631999999999999673e+00,1.747500000000000000e+02,1.850371707708594131e-17
2.631999999999999673e+00,1.752500000000000000e+02,1.850371707708594131e-17
2.631999999999999673e+00,1.757500000000000000e+02,1.850371707708594131e-17
2.631999999999999673e+00,1.762500000000000000e+02,1.850371707708594131e-17
2.631999999999999673e+00,1.767500000000000000e+02,1.850371707708594131e-17
2.631999999999999673e+00,1.772500000000000000e+02,1.850371707708594131e-17
2.631999999999999673e+00,1.777500000000000000e+02,1.850371707708594131e-17
2.631999999999999673e+00,1.782500000000000000e+02,1.850371707708594131e-17
2.631999999999999673e+00,1.787500000000000000e+02,1.850371707708594131e-17
2.631999999999999673e+00,1.792500000000000000e+02,1.850371707708594131e-17
2.631999999999999673e+00,1.797500000000000000e+02,1.850371707708594131e-17
2.647999999999999687e+00,1.302500000000000000e+02,2.222222222222222099e-01
2.647999999999999687e+00,1.307500000000000000e+02,2.222222222222222099e-01
2.647999999999999687e+00,1.312500000000000000e+02,2.222222222222222099e-01
2.647999999999999687e+00,1.317500000000000000e+02,5.555555555555554692e-01
2.647999999999999687e+00,1.322500000000000000e+02,6.666666666666666297e-01
2.647999999999999687e+00,1.327500000000000000e+02,5.555555555555554692e-01
2.647999999999999687e+00,1.332500000000000000e+02,2.222222222222221821e-01
2.647999999999999687e+00,1.337500000000000000e+02,-3.700743415417188263e-17
2.647999999999999687e+00,1.342500000000000000e+02,-3.700743415417188263e-17
2.647999999999999687e+00,1.347500000000000000e+02,-3.700743415417188263e-17
2.647999999999999687e+00,1.352500000000000000e+02,-3.700743415417188263e-17
2.647999999999999687e+00,1.357500000000000000e+02,-3.700743415417188263e-17
2.647999999999999687e+00,1.362500000000000000e+02,1.111111111111110633e-01
2.647999999999999687e+00,1.367500000000000000e+02,1.111111111111110633e-01
2.647999999999999687e+00,1.372500000000000000e+02,1.111111111111110633e-01
2.647999999999999687e+00,1.377500000000000000e+02,-3.700743415417188263e-17
2.647999999999999687e+00,1.382500000000000000e+02,-3.700743415417188263e-17
2.647999999999999687e+00,1.387500000000000000e+02,-3.700743415417188263e-17
2.647999999999999687e+00,1.392500000000000000e+02,-3.700743415417188263e-17
2.647999999999999687e+00,1.397500000000000000e+02,-3.700743415417188263e-17
2.647999999999999687e+00,1.402500000000000000e+02,-3.700743415417188263e-17
2.647999999999999687e+00,1.407500000000000000e+02,-3.700743415417188263e-17
2.647999999999999687e+00,1.412500000000000000e+02,-3.700743415417188263e-17
2.647999999999999687e+00,1.417500000000000000e+02,-3.700743415417188263e-17
2.647999999999999687e+00,1.422500000000000000e+02,-3.700743415417188263e-17
2.647999999999999687e+00,1.427500000000000000e+02,1.111111111111110633e-01
2.647999999999999687e+00,1.432500000000000000e+02,1.111111111111110633e-01
2.647999999999999687e+00,1.437500000000000000e+02,1.111111111111110633e-01
2.647999999999999687e+00,1.442500000000000000e+02,-3.700743415417188263e-17
2.647999999999999687e+00,1.447500000000000000e+02,-3.700743415417188263e-17
2.647999999999999687e+00,1.452500000000000000e+02,-3.700743415417188263e-17
2.647999999999999687e+00,1.457500000000000000e+02,-3.700743415417188263e-17
2.647999999999999687e+00,1.462500000000000000e+02,-3.700743415417188263e-17
2.647999999999999687e+00,1.467500000000000000e+02,-3.700743415417188263e-17
2.647999999999999687e+00,1.472500000000000000e+02,-3.700743415417188263e-17
2.647999999999999687e+00,1.477500000000000000e+02,-3.700743415417188263e-17
2.647999999999999687e+00,1.482500000000000000e+02,-3.700743415417188263e-17
2.647999999999999687e+00,1.487500000000000000e+02,-3.700743415417188263e-17
2.647999999999999687e+00,1.492500000000000000e+02,-3.700743415417188263e-17
2.647999999999999687e+00,1.497500000000000000e+02,-3.700743415417188263e-17
2.647999999999999687e+00,1.502500000000000000e+02,-3.700743415417188263e-17
2.647999999999999687e+00,1.507500000000000000e+02,-3.700743415417188263e-17
2.647999999999999687e+00,1.512500000000000000e+02,-3.700743415417188263e-17
2.647999999999999687e+00,1.517500000000000000e+02,-3.700743415417188263e-17
2.647999999999999687e+00,1.522500000000000000e+02,-3.700743415417188263e-17
2.647999999999999687e+00,1.527500000000000000e+02,-3.700743415417188263e-17
2.647999999999999687e+00,1.532500000000000000e+02,-3.700743415417188263e-17
2.647999999999999687e+00,1.537500000000000000e+02,-3.700743415417188263e-17
2.647999999999999687e+00,1.542500000000000000e+02,-3.700743415417188263e-17
2.647999999999999687e+00,1.547500000000000000e+02,-3.700743415417188263e-17
2.647999999999999687e+00,1.552500000000000000e+02,-3.700743415417188263e-17
2.647999999999999687e+00,1.557500000000000000e+02,-3.700743415417188263e-17
2.647999999999999687e+00,1.562500000000000000e+02,-3.700743415417188263e-17
2.647999999999999687e+00,1.567500000000000000e+02,-3.700743415417188263e-17
2.647999999999999687e+00,1.572500000000000000e+02,-3.700743415417188263e-17
2.647999999999999687e+00,1.577500000000000000e+02,-3.700743415417188263e-17
2.647999999999999687e+00,1.582500000000000000e+02,-3.700743415417188263e-17
2.647999999999999687e+00,1.587500000000000000e+02,-3.700743415417188263e-17
2.647999999999999687e+00,1.592500000000000000e+02,-3.700743415417188263e-17
2.647999999999999687e+00,1.597500000000000000e+02,1.111111111111110633e-01
2.647999999999999687e+00,1.602500000000000000e+02,1.111111111111110633e-01
2.647999999999999687e+00,1.607500000000000000e+02,1.111111111111110633e-01
2.647999999999999687e+00,1.612500000000000000e+02,-3.700743415417188263e-17
2.647999999999999687e+00,1.617500000000000000e+02,-3.700743415417188263e-17
2.647999999999999687e+00,1.622500000000000000e+02,-3.700743415417188263e-17
2.647999999999999687e+00,1.627500000000000000e+02,-3.700743415417188263e-17
2.647999999999999687e+00,1.632500000000000000e+02,-3.700743415417188263e-17
2.647999999999999687e+00,1.637500000000000000e+02,-3.700743415417188263e-17
2.647999999999999687e+00,1.642500000000000000e+02,-3.700743415417188263e-17
2.647999999999999687e+00,1.647500000000000000e+02,-3.700743415417188263e-17
2.647999999999999687e+00,1.652500000000000000e+02,-3.700743415417188263e-17
2.647999999999999687e+00,1.657500000000000000e+02,-3.700743415417188263e-17
2.647999999999999687e+00,1.662500000000000000e+02,-3.700743415417188263e-17
2.647999999999999687e+00,1.667500000000000000e+02,-3.700743415417188263e-17
2.647999999999999687e+00,1.672500000000000000e+02,-3.700743415417188263e-17
2.647999999999999687e+00,1.677500000000000000e+02,-3.700743415417188263e-17
2.647999999999999687e+00,1.682500000000000000e+02,-3.700743415417188263e-17
2.647999999999999687e+00,1.687500000000000000e+02,-3.700743415417188263e-17
2.647999999999999687e+00,1.692500000000000000e+02,-3.700743415417188263e-17
2.647999999999999687e+00,1.697500000000000000e+02,-3.700743415417188263e-17
2.647999999999999687e+00,1.702500000000000000e+02,-3.700743415417188263e-17
2.647999999999999687e+00,1.707500000000000000e+02,-3.700743415417188263e-17
2.647999999999999687e+00,1.712500000000000000e+02,-3.700743415417188263e-17
2.647999999999999687e+00,1.717500000000000000e+02,1.111111111111110633e-01
2.647999999999999687e+00,1.722500000000000000e+02,1.111111111111110633e-01
2.647999999999999687e+00,1.727500000000000000e+02,1.111111111111110633e-01
2.647999999999999687e+00,1.732500000000000000e+02,-3.700743415417188263e-17
2.647999999999999687e+00,1.737500000000000000e+02,-3.700743415417188263e-17
2.647999999999999687e+00,1.742500000000000000e+02,-3.700743415417188263e-17
2.647999999999999687e+00,1.747500000000000000e+02,-3.700743415417188263e-17
2.647999999999999687e+00,1.752500000000000000e+02,-3.700743415417188263e-17
2.647999999999999687e+00,1.757500000000000000e+02,-3.700743415417188263e-17
2.647999999999999687e+00,1.762500000000000000e+02,-3.700743415417188263e-17
2.647999999999999687e+00,1.767500000000000000e+02,-3.700743415417188263e-17
2.647999999999999687e+00,1.772500000000000000e+02,-3.700743415417188263e-17
2.647999999999999687e+00,1.777500000000000000e+02,-3.700743415417188263e-17
2.647999999999999687e+00,1.782500000000000000e+02,-3.700743415417188263e-17
2.647999999999999687e+00,1.787500000000000000e+02,-3.700743415417188263e-17
2.647999999999999687e+00,1.792500000000000000e+02,-3.700743415417188263e-17
2.647999999999999687e+00,1.797500000000000000e+02,-3.700743415417188263e-17
2.663999999999999702e+00,1.302500000000000000e+02,2.222222222222222099e-01
2.663999999999999702e+00,1.307500000000000000e+02,3.333333333333333148e-01
2.663999999999999702e+00,1.312500000000000000e+02,4.444444444444444198e-01
2.663999999999999702e+00,1.317500000000000000e+02,7.777777777777776791e-01
2.663999999999999702e+00,1.322500000000000000e+02,7.777777777777776791e-01
2.663999999999999702e+00,1.327500000000000000e+02,5.555555555555554692e-01
2.663999999999999702e+00,1.332500000000000000e+02,2.222222222222221821e-01
2.663999999999999702e+00,1.337500000000000000e+02,-3.700743415417188263e-17
2.663999999999999702e+00,1.342500000000000000e+02,1.111111111111110633e-01
2.663999999999999702e+00,1.347500000000000000e+02,1.111111111111110633e-01
2.663999999999999702e+00,1.352500000000000000e+02,1.111111111111110633e-01
2.663999999999999702e+00,1.357500000000000000e+02,-3.700743415417188263e-17
2.663999999999999702e+00,1.362500000000000000e+02,1.111111111111110633e-01
2.663999999999999702e+00,1.367500000000000000e+02,1.111111111111110633e-01
2.663999999999999702e+00,1.372500000000000000e+02,2.222222222222221821e-01
2.663999999999999702e+00,1.377500000000000000e+02,1.111111111111110633e-01
2.663999999999999702e+00,1.382500000000000000e+02,1.111111111111110633e-01
2.663999999999999702e+00,1.387500000000000000e+02,-3.700743415417188263e-17
2.663999999999999702e+00,1.392500000000000000e+02,-3.700743415417188263e-17
2.663999999999999702e+00,1.397500000000000000e+02,-3.700743415417188263e-17
2.663999999999999702e+00,1.402500000000000000e+02,-3.700743415417188263e-17
2.663999999999999702e+00,1.407500000000000000e+02,-3.700743415417188263e-17
2.663999999999999702e+00,1.412500000000000000e+02,-3.700743415417188263e-17
2.663999999999999702e+00,1.417500000000000000e+02,-3.700743415417188263e-17
2.663999999999999702e+00,1.422500000000000000e+02,-3.700743415417188263e-17
2.663999999999999702e+00,1.427500000000000000e+02,1.111111111111110633e-01
2.663999999999999702e+00,1.432500000000000000e+02,1.111111111111110633e-01
2.663999999999999702e+00,1.437500000000000000e+02,1.111111111111110633e-01
2.663999999999999702e+00,1.442500000000000000e+02,1.111111111111110633e-01
2.663999999999999702e+00,1.447500000000000000e+02,1.111111111111110633e-01
2.663999999999999702e+00,1.452500000000000000e+02,1.111111111111110633e-01
2.663999999999999702e+00,1.457500000000000000e+02,-3.700743415417188263e-17
2.663999999999999702e+00,1.462500000000000000e+02,-3.700743415417188263e-17
2.663999999999999702e+00,1.467500000000000000e+02,-3.700743415417188263e-17
2.663999999999999702e+00,1.472500000000000000e+02,-3.700743415417188263e-17
2.663999999999999702e+00,1.477500000000000000e+02,-3.700743415417188263e-17
2.663999999999999702e+00,1.482500000000000000e+02,-3.700743415417188263e-17
2.663999999999999702e+00,1.487500000000000000e+02,-3.700743415417188263e-17
2.663999999999999702e+00,1.492500000000000000e+02,-3.700743415417188263e-17
2.663999999999999702e+00,1.497500000000000000e+02,-3.700743415417188263e-17
2.663999999999999702e+00,1.502500000000000000e+02,1.111111111111110633e-01
2.663999999999999702e+00,1.507500000000000000e+02,1.111111111111110633e-01
2.663999999999999702e+00,1.512500000000000000e+02,1.111111111111110633e-01
2.663999999999999702e+00,1.517500000000000000e+02,-3.700743415417188263e-17
2.663999999999999702e+00,1.522500000000000000e+02,-3.700743415417188263e-17
2.663999999999999702e+00,1.527500000000000000e+02,-3.700743415417188263e-17
2.663999999999999702e+00,1.532500000000000000e+02,1.111111111111110633e-01
2.663999999999999702e+00,1.537500000000000000e+02,1.111111111111110633e-01
2.663999999999999702e+00,1.542500000000000000e+02,1.111111111111110633e-01
2.663999999999999702e+00,1.547500000000000000e+02,1.111111111111110633e-01
2.663999999999999702e+00,1.552500000000000000e+02,1.111111111111110633e-01
2.663999999999999702e+00,1.557500000000000000e+02,1.111111111111110633e-01
2.663999999999999702e+00,1.562500000000000000e+02,-3.700743415417188263e-17
2.663999999999999702e+00,1.567500000000000000e+02,-3.700743415417188263e-17
2.663999999999999702e+00,1.572500000000000000e+02,-3.700743415417188263e-17
2.663999999999999702e+00,1.577500000000000000e+02,-3.700743415417188263e-17
2.663999999999999702e+00,1.582500000000000000e+02,-3.700743415417188263e-17
2.663999999999999702e+00,1.587500000000000000e+02,-3.700743415417188263e-17
2.663999999999999702e+00,1.592500000000000000e+02,-3.700743415417188263e-17
2.663999999999999702e+00,1.597500000000000000e+02,-3.700743415417188263e-17
2.663999999999999702e+00,1.602500000000000000e+02,-3.700743415417188263e-17
2.663999999999999702e+00,1.607500000000000000e+02,-3.700743415417188263e-17
2.663999999999999702e+00,1.612500000000000000e+02,-3.700743415417188263e-17
2.663999999999999702e+00,1.617500000000000000e+02,-3.700743415417188263e-17
2.663999999999999702e+00,1.622500000000000000e+02,-3.700743415417188263e-17
2.663999999999999702e+00,1.627500000000000000e+02,-3.700743415417188263e-17
2.663999999999999702e+00,1.632500000000000000e+02,-3.700743415417188263e-17
2.663999999999999702e+00,1.637500000000000000e+02,-3.700743415417188263e-17
2.663999999999999702e+00,1.642500000000000000e+02,1.111111111111110633e-01
2.663999999999999702e+00,1.647500000000000000e+02,1.111111111111110633e-01
2.663999999999999702e+00,1.652500000000000000e+02,1.111111111111110633e-01
2.663999999999999702e+00,1.657500000000000000e+02,-3.700743415417188263e-17
2.663999999999999702e+00,1.662500000000000000e+02,-3.700743415417188263e-17
2.663999999999999702e+00,1.667500000000000000e+02,-3.700743415417188263e-17
2.663999999999999702e+00,1.672500000000000000e+02,-3.700743415417188263e-17
2.663999999999999702e+00,1.677500000000000000e+02,-3.700743415417188263e-17
2.663999999999999702e+00,1.682500000000000000e+02,-3.700743415417188263e-17
2.663999999999999702e+00,1.687500000000000000e+02,-3.700743415417188263e-17
2.663999999999999702e+00,1.692500000000000000e+02,-3.700743415417188263e-17
2.663999999999999702e+00,1.697500000000000000e+02,-3.700743415417188263e-17
2.663999999999999702e+00,1.702500000000000000e+02,-3.700743415417188263e-17
2.663999999999999702e+00,1.707500000000000000e+02,-3.700743415417188263e-17
2.663999999999999702e+00,1.712500000000000000e+02,-3.700743415417188263e-17
2.663999999999999702e+00,1.717500000000000000e+02,1.111111111111110633e-01
2.663999999999999702e+00,1.722500000000000000e+02,1.111111111111110633e-01
2.663999999999999702e+00,1.727500000000000000e+02,1.111111111111110633e-01
2.663999999999999702e+00,1.732500000000000000e+02,-3.700743415417188263e-17
2.663999999999999702e+00,1.737500000000000000e+02,-3.700743415417188263e-17
2.663999999999999702e+00,1.742500000000000000e+02,-3.700743415417188263e-17
2.663999999999999702e+00,1.747500000000000000e+02,-3.700743415417188263e-17
2.663999999999999702e+00,1.752500000000000000e+02,-3.700743415417188263e-17
2.663999999999999702e+00,1.757500000000000000e+02,-3.700743415417188263e-17
2.663999999999999702e+00,1.762500000000000000e+02,-3.700743415417188263e-17
2.663999999999999702e+00,1.767500000000000000e+02,-3.700743415417188263e-17
2.663999999999999702e+00,1.772500000000000000e+02,-3.700743415417188263e-17
2.663999999999999702e+00,1.777500000000000000e+02,-3.700743415417188263e-17
2.663999999999999702e+00,1.782500000000000000e+02,-3.700743415417188263e-17
2.663999999999999702e+00,1.787500000000000000e+02,-3.700743415417188263e-17
2.663999999999999702e+00,1.792500000000000000e+02,-3.700743415417188263e-17
2.663999999999999702e+00,1.797500000000000000e+02,-3.700743415417188263e-17
2.679999999999999716e+00,1.302500000000000000e+02,4.444444444444444198e-01
2.679999999999999716e+00,1.307500000000000000e+02,5.555555555555554692e-01
2.679999999999999716e+00,1.312500000000000000e+02,5.555555555555554692e-01
2.679999999999999716e+00,1.317500000000000000e+02,6.666666666666666297e-01
2.679999999999999716e+00,1.322500000000000000e+02,5.555555555555554692e-01
2.679999999999999716e+00,1.327500000000000000e+02,3.333333333333333148e-01
2.679999999999999716e+00,1.332500000000000000e+02,2.222222222222221821e-01
2.679999999999999716e+00,1.337500000000000000e+02,-3.700743415417188263e-17
2.679999999999999716e+00,1.342500000000000000e+02,1.111111111111110633e-01
2.679999999999999716e+00,1.347500000000000000e+02,1.111111111111110633e-01
2.679999999999999716e+00,1.352500000000000000e+02,1.111111111111110633e-01
2.679999999999999716e+00,1.357500000000000000e+02,-3.700743415417188263e-17
2.679999999999999716e+00,1.362500000000000000e+02,1.111111111111110633e-01
2.679999999999999716e+00,1.367500000000000000e+02,3.333333333333332593e-01
2.679999999999999716e+00,1.372500000000000000e+02,4.444444444444443643e-01
2.679999999999999716e+00,1.377500000000000000e+02,4.444444444444443643e-01
2.679999999999999716e+00,1.382500000000000000e+02,2.222222222222221266e-01
2.679999999999999716e+00,1.387500000000000000e+02,2.222222222222221266e-01
2.679999999999999716e+00,1.392500000000000000e+02,1.111111111111110356e-01
2.679999999999999716e+00,1.397500000000000000e+02,2.222222222222221266e-01
2.679999999999999716e+00,1.402500000000000000e+02,1.111111111111110356e-01
2.679999999999999716e+00,1.407500000000000000e+02,1.111111111111110356e-01
2.679999999999999716e+00,1.412500000000000000e+02,-7.401486830834376525e-17
2.679999999999999716e+00,1.417500000000000000e+02,-7.401486830834376525e-17
2.679999999999999716e+00,1.422500000000000000e+02,-7.401486830834376525e-17
2.679999999999999716e+00,1.427500000000000000e+02,2.222222222222221266e-01
2.679999999999999716e+00,1.432500000000000000e+02,3.333333333333332593e-01
2.679999999999999716e+00,1.437500000000000000e+02,3.333333333333332593e-01
2.679999999999999716e+00,1.442500000000000000e+02,2.222222222222221821e-01
2.679999999999999716e+00,1.447500000000000000e+02,2.222222222222221821e-01
2.679999999999999716e+00,1.452500000000000000e+02,2.222222222222221821e-01
2.679999999999999716e+00,1.457500000000000000e+02,1.111111111111110633e-01
2.679999999999999716e+00,1.462500000000000000e+02,-3.700743415417188263e-17
2.679999999999999716e+00,1.467500000000000000e+02,-3.700743415417188263e-17
2.679999999999999716e+00,1.472500000000000000e+02,-3.700743415417188263e-17
2.679999999999999716e+00,1.477500000000000000e+02,-3.700743415417188263e-17
2.679999999999999716e+00,1.482500000000000000e+02,-3.700743415417188263e-17
2.679999999999999716e+00,1.487500000000000000e+02,-3.700743415417188263e-17
2.679999999999999716e+00,1.492500000000000000e+02,-3.700743415417188263e-17
2.679999999999999716e+00,1.497500000000000000e+02,-3.700743415417188263e-17
2.679999999999999716e+00,1.502500000000000000e+02,1.111111111111110633e-01
2.679999999999999716e+00,1.507500000000000000e+02,1.111111111111110633e-01
2.679999999999999716e+00,1.512500000000000000e+02,1.111111111111110633e-01
2.679999999999999716e+00,1.517500000000000000e+02,-3.700743415417188263e-17
2.679999999999999716e+00,1.522500000000000000e+02,-3.700743415417188263e-17
2.679999999999999716e+00,1.527500000000000000e+02,-3.700743415417188263e-17
2.679999999999999716e+00,1.532500000000000000e+02,3.333333333333333148e-01
2.679999999999999716e+00,1.537500000000000000e+02,3.333333333333333148e-01
2.679999999999999716e+00,1.542500000000000000e+02,3.333333333333333148e-01
2.679999999999999716e+00,1.547500000000000000e+02,1.111111111111110494e-01
2.679999999999999716e+00,1.552500000000000000e+02,1.111111111111110494e-01
2.679999999999999716e+00,1.557500000000000000e+02,1.111111111111110494e-01
2.679999999999999716e+00,1.562500000000000000e+02,-5.551115123125782702e-17
2.679999999999999716e+00,1.567500000000000000e+02,-5.551115123125782702e-17
2.679999999999999716e+00,1.572500000000000000e+02,1.111111111111110494e-01
2.679999999999999716e+00,1.577500000000000000e+02,1.111111111111110494e-01
2.679999999999999716e+00,1.582500000000000000e+02,2.222222222222221821e-01
2.679999999999999716e+00,1.587500000000000000e+02,1.111111111111110633e-01
2.679999999999999716e+00,1.592500000000000000e+02,1.111111111111110633e-01
2.679999999999999716e+00,1.597500000000000000e+02,-3.700743415417188263e-17
2.679999999999999716e+00,1.602500000000000000e+02,-3.700743415417188263e-17
2.679999999999999716e+00,1.607500000000000000e+02,-3.700743415417188263e-17
2.679999999999999716e+00,1.612500000000000000e+02,-3.700743415417188263e-17
2.679999999999999716e+00,1.617500000000000000e+02,-3.700743415417188263e-17
2.679999999999999716e+00,1.622500000000000000e+02,-3.700743415417188263e-17
2.679999999999999716e+00,1.627500000000000000e+02,-3.700743415417188263e-17
2.679999999999999716e+00,1.632500000000000000e+02,-3.700743415417188263e-17
2.679999999999999716e+00,1.637500000000000000e+02,1.111111111111110633e-01
2.679999999999999716e+00,1.642500000000000000e+02,2.222222222222221821e-01
2.679999999999999716e+00,1.647500000000000000e+02,2.222222222222221821e-01
2.679999999999999716e+00,1.652500000000000000e+02,1.111111111111110633e-01
2.679999999999999716e+00,1.657500000000000000e+02,-3.700743415417188263e-17
2.679999999999999716e+00,1.662500000000000000e+02,-3.700743415417188263e-17
2.679999999999999716e+00,1.667500000000000000e+02,-3.700743415417188263e-17
2.679999999999999716e+00,1.672500000000000000e+02,-3.700743415417188263e-17
2.679999999999999716e+00,1.677500000000000000e+02,-3.700743415417188263e-17
2.679999999999999716e+00,1.682500000000000000e+02,-3.700743415417188263e-17
2.679999999999999716e+00,1.687500000000000000e+02,-3.700743415417188263e-17
2.679999999999999716e+00,1.692500000000000000e+02,-3.700743415417188263e-17
2.679999999999999716e+00,1.697500000000000000e+02,-3.700743415417188263e-17
2.679999999999999716e+00,1.702500000000000000e+02,-3.700743415417188263e-17
2.679999999999999716e+00,1.707500000000000000e+02,-3.700743415417188263e-17
2.679999999999999716e+00,1.712500000000000000e+02,-3.700743415417188263e-17
2.679999999999999716e+00,1.717500000000000000e+02,1.111111111111110633e-01
2.679999999999999716e+00,1.722500000000000000e+02,1.111111111111110633e-01
2.679999999999999716e+00,1.727500000000000000e+02,1.111111111111110633e-01
2.679999999999999716e+00,1.732500000000000000e+02,-3.700743415417188263e-17
2.679999999999999716e+00,1.737500000000000000e+02,-3.700743415417188263e-17
2.679999999999999716e+00,1.742500000000000000e+02,-3.700743415417188263e-17
2.679999999999999716e+00,1.747500000000000000e+02,-3.700743415417188263e-17
2.679999999999999716e+00,1.752500000000000000e+02,-3.700743415417188263e-17
2.679999999999999716e+00,1.757500000000000000e+02,-3.700743415417188263e-17
2.679999999999999716e+00,1.762500000000000000e+02,-3.700743415417188263e-17
2.679999999999999716e+00,1.767500000000000000e+02,-3.700743415417188263e-17
2.679999999999999716e+00,1.772500000000000000e+02,-3.700743415417188263e-17
2.679999999999999716e+00,1.777500000000000000e+02,-3.700743415417188263e-17
2.679999999999999716e+00,1.782500000000000000e+02,-3.700743415417188263e-17
2.679999999999999716e+00,1.787500000000000000e+02,-3.700743415417188263e-17
2.679999999999999716e+00,1.792500000000000000e+02,-3.700743415417188263e-17
2.679999999999999716e+00,1.797500000000000000e+02,-3.700743415417188263e-17
2.695999999999999730e+00,1.302500000000000000e+02,4.444444444444444198e-01
2.695999999999999730e+00,1.307500000000000000e+02,8.888888888888889506e-01
2.695999999999999730e+00,1.312500000000000000e+02,1.000000000000000222e+00
2.695999999999999730e+00,1.317500000000000000e+02,7.777777777777780122e-01
2.695999999999999730e+00,1.322500000000000000e+02,5.555555555555556912e-01
2.695999999999999730e+00,1.327500000000000000e+02,4.444444444444446418e-01
2.695999999999999730e+00,1.332500000000000000e+02,4.444444444444446418e-01
2.695999999999999730e+00,1.337500000000000000e+02,1.111111111111113131e-01
2.695999999999999730e+00,1.342500000000000000e+02,1.111111111111113131e-01
2.695999999999999730e+00,1.347500000000000000e+02,1.111111111111113131e-01
2.695999999999999730e+00,1.352500000000000000e+02,1.111111111111113131e-01
2.695999999999999730e+00,1.357500000000000000e+02,2.035408878479453575e-16
2.695999999999999730e+00,1.362500000000000000e+02,2.035408878479453575e-16
2.695999999999999730e+00,1.367500000000000000e+02,3.333333333333335369e-01
2.695999999999999730e+00,1.372500000000000000e+02,5.555555555555558023e-01
2.695999999999999730e+00,1.377500000000000000e+02,6.666666666666669627e-01
2.695999999999999730e+00,1.382500000000000000e+02,3.333333333333336479e-01
2.695999999999999730e+00,1.387500000000000000e+02,2.222222222222225430e-01
2.695999999999999730e+00,1.392500000000000000e+02,1.111111111111114380e-01
2.695999999999999730e+00,1.397500000000000000e+02,2.222222222222225430e-01
2.695999999999999730e+00,1.402500000000000000e+02,1.111111111111114380e-01
2.695999999999999730e+00,1.407500000000000000e+02,1.111111111111114380e-01
2.695999999999999730e+00,1.412500000000000000e+02,1.111111111111114380e-01
2.695999999999999730e+00,1.417500000000000000e+02,1.111111111111114380e-01
2.695999999999999730e+00,1.422500000000000000e+02,1.111111111111114380e-01
2.695999999999999730e+00,1.427500000000000000e+02,1.111111111111114380e-01
2.695999999999999730e+00,1.432500000000000000e+02,2.222222222222225430e-01
2.695999999999999730e+00,1.437500000000000000e+02,2.222222222222225430e-01
2.695999999999999730e+00,1.442500000000000000e+02,2.222222222222225430e-01
2.695999999999999730e+00,1.447500000000000000e+02,2.222222222222225430e-01
2.695999999999999730e+00,1.452500000000000000e+02,2.222222222222225430e-01
2.695999999999999730e+00,1.457500000000000000e+02,1.111111111111114380e-01
2.695999999999999730e+00,1.462500000000000000e+02,1.111111111111114380e-01
2.695999999999999730e+00,1.467500000000000000e+02,1.111111111111114380e-01
2.695999999999999730e+00,1.472500000000000000e+02,1.111111111111114380e-01
2.695999999999999730e+00,1.477500000000000000e+02,3.330669073875469621e-16
2.695999999999999730e+00,1.482500000000000000e+02,3.330669073875469621e-16
2.695999999999999730e+00,1.487500000000000000e+02,3.330669073875469621e-16
2.695999999999999730e+00,1.492500000000000000e+02,1.111111111111114380e-01
2.695999999999999730e+00,1.497500000000000000e+02,2.222222222222225430e-01
2.695999999999999730e+00,1.502500000000000000e+02,3.333333333333336479e-01
2.695999999999999730e+00,1.507500000000000000e+02,2.222222222222225430e-01
2.695999999999999730e+00,1.512500000000000000e+02,1.111111111111114380e-01
2.695999999999999730e+00,1.517500000000000000e+02,3.330669073875469621e-16
2.695999999999999730e+00,1.522500000000000000e+02,3.330669073875469621e-16
2.695999999999999730e+00,1.527500000000000000e+02,3.330669073875469621e-16
2.695999999999999730e+00,1.532500000000000000e+02,3.333333333333336479e-01
2.695999999999999730e+00,1.537500000000000000e+02,3.333333333333336479e-01
2.695999999999999730e+00,1.542500000000000000e+02,3.333333333333336479e-01
2.695999999999999730e+00,1.547500000000000000e+02,2.222222222222225152e-01
2.695999999999999730e+00,1.552500000000000000e+02,2.222222222222225152e-01
2.695999999999999730e+00,1.557500000000000000e+02,2.222222222222225152e-01
2.695999999999999730e+00,1.562500000000000000e+02,2.960594732333750610e-16
2.695999999999999730e+00,1.567500000000000000e+02,2.960594732333750610e-16
2.695999999999999730e+00,1.572500000000000000e+02,2.222222222222225152e-01
2.695999999999999730e+00,1.577500000000000000e+02,2.222222222222225152e-01
2.695999999999999730e+00,1.582500000000000000e+02,3.333333333333336479e-01
2.695999999999999730e+00,1.587500000000000000e+02,2.222222222222225430e-01
2.695999999999999730e+00,1.592500000000000000e+02,2.222222222222225430e-01
2.695999999999999730e+00,1.597500000000000000e+02,1.111111111111114380e-01
2.695999999999999730e+00,1.602500000000000000e+02,1.111111111111114380e-01
2.695999999999999730e+00,1.607500000000000000e+02,1.111111111111114380e-01
2.695999999999999730e+00,1.612500000000000000e+02,1.111111111111114380e-01
2.695999999999999730e+00,1.617500000000000000e+02,3.330669073875469621e-16
2.695999999999999730e+00,1.622500000000000000e+02,3.330669073875469621e-16
2.695999999999999730e+00,1.627500000000000000e+02,3.330669073875469621e-16
2.695999999999999730e+00,1.632500000000000000e+02,3.330669073875469621e-16
2.695999999999999730e+00,1.637500000000000000e+02,1.111111111111114380e-01
2.695999999999999730e+00,1.642500000000000000e+02,2.222222222222225430e-01
2.695999999999999730e+00,1.647500000000000000e+02,3.333333333333336479e-01
2.695999999999999730e+00,1.652500000000000000e+02,2.222222222222225430e-01
2.695999999999999730e+00,1.657500000000000000e+02,1.111111111111114380e-01
2.695999999999999730e+00,1.662500000000000000e+02,3.330669073875469621e-16
2.695999999999999730e+00,1.667500000000000000e+02,3.330669073875469621e-16
2.695999999999999730e+00,1.672500000000000000e+02,3.330669073875469621e-16
2.695999999999999730e+00,1.677500000000000000e+02,3.330669073875469621e-16
2.695999999999999730e+00,1.682500000000000000e+02,2.222222222222225430e-01
2.695999999999999730e+00,1.687500000000000000e+02,2.222222222222225430e-01
2.695999999999999730e+00,1.692500000000000000e+02,2.222222222222225430e-01
2.695999999999999730e+00,1.697500000000000000e+02,3.330669073875469621e-16
2.695999999999999730e+00,1.702500000000000000e+02,3.330669073875469621e-16
2.695999999999999730e+00,1.707500000000000000e+02,3.330669073875469621e-16
2.695999999999999730e+00,1.712500000000000000e+02,3.330669073875469621e-16
2.695999999999999730e+00,1.717500000000000000e+02,3.330669073875469621e-16
2.695999999999999730e+00,1.722500000000000000e+02,3.330669073875469621e-16
2.695999999999999730e+00,1.727500000000000000e+02,1.111111111111114380e-01
2.695999999999999730e+00,1.732500000000000000e+02,1.111111111111114380e-01
2.695999999999999730e+00,1.737500000000000000e+02,1.111111111111114380e-01
2.695999999999999730e+00,1.742500000000000000e+02,3.330669073875469621e-16
2.695999999999999730e+00,1.747500000000000000e+02,3.330669073875469621e-16
2.695999999999999730e+00,1.752500000000000000e+02,3.330669073875469621e-16
2.695999999999999730e+00,1.757500000000000000e+02,3.330669073875469621e-16
2.695999999999999730e+00,1.762500000000000000e+02,3.330669073875469621e-16
2.695999999999999730e+00,1.767500000000000000e+02,3.330669073875469621e-16
2.695999999999999730e+00,1.772500000000000000e+02,3.330669073875469621e-16
2.695999999999999730e+00,1.777500000000000000e+02,3.330669073875469621e-16
2.695999999999999730e+00,1.782500000000000000e+02,3.330669073875469621e-16
2.695999999999999730e+00,1.787500000000000000e+02,3.330669073875469621e-16
2.695999999999999730e+00,1.792500000000000000e+02,3.330669073875469621e-16
2.695999999999999730e+00,1.797500000000000000e+02,3.330669073875469621e-16
2.711999999999999744e+00,1.302500000000000000e+02,1.222222222222222321e+00
2.711999999999999744e+00,1.307500000000000000e+02,1.555555555555555580e+00
2.711999999999999744e+00,1.312500000000000000e+02,1.444444444444444642e+00
2.711999999999999744e+00,1.317500000000000000e+02,8.888888888888889506e-01
2.711999999999999744e+00,1.322500000000000000e+02,5.555555555555556912e-01
2.711999999999999744e+00,1.327500000000000000e+02,4.444444444444445863e-01
2.711999999999999744e+00,1.332500000000000000e+02,5.555555555555556912e-01
2.711999999999999744e+00,1.337500000000000000e+02,2.222222222222223209e-01
2.711999999999999744e+00,1.342500000000000000e+02,3.333333333333334259e-01
2.711999999999999744e+00,1.347500000000000000e+02,2.222222222222223209e-01
2.711999999999999744e+00,1.352500000000000000e+02,3.333333333333334259e-01
2.711999999999999744e+00,1.357500000000000000e+02,1.111111111111112021e-01
2.711999999999999744e+00,1.362500000000000000e+02,1.111111111111112021e-01
2.711999999999999744e+00,1.367500000000000000e+02,3.333333333333334814e-01
2.711999999999999744e+00,1.372500000000000000e+02,4.444444444444445863e-01
2.711999999999999744e+00,1.377500000000000000e+02,5.555555555555556912e-01
2.711999999999999744e+00,1.382500000000000000e+02,3.333333333333334259e-01
2.711999999999999744e+00,1.387500000000000000e+02,3.333333333333334259e-01
2.711999999999999744e+00,1.392500000000000000e+02,2.222222222222223209e-01
2.711999999999999744e+00,1.397500000000000000e+02,2.222222222222223209e-01
2.711999999999999744e+00,1.402500000000000000e+02,2.222222222222223209e-01
2.711999999999999744e+00,1.407500000000000000e+02,2.222222222222223209e-01
2.711999999999999744e+00,1.412500000000000000e+02,3.333333333333334259e-01
2.711999999999999744e+00,1.417500000000000000e+02,2.222222222222223209e-01
2.711999999999999744e+00,1.422500000000000000e+02,2.222222222222223209e-01
2.711999999999999744e+00,1.427500000000000000e+02,2.222222222222223209e-01
2.711999999999999744e+00,1.432500000000000000e+02,3.333333333333334259e-01
2.711999999999999744e+00,1.437500000000000000e+02,3.333333333333334259e-01
2.711999999999999744e+00,1.442500000000000000e+02,1.111111111111112021e-01
2.711999999999999744e+00,1.447500000000000000e+02,2.222222222222223209e-01
2.711999999999999744e+00,1.452500000000000000e+02,3.333333333333334259e-01
2.711999999999999744e+00,1.457500000000000000e+02,4.444444444444444753e-01
2.711999999999999744e+00,1.462500000000000000e+02,3.333333333333334259e-01
2.711999999999999744e+00,1.467500000000000000e+02,2.222222222222223209e-01
2.711999999999999744e+00,1.472500000000000000e+02,1.111111111111112160e-01
2.711999999999999744e+00,1.477500000000000000e+02,1.110223024625156540e-16
2.711999999999999744e+00,1.482500000000000000e+02,1.110223024625156540e-16
2.711999999999999744e+00,1.487500000000000000e+02,1.110223024625156540e-16
2.711999999999999744e+00,1.492500000000000000e+02,1.111111111111112160e-01
2.711999999999999744e+00,1.497500000000000000e+02,3.333333333333334259e-01
2.711999999999999744e+00,1.502500000000000000e+02,3.333333333333334259e-01
2.711999999999999744e+00,1.507500000000000000e+02,2.222222222222223209e-01
2.711999999999999744e+00,1.512500000000000000e+02,1.110223024625156540e-16
2.711999999999999744e+00,1.517500000000000000e+02,1.110223024625156540e-16
2.711999999999999744e+00,1.522500000000000000e+02,1.111111111111112160e-01
2.711999999999999744e+00,1.527500000000000000e+02,1.111111111111112160e-01
2.711999999999999744e+00,1.532500000000000000e+02,4.444444444444445863e-01
2.711999999999999744e+00,1.537500000000000000e+02,3.333333333333334814e-01
2.711999999999999744e+00,1.542500000000000000e+02,3.333333333333334814e-01
2.711999999999999744e+00,1.547500000000000000e+02,1.111111111111112298e-01
2.711999999999999744e+00,1.552500000000000000e+02,3.333333333333334814e-01
2.711999999999999744e+00,1.557500000000000000e+02,3.333333333333334814e-01
2.711999999999999744e+00,1.562500000000000000e+02,2.222222222222224042e-01
2.711999999999999744e+00,1.567500000000000000e+02,1.111111111111112854e-01
2.711999999999999744e+00,1.572500000000000000e+02,3.333333333333334814e-01
2.711999999999999744e+00,1.577500000000000000e+02,3.333333333333334814e-01
2.711999999999999744e+00,1.582500000000000000e+02,3.333333333333334814e-01
2.711999999999999744e+00,1.587500000000000000e+02,3.333333333333334814e-01
2.711999999999999744e+00,1.592500000000000000e+02,3.333333333333334814e-01
2.711999999999999744e+00,1.597500000000000000e+02,3.333333333333334814e-01
2.711999999999999744e+00,1.602500000000000000e+02,3.333333333333334814e-01
2.711999999999999744e+00,1.607500000000000000e+02,3.333333333333334814e-01
2.711999999999999744e+00,1.612500000000000000e+02,3.333333333333334814e-01
2.711999999999999744e+00,1.617500000000000000e+02,1.111111111111112715e-01
2.711999999999999744e+00,1.622500000000000000e+02,1.111111111111112715e-01
2.711999999999999744e+00,1.627500000000000000e+02,1.665334536937734811e-16
2.711999999999999744e+00,1.632500000000000000e+02,1.665334536937734811e-16
2.711999999999999744e+00,1.637500000000000000e+02,1.111111111111112715e-01
2.711999999999999744e+00,1.642500000000000000e+02,2.222222222222224042e-01
2.711999999999999744e+00,1.647500000000000000e+02,3.333333333333334814e-01
2.711999999999999744e+00,1.652500000000000000e+02,3.333333333333334814e-01
2.711999999999999744e+00,1.657500000000000000e+02,2.222222222222224042e-01
2.711999999999999744e+00,1.662500000000000000e+02,1.111111111111112854e-01
2.711999999999999744e+00,1.667500000000000000e+02,1.850371707708594316e-16
2.711999999999999744e+00,1.672500000000000000e+02,1.111111111111112854e-01
2.711999999999999744e+00,1.677500000000000000e+02,1.111111111111112854e-01
2.711999999999999744e+00,1.682500000000000000e+02,3.333333333333334814e-01
2.711999999999999744e+00,1.687500000000000000e+02,2.222222222222224042e-01
2.711999999999999744e+00,1.692500000000000000e+02,2.222222222222224042e-01
2.711999999999999744e+00,1.697500000000000000e+02,1.850371707708594316e-16
2.711999999999999744e+00,1.702500000000000000e+02,1.850371707708594316e-16
2.711999999999999744e+00,1.707500000000000000e+02,1.111111111111112854e-01
2.711999999999999744e+00,1.712500000000000000e+02,1.111111111111112854e-01
2.711999999999999744e+00,1.717500000000000000e+02,1.111111111111112854e-01
2.711999999999999744e+00,1.722500000000000000e+02,1.850371707708594316e-16
2.711999999999999744e+00,1.727500000000000000e+02,1.111111111111112854e-01
2.711999999999999744e+00,1.732500000000000000e+02,1.111111111111112854e-01
2.711999999999999744e+00,1.737500000000000000e+02,1.111111111111112854e-01
2.711999999999999744e+00,1.742500000000000000e+02,1.850371707708594316e-16
2.711999999999999744e+00,1.747500000000000000e+02,1.850371707708594316e-16
2.711999999999999744e+00,1.752500000000000000e+02,1.850371707708594316e-16
2.711999999999999744e+00,1.757500000000000000e+02,1.111111111111112854e-01
2.711999999999999744e+00,1.762500000000000000e+02,1.111111111111112854e-01
2.711999999999999744e+00,1.767500000000000000e+02,2.222222222222224042e-01
2.711999999999999744e+00,1.772500000000000000e+02,1.111111111111112854e-01
2.711999999999999744e+00,1.777500000000000000e+02,1.111111111111112854e-01
2.711999999999999744e+00,1.782500000000000000e+02,1.850371707708594316e-16
2.711999999999999744e+00,1.787500000000000000e+02,1.850371707708594316e-16
2.711999999999999744e+00,1.792500000000000000e+02,1.850371707708594316e-16
2.711999999999999744e+00,1.797500000000000000e+02,1.850371707708594316e-16
2.727999999999999758e+00,1.302500000000000000e+02,1.222222222222222321e+00
2.727999999999999758e+00,1.307500000000000000e+02,1.555555555555555580e+00
2.727999999999999758e+00,1.312500000000000000e+02,1.444444444444444642e+00
2.727999999999999758e+00,1.317500000000000000e+02,8.888888888888889506e-01
2.727999999999999758e+00,1.322500000000000000e+02,6.666666666666666297e-01
2.727999999999999758e+00,1.327500000000000000e+02,6.666666666666666297e-01
2.727999999999999758e+00,1.332500000000000000e+02,1.000000000000000000e+00
2.727999999999999758e+00,1.337500000000000000e+02,5.555555555555555802e-01
2.727999999999999758e+00,1.342500000000000000e+02,5.555555555555555802e-01
2.727999999999999758e+00,1.347500000000000000e+02,2.222222222222222376e-01
2.727999999999999758e+00,1.352500000000000000e+02,4.444444444444444753e-01
2.727999999999999758e+00,1.357500000000000000e+02,2.222222222222222932e-01
2.727999999999999758e+00,1.362500000000000000e+02,3.333333333333334259e-01
2.727999999999999758e+00,1.367500000000000000e+02,2.222222222222223209e-01
2.727999999999999758e+00,1.372500000000000000e+02,4.444444444444444753e-01
2.727999999999999758e+00,1.377500000000000000e+02,6.666666666666666297e-01
2.727999999999999758e+00,1.382500000000000000e+02,6.666666666666666297e-01
2.727999999999999758e+00,1.387500000000000000e+02,4.444444444444444753e-01
2.727999999999999758e+00,1.392500000000000000e+02,1.111111111111111605e-01
2.727999999999999758e+00,1.397500000000000000e+02,5.551115123125782702e-17
2.727999999999999758e+00,1.402500000000000000e+02,2.222222222222222376e-01
2.727999999999999758e+00,1.407500000000000000e+02,2.222222222222222376e-01
2.727999999999999758e+00,1.412500000000000000e+02,4.444444444444444753e-01
2.727999999999999758e+00,1.417500000000000000e+02,2.222222222222222932e-01
2.727999999999999758e+00,1.422500000000000000e+02,2.222222222222222932e-01
2.727999999999999758e+00,1.427500000000000000e+02,1.111111111111111743e-01
2.727999999999999758e+00,1.432500000000000000e+02,1.111111111111111743e-01
2.727999999999999758e+00,1.437500000000000000e+02,1.111111111111111743e-01
2.727999999999999758e+00,1.442500000000000000e+02,1.111111111111111743e-01
2.727999999999999758e+00,1.447500000000000000e+02,2.222222222222222932e-01
2.727999999999999758e+00,1.452500000000000000e+02,3.333333333333334259e-01
2.727999999999999758e+00,1.457500000000000000e+02,3.333333333333334259e-01
2.727999999999999758e+00,1.462500000000000000e+02,4.444444444444444753e-01
2.727999999999999758e+00,1.467500000000000000e+02,3.333333333333334259e-01
2.727999999999999758e+00,1.472500000000000000e+02,2.222222222222223209e-01
2.727999999999999758e+00,1.477500000000000000e+02,1.111111111111112160e-01
2.727999999999999758e+00,1.482500000000000000e+02,1.111111111111112160e-01
2.727999999999999758e+00,1.487500000000000000e+02,2.222222222222223209e-01
2.727999999999999758e+00,1.492500000000000000e+02,2.222222222222223209e-01
2.727999999999999758e+00,1.497500000000000000e+02,4.444444444444444753e-01
2.727999999999999758e+00,1.502500000000000000e+02,3.333333333333334259e-01
2.727999999999999758e+00,1.507500000000000000e+02,4.444444444444444753e-01
2.727999999999999758e+00,1.512500000000000000e+02,2.222222222222222932e-01
2.727999999999999758e+00,1.517500000000000000e+02,2.222222222222222932e-01
2.727999999999999758e+00,1.522500000000000000e+02,3.333333333333334259e-01
2.727999999999999758e+00,1.527500000000000000e+02,4.444444444444444753e-01
2.727999999999999758e+00,1.532500000000000000e+02,5.555555555555555802e-01
2.727999999999999758e+00,1.537500000000000000e+02,2.222222222222222376e-01
2.727999999999999758e+00,1.542500000000000000e+02,1.111111111111111466e-01
2.727999999999999758e+00,1.547500000000000000e+02,3.333333333333334259e-01
2.727999999999999758e+00,1.552500000000000000e+02,6.666666666666666297e-01
2.727999999999999758e+00,1.557500000000000000e+02,7.777777777777777901e-01
2.727999999999999758e+00,1.562500000000000000e+02,4.444444444444444753e-01
2.727999999999999758e+00,1.567500000000000000e+02,3.333333333333333148e-01
2.727999999999999758e+00,1.572500000000000000e+02,3.333333333333333148e-01
2.727999999999999758e+00,1.577500000000000000e+02,5.555555555555554692e-01
2.727999999999999758e+00,1.582500000000000000e+02,3.333333333333333148e-01
2.727999999999999758e+00,1.587500000000000000e+02,4.444444444444444198e-01
2.727999999999999758e+00,1.592500000000000000e+02,2.222222222222222099e-01
2.727999999999999758e+00,1.597500000000000000e+02,3.333333333333333148e-01
2.727999999999999758e+00,1.602500000000000000e+02,4.444444444444444753e-01
2.727999999999999758e+00,1.607500000000000000e+02,4.444444444444444753e-01
2.727999999999999758e+00,1.612500000000000000e+02,4.444444444444444753e-01
2.727999999999999758e+00,1.617500000000000000e+02,3.333333333333333148e-01
2.727999999999999758e+00,1.622500000000000000e+02,3.333333333333333148e-01
2.727999999999999758e+00,1.627500000000000000e+02,2.222222222222222376e-01
2.727999999999999758e+00,1.632500000000000000e+02,3.700743415417188263e-17
2.727999999999999758e+00,1.637500000000000000e+02,3.700743415417188263e-17
2.727999999999999758e+00,1.642500000000000000e+02,2.222222222222222376e-01
2.727999999999999758e+00,1.647500000000000000e+02,4.444444444444444753e-01
2.727999999999999758e+00,1.652500000000000000e+02,5.555555555555555802e-01
2.727999999999999758e+00,1.657500000000000000e+02,3.333333333333333148e-01
2.727999999999999758e+00,1.662500000000000000e+02,2.222222222222222376e-01
2.727999999999999758e+00,1.667500000000000000e+02,1.111111111111111466e-01
2.727999999999999758e+00,1.672500000000000000e+02,3.333333333333333148e-01
2.727999999999999758e+00,1.677500000000000000e+02,2.222222222222222376e-01
2.727999999999999758e+00,1.682500000000000000e+02,5.555555555555555802e-01
2.727999999999999758e+00,1.687500000000000000e+02,3.333333333333333148e-01
2.727999999999999758e+00,1.692500000000000000e+02,3.333333333333333148e-01
2.727999999999999758e+00,1.697500000000000000e+02,0.000000000000000000e+00
2.727999999999999758e+00,1.702500000000000000e+02,0.000000000000000000e+00
2.727999999999999758e+00,1.707500000000000000e+02,2.222222222222222099e-01
2.727999999999999758e+00,1.712500000000000000e+02,2.222222222222222099e-01
2.727999999999999758e+00,1.717500000000000000e+02,2.222222222222222099e-01
2.727999999999999758e+00,1.722500000000000000e+02,0.000000000000000000e+00
2.727999999999999758e+00,1.727500000000000000e+02,1.111111111111111049e-01
2.727999999999999758e+00,1.732500000000000000e+02,2.222222222222222099e-01
2.727999999999999758e+00,1.737500000000000000e+02,2.222222222222222099e-01
2.727999999999999758e+00,1.742500000000000000e+02,1.111111111111111049e-01
2.727999999999999758e+00,1.747500000000000000e+02,0.000000000000000000e+00
2.727999999999999758e+00,1.752500000000000000e+02,0.000000000000000000e+00
2.727999999999999758e+00,1.757500000000000000e+02,1.111111111111111049e-01
2.727999999999999758e+00,1.762500000000000000e+02,1.111111111111111049e-01
2.727999999999999758e+00,1.767500000000000000e+02,2.222222222222222099e-01
2.727999999999999758e+00,1.772500000000000000e+02,1.111111111111111049e-01
2.727999999999999758e+00,1.777500000000000000e+02,1.111111111111111049e-01
2.727999999999999758e+00,1.782500000000000000e+02,0.000000000000000000e+00
2.727999999999999758e+00,1.787500000000000000e+02,0.000000000000000000e+00
2.727999999999999758e+00,1.792500000000000000e+02,0.000000000000000000e+00
2.727999999999999758e+00,1.797500000000000000e+02,0.000000000000000000e+00
2.743999999999999773e+00,1.302500000000000000e+02,1.666666666666666741e+00
2.743999999999999773e+00,1.307500000000000000e+02,1.444444444444444420e+00
2.743999999999999773e+00,1.312500000000000000e+02,1.111111111111110938e+00
2.743999999999999773e+00,1.317500000000000000e+02,9.999999999999998890e-01
2.743999999999999773e+00,1.322500000000000000e+02,8.888888888888887285e-01
2.743999999999999773e+00,1.327500000000000000e+02,7.777777777777775681e-01
2.743999999999999773e+00,1.332500000000000000e+02,1.111111111111110938e+00
2.743999999999999773e+00,1.337500000000000000e+02,7.777777777777775681e-01
2.743999999999999773e+00,1.342500000000000000e+02,8.888888888888887285e-01
2.743999999999999773e+00,1.347500000000000000e+02,3.333333333333330928e-01
2.743999999999999773e+00,1.352500000000000000e+02,6.666666666666664076e-01
2.743999999999999773e+00,1.357500000000000000e+02,4.444444444444441977e-01
2.743999999999999773e+00,1.362500000000000000e+02,6.666666666666664076e-01
2.743999999999999773e+00,1.367500000000000000e+02,5.555555555555552472e-01
2.743999999999999773e+00,1.372500000000000000e+02,5.555555555555552472e-01
2.743999999999999773e+00,1.377500000000000000e+02,7.777777777777773460e-01
2.743999999999999773e+00,1.382500000000000000e+02,6.666666666666662966e-01
2.743999999999999773e+00,1.387500000000000000e+02,5.555555555555552472e-01
2.743999999999999773e+00,1.392500000000000000e+02,1.111111111111107858e-01
2.743999999999999773e+00,1.397500000000000000e+02,1.111111111111107858e-01
2.743999999999999773e+00,1.402500000000000000e+02,3.333333333333329818e-01
2.743999999999999773e+00,1.407500000000000000e+02,3.333333333333329818e-01
2.743999999999999773e+00,1.412500000000000000e+02,3.333333333333329818e-01
2.743999999999999773e+00,1.417500000000000000e+02,1.111111111111107858e-01
2.743999999999999773e+00,1.422500000000000000e+02,3.333333333333329818e-01
2.743999999999999773e+00,1.427500000000000000e+02,5.555555555555552472e-01
2.743999999999999773e+00,1.432500000000000000e+02,6.666666666666662966e-01
2.743999999999999773e+00,1.437500000000000000e+02,6.666666666666662966e-01
2.743999999999999773e+00,1.442500000000000000e+02,5.555555555555552472e-01
2.743999999999999773e+00,1.447500000000000000e+02,6.666666666666662966e-01
2.743999999999999773e+00,1.452500000000000000e+02,6.666666666666662966e-01
2.743999999999999773e+00,1.457500000000000000e+02,5.555555555555552472e-01
2.743999999999999773e+00,1.462500000000000000e+02,4.444444444444441422e-01
2.743999999999999773e+00,1.467500000000000000e+02,2.222222222222219046e-01
2.743999999999999773e+00,1.472500000000000000e+02,2.222222222222219046e-01
2.743999999999999773e+00,1.477500000000000000e+02,2.222222222222219046e-01
2.743999999999999773e+00,1.482500000000000000e+02,2.222222222222219046e-01
2.743999999999999773e+00,1.487500000000000000e+02,4.444444444444441977e-01
2.743999999999999773e+00,1.492500000000000000e+02,3.333333333333330928e-01
2.743999999999999773e+00,1.497500000000000000e+02,5.555555555555553582e-01
2.743999999999999773e+00,1.502500000000000000e+02,3.333333333333330928e-01
2.743999999999999773e+00,1.507500000000000000e+02,5.555555555555553582e-01
2.743999999999999773e+00,1.512500000000000000e+02,4.444444444444442532e-01
2.743999999999999773e+00,1.517500000000000000e+02,6.666666666666665186e-01
2.743999999999999773e+00,1.522500000000000000e+02,8.888888888888887285e-01
2.743999999999999773e+00,1.527500000000000000e+02,1.111111111111110938e+00
2.743999999999999773e+00,1.532500000000000000e+02,1.111111111111110938e+00
2.743999999999999773e+00,1.537500000000000000e+02,7.777777777777776791e-01
2.743999999999999773e+00,1.542500000000000000e+02,5.555555555555554692e-01
2.743999999999999773e+00,1.547500000000000000e+02,5.555555555555554692e-01
2.743999999999999773e+00,1.552500000000000000e+02,7.777777777777776791e-01
2.743999999999999773e+00,1.557500000000000000e+02,7.777777777777776791e-01
2.743999999999999773e+00,1.562500000000000000e+02,6.666666666666665186e-01
2.743999999999999773e+00,1.567500000000000000e+02,6.666666666666665186e-01
2.743999999999999773e+00,1.572500000000000000e+02,5.555555555555554692e-01
2.743999999999999773e+00,1.577500000000000000e+02,6.666666666666665186e-01
2.743999999999999773e+00,1.582500000000000000e+02,3.333333333333332038e-01
2.743999999999999773e+00,1.587500000000000000e+02,4.444444444444442532e-01
2.743999999999999773e+00,1.592500000000000000e+02,1.111111111111109384e-01
2.743999999999999773e+00,1.597500000000000000e+02,2.222222222222220156e-01
2.743999999999999773e+00,1.602500000000000000e+02,4.444444444444442532e-01
2.743999999999999773e+00,1.607500000000000000e+02,7.777777777777776791e-01
2.743999999999999773e+00,1.612500000000000000e+02,8.888888888888888395e-01
2.743999999999999773e+00,1.617500000000000000e+02,1.000000000000000000e+00
2.743999999999999773e+00,1.622500000000000000e+02,6.666666666666666297e-01
2.743999999999999773e+00,1.627500000000000000e+02,5.555555555555555802e-01
2.743999999999999773e+00,1.632500000000000000e+02,2.222222222222222376e-01
2.743999999999999773e+00,1.637500000000000000e+02,3.333333333333333148e-01
2.743999999999999773e+00,1.642500000000000000e+02,5.555555555555555802e-01
2.743999999999999773e+00,1.647500000000000000e+02,6.666666666666666297e-01
2.743999999999999773e+00,1.652500000000000000e+02,6.666666666666666297e-01
2.743999999999999773e+00,1.657500000000000000e+02,3.333333333333333148e-01
2.743999999999999773e+00,1.662500000000000000e+02,5.555555555555554692e-01
2.743999999999999773e+00,1.667500000000000000e+02,4.444444444444444198e-01
2.743999999999999773e+00,1.672500000000000000e+02,6.666666666666666297e-01
2.743999999999999773e+00,1.677500000000000000e+02,2.222222222222222376e-01
2.743999999999999773e+00,1.682500000000000000e+02,4.444444444444444753e-01
2.743999999999999773e+00,1.687500000000000000e+02,2.222222222222222932e-01
2.743999999999999773e+00,1.692500000000000000e+02,2.222222222222222932e-01
2.743999999999999773e+00,1.697500000000000000e+02,7.401486830834376525e-17
2.743999999999999773e+00,1.702500000000000000e+02,1.111111111111111743e-01
2.743999999999999773e+00,1.707500000000000000e+02,4.444444444444444753e-01
2.743999999999999773e+00,1.712500000000000000e+02,4.444444444444444753e-01
2.743999999999999773e+00,1.717500000000000000e+02,3.333333333333334259e-01
2.743999999999999773e+00,1.722500000000000000e+02,1.111111111111111605e-01
2.743999999999999773e+00,1.727500000000000000e+02,2.222222222222222376e-01
2.743999999999999773e+00,1.732500000000000000e+02,3.333333333333333148e-01
2.743999999999999773e+00,1.737500000000000000e+02,3.333333333333333148e-01
2.743999999999999773e+00,1.742500000000000000e+02,3.333333333333333148e-01
2.743999999999999773e+00,1.747500000000000000e+02,2.222222222222222376e-01
2.743999999999999773e+00,1.752500000000000000e+02,4.444444444444444753e-01
2.743999999999999773e+00,1.757500000000000000e+02,4.444444444444444753e-01
2.743999999999999773e+00,1.762500000000000000e+02,4.444444444444444753e-01
2.743999999999999773e+00,1.767500000000000000e+02,3.333333333333333148e-01
2.743999999999999773e+00,1.772500000000000000e+02,2.222222222222222376e-01
2.743999999999999773e+00,1.777500000000000000e+02,2.222222222222222376e-01
2.743999999999999773e+00,1.782500000000000000e+02,3.700743415417188263e-17
2.743999999999999773e+00,1.787500000000000000e+02,3.700743415417188263e-17
2.743999999999999773e+00,1.792500000000000000e+02,3.700743415417188263e-17
2.743999999999999773e+00,1.797500000000000000e+02,3.700743415417188263e-17
2.759999999999999787e+00,1.302500000000000000e+02,1.333333333333333259e+00
2.759999999999999787e+00,1.307500000000000000e+02,1.111111111111110938e+00
2.759999999999999787e+00,1.312500000000000000e+02,7.777777777777776791e-01
2.759999999999999787e+00,1.317500000000000000e+02,8.888888888888888395e-01
2.759999999999999787e+00,1.322500000000000000e+02,7.777777777777776791e-01
2.759999999999999787e+00,1.327500000000000000e+02,8.888888888888888395e-01
2.759999999999999787e+00,1.332500000000000000e+02,1.111111111111110938e+00
2.759999999999999787e+00,1.337500000000000000e+02,1.111111111111110938e+00
2.759999999999999787e+00,1.342500000000000000e+02,9.999999999999998890e-01
2.759999999999999787e+00,1.347500000000000000e+02,5.555555555555553582e-01
2.759999999999999787e+00,1.352500000000000000e+02,6.666666666666665186e-01
2.759999999999999787e+00,1.357500000000000000e+02,5.555555555555554692e-01
2.759999999999999787e+00,1.362500000000000000e+02,7.777777777777776791e-01
2.759999999999999787e+00,1.367500000000000000e+02,8.888888888888887285e-01
2.759999999999999787e+00,1.372500000000000000e+02,9.999999999999998890e-01
2.759999999999999787e+00,1.377500000000000000e+02,1.111111111111110938e+00
2.759999999999999787e+00,1.382500000000000000e+02,6.666666666666666297e-01
2.759999999999999787e+00,1.387500000000000000e+02,6.666666666666666297e-01
2.759999999999999787e+00,1.392500000000000000e+02,3.333333333333332593e-01
2.759999999999999787e+00,1.397500000000000000e+02,6.666666666666666297e-01
2.759999999999999787e+00,1.402500000000000000e+02,7.777777777777776791e-01
2.759999999999999787e+00,1.407500000000000000e+02,7.777777777777776791e-01
2.759999999999999787e+00,1.412500000000000000e+02,5.555555555555554692e-01
2.759999999999999787e+00,1.417500000000000000e+02,3.333333333333332038e-01
2.759999999999999787e+00,1.422500000000000000e+02,4.444444444444442532e-01
2.759999999999999787e+00,1.427500000000000000e+02,5.555555555555553582e-01
2.759999999999999787e+00,1.432500000000000000e+02,7.777777777777776791e-01
2.759999999999999787e+00,1.437500000000000000e+02,8.888888888888888395e-01
2.759999999999999787e+00,1.442500000000000000e+02,1.222222222222222099e+00
2.759999999999999787e+00,1.447500000000000000e+02,1.111111111111110938e+00
2.759999999999999787e+00,1.452500000000000000e+02,1.111111111111110938e+00
2.759999999999999787e+00,1.457500000000000000e+02,8.888888888888887285e-01
2.759999999999999787e+00,1.462500000000000000e+02,8.888888888888887285e-01
2.759999999999999787e+00,1.467500000000000000e+02,5.555555555555553582e-01
2.759999999999999787e+00,1.472500000000000000e+02,5.555555555555553582e-01
2.759999999999999787e+00,1.477500000000000000e+02,4.444444444444442532e-01
2.759999999999999787e+00,1.482500000000000000e+02,6.666666666666665186e-01
2.759999999999999787e+00,1.487500000000000000e+02,7.777777777777776791e-01
2.759999999999999787e+00,1.492500000000000000e+02,7.777777777777776791e-01
2.759999999999999787e+00,1.497500000000000000e+02,8.888888888888888395e-01
2.759999999999999787e+00,1.502500000000000000e+02,6.666666666666666297e-01
2.759999999999999787e+00,1.507500000000000000e+02,8.888888888888889506e-01
2.759999999999999787e+00,1.512500000000000000e+02,1.000000000000000000e+00
2.759999999999999787e+00,1.517500000000000000e+02,1.222222222222222099e+00
2.759999999999999787e+00,1.522500000000000000e+02,1.333333333333333259e+00
2.759999999999999787e+00,1.527500000000000000e+02,1.555555555555555580e+00
2.759999999999999787e+00,1.532500000000000000e+02,1.444444444444444642e+00
2.759999999999999787e+00,1.537500000000000000e+02,1.111111111111111382e+00
2.759999999999999787e+00,1.542500000000000000e+02,6.666666666666668517e-01
2.759999999999999787e+00,1.547500000000000000e+02,7.777777777777780122e-01
2.759999999999999787e+00,1.552500000000000000e+02,8.888888888888891726e-01
2.759999999999999787e+00,1.557500000000000000e+02,1.000000000000000222e+00
2.759999999999999787e+00,1.562500000000000000e+02,7.777777777777781232e-01
2.759999999999999787e+00,1.567500000000000000e+02,1.222222222222222543e+00
2.759999999999999787e+00,1.572500000000000000e+02,1.111111111111111382e+00
2.759999999999999787e+00,1.577500000000000000e+02,1.444444444444444642e+00
2.759999999999999787e+00,1.582500000000000000e+02,1.000000000000000222e+00
2.759999999999999787e+00,1.587500000000000000e+02,1.000000000000000222e+00
2.759999999999999787e+00,1.592500000000000000e+02,4.444444444444445863e-01
2.759999999999999787e+00,1.597500000000000000e+02,6.666666666666668517e-01
2.759999999999999787e+00,1.602500000000000000e+02,7.777777777777780122e-01
2.759999999999999787e+00,1.607500000000000000e+02,1.333333333333333703e+00
2.759999999999999787e+00,1.612500000000000000e+02,1.222222222222222543e+00
2.759999999999999787e+00,1.617500000000000000e+02,1.333333333333333703e+00
2.759999999999999787e+00,1.622500000000000000e+02,1.000000000000000222e+00
2.759999999999999787e+00,1.627500000000000000e+02,8.888888888888891726e-01
2.759999999999999787e+00,1.632500000000000000e+02,7.777777777777780122e-01
2.759999999999999787e+00,1.637500000000000000e+02,7.777777777777780122e-01
2.759999999999999787e+00,1.642500000000000000e+02,1.333333333333333703e+00
2.759999999999999787e+00,1.647500000000000000e+02,1.333333333333333703e+00
2.759999999999999787e+00,1.652500000000000000e+02,1.333333333333333703e+00
2.759999999999999787e+00,1.657500000000000000e+02,6.666666666666669627e-01
2.759999999999999787e+00,1.662500000000000000e+02,1.111111111111111382e+00
2.759999999999999787e+00,1.667500000000000000e+02,1.111111111111111382e+00
2.759999999999999787e+00,1.672500000000000000e+02,1.444444444444444642e+00
2.759999999999999787e+00,1.677500000000000000e+02,8.888888888888889506e-01
2.759999999999999787e+00,1.682500000000000000e+02,8.888888888888889506e-01
2.759999999999999787e+00,1.687500000000000000e+02,4.444444444444445863e-01
2.759999999999999787e+00,1.692500000000000000e+02,5.555555555555556912e-01
2.759999999999999787e+00,1.697500000000000000e+02,7.777777777777777901e-01
2.759999999999999787e+00,1.702500000000000000e+02,1.000000000000000000e+00
2.759999999999999787e+00,1.707500000000000000e+02,8.888888888888888395e-01
2.759999999999999787e+00,1.712500000000000000e+02,5.555555555555554692e-01
2.759999999999999787e+00,1.717500000000000000e+02,5.555555555555554692e-01
2.759999999999999787e+00,1.722500000000000000e+02,5.555555555555554692e-01
2.759999999999999787e+00,1.727500000000000000e+02,5.555555555555554692e-01
2.759999999999999787e+00,1.732500000000000000e+02,4.444444444444444198e-01
2.759999999999999787e+00,1.737500000000000000e+02,3.333333333333333148e-01
2.759999999999999787e+00,1.742500000000000000e+02,4.444444444444444198e-01
2.759999999999999787e+00,1.747500000000000000e+02,4.444444444444444198e-01
2.759999999999999787e+00,1.752500000000000000e+02,6.666666666666666297e-01
2.759999999999999787e+00,1.757500000000000000e+02,5.555555555555555802e-01
2.759999999999999787e+00,1.762500000000000000e+02,4.444444444444444753e-01
2.759999999999999787e+00,1.767500000000000000e+02,2.222222222222222376e-01
2.759999999999999787e+00,1.772500000000000000e+02,3.333333333333333148e-01
2.759999999999999787e+00,1.777500000000000000e+02,3.333333333333333148e-01
2.759999999999999787e+00,1.782500000000000000e+02,3.333333333333333148e-01
2.759999999999999787e+00,1.787500000000000000e+02,1.111111111111111188e-01
2.759999999999999787e+00,1.792500000000000000e+02,1.111111111111111188e-01
2.759999999999999787e+00,1.797500000000000000e+02,1.850371707708594131e-17
2.775999999999999801e+00,1.302500000000000000e+02,1.333333333333333259e+00
2.775999999999999801e+00,1.307500000000000000e+02,1.222222222222222321e+00
2.775999999999999801e+00,1.312500000000000000e+02,1.111111111111111382e+00
2.775999999999999801e+00,1.317500000000000000e+02,1.111111111111111382e+00
2.775999999999999801e+00,1.322500000000000000e+02,1.111111111111111382e+00
2.775999999999999801e+00,1.327500000000000000e+02,1.222222222222222321e+00
2.775999999999999801e+00,1.332500000000000000e+02,1.222222222222222321e+00
2.775999999999999801e+00,1.337500000000000000e+02,1.333333333333333259e+00
2.775999999999999801e+00,1.342500000000000000e+02,1.111111111111111160e+00
2.775999999999999801e+00,1.347500000000000000e+02,1.000000000000000000e+00
2.775999999999999801e+00,1.352500000000000000e+02,7.777777777777777901e-01
2.775999999999999801e+00,1.357500000000000000e+02,7.777777777777777901e-01
2.775999999999999801e+00,1.362500000000000000e+02,7.777777777777777901e-01
2.775999999999999801e+00,1.367500000000000000e+02,1.111111111111111160e+00
2.775999999999999801e+00,1.372500000000000000e+02,1.000000000000000000e+00
2.775999999999999801e+00,1.377500000000000000e+02,7.777777777777776791e-01
2.775999999999999801e+00,1.382500000000000000e+02,4.444444444444443643e-01
2.775999999999999801e+00,1.387500000000000000e+02,6.666666666666666297e-01
2.775999999999999801e+00,1.392500000000000000e+02,7.777777777777776791e-01
2.775999999999999801e+00,1.397500000000000000e+02,9.999999999999998890e-01
2.775999999999999801e+00,1.402500000000000000e+02,9.999999999999998890e-01
2.775999999999999801e+00,1.407500000000000000e+02,9.999999999999998890e-01
2.775999999999999801e+00,1.412500000000000000e+02,8.888888888888887285e-01
2.775999999999999801e+00,1.417500000000000000e+02,1.222222222222222099e+00
2.775999999999999801e+00,1.422500000000000000e+02,1.333333333333333259e+00
2.775999999999999801e+00,1.427500000000000000e+02,1.444444444444444420e+00
2.775999999999999801e+00,1.432500000000000000e+02,1.333333333333333259e+00
2.775999999999999801e+00,1.437500000000000000e+02,1.444444444444444420e+00
2.775999999999999801e+00,1.442500000000000000e+02,1.666666666666666741e+00
2.775999999999999801e+00,1.447500000000000000e+02,1.555555555555555358e+00
2.775999999999999801e+00,1.452500000000000000e+02,1.666666666666666741e+00
2.775999999999999801e+00,1.457500000000000000e+02,1.333333333333333259e+00
2.775999999999999801e+00,1.462500000000000000e+02,1.333333333333333259e+00
2.775999999999999801e+00,1.467500000000000000e+02,8.888888888888888395e-01
2.775999999999999801e+00,1.472500000000000000e+02,8.888888888888888395e-01
2.775999999999999801e+00,1.477500000000000000e+02,7.777777777777776791e-01
2.775999999999999801e+00,1.482500000000000000e+02,1.000000000000000000e+00
2.775999999999999801e+00,1.487500000000000000e+02,1.333333333333333259e+00
2.775999999999999801e+00,1.492500000000000000e+02,1.777777777777777901e+00
2.775999999999999801e+00,1.497500000000000000e+02,2.222222222222222765e+00
2.775999999999999801e+00,1.502500000000000000e+02,2.111111111111111605e+00
2.775999999999999801e+00,1.507500000000000000e+02,1.777777777777778345e+00
2.775999999999999801e+00,1.512500000000000000e+02,1.555555555555556024e+00
2.775999999999999801e+00,1.517500000000000000e+02,1.666666666666666963e+00
2.775999999999999801e+00,1.522500000000000000e+02,1.666666666666666963e+00
2.775999999999999801e+00,1.527500000000000000e+02,1.666666666666666963e+00
2.775999999999999801e+00,1.532500000000000000e+02,1.777777777777777901e+00
2.775999999999999801e+00,1.537500000000000000e+02,1.888888888888889284e+00
2.775999999999999801e+00,1.542500000000000000e+02,1.777777777777777901e+00
2.775999999999999801e+00,1.547500000000000000e+02,1.222222222222222321e+00
2.775999999999999801e+00,1.552500000000000000e+02,7.777777777777777901e-01
2.775999999999999801e+00,1.557500000000000000e+02,7.777777777777777901e-01
2.775999999999999801e+00,1.562500000000000000e+02,1.111111111111111160e+00
2.775999999999999801e+00,1.567500000000000000e+02,2.000000000000000000e+00
2.775999999999999801e+00,1.572500000000000000e+02,2.000000000000000000e+00
2.775999999999999801e+00,1.577500000000000000e+02,2.111111111111111160e+00
2.775999999999999801e+00,1.582500000000000000e+02,1.555555555555555358e+00
2.775999999999999801e+00,1.587500000000000000e+02,1.666666666666666741e+00
2.775999999999999801e+00,1.592500000000000000e+02,1.444444444444444420e+00
2.775999999999999801e+00,1.597500000000000000e+02,1.666666666666666741e+00
2.775999999999999801e+00,1.602500000000000000e+02,1.555555555555555358e+00
2.775999999999999801e+00,1.607500000000000000e+02,1.888888888888888618e+00
2.775999999999999801e+00,1.612500000000000000e+02,1.777777777777777679e+00
2.775999999999999801e+00,1.617500000000000000e+02,1.666666666666666741e+00
2.775999999999999801e+00,1.622500000000000000e+02,1.222222222222222099e+00
2.775999999999999801e+00,1.627500000000000000e+02,1.444444444444444420e+00
2.775999999999999801e+00,1.632500000000000000e+02,1.777777777777777679e+00
2.775999999999999801e+00,1.637500000000000000e+02,1.888888888888888618e+00
2.775999999999999801e+00,1.642500000000000000e+02,2.111111111111110716e+00
2.775999999999999801e+00,1.647500000000000000e+02,1.888888888888888395e+00
2.775999999999999801e+00,1.652500000000000000e+02,2.333333333333332593e+00
2.775999999999999801e+00,1.657500000000000000e+02,1.888888888888888395e+00
2.775999999999999801e+00,1.662500000000000000e+02,2.111111111111110716e+00
2.775999999999999801e+00,1.667500000000000000e+02,1.444444444444443976e+00
2.775999999999999801e+00,1.672500000000000000e+02,1.444444444444443976e+00
2.775999999999999801e+00,1.677500000000000000e+02,1.333333333333333037e+00
2.775999999999999801e+00,1.682500000000000000e+02,1.333333333333333037e+00
2.775999999999999801e+00,1.687500000000000000e+02,9.999999999999996669e-01
2.775999999999999801e+00,1.692500000000000000e+02,9.999999999999996669e-01
2.775999999999999801e+00,1.697500000000000000e+02,1.444444444444443976e+00
2.775999999999999801e+00,1.702500000000000000e+02,1.777777777777777457e+00
2.775999999999999801e+00,1.707500000000000000e+02,1.666666666666666075e+00
2.775999999999999801e+00,1.712500000000000000e+02,1.222222222222221655e+00
2.775999999999999801e+00,1.717500000000000000e+02,1.111111111111110494e+00
2.775999999999999801e+00,1.722500000000000000e+02,9.999999999999994449e-01
2.775999999999999801e+00,1.727500000000000000e+02,9.999999999999994449e-01
2.775999999999999801e+00,1.732500000000000000e+02,6.666666666666660745e-01
2.775999999999999801e+00,1.737500000000000000e+02,5.555555555555549141e-01
2.775999999999999801e+00,1.742500000000000000e+02,5.555555555555549141e-01
2.775999999999999801e+00,1.747500000000000000e+02,6.666666666666659635e-01
2.775999999999999801e+00,1.752500000000000000e+02,8.888888888888882844e-01
2.775999999999999801e+00,1.757500000000000000e+02,8.888888888888882844e-01
2.775999999999999801e+00,1.762500000000000000e+02,6.666666666666660745e-01
2.775999999999999801e+00,1.767500000000000000e+02,4.444444444444439202e-01
2.775999999999999801e+00,1.772500000000000000e+02,4.444444444444439202e-01
2.775999999999999801e+00,1.777500000000000000e+02,4.444444444444439202e-01
2.775999999999999801e+00,1.782500000000000000e+02,3.333333333333328152e-01
2.775999999999999801e+00,1.787500000000000000e+02,1.111111111111106053e-01
2.775999999999999801e+00,1.792500000000000000e+02,1.111111111111106053e-01
2.775999999999999801e+00,1.797500000000000000e+02,-4.996003610813204432e-16
2.791999999999999815e+00,1.302500000000000000e+02,1.222222222222222321e+00
2.791999999999999815e+00,1.307500000000000000e+02,1.555555555555555580e+00
2.791999999999999815e+00,1.312500000000000000e+02,1.555555555555555580e+00
2.791999999999999815e+00,1.317500000000000000e+02,1.222222222222222321e+00
2.791999999999999815e+00,1.322500000000000000e+02,1.222222222222222321e+00
2.791999999999999815e+00,1.327500000000000000e+02,1.222222222222222321e+00
2.791999999999999815e+00,1.332500000000000000e+02,1.444444444444444642e+00
2.791999999999999815e+00,1.337500000000000000e+02,1.333333333333333703e+00
2.791999999999999815e+00,1.342500000000000000e+02,1.666666666666666963e+00
2.791999999999999815e+00,1.347500000000000000e+02,1.666666666666666963e+00
2.791999999999999815e+00,1.352500000000000000e+02,1.333333333333333703e+00
2.791999999999999815e+00,1.357500000000000000e+02,8.888888888888891726e-01
2.791999999999999815e+00,1.362500000000000000e+02,8.888888888888891726e-01
2.791999999999999815e+00,1.367500000000000000e+02,1.444444444444444642e+00
2.791999999999999815e+00,1.372500000000000000e+02,1.333333333333333703e+00
2.791999999999999815e+00,1.377500000000000000e+02,1.222222222222222543e+00
2.791999999999999815e+00,1.382500000000000000e+02,8.888888888888892836e-01
2.791999999999999815e+00,1.387500000000000000e+02,1.444444444444444864e+00
2.791999999999999815e+00,1.392500000000000000e+02,1.333333333333333925e+00
2.791999999999999815e+00,1.397500000000000000e+02,1.666666666666667185e+00
2.791999999999999815e+00,1.402500000000000000e+02,1.555555555555556246e+00
2.791999999999999815e+00,1.407500000000000000e+02,1.777777777777778567e+00
2.791999999999999815e+00,1.412500000000000000e+02,1.666666666666667185e+00
2.791999999999999815e+00,1.417500000000000000e+02,1.888888888888889506e+00
2.791999999999999815e+00,1.422500000000000000e+02,1.777777777777778567e+00
2.791999999999999815e+00,1.427500000000000000e+02,1.444444444444445308e+00
2.791999999999999815e+00,1.432500000000000000e+02,1.111111111111111827e+00
2.791999999999999815e+00,1.437500000000000000e+02,1.333333333333334147e+00
2.791999999999999815e+00,1.442500000000000000e+02,1.777777777777778567e+00
2.791999999999999815e+00,1.447500000000000000e+02,1.777777777777778567e+00
2.791999999999999815e+00,1.452500000000000000e+02,1.777777777777778567e+00
2.791999999999999815e+00,1.457500000000000000e+02,1.777777777777778567e+00
2.791999999999999815e+00,1.462500000000000000e+02,1.888888888888889950e+00
2.791999999999999815e+00,1.467500000000000000e+02,1.666666666666667629e+00
2.791999999999999815e+00,1.472500000000000000e+02,1.333333333333334147e+00
2.791999999999999815e+00,1.477500000000000000e+02,1.333333333333334147e+00
2.791999999999999815e+00,1.482500000000000000e+02,1.777777777777778567e+00
2.791999999999999815e+00,1.487500000000000000e+02,1.888888888888889950e+00
2.791999999999999815e+00,1.492500000000000000e+02,2.777777777777778567e+00
2.791999999999999815e+00,1.497500000000000000e+02,3.111111111111112049e+00
2.791999999999999815e+00,1.502500000000000000e+02,3.111111111111112049e+00
2.791999999999999815e+00,1.507500000000000000e+02,2.333333333333334370e+00
2.791999999999999815e+00,1.512500000000000000e+02,2.333333333333334370e+00
2.791999999999999815e+00,1.517500000000000000e+02,2.666666666666667407e+00
2.791999999999999815e+00,1.522500000000000000e+02,2.555555555555556246e+00
2.791999999999999815e+00,1.527500000000000000e+02,1.888888888888889506e+00
2.791999999999999815e+00,1.532500000000000000e+02,1.666666666666667185e+00
2.791999999999999815e+00,1.537500000000000000e+02,1.888888888888889506e+00
2.791999999999999815e+00,1.542500000000000000e+02,2.111111111111112049e+00
2.791999999999999815e+00,1.547500000000000000e+02,1.777777777777778567e+00
2.791999999999999815e+00,1.552500000000000000e+02,1.444444444444445308e+00
2.791999999999999815e+00,1.557500000000000000e+02,1.888888888888889950e+00
2.791999999999999815e+00,1.562500000000000000e+02,2.333333333333334370e+00
2.791999999999999815e+00,1.567500000000000000e+02,2.888888888888889728e+00
2.791999999999999815e+00,1.572500000000000000e+02,2.777777777777778567e+00
2.791999999999999815e+00,1.577500000000000000e+02,2.888888888888889284e+00
2.791999999999999815e+00,1.582500000000000000e+02,2.666666666666667407e+00
2.791999999999999815e+00,1.587500000000000000e+02,2.555555555555555802e+00
2.791999999999999815e+00,1.592500000000000000e+02,2.444444444444445086e+00
2.791999999999999815e+00,1.597500000000000000e+02,3.000000000000000444e+00
2.791999999999999815e+00,1.602500000000000000e+02,2.555555555555556246e+00
2.791999999999999815e+00,1.607500000000000000e+02,2.333333333333333925e+00
2.791999999999999815e+00,1.612500000000000000e+02,2.222222222222222765e+00
2.791999999999999815e+00,1.617500000000000000e+02,2.555555555555555802e+00
2.791999999999999815e+00,1.622500000000000000e+02,2.777777777777778123e+00
2.791999999999999815e+00,1.627500000000000000e+02,2.666666666666666519e+00
2.791999999999999815e+00,1.632500000000000000e+02,3.000000000000000000e+00
2.791999999999999815e+00,1.637500000000000000e+02,2.555555555555555358e+00
2.791999999999999815e+00,1.642500000000000000e+02,2.888888888888888840e+00
2.791999999999999815e+00,1.647500000000000000e+02,2.666666666666666519e+00
2.791999999999999815e+00,1.652500000000000000e+02,3.777777777777777235e+00
2.791999999999999815e+00,1.657500000000000000e+02,3.333333333333333481e+00
2.791999999999999815e+00,1.662500000000000000e+02,2.888888888888888840e+00
2.791999999999999815e+00,1.667500000000000000e+02,2.000000000000000000e+00
2.791999999999999815e+00,1.672500000000000000e+02,2.222222222222221877e+00
2.791999999999999815e+00,1.677500000000000000e+02,2.555555555555555358e+00
2.791999999999999815e+00,1.682500000000000000e+02,2.333333333333333037e+00
2.791999999999999815e+00,1.687500000000000000e+02,1.999999999999999778e+00
2.791999999999999815e+00,1.692500000000000000e+02,1.888888888888888618e+00
2.791999999999999815e+00,1.697500000000000000e+02,2.666666666666666519e+00
2.791999999999999815e+00,1.702500000000000000e+02,2.222222222222222321e+00
2.791999999999999815e+00,1.707500000000000000e+02,2.222222222222222321e+00
2.791999999999999815e+00,1.712500000000000000e+02,1.555555555555555580e+00
2.791999999999999815e+00,1.717500000000000000e+02,2.000000000000000000e+00
2.791999999999999815e+00,1.722500000000000000e+02,1.777777777777777679e+00
2.791999999999999815e+00,1.727500000000000000e+02,1.666666666666666741e+00
2.791999999999999815e+00,1.732500000000000000e+02,1.333333333333333259e+00
2.791999999999999815e+00,1.737500000000000000e+02,1.000000000000000000e+00
2.791999999999999815e+00,1.742500000000000000e+02,1.111111111111110938e+00
2.791999999999999815e+00,1.747500000000000000e+02,8.888888888888887285e-01
2.791999999999999815e+00,1.752500000000000000e+02,9.999999999999998890e-01
2.791999999999999815e+00,1.757500000000000000e+02,1.111111111111110938e+00
2.791999999999999815e+00,1.762500000000000000e+02,7.777777777777776791e-01
2.791999999999999815e+00,1.767500000000000000e+02,6.666666666666666297e-01
2.791999999999999815e+00,1.772500000000000000e+02,4.444444444444443643e-01
2.791999999999999815e+00,1.777500000000000000e+02,4.444444444444443643e-01
2.791999999999999815e+00,1.782500000000000000e+02,4.444444444444443643e-01
2.791999999999999815e+00,1.787500000000000000e+02,1.111111111111110078e-01
2.791999999999999815e+00,1.792500000000000000e+02,1.111111111111110078e-01
2.791999999999999815e+00,1.797500000000000000e+02,-9.251858538542971581e-17
2.807999999999999829e+00,1.302500000000000000e+02,1.333333333333333259e+00
2.807999999999999829e+00,1.307500000000000000e+02,1.666666666666666741e+00
2.807999999999999829e+00,1.312500000000000000e+02,1.666666666666666741e+00
2.807999999999999829e+00,1.317500000000000000e+02,1.444444444444444420e+00
2.807999999999999829e+00,1.322500000000000000e+02,1.333333333333333259e+00
2.807999999999999829e+00,1.327500000000000000e+02,1.222222222222222099e+00
2.807999999999999829e+00,1.332500000000000000e+02,1.666666666666666741e+00
2.807999999999999829e+00,1.337500000000000000e+02,1.666666666666666741e+00
2.807999999999999829e+00,1.342500000000000000e+02,2.111111111111111160e+00
2.807999999999999829e+00,1.347500000000000000e+02,2.333333333333333481e+00
2.807999999999999829e+00,1.352500000000000000e+02,2.000000000000000000e+00
2.807999999999999829e+00,1.357500000000000000e+02,2.000000000000000000e+00
2.807999999999999829e+00,1.362500000000000000e+02,2.111111111111111160e+00
2.807999999999999829e+00,1.367500000000000000e+02,3.111111111111111160e+00
2.807999999999999829e+00,1.372500000000000000e+02,2.777777777777778123e+00
2.807999999999999829e+00,1.377500000000000000e+02,2.444444444444444642e+00
2.807999999999999829e+00,1.382500000000000000e+02,1.888888888888889284e+00
2.807999999999999829e+00,1.387500000000000000e+02,2.111111111111111605e+00
2.807999999999999829e+00,1.392500000000000000e+02,1.777777777777778345e+00
2.807999999999999829e+00,1.397500000000000000e+02,1.888888888888889284e+00
2.807999999999999829e+00,1.402500000000000000e+02,2.000000000000000444e+00
2.807999999999999829e+00,1.407500000000000000e+02,2.333333333333333925e+00
2.807999999999999829e+00,1.412500000000000000e+02,2.333333333333333925e+00
2.807999999999999829e+00,1.417500000000000000e+02,2.555555555555555802e+00
2.807999999999999829e+00,1.422500000000000000e+02,2.444444444444445086e+00
2.807999999999999829e+00,1.427500000000000000e+02,2.555555555555555802e+00
2.807999999999999829e+00,1.432500000000000000e+02,2.444444444444444642e+00
2.807999999999999829e+00,1.437500000000000000e+02,3.000000000000000000e+00
2.807999999999999829e+00,1.442500000000000000e+02,2.555555555555555802e+00
2.807999999999999829e+00,1.447500000000000000e+02,2.333333333333333481e+00
2.807999999999999829e+00,1.452500000000000000e+02,2.222222222222221877e+00
2.807999999999999829e+00,1.457500000000000000e+02,2.444444444444444198e+00
2.807999999999999829e+00,1.462500000000000000e+02,2.777777777777777235e+00
2.807999999999999829e+00,1.467500000000000000e+02,2.555555555555555358e+00
2.807999999999999829e+00,1.472500000000000000e+02,2.111111111111110716e+00
2.807999999999999829e+00,1.477500000000000000e+02,1.999999999999999334e+00
2.807999999999999829e+00,1.482500000000000000e+02,2.444444444444443754e+00
2.807999999999999829e+00,1.487500000000000000e+02,2.999999999999999556e+00
2.807999999999999829e+00,1.492500000000000000e+02,4.333333333333333037e+00
2.807999999999999829e+00,1.497500000000000000e+02,4.444444444444443754e+00
2.807999999999999829e+00,1.502500000000000000e+02,4.333333333333333037e+00
2.807999999999999829e+00,1.507500000000000000e+02,3.444444444444444198e+00
2.807999999999999829e+00,1.512500000000000000e+02,3.555555555555554914e+00
2.807999999999999829e+00,1.517500000000000000e+02,4.111111111111109828e+00
2.807999999999999829e+00,1.522500000000000000e+02,3.666666666666665630e+00
2.807999999999999829e+00,1.527500000000000000e+02,2.666666666666665630e+00
2.807999999999999829e+00,1.532500000000000000e+02,2.333333333333332149e+00
2.807999999999999829e+00,1.537500000000000000e+02,2.666666666666665630e+00
2.807999999999999829e+00,1.542500000000000000e+02,2.888888888888887507e+00
2.807999999999999829e+00,1.547500000000000000e+02,2.444444444444443310e+00
2.807999999999999829e+00,1.552500000000000000e+02,2.333333333333332149e+00
2.807999999999999829e+00,1.557500000000000000e+02,2.888888888888887507e+00
2.807999999999999829e+00,1.562500000000000000e+02,3.666666666666665630e+00
2.807999999999999829e+00,1.567500000000000000e+02,3.333333333333332149e+00
2.807999999999999829e+00,1.572500000000000000e+02,3.444444444444443310e+00
2.807999999999999829e+00,1.577500000000000000e+02,3.444444444444443310e+00
2.807999999999999829e+00,1.582500000000000000e+02,3.888888888888887951e+00
2.807999999999999829e+00,1.587500000000000000e+02,3.666666666666666075e+00
2.807999999999999829e+00,1.592500000000000000e+02,3.555555555555554914e+00
2.807999999999999829e+00,1.597500000000000000e+02,4.111111111111109828e+00
2.807999999999999829e+00,1.602500000000000000e+02,3.555555555555554914e+00
2.807999999999999829e+00,1.607500000000000000e+02,3.111111111111110716e+00
2.807999999999999829e+00,1.612500000000000000e+02,2.888888888888888840e+00
2.807999999999999829e+00,1.617500000000000000e+02,3.888888888888888840e+00
2.807999999999999829e+00,1.622500000000000000e+02,4.111111111111110716e+00
2.807999999999999829e+00,1.627500000000000000e+02,4.555555555555554470e+00
2.807999999999999829e+00,1.632500000000000000e+02,4.222222222222221433e+00
2.807999999999999829e+00,1.637500000000000000e+02,4.111111111111109828e+00
2.807999999999999829e+00,1.642500000000000000e+02,3.444444444444443310e+00
2.807999999999999829e+00,1.647500000000000000e+02,3.555555555555554914e+00
2.807999999999999829e+00,1.652500000000000000e+02,4.555555555555554470e+00
2.807999999999999829e+00,1.657500000000000000e+02,4.444444444444443754e+00
2.807999999999999829e+00,1.662500000000000000e+02,3.777777777777776791e+00
2.807999999999999829e+00,1.667500000000000000e+02,3.111111111111110272e+00
2.807999999999999829e+00,1.672500000000000000e+02,3.333333333333332149e+00
2.807999999999999829e+00,1.677500000000000000e+02,3.444444444444443310e+00
2.807999999999999829e+00,1.682500000000000000e+02,3.333333333333332149e+00
2.807999999999999829e+00,1.687500000000000000e+02,3.555555555555554914e+00
2.807999999999999829e+00,1.692500000000000000e+02,3.555555555555554914e+00
2.807999999999999829e+00,1.697500000000000000e+02,3.555555555555554914e+00
2.807999999999999829e+00,1.702500000000000000e+02,2.444444444444443754e+00
2.807999999999999829e+00,1.707500000000000000e+02,2.999999999999999556e+00
2.807999999999999829e+00,1.712500000000000000e+02,2.555555555555554914e+00
2.807999999999999829e+00,1.717500000000000000e+02,2.999999999999999556e+00
2.807999999999999829e+00,1.722500000000000000e+02,2.666666666666666075e+00
2.807999999999999829e+00,1.727500000000000000e+02,2.444444444444443754e+00
2.807999999999999829e+00,1.732500000000000000e+02,2.222222222222221433e+00
2.807999999999999829e+00,1.737500000000000000e+02,1.444444444444443532e+00
2.807999999999999829e+00,1.742500000000000000e+02,1.888888888888887729e+00
2.807999999999999829e+00,1.747500000000000000e+02,1.333333333333332149e+00
2.807999999999999829e+00,1.752500000000000000e+02,1.666666666666665408e+00
2.807999999999999829e+00,1.757500000000000000e+02,1.444444444444443532e+00
2.807999999999999829e+00,1.762500000000000000e+02,1.222222222222221211e+00
2.807999999999999829e+00,1.767500000000000000e+02,9.999999999999991118e-01
2.807999999999999829e+00,1.772500000000000000e+02,4.444444444444435316e-01
2.807999999999999829e+00,1.777500000000000000e+02,4.444444444444435316e-01
2.807999999999999829e+00,1.782500000000000000e+02,2.222222222222212940e-01
2.807999999999999829e+00,1.787500000000000000e+02,1.111111111111101751e-01
2.807999999999999829e+00,1.792500000000000000e+02,1.111111111111101751e-01
2.807999999999999829e+00,1.797500000000000000e+02,-9.251858538542971828e-16
2.823999999999999844e+00,1.302500000000000000e+02,2.222222222222221877e+00
2.823999999999999844e+00,1.307500000000000000e+02,2.333333333333333481e+00
2.823999999999999844e+00,1.312500000000000000e+02,2.333333333333333481e+00
2.823999999999999844e+00,1.317500000000000000e+02,2.000000000000000000e+00
2.823999999999999844e+00,1.322500000000000000e+02,1.555555555555555580e+00
2.823999999999999844e+00,1.327500000000000000e+02,1.111111111111111382e+00
2.823999999999999844e+00,1.332500000000000000e+02,2.000000000000000000e+00
2.823999999999999844e+00,1.337500000000000000e+02,2.111111111111111160e+00
2.823999999999999844e+00,1.342500000000000000e+02,2.666666666666666519e+00
2.823999999999999844e+00,1.347500000000000000e+02,2.666666666666666519e+00
2.823999999999999844e+00,1.352500000000000000e+02,2.666666666666666519e+00
2.823999999999999844e+00,1.357500000000000000e+02,2.666666666666666519e+00
2.823999999999999844e+00,1.362500000000000000e+02,2.777777777777778123e+00
2.823999999999999844e+00,1.367500000000000000e+02,3.777777777777778123e+00
2.823999999999999844e+00,1.372500000000000000e+02,3.555555555555555802e+00
2.823999999999999844e+00,1.377500000000000000e+02,3.666666666666666519e+00
2.823999999999999844e+00,1.382500000000000000e+02,3.111111111111111160e+00
2.823999999999999844e+00,1.387500000000000000e+02,3.111111111111111160e+00
2.823999999999999844e+00,1.392500000000000000e+02,2.333333333333333481e+00
2.823999999999999844e+00,1.397500000000000000e+02,2.555555555555555802e+00
2.823999999999999844e+00,1.402500000000000000e+02,2.888888888888889284e+00
2.823999999999999844e+00,1.407500000000000000e+02,3.222222222222222765e+00
2.823999999999999844e+00,1.412500000000000000e+02,2.666666666666667407e+00
2.823999999999999844e+00,1.417500000000000000e+02,2.111111111111111605e+00
2.823999999999999844e+00,1.422500000000000000e+02,1.888888888888889284e+00
2.823999999999999844e+00,1.427500000000000000e+02,2.111111111111111160e+00
2.823999999999999844e+00,1.432500000000000000e+02,3.000000000000000000e+00
2.823999999999999844e+00,1.437500000000000000e+02,3.888888888888888840e+00
2.823999999999999844e+00,1.442500000000000000e+02,3.444444444444444198e+00
2.823999999999999844e+00,1.447500000000000000e+02,3.222222222222221877e+00
2.823999999999999844e+00,1.452500000000000000e+02,3.111111111111110716e+00
2.823999999999999844e+00,1.457500000000000000e+02,3.777777777777777235e+00
2.823999999999999844e+00,1.462500000000000000e+02,3.666666666666666519e+00
2.823999999999999844e+00,1.467500000000000000e+02,3.777777777777777235e+00
2.823999999999999844e+00,1.472500000000000000e+02,3.222222222222221877e+00
2.823999999999999844e+00,1.477500000000000000e+02,3.888888888888888840e+00
2.823999999999999844e+00,1.482500000000000000e+02,4.111111111111110716e+00
2.823999999999999844e+00,1.487500000000000000e+02,4.111111111111110716e+00
2.823999999999999844e+00,1.492500000000000000e+02,4.444444444444443754e+00
2.823999999999999844e+00,1.497500000000000000e+02,4.444444444444443754e+00
2.823999999999999844e+00,1.502500000000000000e+02,4.888888888888888395e+00
2.823999999999999844e+00,1.507500000000000000e+02,4.000000000000000000e+00
2.823999999999999844e+00,1.512500000000000000e+02,5.000000000000000000e+00
2.823999999999999844e+00,1.517500000000000000e+02,5.555555555555556246e+00
2.823999999999999844e+00,1.522500000000000000e+02,5.888888888888889284e+00
2.823999999999999844e+00,1.527500000000000000e+02,4.444444444444444642e+00
2.823999999999999844e+00,1.532500000000000000e+02,3.666666666666666519e+00
2.823999999999999844e+00,1.537500000000000000e+02,3.333333333333333481e+00
2.823999999999999844e+00,1.542500000000000000e+02,3.222222222222222765e+00
2.823999999999999844e+00,1.547500000000000000e+02,3.555555555555555802e+00
2.823999999999999844e+00,1.552500000000000000e+02,4.333333333333333925e+00
2.823999999999999844e+00,1.557500000000000000e+02,5.222222222222222321e+00
2.823999999999999844e+00,1.562500000000000000e+02,5.111111111111111605e+00
2.823999999999999844e+00,1.567500000000000000e+02,4.111111111111111605e+00
2.823999999999999844e+00,1.572500000000000000e+02,3.555555555555555802e+00
2.823999999999999844e+00,1.577500000000000000e+02,4.333333333333333925e+00
2.823999999999999844e+00,1.582500000000000000e+02,5.000000000000000888e+00
2.823999999999999844e+00,1.587500000000000000e+02,5.111111111111111605e+00
2.823999999999999844e+00,1.592500000000000000e+02,5.000000000000000888e+00
2.823999999999999844e+00,1.597500000000000000e+02,5.555555555555556246e+00
2.823999999999999844e+00,1.602500000000000000e+02,5.222222222222222321e+00
2.823999999999999844e+00,1.607500000000000000e+02,4.555555555555556246e+00
2.823999999999999844e+00,1.612500000000000000e+02,4.444444444444444642e+00
2.823999999999999844e+00,1.617500000000000000e+02,5.333333333333333037e+00
2.823999999999999844e+00,1.622500000000000000e+02,5.888888888888889284e+00
2.823999999999999844e+00,1.627500000000000000e+02,6.333333333333333037e+00
2.823999999999999844e+00,1.632500000000000000e+02,6.333333333333333037e+00
2.823999999999999844e+00,1.637500000000000000e+02,6.111111111111110716e+00
2.823999999999999844e+00,1.642500000000000000e+02,4.666666666666666075e+00
2.823999999999999844e+00,1.647500000000000000e+02,4.333333333333333037e+00
2.823999999999999844e+00,1.652500000000000000e+02,5.111111111111110716e+00
2.823999999999999844e+00,1.657500000000000000e+02,5.555555555555554470e+00
2.823999999999999844e+00,1.662500000000000000e+02,5.555555555555554470e+00
2.823999999999999844e+00,1.667500000000000000e+02,4.999999999999999112e+00
2.823999999999999844e+00,1.672500000000000000e+02,5.111111111111109828e+00
2.823999999999999844e+00,1.677500000000000000e+02,4.555555555555554470e+00
2.823999999999999844e+00,1.682500000000000000e+02,4.555555555555554470e+00
2.823999999999999844e+00,1.687500000000000000e+02,5.111111111111109828e+00
2.823999999999999844e+00,1.692500000000000000e+02,4.888888888888887507e+00
2.823999999999999844e+00,1.697500000000000000e+02,4.888888888888887507e+00
2.823999999999999844e+00,1.702500000000000000e+02,3.555555555555554026e+00
2.823999999999999844e+00,1.707500000000000000e+02,4.333333333333332149e+00
2.823999999999999844e+00,1.712500000000000000e+02,3.777777777777776791e+00
2.823999999999999844e+00,1.717500000000000000e+02,4.333333333333332149e+00
2.823999999999999844e+00,1.722500000000000000e+02,3.888888888888887951e+00
2.823999999999999844e+00,1.727500000000000000e+02,3.999999999999998668e+00
2.823999999999999844e+00,1.732500000000000000e+02,3.999999999999998668e+00
2.823999999999999844e+00,1.737500000000000000e+02,2.999999999999998668e+00
2.823999999999999844e+00,1.742500000000000000e+02,3.111111111111110272e+00
2.823999999999999844e+00,1.747500000000000000e+02,1.777777777777776791e+00
2.823999999999999844e+00,1.752500000000000000e+02,1.888888888888887729e+00
2.823999999999999844e+00,1.757500000000000000e+02,1.555555555555554470e+00
2.823999999999999844e+00,1.762500000000000000e+02,2.111111111111110272e+00
2.823999999999999844e+00,1.767500000000000000e+02,2.444444444444443310e+00
2.823999999999999844e+00,1.772500000000000000e+02,1.777777777777776791e+00
2.823999999999999844e+00,1.777500000000000000e+02,1.333333333333332371e+00
2.823999999999999844e+00,1.782500000000000000e+02,6.666666666666656305e-01
2.823999999999999844e+00,1.787500000000000000e+02,4.444444444444433651e-01
2.823999999999999844e+00,1.792500000000000000e+02,2.222222222222211829e-01
2.823999999999999844e+00,1.797500000000000000e+02,1.111111111111100641e-01
2.839999999999999858e+00,1.302500000000000000e+02,2.333333333333333481e+00
2.839999999999999858e+00,1.307500000000000000e+02,2.666666666666666519e+00
2.839999999999999858e+00,1.312500000000000000e+02,3.000000000000000000e+00
2.839999999999999858e+00,1.317500000000000000e+02,2.444444444444444198e+00
2.839999999999999858e+00,1.322500000000000000e+02,1.666666666666666741e+00
2.839999999999999858e+00,1.327500000000000000e+02,1.222222222222222099e+00
2.839999999999999858e+00,1.332500000000000000e+02,2.000000000000000000e+00
2.839999999999999858e+00,1.337500000000000000e+02,2.555555555555555358e+00
2.839999999999999858e+00,1.342500000000000000e+02,2.444444444444444198e+00
2.839999999999999858e+00,1.347500000000000000e+02,2.888888888888888840e+00
2.839999999999999858e+00,1.352500000000000000e+02,2.888888888888888840e+00
2.839999999999999858e+00,1.357500000000000000e+02,3.666666666666666519e+00
2.839999999999999858e+00,1.362500000000000000e+02,3.333333333333333481e+00
2.839999999999999858e+00,1.367500000000000000e+02,4.000000000000000000e+00
2.839999999999999858e+00,1.372500000000000000e+02,4.000000000000000000e+00
2.839999999999999858e+00,1.377500000000000000e+02,4.333333333333333037e+00
2.839999999999999858e+00,1.382500000000000000e+02,4.333333333333333037e+00
2.839999999999999858e+00,1.387500000000000000e+02,3.666666666666666519e+00
2.839999999999999858e+00,1.392500000000000000e+02,3.666666666666666519e+00
2.839999999999999858e+00,1.397500000000000000e+02,3.444444444444444198e+00
2.839999999999999858e+00,1.402500000000000000e+02,4.777777777777777679e+00
2.839999999999999858e+00,1.407500000000000000e+02,4.555555555555555358e+00
2.839999999999999858e+00,1.412500000000000000e+02,4.222222222222222321e+00
2.839999999999999858e+00,1.417500000000000000e+02,3.111111111111110716e+00
2.839999999999999858e+00,1.422500000000000000e+02,3.222222222222221877e+00
2.839999999999999858e+00,1.427500000000000000e+02,3.666666666666666519e+00
2.839999999999999858e+00,1.432500000000000000e+02,4.666666666666666963e+00
2.839999999999999858e+00,1.437500000000000000e+02,5.444444444444443754e+00
2.839999999999999858e+00,1.442500000000000000e+02,5.333333333333333037e+00
2.839999999999999858e+00,1.447500000000000000e+02,5.111111111111110716e+00
2.839999999999999858e+00,1.452500000000000000e+02,5.444444444444443754e+00
2.839999999999999858e+00,1.457500000000000000e+02,5.444444444444443754e+00
2.839999999999999858e+00,1.462500000000000000e+02,5.666666666666666963e+00
2.839999999999999858e+00,1.467500000000000000e+02,5.222222222222222321e+00
2.839999999999999858e+00,1.472500000000000000e+02,5.111111111111111605e+00
2.839999999999999858e+00,1.477500000000000000e+02,6.111111111111110716e+00
2.839999999999999858e+00,1.482500000000000000e+02,5.666666666666666963e+00
2.839999999999999858e+00,1.487500000000000000e+02,6.111111111111110716e+00
2.839999999999999858e+00,1.492500000000000000e+02,5.666666666666666963e+00
2.839999999999999858e+00,1.497500000000000000e+02,5.777777777777777679e+00
2.839999999999999858e+00,1.502500000000000000e+02,5.666666666666666963e+00
2.839999999999999858e+00,1.507500000000000000e+02,5.222222222222222321e+00
2.839999999999999858e+00,1.512500000000000000e+02,6.444444444444445530e+00
2.839999999999999858e+00,1.517500000000000000e+02,7.000000000000000000e+00
2.839999999999999858e+00,1.522500000000000000e+02,7.111111111111110716e+00
2.839999999999999858e+00,1.527500000000000000e+02,5.666666666666666963e+00
2.839999999999999858e+00,1.532500000000000000e+02,5.444444444444445530e+00
2.839999999999999858e+00,1.537500000000000000e+02,4.888888888888890172e+00
2.839999999999999858e+00,1.542500000000000000e+02,5.000000000000000888e+00
2.839999999999999858e+00,1.547500000000000000e+02,4.777777777777778567e+00
2.839999999999999858e+00,1.552500000000000000e+02,6.333333333333334814e+00
2.839999999999999858e+00,1.557500000000000000e+02,7.333333333333334814e+00
2.839999999999999858e+00,1.562500000000000000e+02,7.333333333333334814e+00
2.839999999999999858e+00,1.567500000000000000e+02,6.555555555555557135e+00
2.839999999999999858e+00,1.572500000000000000e+02,5.666666666666667851e+00
2.839999999999999858e+00,1.577500000000000000e+02,6.555555555555557135e+00
2.839999999999999858e+00,1.582500000000000000e+02,6.888888888888890172e+00
2.839999999999999858e+00,1.587500000000000000e+02,7.333333333333334814e+00
2.839999999999999858e+00,1.592500000000000000e+02,7.111111111111111605e+00
2.839999999999999858e+00,1.597500000000000000e+02,7.888888888888890172e+00
2.839999999999999858e+00,1.602500000000000000e+02,7.666666666666668739e+00
2.839999999999999858e+00,1.607500000000000000e+02,7.000000000000002665e+00
2.839999999999999858e+00,1.612500000000000000e+02,5.555555555555557135e+00
2.839999999999999858e+00,1.617500000000000000e+02,6.222222222222224097e+00
2.839999999999999858e+00,1.622500000000000000e+02,6.888888888888890172e+00
2.839999999999999858e+00,1.627500000000000000e+02,8.222222222222223209e+00
2.839999999999999858e+00,1.632500000000000000e+02,8.111111111111112493e+00
2.839999999999999858e+00,1.637500000000000000e+02,8.888888888888891060e+00
2.839999999999999858e+00,1.642500000000000000e+02,6.888888888888890172e+00
2.839999999999999858e+00,1.647500000000000000e+02,6.777777777777779455e+00
2.839999999999999858e+00,1.652500000000000000e+02,6.333333333333335702e+00
2.839999999999999858e+00,1.657500000000000000e+02,7.000000000000002665e+00
2.839999999999999858e+00,1.662500000000000000e+02,7.111111111111113381e+00
2.839999999999999858e+00,1.667500000000000000e+02,6.777777777777779455e+00
2.839999999999999858e+00,1.672500000000000000e+02,6.777777777777779455e+00
2.839999999999999858e+00,1.677500000000000000e+02,5.888888888888890172e+00
2.839999999999999858e+00,1.682500000000000000e+02,5.888888888888890172e+00
2.839999999999999858e+00,1.687500000000000000e+02,6.666666666666668739e+00
2.839999999999999858e+00,1.692500000000000000e+02,6.777777777777779455e+00
2.839999999999999858e+00,1.697500000000000000e+02,6.222222222222224097e+00
2.839999999999999858e+00,1.702500000000000000e+02,5.444444444444445530e+00
2.839999999999999858e+00,1.707500000000000000e+02,6.222222222222222321e+00
2.839999999999999858e+00,1.712500000000000000e+02,5.888888888888889284e+00
2.839999999999999858e+00,1.717500000000000000e+02,5.666666666666666963e+00
2.839999999999999858e+00,1.722500000000000000e+02,5.000000000000000000e+00
2.839999999999999858e+00,1.727500000000000000e+02,5.666666666666666963e+00
2.839999999999999858e+00,1.732500000000000000e+02,5.555555555555556246e+00
2.839999999999999858e+00,1.737500000000000000e+02,4.666666666666666963e+00
2.839999999999999858e+00,1.742500000000000000e+02,3.888888888888889284e+00
2.839999999999999858e+00,1.747500000000000000e+02,2.777777777777778567e+00
2.839999999999999858e+00,1.752500000000000000e+02,2.222222222222223209e+00
2.839999999999999858e+00,1.757500000000000000e+02,2.000000000000001332e+00
2.839999999999999858e+00,1.762500000000000000e+02,2.333333333333334370e+00
2.839999999999999858e+00,1.767500000000000000e+02,3.222222222222223209e+00
2.839999999999999858e+00,1.772500000000000000e+02,2.444444444444445086e+00
2.839999999999999858e+00,1.777500000000000000e+02,1.888888888888889950e+00
2.839999999999999858e+00,1.782500000000000000e+02,1.000000000000001110e+00
2.839999999999999858e+00,1.787500000000000000e+02,1.000000000000001110e+00
2.839999999999999858e+00,1.792500000000000000e+02,6.666666666666677399e-01
2.839999999999999858e+00,1.797500000000000000e+02,3.333333333333343695e-01
2.855999999999999872e+00,1.302500000000000000e+02,3.444444444444444642e+00
2.855999999999999872e+00,1.307500000000000000e+02,3.555555555555555802e+00
2.855999999999999872e+00,1.312500000000000000e+02,3.777777777777778123e+00
2.855999999999999872e+00,1.317500000000000000e+02,3.000000000000000000e+00
2.855999999999999872e+00,1.322500000000000000e+02,3.000000000000000000e+00
2.855999999999999872e+00,1.327500000000000000e+02,2.777777777777778123e+00
2.855999999999999872e+00,1.332500000000000000e+02,3.777777777777778123e+00
2.855999999999999872e+00,1.337500000000000000e+02,3.777777777777778123e+00
2.855999999999999872e+00,1.342500000000000000e+02,3.555555555555555802e+00
2.855999999999999872e+00,1.347500000000000000e+02,3.888888888888889284e+00
2.855999999999999872e+00,1.352500000000000000e+02,4.000000000000000888e+00
2.855999999999999872e+00,1.357500000000000000e+02,4.333333333333333925e+00
2.855999999999999872e+00,1.362500000000000000e+02,3.444444444444445086e+00
2.855999999999999872e+00,1.367500000000000000e+02,3.666666666666667851e+00
2.855999999999999872e+00,1.372500000000000000e+02,3.888888888888889728e+00
2.855999999999999872e+00,1.377500000000000000e+02,4.777777777777778567e+00
2.855999999999999872e+00,1.382500000000000000e+02,5.111111111111111605e+00
2.855999999999999872e+00,1.387500000000000000e+02,5.222222222222223209e+00
2.855999999999999872e+00,1.392500000000000000e+02,5.666666666666667851e+00
2.855999999999999872e+00,1.397500000000000000e+02,5.333333333333334814e+00
2.855999999999999872e+00,1.402500000000000000e+02,5.888888888888890172e+00
2.855999999999999872e+00,1.407500000000000000e+02,5.111111111111112493e+00
2.855999999999999872e+00,1.412500000000000000e+02,4.888888888888890172e+00
2.855999999999999872e+00,1.417500000000000000e+02,4.444444444444446418e+00
2.855999999999999872e+00,1.422500000000000000e+02,4.666666666666668739e+00
2.855999999999999872e+00,1.427500000000000000e+02,4.777777777777779455e+00
2.855999999999999872e+00,1.432500000000000000e+02,4.888888888888890172e+00
2.855999999999999872e+00,1.437500000000000000e+02,5.666666666666667851e+00
2.855999999999999872e+00,1.442500000000000000e+02,6.555555555555557135e+00
2.855999999999999872e+00,1.447500000000000000e+02,7.111111111111113381e+00
2.855999999999999872e+00,1.452500000000000000e+02,7.000000000000002665e+00
2.855999999999999872e+00,1.457500000000000000e+02,6.444444444444446418e+00
2.855999999999999872e+00,1.462500000000000000e+02,6.444444444444446418e+00
2.855999999999999872e+00,1.467500000000000000e+02,6.888888888888890172e+00
2.855999999999999872e+00,1.472500000000000000e+02,7.888888888888890172e+00
2.855999999999999872e+00,1.477500000000000000e+02,9.666666666666669627e+00
2.855999999999999872e+00,1.482500000000000000e+02,9.111111111111112493e+00
2.855999999999999872e+00,1.487500000000000000e+02,8.444444444444446418e+00
2.855999999999999872e+00,1.492500000000000000e+02,6.222222222222224097e+00
2.855999999999999872e+00,1.497500000000000000e+02,6.666666666666667851e+00
2.855999999999999872e+00,1.502500000000000000e+02,6.666666666666667851e+00
2.855999999999999872e+00,1.507500000000000000e+02,6.777777777777778567e+00
2.855999999999999872e+00,1.512500000000000000e+02,7.111111111111111605e+00
2.855999999999999872e+00,1.517500000000000000e+02,7.333333333333334814e+00
2.855999999999999872e+00,1.522500000000000000e+02,7.777777777777778567e+00
2.855999999999999872e+00,1.527500000000000000e+02,7.222222222222222321e+00
2.855999999999999872e+00,1.532500000000000000e+02,6.888888888888889284e+00
2.855999999999999872e+00,1.537500000000000000e+02,6.555555555555556246e+00
2.855999999999999872e+00,1.542500000000000000e+02,7.555555555555556246e+00
2.855999999999999872e+00,1.547500000000000000e+02,7.777777777777778567e+00
2.855999999999999872e+00,1.552500000000000000e+02,9.333333333333333925e+00
2.855999999999999872e+00,1.557500000000000000e+02,9.555555555555557135e+00
2.855999999999999872e+00,1.562500000000000000e+02,9.444444444444444642e+00
2.855999999999999872e+00,1.567500000000000000e+02,9.222222222222223209e+00
2.855999999999999872e+00,1.572500000000000000e+02,7.444444444444446418e+00
2.855999999999999872e+00,1.577500000000000000e+02,8.555555555555557135e+00
2.855999999999999872e+00,1.582500000000000000e+02,8.333333333333333925e+00
2.855999999999999872e+00,1.587500000000000000e+02,1.011111111111111249e+01
2.855999999999999872e+00,1.592500000000000000e+02,9.444444444444444642e+00
2.855999999999999872e+00,1.597500000000000000e+02,1.033333333333333393e+01
2.855999999999999872e+00,1.602500000000000000e+02,1.055555555555555713e+01
2.855999999999999872e+00,1.607500000000000000e+02,1.044444444444444464e+01
2.855999999999999872e+00,1.612500000000000000e+02,8.555555555555555358e+00
2.855999999999999872e+00,1.617500000000000000e+02,7.666666666666666963e+00
2.855999999999999872e+00,1.622500000000000000e+02,9.111111111111110716e+00
2.855999999999999872e+00,1.627500000000000000e+02,1.022222222222222143e+01
2.855999999999999872e+00,1.632500000000000000e+02,1.133333333333333393e+01
2.855999999999999872e+00,1.637500000000000000e+02,1.155555555555555713e+01
2.855999999999999872e+00,1.642500000000000000e+02,1.044444444444444642e+01
2.855999999999999872e+00,1.647500000000000000e+02,9.444444444444446418e+00
2.855999999999999872e+00,1.652500000000000000e+02,8.222222222222223209e+00
2.855999999999999872e+00,1.657500000000000000e+02,9.333333333333333925e+00
2.855999999999999872e+00,1.662500000000000000e+02,9.555555555555557135e+00
2.855999999999999872e+00,1.667500000000000000e+02,9.444444444444446418e+00
2.855999999999999872e+00,1.672500000000000000e+02,9.222222222222223209e+00
2.855999999999999872e+00,1.677500000000000000e+02,8.888888888888891060e+00
2.855999999999999872e+00,1.682500000000000000e+02,8.666666666666667851e+00
2.855999999999999872e+00,1.687500000000000000e+02,8.444444444444444642e+00
2.855999999999999872e+00,1.692500000000000000e+02,8.444444444444444642e+00
2.855999999999999872e+00,1.697500000000000000e+02,8.666666666666667851e+00
2.855999999999999872e+00,1.702500000000000000e+02,9.000000000000001776e+00
2.855999999999999872e+00,1.707500000000000000e+02,8.888888888888891060e+00
2.855999999999999872e+00,1.712500000000000000e+02,8.222222222222223209e+00
2.855999999999999872e+00,1.717500000000000000e+02,7.111111111111113381e+00
2.855999999999999872e+00,1.722500000000000000e+02,6.555555555555557135e+00
2.855999999999999872e+00,1.727500000000000000e+02,7.333333333333334814e+00
2.855999999999999872e+00,1.732500000000000000e+02,7.222222222222224097e+00
2.855999999999999872e+00,1.737500000000000000e+02,6.333333333333334814e+00
2.855999999999999872e+00,1.742500000000000000e+02,5.222222222222224097e+00
2.855999999999999872e+00,1.747500000000000000e+02,4.555555555555557135e+00
2.855999999999999872e+00,1.752500000000000000e+02,3.333333333333335258e+00
2.855999999999999872e+00,1.757500000000000000e+02,2.666666666666668295e+00
2.855999999999999872e+00,1.762500000000000000e+02,2.888888888888890616e+00
2.855999999999999872e+00,1.767500000000000000e+02,3.888888888888890616e+00
2.855999999999999872e+00,1.772500000000000000e+02,3.111111111111112493e+00
2.855999999999999872e+00,1.777500000000000000e+02,2.444444444444445974e+00
2.855999999999999872e+00,1.782500000000000000e+02,1.444444444444445752e+00
2.855999999999999872e+00,1.787500000000000000e+02,1.555555555555556912e+00
2.855999999999999872e+00,1.792500000000000000e+02,6.666666666666679619e-01
2.855999999999999872e+00,1.797500000000000000e+02,4.444444444444458076e-01
2.871999999999999886e+00,1.302500000000000000e+02,3.444444444444444642e+00
2.871999999999999886e+00,1.307500000000000000e+02,4.000000000000000000e+00
2.871999999999999886e+00,1.312500000000000000e+02,4.111111111111110716e+00
2.871999999999999886e+00,1.317500000000000000e+02,4.000000000000000000e+00
2.871999999999999886e+00,1.322500000000000000e+02,4.444444444444443754e+00
2.871999999999999886e+00,1.327500000000000000e+02,4.666666666666666075e+00
2.871999999999999886e+00,1.332500000000000000e+02,5.222222222222221433e+00
2.871999999999999886e+00,1.337500000000000000e+02,5.111111111111110716e+00
2.871999999999999886e+00,1.342500000000000000e+02,5.000000000000000000e+00
2.871999999999999886e+00,1.347500000000000000e+02,5.777777777777777679e+00
2.871999999999999886e+00,1.352500000000000000e+02,5.555555555555554470e+00
2.871999999999999886e+00,1.357500000000000000e+02,5.555555555555554470e+00
2.871999999999999886e+00,1.362500000000000000e+02,4.222222222222221433e+00
2.871999999999999886e+00,1.367500000000000000e+02,3.888888888888887951e+00
2.871999999999999886e+00,1.372500000000000000e+02,4.111111111111110716e+00
2.871999999999999886e+00,1.377500000000000000e+02,4.777777777777777679e+00
2.871999999999999886e+00,1.382500000000000000e+02,5.333333333333333037e+00
2.871999999999999886e+00,1.387500000000000000e+02,6.000000000000000000e+00
2.871999999999999886e+00,1.392500000000000000e+02,7.444444444444443754e+00
2.871999999999999886e+00,1.397500000000000000e+02,6.888888888888888395e+00
2.871999999999999886e+00,1.402500000000000000e+02,7.111111111111109828e+00
2.871999999999999886e+00,1.407500000000000000e+02,6.222222222222221433e+00
2.871999999999999886e+00,1.412500000000000000e+02,7.333333333333333037e+00
2.871999999999999886e+00,1.417500000000000000e+02,7.111111111111111605e+00
2.871999999999999886e+00,1.422500000000000000e+02,7.111111111111111605e+00
2.871999999999999886e+00,1.427500000000000000e+02,6.888888888888889284e+00
2.871999999999999886e+00,1.432500000000000000e+02,6.333333333333333037e+00
2.871999999999999886e+00,1.437500000000000000e+02,6.777777777777778567e+00
2.871999999999999886e+00,1.442500000000000000e+02,7.444444444444445530e+00
2.871999999999999886e+00,1.447500000000000000e+02,8.888888888888891060e+00
2.871999999999999886e+00,1.452500000000000000e+02,9.333333333333333925e+00
2.871999999999999886e+00,1.457500000000000000e+02,8.666666666666667851e+00
2.871999999999999886e+00,1.462500000000000000e+02,8.888888888888891060e+00
2.871999999999999886e+00,1.467500000000000000e+02,9.333333333333335702e+00
2.871999999999999886e+00,1.472500000000000000e+02,1.033333333333333570e+01
2.871999999999999886e+00,1.477500000000000000e+02,1.066666666666666963e+01
2.871999999999999886e+00,1.482500000000000000e+02,9.666666666666669627e+00
2.871999999999999886e+00,1.487500000000000000e+02,9.555555555555557135e+00
2.871999999999999886e+00,1.492500000000000000e+02,8.555555555555557135e+00
2.871999999999999886e+00,1.497500000000000000e+02,1.033333333333333570e+01
2.871999999999999886e+00,1.502500000000000000e+02,1.022222222222222499e+01
2.871999999999999886e+00,1.507500000000000000e+02,1.033333333333333570e+01
2.871999999999999886e+00,1.512500000000000000e+02,8.888888888888891060e+00
2.871999999999999886e+00,1.517500000000000000e+02,9.222222222222223209e+00
2.871999999999999886e+00,1.522500000000000000e+02,1.000000000000000178e+01
2.871999999999999886e+00,1.527500000000000000e+02,1.000000000000000178e+01
2.871999999999999886e+00,1.532500000000000000e+02,9.666666666666667851e+00
2.871999999999999886e+00,1.537500000000000000e+02,8.666666666666667851e+00
2.871999999999999886e+00,1.542500000000000000e+02,1.055555555555555713e+01
2.871999999999999886e+00,1.547500000000000000e+02,1.022222222222222321e+01
2.871999999999999886e+00,1.552500000000000000e+02,1.200000000000000178e+01
2.871999999999999886e+00,1.557500000000000000e+02,1.144444444444444819e+01
2.871999999999999886e+00,1.562500000000000000e+02,1.211111111111111427e+01
2.871999999999999886e+00,1.567500000000000000e+02,1.222222222222222676e+01
2.871999999999999886e+00,1.572500000000000000e+02,1.122222222222222676e+01
2.871999999999999886e+00,1.577500000000000000e+02,1.088888888888889284e+01
2.871999999999999886e+00,1.582500000000000000e+02,1.044444444444444819e+01
2.871999999999999886e+00,1.587500000000000000e+02,1.155555555555555891e+01
2.871999999999999886e+00,1.592500000000000000e+02,1.200000000000000533e+01
2.871999999999999886e+00,1.597500000000000000e+02,1.355555555555556246e+01
2.871999999999999886e+00,1.602500000000000000e+02,1.388888888888889461e+01
2.871999999999999886e+00,1.607500000000000000e+02,1.366666666666667318e+01
2.871999999999999886e+00,1.612500000000000000e+02,1.155555555555556246e+01
2.871999999999999886e+00,1.617500000000000000e+02,1.044444444444444997e+01
2.871999999999999886e+00,1.622500000000000000e+02,1.166666666666667140e+01
2.871999999999999886e+00,1.627500000000000000e+02,1.211111111111111427e+01
2.871999999999999886e+00,1.632500000000000000e+02,1.300000000000000178e+01
2.871999999999999886e+00,1.637500000000000000e+02,1.344444444444444819e+01
2.871999999999999886e+00,1.642500000000000000e+02,1.355555555555555891e+01
2.871999999999999886e+00,1.647500000000000000e+02,1.366666666666667140e+01
2.871999999999999886e+00,1.652500000000000000e+02,1.200000000000000533e+01
2.871999999999999886e+00,1.657500000000000000e+02,1.211111111111111605e+01
2.871999999999999886e+00,1.662500000000000000e+02,1.200000000000000533e+01
2.871999999999999886e+00,1.667500000000000000e+02,1.233333333333333748e+01
2.871999999999999886e+00,1.672500000000000000e+02,1.122222222222222676e+01
2.871999999999999886e+00,1.677500000000000000e+02,9.777777777777782120e+00
2.871999999999999886e+00,1.682500000000000000e+02,9.444444444444448195e+00
2.871999999999999886e+00,1.687500000000000000e+02,1.022222222222222676e+01
2.871999999999999886e+00,1.692500000000000000e+02,1.133333333333333748e+01
2.871999999999999886e+00,1.697500000000000000e+02,1.155555555555555891e+01
2.871999999999999886e+00,1.702500000000000000e+02,1.222222222222222676e+01
2.871999999999999886e+00,1.707500000000000000e+02,1.077777777777778034e+01
2.871999999999999886e+00,1.712500000000000000e+02,9.444444444444448195e+00
2.871999999999999886e+00,1.717500000000000000e+02,7.888888888888891948e+00
2.871999999999999886e+00,1.722500000000000000e+02,7.777777777777781232e+00
2.871999999999999886e+00,1.727500000000000000e+02,8.555555555555558911e+00
2.871999999999999886e+00,1.732500000000000000e+02,7.555555555555558023e+00
2.871999999999999886e+00,1.737500000000000000e+02,7.777777777777781232e+00
2.871999999999999886e+00,1.742500000000000000e+02,7.111111111111114269e+00
2.871999999999999886e+00,1.747500000000000000e+02,7.000000000000002665e+00
2.871999999999999886e+00,1.752500000000000000e+02,4.777777777777780344e+00
2.871999999999999886e+00,1.757500000000000000e+02,4.333333333333335702e+00
2.871999999999999886e+00,1.762500000000000000e+02,4.000000000000002665e+00
2.871999999999999886e+00,1.767500000000000000e+02,4.333333333333335702e+00
2.871999999999999886e+00,1.772500000000000000e+02,2.666666666666669183e+00
2.871999999999999886e+00,1.777500000000000000e+02,2.555555555555558023e+00
2.871999999999999886e+00,1.782500000000000000e+02,2.111111111111113825e+00
2.871999999999999886e+00,1.787500000000000000e+02,2.444444444444446862e+00
2.871999999999999886e+00,1.792500000000000000e+02,1.111111111111113603e+00
2.871999999999999886e+00,1.797500000000000000e+02,5.555555555555581337e-01
2.887999999999999901e+00,1.302500000000000000e+02,4.666666666666666963e+00
2.887999999999999901e+00,1.307500000000000000e+02,5.222222222222222321e+00
2.887999999999999901e+00,1.312500000000000000e+02,5.222222222222222321e+00
2.887999999999999901e+00,1.317500000000000000e+02,5.111111111111111605e+00
2.887999999999999901e+00,1.322500000000000000e+02,5.000000000000000000e+00
2.887999999999999901e+00,1.327500000000000000e+02,5.222222222222222321e+00
2.887999999999999901e+00,1.332500000000000000e+02,6.444444444444445530e+00
2.887999999999999901e+00,1.337500000000000000e+02,6.777777777777778567e+00
2.887999999999999901e+00,1.342500000000000000e+02,6.666666666666666963e+00
2.887999999999999901e+00,1.347500000000000000e+02,6.888888888888889284e+00
2.887999999999999901e+00,1.352500000000000000e+02,6.888888888888889284e+00
2.887999999999999901e+00,1.357500000000000000e+02,6.555555555555556246e+00
2.887999999999999901e+00,1.362500000000000000e+02,5.222222222222222321e+00
2.887999999999999901e+00,1.367500000000000000e+02,4.666666666666666963e+00
2.887999999999999901e+00,1.372500000000000000e+02,5.444444444444445530e+00
2.887999999999999901e+00,1.377500000000000000e+02,6.222222222222222321e+00
2.887999999999999901e+00,1.382500000000000000e+02,7.000000000000000000e+00
2.887999999999999901e+00,1.387500000000000000e+02,8.333333333333333925e+00
2.887999999999999901e+00,1.392500000000000000e+02,9.333333333333333925e+00
2.887999999999999901e+00,1.397500000000000000e+02,9.000000000000000000e+00
2.887999999999999901e+00,1.402500000000000000e+02,7.444444444444445530e+00
2.887999999999999901e+00,1.407500000000000000e+02,6.333333333333333037e+00
2.887999999999999901e+00,1.412500000000000000e+02,6.666666666666666963e+00
2.887999999999999901e+00,1.417500000000000000e+02,7.888888888888888395e+00
2.887999999999999901e+00,1.422500000000000000e+02,8.777777777777776791e+00
2.887999999999999901e+00,1.427500000000000000e+02,9.666666666666664298e+00
2.887999999999999901e+00,1.432500000000000000e+02,9.555555555555553582e+00
2.887999999999999901e+00,1.437500000000000000e+02,9.555555555555553582e+00
2.887999999999999901e+00,1.442500000000000000e+02,1.022222222222221966e+01
2.887999999999999901e+00,1.447500000000000000e+02,1.133333333333333037e+01
2.887999999999999901e+00,1.452500000000000000e+02,1.166666666666666430e+01
2.887999999999999901e+00,1.457500000000000000e+02,1.133333333333333037e+01
2.887999999999999901e+00,1.462500000000000000e+02,1.077777777777777679e+01
2.887999999999999901e+00,1.467500000000000000e+02,1.222222222222222143e+01
2.887999999999999901e+00,1.472500000000000000e+02,1.200000000000000000e+01
2.887999999999999901e+00,1.477500000000000000e+02,1.211111111111111249e+01
2.887999999999999901e+00,1.482500000000000000e+02,1.088888888888889106e+01
2.887999999999999901e+00,1.487500000000000000e+02,1.066666666666666963e+01
2.887999999999999901e+00,1.492500000000000000e+02,1.033333333333333570e+01
2.887999999999999901e+00,1.497500000000000000e+02,1.322222222222222321e+01
2.887999999999999901e+00,1.502500000000000000e+02,1.477777777777777857e+01
2.887999999999999901e+00,1.507500000000000000e+02,1.488888888888889106e+01
2.887999999999999901e+00,1.512500000000000000e+02,1.222222222222222321e+01
2.887999999999999901e+00,1.517500000000000000e+02,1.200000000000000178e+01
2.887999999999999901e+00,1.522500000000000000e+02,1.366666666666666963e+01
2.887999999999999901e+00,1.527500000000000000e+02,1.433333333333333570e+01
2.887999999999999901e+00,1.532500000000000000e+02,1.288888888888889106e+01
2.887999999999999901e+00,1.537500000000000000e+02,1.188888888888889106e+01
2.887999999999999901e+00,1.542500000000000000e+02,1.422222222222222321e+01
2.887999999999999901e+00,1.547500000000000000e+02,1.522222222222222321e+01
2.887999999999999901e+00,1.552500000000000000e+02,1.611111111111111427e+01
2.887999999999999901e+00,1.557500000000000000e+02,1.444444444444444819e+01
2.887999999999999901e+00,1.562500000000000000e+02,1.622222222222222499e+01
2.887999999999999901e+00,1.567500000000000000e+02,1.600000000000000000e+01
2.887999999999999901e+00,1.572500000000000000e+02,1.500000000000000000e+01
2.887999999999999901e+00,1.577500000000000000e+02,1.388888888888889106e+01
2.887999999999999901e+00,1.582500000000000000e+02,1.366666666666666963e+01
2.887999999999999901e+00,1.587500000000000000e+02,1.511111111111111427e+01
2.887999999999999901e+00,1.592500000000000000e+02,1.588888888888889106e+01
2.887999999999999901e+00,1.597500000000000000e+02,1.633333333333333570e+01
2.887999999999999901e+00,1.602500000000000000e+02,1.711111111111111427e+01
2.887999999999999901e+00,1.607500000000000000e+02,1.633333333333333925e+01
2.887999999999999901e+00,1.612500000000000000e+02,1.633333333333333925e+01
2.887999999999999901e+00,1.617500000000000000e+02,1.544444444444444819e+01
2.887999999999999901e+00,1.622500000000000000e+02,1.588888888888889106e+01
2.887999999999999901e+00,1.627500000000000000e+02,1.622222222222222499e+01
2.887999999999999901e+00,1.632500000000000000e+02,1.655555555555555713e+01
2.887999999999999901e+00,1.637500000000000000e+02,1.744444444444444642e+01
2.887999999999999901e+00,1.642500000000000000e+02,1.755555555555556069e+01
2.887999999999999901e+00,1.647500000000000000e+02,1.800000000000000355e+01
2.887999999999999901e+00,1.652500000000000000e+02,1.566666666666667140e+01
2.887999999999999901e+00,1.657500000000000000e+02,1.555555555555555891e+01
2.887999999999999901e+00,1.662500000000000000e+02,1.500000000000000533e+01
2.887999999999999901e+00,1.667500000000000000e+02,1.522222222222222676e+01
2.887999999999999901e+00,1.672500000000000000e+02,1.355555555555555891e+01
2.887999999999999901e+00,1.677500000000000000e+02,1.388888888888889284e+01
2.887999999999999901e+00,1.682500000000000000e+02,1.366666666666667140e+01
2.887999999999999901e+00,1.687500000000000000e+02,1.388888888888889284e+01
2.887999999999999901e+00,1.692500000000000000e+02,1.377777777777778034e+01
2.887999999999999901e+00,1.697500000000000000e+02,1.411111111111111427e+01
2.887999999999999901e+00,1.702500000000000000e+02,1.544444444444444819e+01
2.887999999999999901e+00,1.707500000000000000e+02,1.277777777777778034e+01
2.887999999999999901e+00,1.712500000000000000e+02,1.177777777777778034e+01
2.887999999999999901e+00,1.717500000000000000e+02,9.888888888888892836e+00
2.887999999999999901e+00,1.722500000000000000e+02,1.000000000000000355e+01
2.887999999999999901e+00,1.727500000000000000e+02,1.000000000000000355e+01
2.887999999999999901e+00,1.732500000000000000e+02,9.222222222222226762e+00
2.887999999999999901e+00,1.737500000000000000e+02,9.333333333333337478e+00
2.887999999999999901e+00,1.742500000000000000e+02,9.222222222222226762e+00
2.887999999999999901e+00,1.747500000000000000e+02,8.888888888888892836e+00
2.887999999999999901e+00,1.752500000000000000e+02,7.111111111111115157e+00
2.887999999999999901e+00,1.757500000000000000e+02,6.222222222222225874e+00
2.887999999999999901e+00,1.762500000000000000e+02,5.444444444444449083e+00
2.887999999999999901e+00,1.767500000000000000e+02,5.000000000000004441e+00
2.887999999999999901e+00,1.772500000000000000e+02,3.222222222222226318e+00
2.887999999999999901e+00,1.777500000000000000e+02,3.222222222222226318e+00
2.887999999999999901e+00,1.782500000000000000e+02,2.666666666666670960e+00
2.887999999999999901e+00,1.787500000000000000e+02,2.555555555555559355e+00
2.887999999999999901e+00,1.792500000000000000e+02,1.000000000000003775e+00
2.887999999999999901e+00,1.797500000000000000e+02,4.444444444444482500e-01
2.903999999999999915e+00,1.302500000000000000e+02,6.666666666666666963e+00
2.903999999999999915e+00,1.307500000000000000e+02,7.000000000000000000e+00
2.903999999999999915e+00,1.312500000000000000e+02,6.333333333333333037e+00
2.903999999999999915e+00,1.317500000000000000e+02,6.222222222222222321e+00
2.903999999999999915e+00,1.322500000000000000e+02,5.777777777777778567e+00
2.903999999999999915e+00,1.327500000000000000e+02,6.333333333333334814e+00
2.903999999999999915e+00,1.332500000000000000e+02,7.111111111111111605e+00
2.903999999999999915e+00,1.337500000000000000e+02,8.111111111111112493e+00
2.903999999999999915e+00,1.342500000000000000e+02,8.555555555555557135e+00
2.903999999999999915e+00,1.347500000000000000e+02,9.222222222222223209e+00
2.903999999999999915e+00,1.352500000000000000e+02,8.555555555555557135e+00
2.903999999999999915e+00,1.357500000000000000e+02,8.111111111111112493e+00
2.903999999999999915e+00,1.362500000000000000e+02,7.000000000000000000e+00
2.903999999999999915e+00,1.367500000000000000e+02,6.111111111111110716e+00
2.903999999999999915e+00,1.372500000000000000e+02,6.333333333333333037e+00
2.903999999999999915e+00,1.377500000000000000e+02,7.111111111111111605e+00
2.903999999999999915e+00,1.382500000000000000e+02,8.555555555555555358e+00
2.903999999999999915e+00,1.387500000000000000e+02,9.666666666666666075e+00
2.903999999999999915e+00,1.392500000000000000e+02,1.011111111111111072e+01
2.903999999999999915e+00,1.397500000000000000e+02,9.777777777777776791e+00
2.903999999999999915e+00,1.402500000000000000e+02,8.888888888888887507e+00
2.903999999999999915e+00,1.407500000000000000e+02,8.888888888888887507e+00
2.903999999999999915e+00,1.412500000000000000e+02,9.111111111111110716e+00
2.903999999999999915e+00,1.417500000000000000e+02,1.033333333333333393e+01
2.903999999999999915e+00,1.422500000000000000e+02,1.077777777777777857e+01
2.903999999999999915e+00,1.427500000000000000e+02,1.188888888888889106e+01
2.903999999999999915e+00,1.432500000000000000e+02,1.133333333333333570e+01
2.903999999999999915e+00,1.437500000000000000e+02,1.077777777777778034e+01
2.903999999999999915e+00,1.442500000000000000e+02,1.233333333333333570e+01
2.903999999999999915e+00,1.447500000000000000e+02,1.388888888888889106e+01
2.903999999999999915e+00,1.452500000000000000e+02,1.544444444444444464e+01
2.903999999999999915e+00,1.457500000000000000e+02,1.577777777777777857e+01
2.903999999999999915e+00,1.462500000000000000e+02,1.511111111111111249e+01
2.903999999999999915e+00,1.467500000000000000e+02,1.622222222222222499e+01
2.903999999999999915e+00,1.472500000000000000e+02,1.333333333333333570e+01
2.903999999999999915e+00,1.477500000000000000e+02,1.333333333333333570e+01
2.903999999999999915e+00,1.482500000000000000e+02,1.222222222222222321e+01
2.903999999999999915e+00,1.487500000000000000e+02,1.366666666666666963e+01
2.903999999999999915e+00,1.492500000000000000e+02,1.466666666666666963e+01
2.903999999999999915e+00,1.497500000000000000e+02,1.711111111111111427e+01
2.903999999999999915e+00,1.502500000000000000e+02,1.888888888888888928e+01
2.903999999999999915e+00,1.507500000000000000e+02,1.877777777777777857e+01
2.903999999999999915e+00,1.512500000000000000e+02,1.622222222222222499e+01
2.903999999999999915e+00,1.517500000000000000e+02,1.722222222222222499e+01
2.903999999999999915e+00,1.522500000000000000e+02,1.944444444444444642e+01
2.903999999999999915e+00,1.527500000000000000e+02,1.966666666666666785e+01
2.903999999999999915e+00,1.532500000000000000e+02,1.711111111111111072e+01
2.903999999999999915e+00,1.537500000000000000e+02,1.533333333333333393e+01
2.903999999999999915e+00,1.542500000000000000e+02,1.811111111111111072e+01
2.903999999999999915e+00,1.547500000000000000e+02,1.955555555555555713e+01
2.903999999999999915e+00,1.552500000000000000e+02,2.022222222222222499e+01
2.903999999999999915e+00,1.557500000000000000e+02,1.855555555555555713e+01
2.903999999999999915e+00,1.562500000000000000e+02,1.955555555555555713e+01
2.903999999999999915e+00,1.567500000000000000e+02,1.922222222222222499e+01
2.903999999999999915e+00,1.572500000000000000e+02,1.833333333333333215e+01
2.903999999999999915e+00,1.577500000000000000e+02,1.744444444444444287e+01
2.903999999999999915e+00,1.582500000000000000e+02,1.655555555555555358e+01
2.903999999999999915e+00,1.587500000000000000e+02,1.677777777777777501e+01
2.903999999999999915e+00,1.592500000000000000e+02,1.833333333333333215e+01
2.903999999999999915e+00,1.597500000000000000e+02,1.955555555555555358e+01
2.903999999999999915e+00,1.602500000000000000e+02,2.222222222222222499e+01
2.903999999999999915e+00,1.607500000000000000e+02,2.088888888888888928e+01
2.903999999999999915e+00,1.612500000000000000e+02,2.122222222222222499e+01
2.903999999999999915e+00,1.617500000000000000e+02,2.077777777777777857e+01
2.903999999999999915e+00,1.622500000000000000e+02,1.977777777777777857e+01
2.903999999999999915e+00,1.627500000000000000e+02,2.088888888888888928e+01
2.903999999999999915e+00,1.632500000000000000e+02,2.000000000000000355e+01
2.903999999999999915e+00,1.637500000000000000e+02,2.277777777777778212e+01
2.903999999999999915e+00,1.642500000000000000e+02,2.200000000000000355e+01
2.903999999999999915e+00,1.647500000000000000e+02,2.366666666666667140e+01
2.903999999999999915e+00,1.652500000000000000e+02,2.111111111111111782e+01
2.903999999999999915e+00,1.657500000000000000e+02,2.066666666666667140e+01
2.903999999999999915e+00,1.662500000000000000e+02,1.866666666666667140e+01
2.903999999999999915e+00,1.667500000000000000e+02,1.888888888888889284e+01
2.903999999999999915e+00,1.672500000000000000e+02,1.688888888888889284e+01
2.903999999999999915e+00,1.677500000000000000e+02,1.666666666666667140e+01
2.903999999999999915e+00,1.682500000000000000e+02,1.644444444444444997e+01
2.903999999999999915e+00,1.687500000000000000e+02,1.688888888888889639e+01
2.903999999999999915e+00,1.692500000000000000e+02,1.711111111111111782e+01
2.903999999999999915e+00,1.697500000000000000e+02,1.611111111111111782e+01
2.903999999999999915e+00,1.702500000000000000e+02,1.766666666666667496e+01
2.903999999999999915e+00,1.707500000000000000e+02,1.544444444444445175e+01
2.903999999999999915e+00,1.712500000000000000e+02,1.477777777777778567e+01
2.903999999999999915e+00,1.717500000000000000e+02,1.277777777777778567e+01
2.903999999999999915e+00,1.722500000000000000e+02,1.211111111111111960e+01
2.903999999999999915e+00,1.727500000000000000e+02,1.188888888888889817e+01
2.903999999999999915e+00,1.732500000000000000e+02,1.044444444444445352e+01
2.903999999999999915e+00,1.737500000000000000e+02,1.144444444444445175e+01
2.903999999999999915e+00,1.742500000000000000e+02,1.133333333333334103e+01
2.903999999999999915e+00,1.747500000000000000e+02,1.100000000000000711e+01
2.903999999999999915e+00,1.752500000000000000e+02,9.555555555555562464e+00
2.903999999999999915e+00,1.757500000000000000e+02,8.555555555555562464e+00
2.903999999999999915e+00,1.762500000000000000e+02,6.777777777777783008e+00
2.903999999999999915e+00,1.767500000000000000e+02,5.888888888888895501e+00
2.903999999999999915e+00,1.772500000000000000e+02,4.000000000000006217e+00
2.903999999999999915e+00,1.777500000000000000e+02,4.666666666666673180e+00
2.903999999999999915e+00,1.782500000000000000e+02,3.444444444444451303e+00
2.903999999999999915e+00,1.787500000000000000e+02,2.777777777777784340e+00
2.903999999999999915e+00,1.792500000000000000e+02,1.333333333333340143e+00
2.903999999999999915e+00,1.797500000000000000e+02,7.777777777777844515e-01
2.919999999999999929e+00,1.302500000000000000e+02,9.888888888888887507e+00
2.919999999999999929e+00,1.307500000000000000e+02,9.444444444444444642e+00
2.919999999999999929e+00,1.312500000000000000e+02,8.555555555555555358e+00
2.919999999999999929e+00,1.317500000000000000e+02,8.111111111111108940e+00
2.919999999999999929e+00,1.322500000000000000e+02,7.666666666666664298e+00
2.919999999999999929e+00,1.327500000000000000e+02,7.888888888888885731e+00
2.919999999999999929e+00,1.332500000000000000e+02,8.222222222222219656e+00
2.919999999999999929e+00,1.337500000000000000e+02,9.222222222222219656e+00
2.919999999999999929e+00,1.342500000000000000e+02,9.777777777777775015e+00
2.919999999999999929e+00,1.347500000000000000e+02,1.077777777777777679e+01
2.919999999999999929e+00,1.352500000000000000e+02,1.055555555555555536e+01
2.919999999999999929e+00,1.357500000000000000e+02,1.011111111111110894e+01
2.919999999999999929e+00,1.362500000000000000e+02,9.444444444444442865e+00
2.919999999999999929e+00,1.367500000000000000e+02,8.999999999999998224e+00
2.919999999999999929e+00,1.372500000000000000e+02,9.333333333333330373e+00
2.919999999999999929e+00,1.377500000000000000e+02,9.999999999999998224e+00
2.919999999999999929e+00,1.382500000000000000e+02,1.211111111111110894e+01
2.919999999999999929e+00,1.387500000000000000e+02,1.277777777777777679e+01
2.919999999999999929e+00,1.392500000000000000e+02,1.299999999999999822e+01
2.919999999999999929e+00,1.397500000000000000e+02,1.244444444444444287e+01
2.919999999999999929e+00,1.402500000000000000e+02,1.188888888888888751e+01
2.919999999999999929e+00,1.407500000000000000e+02,1.177777777777777679e+01
2.919999999999999929e+00,1.412500000000000000e+02,1.088888888888888751e+01
2.919999999999999929e+00,1.417500000000000000e+02,1.322222222222222143e+01
2.919999999999999929e+00,1.422500000000000000e+02,1.455555555555555536e+01
2.919999999999999929e+00,1.427500000000000000e+02,1.622222222222222143e+01
2.919999999999999929e+00,1.432500000000000000e+02,1.500000000000000000e+01
2.919999999999999929e+00,1.437500000000000000e+02,1.500000000000000000e+01
2.919999999999999929e+00,1.442500000000000000e+02,1.711111111111111072e+01
2.919999999999999929e+00,1.447500000000000000e+02,1.911111111111111072e+01
2.919999999999999929e+00,1.452500000000000000e+02,1.966666666666666430e+01
2.919999999999999929e+00,1.457500000000000000e+02,1.955555555555555358e+01
2.919999999999999929e+00,1.462500000000000000e+02,1.766666666666666075e+01
2.919999999999999929e+00,1.467500000000000000e+02,1.766666666666666075e+01
2.919999999999999929e+00,1.472500000000000000e+02,1.522222222222221610e+01
2.919999999999999929e+00,1.477500000000000000e+02,1.733333333333332860e+01
2.919999999999999929e+00,1.482500000000000000e+02,1.833333333333332860e+01
2.919999999999999929e+00,1.487500000000000000e+02,1.888888888888888218e+01
2.919999999999999929e+00,1.492500000000000000e+02,1.933333333333332860e+01
2.919999999999999929e+00,1.497500000000000000e+02,2.044444444444443931e+01
2.919999999999999929e+00,1.502500000000000000e+02,2.322222222222221788e+01
2.919999999999999929e+00,1.507500000000000000e+02,2.288888888888888573e+01
2.919999999999999929e+00,1.512500000000000000e+02,2.111111111111111072e+01
2.919999999999999929e+00,1.517500000000000000e+02,2.155555555555555358e+01
2.919999999999999929e+00,1.522500000000000000e+02,2.399999999999999645e+01
2.919999999999999929e+00,1.527500000000000000e+02,2.433333333333332860e+01
2.919999999999999929e+00,1.532500000000000000e+02,2.322222222222221788e+01
2.919999999999999929e+00,1.537500000000000000e+02,2.177777777777777501e+01
2.919999999999999929e+00,1.542500000000000000e+02,2.433333333333333215e+01
2.919999999999999929e+00,1.547500000000000000e+02,2.500000000000000000e+01
2.919999999999999929e+00,1.552500000000000000e+02,2.600000000000000000e+01
2.919999999999999929e+00,1.557500000000000000e+02,2.500000000000000000e+01
2.919999999999999929e+00,1.562500000000000000e+02,2.566666666666666785e+01
2.919999999999999929e+00,1.567500000000000000e+02,2.455555555555555358e+01
2.919999999999999929e+00,1.572500000000000000e+02,2.311111111111110361e+01
2.919999999999999929e+00,1.577500000000000000e+02,2.322222222222221433e+01
2.919999999999999929e+00,1.582500000000000000e+02,2.199999999999998934e+01
2.919999999999999929e+00,1.587500000000000000e+02,2.166666666666665719e+01
2.919999999999999929e+00,1.592500000000000000e+02,2.177777777777776791e+01
2.919999999999999929e+00,1.597500000000000000e+02,2.233333333333332504e+01
2.919999999999999929e+00,1.602500000000000000e+02,2.555555555555554648e+01
2.919999999999999929e+00,1.607500000000000000e+02,2.455555555555554648e+01
2.919999999999999929e+00,1.612500000000000000e+02,2.566666666666665719e+01
2.919999999999999929e+00,1.617500000000000000e+02,2.499999999999998934e+01
2.919999999999999929e+00,1.622500000000000000e+02,2.522222222222221433e+01
2.919999999999999929e+00,1.627500000000000000e+02,2.677777777777777146e+01
2.919999999999999929e+00,1.632500000000000000e+02,2.711111111111110361e+01
2.919999999999999929e+00,1.637500000000000000e+02,2.955555555555555358e+01
2.919999999999999929e+00,1.642500000000000000e+02,2.777777777777777501e+01
2.919999999999999929e+00,1.647500000000000000e+02,2.822222222222221788e+01
2.919999999999999929e+00,1.652500000000000000e+02,2.511111111111110361e+01
2.919999999999999929e+00,1.657500000000000000e+02,2.488888888888888218e+01
2.919999999999999929e+00,1.662500000000000000e+02,2.244444444444443931e+01
2.919999999999999929e+00,1.667500000000000000e+02,2.188888888888888218e+01
2.919999999999999929e+00,1.672500000000000000e+02,2.066666666666666075e+01
2.919999999999999929e+00,1.677500000000000000e+02,2.155555555555554648e+01
2.919999999999999929e+00,1.682500000000000000e+02,2.266666666666665719e+01
2.919999999999999929e+00,1.687500000000000000e+02,2.188888888888887507e+01
2.919999999999999929e+00,1.692500000000000000e+02,2.155555555555554292e+01
2.919999999999999929e+00,1.697500000000000000e+02,1.922222222222221077e+01
2.919999999999999929e+00,1.702500000000000000e+02,2.099999999999998934e+01
2.919999999999999929e+00,1.707500000000000000e+02,1.899999999999998934e+01
2.919999999999999929e+00,1.712500000000000000e+02,1.944444444444443221e+01
2.919999999999999929e+00,1.717500000000000000e+02,1.755555555555554292e+01
2.919999999999999929e+00,1.722500000000000000e+02,1.744444444444443221e+01
2.919999999999999929e+00,1.727500000000000000e+02,1.688888888888887507e+01
2.919999999999999929e+00,1.732500000000000000e+02,1.533333333333332149e+01
2.919999999999999929e+00,1.737500000000000000e+02,1.522222222222220900e+01
2.919999999999999929e+00,1.742500000000000000e+02,1.399999999999998757e+01
2.919999999999999929e+00,1.747500000000000000e+02,1.255555555555554292e+01
2.919999999999999929e+00,1.752500000000000000e+02,1.233333333333332149e+01
2.919999999999999929e+00,1.757500000000000000e+02,1.111111111111110006e+01
2.919999999999999929e+00,1.762500000000000000e+02,9.999999999999989342e+00
2.919999999999999929e+00,1.767500000000000000e+02,7.111111111111100058e+00
2.919999999999999929e+00,1.772500000000000000e+02,5.444444444444433095e+00
2.919999999999999929e+00,1.777500000000000000e+02,5.666666666666654528e+00
2.919999999999999929e+00,1.782500000000000000e+02,4.555555555555543812e+00
2.919999999999999929e+00,1.787500000000000000e+02,3.111111111111098726e+00
2.919999999999999929e+00,1.792500000000000000e+02,1.555555555555543590e+00
2.919999999999999929e+00,1.797500000000000000e+02,6.666666666666545282e-01
2.935999999999999943e+00,1.302500000000000000e+02,9.888888888888887507e+00
2.935999999999999943e+00,1.307500000000000000e+02,9.444444444444444642e+00
2.935999999999999943e+00,1.312500000000000000e+02,9.333333333333333925e+00
2.935999999999999943e+00,1.317500000000000000e+02,1.044444444444444464e+01
2.935999999999999943e+00,1.322500000000000000e+02,1.133333333333333393e+01
2.935999999999999943e+00,1.327500000000000000e+02,1.144444444444444287e+01
2.935999999999999943e+00,1.332500000000000000e+02,1.122222222222222143e+01
2.935999999999999943e+00,1.337500000000000000e+02,1.144444444444444287e+01
2.935999999999999943e+00,1.342500000000000000e+02,1.233333333333333393e+01
2.935999999999999943e+00,1.347500000000000000e+02,1.288888888888888751e+01
2.935999999999999943e+00,1.352500000000000000e+02,1.255555555555555536e+01
2.935999999999999943e+00,1.357500000000000000e+02,1.244444444444444287e+01
2.935999999999999943e+00,1.362500000000000000e+02,1.200000000000000000e+01
2.935999999999999943e+00,1.367500000000000000e+02,1.177777777777777857e+01
2.935999999999999943e+00,1.372500000000000000e+02,1.100000000000000000e+01
2.935999999999999943e+00,1.377500000000000000e+02,1.166666666666666607e+01
2.935999999999999943e+00,1.382500000000000000e+02,1.322222222222222143e+01
2.935999999999999943e+00,1.387500000000000000e+02,1.411111111111110894e+01
2.935999999999999943e+00,1.392500000000000000e+02,1.544444444444444287e+01
2.935999999999999943e+00,1.397500000000000000e+02,1.577777777777777679e+01
2.935999999999999943e+00,1.402500000000000000e+02,1.599999999999999822e+01
2.935999999999999943e+00,1.407500000000000000e+02,1.533333333333333037e+01
2.935999999999999943e+00,1.412500000000000000e+02,1.566666666666666430e+01
2.935999999999999943e+00,1.417500000000000000e+02,1.766666666666666430e+01
2.935999999999999943e+00,1.422500000000000000e+02,1.833333333333333215e+01
2.935999999999999943e+00,1.427500000000000000e+02,1.822222222222221788e+01
2.935999999999999943e+00,1.432500000000000000e+02,1.699999999999999645e+01
2.935999999999999943e+00,1.437500000000000000e+02,1.733333333333332860e+01
2.935999999999999943e+00,1.442500000000000000e+02,1.911111111111110716e+01
2.935999999999999943e+00,1.447500000000000000e+02,2.066666666666666075e+01
2.935999999999999943e+00,1.452500000000000000e+02,2.177777777777777146e+01
2.935999999999999943e+00,1.457500000000000000e+02,2.299999999999998934e+01
2.935999999999999943e+00,1.462500000000000000e+02,2.255555555555554648e+01
2.935999999999999943e+00,1.467500000000000000e+02,2.155555555555554648e+01
2.935999999999999943e+00,1.472500000000000000e+02,1.922222222222221433e+01
2.935999999999999943e+00,1.477500000000000000e+02,2.177777777777777146e+01
2.935999999999999943e+00,1.482500000000000000e+02,2.455555555555554648e+01
2.935999999999999943e+00,1.487500000000000000e+02,2.633333333333332504e+01
2.935999999999999943e+00,1.492500000000000000e+02,2.688888888888888218e+01
2.935999999999999943e+00,1.497500000000000000e+02,2.744444444444443931e+01
2.935999999999999943e+00,1.502500000000000000e+02,2.866666666666665719e+01
2.935999999999999943e+00,1.507500000000000000e+02,2.822222222222221433e+01
2.935999999999999943e+00,1.512500000000000000e+02,2.544444444444443931e+01
2.935999999999999943e+00,1.517500000000000000e+02,2.588888888888888573e+01
2.935999999999999943e+00,1.522500000000000000e+02,2.666666666666666075e+01
2.935999999999999943e+00,1.527500000000000000e+02,2.833333333333332860e+01
2.935999999999999943e+00,1.532500000000000000e+02,2.766666666666666075e+01
2.935999999999999943e+00,1.537500000000000000e+02,2.666666666666666075e+01
2.935999999999999943e+00,1.542500000000000000e+02,2.833333333333332860e+01
2.935999999999999943e+00,1.547500000000000000e+02,2.799999999999999645e+01
2.935999999999999943e+00,1.552500000000000000e+02,2.988888888888888573e+01
2.935999999999999943e+00,1.557500000000000000e+02,2.933333333333333215e+01
2.935999999999999943e+00,1.562500000000000000e+02,2.944444444444444287e+01
2.935999999999999943e+00,1.567500000000000000e+02,2.877777777777777501e+01
2.935999999999999943e+00,1.572500000000000000e+02,2.811111111111111072e+01
2.935999999999999943e+00,1.577500000000000000e+02,2.955555555555555358e+01
2.935999999999999943e+00,1.582500000000000000e+02,2.911111111111110361e+01
2.935999999999999943e+00,1.587500000000000000e+02,2.866666666666665719e+01
2.935999999999999943e+00,1.592500000000000000e+02,2.755555555555554648e+01
2.935999999999999943e+00,1.597500000000000000e+02,2.677777777777777146e+01
2.935999999999999943e+00,1.602500000000000000e+02,2.944444444444443931e+01
2.935999999999999943e+00,1.607500000000000000e+02,2.844444444444443931e+01
2.935999999999999943e+00,1.612500000000000000e+02,3.044444444444443931e+01
2.935999999999999943e+00,1.617500000000000000e+02,2.877777777777777146e+01
2.935999999999999943e+00,1.622500000000000000e+02,3.122222222222221788e+01
2.935999999999999943e+00,1.627500000000000000e+02,3.033333333333332860e+01
2.935999999999999943e+00,1.632500000000000000e+02,3.022222222222221788e+01
2.935999999999999943e+00,1.637500000000000000e+02,3.099999999999999645e+01
2.935999999999999943e+00,1.642500000000000000e+02,2.933333333333332860e+01
2.935999999999999943e+00,1.647500000000000000e+02,3.099999999999999645e+01
2.935999999999999943e+00,1.652500000000000000e+02,2.999999999999999645e+01
2.935999999999999943e+00,1.657500000000000000e+02,3.099999999999999645e+01
2.935999999999999943e+00,1.662500000000000000e+02,2.888888888888888573e+01
2.935999999999999943e+00,1.667500000000000000e+02,2.755555555555555358e+01
2.935999999999999943e+00,1.672500000000000000e+02,2.677777777777777501e+01
2.935999999999999943e+00,1.677500000000000000e+02,2.611111111111111072e+01
2.935999999999999943e+00,1.682500000000000000e+02,2.755555555555555358e+01
2.935999999999999943e+00,1.687500000000000000e+02,2.744444444444444287e+01
2.935999999999999943e+00,1.692500000000000000e+02,2.877777777777777501e+01
2.935999999999999943e+00,1.697500000000000000e+02,2.533333333333333215e+01
2.935999999999999943e+00,1.702500000000000000e+02,2.555555555555555358e+01
2.935999999999999943e+00,1.707500000000000000e+02,2.277777777777777146e+01
2.935999999999999943e+00,1.712500000000000000e+02,2.344444444444443931e+01
2.935999999999999943e+00,1.717500000000000000e+02,2.188888888888888573e+01
2.935999999999999943e+00,1.722500000000000000e+02,2.188888888888888573e+01
2.935999999999999943e+00,1.727500000000000000e+02,2.066666666666666075e+01
2.935999999999999943e+00,1.732500000000000000e+02,1.922222222222221788e+01
2.935999999999999943e+00,1.737500000000000000e+02,1.855555555555555003e+01
2.935999999999999943e+00,1.742500000000000000e+02,1.633333333333332860e+01
2.935999999999999943e+00,1.747500000000000000e+02,1.522222222222221966e+01
2.935999999999999943e+00,1.752500000000000000e+02,1.477777777777777679e+01
2.935999999999999943e+00,1.757500000000000000e+02,1.433333333333333037e+01
2.935999999999999943e+00,1.762500000000000000e+02,1.299999999999999822e+01
2.935999999999999943e+00,1.767500000000000000e+02,9.999999999999998224e+00
2.935999999999999943e+00,1.772500000000000000e+02,8.444444444444441089e+00
2.935999999999999943e+00,1.777500000000000000e+02,7.666666666666664298e+00
2.935999999999999943e+00,1.782500000000000000e+02,6.222222222222218768e+00
2.935999999999999943e+00,1.787500000000000000e+02,3.999999999999996891e+00
2.935999999999999943e+00,1.792500000000000000e+02,1.888888888888885731e+00
2.935999999999999943e+00,1.797500000000000000e+02,1.111111111111108052e+00
2.951999999999999957e+00,1.302500000000000000e+02,9.444444444444444642e+00
2.951999999999999957e+00,1.307500000000000000e+02,1.011111111111111249e+01
2.951999999999999957e+00,1.312500000000000000e+02,1.166666666666666607e+01
2.951999999999999957e+00,1.317500000000000000e+02,1.333333333333333393e+01
2.951999999999999957e+00,1.322500000000000000e+02,1.400000000000000000e+01
2.951999999999999957e+00,1.327500000000000000e+02,1.366666666666666607e+01
2.951999999999999957e+00,1.332500000000000000e+02,1.355555555555555536e+01
2.951999999999999957e+00,1.337500000000000000e+02,1.333333333333333393e+01
2.951999999999999957e+00,1.342500000000000000e+02,1.277777777777777857e+01
2.951999999999999957e+00,1.347500000000000000e+02,1.266666666666666607e+01
2.951999999999999957e+00,1.352500000000000000e+02,1.322222222222222143e+01
2.951999999999999957e+00,1.357500000000000000e+02,1.411111111111110894e+01
2.951999999999999957e+00,1.362500000000000000e+02,1.433333333333333393e+01
2.951999999999999957e+00,1.367500000000000000e+02,1.411111111111111249e+01
2.951999999999999957e+00,1.372500000000000000e+02,1.455555555555555713e+01
2.951999999999999957e+00,1.377500000000000000e+02,1.500000000000000000e+01
2.951999999999999957e+00,1.382500000000000000e+02,1.633333333333333215e+01
2.951999999999999957e+00,1.387500000000000000e+02,1.655555555555555713e+01
2.951999999999999957e+00,1.392500000000000000e+02,1.877777777777777857e+01
2.951999999999999957e+00,1.397500000000000000e+02,1.911111111111111072e+01
2.951999999999999957e+00,1.402500000000000000e+02,2.055555555555555713e+01
2.951999999999999957e+00,1.407500000000000000e+02,1.988888888888888928e+01
2.951999999999999957e+00,1.412500000000000000e+02,2.055555555555555713e+01
2.951999999999999957e+00,1.417500000000000000e+02,2.155555555555555713e+01
2.951999999999999957e+00,1.422500000000000000e+02,2.277777777777778212e+01
2.951999999999999957e+00,1.427500000000000000e+02,2.355555555555556069e+01
2.951999999999999957e+00,1.432500000000000000e+02,2.300000000000000355e+01
2.951999999999999957e+00,1.437500000000000000e+02,2.355555555555556069e+01
2.951999999999999957e+00,1.442500000000000000e+02,2.300000000000000355e+01
2.951999999999999957e+00,1.447500000000000000e+02,2.366666666666667140e+01
2.951999999999999957e+00,1.452500000000000000e+02,2.311111111111111427e+01
2.951999999999999957e+00,1.457500000000000000e+02,2.388888888888888928e+01
2.951999999999999957e+00,1.462500000000000000e+02,2.377777777777778212e+01
2.951999999999999957e+00,1.467500000000000000e+02,2.344444444444444642e+01
2.951999999999999957e+00,1.472500000000000000e+02,2.355555555555556069e+01
2.951999999999999957e+00,1.477500000000000000e+02,2.577777777777778567e+01
2.951999999999999957e+00,1.482500000000000000e+02,2.844444444444445352e+01
2.951999999999999957e+00,1.487500000000000000e+02,3.033333333333334281e+01
2.951999999999999957e+00,1.492500000000000000e+02,3.233333333333334281e+01
2.951999999999999957e+00,1.497500000000000000e+02,3.355555555555556424e+01
2.951999999999999957e+00,1.502500000000000000e+02,3.588888888888889284e+01
2.951999999999999957e+00,1.507500000000000000e+02,3.366666666666667851e+01
2.951999999999999957e+00,1.512500000000000000e+02,3.077777777777778923e+01
2.951999999999999957e+00,1.517500000000000000e+02,2.844444444444445708e+01
2.951999999999999957e+00,1.522500000000000000e+02,2.833333333333334636e+01
2.951999999999999957e+00,1.527500000000000000e+02,3.111111111111112493e+01
2.951999999999999957e+00,1.532500000000000000e+02,3.177777777777778923e+01
2.951999999999999957e+00,1.537500000000000000e+02,3.177777777777778923e+01
2.951999999999999957e+00,1.542500000000000000e+02,3.300000000000000711e+01
2.951999999999999957e+00,1.547500000000000000e+02,3.355555555555556424e+01
2.951999999999999957e+00,1.552500000000000000e+02,3.700000000000000711e+01
2.951999999999999957e+00,1.557500000000000000e+02,3.688888888888889284e+01
2.951999999999999957e+00,1.562500000000000000e+02,3.755555555555556424e+01
2.951999999999999957e+00,1.567500000000000000e+02,3.544444444444444997e+01
2.951999999999999957e+00,1.572500000000000000e+02,3.588888888888889284e+01
2.951999999999999957e+00,1.577500000000000000e+02,3.722222222222222854e+01
2.951999999999999957e+00,1.582500000000000000e+02,3.788888888888889284e+01
2.951999999999999957e+00,1.587500000000000000e+02,3.600000000000000711e+01
2.951999999999999957e+00,1.592500000000000000e+02,3.366666666666667851e+01
2.951999999999999957e+00,1.597500000000000000e+02,3.422222222222223564e+01
2.951999999999999957e+00,1.602500000000000000e+02,3.566666666666667851e+01
2.951999999999999957e+00,1.607500000000000000e+02,3.500000000000000711e+01
2.951999999999999957e+00,1.612500000000000000e+02,3.622222222222222854e+01
2.951999999999999957e+00,1.617500000000000000e+02,3.522222222222222854e+01
2.951999999999999957e+00,1.622500000000000000e+02,3.900000000000000711e+01
2.951999999999999957e+00,1.627500000000000000e+02,3.777777777777779278e+01
2.951999999999999957e+00,1.632500000000000000e+02,3.933333333333334991e+01
2.951999999999999957e+00,1.637500000000000000e+02,3.733333333333334991e+01
2.951999999999999957e+00,1.642500000000000000e+02,3.555555555555557135e+01
2.951999999999999957e+00,1.647500000000000000e+02,3.666666666666667851e+01
2.951999999999999957e+00,1.652500000000000000e+02,3.777777777777779278e+01
2.951999999999999957e+00,1.657500000000000000e+02,3.800000000000000711e+01
2.951999999999999957e+00,1.662500000000000000e+02,3.611111111111112137e+01
2.951999999999999957e+00,1.667500000000000000e+02,3.466666666666667851e+01
2.951999999999999957e+00,1.672500000000000000e+02,3.377777777777779278e+01
2.951999999999999957e+00,1.677500000000000000e+02,3.211111111111112137e+01
2.951999999999999957e+00,1.682500000000000000e+02,3.177777777777778923e+01
2.951999999999999957e+00,1.687500000000000000e+02,3.300000000000000711e+01
2.951999999999999957e+00,1.692500000000000000e+02,3.288888888888889994e+01
2.951999999999999957e+00,1.697500000000000000e+02,2.988888888888889994e+01
2.951999999999999957e+00,1.702500000000000000e+02,2.944444444444445708e+01
2.951999999999999957e+00,1.707500000000000000e+02,2.855555555555556779e+01
2.951999999999999957e+00,1.712500000000000000e+02,2.911111111111112493e+01
2.951999999999999957e+00,1.717500000000000000e+02,2.633333333333334281e+01
2.951999999999999957e+00,1.722500000000000000e+02,2.655555555555556779e+01
2.951999999999999957e+00,1.727500000000000000e+02,2.500000000000001066e+01
2.951999999999999957e+00,1.732500000000000000e+02,2.400000000000001066e+01
2.951999999999999957e+00,1.737500000000000000e+02,2.133333333333334281e+01
2.951999999999999957e+00,1.742500000000000000e+02,1.900000000000001066e+01
2.951999999999999957e+00,1.747500000000000000e+02,1.733333333333334281e+01
2.951999999999999957e+00,1.752500000000000000e+02,1.655555555555556424e+01
2.951999999999999957e+00,1.757500000000000000e+02,1.633333333333334281e+01
2.951999999999999957e+00,1.762500000000000000e+02,1.577777777777778745e+01
2.951999999999999957e+00,1.767500000000000000e+02,1.255555555555556602e+01
2.951999999999999957e+00,1.772500000000000000e+02,1.066666666666667851e+01
2.951999999999999957e+00,1.777500000000000000e+02,9.111111111111123151e+00
2.951999999999999957e+00,1.782500000000000000e+02,7.666666666666678509e+00
2.951999999999999957e+00,1.787500000000000000e+02,5.444444444444457076e+00
2.951999999999999957e+00,1.792500000000000000e+02,2.666666666666679841e+00
2.951999999999999957e+00,1.797500000000000000e+02,1.666666666666679619e+00
2.967999999999999972e+00,1.302500000000000000e+02,1.022222222222222143e+01
2.967999999999999972e+00,1.307500000000000000e+02,1.155555555555555536e+01
2.967999999999999972e+00,1.312500000000000000e+02,1.311111111111110894e+01
2.967999999999999972e+00,1.317500000000000000e+02,1.388888888888888573e+01
2.967999999999999972e+00,1.322500000000000000e+02,1.455555555555555181e+01
2.967999999999999972e+00,1.327500000000000000e+02,1.566666666666666430e+01
2.967999999999999972e+00,1.332500000000000000e+02,1.622222222222221788e+01
2.967999999999999972e+00,1.337500000000000000e+02,1.566666666666666430e+01
2.967999999999999972e+00,1.342500000000000000e+02,1.544444444444444287e+01
2.967999999999999972e+00,1.347500000000000000e+02,1.544444444444444287e+01
2.967999999999999972e+00,1.352500000000000000e+02,1.677777777777777501e+01
2.967999999999999972e+00,1.357500000000000000e+02,1.666666666666666785e+01
2.967999999999999972e+00,1.362500000000000000e+02,1.688888888888888928e+01
2.967999999999999972e+00,1.367500000000000000e+02,1.577777777777777679e+01
2.967999999999999972e+00,1.372500000000000000e+02,1.699999999999999645e+01
2.967999999999999972e+00,1.377500000000000000e+02,1.877777777777777501e+01
2.967999999999999972e+00,1.382500000000000000e+02,1.966666666666666430e+01
2.967999999999999972e+00,1.387500000000000000e+02,1.999999999999999645e+01
2.967999999999999972e+00,1.392500000000000000e+02,2.055555555555555358e+01
2.967999999999999972e+00,1.397500000000000000e+02,2.188888888888888573e+01
2.967999999999999972e+00,1.402500000000000000e+02,2.311111111111111072e+01
2.967999999999999972e+00,1.407500000000000000e+02,2.344444444444444287e+01
2.967999999999999972e+00,1.412500000000000000e+02,2.477777777777777501e+01
2.967999999999999972e+00,1.417500000000000000e+02,2.511111111111111072e+01
2.967999999999999972e+00,1.422500000000000000e+02,2.666666666666666785e+01
2.967999999999999972e+00,1.427500000000000000e+02,2.688888888888888928e+01
2.967999999999999972e+00,1.432500000000000000e+02,2.788888888888888928e+01
2.967999999999999972e+00,1.437500000000000000e+02,2.644444444444444642e+01
2.967999999999999972e+00,1.442500000000000000e+02,2.622222222222222499e+01
2.967999999999999972e+00,1.447500000000000000e+02,2.466666666666666785e+01
2.967999999999999972e+00,1.452500000000000000e+02,2.377777777777778212e+01
2.967999999999999972e+00,1.457500000000000000e+02,2.433333333333333925e+01
2.967999999999999972e+00,1.462500000000000000e+02,2.555555555555556069e+01
2.967999999999999972e+00,1.467500000000000000e+02,2.788888888888889639e+01
2.967999999999999972e+00,1.472500000000000000e+02,2.888888888888889639e+01
2.967999999999999972e+00,1.477500000000000000e+02,3.122222222222222854e+01
2.967999999999999972e+00,1.482500000000000000e+02,3.388888888888889284e+01
2.967999999999999972e+00,1.487500000000000000e+02,3.677777777777777857e+01
2.967999999999999972e+00,1.492500000000000000e+02,3.844444444444444997e+01
2.967999999999999972e+00,1.497500000000000000e+02,3.977777777777777857e+01
2.967999999999999972e+00,1.502500000000000000e+02,4.022222222222222854e+01
2.967999999999999972e+00,1.507500000000000000e+02,3.777777777777777857e+01
2.967999999999999972e+00,1.512500000000000000e+02,3.477777777777777857e+01
2.967999999999999972e+00,1.517500000000000000e+02,3.388888888888889284e+01
2.967999999999999972e+00,1.522500000000000000e+02,3.400000000000000711e+01
2.967999999999999972e+00,1.527500000000000000e+02,3.677777777777778567e+01
2.967999999999999972e+00,1.532500000000000000e+02,3.555555555555556424e+01
2.967999999999999972e+00,1.537500000000000000e+02,3.633333333333334281e+01
2.967999999999999972e+00,1.542500000000000000e+02,3.700000000000000711e+01
2.967999999999999972e+00,1.547500000000000000e+02,3.911111111111112137e+01
2.967999999999999972e+00,1.552500000000000000e+02,4.288888888888889284e+01
2.967999999999999972e+00,1.557500000000000000e+02,4.222222222222222854e+01
2.967999999999999972e+00,1.562500000000000000e+02,4.366666666666667851e+01
2.967999999999999972e+00,1.567500000000000000e+02,4.344444444444445708e+01
2.967999999999999972e+00,1.572500000000000000e+02,4.611111111111112137e+01
2.967999999999999972e+00,1.577500000000000000e+02,4.788888888888889284e+01
2.967999999999999972e+00,1.582500000000000000e+02,4.744444444444444997e+01
2.967999999999999972e+00,1.587500000000000000e+02,4.611111111111111427e+01
2.967999999999999972e+00,1.592500000000000000e+02,4.433333333333333570e+01
2.967999999999999972e+00,1.597500000000000000e+02,4.622222222222222854e+01
2.967999999999999972e+00,1.602500000000000000e+02,4.644444444444444997e+01
2.967999999999999972e+00,1.607500000000000000e+02,4.488888888888889284e+01
2.967999999999999972e+00,1.612500000000000000e+02,4.544444444444444997e+01
2.967999999999999972e+00,1.617500000000000000e+02,4.544444444444444997e+01
2.967999999999999972e+00,1.622500000000000000e+02,4.544444444444444997e+01
2.967999999999999972e+00,1.627500000000000000e+02,4.233333333333333570e+01
2.967999999999999972e+00,1.632500000000000000e+02,4.233333333333333570e+01
2.967999999999999972e+00,1.637500000000000000e+02,4.144444444444444997e+01
2.967999999999999972e+00,1.642500000000000000e+02,3.933333333333333570e+01
2.967999999999999972e+00,1.647500000000000000e+02,4.066666666666667140e+01
2.967999999999999972e+00,1.652500000000000000e+02,4.411111111111111427e+01
2.967999999999999972e+00,1.657500000000000000e+02,4.544444444444444997e+01
2.967999999999999972e+00,1.662500000000000000e+02,4.388888888888889284e+01
2.967999999999999972e+00,1.667500000000000000e+02,4.288888888888889284e+01
2.967999999999999972e+00,1.672500000000000000e+02,4.188888888888889284e+01
2.967999999999999972e+00,1.677500000000000000e+02,3.933333333333334281e+01
2.967999999999999972e+00,1.682500000000000000e+02,3.711111111111112137e+01
2.967999999999999972e+00,1.687500000000000000e+02,3.877777777777778567e+01
2.967999999999999972e+00,1.692500000000000000e+02,3.866666666666667851e+01
2.967999999999999972e+00,1.697500000000000000e+02,3.566666666666667851e+01
2.967999999999999972e+00,1.702500000000000000e+02,3.477777777777778567e+01
2.967999999999999972e+00,1.707500000000000000e+02,3.433333333333334281e+01
2.967999999999999972e+00,1.712500000000000000e+02,3.488888888888889284e+01
2.967999999999999972e+00,1.717500000000000000e+02,3.077777777777778567e+01
2.967999999999999972e+00,1.722500000000000000e+02,2.955555555555556069e+01
2.967999999999999972e+00,1.727500000000000000e+02,2.711111111111111782e+01
2.967999999999999972e+00,1.732500000000000000e+02,2.677777777777778567e+01
2.967999999999999972e+00,1.737500000000000000e+02,2.266666666666667496e+01
2.967999999999999972e+00,1.742500000000000000e+02,2.133333333333334281e+01
2.967999999999999972e+00,1.747500000000000000e+02,1.966666666666667496e+01
2.967999999999999972e+00,1.752500000000000000e+02,1.900000000000001066e+01
2.967999999999999972e+00,1.757500000000000000e+02,1.744444444444445352e+01
2.967999999999999972e+00,1.762500000000000000e+02,1.600000000000001066e+01
2.967999999999999972e+00,1.767500000000000000e+02,1.388888888888889817e+01
2.967999999999999972e+00,1.772500000000000000e+02,1.255555555555556424e+01
2.967999999999999972e+00,1.777500000000000000e+02,9.888888888888898165e+00
2.967999999999999972e+00,1.782500000000000000e+02,7.444444444444452635e+00
2.967999999999999972e+00,1.787500000000000000e+02,4.888888888888896389e+00
2.967999999999999972e+00,1.792500000000000000e+02,2.555555555555562908e+00
2.967999999999999972e+00,1.797500000000000000e+02,2.222222222222229870e+00
2.983999999999999986e+00,1.302500000000000000e+02,1.277777777777777857e+01
2.983999999999999986e+00,1.307500000000000000e+02,1.411111111111111249e+01
2.983999999999999986e+00,1.312500000000000000e+02,1.577777777777777857e+01
2.983999999999999986e+00,1.317500000000000000e+02,1.555555555555555713e+01
2.983999999999999986e+00,1.322500000000000000e+02,1.655555555555555713e+01
2.983999999999999986e+00,1.327500000000000000e+02,1.833333333333333215e+01
2.983999999999999986e+00,1.332500000000000000e+02,1.911111111111111072e+01
2.983999999999999986e+00,1.337500000000000000e+02,1.766666666666666785e+01
2.983999999999999986e+00,1.342500000000000000e+02,1.666666666666666785e+01
2.983999999999999986e+00,1.347500000000000000e+02,1.811111111111111072e+01
2.983999999999999986e+00,1.352500000000000000e+02,2.044444444444444287e+01
2.983999999999999986e+00,1.357500000000000000e+02,2.022222222222222143e+01
2.983999999999999986e+00,1.362500000000000000e+02,1.911111111111111072e+01
2.983999999999999986e+00,1.367500000000000000e+02,1.833333333333333215e+01
2.983999999999999986e+00,1.372500000000000000e+02,1.955555555555555358e+01
2.983999999999999986e+00,1.377500000000000000e+02,2.166666666666666075e+01
2.983999999999999986e+00,1.382500000000000000e+02,2.211111111111110361e+01
2.983999999999999986e+00,1.387500000000000000e+02,2.244444444444443931e+01
2.983999999999999986e+00,1.392500000000000000e+02,2.366666666666666075e+01
2.983999999999999986e+00,1.397500000000000000e+02,2.488888888888888573e+01
2.983999999999999986e+00,1.402500000000000000e+02,2.711111111111111072e+01
2.983999999999999986e+00,1.407500000000000000e+02,2.844444444444444287e+01
2.983999999999999986e+00,1.412500000000000000e+02,2.966666666666666785e+01
2.983999999999999986e+00,1.417500000000000000e+02,3.011111111111111072e+01
2.983999999999999986e+00,1.422500000000000000e+02,2.944444444444444287e+01
2.983999999999999986e+00,1.427500000000000000e+02,3.022222222222221788e+01
2.983999999999999986e+00,1.432500000000000000e+02,3.066666666666666075e+01
2.983999999999999986e+00,1.437500000000000000e+02,3.122222222222221788e+01
2.983999999999999986e+00,1.442500000000000000e+02,3.088888888888888573e+01
2.983999999999999986e+00,1.447500000000000000e+02,3.000000000000000000e+01
2.983999999999999986e+00,1.452500000000000000e+02,2.888888888888888573e+01
2.983999999999999986e+00,1.457500000000000000e+02,2.844444444444444287e+01
2.983999999999999986e+00,1.462500000000000000e+02,2.900000000000000000e+01
2.983999999999999986e+00,1.467500000000000000e+02,3.177777777777777501e+01
2.983999999999999986e+00,1.472500000000000000e+02,3.388888888888888573e+01
2.983999999999999986e+00,1.477500000000000000e+02,3.555555555555555003e+01
2.983999999999999986e+00,1.482500000000000000e+02,3.611111111111110716e+01
2.983999999999999986e+00,1.487500000000000000e+02,3.855555555555555003e+01
2.983999999999999986e+00,1.492500000000000000e+02,4.033333333333333570e+01
2.983999999999999986e+00,1.497500000000000000e+02,4.100000000000000000e+01
2.983999999999999986e+00,1.502500000000000000e+02,4.233333333333333570e+01
2.983999999999999986e+00,1.507500000000000000e+02,4.133333333333333570e+01
2.983999999999999986e+00,1.512500000000000000e+02,4.122222222222222143e+01
2.983999999999999986e+00,1.517500000000000000e+02,4.055555555555555003e+01
2.983999999999999986e+00,1.522500000000000000e+02,4.066666666666666430e+01
2.983999999999999986e+00,1.527500000000000000e+02,4.377777777777777857e+01
2.983999999999999986e+00,1.532500000000000000e+02,4.266666666666666430e+01
2.983999999999999986e+00,1.537500000000000000e+02,4.366666666666666430e+01
2.983999999999999986e+00,1.542500000000000000e+02,4.400000000000000000e+01
2.983999999999999986e+00,1.547500000000000000e+02,4.655555555555555003e+01
2.983999999999999986e+00,1.552500000000000000e+02,5.144444444444443576e+01
2.983999999999999986e+00,1.557500000000000000e+02,5.044444444444443576e+01
2.983999999999999986e+00,1.562500000000000000e+02,4.977777777777777146e+01
2.983999999999999986e+00,1.567500000000000000e+02,4.811111111111110716e+01
2.983999999999999986e+00,1.572500000000000000e+02,5.022222222222220722e+01
2.983999999999999986e+00,1.577500000000000000e+02,5.455555555555554292e+01
2.983999999999999986e+00,1.582500000000000000e+02,5.277777777777776436e+01
2.983999999999999986e+00,1.587500000000000000e+02,5.088888888888887863e+01
2.983999999999999986e+00,1.592500000000000000e+02,5.144444444444442865e+01
2.983999999999999986e+00,1.597500000000000000e+02,5.822222222222220722e+01
2.983999999999999986e+00,1.602500000000000000e+02,5.944444444444442865e+01
2.983999999999999986e+00,1.607500000000000000e+02,5.633333333333331439e+01
2.983999999999999986e+00,1.612500000000000000e+02,5.244444444444442865e+01
2.983999999999999986e+00,1.617500000000000000e+02,5.377777777777776436e+01
2.983999999999999986e+00,1.622500000000000000e+02,5.266666666666665009e+01
2.983999999999999986e+00,1.627500000000000000e+02,5.422222222222220012e+01
2.983999999999999986e+00,1.632500000000000000e+02,5.366666666666665009e+01
2.983999999999999986e+00,1.637500000000000000e+02,5.366666666666665009e+01
2.983999999999999986e+00,1.642500000000000000e+02,4.922222222222220012e+01
2.983999999999999986e+00,1.647500000000000000e+02,4.966666666666665009e+01
2.983999999999999986e+00,1.652500000000000000e+02,5.033333333333331439e+01
2.983999999999999986e+00,1.657500000000000000e+02,5.099999999999997868e+01
2.983999999999999986e+00,1.662500000000000000e+02,4.966666666666665009e+01
2.983999999999999986e+00,1.667500000000000000e+02,5.033333333333331439e+01
2.983999999999999986e+00,1.672500000000000000e+02,4.811111111111109295e+01
2.983999999999999986e+00,1.677500000000000000e+02,4.511111111111109295e+01
2.983999999999999986e+00,1.682500000000000000e+02,4.133333333333331439e+01
2.983999999999999986e+00,1.687500000000000000e+02,4.199999999999997868e+01
2.983999999999999986e+00,1.692500000000000000e+02,4.033333333333331439e+01
2.983999999999999986e+00,1.697500000000000000e+02,4.022222222222220722e+01
2.983999999999999986e+00,1.702500000000000000e+02,4.066666666666665009e+01
2.983999999999999986e+00,1.707500000000000000e+02,4.299999999999997868e+01
2.983999999999999986e+00,1.712500000000000000e+02,4.111111111111109295e+01
2.983999999999999986e+00,1.717500000000000000e+02,3.655555555555553582e+01
2.983999999999999986e+00,1.722500000000000000e+02,3.433333333333330728e+01
2.983999999999999986e+00,1.727500000000000000e+02,3.155555555555553227e+01
2.983999999999999986e+00,1.732500000000000000e+02,3.022222222222220012e+01
2.983999999999999986e+00,1.737500000000000000e+02,2.688888888888886797e+01
2.983999999999999986e+00,1.742500000000000000e+02,2.733333333333331439e+01
2.983999999999999986e+00,1.747500000000000000e+02,2.433333333333331439e+01
2.983999999999999986e+00,1.752500000000000000e+02,2.166666666666664653e+01
2.983999999999999986e+00,1.757500000000000000e+02,1.866666666666664653e+01
2.983999999999999986e+00,1.762500000000000000e+02,1.833333333333331439e+01
2.983999999999999986e+00,1.767500000000000000e+02,1.633333333333331439e+01
2.983999999999999986e+00,1.772500000000000000e+02,1.433333333333331439e+01
2.983999999999999986e+00,1.777500000000000000e+02,1.133333333333331439e+01
2.983999999999999986e+00,1.782500000000000000e+02,8.666666666666648311e+00
2.983999999999999986e+00,1.787500000000000000e+02,5.555555555555536706e+00
2.983999999999999986e+00,1.792500000000000000e+02,3.444444444444426434e+00
2.983999999999999986e+00,1.797500000000000000e+02,2.666666666666648311e+00
3.000000000000000000e+00,1.302500000000000000e+02,1.477777777777777679e+01
3.000000000000000000e+00,1.307500000000000000e+02,1.655555555555555358e+01
3.000000000000000000e+00,1.312500000000000000e+02,1.744444444444444287e+01
3.000000000000000000e+00,1.317500000000000000e+02,1.811111111111111072e+01
3.000000000000000000e+00,1.322500000000000000e+02,1.888888888888888573e+01
3.000000000000000000e+00,1.327500000000000000e+02,2.055555555555555358e+01
3.000000000000000000e+00,1.332500000000000000e+02,2.133333333333332860e+01
3.000000000000000000e+00,1.337500000000000000e+02,1.899999999999999645e+01
3.000000000000000000e+00,1.342500000000000000e+02,1.988888888888888573e+01
3.000000000000000000e+00,1.347500000000000000e+02,2.233333333333333215e+01
3.000000000000000000e+00,1.352500000000000000e+02,2.400000000000000000e+01
3.000000000000000000e+00,1.357500000000000000e+02,2.233333333333333215e+01
3.000000000000000000e+00,1.362500000000000000e+02,1.955555555555555358e+01
3.000000000000000000e+00,1.367500000000000000e+02,2.000000000000000000e+01
3.000000000000000000e+00,1.372500000000000000e+02,2.122222222222222499e+01
3.000000000000000000e+00,1.377500000000000000e+02,2.377777777777778212e+01
3.000000000000000000e+00,1.382500000000000000e+02,2.488888888888888928e+01
3.000000000000000000e+00,1.387500000000000000e+02,2.577777777777778212e+01
3.000000000000000000e+00,1.392500000000000000e+02,2.677777777777778212e+01
3.000000000000000000e+00,1.397500000000000000e+02,2.877777777777778212e+01
3.000000000000000000e+00,1.402500000000000000e+02,2.966666666666667140e+01
3.000000000000000000e+00,1.407500000000000000e+02,3.188888888888889639e+01
3.000000000000000000e+00,1.412500000000000000e+02,3.277777777777777857e+01
3.000000000000000000e+00,1.417500000000000000e+02,3.500000000000000000e+01
3.000000000000000000e+00,1.422500000000000000e+02,3.411111111111111427e+01
3.000000000000000000e+00,1.427500000000000000e+02,3.333333333333333570e+01
3.000000000000000000e+00,1.432500000000000000e+02,3.377777777777777857e+01
3.000000000000000000e+00,1.437500000000000000e+02,3.500000000000000000e+01
3.000000000000000000e+00,1.442500000000000000e+02,3.666666666666666430e+01
3.000000000000000000e+00,1.447500000000000000e+02,3.711111111111111427e+01
3.000000000000000000e+00,1.452500000000000000e+02,3.522222222222222854e+01
3.000000000000000000e+00,1.457500000000000000e+02,3.444444444444444997e+01
3.000000000000000000e+00,1.462500000000000000e+02,3.511111111111111427e+01
3.000000000000000000e+00,1.467500000000000000e+02,3.877777777777777857e+01
3.000000000000000000e+00,1.472500000000000000e+02,4.122222222222222854e+01
3.000000000000000000e+00,1.477500000000000000e+02,4.266666666666666430e+01
3.000000000000000000e+00,1.482500000000000000e+02,4.400000000000000000e+01
3.000000000000000000e+00,1.487500000000000000e+02,4.644444444444443576e+01
3.000000000000000000e+00,1.492500000000000000e+02,4.688888888888888573e+01
3.000000000000000000e+00,1.497500000000000000e+02,4.811111111111110716e+01
3.000000000000000000e+00,1.502500000000000000e+02,4.800000000000000000e+01
3.000000000000000000e+00,1.507500000000000000e+02,4.844444444444444997e+01
3.000000000000000000e+00,1.512500000000000000e+02,4.777777777777777857e+01
3.000000000000000000e+00,1.517500000000000000e+02,5.000000000000000000e+01
3.000000000000000000e+00,1.522500000000000000e+02,5.066666666666666430e+01
3.000000000000000000e+00,1.527500000000000000e+02,5.411111111111111427e+01
3.000000000000000000e+00,1.532500000000000000e+02,5.188888888888889284e+01
3.000000000000000000e+00,1.537500000000000000e+02,5.377777777777777857e+01
3.000000000000000000e+00,1.542500000000000000e+02,5.322222222222222854e+01
3.000000000000000000e+00,1.547500000000000000e+02,5.466666666666666430e+01
3.000000000000000000e+00,1.552500000000000000e+02,5.688888888888888573e+01
3.000000000000000000e+00,1.557500000000000000e+02,5.711111111111110716e+01
3.000000000000000000e+00,1.562500000000000000e+02,5.700000000000000000e+01
3.000000000000000000e+00,1.567500000000000000e+02,5.855555555555555003e+01
3.000000000000000000e+00,1.572500000000000000e+02,5.866666666666666430e+01
3.000000000000000000e+00,1.577500000000000000e+02,6.166666666666666430e+01
3.000000000000000000e+00,1.582500000000000000e+02,5.844444444444444997e+01
3.000000000000000000e+00,1.587500000000000000e+02,5.877777777777777857e+01
3.000000000000000000e+00,1.592500000000000000e+02,6.188888888888889284e+01
3.000000000000000000e+00,1.597500000000000000e+02,6.711111111111111427e+01
3.000000000000000000e+00,1.602500000000000000e+02,6.744444444444444287e+01
3.000000000000000000e+00,1.607500000000000000e+02,6.266666666666666430e+01
3.000000000000000000e+00,1.612500000000000000e+02,5.966666666666666430e+01
3.000000000000000000e+00,1.617500000000000000e+02,6.000000000000000000e+01
3.000000000000000000e+00,1.622500000000000000e+02,6.022222222222222143e+01
3.000000000000000000e+00,1.627500000000000000e+02,6.033333333333333570e+01
3.000000000000000000e+00,1.632500000000000000e+02,5.766666666666666430e+01
3.000000000000000000e+00,1.637500000000000000e+02,5.644444444444444997e+01
3.000000000000000000e+00,1.642500000000000000e+02,5.344444444444444997e+01
3.000000000000000000e+00,1.647500000000000000e+02,5.411111111111111427e+01
3.000000000000000000e+00,1.652500000000000000e+02,5.444444444444444997e+01
3.000000000000000000e+00,1.657500000000000000e+02,5.511111111111111427e+01
3.000000000000000000e+00,1.662500000000000000e+02,5.366666666666666430e+01
3.000000000000000000e+00,1.667500000000000000e+02,5.488888888888888573e+01
3.000000000000000000e+00,1.672500000000000000e+02,5.255555555555555003e+01
3.000000000000000000e+00,1.677500000000000000e+02,5.155555555555555003e+01
3.000000000000000000e+00,1.682500000000000000e+02,4.800000000000000000e+01
3.000000000000000000e+00,1.687500000000000000e+02,4.788888888888889284e+01
3.000000000000000000e+00,1.692500000000000000e+02,4.800000000000000711e+01
3.000000000000000000e+00,1.697500000000000000e+02,4.822222222222222854e+01
3.000000000000000000e+00,1.702500000000000000e+02,4.700000000000000000e+01
3.000000000000000000e+00,1.707500000000000000e+02,4.500000000000000000e+01
3.000000000000000000e+00,1.712500000000000000e+02,4.200000000000000000e+01
3.000000000000000000e+00,1.717500000000000000e+02,4.111111111111111427e+01
3.000000000000000000e+00,1.722500000000000000e+02,3.944444444444444997e+01
3.000000000000000000e+00,1.727500000000000000e+02,3.655555555555555713e+01
3.000000000000000000e+00,1.732500000000000000e+02,3.266666666666666430e+01
3.000000000000000000e+00,1.737500000000000000e+02,3.122222222222221788e+01
3.000000000000000000e+00,1.742500000000000000e+02,3.111111111111111072e+01
3.000000000000000000e+00,1.747500000000000000e+02,2.922222222222221788e+01
3.000000000000000000e+00,1.752500000000000000e+02,2.488888888888888573e+01
3.000000000000000000e+00,1.757500000000000000e+02,2.177777777777777501e+01
3.000000000000000000e+00,1.762500000000000000e+02,1.977777777777777501e+01
3.000000000000000000e+00,1.767500000000000000e+02,1.788888888888888928e+01
3.000000000000000000e+00,1.772500000000000000e+02,1.488888888888888751e+01
3.000000000000000000e+00,1.777500000000000000e+02,1.133333333333333393e+01
3.000000000000000000e+00,1.782500000000000000e+02,9.000000000000000000e+00
3.000000000000000000e+00,1.787500000000000000e+02,6.555555555555556246e+00
3.000000000000000000e+00,1.792500000000000000e+02,4.333333333333333925e+00
3.000000000000000000e+00,1.797500000000000000e+02,3.000000000000000444e+00
3.016000000000000014e+00,1.302500000000000000e+02,1.555555555555555713e+01
3.016000000000000014e+00,1.307500000000000000e+02,1.777777777777777857e+01
3.016000000000000014e+00,1.312500000000000000e+02,1.944444444444444642e+01
3.016000000000000014e+00,1.317500000000000000e+02,2.122222222222222499e+01
3.016000000000000014e+00,1.322500000000000000e+02,2.066666666666666785e+01
3.016000000000000014e+00,1.327500000000000000e+02,2.144444444444444642e+01
3.016000000000000014e+00,1.332500000000000000e+02,2.344444444444444642e+01
3.016000000000000014e+00,1.337500000000000000e+02,2.222222222222222499e+01
3.016000000000000014e+00,1.342500000000000000e+02,2.188888888888888928e+01
3.016000000000000014e+00,1.347500000000000000e+02,2.311111111111111427e+01
3.016000000000000014e+00,1.352500000000000000e+02,2.444444444444444642e+01
3.016000000000000014e+00,1.357500000000000000e+02,2.477777777777778212e+01
3.016000000000000014e+00,1.362500000000000000e+02,2.233333333333333925e+01
3.016000000000000014e+00,1.367500000000000000e+02,2.355555555555556069e+01
3.016000000000000014e+00,1.372500000000000000e+02,2.511111111111111782e+01
3.016000000000000014e+00,1.377500000000000000e+02,2.622222222222222854e+01
3.016000000000000014e+00,1.382500000000000000e+02,2.855555555555556069e+01
3.016000000000000014e+00,1.387500000000000000e+02,2.888888888888889639e+01
3.016000000000000014e+00,1.392500000000000000e+02,3.177777777777778567e+01
3.016000000000000014e+00,1.397500000000000000e+02,3.300000000000000711e+01
3.016000000000000014e+00,1.402500000000000000e+02,3.400000000000000711e+01
3.016000000000000014e+00,1.407500000000000000e+02,3.511111111111112137e+01
3.016000000000000014e+00,1.412500000000000000e+02,3.655555555555556424e+01
3.016000000000000014e+00,1.417500000000000000e+02,3.955555555555556424e+01
3.016000000000000014e+00,1.422500000000000000e+02,3.988888888888889994e+01
3.016000000000000014e+00,1.427500000000000000e+02,3.766666666666667851e+01
3.016000000000000014e+00,1.432500000000000000e+02,3.666666666666667851e+01
3.016000000000000014e+00,1.437500000000000000e+02,3.922222222222222854e+01
3.016000000000000014e+00,1.442500000000000000e+02,4.088888888888889284e+01
3.016000000000000014e+00,1.447500000000000000e+02,4.233333333333334281e+01
3.016000000000000014e+00,1.452500000000000000e+02,4.133333333333334281e+01
3.016000000000000014e+00,1.457500000000000000e+02,4.377777777777779278e+01
3.016000000000000014e+00,1.462500000000000000e+02,4.555555555555557135e+01
3.016000000000000014e+00,1.467500000000000000e+02,4.744444444444445708e+01
3.016000000000000014e+00,1.472500000000000000e+02,4.733333333333334281e+01
3.016000000000000014e+00,1.477500000000000000e+02,4.833333333333334281e+01
3.016000000000000014e+00,1.482500000000000000e+02,4.788888888888889284e+01
3.016000000000000014e+00,1.487500000000000000e+02,5.111111111111111427e+01
3.016000000000000014e+00,1.492500000000000000e+02,5.011111111111111427e+01
3.016000000000000014e+00,1.497500000000000000e+02,5.255555555555556424e+01
3.016000000000000014e+00,1.502500000000000000e+02,5.277777777777779278e+01
3.016000000000000014e+00,1.507500000000000000e+02,5.500000000000000711e+01
3.016000000000000014e+00,1.512500000000000000e+02,5.455555555555556424e+01
3.016000000000000014e+00,1.517500000000000000e+02,5.611111111111111427e+01
3.016000000000000014e+00,1.522500000000000000e+02,5.666666666666666430e+01
3.016000000000000014e+00,1.527500000000000000e+02,6.111111111111111427e+01
3.016000000000000014e+00,1.532500000000000000e+02,5.900000000000000000e+01
3.016000000000000014e+00,1.537500000000000000e+02,5.922222222222222854e+01
3.016000000000000014e+00,1.542500000000000000e+02,5.722222222222222854e+01
3.016000000000000014e+00,1.547500000000000000e+02,5.711111111111112137e+01
3.016000000000000014e+00,1.552500000000000000e+02,6.111111111111112137e+01
3.016000000000000014e+00,1.557500000000000000e+02,6.388888888888890705e+01
3.016000000000000014e+00,1.562500000000000000e+02,6.455555555555557135e+01
3.016000000000000014e+00,1.567500000000000000e+02,6.366666666666668561e+01
3.016000000000000014e+00,1.572500000000000000e+02,6.066666666666668561e+01
3.016000000000000014e+00,1.577500000000000000e+02,6.544444444444447129e+01
3.016000000000000014e+00,1.582500000000000000e+02,6.533333333333335702e+01
3.016000000000000014e+00,1.587500000000000000e+02,6.555555555555557135e+01
3.016000000000000014e+00,1.592500000000000000e+02,6.733333333333335702e+01
3.016000000000000014e+00,1.597500000000000000e+02,6.866666666666668561e+01
3.016000000000000014e+00,1.602500000000000000e+02,7.122222222222224275e+01
3.016000000000000014e+00,1.607500000000000000e+02,6.766666666666668561e+01
3.016000000000000014e+00,1.612500000000000000e+02,6.611111111111112848e+01
3.016000000000000014e+00,1.617500000000000000e+02,6.588888888888891415e+01
3.016000000000000014e+00,1.622500000000000000e+02,6.900000000000002842e+01
3.016000000000000014e+00,1.627500000000000000e+02,7.266666666666669983e+01
3.016000000000000014e+00,1.632500000000000000e+02,6.955555555555558556e+01
3.016000000000000014e+00,1.637500000000000000e+02,6.544444444444447129e+01
3.016000000000000014e+00,1.642500000000000000e+02,6.011111111111113559e+01
3.016000000000000014e+00,1.647500000000000000e+02,6.255555555555557845e+01
3.016000000000000014e+00,1.652500000000000000e+02,6.166666666666668561e+01
3.016000000000000014e+00,1.657500000000000000e+02,6.188888888888891415e+01
3.016000000000000014e+00,1.662500000000000000e+02,5.755555555555557845e+01
3.016000000000000014e+00,1.667500000000000000e+02,5.977777777777779988e+01
3.016000000000000014e+00,1.672500000000000000e+02,5.733333333333334991e+01
3.016000000000000014e+00,1.677500000000000000e+02,5.900000000000002132e+01
3.016000000000000014e+00,1.682500000000000000e+02,5.488888888888891415e+01
3.016000000000000014e+00,1.687500000000000000e+02,5.500000000000002842e+01
3.016000000000000014e+00,1.692500000000000000e+02,5.355555555555557845e+01
3.016000000000000014e+00,1.697500000000000000e+02,5.444444444444446418e+01
3.016000000000000014e+00,1.702500000000000000e+02,5.155555555555557845e+01
3.016000000000000014e+00,1.707500000000000000e+02,5.088888888888891415e+01
3.016000000000000014e+00,1.712500000000000000e+02,4.600000000000002842e+01
3.016000000000000014e+00,1.717500000000000000e+02,4.711111111111114269e+01
3.016000000000000014e+00,1.722500000000000000e+02,4.355555555555557845e+01
3.016000000000000014e+00,1.727500000000000000e+02,4.277777777777779988e+01
3.016000000000000014e+00,1.732500000000000000e+02,3.866666666666668561e+01
3.016000000000000014e+00,1.737500000000000000e+02,3.777777777777779988e+01
3.016000000000000014e+00,1.742500000000000000e+02,3.477777777777779988e+01
3.016000000000000014e+00,1.747500000000000000e+02,3.266666666666669272e+01
3.016000000000000014e+00,1.752500000000000000e+02,2.844444444444446773e+01
3.016000000000000014e+00,1.757500000000000000e+02,2.577777777777779988e+01
3.016000000000000014e+00,1.762500000000000000e+02,2.233333333333335702e+01
3.016000000000000014e+00,1.767500000000000000e+02,1.966666666666668917e+01
3.016000000000000014e+00,1.772500000000000000e+02,1.688888888888891060e+01
3.016000000000000014e+00,1.777500000000000000e+02,1.422222222222224453e+01
3.016000000000000014e+00,1.782500000000000000e+02,1.177777777777779988e+01
3.016000000000000014e+00,1.787500000000000000e+02,8.444444444444465958e+00
3.016000000000000014e+00,1.792500000000000000e+02,5.111111111111132921e+00
3.016000000000000014e+00,1.797500000000000000e+02,2.777777777777799884e+00
3.032000000000000028e+00,1.302500000000000000e+02,1.688888888888888928e+01
3.032000000000000028e+00,1.307500000000000000e+02,1.922222222222222499e+01
3.032000000000000028e+00,1.312500000000000000e+02,2.144444444444444642e+01
3.032000000000000028e+00,1.317500000000000000e+02,2.422222222222222499e+01
3.032000000000000028e+00,1.322500000000000000e+02,2.300000000000000000e+01
3.032000000000000028e+00,1.327500000000000000e+02,2.255555555555555358e+01
3.032000000000000028e+00,1.332500000000000000e+02,2.288888888888888573e+01
3.032000000000000028e+00,1.337500000000000000e+02,2.411111111111111072e+01
3.032000000000000028e+00,1.342500000000000000e+02,2.533333333333333215e+01
3.032000000000000028e+00,1.347500000000000000e+02,2.611111111111111072e+01
3.032000000000000028e+00,1.352500000000000000e+02,2.622222222222221788e+01
3.032000000000000028e+00,1.357500000000000000e+02,2.588888888888888573e+01
3.032000000000000028e+00,1.362500000000000000e+02,2.511111111111111072e+01
3.032000000000000028e+00,1.367500000000000000e+02,2.611111111111111072e+01
3.032000000000000028e+00,1.372500000000000000e+02,2.800000000000000000e+01
3.032000000000000028e+00,1.377500000000000000e+02,2.866666666666666785e+01
3.032000000000000028e+00,1.382500000000000000e+02,3.155555555555555713e+01
3.032000000000000028e+00,1.387500000000000000e+02,3.188888888888888928e+01
3.032000000000000028e+00,1.392500000000000000e+02,3.377777777777777857e+01
3.032000000000000028e+00,1.397500000000000000e+02,3.466666666666666430e+01
3.032000000000000028e+00,1.402500000000000000e+02,3.711111111111110716e+01
3.032000000000000028e+00,1.407500000000000000e+02,3.866666666666666430e+01
3.032000000000000028e+00,1.412500000000000000e+02,3.877777777777777857e+01
3.032000000000000028e+00,1.417500000000000000e+02,4.000000000000000000e+01
3.032000000000000028e+00,1.422500000000000000e+02,4.144444444444444287e+01
3.032000000000000028e+00,1.427500000000000000e+02,4.033333333333333570e+01
3.032000000000000028e+00,1.432500000000000000e+02,4.022222222222222143e+01
3.032000000000000028e+00,1.437500000000000000e+02,4.277777777777777857e+01
3.032000000000000028e+00,1.442500000000000000e+02,4.622222222222222854e+01
3.032000000000000028e+00,1.447500000000000000e+02,4.866666666666666430e+01
3.032000000000000028e+00,1.452500000000000000e+02,4.922222222222222143e+01
3.032000000000000028e+00,1.457500000000000000e+02,5.177777777777777146e+01
3.032000000000000028e+00,1.462500000000000000e+02,5.344444444444443576e+01
3.032000000000000028e+00,1.467500000000000000e+02,5.299999999999999289e+01
3.032000000000000028e+00,1.472500000000000000e+02,5.266666666666665719e+01
3.032000000000000028e+00,1.477500000000000000e+02,5.422222222222220722e+01
3.032000000000000028e+00,1.482500000000000000e+02,5.599999999999999289e+01
3.032000000000000028e+00,1.487500000000000000e+02,6.033333333333332149e+01
3.032000000000000028e+00,1.492500000000000000e+02,5.933333333333332149e+01
3.032000000000000028e+00,1.497500000000000000e+02,6.288888888888887863e+01
3.032000000000000028e+00,1.502500000000000000e+02,6.222222222222220722e+01
3.032000000000000028e+00,1.507500000000000000e+02,6.399999999999997868e+01
3.032000000000000028e+00,1.512500000000000000e+02,6.099999999999997868e+01
3.032000000000000028e+00,1.517500000000000000e+02,6.177777777777776436e+01
3.032000000000000028e+00,1.522500000000000000e+02,6.288888888888887863e+01
3.032000000000000028e+00,1.527500000000000000e+02,6.733333333333332860e+01
3.032000000000000028e+00,1.532500000000000000e+02,6.533333333333332860e+01
3.032000000000000028e+00,1.537500000000000000e+02,6.455555555555554292e+01
3.032000000000000028e+00,1.542500000000000000e+02,6.266666666666665009e+01
3.032000000000000028e+00,1.547500000000000000e+02,6.399999999999997868e+01
3.032000000000000028e+00,1.552500000000000000e+02,6.822222222222220012e+01
3.032000000000000028e+00,1.557500000000000000e+02,7.211111111111108585e+01
3.032000000000000028e+00,1.562500000000000000e+02,7.444444444444441444e+01
3.032000000000000028e+00,1.567500000000000000e+02,7.244444444444441444e+01
3.032000000000000028e+00,1.572500000000000000e+02,6.999999999999998579e+01
3.032000000000000028e+00,1.577500000000000000e+02,7.122222222222221433e+01
3.032000000000000028e+00,1.582500000000000000e+02,7.377777777777777146e+01
3.032000000000000028e+00,1.587500000000000000e+02,7.399999999999998579e+01
3.032000000000000028e+00,1.592500000000000000e+02,7.533333333333332860e+01
3.032000000000000028e+00,1.597500000000000000e+02,7.222222222222221433e+01
3.032000000000000028e+00,1.602500000000000000e+02,7.455555555555554292e+01
3.032000000000000028e+00,1.607500000000000000e+02,7.411111111111110006e+01
3.032000000000000028e+00,1.612500000000000000e+02,7.699999999999998579e+01
3.032000000000000028e+00,1.617500000000000000e+02,7.611111111111110006e+01
3.032000000000000028e+00,1.622500000000000000e+02,7.755555555555554292e+01
3.032000000000000028e+00,1.627500000000000000e+02,7.733333333333332860e+01
3.032000000000000028e+00,1.632500000000000000e+02,7.399999999999998579e+01
3.032000000000000028e+00,1.637500000000000000e+02,6.933333333333332860e+01
3.032000000000000028e+00,1.642500000000000000e+02,6.777777777777777146e+01
3.032000000000000028e+00,1.647500000000000000e+02,7.155555555555554292e+01
3.032000000000000028e+00,1.652500000000000000e+02,7.099999999999998579e+01
3.032000000000000028e+00,1.657500000000000000e+02,6.755555555555552871e+01
3.032000000000000028e+00,1.662500000000000000e+02,6.255555555555553582e+01
3.032000000000000028e+00,1.667500000000000000e+02,6.544444444444441444e+01
3.032000000000000028e+00,1.672500000000000000e+02,6.444444444444441444e+01
3.032000000000000028e+00,1.677500000000000000e+02,6.444444444444441444e+01
3.032000000000000028e+00,1.682500000000000000e+02,6.077777777777775015e+01
3.032000000000000028e+00,1.687500000000000000e+02,6.366666666666663588e+01
3.032000000000000028e+00,1.692500000000000000e+02,6.233333333333330728e+01
3.032000000000000028e+00,1.697500000000000000e+02,6.066666666666663588e+01
3.032000000000000028e+00,1.702500000000000000e+02,5.588888888888885731e+01
3.032000000000000028e+00,1.707500000000000000e+02,5.299999999999997158e+01
3.032000000000000028e+00,1.712500000000000000e+02,4.788888888888885731e+01
3.032000000000000028e+00,1.717500000000000000e+02,4.966666666666663588e+01
3.032000000000000028e+00,1.722500000000000000e+02,4.744444444444442155e+01
3.032000000000000028e+00,1.727500000000000000e+02,4.733333333333330728e+01
3.032000000000000028e+00,1.732500000000000000e+02,4.088888888888885731e+01
3.032000000000000028e+00,1.737500000000000000e+02,4.044444444444441444e+01
3.032000000000000028e+00,1.742500000000000000e+02,3.611111111111107874e+01
3.032000000000000028e+00,1.747500000000000000e+02,3.666666666666663588e+01
3.032000000000000028e+00,1.752500000000000000e+02,3.277777777777775015e+01
3.032000000000000028e+00,1.757500000000000000e+02,3.088888888888885731e+01
3.032000000000000028e+00,1.762500000000000000e+02,2.488888888888885731e+01
3.032000000000000028e+00,1.767500000000000000e+02,2.066666666666663232e+01
3.032000000000000028e+00,1.772500000000000000e+02,1.711111111111107874e+01
3.032000000000000028e+00,1.777500000000000000e+02,1.422222222222219123e+01
3.032000000000000028e+00,1.782500000000000000e+02,1.155555555555552338e+01
3.032000000000000028e+00,1.787500000000000000e+02,8.888888888888857309e+00
3.032000000000000028e+00,1.792500000000000000e+02,5.333333333333301951e+00
3.032000000000000028e+00,1.797500000000000000e+02,3.444444444444413111e+00
3.048000000000000043e+00,1.302500000000000000e+02,2.255555555555555713e+01
3.048000000000000043e+00,1.307500000000000000e+02,2.211111111111111427e+01
3.048000000000000043e+00,1.312500000000000000e+02,2.311111111111111427e+01
3.048000000000000043e+00,1.317500000000000000e+02,2.400000000000000355e+01
3.048000000000000043e+00,1.322500000000000000e+02,2.466666666666667140e+01
3.048000000000000043e+00,1.327500000000000000e+02,2.488888888888889639e+01
3.048000000000000043e+00,1.332500000000000000e+02,2.544444444444445352e+01
3.048000000000000043e+00,1.337500000000000000e+02,2.733333333333334281e+01
3.048000000000000043e+00,1.342500000000000000e+02,2.788888888888889994e+01
3.048000000000000043e+00,1.347500000000000000e+02,2.833333333333334281e+01
3.048000000000000043e+00,1.352500000000000000e+02,3.033333333333334281e+01
3.048000000000000043e+00,1.357500000000000000e+02,3.011111111111111782e+01
3.048000000000000043e+00,1.362500000000000000e+02,3.166666666666667496e+01
3.048000000000000043e+00,1.367500000000000000e+02,2.977777777777778567e+01
3.048000000000000043e+00,1.372500000000000000e+02,3.322222222222222854e+01
3.048000000000000043e+00,1.377500000000000000e+02,3.166666666666667496e+01
3.048000000000000043e+00,1.382500000000000000e+02,3.488888888888889994e+01
3.048000000000000043e+00,1.387500000000000000e+02,3.533333333333334281e+01
3.048000000000000043e+00,1.392500000000000000e+02,3.833333333333334281e+01
3.048000000000000043e+00,1.397500000000000000e+02,3.822222222222222854e+01
3.048000000000000043e+00,1.402500000000000000e+02,4.233333333333334281e+01
3.048000000000000043e+00,1.407500000000000000e+02,4.255555555555556424e+01
3.048000000000000043e+00,1.412500000000000000e+02,4.455555555555556424e+01
3.048000000000000043e+00,1.417500000000000000e+02,4.244444444444444997e+01
3.048000000000000043e+00,1.422500000000000000e+02,4.422222222222222854e+01
3.048000000000000043e+00,1.427500000000000000e+02,4.333333333333334281e+01
3.048000000000000043e+00,1.432500000000000000e+02,4.544444444444445708e+01
3.048000000000000043e+00,1.437500000000000000e+02,4.800000000000000711e+01
3.048000000000000043e+00,1.442500000000000000e+02,5.000000000000000711e+01
3.048000000000000043e+00,1.447500000000000000e+02,4.955555555555556424e+01
3.048000000000000043e+00,1.452500000000000000e+02,5.344444444444444997e+01
3.048000000000000043e+00,1.457500000000000000e+02,5.877777777777777857e+01
3.048000000000000043e+00,1.462500000000000000e+02,6.088888888888889284e+01
3.048000000000000043e+00,1.467500000000000000e+02,5.677777777777779278e+01
3.048000000000000043e+00,1.472500000000000000e+02,5.511111111111112137e+01
3.048000000000000043e+00,1.477500000000000000e+02,5.733333333333334281e+01
3.048000000000000043e+00,1.482500000000000000e+02,5.944444444444445708e+01
3.048000000000000043e+00,1.487500000000000000e+02,6.255555555555556424e+01
3.048000000000000043e+00,1.492500000000000000e+02,6.166666666666667851e+01
3.048000000000000043e+00,1.497500000000000000e+02,6.633333333333334281e+01
3.048000000000000043e+00,1.502500000000000000e+02,6.655555555555555713e+01
3.048000000000000043e+00,1.507500000000000000e+02,6.977777777777778567e+01
3.048000000000000043e+00,1.512500000000000000e+02,6.544444444444444287e+01
3.048000000000000043e+00,1.517500000000000000e+02,6.655555555555555713e+01
3.048000000000000043e+00,1.522500000000000000e+02,6.588888888888889994e+01
3.048000000000000043e+00,1.527500000000000000e+02,7.033333333333334281e+01
3.048000000000000043e+00,1.532500000000000000e+02,6.866666666666667140e+01
3.048000000000000043e+00,1.537500000000000000e+02,6.800000000000001421e+01
3.048000000000000043e+00,1.542500000000000000e+02,6.711111111111112848e+01
3.048000000000000043e+00,1.547500000000000000e+02,6.822222222222224275e+01
3.048000000000000043e+00,1.552500000000000000e+02,7.322222222222224275e+01
3.048000000000000043e+00,1.557500000000000000e+02,7.677777777777778567e+01
3.048000000000000043e+00,1.562500000000000000e+02,8.055555555555555713e+01
3.048000000000000043e+00,1.567500000000000000e+02,7.900000000000000000e+01
3.048000000000000043e+00,1.572500000000000000e+02,7.955555555555555713e+01
3.048000000000000043e+00,1.577500000000000000e+02,8.155555555555555713e+01
3.048000000000000043e+00,1.582500000000000000e+02,8.588888888888887152e+01
3.048000000000000043e+00,1.587500000000000000e+02,8.533333333333332860e+01
3.048000000000000043e+00,1.592500000000000000e+02,8.355555555555554292e+01
3.048000000000000043e+00,1.597500000000000000e+02,7.944444444444444287e+01
3.048000000000000043e+00,1.602500000000000000e+02,7.933333333333332860e+01
3.048000000000000043e+00,1.607500000000000000e+02,8.144444444444444287e+01
3.048000000000000043e+00,1.612500000000000000e+02,8.477777777777777146e+01
3.048000000000000043e+00,1.617500000000000000e+02,8.611111111111110006e+01
3.048000000000000043e+00,1.622500000000000000e+02,8.355555555555554292e+01
3.048000000000000043e+00,1.627500000000000000e+02,8.366666666666664298e+01
3.048000000000000043e+00,1.632500000000000000e+02,8.333333333333331439e+01
3.048000000000000043e+00,1.637500000000000000e+02,8.166666666666664298e+01
3.048000000000000043e+00,1.642500000000000000e+02,7.688888888888887152e+01
3.048000000000000043e+00,1.647500000000000000e+02,7.622222222222221433e+01
3.048000000000000043e+00,1.652500000000000000e+02,7.566666666666665719e+01
3.048000000000000043e+00,1.657500000000000000e+02,7.399999999999998579e+01
3.048000000000000043e+00,1.662500000000000000e+02,7.199999999999998579e+01
3.048000000000000043e+00,1.667500000000000000e+02,7.377777777777777146e+01
3.048000000000000043e+00,1.672500000000000000e+02,7.333333333333332860e+01
3.048000000000000043e+00,1.677500000000000000e+02,7.000000000000000000e+01
3.048000000000000043e+00,1.682500000000000000e+02,6.766666666666667140e+01
3.048000000000000043e+00,1.687500000000000000e+02,7.011111111111110006e+01
3.048000000000000043e+00,1.692500000000000000e+02,7.255555555555555713e+01
3.048000000000000043e+00,1.697500000000000000e+02,6.888888888888888573e+01
3.048000000000000043e+00,1.702500000000000000e+02,6.466666666666667140e+01
3.048000000000000043e+00,1.707500000000000000e+02,6.055555555555555003e+01
3.048000000000000043e+00,1.712500000000000000e+02,5.588888888888888573e+01
3.048000000000000043e+00,1.717500000000000000e+02,5.411111111111110716e+01
3.048000000000000043e+00,1.722500000000000000e+02,5.055555555555554292e+01
3.048000000000000043e+00,1.727500000000000000e+02,5.122222222222220722e+01
3.048000000000000043e+00,1.732500000000000000e+02,4.844444444444442865e+01
3.048000000000000043e+00,1.737500000000000000e+02,4.499999999999997868e+01
3.048000000000000043e+00,1.742500000000000000e+02,4.099999999999997868e+01
3.048000000000000043e+00,1.747500000000000000e+02,3.755555555555553582e+01
3.048000000000000043e+00,1.752500000000000000e+02,3.566666666666665009e+01
3.048000000000000043e+00,1.757500000000000000e+02,3.277777777777775725e+01
3.048000000000000043e+00,1.762500000000000000e+02,2.955555555555553227e+01
3.048000000000000043e+00,1.767500000000000000e+02,2.466666666666664653e+01
3.048000000000000043e+00,1.772500000000000000e+02,2.155555555555553937e+01
3.048000000000000043e+00,1.777500000000000000e+02,1.688888888888887152e+01
3.048000000000000043e+00,1.782500000000000000e+02,1.333333333333331616e+01
3.048000000000000043e+00,1.787500000000000000e+02,8.777777777777760804e+00
3.048000000000000043e+00,1.792500000000000000e+02,5.555555555555538483e+00
3.048000000000000043e+00,1.797500000000000000e+02,3.777777777777760360e+00
3.064000000000000057e+00,1.302500000000000000e+02,2.722222222222222499e+01
3.064000000000000057e+00,1.307500000000000000e+02,2.555555555555555713e+01
3.064000000000000057e+00,1.312500000000000000e+02,2.622222222222222499e+01
3.064000000000000057e+00,1.317500000000000000e+02,2.711111111111111427e+01
3.064000000000000057e+00,1.322500000000000000e+02,3.033333333333333215e+01
3.064000000000000057e+00,1.327500000000000000e+02,2.933333333333333215e+01
3.064000000000000057e+00,1.332500000000000000e+02,2.933333333333333215e+01
3.064000000000000057e+00,1.337500000000000000e+02,2.900000000000000000e+01
3.064000000000000057e+00,1.342500000000000000e+02,3.133333333333333215e+01
3.064000000000000057e+00,1.347500000000000000e+02,3.166666666666666785e+01
3.064000000000000057e+00,1.352500000000000000e+02,3.400000000000000000e+01
3.064000000000000057e+00,1.357500000000000000e+02,3.377777777777777857e+01
3.064000000000000057e+00,1.362500000000000000e+02,3.644444444444444997e+01
3.064000000000000057e+00,1.367500000000000000e+02,3.566666666666666430e+01
3.064000000000000057e+00,1.372500000000000000e+02,3.777777777777777857e+01
3.064000000000000057e+00,1.377500000000000000e+02,3.644444444444444997e+01
3.064000000000000057e+00,1.382500000000000000e+02,3.777777777777777857e+01
3.064000000000000057e+00,1.387500000000000000e+02,3.944444444444444997e+01
3.064000000000000057e+00,1.392500000000000000e+02,4.122222222222222854e+01
3.064000000000000057e+00,1.397500000000000000e+02,4.200000000000000711e+01
3.064000000000000057e+00,1.402500000000000000e+02,4.677777777777779278e+01
3.064000000000000057e+00,1.407500000000000000e+02,4.766666666666667851e+01
3.064000000000000057e+00,1.412500000000000000e+02,4.822222222222222854e+01
3.064000000000000057e+00,1.417500000000000000e+02,4.533333333333334281e+01
3.064000000000000057e+00,1.422500000000000000e+02,4.577777777777779278e+01
3.064000000000000057e+00,1.427500000000000000e+02,4.877777777777779278e+01
3.064000000000000057e+00,1.432500000000000000e+02,5.088888888888890705e+01
3.064000000000000057e+00,1.437500000000000000e+02,5.433333333333334991e+01
3.064000000000000057e+00,1.442500000000000000e+02,5.433333333333334991e+01
3.064000000000000057e+00,1.447500000000000000e+02,5.611111111111112137e+01
3.064000000000000057e+00,1.452500000000000000e+02,5.966666666666667851e+01
3.064000000000000057e+00,1.457500000000000000e+02,6.400000000000001421e+01
3.064000000000000057e+00,1.462500000000000000e+02,6.322222222222222854e+01
3.064000000000000057e+00,1.467500000000000000e+02,5.888888888888889284e+01
3.064000000000000057e+00,1.472500000000000000e+02,5.855555555555556424e+01
3.064000000000000057e+00,1.477500000000000000e+02,6.000000000000000000e+01
3.064000000000000057e+00,1.482500000000000000e+02,6.444444444444444287e+01
3.064000000000000057e+00,1.487500000000000000e+02,6.611111111111111427e+01
3.064000000000000057e+00,1.492500000000000000e+02,6.844444444444444287e+01
3.064000000000000057e+00,1.497500000000000000e+02,7.333333333333332860e+01
3.064000000000000057e+00,1.502500000000000000e+02,7.488888888888889994e+01
3.064000000000000057e+00,1.507500000000000000e+02,7.922222222222222854e+01
3.064000000000000057e+00,1.512500000000000000e+02,7.533333333333334281e+01
3.064000000000000057e+00,1.517500000000000000e+02,7.622222222222222854e+01
3.064000000000000057e+00,1.522500000000000000e+02,7.455555555555555713e+01
3.064000000000000057e+00,1.527500000000000000e+02,7.766666666666667140e+01
3.064000000000000057e+00,1.532500000000000000e+02,7.866666666666667140e+01
3.064000000000000057e+00,1.537500000000000000e+02,7.744444444444444287e+01
3.064000000000000057e+00,1.542500000000000000e+02,7.900000000000000000e+01
3.064000000000000057e+00,1.547500000000000000e+02,8.000000000000000000e+01
3.064000000000000057e+00,1.552500000000000000e+02,8.155555555555555713e+01
3.064000000000000057e+00,1.557500000000000000e+02,8.511111111111111427e+01
3.064000000000000057e+00,1.562500000000000000e+02,8.766666666666667140e+01
3.064000000000000057e+00,1.567500000000000000e+02,8.844444444444444287e+01
3.064000000000000057e+00,1.572500000000000000e+02,9.066666666666667140e+01
3.064000000000000057e+00,1.577500000000000000e+02,8.944444444444444287e+01
3.064000000000000057e+00,1.582500000000000000e+02,9.255555555555554292e+01
3.064000000000000057e+00,1.587500000000000000e+02,8.944444444444444287e+01
3.064000000000000057e+00,1.592500000000000000e+02,9.055555555555554292e+01
3.064000000000000057e+00,1.597500000000000000e+02,9.066666666666667140e+01
3.064000000000000057e+00,1.602500000000000000e+02,8.977777777777777146e+01
3.064000000000000057e+00,1.607500000000000000e+02,9.055555555555554292e+01
3.064000000000000057e+00,1.612500000000000000e+02,9.133333333333331439e+01
3.064000000000000057e+00,1.617500000000000000e+02,9.266666666666664298e+01
3.064000000000000057e+00,1.622500000000000000e+02,8.977777777777775725e+01
3.064000000000000057e+00,1.627500000000000000e+02,8.711111111111108585e+01
3.064000000000000057e+00,1.632500000000000000e+02,8.644444444444441444e+01
3.064000000000000057e+00,1.637500000000000000e+02,8.877777777777775725e+01
3.064000000000000057e+00,1.642500000000000000e+02,9.077777777777775725e+01
3.064000000000000057e+00,1.647500000000000000e+02,8.933333333333331439e+01
3.064000000000000057e+00,1.652500000000000000e+02,8.766666666666664298e+01
3.064000000000000057e+00,1.657500000000000000e+02,8.277777777777775725e+01
3.064000000000000057e+00,1.662500000000000000e+02,8.244444444444441444e+01
3.064000000000000057e+00,1.667500000000000000e+02,8.166666666666664298e+01
3.064000000000000057e+00,1.672500000000000000e+02,8.144444444444442865e+01
3.064000000000000057e+00,1.677500000000000000e+02,7.766666666666664298e+01
3.064000000000000057e+00,1.682500000000000000e+02,7.633333333333331439e+01
3.064000000000000057e+00,1.687500000000000000e+02,7.655555555555552871e+01
3.064000000000000057e+00,1.692500000000000000e+02,7.844444444444441444e+01
3.064000000000000057e+00,1.697500000000000000e+02,7.477777777777775725e+01
3.064000000000000057e+00,1.702500000000000000e+02,7.233333333333331439e+01
3.064000000000000057e+00,1.707500000000000000e+02,6.666666666666664298e+01
3.064000000000000057e+00,1.712500000000000000e+02,6.033333333333331439e+01
3.064000000000000057e+00,1.717500000000000000e+02,5.911111111111108585e+01
3.064000000000000057e+00,1.722500000000000000e+02,5.699999999999997158e+01
3.064000000000000057e+00,1.727500000000000000e+02,5.599999999999997158e+01
3.064000000000000057e+00,1.732500000000000000e+02,5.077777777777775015e+01
3.064000000000000057e+00,1.737500000000000000e+02,4.655555555555553582e+01
3.064000000000000057e+00,1.742500000000000000e+02,4.488888888888886441e+01
3.064000000000000057e+00,1.747500000000000000e+02,4.099999999999997868e+01
3.064000000000000057e+00,1.752500000000000000e+02,3.799999999999997868e+01
3.064000000000000057e+00,1.757500000000000000e+02,3.477777777777775725e+01
3.064000000000000057e+00,1.762500000000000000e+02,3.255555555555553582e+01
3.064000000000000057e+00,1.767500000000000000e+02,2.811111111111108940e+01
3.064000000000000057e+00,1.772500000000000000e+02,2.388888888888886797e+01
3.064000000000000057e+00,1.777500000000000000e+02,1.788888888888886797e+01
3.064000000000000057e+00,1.782500000000000000e+02,1.366666666666664298e+01
3.064000000000000057e+00,1.787500000000000000e+02,9.444444444444419773e+00
3.064000000000000057e+00,1.792500000000000000e+02,6.444444444444420661e+00
3.064000000000000057e+00,1.797500000000000000e+02,4.888888888888864415e+00
3.080000000000000071e+00,1.302500000000000000e+02,2.811111111111111072e+01
3.080000000000000071e+00,1.307500000000000000e+02,2.811111111111111072e+01
3.080000000000000071e+00,1.312500000000000000e+02,2.911111111111111072e+01
3.080000000000000071e+00,1.317500000000000000e+02,2.855555555555555358e+01
3.080000000000000071e+00,1.322500000000000000e+02,3.288888888888888573e+01
3.080000000000000071e+00,1.327500000000000000e+02,3.355555555555555003e+01
3.080000000000000071e+00,1.332500000000000000e+02,3.588888888888888573e+01
3.080000000000000071e+00,1.337500000000000000e+02,3.366666666666666430e+01
3.080000000000000071e+00,1.342500000000000000e+02,3.633333333333332860e+01
3.080000000000000071e+00,1.347500000000000000e+02,3.588888888888888573e+01
3.080000000000000071e+00,1.352500000000000000e+02,3.833333333333333570e+01
3.080000000000000071e+00,1.357500000000000000e+02,3.722222222222222143e+01
3.080000000000000071e+00,1.362500000000000000e+02,4.033333333333333570e+01
3.080000000000000071e+00,1.367500000000000000e+02,4.000000000000000000e+01
3.080000000000000071e+00,1.372500000000000000e+02,4.233333333333333570e+01
3.080000000000000071e+00,1.377500000000000000e+02,4.122222222222222143e+01
3.080000000000000071e+00,1.382500000000000000e+02,4.500000000000000000e+01
3.080000000000000071e+00,1.387500000000000000e+02,4.666666666666666430e+01
3.080000000000000071e+00,1.392500000000000000e+02,4.855555555555556424e+01
3.080000000000000071e+00,1.397500000000000000e+02,4.777777777777777857e+01
3.080000000000000071e+00,1.402500000000000000e+02,5.322222222222222854e+01
3.080000000000000071e+00,1.407500000000000000e+02,5.511111111111111427e+01
3.080000000000000071e+00,1.412500000000000000e+02,5.755555555555556424e+01
3.080000000000000071e+00,1.417500000000000000e+02,5.477777777777779278e+01
3.080000000000000071e+00,1.422500000000000000e+02,5.466666666666667851e+01
3.080000000000000071e+00,1.427500000000000000e+02,5.644444444444445708e+01
3.080000000000000071e+00,1.432500000000000000e+02,5.788888888888890705e+01
3.080000000000000071e+00,1.437500000000000000e+02,6.088888888888890705e+01
3.080000000000000071e+00,1.442500000000000000e+02,6.022222222222223564e+01
3.080000000000000071e+00,1.447500000000000000e+02,6.088888888888890705e+01
3.080000000000000071e+00,1.452500000000000000e+02,6.166666666666668561e+01
3.080000000000000071e+00,1.457500000000000000e+02,6.622222222222224275e+01
3.080000000000000071e+00,1.462500000000000000e+02,6.811111111111112848e+01
3.080000000000000071e+00,1.467500000000000000e+02,6.622222222222224275e+01
3.080000000000000071e+00,1.472500000000000000e+02,6.577777777777778567e+01
3.080000000000000071e+00,1.477500000000000000e+02,6.444444444444445708e+01
3.080000000000000071e+00,1.482500000000000000e+02,6.866666666666667140e+01
3.080000000000000071e+00,1.487500000000000000e+02,6.800000000000001421e+01
3.080000000000000071e+00,1.492500000000000000e+02,7.166666666666667140e+01
3.080000000000000071e+00,1.497500000000000000e+02,7.522222222222222854e+01
3.080000000000000071e+00,1.502500000000000000e+02,7.888888888888889994e+01
3.080000000000000071e+00,1.507500000000000000e+02,8.288888888888889994e+01
3.080000000000000071e+00,1.512500000000000000e+02,8.211111111111111427e+01
3.080000000000000071e+00,1.517500000000000000e+02,8.322222222222222854e+01
3.080000000000000071e+00,1.522500000000000000e+02,8.133333333333332860e+01
3.080000000000000071e+00,1.527500000000000000e+02,8.466666666666667140e+01
3.080000000000000071e+00,1.532500000000000000e+02,8.666666666666667140e+01
3.080000000000000071e+00,1.537500000000000000e+02,8.744444444444445708e+01
3.080000000000000071e+00,1.542500000000000000e+02,8.855555555555558556e+01
3.080000000000000071e+00,1.547500000000000000e+02,8.722222222222224275e+01
3.080000000000000071e+00,1.552500000000000000e+02,8.600000000000001421e+01
3.080000000000000071e+00,1.557500000000000000e+02,8.788888888888891415e+01
3.080000000000000071e+00,1.562500000000000000e+02,9.055555555555558556e+01
3.080000000000000071e+00,1.567500000000000000e+02,9.388888888888891415e+01
3.080000000000000071e+00,1.572500000000000000e+02,9.688888888888891415e+01
3.080000000000000071e+00,1.577500000000000000e+02,9.544444444444447129e+01
3.080000000000000071e+00,1.582500000000000000e+02,9.766666666666669983e+01
3.080000000000000071e+00,1.587500000000000000e+02,9.622222222222227117e+01
3.080000000000000071e+00,1.592500000000000000e+02,9.900000000000004263e+01
3.080000000000000071e+00,1.597500000000000000e+02,9.933333333333337123e+01
3.080000000000000071e+00,1.602500000000000000e+02,9.888888888888892836e+01
3.080000000000000071e+00,1.607500000000000000e+02,9.711111111111115690e+01
3.080000000000000071e+00,1.612500000000000000e+02,9.688888888888892836e+01
3.080000000000000071e+00,1.617500000000000000e+02,9.633333333333337123e+01
3.080000000000000071e+00,1.622500000000000000e+02,9.766666666666669983e+01
3.080000000000000071e+00,1.627500000000000000e+02,9.511111111111114269e+01
3.080000000000000071e+00,1.632500000000000000e+02,9.711111111111114269e+01
3.080000000000000071e+00,1.637500000000000000e+02,9.822222222222224275e+01
3.080000000000000071e+00,1.642500000000000000e+02,1.004444444444444713e+02
3.080000000000000071e+00,1.647500000000000000e+02,9.500000000000004263e+01
3.080000000000000071e+00,1.652500000000000000e+02,9.344444444444449971e+01
3.080000000000000071e+00,1.657500000000000000e+02,9.166666666666672825e+01
3.080000000000000071e+00,1.662500000000000000e+02,9.011111111111115690e+01
3.080000000000000071e+00,1.667500000000000000e+02,8.755555555555559977e+01
3.080000000000000071e+00,1.672500000000000000e+02,8.666666666666669983e+01
3.080000000000000071e+00,1.677500000000000000e+02,8.633333333333337123e+01
3.080000000000000071e+00,1.682500000000000000e+02,8.400000000000004263e+01
3.080000000000000071e+00,1.687500000000000000e+02,7.900000000000004263e+01
3.080000000000000071e+00,1.692500000000000000e+02,8.044444444444447129e+01
3.080000000000000071e+00,1.697500000000000000e+02,7.811111111111114269e+01
3.080000000000000071e+00,1.702500000000000000e+02,7.755555555555558556e+01
3.080000000000000071e+00,1.707500000000000000e+02,7.155555555555558556e+01
3.080000000000000071e+00,1.712500000000000000e+02,6.600000000000002842e+01
3.080000000000000071e+00,1.717500000000000000e+02,6.366666666666669272e+01
3.080000000000000071e+00,1.722500000000000000e+02,6.077777777777780699e+01
3.080000000000000071e+00,1.727500000000000000e+02,5.977777777777780699e+01
3.080000000000000071e+00,1.732500000000000000e+02,5.711111111111114269e+01
3.080000000000000071e+00,1.737500000000000000e+02,5.022222222222225696e+01
3.080000000000000071e+00,1.742500000000000000e+02,4.866666666666670693e+01
3.080000000000000071e+00,1.747500000000000000e+02,4.344444444444447839e+01
3.080000000000000071e+00,1.752500000000000000e+02,4.233333333333336412e+01
3.080000000000000071e+00,1.757500000000000000e+02,3.666666666666669272e+01
3.080000000000000071e+00,1.762500000000000000e+02,3.422222222222224985e+01
3.080000000000000071e+00,1.767500000000000000e+02,3.055555555555558556e+01
3.080000000000000071e+00,1.772500000000000000e+02,2.644444444444447484e+01
3.080000000000000071e+00,1.777500000000000000e+02,1.955555555555558556e+01
3.080000000000000071e+00,1.782500000000000000e+02,1.444444444444447306e+01
3.080000000000000071e+00,1.787500000000000000e+02,1.011111111111114091e+01
3.080000000000000071e+00,1.792500000000000000e+02,7.222222222222252519e+00
3.080000000000000071e+00,1.797500000000000000e+02,4.777777777777807877e+00
3.096000000000000085e+00,1.302500000000000000e+02,2.944444444444444287e+01
3.096000000000000085e+00,1.307500000000000000e+02,3.100000000000000000e+01
3.096000000000000085e+00,1.312500000000000000e+02,3.211111111111111427e+01
3.096000000000000085e+00,1.317500000000000000e+02,3.288888888888889284e+01
3.096000000000000085e+00,1.322500000000000000e+02,3.544444444444444997e+01
3.096000000000000085e+00,1.327500000000000000e+02,3.566666666666666430e+01
3.096000000000000085e+00,1.332500000000000000e+02,3.888888888888889284e+01
3.096000000000000085e+00,1.337500000000000000e+02,3.655555555555555713e+01
3.096000000000000085e+00,1.342500000000000000e+02,4.022222222222222143e+01
3.096000000000000085e+00,1.347500000000000000e+02,3.955555555555555713e+01
3.096000000000000085e+00,1.352500000000000000e+02,4.166666666666666430e+01
3.096000000000000085e+00,1.357500000000000000e+02,4.011111111111111427e+01
3.096000000000000085e+00,1.362500000000000000e+02,4.111111111111111427e+01
3.096000000000000085e+00,1.367500000000000000e+02,4.266666666666666430e+01
3.096000000000000085e+00,1.372500000000000000e+02,4.400000000000000000e+01
3.096000000000000085e+00,1.377500000000000000e+02,4.555555555555555003e+01
3.096000000000000085e+00,1.382500000000000000e+02,4.744444444444443576e+01
3.096000000000000085e+00,1.387500000000000000e+02,4.988888888888887863e+01
3.096000000000000085e+00,1.392500000000000000e+02,5.244444444444442865e+01
3.096000000000000085e+00,1.397500000000000000e+02,5.444444444444442865e+01
3.096000000000000085e+00,1.402500000000000000e+02,5.933333333333331439e+01
3.096000000000000085e+00,1.407500000000000000e+02,5.999999999999997868e+01
3.096000000000000085e+00,1.412500000000000000e+02,6.144444444444442865e+01
3.096000000000000085e+00,1.417500000000000000e+02,6.055555555555554292e+01
3.096000000000000085e+00,1.422500000000000000e+02,5.899999999999999289e+01
3.096000000000000085e+00,1.427500000000000000e+02,6.088888888888887863e+01
3.096000000000000085e+00,1.432500000000000000e+02,6.077777777777777146e+01
3.096000000000000085e+00,1.437500000000000000e+02,6.455555555555554292e+01
3.096000000000000085e+00,1.442500000000000000e+02,6.399999999999997868e+01
3.096000000000000085e+00,1.447500000000000000e+02,6.799999999999998579e+01
3.096000000000000085e+00,1.452500000000000000e+02,6.799999999999998579e+01
3.096000000000000085e+00,1.457500000000000000e+02,7.122222222222221433e+01
3.096000000000000085e+00,1.462500000000000000e+02,7.022222222222221433e+01
3.096000000000000085e+00,1.467500000000000000e+02,7.044444444444444287e+01
3.096000000000000085e+00,1.472500000000000000e+02,7.011111111111110006e+01
3.096000000000000085e+00,1.477500000000000000e+02,6.977777777777777146e+01
3.096000000000000085e+00,1.482500000000000000e+02,7.488888888888887152e+01
3.096000000000000085e+00,1.487500000000000000e+02,7.688888888888887152e+01
3.096000000000000085e+00,1.492500000000000000e+02,8.099999999999998579e+01
3.096000000000000085e+00,1.497500000000000000e+02,8.044444444444444287e+01
3.096000000000000085e+00,1.502500000000000000e+02,8.422222222222221433e+01
3.096000000000000085e+00,1.507500000000000000e+02,8.911111111111108585e+01
3.096000000000000085e+00,1.512500000000000000e+02,9.266666666666662877e+01
3.096000000000000085e+00,1.517500000000000000e+02,9.133333333333330017e+01
3.096000000000000085e+00,1.522500000000000000e+02,8.955555555555552871e+01
3.096000000000000085e+00,1.527500000000000000e+02,9.166666666666662877e+01
3.096000000000000085e+00,1.532500000000000000e+02,9.466666666666662877e+01
3.096000000000000085e+00,1.537500000000000000e+02,9.344444444444440023e+01
3.096000000000000085e+00,1.542500000000000000e+02,9.577777777777772883e+01
3.096000000000000085e+00,1.547500000000000000e+02,9.211111111111107164e+01
3.096000000000000085e+00,1.552500000000000000e+02,9.188888888888884310e+01
3.096000000000000085e+00,1.557500000000000000e+02,9.155555555555550029e+01
3.096000000000000085e+00,1.562500000000000000e+02,9.511111111111107164e+01
3.096000000000000085e+00,1.567500000000000000e+02,9.688888888888884310e+01
3.096000000000000085e+00,1.572500000000000000e+02,9.977777777777771462e+01
3.096000000000000085e+00,1.577500000000000000e+02,9.822222222222215748e+01
3.096000000000000085e+00,1.582500000000000000e+02,1.003333333333332575e+02
3.096000000000000085e+00,1.587500000000000000e+02,9.599999999999992895e+01
3.096000000000000085e+00,1.592500000000000000e+02,1.024444444444443860e+02
3.096000000000000085e+00,1.597500000000000000e+02,1.041111111111110432e+02
3.096000000000000085e+00,1.602500000000000000e+02,1.062222222222221717e+02
3.096000000000000085e+00,1.607500000000000000e+02,1.027777777777777146e+02
3.096000000000000085e+00,1.612500000000000000e+02,9.977777777777771462e+01
3.096000000000000085e+00,1.617500000000000000e+02,9.966666666666658614e+01
3.096000000000000085e+00,1.622500000000000000e+02,1.019999999999999289e+02
3.096000000000000085e+00,1.627500000000000000e+02,1.032222222222221575e+02
3.096000000000000085e+00,1.632500000000000000e+02,1.045555555555554861e+02
3.096000000000000085e+00,1.637500000000000000e+02,1.066666666666665861e+02
3.096000000000000085e+00,1.642500000000000000e+02,1.099999999999999289e+02
3.096000000000000085e+00,1.647500000000000000e+02,1.088888888888888147e+02
3.096000000000000085e+00,1.652500000000000000e+02,1.048888888888888147e+02
3.096000000000000085e+00,1.657500000000000000e+02,9.977777777777771462e+01
3.096000000000000085e+00,1.662500000000000000e+02,9.555555555555548608e+01
3.096000000000000085e+00,1.667500000000000000e+02,9.244444444444438602e+01
3.096000000000000085e+00,1.672500000000000000e+02,9.199999999999992895e+01
3.096000000000000085e+00,1.677500000000000000e+02,9.433333333333325754e+01
3.096000000000000085e+00,1.682500000000000000e+02,9.222222222222215748e+01
3.096000000000000085e+00,1.687500000000000000e+02,8.577777777777771462e+01
3.096000000000000085e+00,1.692500000000000000e+02,8.055555555555550029e+01
3.096000000000000085e+00,1.697500000000000000e+02,7.888888888888882889e+01
3.096000000000000085e+00,1.702500000000000000e+02,7.955555555555550029e+01
3.096000000000000085e+00,1.707500000000000000e+02,7.611111111111104321e+01
3.096000000000000085e+00,1.712500000000000000e+02,7.055555555555548608e+01
3.096000000000000085e+00,1.717500000000000000e+02,6.955555555555548608e+01
3.096000000000000085e+00,1.722500000000000000e+02,6.433333333333327175e+01
3.096000000000000085e+00,1.727500000000000000e+02,6.066666666666660035e+01
3.096000000000000085e+00,1.732500000000000000e+02,5.444444444444437892e+01
3.096000000000000085e+00,1.737500000000000000e+02,5.133333333333327886e+01
3.096000000000000085e+00,1.742500000000000000e+02,5.066666666666660745e+01
3.096000000000000085e+00,1.747500000000000000e+02,4.811111111111105032e+01
3.096000000000000085e+00,1.752500000000000000e+02,4.844444444444437892e+01
3.096000000000000085e+00,1.757500000000000000e+02,4.255555555555549319e+01
3.096000000000000085e+00,1.762500000000000000e+02,3.777777777777771462e+01
3.096000000000000085e+00,1.767500000000000000e+02,3.099999999999993250e+01
3.096000000000000085e+00,1.772500000000000000e+02,2.588888888888882533e+01
3.096000000000000085e+00,1.777500000000000000e+02,2.066666666666660390e+01
3.096000000000000085e+00,1.782500000000000000e+02,1.488888888888882356e+01
3.096000000000000085e+00,1.787500000000000000e+02,1.099999999999993605e+01
3.096000000000000085e+00,1.792500000000000000e+02,7.111111111111047656e+00
3.096000000000000085e+00,1.797500000000000000e+02,4.888888888888826223e+00
3.112000000000000099e+00,1.302500000000000000e+02,3.311111111111111427e+01
3.112000000000000099e+00,1.307500000000000000e+02,3.566666666666666430e+01
3.112000000000000099e+00,1.312500000000000000e+02,3.566666666666666430e+01
3.112000000000000099e+00,1.317500000000000000e+02,3.655555555555555713e+01
3.112000000000000099e+00,1.322500000000000000e+02,3.577777777777777857e+01
3.112000000000000099e+00,1.327500000000000000e+02,3.833333333333333570e+01
3.112000000000000099e+00,1.332500000000000000e+02,3.944444444444444287e+01
3.112000000000000099e+00,1.337500000000000000e+02,3.922222222222222143e+01
3.112000000000000099e+00,1.342500000000000000e+02,4.144444444444443576e+01
3.112000000000000099e+00,1.347500000000000000e+02,4.366666666666666430e+01
3.112000000000000099e+00,1.352500000000000000e+02,4.688888888888888573e+01
3.112000000000000099e+00,1.357500000000000000e+02,4.366666666666666430e+01
3.112000000000000099e+00,1.362500000000000000e+02,4.366666666666666430e+01
3.112000000000000099e+00,1.367500000000000000e+02,4.322222222222222854e+01
3.112000000000000099e+00,1.372500000000000000e+02,4.711111111111111427e+01
3.112000000000000099e+00,1.377500000000000000e+02,4.855555555555556424e+01
3.112000000000000099e+00,1.382500000000000000e+02,5.200000000000000000e+01
3.112000000000000099e+00,1.387500000000000000e+02,5.366666666666666430e+01
3.112000000000000099e+00,1.392500000000000000e+02,5.788888888888888573e+01
3.112000000000000099e+00,1.397500000000000000e+02,6.044444444444443576e+01
3.112000000000000099e+00,1.402500000000000000e+02,6.511111111111110006e+01
3.112000000000000099e+00,1.407500000000000000e+02,6.522222222222221433e+01
3.112000000000000099e+00,1.412500000000000000e+02,6.522222222222221433e+01
3.112000000000000099e+00,1.417500000000000000e+02,6.577777777777777146e+01
3.112000000000000099e+00,1.422500000000000000e+02,6.377777777777777146e+01
3.112000000000000099e+00,1.427500000000000000e+02,6.477777777777777146e+01
3.112000000000000099e+00,1.432500000000000000e+02,6.277777777777777146e+01
3.112000000000000099e+00,1.437500000000000000e+02,6.744444444444444287e+01
3.112000000000000099e+00,1.442500000000000000e+02,6.788888888888888573e+01
3.112000000000000099e+00,1.447500000000000000e+02,7.255555555555555713e+01
3.112000000000000099e+00,1.452500000000000000e+02,7.222222222222221433e+01
3.112000000000000099e+00,1.457500000000000000e+02,7.388888888888888573e+01
3.112000000000000099e+00,1.462500000000000000e+02,7.433333333333332860e+01
3.112000000000000099e+00,1.467500000000000000e+02,7.333333333333332860e+01
3.112000000000000099e+00,1.472500000000000000e+02,7.577777777777777146e+01
3.112000000000000099e+00,1.477500000000000000e+02,7.711111111111110006e+01
3.112000000000000099e+00,1.482500000000000000e+02,8.411111111111110006e+01
3.112000000000000099e+00,1.487500000000000000e+02,8.755555555555554292e+01
3.112000000000000099e+00,1.492500000000000000e+02,8.855555555555554292e+01
3.112000000000000099e+00,1.497500000000000000e+02,8.555555555555554292e+01
3.112000000000000099e+00,1.502500000000000000e+02,8.722222222222221433e+01
3.112000000000000099e+00,1.507500000000000000e+02,9.099999999999998579e+01
3.112000000000000099e+00,1.512500000000000000e+02,9.677777777777775725e+01
3.112000000000000099e+00,1.517500000000000000e+02,9.588888888888887152e+01
3.112000000000000099e+00,1.522500000000000000e+02,9.611111111111110006e+01
3.112000000000000099e+00,1.527500000000000000e+02,9.677777777777777146e+01
3.112000000000000099e+00,1.532500000000000000e+02,9.866666666666667140e+01
3.112000000000000099e+00,1.537500000000000000e+02,9.955555555555554292e+01
3.112000000000000099e+00,1.542500000000000000e+02,1.002222222222222143e+02
3.112000000000000099e+00,1.547500000000000000e+02,9.822222222222221433e+01
3.112000000000000099e+00,1.552500000000000000e+02,9.644444444444444287e+01
3.112000000000000099e+00,1.557500000000000000e+02,9.566666666666667140e+01
3.112000000000000099e+00,1.562500000000000000e+02,9.944444444444445708e+01
3.112000000000000099e+00,1.567500000000000000e+02,9.955555555555555713e+01
3.112000000000000099e+00,1.572500000000000000e+02,1.008888888888888999e+02
3.112000000000000099e+00,1.577500000000000000e+02,1.007777777777777857e+02
3.112000000000000099e+00,1.582500000000000000e+02,1.061111111111111285e+02
3.112000000000000099e+00,1.587500000000000000e+02,1.066666666666666714e+02
3.112000000000000099e+00,1.592500000000000000e+02,1.116666666666666714e+02
3.112000000000000099e+00,1.597500000000000000e+02,1.104444444444444571e+02
3.112000000000000099e+00,1.602500000000000000e+02,1.108888888888889142e+02
3.112000000000000099e+00,1.607500000000000000e+02,1.091111111111111427e+02
3.112000000000000099e+00,1.612500000000000000e+02,1.084444444444444713e+02
3.112000000000000099e+00,1.617500000000000000e+02,1.082222222222222427e+02
3.112000000000000099e+00,1.622500000000000000e+02,1.096666666666666856e+02
3.112000000000000099e+00,1.627500000000000000e+02,1.116666666666666856e+02
3.112000000000000099e+00,1.632500000000000000e+02,1.134444444444444571e+02
3.112000000000000099e+00,1.637500000000000000e+02,1.124444444444444571e+02
3.112000000000000099e+00,1.642500000000000000e+02,1.098888888888888999e+02
3.112000000000000099e+00,1.647500000000000000e+02,1.096666666666666714e+02
3.112000000000000099e+00,1.652500000000000000e+02,1.064444444444444571e+02
3.112000000000000099e+00,1.657500000000000000e+02,1.058888888888888999e+02
3.112000000000000099e+00,1.662500000000000000e+02,1.021111111111111285e+02
3.112000000000000099e+00,1.667500000000000000e+02,1.007777777777777857e+02
3.112000000000000099e+00,1.672500000000000000e+02,9.855555555555558556e+01
3.112000000000000099e+00,1.677500000000000000e+02,1.012222222222222427e+02
3.112000000000000099e+00,1.682500000000000000e+02,9.733333333333335702e+01
3.112000000000000099e+00,1.687500000000000000e+02,9.300000000000001421e+01
3.112000000000000099e+00,1.692500000000000000e+02,8.500000000000001421e+01
3.112000000000000099e+00,1.697500000000000000e+02,8.122222222222224275e+01
3.112000000000000099e+00,1.702500000000000000e+02,7.788888888888891415e+01
3.112000000000000099e+00,1.707500000000000000e+02,7.466666666666669983e+01
3.112000000000000099e+00,1.712500000000000000e+02,7.355555555555558556e+01
3.112000000000000099e+00,1.717500000000000000e+02,7.277777777777779988e+01
3.112000000000000099e+00,1.722500000000000000e+02,6.833333333333335702e+01
3.112000000000000099e+00,1.727500000000000000e+02,6.188888888888891415e+01
3.112000000000000099e+00,1.732500000000000000e+02,5.655555555555557845e+01
3.112000000000000099e+00,1.737500000000000000e+02,5.333333333333334991e+01
3.112000000000000099e+00,1.742500000000000000e+02,5.366666666666668561e+01
3.112000000000000099e+00,1.747500000000000000e+02,5.388888888888890705e+01
3.112000000000000099e+00,1.752500000000000000e+02,5.266666666666668561e+01
3.112000000000000099e+00,1.757500000000000000e+02,4.644444444444446418e+01
3.112000000000000099e+00,1.762500000000000000e+02,3.844444444444446418e+01
3.112000000000000099e+00,1.767500000000000000e+02,3.188888888888891060e+01
3.112000000000000099e+00,1.772500000000000000e+02,2.722222222222224275e+01
3.112000000000000099e+00,1.777500000000000000e+02,2.244444444444446773e+01
3.112000000000000099e+00,1.782500000000000000e+02,1.688888888888891060e+01
3.112000000000000099e+00,1.787500000000000000e+02,1.155555555555557845e+01
3.112000000000000099e+00,1.792500000000000000e+02,7.111111111111132921e+00
3.112000000000000099e+00,1.797500000000000000e+02,4.666666666666689167e+00
3.128000000000000114e+00,1.302500000000000000e+02,3.911111111111110716e+01
3.128000000000000114e+00,1.307500000000000000e+02,3.977777777777777857e+01
3.128000000000000114e+00,1.312500000000000000e+02,3.822222222222222143e+01
3.128000000000000114e+00,1.317500000000000000e+02,4.011111111111110716e+01
3.128000000000000114e+00,1.322500000000000000e+02,3.833333333333332860e+01
3.128000000000000114e+00,1.327500000000000000e+02,4.044444444444443576e+01
3.128000000000000114e+00,1.332500000000000000e+02,4.044444444444443576e+01
3.128000000000000114e+00,1.337500000000000000e+02,4.133333333333332149e+01
3.128000000000000114e+00,1.342500000000000000e+02,4.233333333333332149e+01
3.128000000000000114e+00,1.347500000000000000e+02,4.555555555555554292e+01
3.128000000000000114e+00,1.352500000000000000e+02,4.944444444444442865e+01
3.128000000000000114e+00,1.357500000000000000e+02,4.844444444444442865e+01
3.128000000000000114e+00,1.362500000000000000e+02,4.977777777777776436e+01
3.128000000000000114e+00,1.367500000000000000e+02,4.799999999999997868e+01
3.128000000000000114e+00,1.372500000000000000e+02,5.255555555555553582e+01
3.128000000000000114e+00,1.377500000000000000e+02,5.266666666666665009e+01
3.128000000000000114e+00,1.382500000000000000e+02,5.522222222222220012e+01
3.128000000000000114e+00,1.387500000000000000e+02,5.588888888888886441e+01
3.128000000000000114e+00,1.392500000000000000e+02,6.055555555555553582e+01
3.128000000000000114e+00,1.397500000000000000e+02,6.377777777777775015e+01
3.128000000000000114e+00,1.402500000000000000e+02,6.722222222222218591e+01
3.128000000000000114e+00,1.407500000000000000e+02,6.599999999999995737e+01
3.128000000000000114e+00,1.412500000000000000e+02,6.555555555555552871e+01
3.128000000000000114e+00,1.417500000000000000e+02,6.711111111111108585e+01
3.128000000000000114e+00,1.422500000000000000e+02,6.666666666666664298e+01
3.128000000000000114e+00,1.427500000000000000e+02,6.866666666666664298e+01
3.128000000000000114e+00,1.432500000000000000e+02,6.677777777777775725e+01
3.128000000000000114e+00,1.437500000000000000e+02,7.133333333333330017e+01
3.128000000000000114e+00,1.442500000000000000e+02,7.422222222222218591e+01
3.128000000000000114e+00,1.447500000000000000e+02,7.988888888888885731e+01
3.128000000000000114e+00,1.452500000000000000e+02,7.777777777777775725e+01
3.128000000000000114e+00,1.457500000000000000e+02,7.766666666666664298e+01
3.128000000000000114e+00,1.462500000000000000e+02,7.533333333333331439e+01
3.128000000000000114e+00,1.467500000000000000e+02,7.655555555555554292e+01
3.128000000000000114e+00,1.472500000000000000e+02,8.033333333333331439e+01
3.128000000000000114e+00,1.477500000000000000e+02,8.433333333333331439e+01
3.128000000000000114e+00,1.482500000000000000e+02,9.044444444444441444e+01
3.128000000000000114e+00,1.487500000000000000e+02,9.277777777777775725e+01
3.128000000000000114e+00,1.492500000000000000e+02,9.188888888888887152e+01
3.128000000000000114e+00,1.497500000000000000e+02,9.055555555555554292e+01
3.128000000000000114e+00,1.502500000000000000e+02,9.133333333333331439e+01
3.128000000000000114e+00,1.507500000000000000e+02,9.466666666666664298e+01
3.128000000000000114e+00,1.512500000000000000e+02,9.899999999999998579e+01
3.128000000000000114e+00,1.517500000000000000e+02,9.744444444444441444e+01
3.128000000000000114e+00,1.522500000000000000e+02,1.016666666666666288e+02
3.128000000000000114e+00,1.527500000000000000e+02,9.877777777777772883e+01
3.128000000000000114e+00,1.532500000000000000e+02,1.027777777777777288e+02
3.128000000000000114e+00,1.537500000000000000e+02,1.001111111111110716e+02
3.128000000000000114e+00,1.542500000000000000e+02,1.042222222222221717e+02
3.128000000000000114e+00,1.547500000000000000e+02,1.012222222222221717e+02
3.128000000000000114e+00,1.552500000000000000e+02,1.016666666666666288e+02
3.128000000000000114e+00,1.557500000000000000e+02,1.016666666666666288e+02
3.128000000000000114e+00,1.562500000000000000e+02,1.082222222222221717e+02
3.128000000000000114e+00,1.567500000000000000e+02,1.092222222222221717e+02
3.128000000000000114e+00,1.572500000000000000e+02,1.082222222222221717e+02
3.128000000000000114e+00,1.577500000000000000e+02,1.088888888888888431e+02
3.128000000000000114e+00,1.582500000000000000e+02,1.134444444444443860e+02
3.128000000000000114e+00,1.587500000000000000e+02,1.154444444444443860e+02
3.128000000000000114e+00,1.592500000000000000e+02,1.157777777777777146e+02
3.128000000000000114e+00,1.597500000000000000e+02,1.158888888888888431e+02
3.128000000000000114e+00,1.602500000000000000e+02,1.151111111111110432e+02
3.128000000000000114e+00,1.607500000000000000e+02,1.144444444444443860e+02
3.128000000000000114e+00,1.612500000000000000e+02,1.111111111111110432e+02
3.128000000000000114e+00,1.617500000000000000e+02,1.125555555555555003e+02
3.128000000000000114e+00,1.622500000000000000e+02,1.124444444444444002e+02
3.128000000000000114e+00,1.627500000000000000e+02,1.164444444444444002e+02
3.128000000000000114e+00,1.632500000000000000e+02,1.164444444444444002e+02
3.128000000000000114e+00,1.637500000000000000e+02,1.196666666666666288e+02
3.128000000000000114e+00,1.642500000000000000e+02,1.153333333333333002e+02
3.128000000000000114e+00,1.647500000000000000e+02,1.192222222222221717e+02
3.128000000000000114e+00,1.652500000000000000e+02,1.133333333333332718e+02
3.128000000000000114e+00,1.657500000000000000e+02,1.117777777777777146e+02
3.128000000000000114e+00,1.662500000000000000e+02,1.068888888888888431e+02
3.128000000000000114e+00,1.667500000000000000e+02,1.072222222222221717e+02
3.128000000000000114e+00,1.672500000000000000e+02,1.048888888888888431e+02
3.128000000000000114e+00,1.677500000000000000e+02,1.062222222222221717e+02
3.128000000000000114e+00,1.682500000000000000e+02,1.003333333333332718e+02
3.128000000000000114e+00,1.687500000000000000e+02,9.877777777777771462e+01
3.128000000000000114e+00,1.692500000000000000e+02,9.022222222222215748e+01
3.128000000000000114e+00,1.697500000000000000e+02,8.766666666666658614e+01
3.128000000000000114e+00,1.702500000000000000e+02,8.299999999999992895e+01
3.128000000000000114e+00,1.707500000000000000e+02,7.966666666666658614e+01
3.128000000000000114e+00,1.712500000000000000e+02,7.966666666666658614e+01
3.128000000000000114e+00,1.717500000000000000e+02,7.744444444444437181e+01
3.128000000000000114e+00,1.722500000000000000e+02,7.299999999999992895e+01
3.128000000000000114e+00,1.727500000000000000e+02,6.333333333333325754e+01
3.128000000000000114e+00,1.732500000000000000e+02,5.933333333333325754e+01
3.128000000000000114e+00,1.737500000000000000e+02,5.722222222222215038e+01
3.128000000000000114e+00,1.742500000000000000e+02,5.644444444444437892e+01
3.128000000000000114e+00,1.747500000000000000e+02,5.422222222222216459e+01
3.128000000000000114e+00,1.752500000000000000e+02,5.099999999999994316e+01
3.128000000000000114e+00,1.757500000000000000e+02,4.722222222222216459e+01
3.128000000000000114e+00,1.762500000000000000e+02,3.966666666666660745e+01
3.128000000000000114e+00,1.767500000000000000e+02,3.399999999999993605e+01
3.128000000000000114e+00,1.772500000000000000e+02,3.044444444444438247e+01
3.128000000000000114e+00,1.777500000000000000e+02,2.688888888888882889e+01
3.128000000000000114e+00,1.782500000000000000e+02,2.022222222222216104e+01
3.128000000000000114e+00,1.787500000000000000e+02,1.255555555555549496e+01
3.128000000000000114e+00,1.792500000000000000e+02,6.999999999999939604e+00
3.128000000000000114e+00,1.797500000000000000e+02,4.444444444444384246e+00
3.144000000000000128e+00,1.302500000000000000e+02,3.911111111111111427e+01
3.144000000000000128e+00,1.307500000000000000e+02,4.111111111111111427e+01
3.144000000000000128e+00,1.312500000000000000e+02,4.033333333333333570e+01
3.144000000000000128e+00,1.317500000000000000e+02,4.322222222222222143e+01
3.144000000000000128e+00,1.322500000000000000e+02,3.988888888888888573e+01
3.144000000000000128e+00,1.327500000000000000e+02,4.244444444444444287e+01
3.144000000000000128e+00,1.332500000000000000e+02,4.200000000000000000e+01
3.144000000000000128e+00,1.337500000000000000e+02,4.455555555555555003e+01
3.144000000000000128e+00,1.342500000000000000e+02,4.411111111111110716e+01
3.144000000000000128e+00,1.347500000000000000e+02,4.855555555555555003e+01
3.144000000000000128e+00,1.352500000000000000e+02,5.166666666666666430e+01
3.144000000000000128e+00,1.357500000000000000e+02,5.322222222222222143e+01
3.144000000000000128e+00,1.362500000000000000e+02,5.411111111111110716e+01
3.144000000000000128e+00,1.367500000000000000e+02,5.366666666666665719e+01
3.144000000000000128e+00,1.372500000000000000e+02,5.677777777777777146e+01
3.144000000000000128e+00,1.377500000000000000e+02,5.655555555555555003e+01
3.144000000000000128e+00,1.382500000000000000e+02,5.933333333333333570e+01
3.144000000000000128e+00,1.387500000000000000e+02,6.111111111111110716e+01
3.144000000000000128e+00,1.392500000000000000e+02,6.400000000000000000e+01
3.144000000000000128e+00,1.397500000000000000e+02,6.466666666666667140e+01
3.144000000000000128e+00,1.402500000000000000e+02,6.577777777777778567e+01
3.144000000000000128e+00,1.407500000000000000e+02,6.688888888888889994e+01
3.144000000000000128e+00,1.412500000000000000e+02,6.522222222222222854e+01
3.144000000000000128e+00,1.417500000000000000e+02,6.888888888888889994e+01
3.144000000000000128e+00,1.422500000000000000e+02,6.955555555555555713e+01
3.144000000000000128e+00,1.427500000000000000e+02,7.444444444444445708e+01
3.144000000000000128e+00,1.432500000000000000e+02,7.455555555555555713e+01
3.144000000000000128e+00,1.437500000000000000e+02,7.833333333333332860e+01
3.144000000000000128e+00,1.442500000000000000e+02,8.377777777777777146e+01
3.144000000000000128e+00,1.447500000000000000e+02,8.644444444444444287e+01
3.144000000000000128e+00,1.452500000000000000e+02,8.344444444444444287e+01
3.144000000000000128e+00,1.457500000000000000e+02,8.222222222222221433e+01
3.144000000000000128e+00,1.462500000000000000e+02,8.211111111111110006e+01
3.144000000000000128e+00,1.467500000000000000e+02,8.488888888888888573e+01
3.144000000000000128e+00,1.472500000000000000e+02,8.855555555555554292e+01
3.144000000000000128e+00,1.477500000000000000e+02,9.177777777777775725e+01
3.144000000000000128e+00,1.482500000000000000e+02,9.422222222222218591e+01
3.144000000000000128e+00,1.487500000000000000e+02,9.366666666666662877e+01
3.144000000000000128e+00,1.492500000000000000e+02,9.155555555555552871e+01
3.144000000000000128e+00,1.497500000000000000e+02,9.522222222222218591e+01
3.144000000000000128e+00,1.502500000000000000e+02,9.611111111111108585e+01
3.144000000000000128e+00,1.507500000000000000e+02,9.888888888888885731e+01
3.144000000000000128e+00,1.512500000000000000e+02,1.022222222222221859e+02
3.144000000000000128e+00,1.517500000000000000e+02,1.003333333333333002e+02
3.144000000000000128e+00,1.522500000000000000e+02,1.059999999999999574e+02
3.144000000000000128e+00,1.527500000000000000e+02,1.024444444444444002e+02
3.144000000000000128e+00,1.532500000000000000e+02,1.082222222222221717e+02
3.144000000000000128e+00,1.537500000000000000e+02,1.059999999999999574e+02
3.144000000000000128e+00,1.542500000000000000e+02,1.098888888888888573e+02
3.144000000000000128e+00,1.547500000000000000e+02,1.108888888888888573e+02
3.144000000000000128e+00,1.552500000000000000e+02,1.117777777777777573e+02
3.144000000000000128e+00,1.557500000000000000e+02,1.135555555555555287e+02
3.144000000000000128e+00,1.562500000000000000e+02,1.159999999999999574e+02
3.144000000000000128e+00,1.567500000000000000e+02,1.183333333333333002e+02
3.144000000000000128e+00,1.572500000000000000e+02,1.147777777777777573e+02
3.144000000000000128e+00,1.577500000000000000e+02,1.172222222222222143e+02
3.144000000000000128e+00,1.582500000000000000e+02,1.197777777777777715e+02
3.144000000000000128e+00,1.587500000000000000e+02,1.256666666666666714e+02
3.144000000000000128e+00,1.592500000000000000e+02,1.237777777777777715e+02
3.144000000000000128e+00,1.597500000000000000e+02,1.221111111111111001e+02
3.144000000000000128e+00,1.602500000000000000e+02,1.201111111111111001e+02
3.144000000000000128e+00,1.607500000000000000e+02,1.185555555555555429e+02
3.144000000000000128e+00,1.612500000000000000e+02,1.188888888888888715e+02
3.144000000000000128e+00,1.617500000000000000e+02,1.163333333333333286e+02
3.144000000000000128e+00,1.622500000000000000e+02,1.190000000000000000e+02
3.144000000000000128e+00,1.627500000000000000e+02,1.193333333333333286e+02
3.144000000000000128e+00,1.632500000000000000e+02,1.222222222222222143e+02
3.144000000000000128e+00,1.637500000000000000e+02,1.223333333333333286e+02
3.144000000000000128e+00,1.642500000000000000e+02,1.181111111111111001e+02
3.144000000000000128e+00,1.647500000000000000e+02,1.208888888888888715e+02
3.144000000000000128e+00,1.652500000000000000e+02,1.149999999999999858e+02
3.144000000000000128e+00,1.657500000000000000e+02,1.148888888888888715e+02
3.144000000000000128e+00,1.662500000000000000e+02,1.083333333333333144e+02
3.144000000000000128e+00,1.667500000000000000e+02,1.094444444444444144e+02
3.144000000000000128e+00,1.672500000000000000e+02,1.055555555555555287e+02
3.144000000000000128e+00,1.677500000000000000e+02,1.088888888888888573e+02
3.144000000000000128e+00,1.682500000000000000e+02,1.039999999999999574e+02
3.144000000000000128e+00,1.687500000000000000e+02,1.052222222222221859e+02
3.144000000000000128e+00,1.692500000000000000e+02,9.433333333333330017e+01
3.144000000000000128e+00,1.697500000000000000e+02,9.011111111111107164e+01
3.144000000000000128e+00,1.702500000000000000e+02,8.433333333333330017e+01
3.144000000000000128e+00,1.707500000000000000e+02,8.211111111111107164e+01
3.144000000000000128e+00,1.712500000000000000e+02,8.266666666666662877e+01
3.144000000000000128e+00,1.717500000000000000e+02,7.766666666666662877e+01
3.144000000000000128e+00,1.722500000000000000e+02,7.599999999999995737e+01
3.144000000000000128e+00,1.727500000000000000e+02,6.866666666666662877e+01
3.144000000000000128e+00,1.732500000000000000e+02,6.622222222222218591e+01
3.144000000000000128e+00,1.737500000000000000e+02,6.066666666666662877e+01
3.144000000000000128e+00,1.742500000000000000e+02,5.655555555555552161e+01
3.144000000000000128e+00,1.747500000000000000e+02,5.599999999999996447e+01
3.144000000000000128e+00,1.752500000000000000e+02,5.155555555555551450e+01
3.144000000000000128e+00,1.757500000000000000e+02,4.966666666666662877e+01
3.144000000000000128e+00,1.762500000000000000e+02,3.944444444444440734e+01
3.144000000000000128e+00,1.767500000000000000e+02,3.588888888888885731e+01
3.144000000000000128e+00,1.772500000000000000e+02,3.133333333333330373e+01
3.144000000000000128e+00,1.777500000000000000e+02,2.755555555555552871e+01
3.144000000000000128e+00,1.782500000000000000e+02,2.088888888888886086e+01
3.144000000000000128e+00,1.787500000000000000e+02,1.277777777777775192e+01
3.144000000000000128e+00,1.792500000000000000e+02,7.222222222222196564e+00
3.144000000000000128e+00,1.797500000000000000e+02,3.555555555555530045e+00
3.160000000000000142e+00,1.302500000000000000e+02,3.977777777777777857e+01
3.160000000000000142e+00,1.307500000000000000e+02,4.100000000000000000e+01
3.160000000000000142e+00,1.312500000000000000e+02,4.100000000000000000e+01
3.160000000000000142e+00,1.317500000000000000e+02,4.311111111111110716e+01
3.160000000000000142e+00,1.322500000000000000e+02,4.211111111111110716e+01
3.160000000000000142e+00,1.327500000000000000e+02,4.433333333333332149e+01
3.160000000000000142e+00,1.332500000000000000e+02,4.644444444444443576e+01
3.160000000000000142e+00,1.337500000000000000e+02,4.900000000000000000e+01
3.160000000000000142e+00,1.342500000000000000e+02,5.044444444444444997e+01
3.160000000000000142e+00,1.347500000000000000e+02,5.277777777777777857e+01
3.160000000000000142e+00,1.352500000000000000e+02,5.444444444444444997e+01
3.160000000000000142e+00,1.357500000000000000e+02,5.577777777777777857e+01
3.160000000000000142e+00,1.362500000000000000e+02,5.611111111111111427e+01
3.160000000000000142e+00,1.367500000000000000e+02,5.644444444444444997e+01
3.160000000000000142e+00,1.372500000000000000e+02,5.766666666666666430e+01
3.160000000000000142e+00,1.377500000000000000e+02,5.811111111111111427e+01
3.160000000000000142e+00,1.382500000000000000e+02,6.033333333333333570e+01
3.160000000000000142e+00,1.387500000000000000e+02,6.311111111111111427e+01
3.160000000000000142e+00,1.392500000000000000e+02,6.588888888888889994e+01
3.160000000000000142e+00,1.397500000000000000e+02,6.822222222222222854e+01
3.160000000000000142e+00,1.402500000000000000e+02,6.922222222222222854e+01
3.160000000000000142e+00,1.407500000000000000e+02,7.000000000000000000e+01
3.160000000000000142e+00,1.412500000000000000e+02,6.922222222222222854e+01
3.160000000000000142e+00,1.417500000000000000e+02,7.311111111111112848e+01
3.160000000000000142e+00,1.422500000000000000e+02,7.522222222222222854e+01
3.160000000000000142e+00,1.427500000000000000e+02,7.922222222222222854e+01
3.160000000000000142e+00,1.432500000000000000e+02,7.933333333333332860e+01
3.160000000000000142e+00,1.437500000000000000e+02,8.233333333333332860e+01
3.160000000000000142e+00,1.442500000000000000e+02,8.844444444444444287e+01
3.160000000000000142e+00,1.447500000000000000e+02,8.966666666666667140e+01
3.160000000000000142e+00,1.452500000000000000e+02,8.733333333333332860e+01
3.160000000000000142e+00,1.457500000000000000e+02,8.611111111111110006e+01
3.160000000000000142e+00,1.462500000000000000e+02,8.711111111111110006e+01
3.160000000000000142e+00,1.467500000000000000e+02,9.322222222222221433e+01
3.160000000000000142e+00,1.472500000000000000e+02,9.422222222222221433e+01
3.160000000000000142e+00,1.477500000000000000e+02,9.444444444444441444e+01
3.160000000000000142e+00,1.482500000000000000e+02,9.177777777777775725e+01
3.160000000000000142e+00,1.487500000000000000e+02,9.155555555555554292e+01
3.160000000000000142e+00,1.492500000000000000e+02,9.344444444444444287e+01
3.160000000000000142e+00,1.497500000000000000e+02,1.010000000000000000e+02
3.160000000000000142e+00,1.502500000000000000e+02,1.010000000000000000e+02
3.160000000000000142e+00,1.507500000000000000e+02,1.036666666666666714e+02
3.160000000000000142e+00,1.512500000000000000e+02,1.041111111111111285e+02
3.160000000000000142e+00,1.517500000000000000e+02,1.027777777777777857e+02
3.160000000000000142e+00,1.522500000000000000e+02,1.063333333333333570e+02
3.160000000000000142e+00,1.527500000000000000e+02,1.026666666666666856e+02
3.160000000000000142e+00,1.532500000000000000e+02,1.101111111111111285e+02
3.160000000000000142e+00,1.537500000000000000e+02,1.104444444444444571e+02
3.160000000000000142e+00,1.542500000000000000e+02,1.193333333333333570e+02
3.160000000000000142e+00,1.547500000000000000e+02,1.201111111111111285e+02
3.160000000000000142e+00,1.552500000000000000e+02,1.222222222222222285e+02
3.160000000000000142e+00,1.557500000000000000e+02,1.171111111111111285e+02
3.160000000000000142e+00,1.562500000000000000e+02,1.193333333333333570e+02
3.160000000000000142e+00,1.567500000000000000e+02,1.222222222222222427e+02
3.160000000000000142e+00,1.572500000000000000e+02,1.226666666666666856e+02
3.160000000000000142e+00,1.577500000000000000e+02,1.241111111111111285e+02
3.160000000000000142e+00,1.582500000000000000e+02,1.241111111111111285e+02
3.160000000000000142e+00,1.587500000000000000e+02,1.283333333333333428e+02
3.160000000000000142e+00,1.592500000000000000e+02,1.252222222222222427e+02
3.160000000000000142e+00,1.597500000000000000e+02,1.240000000000000426e+02
3.160000000000000142e+00,1.602500000000000000e+02,1.227777777777778141e+02
3.160000000000000142e+00,1.607500000000000000e+02,1.235555555555555856e+02
3.160000000000000142e+00,1.612500000000000000e+02,1.237777777777778141e+02
3.160000000000000142e+00,1.617500000000000000e+02,1.223333333333333712e+02
3.160000000000000142e+00,1.622500000000000000e+02,1.237777777777778283e+02
3.160000000000000142e+00,1.627500000000000000e+02,1.223333333333333712e+02
3.160000000000000142e+00,1.632500000000000000e+02,1.241111111111111427e+02
3.160000000000000142e+00,1.637500000000000000e+02,1.267777777777778141e+02
3.160000000000000142e+00,1.642500000000000000e+02,1.260000000000000426e+02
3.160000000000000142e+00,1.647500000000000000e+02,1.274444444444444713e+02
3.160000000000000142e+00,1.652500000000000000e+02,1.225555555555555856e+02
3.160000000000000142e+00,1.657500000000000000e+02,1.196666666666666856e+02
3.160000000000000142e+00,1.662500000000000000e+02,1.127777777777777857e+02
3.160000000000000142e+00,1.667500000000000000e+02,1.115555555555555571e+02
3.160000000000000142e+00,1.672500000000000000e+02,1.096666666666666714e+02
3.160000000000000142e+00,1.677500000000000000e+02,1.106666666666666714e+02
3.160000000000000142e+00,1.682500000000000000e+02,1.066666666666666714e+02
3.160000000000000142e+00,1.687500000000000000e+02,1.045555555555555429e+02
3.160000000000000142e+00,1.692500000000000000e+02,1.004444444444444429e+02
3.160000000000000142e+00,1.697500000000000000e+02,9.566666666666667140e+01
3.160000000000000142e+00,1.702500000000000000e+02,9.266666666666667140e+01
3.160000000000000142e+00,1.707500000000000000e+02,8.788888888888887152e+01
3.160000000000000142e+00,1.712500000000000000e+02,8.922222222222221433e+01
3.160000000000000142e+00,1.717500000000000000e+02,8.411111111111110006e+01
3.160000000000000142e+00,1.722500000000000000e+02,8.000000000000000000e+01
3.160000000000000142e+00,1.727500000000000000e+02,7.355555555555555713e+01
3.160000000000000142e+00,1.732500000000000000e+02,6.977777777777778567e+01
3.160000000000000142e+00,1.737500000000000000e+02,6.588888888888889994e+01
3.160000000000000142e+00,1.742500000000000000e+02,5.977777777777779278e+01
3.160000000000000142e+00,1.747500000000000000e+02,5.744444444444445708e+01
3.160000000000000142e+00,1.752500000000000000e+02,5.477777777777779278e+01
3.160000000000000142e+00,1.757500000000000000e+02,5.133333333333334281e+01
3.160000000000000142e+00,1.762500000000000000e+02,4.233333333333334281e+01
3.160000000000000142e+00,1.767500000000000000e+02,3.655555555555556424e+01
3.160000000000000142e+00,1.772500000000000000e+02,3.166666666666667140e+01
3.160000000000000142e+00,1.777500000000000000e+02,2.700000000000000355e+01
3.160000000000000142e+00,1.782500000000000000e+02,2.044444444444444997e+01
3.160000000000000142e+00,1.787500000000000000e+02,1.311111111111111605e+01
3.160000000000000142e+00,1.792500000000000000e+02,8.333333333333337478e+00
3.160000000000000142e+00,1.797500000000000000e+02,4.000000000000004441e+00
3.176000000000000156e+00,1.302500000000000000e+02,4.266666666666666430e+01
3.176000000000000156e+00,1.307500000000000000e+02,4.277777777777777146e+01
3.176000000000000156e+00,1.312500000000000000e+02,4.344444444444443576e+01
3.176000000000000156e+00,1.317500000000000000e+02,4.522222222222220722e+01
3.176000000000000156e+00,1.322500000000000000e+02,4.566666666666665719e+01
3.176000000000000156e+00,1.327500000000000000e+02,4.744444444444443576e+01
3.176000000000000156e+00,1.332500000000000000e+02,4.988888888888888573e+01
3.176000000000000156e+00,1.337500000000000000e+02,5.177777777777777146e+01
3.176000000000000156e+00,1.342500000000000000e+02,5.522222222222222143e+01
3.176000000000000156e+00,1.347500000000000000e+02,5.722222222222222143e+01
3.176000000000000156e+00,1.352500000000000000e+02,5.833333333333333570e+01
3.176000000000000156e+00,1.357500000000000000e+02,5.777777777777777857e+01
3.176000000000000156e+00,1.362500000000000000e+02,5.722222222222222854e+01
3.176000000000000156e+00,1.367500000000000000e+02,6.055555555555556424e+01
3.176000000000000156e+00,1.372500000000000000e+02,6.188888888888889284e+01
3.176000000000000156e+00,1.377500000000000000e+02,6.455555555555555713e+01
3.176000000000000156e+00,1.382500000000000000e+02,6.555555555555555713e+01
3.176000000000000156e+00,1.387500000000000000e+02,6.877777777777778567e+01
3.176000000000000156e+00,1.392500000000000000e+02,6.800000000000000000e+01
3.176000000000000156e+00,1.397500000000000000e+02,7.033333333333332860e+01
3.176000000000000156e+00,1.402500000000000000e+02,6.977777777777777146e+01
3.176000000000000156e+00,1.407500000000000000e+02,7.200000000000000000e+01
3.176000000000000156e+00,1.412500000000000000e+02,7.177777777777777146e+01
3.176000000000000156e+00,1.417500000000000000e+02,7.800000000000000000e+01
3.176000000000000156e+00,1.422500000000000000e+02,8.011111111111110006e+01
3.176000000000000156e+00,1.427500000000000000e+02,8.422222222222221433e+01
3.176000000000000156e+00,1.432500000000000000e+02,8.255555555555555713e+01
3.176000000000000156e+00,1.437500000000000000e+02,8.755555555555554292e+01
3.176000000000000156e+00,1.442500000000000000e+02,9.022222222222221433e+01
3.176000000000000156e+00,1.447500000000000000e+02,9.099999999999998579e+01
3.176000000000000156e+00,1.452500000000000000e+02,9.111111111111108585e+01
3.176000000000000156e+00,1.457500000000000000e+02,9.088888888888885731e+01
3.176000000000000156e+00,1.462500000000000000e+02,9.466666666666662877e+01
3.176000000000000156e+00,1.467500000000000000e+02,9.644444444444441444e+01
3.176000000000000156e+00,1.472500000000000000e+02,9.911111111111108585e+01
3.176000000000000156e+00,1.477500000000000000e+02,1.002222222222221859e+02
3.176000000000000156e+00,1.482500000000000000e+02,9.911111111111108585e+01
3.176000000000000156e+00,1.487500000000000000e+02,9.755555555555552871e+01
3.176000000000000156e+00,1.492500000000000000e+02,9.666666666666662877e+01
3.176000000000000156e+00,1.497500000000000000e+02,1.033333333333333002e+02
3.176000000000000156e+00,1.502500000000000000e+02,1.061111111111110858e+02
3.176000000000000156e+00,1.507500000000000000e+02,1.094444444444444144e+02
3.176000000000000156e+00,1.512500000000000000e+02,1.094444444444444144e+02
3.176000000000000156e+00,1.517500000000000000e+02,1.105555555555555287e+02
3.176000000000000156e+00,1.522500000000000000e+02,1.126666666666666288e+02
3.176000000000000156e+00,1.527500000000000000e+02,1.111111111111110858e+02
3.176000000000000156e+00,1.532500000000000000e+02,1.123333333333333144e+02
3.176000000000000156e+00,1.537500000000000000e+02,1.174444444444444144e+02
3.176000000000000156e+00,1.542500000000000000e+02,1.231111111111110858e+02
3.176000000000000156e+00,1.547500000000000000e+02,1.269999999999999574e+02
3.176000000000000156e+00,1.552500000000000000e+02,1.284444444444444287e+02
3.176000000000000156e+00,1.557500000000000000e+02,1.247777777777777573e+02
3.176000000000000156e+00,1.562500000000000000e+02,1.236666666666666430e+02
3.176000000000000156e+00,1.567500000000000000e+02,1.227777777777777573e+02
3.176000000000000156e+00,1.572500000000000000e+02,1.258888888888888573e+02
3.176000000000000156e+00,1.577500000000000000e+02,1.265555555555555287e+02
3.176000000000000156e+00,1.582500000000000000e+02,1.262222222222221859e+02
3.176000000000000156e+00,1.587500000000000000e+02,1.267777777777777573e+02
3.176000000000000156e+00,1.592500000000000000e+02,1.283333333333333144e+02
3.176000000000000156e+00,1.597500000000000000e+02,1.263333333333333144e+02
3.176000000000000156e+00,1.602500000000000000e+02,1.254444444444444144e+02
3.176000000000000156e+00,1.607500000000000000e+02,1.245555555555555287e+02
3.176000000000000156e+00,1.612500000000000000e+02,1.262222222222221859e+02
3.176000000000000156e+00,1.617500000000000000e+02,1.239999999999999574e+02
3.176000000000000156e+00,1.622500000000000000e+02,1.234444444444444002e+02
3.176000000000000156e+00,1.627500000000000000e+02,1.218888888888888431e+02
3.176000000000000156e+00,1.632500000000000000e+02,1.245555555555555003e+02
3.176000000000000156e+00,1.637500000000000000e+02,1.276666666666666146e+02
3.176000000000000156e+00,1.642500000000000000e+02,1.279999999999999432e+02
3.176000000000000156e+00,1.647500000000000000e+02,1.273333333333332718e+02
3.176000000000000156e+00,1.652500000000000000e+02,1.252222222222221717e+02
3.176000000000000156e+00,1.657500000000000000e+02,1.201111111111110716e+02
3.176000000000000156e+00,1.662500000000000000e+02,1.157777777777777288e+02
3.176000000000000156e+00,1.667500000000000000e+02,1.112222222222221717e+02
3.176000000000000156e+00,1.672500000000000000e+02,1.109999999999999432e+02
3.176000000000000156e+00,1.677500000000000000e+02,1.105555555555555003e+02
3.176000000000000156e+00,1.682500000000000000e+02,1.099999999999999432e+02
3.176000000000000156e+00,1.687500000000000000e+02,1.071111111111110432e+02
3.176000000000000156e+00,1.692500000000000000e+02,1.045555555555554861e+02
3.176000000000000156e+00,1.697500000000000000e+02,9.911111111111104321e+01
3.176000000000000156e+00,1.702500000000000000e+02,9.455555555555550029e+01
3.176000000000000156e+00,1.707500000000000000e+02,9.188888888888884310e+01
3.176000000000000156e+00,1.712500000000000000e+02,8.999999999999994316e+01
3.176000000000000156e+00,1.717500000000000000e+02,8.711111111111104321e+01
3.176000000000000156e+00,1.722500000000000000e+02,8.122222222222215748e+01
3.176000000000000156e+00,1.727500000000000000e+02,7.711111111111104321e+01
3.176000000000000156e+00,1.732500000000000000e+02,7.255555555555548608e+01
3.176000000000000156e+00,1.737500000000000000e+02,6.622222222222215748e+01
3.176000000000000156e+00,1.742500000000000000e+02,6.055555555555548608e+01
3.176000000000000156e+00,1.747500000000000000e+02,5.911111111111105032e+01
3.176000000000000156e+00,1.752500000000000000e+02,5.844444444444437892e+01
3.176000000000000156e+00,1.757500000000000000e+02,5.355555555555549319e+01
3.176000000000000156e+00,1.762500000000000000e+02,4.399999999999994316e+01
3.176000000000000156e+00,1.767500000000000000e+02,3.633333333333327886e+01
3.176000000000000156e+00,1.772500000000000000e+02,3.011111111111105387e+01
3.176000000000000156e+00,1.777500000000000000e+02,2.433333333333327531e+01
3.176000000000000156e+00,1.782500000000000000e+02,1.911111111111105387e+01
3.176000000000000156e+00,1.787500000000000000e+02,1.344444444444438602e+01
3.176000000000000156e+00,1.792500000000000000e+02,9.222222222222164589e+00
3.176000000000000156e+00,1.797500000000000000e+02,4.999999999999942268e+00
3.192000000000000171e+00,1.302500000000000000e+02,4.833333333333333570e+01
3.192000000000000171e+00,1.307500000000000000e+02,4.744444444444443576e+01
3.192000000000000171e+00,1.312500000000000000e+02,4.766666666666665719e+01
3.192000000000000171e+00,1.317500000000000000e+02,4.655555555555554292e+01
3.192000000000000171e+00,1.322500000000000000e+02,4.877777777777777146e+01
3.192000000000000171e+00,1.327500000000000000e+02,5.166666666666665719e+01
3.192000000000000171e+00,1.332500000000000000e+02,5.633333333333332149e+01
3.192000000000000171e+00,1.337500000000000000e+02,5.833333333333332149e+01
3.192000000000000171e+00,1.342500000000000000e+02,6.144444444444443576e+01
3.192000000000000171e+00,1.347500000000000000e+02,6.066666666666665719e+01
3.192000000000000171e+00,1.352500000000000000e+02,6.099999999999999289e+01
3.192000000000000171e+00,1.357500000000000000e+02,6.055555555555554292e+01
3.192000000000000171e+00,1.362500000000000000e+02,6.166666666666665719e+01
3.192000000000000171e+00,1.367500000000000000e+02,6.377777777777777146e+01
3.192000000000000171e+00,1.372500000000000000e+02,6.499999999999998579e+01
3.192000000000000171e+00,1.377500000000000000e+02,6.933333333333332860e+01
3.192000000000000171e+00,1.382500000000000000e+02,7.077777777777777146e+01
3.192000000000000171e+00,1.387500000000000000e+02,7.366666666666667140e+01
3.192000000000000171e+00,1.392500000000000000e+02,7.111111111111110006e+01
3.192000000000000171e+00,1.397500000000000000e+02,7.477777777777777146e+01
3.192000000000000171e+00,1.402500000000000000e+02,7.522222222222221433e+01
3.192000000000000171e+00,1.407500000000000000e+02,7.877777777777777146e+01
3.192000000000000171e+00,1.412500000000000000e+02,8.000000000000000000e+01
3.192000000000000171e+00,1.417500000000000000e+02,8.533333333333332860e+01
3.192000000000000171e+00,1.422500000000000000e+02,8.544444444444444287e+01
3.192000000000000171e+00,1.427500000000000000e+02,8.766666666666667140e+01
3.192000000000000171e+00,1.432500000000000000e+02,8.166666666666667140e+01
3.192000000000000171e+00,1.437500000000000000e+02,8.733333333333332860e+01
3.192000000000000171e+00,1.442500000000000000e+02,8.933333333333332860e+01
3.192000000000000171e+00,1.447500000000000000e+02,9.411111111111112848e+01
3.192000000000000171e+00,1.452500000000000000e+02,9.555555555555558556e+01
3.192000000000000171e+00,1.457500000000000000e+02,9.333333333333337123e+01
3.192000000000000171e+00,1.462500000000000000e+02,9.733333333333337123e+01
3.192000000000000171e+00,1.467500000000000000e+02,9.722222222222224275e+01
3.192000000000000171e+00,1.472500000000000000e+02,1.031111111111111285e+02
3.192000000000000171e+00,1.477500000000000000e+02,1.036666666666666714e+02
3.192000000000000171e+00,1.482500000000000000e+02,1.050000000000000000e+02
3.192000000000000171e+00,1.487500000000000000e+02,1.025555555555555571e+02
3.192000000000000171e+00,1.492500000000000000e+02,1.016666666666666714e+02
3.192000000000000171e+00,1.497500000000000000e+02,1.058888888888888999e+02
3.192000000000000171e+00,1.502500000000000000e+02,1.092222222222222285e+02
3.192000000000000171e+00,1.507500000000000000e+02,1.103333333333333286e+02
3.192000000000000171e+00,1.512500000000000000e+02,1.103333333333333286e+02
3.192000000000000171e+00,1.517500000000000000e+02,1.125555555555555571e+02
3.192000000000000171e+00,1.522500000000000000e+02,1.183333333333333286e+02
3.192000000000000171e+00,1.527500000000000000e+02,1.165555555555555571e+02
3.192000000000000171e+00,1.532500000000000000e+02,1.188888888888888999e+02
3.192000000000000171e+00,1.537500000000000000e+02,1.208888888888888999e+02
3.192000000000000171e+00,1.542500000000000000e+02,1.241111111111111285e+02
3.192000000000000171e+00,1.547500000000000000e+02,1.237777777777777857e+02
3.192000000000000171e+00,1.552500000000000000e+02,1.252222222222222285e+02
3.192000000000000171e+00,1.557500000000000000e+02,1.228888888888888999e+02
3.192000000000000171e+00,1.562500000000000000e+02,1.256666666666666714e+02
3.192000000000000171e+00,1.567500000000000000e+02,1.246666666666666714e+02
3.192000000000000171e+00,1.572500000000000000e+02,1.293333333333333428e+02
3.192000000000000171e+00,1.577500000000000000e+02,1.260000000000000000e+02
3.192000000000000171e+00,1.582500000000000000e+02,1.256666666666666714e+02
3.192000000000000171e+00,1.587500000000000000e+02,1.255555555555555571e+02
3.192000000000000171e+00,1.592500000000000000e+02,1.263333333333333286e+02
3.192000000000000171e+00,1.597500000000000000e+02,1.241111111111111285e+02
3.192000000000000171e+00,1.602500000000000000e+02,1.247777777777777857e+02
3.192000000000000171e+00,1.607500000000000000e+02,1.263333333333333570e+02
3.192000000000000171e+00,1.612500000000000000e+02,1.287777777777777999e+02
3.192000000000000171e+00,1.617500000000000000e+02,1.267777777777777857e+02
3.192000000000000171e+00,1.622500000000000000e+02,1.224444444444444571e+02
3.192000000000000171e+00,1.627500000000000000e+02,1.206666666666666714e+02
3.192000000000000171e+00,1.632500000000000000e+02,1.193333333333333286e+02
3.192000000000000171e+00,1.637500000000000000e+02,1.251111111111111285e+02
3.192000000000000171e+00,1.642500000000000000e+02,1.253333333333333570e+02
3.192000000000000171e+00,1.647500000000000000e+02,1.261111111111111285e+02
3.192000000000000171e+00,1.652500000000000000e+02,1.258888888888888999e+02
3.192000000000000171e+00,1.657500000000000000e+02,1.212222222222222285e+02
3.192000000000000171e+00,1.662500000000000000e+02,1.177777777777777857e+02
3.192000000000000171e+00,1.667500000000000000e+02,1.122222222222222427e+02
3.192000000000000171e+00,1.672500000000000000e+02,1.165555555555555856e+02
3.192000000000000171e+00,1.677500000000000000e+02,1.150000000000000142e+02
3.192000000000000171e+00,1.682500000000000000e+02,1.124444444444444571e+02
3.192000000000000171e+00,1.687500000000000000e+02,1.076666666666666714e+02
3.192000000000000171e+00,1.692500000000000000e+02,1.096666666666666714e+02
3.192000000000000171e+00,1.697500000000000000e+02,1.070000000000000000e+02
3.192000000000000171e+00,1.702500000000000000e+02,9.822222222222222854e+01
3.192000000000000171e+00,1.707500000000000000e+02,9.311111111111112848e+01
3.192000000000000171e+00,1.712500000000000000e+02,9.111111111111112848e+01
3.192000000000000171e+00,1.717500000000000000e+02,9.100000000000001421e+01
3.192000000000000171e+00,1.722500000000000000e+02,8.377777777777778567e+01
3.192000000000000171e+00,1.727500000000000000e+02,7.744444444444445708e+01
3.192000000000000171e+00,1.732500000000000000e+02,7.444444444444445708e+01
3.192000000000000171e+00,1.737500000000000000e+02,6.855555555555557135e+01
3.192000000000000171e+00,1.742500000000000000e+02,6.411111111111112848e+01
3.192000000000000171e+00,1.747500000000000000e+02,6.011111111111112137e+01
3.192000000000000171e+00,1.752500000000000000e+02,5.922222222222223564e+01
3.192000000000000171e+00,1.757500000000000000e+02,5.422222222222223564e+01
3.192000000000000171e+00,1.762500000000000000e+02,4.544444444444445708e+01
3.192000000000000171e+00,1.767500000000000000e+02,3.800000000000000711e+01
3.192000000000000171e+00,1.772500000000000000e+02,3.188888888888889994e+01
3.192000000000000171e+00,1.777500000000000000e+02,2.577777777777778923e+01
3.192000000000000171e+00,1.782500000000000000e+02,2.033333333333334636e+01
3.192000000000000171e+00,1.787500000000000000e+02,1.488888888888890172e+01
3.192000000000000171e+00,1.792500000000000000e+02,1.044444444444445708e+01
3.192000000000000171e+00,1.797500000000000000e+02,6.222222222222235644e+00
3.208000000000000185e+00,1.302500000000000000e+02,5.000000000000000000e+01
3.208000000000000185e+00,1.307500000000000000e+02,4.966666666666666430e+01
3.208000000000000185e+00,1.312500000000000000e+02,5.066666666666666430e+01
3.208000000000000185e+00,1.317500000000000000e+02,5.088888888888889284e+01
3.208000000000000185e+00,1.322500000000000000e+02,5.411111111111112137e+01
3.208000000000000185e+00,1.327500000000000000e+02,5.677777777777779278e+01
3.208000000000000185e+00,1.332500000000000000e+02,6.044444444444445708e+01
3.208000000000000185e+00,1.337500000000000000e+02,6.255555555555556424e+01
3.208000000000000185e+00,1.342500000000000000e+02,6.488888888888889994e+01
3.208000000000000185e+00,1.347500000000000000e+02,6.400000000000001421e+01
3.208000000000000185e+00,1.352500000000000000e+02,6.355555555555556424e+01
3.208000000000000185e+00,1.357500000000000000e+02,6.588888888888889994e+01
3.208000000000000185e+00,1.362500000000000000e+02,6.633333333333334281e+01
3.208000000000000185e+00,1.367500000000000000e+02,6.911111111111112848e+01
3.208000000000000185e+00,1.372500000000000000e+02,6.888888888888889994e+01
3.208000000000000185e+00,1.377500000000000000e+02,7.377777777777778567e+01
3.208000000000000185e+00,1.382500000000000000e+02,7.577777777777778567e+01
3.208000000000000185e+00,1.387500000000000000e+02,7.855555555555555713e+01
3.208000000000000185e+00,1.392500000000000000e+02,7.700000000000000000e+01
3.208000000000000185e+00,1.397500000000000000e+02,7.800000000000000000e+01
3.208000000000000185e+00,1.402500000000000000e+02,7.755555555555555713e+01
3.208000000000000185e+00,1.407500000000000000e+02,7.966666666666667140e+01
3.208000000000000185e+00,1.412500000000000000e+02,7.977777777777777146e+01
3.208000000000000185e+00,1.417500000000000000e+02,8.422222222222221433e+01
3.208000000000000185e+00,1.422500000000000000e+02,8.611111111111110006e+01
3.208000000000000185e+00,1.427500000000000000e+02,9.066666666666667140e+01
3.208000000000000185e+00,1.432500000000000000e+02,8.666666666666667140e+01
3.208000000000000185e+00,1.437500000000000000e+02,8.933333333333332860e+01
3.208000000000000185e+00,1.442500000000000000e+02,9.100000000000000000e+01
3.208000000000000185e+00,1.447500000000000000e+02,9.588888888888889994e+01
3.208000000000000185e+00,1.452500000000000000e+02,9.766666666666667140e+01
3.208000000000000185e+00,1.457500000000000000e+02,9.522222222222221433e+01
3.208000000000000185e+00,1.462500000000000000e+02,1.003333333333333144e+02
3.208000000000000185e+00,1.467500000000000000e+02,1.025555555555555429e+02
3.208000000000000185e+00,1.472500000000000000e+02,1.081111111111111001e+02
3.208000000000000185e+00,1.477500000000000000e+02,1.070000000000000000e+02
3.208000000000000185e+00,1.482500000000000000e+02,1.055555555555555571e+02
3.208000000000000185e+00,1.487500000000000000e+02,1.060000000000000000e+02
3.208000000000000185e+00,1.492500000000000000e+02,1.028888888888888999e+02
3.208000000000000185e+00,1.497500000000000000e+02,1.075555555555555571e+02
3.208000000000000185e+00,1.502500000000000000e+02,1.104444444444444571e+02
3.208000000000000185e+00,1.507500000000000000e+02,1.106666666666666714e+02
3.208000000000000185e+00,1.512500000000000000e+02,1.094444444444444429e+02
3.208000000000000185e+00,1.517500000000000000e+02,1.107777777777777715e+02
3.208000000000000185e+00,1.522500000000000000e+02,1.176666666666666714e+02
3.208000000000000185e+00,1.527500000000000000e+02,1.212222222222222285e+02
3.208000000000000185e+00,1.532500000000000000e+02,1.205555555555555571e+02
3.208000000000000185e+00,1.537500000000000000e+02,1.227777777777777857e+02
3.208000000000000185e+00,1.542500000000000000e+02,1.225555555555555571e+02
3.208000000000000185e+00,1.547500000000000000e+02,1.226666666666666714e+02
3.208000000000000185e+00,1.552500000000000000e+02,1.230000000000000000e+02
3.208000000000000185e+00,1.557500000000000000e+02,1.227777777777777715e+02
3.208000000000000185e+00,1.562500000000000000e+02,1.273333333333333286e+02
3.208000000000000185e+00,1.567500000000000000e+02,1.264444444444444429e+02
3.208000000000000185e+00,1.572500000000000000e+02,1.285555555555555429e+02
3.208000000000000185e+00,1.577500000000000000e+02,1.257777777777777715e+02
3.208000000000000185e+00,1.582500000000000000e+02,1.271111111111111001e+02
3.208000000000000185e+00,1.587500000000000000e+02,1.260000000000000000e+02
3.208000000000000185e+00,1.592500000000000000e+02,1.258888888888888715e+02
3.208000000000000185e+00,1.597500000000000000e+02,1.264444444444444144e+02
3.208000000000000185e+00,1.602500000000000000e+02,1.286666666666666572e+02
3.208000000000000185e+00,1.607500000000000000e+02,1.281111111111110858e+02
3.208000000000000185e+00,1.612500000000000000e+02,1.265555555555555429e+02
3.208000000000000185e+00,1.617500000000000000e+02,1.237777777777777715e+02
3.208000000000000185e+00,1.622500000000000000e+02,1.197777777777777715e+02
3.208000000000000185e+00,1.627500000000000000e+02,1.192222222222222143e+02
3.208000000000000185e+00,1.632500000000000000e+02,1.197777777777777573e+02
3.208000000000000185e+00,1.637500000000000000e+02,1.239999999999999574e+02
3.208000000000000185e+00,1.642500000000000000e+02,1.234444444444444144e+02
3.208000000000000185e+00,1.647500000000000000e+02,1.234444444444444144e+02
3.208000000000000185e+00,1.652500000000000000e+02,1.236666666666666430e+02
3.208000000000000185e+00,1.657500000000000000e+02,1.208888888888888715e+02
3.208000000000000185e+00,1.662500000000000000e+02,1.188888888888888715e+02
3.208000000000000185e+00,1.667500000000000000e+02,1.139999999999999858e+02
3.208000000000000185e+00,1.672500000000000000e+02,1.158888888888888715e+02
3.208000000000000185e+00,1.677500000000000000e+02,1.143333333333333286e+02
3.208000000000000185e+00,1.682500000000000000e+02,1.120000000000000000e+02
3.208000000000000185e+00,1.687500000000000000e+02,1.101111111111111001e+02
3.208000000000000185e+00,1.692500000000000000e+02,1.087777777777777715e+02
3.208000000000000185e+00,1.697500000000000000e+02,1.085555555555555429e+02
3.208000000000000185e+00,1.702500000000000000e+02,9.933333333333332860e+01
3.208000000000000185e+00,1.707500000000000000e+02,9.511111111111110006e+01
3.208000000000000185e+00,1.712500000000000000e+02,8.977777777777777146e+01
3.208000000000000185e+00,1.717500000000000000e+02,8.577777777777777146e+01
3.208000000000000185e+00,1.722500000000000000e+02,8.088888888888887152e+01
3.208000000000000185e+00,1.727500000000000000e+02,7.588888888888887152e+01
3.208000000000000185e+00,1.732500000000000000e+02,7.499999999999998579e+01
3.208000000000000185e+00,1.737500000000000000e+02,6.666666666666664298e+01
3.208000000000000185e+00,1.742500000000000000e+02,6.399999999999997868e+01
3.208000000000000185e+00,1.747500000000000000e+02,6.166666666666665009e+01
3.208000000000000185e+00,1.752500000000000000e+02,5.855555555555553582e+01
3.208000000000000185e+00,1.757500000000000000e+02,5.266666666666665009e+01
3.208000000000000185e+00,1.762500000000000000e+02,4.277777777777776436e+01
3.208000000000000185e+00,1.767500000000000000e+02,3.899999999999997868e+01
3.208000000000000185e+00,1.772500000000000000e+02,3.299999999999997868e+01
3.208000000000000185e+00,1.777500000000000000e+02,2.877777777777775725e+01
3.208000000000000185e+00,1.782500000000000000e+02,2.133333333333331439e+01
3.208000000000000185e+00,1.787500000000000000e+02,1.644444444444442510e+01
3.208000000000000185e+00,1.792500000000000000e+02,1.022222222222220367e+01
3.208000000000000185e+00,1.797500000000000000e+02,7.111111111111092953e+00
3.224000000000000199e+00,1.302500000000000000e+02,5.166666666666666430e+01
3.224000000000000199e+00,1.307500000000000000e+02,5.122222222222222143e+01
3.224000000000000199e+00,1.312500000000000000e+02,5.266666666666666430e+01
3.224000000000000199e+00,1.317500000000000000e+02,5.222222222222222143e+01
3.224000000000000199e+00,1.322500000000000000e+02,5.511111111111110716e+01
3.224000000000000199e+00,1.327500000000000000e+02,6.022222222222222143e+01
3.224000000000000199e+00,1.332500000000000000e+02,6.400000000000000000e+01
3.224000000000000199e+00,1.337500000000000000e+02,6.555555555555555713e+01
3.224000000000000199e+00,1.342500000000000000e+02,6.344444444444444997e+01
3.224000000000000199e+00,1.347500000000000000e+02,6.500000000000000000e+01
3.224000000000000199e+00,1.352500000000000000e+02,6.700000000000000000e+01
3.224000000000000199e+00,1.357500000000000000e+02,6.911111111111111427e+01
3.224000000000000199e+00,1.362500000000000000e+02,6.744444444444444287e+01
3.224000000000000199e+00,1.367500000000000000e+02,6.933333333333332860e+01
3.224000000000000199e+00,1.372500000000000000e+02,7.022222222222222854e+01
3.224000000000000199e+00,1.377500000000000000e+02,7.244444444444445708e+01
3.224000000000000199e+00,1.382500000000000000e+02,7.311111111111112848e+01
3.224000000000000199e+00,1.387500000000000000e+02,7.666666666666667140e+01
3.224000000000000199e+00,1.392500000000000000e+02,7.888888888888889994e+01
3.224000000000000199e+00,1.397500000000000000e+02,8.011111111111112848e+01
3.224000000000000199e+00,1.402500000000000000e+02,7.833333333333335702e+01
3.224000000000000199e+00,1.407500000000000000e+02,7.966666666666668561e+01
3.224000000000000199e+00,1.412500000000000000e+02,8.244444444444445708e+01
3.224000000000000199e+00,1.417500000000000000e+02,8.733333333333335702e+01
3.224000000000000199e+00,1.422500000000000000e+02,8.833333333333335702e+01
3.224000000000000199e+00,1.427500000000000000e+02,9.022222222222224275e+01
3.224000000000000199e+00,1.432500000000000000e+02,8.788888888888891415e+01
3.224000000000000199e+00,1.437500000000000000e+02,8.955555555555558556e+01
3.224000000000000199e+00,1.442500000000000000e+02,9.466666666666668561e+01
3.224000000000000199e+00,1.447500000000000000e+02,9.944444444444445708e+01
3.224000000000000199e+00,1.452500000000000000e+02,1.045555555555555856e+02
3.224000000000000199e+00,1.457500000000000000e+02,9.944444444444447129e+01
3.224000000000000199e+00,1.462500000000000000e+02,1.026666666666666998e+02
3.224000000000000199e+00,1.467500000000000000e+02,1.042222222222222427e+02
3.224000000000000199e+00,1.472500000000000000e+02,1.057777777777777857e+02
3.224000000000000199e+00,1.477500000000000000e+02,1.047777777777777857e+02
3.224000000000000199e+00,1.482500000000000000e+02,1.037777777777777857e+02
3.224000000000000199e+00,1.487500000000000000e+02,1.087777777777777857e+02
3.224000000000000199e+00,1.492500000000000000e+02,1.088888888888888999e+02
3.224000000000000199e+00,1.497500000000000000e+02,1.111111111111111285e+02
3.224000000000000199e+00,1.502500000000000000e+02,1.118888888888889142e+02
3.224000000000000199e+00,1.507500000000000000e+02,1.102222222222222427e+02
3.224000000000000199e+00,1.512500000000000000e+02,1.114444444444444713e+02
3.224000000000000199e+00,1.517500000000000000e+02,1.104444444444444713e+02
3.224000000000000199e+00,1.522500000000000000e+02,1.157777777777778141e+02
3.224000000000000199e+00,1.527500000000000000e+02,1.176666666666666998e+02
3.224000000000000199e+00,1.532500000000000000e+02,1.225555555555555856e+02
3.224000000000000199e+00,1.537500000000000000e+02,1.254444444444444713e+02
3.224000000000000199e+00,1.542500000000000000e+02,1.258888888888889142e+02
3.224000000000000199e+00,1.547500000000000000e+02,1.251111111111111427e+02
3.224000000000000199e+00,1.552500000000000000e+02,1.214444444444444713e+02
3.224000000000000199e+00,1.557500000000000000e+02,1.213333333333333712e+02
3.224000000000000199e+00,1.562500000000000000e+02,1.228888888888889142e+02
3.224000000000000199e+00,1.567500000000000000e+02,1.263333333333333570e+02
3.224000000000000199e+00,1.572500000000000000e+02,1.268888888888889142e+02
3.224000000000000199e+00,1.577500000000000000e+02,1.272222222222222427e+02
3.224000000000000199e+00,1.582500000000000000e+02,1.290000000000000284e+02
3.224000000000000199e+00,1.587500000000000000e+02,1.300000000000000284e+02
3.224000000000000199e+00,1.592500000000000000e+02,1.293333333333333712e+02
3.224000000000000199e+00,1.597500000000000000e+02,1.300000000000000284e+02
3.224000000000000199e+00,1.602500000000000000e+02,1.300000000000000284e+02
3.224000000000000199e+00,1.607500000000000000e+02,1.303333333333333712e+02
3.224000000000000199e+00,1.612500000000000000e+02,1.304444444444444855e+02
3.224000000000000199e+00,1.617500000000000000e+02,1.288888888888889142e+02
3.224000000000000199e+00,1.622500000000000000e+02,1.275555555555555856e+02
3.224000000000000199e+00,1.627500000000000000e+02,1.245555555555555856e+02
3.224000000000000199e+00,1.632500000000000000e+02,1.271111111111111427e+02
3.224000000000000199e+00,1.637500000000000000e+02,1.271111111111111427e+02
3.224000000000000199e+00,1.642500000000000000e+02,1.252222222222222427e+02
3.224000000000000199e+00,1.647500000000000000e+02,1.218888888888889142e+02
3.224000000000000199e+00,1.652500000000000000e+02,1.192222222222222427e+02
3.224000000000000199e+00,1.657500000000000000e+02,1.204444444444444713e+02
3.224000000000000199e+00,1.662500000000000000e+02,1.196666666666666998e+02
3.224000000000000199e+00,1.667500000000000000e+02,1.190000000000000426e+02
3.224000000000000199e+00,1.672500000000000000e+02,1.190000000000000426e+02
3.224000000000000199e+00,1.677500000000000000e+02,1.205555555555555856e+02
3.224000000000000199e+00,1.682500000000000000e+02,1.182222222222222427e+02
3.224000000000000199e+00,1.687500000000000000e+02,1.164444444444444571e+02
3.224000000000000199e+00,1.692500000000000000e+02,1.116666666666666856e+02
3.224000000000000199e+00,1.697500000000000000e+02,1.060000000000000142e+02
3.224000000000000199e+00,1.702500000000000000e+02,9.888888888888891415e+01
3.224000000000000199e+00,1.707500000000000000e+02,9.566666666666668561e+01
3.224000000000000199e+00,1.712500000000000000e+02,9.255555555555558556e+01
3.224000000000000199e+00,1.717500000000000000e+02,8.577777777777781409e+01
3.224000000000000199e+00,1.722500000000000000e+02,7.900000000000004263e+01
3.224000000000000199e+00,1.727500000000000000e+02,7.644444444444448550e+01
3.224000000000000199e+00,1.732500000000000000e+02,7.511111111111115690e+01
3.224000000000000199e+00,1.737500000000000000e+02,6.811111111111115690e+01
3.224000000000000199e+00,1.742500000000000000e+02,6.577777777777781409e+01
3.224000000000000199e+00,1.747500000000000000e+02,6.355555555555559977e+01
3.224000000000000199e+00,1.752500000000000000e+02,5.955555555555559977e+01
3.224000000000000199e+00,1.757500000000000000e+02,5.255555555555559977e+01
3.224000000000000199e+00,1.762500000000000000e+02,4.288888888888893547e+01
3.224000000000000199e+00,1.767500000000000000e+02,3.933333333333337833e+01
3.224000000000000199e+00,1.772500000000000000e+02,3.388888888888893547e+01
3.224000000000000199e+00,1.777500000000000000e+02,2.955555555555560332e+01
3.224000000000000199e+00,1.782500000000000000e+02,2.333333333333338189e+01
3.224000000000000199e+00,1.787500000000000000e+02,1.755555555555560332e+01
3.224000000000000199e+00,1.792500000000000000e+02,1.133333333333338011e+01
3.224000000000000199e+00,1.797500000000000000e+02,7.222222222222268506e+00
3.240000000000000213e+00,1.302500000000000000e+02,4.633333333333333570e+01
3.240000000000000213e+00,1.307500000000000000e+02,4.755555555555556424e+01
3.240000000000000213e+00,1.312500000000000000e+02,5.211111111111112137e+01
3.240000000000000213e+00,1.317500000000000000e+02,5.511111111111112137e+01
3.240000000000000213e+00,1.322500000000000000e+02,5.955555555555556424e+01
3.240000000000000213e+00,1.327500000000000000e+02,6.288888888888889284e+01
3.240000000000000213e+00,1.332500000000000000e+02,6.544444444444444287e+01
3.240000000000000213e+00,1.337500000000000000e+02,6.433333333333332860e+01
3.240000000000000213e+00,1.342500000000000000e+02,6.522222222222222854e+01
3.240000000000000213e+00,1.347500000000000000e+02,6.666666666666667140e+01
3.240000000000000213e+00,1.352500000000000000e+02,7.144444444444445708e+01
3.240000000000000213e+00,1.357500000000000000e+02,7.144444444444445708e+01
3.240000000000000213e+00,1.362500000000000000e+02,7.055555555555555713e+01
3.240000000000000213e+00,1.367500000000000000e+02,7.277777777777778567e+01
3.240000000000000213e+00,1.372500000000000000e+02,7.388888888888889994e+01
3.240000000000000213e+00,1.377500000000000000e+02,7.311111111111112848e+01
3.240000000000000213e+00,1.382500000000000000e+02,7.400000000000001421e+01
3.240000000000000213e+00,1.387500000000000000e+02,7.677777777777779988e+01
3.240000000000000213e+00,1.392500000000000000e+02,8.055555555555558556e+01
3.240000000000000213e+00,1.397500000000000000e+02,7.977777777777781409e+01
3.240000000000000213e+00,1.402500000000000000e+02,7.766666666666669983e+01
3.240000000000000213e+00,1.407500000000000000e+02,7.888888888888891415e+01
3.240000000000000213e+00,1.412500000000000000e+02,8.066666666666668561e+01
3.240000000000000213e+00,1.417500000000000000e+02,8.577777777777778567e+01
3.240000000000000213e+00,1.422500000000000000e+02,9.055555555555555713e+01
3.240000000000000213e+00,1.427500000000000000e+02,9.600000000000000000e+01
3.240000000000000213e+00,1.432500000000000000e+02,9.666666666666667140e+01
3.240000000000000213e+00,1.437500000000000000e+02,9.700000000000000000e+01
3.240000000000000213e+00,1.442500000000000000e+02,9.833333333333332860e+01
3.240000000000000213e+00,1.447500000000000000e+02,1.013333333333333286e+02
3.240000000000000213e+00,1.452500000000000000e+02,1.038888888888888999e+02
3.240000000000000213e+00,1.457500000000000000e+02,1.038888888888888999e+02
3.240000000000000213e+00,1.462500000000000000e+02,1.061111111111111285e+02
3.240000000000000213e+00,1.467500000000000000e+02,1.098888888888888999e+02
3.240000000000000213e+00,1.472500000000000000e+02,1.088888888888888999e+02
3.240000000000000213e+00,1.477500000000000000e+02,1.067777777777777857e+02
3.240000000000000213e+00,1.482500000000000000e+02,1.042222222222222285e+02
3.240000000000000213e+00,1.487500000000000000e+02,1.103333333333333286e+02
3.240000000000000213e+00,1.492500000000000000e+02,1.128888888888888999e+02
3.240000000000000213e+00,1.497500000000000000e+02,1.166666666666666714e+02
3.240000000000000213e+00,1.502500000000000000e+02,1.141111111111111001e+02
3.240000000000000213e+00,1.507500000000000000e+02,1.143333333333333286e+02
3.240000000000000213e+00,1.512500000000000000e+02,1.135555555555555429e+02
3.240000000000000213e+00,1.517500000000000000e+02,1.126666666666666430e+02
3.240000000000000213e+00,1.522500000000000000e+02,1.124444444444444144e+02
3.240000000000000213e+00,1.527500000000000000e+02,1.164444444444444144e+02
3.240000000000000213e+00,1.532500000000000000e+02,1.175555555555555429e+02
3.240000000000000213e+00,1.537500000000000000e+02,1.257777777777777715e+02
3.240000000000000213e+00,1.542500000000000000e+02,1.257777777777777715e+02
3.240000000000000213e+00,1.547500000000000000e+02,1.295555555555555429e+02
3.240000000000000213e+00,1.552500000000000000e+02,1.251111111111110858e+02
3.240000000000000213e+00,1.557500000000000000e+02,1.232222222222221859e+02
3.240000000000000213e+00,1.562500000000000000e+02,1.218888888888888573e+02
3.240000000000000213e+00,1.567500000000000000e+02,1.243333333333333002e+02
3.240000000000000213e+00,1.572500000000000000e+02,1.256666666666666288e+02
3.240000000000000213e+00,1.577500000000000000e+02,1.308888888888888289e+02
3.240000000000000213e+00,1.582500000000000000e+02,1.323333333333332860e+02
3.240000000000000213e+00,1.587500000000000000e+02,1.346666666666666003e+02
3.240000000000000213e+00,1.592500000000000000e+02,1.322222222222221717e+02
3.240000000000000213e+00,1.597500000000000000e+02,1.342222222222221717e+02
3.240000000000000213e+00,1.602500000000000000e+02,1.333333333333332860e+02
3.240000000000000213e+00,1.607500000000000000e+02,1.346666666666666288e+02
3.240000000000000213e+00,1.612500000000000000e+02,1.334444444444444287e+02
3.240000000000000213e+00,1.617500000000000000e+02,1.314444444444444287e+02
3.240000000000000213e+00,1.622500000000000000e+02,1.328888888888888573e+02
3.240000000000000213e+00,1.627500000000000000e+02,1.289999999999999716e+02
3.240000000000000213e+00,1.632500000000000000e+02,1.329999999999999716e+02
3.240000000000000213e+00,1.637500000000000000e+02,1.287777777777777430e+02
3.240000000000000213e+00,1.642500000000000000e+02,1.289999999999999716e+02
3.240000000000000213e+00,1.647500000000000000e+02,1.218888888888888715e+02
3.240000000000000213e+00,1.652500000000000000e+02,1.205555555555555429e+02
3.240000000000000213e+00,1.657500000000000000e+02,1.199999999999999858e+02
3.240000000000000213e+00,1.662500000000000000e+02,1.232222222222222143e+02
3.240000000000000213e+00,1.667500000000000000e+02,1.225555555555555429e+02
3.240000000000000213e+00,1.672500000000000000e+02,1.182222222222222143e+02
3.240000000000000213e+00,1.677500000000000000e+02,1.165555555555555429e+02
3.240000000000000213e+00,1.682500000000000000e+02,1.149999999999999858e+02
3.240000000000000213e+00,1.687500000000000000e+02,1.145555555555555429e+02
3.240000000000000213e+00,1.692500000000000000e+02,1.077777777777777715e+02
3.240000000000000213e+00,1.697500000000000000e+02,9.955555555555554292e+01
3.240000000000000213e+00,1.702500000000000000e+02,9.633333333333331439e+01
3.240000000000000213e+00,1.707500000000000000e+02,9.566666666666664298e+01
3.240000000000000213e+00,1.712500000000000000e+02,9.244444444444441444e+01
3.240000000000000213e+00,1.717500000000000000e+02,8.544444444444441444e+01
3.240000000000000213e+00,1.722500000000000000e+02,7.944444444444441444e+01
3.240000000000000213e+00,1.727500000000000000e+02,7.711111111111108585e+01
3.240000000000000213e+00,1.732500000000000000e+02,7.266666666666664298e+01
3.240000000000000213e+00,1.737500000000000000e+02,6.644444444444442865e+01
3.240000000000000213e+00,1.742500000000000000e+02,6.466666666666664298e+01
3.240000000000000213e+00,1.747500000000000000e+02,6.377777777777776436e+01
3.240000000000000213e+00,1.752500000000000000e+02,5.833333333333331439e+01
3.240000000000000213e+00,1.757500000000000000e+02,4.977777777777775015e+01
3.240000000000000213e+00,1.762500000000000000e+02,4.088888888888886441e+01
3.240000000000000213e+00,1.767500000000000000e+02,3.722222222222219301e+01
3.240000000000000213e+00,1.772500000000000000e+02,3.233333333333330728e+01
3.240000000000000213e+00,1.777500000000000000e+02,2.799999999999997158e+01
3.240000000000000213e+00,1.782500000000000000e+02,2.199999999999997158e+01
3.240000000000000213e+00,1.787500000000000000e+02,1.622222222222219656e+01
3.240000000000000213e+00,1.792500000000000000e+02,1.022222222222219479e+01
3.240000000000000213e+00,1.797500000000000000e+02,6.444444444444417996e+00
3.255999999999999783e+00,1.302500000000000000e+02,5.122222222222222854e+01
3.255999999999999783e+00,1.307500000000000000e+02,5.133333333333333570e+01
3.255999999999999783e+00,1.312500000000000000e+02,5.411111111111110716e+01
3.255999999999999783e+00,1.317500000000000000e+02,5.588888888888888573e+01
3.255999999999999783e+00,1.322500000000000000e+02,5.844444444444443576e+01
3.255999999999999783e+00,1.327500000000000000e+02,6.122222222222222143e+01
3.255999999999999783e+00,1.332500000000000000e+02,6.477777777777777146e+01
3.255999999999999783e+00,1.337500000000000000e+02,6.455555555555554292e+01
3.255999999999999783e+00,1.342500000000000000e+02,6.477777777777777146e+01
3.255999999999999783e+00,1.347500000000000000e+02,6.777777777777777146e+01
3.255999999999999783e+00,1.352500000000000000e+02,7.344444444444444287e+01
3.255999999999999783e+00,1.357500000000000000e+02,7.233333333333332860e+01
3.255999999999999783e+00,1.362500000000000000e+02,7.177777777777777146e+01
3.255999999999999783e+00,1.367500000000000000e+02,7.366666666666665719e+01
3.255999999999999783e+00,1.372500000000000000e+02,7.766666666666665719e+01
3.255999999999999783e+00,1.377500000000000000e+02,7.577777777777777146e+01
3.255999999999999783e+00,1.382500000000000000e+02,7.455555555555555713e+01
3.255999999999999783e+00,1.387500000000000000e+02,7.688888888888888573e+01
3.255999999999999783e+00,1.392500000000000000e+02,7.911111111111110006e+01
3.255999999999999783e+00,1.397500000000000000e+02,7.822222222222221433e+01
3.255999999999999783e+00,1.402500000000000000e+02,7.833333333333332860e+01
3.255999999999999783e+00,1.407500000000000000e+02,8.411111111111110006e+01
3.255999999999999783e+00,1.412500000000000000e+02,9.011111111111110006e+01
3.255999999999999783e+00,1.417500000000000000e+02,9.255555555555554292e+01
3.255999999999999783e+00,1.422500000000000000e+02,9.422222222222221433e+01
3.255999999999999783e+00,1.427500000000000000e+02,9.611111111111110006e+01
3.255999999999999783e+00,1.432500000000000000e+02,1.003333333333333286e+02
3.255999999999999783e+00,1.437500000000000000e+02,1.034444444444444429e+02
3.255999999999999783e+00,1.442500000000000000e+02,1.070000000000000000e+02
3.255999999999999783e+00,1.447500000000000000e+02,1.065555555555555429e+02
3.255999999999999783e+00,1.452500000000000000e+02,1.062222222222222143e+02
3.255999999999999783e+00,1.457500000000000000e+02,1.066666666666666714e+02
3.255999999999999783e+00,1.462500000000000000e+02,1.090000000000000000e+02
3.255999999999999783e+00,1.467500000000000000e+02,1.106666666666666714e+02
3.255999999999999783e+00,1.472500000000000000e+02,1.124444444444444429e+02
3.255999999999999783e+00,1.477500000000000000e+02,1.113333333333333286e+02
3.255999999999999783e+00,1.482500000000000000e+02,1.135555555555555571e+02
3.255999999999999783e+00,1.487500000000000000e+02,1.147777777777777857e+02
3.255999999999999783e+00,1.492500000000000000e+02,1.170000000000000142e+02
3.255999999999999783e+00,1.497500000000000000e+02,1.172222222222222427e+02
3.255999999999999783e+00,1.502500000000000000e+02,1.181111111111111285e+02
3.255999999999999783e+00,1.507500000000000000e+02,1.180000000000000000e+02
3.255999999999999783e+00,1.512500000000000000e+02,1.175555555555555571e+02
3.255999999999999783e+00,1.517500000000000000e+02,1.172222222222222285e+02
3.255999999999999783e+00,1.522500000000000000e+02,1.188888888888888999e+02
3.255999999999999783e+00,1.527500000000000000e+02,1.230000000000000000e+02
3.255999999999999783e+00,1.532500000000000000e+02,1.212222222222222285e+02
3.255999999999999783e+00,1.537500000000000000e+02,1.293333333333333428e+02
3.255999999999999783e+00,1.542500000000000000e+02,1.272222222222222143e+02
3.255999999999999783e+00,1.547500000000000000e+02,1.328888888888888857e+02
3.255999999999999783e+00,1.552500000000000000e+02,1.264444444444444429e+02
3.255999999999999783e+00,1.557500000000000000e+02,1.268888888888888715e+02
3.255999999999999783e+00,1.562500000000000000e+02,1.215555555555555429e+02
3.255999999999999783e+00,1.567500000000000000e+02,1.252222222222222143e+02
3.255999999999999783e+00,1.572500000000000000e+02,1.279999999999999858e+02
3.255999999999999783e+00,1.577500000000000000e+02,1.352222222222222001e+02
3.255999999999999783e+00,1.582500000000000000e+02,1.338888888888888857e+02
3.255999999999999783e+00,1.587500000000000000e+02,1.350000000000000000e+02
3.255999999999999783e+00,1.592500000000000000e+02,1.327777777777777999e+02
3.255999999999999783e+00,1.597500000000000000e+02,1.343333333333333428e+02
3.255999999999999783e+00,1.602500000000000000e+02,1.322222222222222001e+02
3.255999999999999783e+00,1.607500000000000000e+02,1.323333333333333428e+02
3.255999999999999783e+00,1.612500000000000000e+02,1.342222222222222001e+02
3.255999999999999783e+00,1.617500000000000000e+02,1.345555555555555429e+02
3.255999999999999783e+00,1.622500000000000000e+02,1.388888888888888857e+02
3.255999999999999783e+00,1.627500000000000000e+02,1.340000000000000000e+02
3.255999999999999783e+00,1.632500000000000000e+02,1.355555555555555713e+02
3.255999999999999783e+00,1.637500000000000000e+02,1.312222222222222285e+02
3.255999999999999783e+00,1.642500000000000000e+02,1.313333333333333428e+02
3.255999999999999783e+00,1.647500000000000000e+02,1.257777777777777715e+02
3.255999999999999783e+00,1.652500000000000000e+02,1.238888888888888715e+02
3.255999999999999783e+00,1.657500000000000000e+02,1.198888888888888715e+02
3.255999999999999783e+00,1.662500000000000000e+02,1.187777777777777573e+02
3.255999999999999783e+00,1.667500000000000000e+02,1.176666666666666288e+02
3.255999999999999783e+00,1.672500000000000000e+02,1.144444444444444144e+02
3.255999999999999783e+00,1.677500000000000000e+02,1.147777777777777573e+02
3.255999999999999783e+00,1.682500000000000000e+02,1.128888888888888715e+02
3.255999999999999783e+00,1.687500000000000000e+02,1.131111111111110858e+02
3.255999999999999783e+00,1.692500000000000000e+02,1.056666666666666430e+02
3.255999999999999783e+00,1.697500000000000000e+02,9.499999999999998579e+01
3.255999999999999783e+00,1.702500000000000000e+02,9.144444444444441444e+01
3.255999999999999783e+00,1.707500000000000000e+02,9.366666666666664298e+01
3.255999999999999783e+00,1.712500000000000000e+02,9.155555555555554292e+01
3.255999999999999783e+00,1.717500000000000000e+02,8.611111111111108585e+01
3.255999999999999783e+00,1.722500000000000000e+02,7.822222222222218591e+01
3.255999999999999783e+00,1.727500000000000000e+02,7.544444444444441444e+01
3.255999999999999783e+00,1.732500000000000000e+02,7.133333333333331439e+01
3.255999999999999783e+00,1.737500000000000000e+02,6.566666666666664298e+01
3.255999999999999783e+00,1.742500000000000000e+02,6.422222222222221433e+01
3.255999999999999783e+00,1.747500000000000000e+02,6.199999999999999289e+01
3.255999999999999783e+00,1.752500000000000000e+02,5.855555555555554292e+01
3.255999999999999783e+00,1.757500000000000000e+02,4.999999999999997868e+01
3.255999999999999783e+00,1.762500000000000000e+02,4.255555555555553582e+01
3.255999999999999783e+00,1.767500000000000000e+02,3.666666666666665009e+01
3.255999999999999783e+00,1.772500000000000000e+02,3.299999999999997868e+01
3.255999999999999783e+00,1.777500000000000000e+02,2.688888888888887152e+01
3.255999999999999783e+00,1.782500000000000000e+02,2.255555555555553937e+01
3.255999999999999783e+00,1.787500000000000000e+02,1.544444444444442688e+01
3.255999999999999783e+00,1.792500000000000000e+02,1.066666666666664831e+01
3.255999999999999783e+00,1.797500000000000000e+02,5.777777777777758139e+00
3.271999999999999797e+00,1.302500000000000000e+02,5.311111111111111427e+01
3.271999999999999797e+00,1.307500000000000000e+02,5.300000000000000000e+01
3.271999999999999797e+00,1.312500000000000000e+02,5.377777777777777146e+01
3.271999999999999797e+00,1.317500000000000000e+02,5.577777777777777146e+01
3.271999999999999797e+00,1.322500000000000000e+02,5.900000000000000000e+01
3.271999999999999797e+00,1.327500000000000000e+02,6.077777777777777857e+01
3.271999999999999797e+00,1.332500000000000000e+02,6.488888888888889994e+01
3.271999999999999797e+00,1.337500000000000000e+02,6.455555555555555713e+01
3.271999999999999797e+00,1.342500000000000000e+02,6.833333333333332860e+01
3.271999999999999797e+00,1.347500000000000000e+02,7.066666666666667140e+01
3.271999999999999797e+00,1.352500000000000000e+02,7.466666666666667140e+01
3.271999999999999797e+00,1.357500000000000000e+02,7.366666666666667140e+01
3.271999999999999797e+00,1.362500000000000000e+02,7.333333333333332860e+01
3.271999999999999797e+00,1.367500000000000000e+02,7.544444444444444287e+01
3.271999999999999797e+00,1.372500000000000000e+02,7.822222222222221433e+01
3.271999999999999797e+00,1.377500000000000000e+02,7.933333333333332860e+01
3.271999999999999797e+00,1.382500000000000000e+02,7.788888888888889994e+01
3.271999999999999797e+00,1.387500000000000000e+02,8.088888888888889994e+01
3.271999999999999797e+00,1.392500000000000000e+02,8.077777777777778567e+01
3.271999999999999797e+00,1.397500000000000000e+02,7.944444444444445708e+01
3.271999999999999797e+00,1.402500000000000000e+02,7.933333333333334281e+01
3.271999999999999797e+00,1.407500000000000000e+02,8.633333333333332860e+01
3.271999999999999797e+00,1.412500000000000000e+02,9.011111111111110006e+01
3.271999999999999797e+00,1.417500000000000000e+02,9.211111111111110006e+01
3.271999999999999797e+00,1.422500000000000000e+02,9.322222222222221433e+01
3.271999999999999797e+00,1.427500000000000000e+02,9.844444444444444287e+01
3.271999999999999797e+00,1.432500000000000000e+02,1.015555555555555429e+02
3.271999999999999797e+00,1.437500000000000000e+02,1.033333333333333286e+02
3.271999999999999797e+00,1.442500000000000000e+02,1.046666666666666714e+02
3.271999999999999797e+00,1.447500000000000000e+02,1.051111111111111001e+02
3.271999999999999797e+00,1.452500000000000000e+02,1.018888888888888715e+02
3.271999999999999797e+00,1.457500000000000000e+02,1.071111111111110858e+02
3.271999999999999797e+00,1.462500000000000000e+02,1.082222222222221859e+02
3.271999999999999797e+00,1.467500000000000000e+02,1.141111111111110858e+02
3.271999999999999797e+00,1.472500000000000000e+02,1.163333333333333144e+02
3.271999999999999797e+00,1.477500000000000000e+02,1.149999999999999858e+02
3.271999999999999797e+00,1.482500000000000000e+02,1.162222222222222143e+02
3.271999999999999797e+00,1.487500000000000000e+02,1.163333333333333144e+02
3.271999999999999797e+00,1.492500000000000000e+02,1.207777777777777573e+02
3.271999999999999797e+00,1.497500000000000000e+02,1.235555555555555429e+02
3.271999999999999797e+00,1.502500000000000000e+02,1.223333333333333286e+02
3.271999999999999797e+00,1.507500000000000000e+02,1.224444444444444429e+02
3.271999999999999797e+00,1.512500000000000000e+02,1.180000000000000000e+02
3.271999999999999797e+00,1.517500000000000000e+02,1.180000000000000000e+02
3.271999999999999797e+00,1.522500000000000000e+02,1.182222222222222285e+02
3.271999999999999797e+00,1.527500000000000000e+02,1.236666666666666714e+02
3.271999999999999797e+00,1.532500000000000000e+02,1.224444444444444429e+02
3.271999999999999797e+00,1.537500000000000000e+02,1.308888888888888857e+02
3.271999999999999797e+00,1.542500000000000000e+02,1.304444444444444287e+02
3.271999999999999797e+00,1.547500000000000000e+02,1.364444444444444287e+02
3.271999999999999797e+00,1.552500000000000000e+02,1.325555555555555429e+02
3.271999999999999797e+00,1.557500000000000000e+02,1.331111111111111143e+02
3.271999999999999797e+00,1.562500000000000000e+02,1.280000000000000000e+02
3.271999999999999797e+00,1.567500000000000000e+02,1.286666666666666572e+02
3.271999999999999797e+00,1.572500000000000000e+02,1.303333333333333428e+02
3.271999999999999797e+00,1.577500000000000000e+02,1.357777777777777715e+02
3.271999999999999797e+00,1.582500000000000000e+02,1.353333333333333428e+02
3.271999999999999797e+00,1.587500000000000000e+02,1.371111111111111143e+02
3.271999999999999797e+00,1.592500000000000000e+02,1.311111111111111143e+02
3.271999999999999797e+00,1.597500000000000000e+02,1.320000000000000000e+02
3.271999999999999797e+00,1.602500000000000000e+02,1.301111111111111143e+02
3.271999999999999797e+00,1.607500000000000000e+02,1.338888888888888857e+02
3.271999999999999797e+00,1.612500000000000000e+02,1.342222222222222001e+02
3.271999999999999797e+00,1.617500000000000000e+02,1.338888888888888857e+02
3.271999999999999797e+00,1.622500000000000000e+02,1.352222222222222001e+02
3.271999999999999797e+00,1.627500000000000000e+02,1.307777777777777715e+02
3.271999999999999797e+00,1.632500000000000000e+02,1.298888888888888857e+02
3.271999999999999797e+00,1.637500000000000000e+02,1.272222222222222143e+02
3.271999999999999797e+00,1.642500000000000000e+02,1.301111111111111143e+02
3.271999999999999797e+00,1.647500000000000000e+02,1.263333333333333286e+02
3.271999999999999797e+00,1.652500000000000000e+02,1.301111111111111143e+02
3.271999999999999797e+00,1.657500000000000000e+02,1.247777777777777715e+02
3.271999999999999797e+00,1.662500000000000000e+02,1.240000000000000000e+02
3.271999999999999797e+00,1.667500000000000000e+02,1.166666666666666714e+02
3.271999999999999797e+00,1.672500000000000000e+02,1.092222222222222285e+02
3.271999999999999797e+00,1.677500000000000000e+02,1.068888888888888999e+02
3.271999999999999797e+00,1.682500000000000000e+02,1.056666666666666714e+02
3.271999999999999797e+00,1.687500000000000000e+02,1.106666666666666714e+02
3.271999999999999797e+00,1.692500000000000000e+02,1.053333333333333286e+02
3.271999999999999797e+00,1.697500000000000000e+02,9.733333333333332860e+01
3.271999999999999797e+00,1.702500000000000000e+02,9.300000000000000000e+01
3.271999999999999797e+00,1.707500000000000000e+02,9.244444444444445708e+01
3.271999999999999797e+00,1.712500000000000000e+02,9.288888888888889994e+01
3.271999999999999797e+00,1.717500000000000000e+02,8.566666666666667140e+01
3.271999999999999797e+00,1.722500000000000000e+02,8.055555555555555713e+01
3.271999999999999797e+00,1.727500000000000000e+02,7.155555555555555713e+01
3.271999999999999797e+00,1.732500000000000000e+02,6.933333333333332860e+01
3.271999999999999797e+00,1.737500000000000000e+02,6.400000000000000000e+01
3.271999999999999797e+00,1.742500000000000000e+02,6.388888888888889284e+01
3.271999999999999797e+00,1.747500000000000000e+02,6.055555555555556424e+01
3.271999999999999797e+00,1.752500000000000000e+02,5.622222222222222854e+01
3.271999999999999797e+00,1.757500000000000000e+02,4.744444444444444997e+01
3.271999999999999797e+00,1.762500000000000000e+02,4.177777777777777857e+01
3.271999999999999797e+00,1.767500000000000000e+02,3.766666666666666430e+01
3.271999999999999797e+00,1.772500000000000000e+02,3.444444444444444997e+01
3.271999999999999797e+00,1.777500000000000000e+02,2.722222222222222499e+01
3.271999999999999797e+00,1.782500000000000000e+02,2.155555555555555713e+01
3.271999999999999797e+00,1.787500000000000000e+02,1.500000000000000178e+01
3.271999999999999797e+00,1.792500000000000000e+02,1.011111111111111249e+01
3.271999999999999797e+00,1.797500000000000000e+02,5.444444444444446418e+00
3.287999999999999812e+00,1.302500000000000000e+02,6.077777777777777857e+01
3.287999999999999812e+00,1.307500000000000000e+02,5.888888888888889284e+01
3.287999999999999812e+00,1.312500000000000000e+02,5.677777777777777857e+01
3.287999999999999812e+00,1.317500000000000000e+02,5.900000000000000000e+01
3.287999999999999812e+00,1.322500000000000000e+02,6.177777777777777146e+01
3.287999999999999812e+00,1.327500000000000000e+02,6.444444444444444287e+01
3.287999999999999812e+00,1.332500000000000000e+02,6.577777777777777146e+01
3.287999999999999812e+00,1.337500000000000000e+02,6.711111111111110006e+01
3.287999999999999812e+00,1.342500000000000000e+02,6.900000000000000000e+01
3.287999999999999812e+00,1.347500000000000000e+02,7.288888888888888573e+01
3.287999999999999812e+00,1.352500000000000000e+02,7.211111111111110006e+01
3.287999999999999812e+00,1.357500000000000000e+02,7.022222222222221433e+01
3.287999999999999812e+00,1.362500000000000000e+02,7.099999999999998579e+01
3.287999999999999812e+00,1.367500000000000000e+02,7.388888888888887152e+01
3.287999999999999812e+00,1.372500000000000000e+02,7.699999999999998579e+01
3.287999999999999812e+00,1.377500000000000000e+02,7.799999999999998579e+01
3.287999999999999812e+00,1.382500000000000000e+02,7.788888888888887152e+01
3.287999999999999812e+00,1.387500000000000000e+02,8.188888888888887152e+01
3.287999999999999812e+00,1.392500000000000000e+02,8.355555555555554292e+01
3.287999999999999812e+00,1.397500000000000000e+02,8.344444444444444287e+01
3.287999999999999812e+00,1.402500000000000000e+02,8.488888888888887152e+01
3.287999999999999812e+00,1.407500000000000000e+02,8.855555555555554292e+01
3.287999999999999812e+00,1.412500000000000000e+02,9.255555555555554292e+01
3.287999999999999812e+00,1.417500000000000000e+02,9.433333333333331439e+01
3.287999999999999812e+00,1.422500000000000000e+02,9.699999999999998579e+01
3.287999999999999812e+00,1.427500000000000000e+02,9.711111111111108585e+01
3.287999999999999812e+00,1.432500000000000000e+02,9.722222222222221433e+01
3.287999999999999812e+00,1.437500000000000000e+02,9.733333333333331439e+01
3.287999999999999812e+00,1.442500000000000000e+02,1.036666666666666430e+02
3.287999999999999812e+00,1.447500000000000000e+02,1.049999999999999858e+02
3.287999999999999812e+00,1.452500000000000000e+02,1.042222222222222143e+02
3.287999999999999812e+00,1.457500000000000000e+02,1.054444444444444429e+02
3.287999999999999812e+00,1.462500000000000000e+02,1.087777777777777715e+02
3.287999999999999812e+00,1.467500000000000000e+02,1.144444444444444429e+02
3.287999999999999812e+00,1.472500000000000000e+02,1.180000000000000000e+02
3.287999999999999812e+00,1.477500000000000000e+02,1.170000000000000000e+02
3.287999999999999812e+00,1.482500000000000000e+02,1.151111111111111001e+02
3.287999999999999812e+00,1.487500000000000000e+02,1.154444444444444429e+02
3.287999999999999812e+00,1.492500000000000000e+02,1.192222222222222143e+02
3.287999999999999812e+00,1.497500000000000000e+02,1.248888888888888715e+02
3.287999999999999812e+00,1.502500000000000000e+02,1.261111111111111001e+02
3.287999999999999812e+00,1.507500000000000000e+02,1.240000000000000000e+02
3.287999999999999812e+00,1.512500000000000000e+02,1.184444444444444429e+02
3.287999999999999812e+00,1.517500000000000000e+02,1.201111111111111001e+02
3.287999999999999812e+00,1.522500000000000000e+02,1.220000000000000000e+02
3.287999999999999812e+00,1.527500000000000000e+02,1.258888888888888999e+02
3.287999999999999812e+00,1.532500000000000000e+02,1.243333333333333286e+02
3.287999999999999812e+00,1.537500000000000000e+02,1.325555555555555713e+02
3.287999999999999812e+00,1.542500000000000000e+02,1.333333333333333428e+02
3.287999999999999812e+00,1.547500000000000000e+02,1.362222222222222285e+02
3.287999999999999812e+00,1.552500000000000000e+02,1.333333333333333428e+02
3.287999999999999812e+00,1.557500000000000000e+02,1.338888888888888857e+02
3.287999999999999812e+00,1.562500000000000000e+02,1.323333333333333428e+02
3.287999999999999812e+00,1.567500000000000000e+02,1.302222222222222001e+02
3.287999999999999812e+00,1.572500000000000000e+02,1.322222222222222001e+02
3.287999999999999812e+00,1.577500000000000000e+02,1.321111111111111143e+02
3.287999999999999812e+00,1.582500000000000000e+02,1.334444444444444287e+02
3.287999999999999812e+00,1.587500000000000000e+02,1.335555555555555429e+02
3.287999999999999812e+00,1.592500000000000000e+02,1.312222222222222001e+02
3.287999999999999812e+00,1.597500000000000000e+02,1.303333333333333428e+02
3.287999999999999812e+00,1.602500000000000000e+02,1.280000000000000000e+02
3.287999999999999812e+00,1.607500000000000000e+02,1.318888888888888857e+02
3.287999999999999812e+00,1.612500000000000000e+02,1.322222222222222285e+02
3.287999999999999812e+00,1.617500000000000000e+02,1.342222222222222285e+02
3.287999999999999812e+00,1.622500000000000000e+02,1.304444444444444571e+02
3.287999999999999812e+00,1.627500000000000000e+02,1.280000000000000000e+02
3.287999999999999812e+00,1.632500000000000000e+02,1.266666666666666714e+02
3.287999999999999812e+00,1.637500000000000000e+02,1.288888888888888857e+02
3.287999999999999812e+00,1.642500000000000000e+02,1.330000000000000000e+02
3.287999999999999812e+00,1.647500000000000000e+02,1.307777777777777715e+02
3.287999999999999812e+00,1.652500000000000000e+02,1.300000000000000000e+02
3.287999999999999812e+00,1.657500000000000000e+02,1.234444444444444429e+02
3.287999999999999812e+00,1.662500000000000000e+02,1.203333333333333286e+02
3.287999999999999812e+00,1.667500000000000000e+02,1.170000000000000000e+02
3.287999999999999812e+00,1.672500000000000000e+02,1.105555555555555429e+02
3.287999999999999812e+00,1.677500000000000000e+02,1.130000000000000000e+02
3.287999999999999812e+00,1.682500000000000000e+02,1.098888888888888999e+02
3.287999999999999812e+00,1.687500000000000000e+02,1.127777777777777857e+02
3.287999999999999812e+00,1.692500000000000000e+02,1.061111111111111285e+02
3.287999999999999812e+00,1.697500000000000000e+02,9.811111111111112848e+01
3.287999999999999812e+00,1.702500000000000000e+02,9.511111111111112848e+01
3.287999999999999812e+00,1.707500000000000000e+02,9.200000000000000000e+01
3.287999999999999812e+00,1.712500000000000000e+02,9.422222222222221433e+01
3.287999999999999812e+00,1.717500000000000000e+02,8.688888888888887152e+01
3.287999999999999812e+00,1.722500000000000000e+02,8.055555555555554292e+01
3.287999999999999812e+00,1.727500000000000000e+02,7.088888888888887152e+01
3.287999999999999812e+00,1.732500000000000000e+02,6.755555555555554292e+01
3.287999999999999812e+00,1.737500000000000000e+02,6.488888888888887152e+01
3.287999999999999812e+00,1.742500000000000000e+02,6.466666666666665719e+01
3.287999999999999812e+00,1.747500000000000000e+02,6.322222222222220722e+01
3.287999999999999812e+00,1.752500000000000000e+02,5.799999999999999289e+01
3.287999999999999812e+00,1.757500000000000000e+02,5.066666666666665719e+01
3.287999999999999812e+00,1.762500000000000000e+02,4.399999999999999289e+01
3.287999999999999812e+00,1.767500000000000000e+02,3.933333333333332149e+01
3.287999999999999812e+00,1.772500000000000000e+02,3.444444444444443576e+01
3.287999999999999812e+00,1.777500000000000000e+02,2.688888888888888573e+01
3.287999999999999812e+00,1.782500000000000000e+02,2.144444444444444287e+01
3.287999999999999812e+00,1.787500000000000000e+02,1.544444444444444287e+01
3.287999999999999812e+00,1.792500000000000000e+02,1.055555555555555358e+01
3.287999999999999812e+00,1.797500000000000000e+02,5.888888888888886619e+00
3.303999999999999826e+00,1.302500000000000000e+02,5.911111111111111427e+01
3.303999999999999826e+00,1.307500000000000000e+02,5.855555555555556424e+01
3.303999999999999826e+00,1.312500000000000000e+02,5.755555555555556424e+01
3.303999999999999826e+00,1.317500000000000000e+02,6.077777777777777857e+01
3.303999999999999826e+00,1.322500000000000000e+02,6.544444444444444287e+01
3.303999999999999826e+00,1.327500000000000000e+02,6.766666666666667140e+01
3.303999999999999826e+00,1.332500000000000000e+02,6.988888888888889994e+01
3.303999999999999826e+00,1.337500000000000000e+02,6.866666666666667140e+01
3.303999999999999826e+00,1.342500000000000000e+02,7.088888888888889994e+01
3.303999999999999826e+00,1.347500000000000000e+02,7.222222222222222854e+01
3.303999999999999826e+00,1.352500000000000000e+02,7.077777777777778567e+01
3.303999999999999826e+00,1.357500000000000000e+02,6.966666666666667140e+01
3.303999999999999826e+00,1.362500000000000000e+02,7.200000000000000000e+01
3.303999999999999826e+00,1.367500000000000000e+02,7.466666666666667140e+01
3.303999999999999826e+00,1.372500000000000000e+02,7.566666666666667140e+01
3.303999999999999826e+00,1.377500000000000000e+02,7.711111111111110006e+01
3.303999999999999826e+00,1.382500000000000000e+02,8.088888888888888573e+01
3.303999999999999826e+00,1.387500000000000000e+02,8.466666666666667140e+01
3.303999999999999826e+00,1.392500000000000000e+02,8.533333333333332860e+01
3.303999999999999826e+00,1.397500000000000000e+02,8.466666666666667140e+01
3.303999999999999826e+00,1.402500000000000000e+02,8.455555555555555713e+01
3.303999999999999826e+00,1.407500000000000000e+02,8.555555555555555713e+01
3.303999999999999826e+00,1.412500000000000000e+02,8.955555555555555713e+01
3.303999999999999826e+00,1.417500000000000000e+02,9.533333333333332860e+01
3.303999999999999826e+00,1.422500000000000000e+02,1.012222222222222285e+02
3.303999999999999826e+00,1.427500000000000000e+02,1.013333333333333286e+02
3.303999999999999826e+00,1.432500000000000000e+02,9.711111111111112848e+01
3.303999999999999826e+00,1.437500000000000000e+02,9.555555555555555713e+01
3.303999999999999826e+00,1.442500000000000000e+02,1.011111111111111285e+02
3.303999999999999826e+00,1.447500000000000000e+02,1.066666666666666714e+02
3.303999999999999826e+00,1.452500000000000000e+02,1.075555555555555571e+02
3.303999999999999826e+00,1.457500000000000000e+02,1.076666666666666714e+02
3.303999999999999826e+00,1.462500000000000000e+02,1.098888888888888999e+02
3.303999999999999826e+00,1.467500000000000000e+02,1.165555555555555571e+02
3.303999999999999826e+00,1.472500000000000000e+02,1.193333333333333286e+02
3.303999999999999826e+00,1.477500000000000000e+02,1.185555555555555571e+02
3.303999999999999826e+00,1.482500000000000000e+02,1.164444444444444571e+02
3.303999999999999826e+00,1.487500000000000000e+02,1.150000000000000142e+02
3.303999999999999826e+00,1.492500000000000000e+02,1.185555555555555856e+02
3.303999999999999826e+00,1.497500000000000000e+02,1.208888888888889142e+02
3.303999999999999826e+00,1.502500000000000000e+02,1.222222222222222427e+02
3.303999999999999826e+00,1.507500000000000000e+02,1.222222222222222427e+02
3.303999999999999826e+00,1.512500000000000000e+02,1.191111111111111427e+02
3.303999999999999826e+00,1.517500000000000000e+02,1.206666666666666998e+02
3.303999999999999826e+00,1.522500000000000000e+02,1.214444444444444997e+02
3.303999999999999826e+00,1.527500000000000000e+02,1.225555555555555998e+02
3.303999999999999826e+00,1.532500000000000000e+02,1.248888888888889284e+02
3.303999999999999826e+00,1.537500000000000000e+02,1.300000000000000284e+02
3.303999999999999826e+00,1.542500000000000000e+02,1.316666666666667140e+02
3.303999999999999826e+00,1.547500000000000000e+02,1.314444444444444855e+02
3.303999999999999826e+00,1.552500000000000000e+02,1.297777777777778283e+02
3.303999999999999826e+00,1.557500000000000000e+02,1.318888888888889426e+02
3.303999999999999826e+00,1.562500000000000000e+02,1.337777777777778283e+02
3.303999999999999826e+00,1.567500000000000000e+02,1.317777777777778283e+02
3.303999999999999826e+00,1.572500000000000000e+02,1.328888888888889426e+02
3.303999999999999826e+00,1.577500000000000000e+02,1.294444444444445139e+02
3.303999999999999826e+00,1.582500000000000000e+02,1.302222222222222854e+02
3.303999999999999826e+00,1.587500000000000000e+02,1.320000000000000853e+02
3.303999999999999826e+00,1.592500000000000000e+02,1.324444444444445139e+02
3.303999999999999826e+00,1.597500000000000000e+02,1.330000000000000853e+02
3.303999999999999826e+00,1.602500000000000000e+02,1.302222222222222854e+02
3.303999999999999826e+00,1.607500000000000000e+02,1.330000000000000853e+02
3.303999999999999826e+00,1.612500000000000000e+02,1.320000000000000853e+02
3.303999999999999826e+00,1.617500000000000000e+02,1.313333333333333997e+02
3.303999999999999826e+00,1.622500000000000000e+02,1.278888888888889710e+02
3.303999999999999826e+00,1.627500000000000000e+02,1.258888888888889710e+02
3.303999999999999826e+00,1.632500000000000000e+02,1.242222222222222996e+02
3.303999999999999826e+00,1.637500000000000000e+02,1.253333333333334139e+02
3.303999999999999826e+00,1.642500000000000000e+02,1.295555555555556282e+02
3.303999999999999826e+00,1.647500000000000000e+02,1.264444444444445139e+02
3.303999999999999826e+00,1.652500000000000000e+02,1.227777777777778425e+02
3.303999999999999826e+00,1.657500000000000000e+02,1.186666666666667425e+02
3.303999999999999826e+00,1.662500000000000000e+02,1.207777777777778425e+02
3.303999999999999826e+00,1.667500000000000000e+02,1.206666666666667425e+02
3.303999999999999826e+00,1.672500000000000000e+02,1.136666666666667425e+02
3.303999999999999826e+00,1.677500000000000000e+02,1.141111111111111853e+02
3.303999999999999826e+00,1.682500000000000000e+02,1.094444444444445139e+02
3.303999999999999826e+00,1.687500000000000000e+02,1.128888888888889568e+02
3.303999999999999826e+00,1.692500000000000000e+02,1.080000000000000711e+02
3.303999999999999826e+00,1.697500000000000000e+02,1.018888888888889568e+02
3.303999999999999826e+00,1.702500000000000000e+02,9.977777777777782831e+01
3.303999999999999826e+00,1.707500000000000000e+02,9.344444444444449971e+01
3.303999999999999826e+00,1.712500000000000000e+02,9.555555555555561398e+01
3.303999999999999826e+00,1.717500000000000000e+02,8.722222222222228538e+01
3.303999999999999826e+00,1.722500000000000000e+02,8.100000000000005684e+01
3.303999999999999826e+00,1.727500000000000000e+02,7.222222222222227117e+01
3.303999999999999826e+00,1.732500000000000000e+02,6.744444444444449971e+01
3.303999999999999826e+00,1.737500000000000000e+02,6.866666666666672825e+01
3.303999999999999826e+00,1.742500000000000000e+02,6.700000000000005684e+01
3.303999999999999826e+00,1.747500000000000000e+02,6.511111111111117111e+01
3.303999999999999826e+00,1.752500000000000000e+02,5.800000000000005684e+01
3.303999999999999826e+00,1.757500000000000000e+02,5.144444444444449260e+01
3.303999999999999826e+00,1.762500000000000000e+02,4.500000000000004974e+01
3.303999999999999826e+00,1.767500000000000000e+02,3.922222222222226407e+01
3.303999999999999826e+00,1.772500000000000000e+02,3.288888888888893547e+01
3.303999999999999826e+00,1.777500000000000000e+02,2.555555555555559977e+01
3.303999999999999826e+00,1.782500000000000000e+02,2.011111111111115690e+01
3.303999999999999826e+00,1.787500000000000000e+02,1.555555555555559977e+01
3.303999999999999826e+00,1.792500000000000000e+02,1.033333333333337833e+01
3.303999999999999826e+00,1.797500000000000000e+02,5.555555555555599767e+00
3.319999999999999840e+00,1.302500000000000000e+02,6.088888888888888573e+01
3.319999999999999840e+00,1.307500000000000000e+02,6.044444444444443576e+01
3.319999999999999840e+00,1.312500000000000000e+02,5.911111111111110716e+01
3.319999999999999840e+00,1.317500000000000000e+02,6.222222222222222143e+01
3.319999999999999840e+00,1.322500000000000000e+02,6.711111111111110006e+01
3.319999999999999840e+00,1.327500000000000000e+02,6.700000000000000000e+01
3.319999999999999840e+00,1.332500000000000000e+02,6.822222222222221433e+01
3.319999999999999840e+00,1.337500000000000000e+02,6.766666666666667140e+01
3.319999999999999840e+00,1.342500000000000000e+02,7.133333333333332860e+01
3.319999999999999840e+00,1.347500000000000000e+02,7.311111111111111427e+01
3.319999999999999840e+00,1.352500000000000000e+02,7.100000000000000000e+01
3.319999999999999840e+00,1.357500000000000000e+02,7.166666666666667140e+01
3.319999999999999840e+00,1.362500000000000000e+02,7.488888888888888573e+01
3.319999999999999840e+00,1.367500000000000000e+02,7.944444444444444287e+01
3.319999999999999840e+00,1.372500000000000000e+02,8.144444444444444287e+01
3.319999999999999840e+00,1.377500000000000000e+02,8.011111111111110006e+01
3.319999999999999840e+00,1.382500000000000000e+02,8.211111111111110006e+01
3.319999999999999840e+00,1.387500000000000000e+02,8.466666666666667140e+01
3.319999999999999840e+00,1.392500000000000000e+02,8.777777777777778567e+01
3.319999999999999840e+00,1.397500000000000000e+02,8.977777777777778567e+01
3.319999999999999840e+00,1.402500000000000000e+02,9.055555555555555713e+01
3.319999999999999840e+00,1.407500000000000000e+02,8.966666666666667140e+01
3.319999999999999840e+00,1.412500000000000000e+02,9.155555555555554292e+01
3.319999999999999840e+00,1.417500000000000000e+02,9.655555555555554292e+01
3.319999999999999840e+00,1.422500000000000000e+02,1.051111111111111001e+02
3.319999999999999840e+00,1.427500000000000000e+02,1.064444444444444429e+02
3.319999999999999840e+00,1.432500000000000000e+02,1.026666666666666714e+02
3.319999999999999840e+00,1.437500000000000000e+02,1.000000000000000000e+02
3.319999999999999840e+00,1.442500000000000000e+02,1.020000000000000000e+02
3.319999999999999840e+00,1.447500000000000000e+02,1.057777777777777715e+02
3.319999999999999840e+00,1.452500000000000000e+02,1.054444444444444429e+02
3.319999999999999840e+00,1.457500000000000000e+02,1.048888888888888715e+02
3.319999999999999840e+00,1.462500000000000000e+02,1.093333333333333286e+02
3.319999999999999840e+00,1.467500000000000000e+02,1.153333333333333286e+02
3.319999999999999840e+00,1.472500000000000000e+02,1.207777777777777715e+02
3.319999999999999840e+00,1.477500000000000000e+02,1.192222222222222143e+02
3.319999999999999840e+00,1.482500000000000000e+02,1.181111111111110858e+02
3.319999999999999840e+00,1.487500000000000000e+02,1.128888888888888573e+02
3.319999999999999840e+00,1.492500000000000000e+02,1.125555555555555287e+02
3.319999999999999840e+00,1.497500000000000000e+02,1.136666666666666288e+02
3.319999999999999840e+00,1.502500000000000000e+02,1.178888888888888573e+02
3.319999999999999840e+00,1.507500000000000000e+02,1.197777777777777573e+02
3.319999999999999840e+00,1.512500000000000000e+02,1.181111111111110858e+02
3.319999999999999840e+00,1.517500000000000000e+02,1.227777777777777573e+02
3.319999999999999840e+00,1.522500000000000000e+02,1.252222222222221859e+02
3.319999999999999840e+00,1.527500000000000000e+02,1.269999999999999574e+02
3.319999999999999840e+00,1.532500000000000000e+02,1.259999999999999574e+02
3.319999999999999840e+00,1.537500000000000000e+02,1.296666666666666288e+02
3.319999999999999840e+00,1.542500000000000000e+02,1.285555555555555145e+02
3.319999999999999840e+00,1.547500000000000000e+02,1.273333333333333002e+02
3.319999999999999840e+00,1.552500000000000000e+02,1.241111111111110716e+02
3.319999999999999840e+00,1.557500000000000000e+02,1.268888888888888431e+02
3.319999999999999840e+00,1.562500000000000000e+02,1.328888888888888289e+02
3.319999999999999840e+00,1.567500000000000000e+02,1.348888888888888289e+02
3.319999999999999840e+00,1.572500000000000000e+02,1.356666666666666288e+02
3.319999999999999840e+00,1.577500000000000000e+02,1.307777777777777430e+02
3.319999999999999840e+00,1.582500000000000000e+02,1.301111111111110574e+02
3.319999999999999840e+00,1.587500000000000000e+02,1.307777777777777430e+02
3.319999999999999840e+00,1.592500000000000000e+02,1.312222222222221717e+02
3.319999999999999840e+00,1.597500000000000000e+02,1.314444444444443718e+02
3.319999999999999840e+00,1.602500000000000000e+02,1.299999999999999147e+02
3.319999999999999840e+00,1.607500000000000000e+02,1.327777777777777146e+02
3.319999999999999840e+00,1.612500000000000000e+02,1.315555555555554861e+02
3.319999999999999840e+00,1.617500000000000000e+02,1.304444444444443718e+02
3.319999999999999840e+00,1.622500000000000000e+02,1.264444444444443860e+02
3.319999999999999840e+00,1.627500000000000000e+02,1.237777777777777146e+02
3.319999999999999840e+00,1.632500000000000000e+02,1.232222222222221575e+02
3.319999999999999840e+00,1.637500000000000000e+02,1.225555555555554861e+02
3.319999999999999840e+00,1.642500000000000000e+02,1.264444444444443860e+02
3.319999999999999840e+00,1.647500000000000000e+02,1.252222222222221575e+02
3.319999999999999840e+00,1.652500000000000000e+02,1.194444444444443860e+02
3.319999999999999840e+00,1.657500000000000000e+02,1.148888888888888147e+02
3.319999999999999840e+00,1.662500000000000000e+02,1.132222222222221575e+02
3.319999999999999840e+00,1.667500000000000000e+02,1.173333333333332575e+02
3.319999999999999840e+00,1.672500000000000000e+02,1.146666666666665861e+02
3.319999999999999840e+00,1.677500000000000000e+02,1.168888888888888147e+02
3.319999999999999840e+00,1.682500000000000000e+02,1.099999999999999289e+02
3.319999999999999840e+00,1.687500000000000000e+02,1.078888888888888147e+02
3.319999999999999840e+00,1.692500000000000000e+02,1.019999999999999289e+02
3.319999999999999840e+00,1.697500000000000000e+02,9.633333333333325754e+01
3.319999999999999840e+00,1.702500000000000000e+02,9.477777777777770041e+01
3.319999999999999840e+00,1.707500000000000000e+02,9.077777777777770041e+01
3.319999999999999840e+00,1.712500000000000000e+02,9.066666666666658614e+01
3.319999999999999840e+00,1.717500000000000000e+02,8.677777777777771462e+01
3.319999999999999840e+00,1.722500000000000000e+02,7.888888888888882889e+01
3.319999999999999840e+00,1.727500000000000000e+02,7.455555555555550029e+01
3.319999999999999840e+00,1.732500000000000000e+02,6.711111111111104321e+01
3.319999999999999840e+00,1.737500000000000000e+02,6.766666666666660035e+01
3.319999999999999840e+00,1.742500000000000000e+02,6.322222222222215038e+01
3.319999999999999840e+00,1.747500000000000000e+02,6.255555555555548608e+01
3.319999999999999840e+00,1.752500000000000000e+02,5.811111111111105032e+01
3.319999999999999840e+00,1.757500000000000000e+02,5.455555555555549319e+01
3.319999999999999840e+00,1.762500000000000000e+02,4.577777777777771462e+01
3.319999999999999840e+00,1.767500000000000000e+02,3.733333333333327175e+01
3.319999999999999840e+00,1.772500000000000000e+02,2.866666666666660390e+01
3.319999999999999840e+00,1.777500000000000000e+02,2.411111111111104677e+01
3.319999999999999840e+00,1.782500000000000000e+02,1.866666666666660390e+01
3.319999999999999840e+00,1.787500000000000000e+02,1.444444444444438069e+01
3.319999999999999840e+00,1.792500000000000000e+02,8.444444444444380693e+00
3.319999999999999840e+00,1.797500000000000000e+02,4.444444444444381581e+00
3.335999999999999854e+00,1.302500000000000000e+02,6.311111111111110716e+01
3.335999999999999854e+00,1.307500000000000000e+02,6.366666666666665719e+01
3.335999999999999854e+00,1.312500000000000000e+02,6.333333333333332149e+01
3.335999999999999854e+00,1.317500000000000000e+02,6.633333333333332860e+01
3.335999999999999854e+00,1.322500000000000000e+02,6.899999999999998579e+01
3.335999999999999854e+00,1.327500000000000000e+02,6.622222222222221433e+01
3.335999999999999854e+00,1.332500000000000000e+02,6.688888888888887152e+01
3.335999999999999854e+00,1.337500000000000000e+02,6.655555555555554292e+01
3.335999999999999854e+00,1.342500000000000000e+02,7.444444444444442865e+01
3.335999999999999854e+00,1.347500000000000000e+02,7.755555555555554292e+01
3.335999999999999854e+00,1.352500000000000000e+02,7.833333333333332860e+01
3.335999999999999854e+00,1.357500000000000000e+02,7.877777777777777146e+01
3.335999999999999854e+00,1.362500000000000000e+02,7.844444444444444287e+01
3.335999999999999854e+00,1.367500000000000000e+02,8.355555555555554292e+01
3.335999999999999854e+00,1.372500000000000000e+02,8.444444444444444287e+01
3.335999999999999854e+00,1.377500000000000000e+02,8.566666666666667140e+01
3.335999999999999854e+00,1.382500000000000000e+02,8.488888888888889994e+01
3.335999999999999854e+00,1.387500000000000000e+02,8.500000000000000000e+01
3.335999999999999854e+00,1.392500000000000000e+02,8.633333333333332860e+01
3.335999999999999854e+00,1.397500000000000000e+02,8.988888888888887152e+01
3.335999999999999854e+00,1.402500000000000000e+02,9.022222222222221433e+01
3.335999999999999854e+00,1.407500000000000000e+02,8.999999999999998579e+01
3.335999999999999854e+00,1.412500000000000000e+02,8.988888888888887152e+01
3.335999999999999854e+00,1.417500000000000000e+02,9.622222222222221433e+01
3.335999999999999854e+00,1.422500000000000000e+02,1.015555555555555429e+02
3.335999999999999854e+00,1.427500000000000000e+02,1.034444444444444429e+02
3.335999999999999854e+00,1.432500000000000000e+02,9.955555555555554292e+01
3.335999999999999854e+00,1.437500000000000000e+02,1.012222222222222143e+02
3.335999999999999854e+00,1.442500000000000000e+02,1.016666666666666430e+02
3.335999999999999854e+00,1.447500000000000000e+02,1.078888888888888715e+02
3.335999999999999854e+00,1.452500000000000000e+02,1.072222222222222143e+02
3.335999999999999854e+00,1.457500000000000000e+02,1.083333333333333144e+02
3.335999999999999854e+00,1.462500000000000000e+02,1.091111111111110858e+02
3.335999999999999854e+00,1.467500000000000000e+02,1.126666666666666430e+02
3.335999999999999854e+00,1.472500000000000000e+02,1.153333333333333144e+02
3.335999999999999854e+00,1.477500000000000000e+02,1.154444444444444144e+02
3.335999999999999854e+00,1.482500000000000000e+02,1.186666666666666430e+02
3.335999999999999854e+00,1.487500000000000000e+02,1.162222222222222143e+02
3.335999999999999854e+00,1.492500000000000000e+02,1.172222222222222143e+02
3.335999999999999854e+00,1.497500000000000000e+02,1.134444444444444144e+02
3.335999999999999854e+00,1.502500000000000000e+02,1.148888888888888573e+02
3.335999999999999854e+00,1.507500000000000000e+02,1.152222222222221859e+02
3.335999999999999854e+00,1.512500000000000000e+02,1.169999999999999574e+02
3.335999999999999854e+00,1.517500000000000000e+02,1.213333333333333002e+02
3.335999999999999854e+00,1.522500000000000000e+02,1.237777777777777288e+02
3.335999999999999854e+00,1.527500000000000000e+02,1.244444444444444002e+02
3.335999999999999854e+00,1.532500000000000000e+02,1.251111111111110716e+02
3.335999999999999854e+00,1.537500000000000000e+02,1.266666666666666288e+02
3.335999999999999854e+00,1.542500000000000000e+02,1.289999999999999716e+02
3.335999999999999854e+00,1.547500000000000000e+02,1.269999999999999574e+02
3.335999999999999854e+00,1.552500000000000000e+02,1.227777777777777288e+02
3.335999999999999854e+00,1.557500000000000000e+02,1.246666666666666288e+02
3.335999999999999854e+00,1.562500000000000000e+02,1.302222222222222001e+02
3.335999999999999854e+00,1.567500000000000000e+02,1.356666666666666288e+02
3.335999999999999854e+00,1.572500000000000000e+02,1.324444444444444002e+02
3.335999999999999854e+00,1.577500000000000000e+02,1.282222222222221717e+02
3.335999999999999854e+00,1.582500000000000000e+02,1.268888888888888431e+02
3.335999999999999854e+00,1.587500000000000000e+02,1.286666666666666003e+02
3.335999999999999854e+00,1.592500000000000000e+02,1.292222222222221717e+02
3.335999999999999854e+00,1.597500000000000000e+02,1.302222222222221717e+02
3.335999999999999854e+00,1.602500000000000000e+02,1.297777777777777146e+02
3.335999999999999854e+00,1.607500000000000000e+02,1.319999999999999147e+02
3.335999999999999854e+00,1.612500000000000000e+02,1.295555555555554861e+02
3.335999999999999854e+00,1.617500000000000000e+02,1.263333333333332575e+02
3.335999999999999854e+00,1.622500000000000000e+02,1.252222222222221575e+02
3.335999999999999854e+00,1.627500000000000000e+02,1.234444444444443860e+02
3.335999999999999854e+00,1.632500000000000000e+02,1.209999999999999432e+02
3.335999999999999854e+00,1.637500000000000000e+02,1.192222222222221717e+02
3.335999999999999854e+00,1.642500000000000000e+02,1.176666666666666146e+02
3.335999999999999854e+00,1.647500000000000000e+02,1.181111111111110432e+02
3.335999999999999854e+00,1.652500000000000000e+02,1.154444444444443860e+02
3.335999999999999854e+00,1.657500000000000000e+02,1.165555555555555003e+02
3.335999999999999854e+00,1.662500000000000000e+02,1.143333333333332718e+02
3.335999999999999854e+00,1.667500000000000000e+02,1.136666666666666146e+02
3.335999999999999854e+00,1.672500000000000000e+02,1.088888888888888431e+02
3.335999999999999854e+00,1.677500000000000000e+02,1.092222222222221717e+02
3.335999999999999854e+00,1.682500000000000000e+02,1.037777777777777288e+02
3.335999999999999854e+00,1.687500000000000000e+02,1.009999999999999574e+02
3.335999999999999854e+00,1.692500000000000000e+02,9.888888888888885731e+01
3.335999999999999854e+00,1.697500000000000000e+02,9.366666666666662877e+01
3.335999999999999854e+00,1.702500000000000000e+02,9.333333333333330017e+01
3.335999999999999854e+00,1.707500000000000000e+02,8.755555555555552871e+01
3.335999999999999854e+00,1.712500000000000000e+02,8.511111111111108585e+01
3.335999999999999854e+00,1.717500000000000000e+02,8.055555555555552871e+01
3.335999999999999854e+00,1.722500000000000000e+02,7.411111111111107164e+01
3.335999999999999854e+00,1.727500000000000000e+02,7.366666666666662877e+01
3.335999999999999854e+00,1.732500000000000000e+02,6.899999999999995737e+01
3.335999999999999854e+00,1.737500000000000000e+02,6.755555555555552871e+01
3.335999999999999854e+00,1.742500000000000000e+02,6.211111111111108585e+01
3.335999999999999854e+00,1.747500000000000000e+02,5.799999999999997868e+01
3.335999999999999854e+00,1.752500000000000000e+02,5.477777777777776436e+01
3.335999999999999854e+00,1.757500000000000000e+02,4.911111111111109295e+01
3.335999999999999854e+00,1.762500000000000000e+02,4.377777777777776436e+01
3.335999999999999854e+00,1.767500000000000000e+02,3.577777777777776436e+01
3.335999999999999854e+00,1.772500000000000000e+02,2.977777777777776080e+01
3.335999999999999854e+00,1.777500000000000000e+02,2.444444444444442865e+01
3.335999999999999854e+00,1.782500000000000000e+02,2.044444444444442865e+01
3.335999999999999854e+00,1.787500000000000000e+02,1.488888888888887152e+01
3.335999999999999854e+00,1.792500000000000000e+02,8.888888888888871520e+00
3.335999999999999854e+00,1.797500000000000000e+02,4.444444444444427766e+00
3.351999999999999869e+00,1.302500000000000000e+02,6.711111111111111427e+01
3.351999999999999869e+00,1.307500000000000000e+02,6.544444444444444287e+01
3.351999999999999869e+00,1.312500000000000000e+02,6.333333333333333570e+01
3.351999999999999869e+00,1.317500000000000000e+02,6.522222222222222854e+01
3.351999999999999869e+00,1.322500000000000000e+02,6.766666666666667140e+01
3.351999999999999869e+00,1.327500000000000000e+02,6.566666666666667140e+01
3.351999999999999869e+00,1.332500000000000000e+02,6.666666666666667140e+01
3.351999999999999869e+00,1.337500000000000000e+02,6.600000000000001421e+01
3.351999999999999869e+00,1.342500000000000000e+02,7.577777777777778567e+01
3.351999999999999869e+00,1.347500000000000000e+02,7.900000000000001421e+01
3.351999999999999869e+00,1.352500000000000000e+02,8.177777777777778567e+01
3.351999999999999869e+00,1.357500000000000000e+02,8.177777777777778567e+01
3.351999999999999869e+00,1.362500000000000000e+02,8.122222222222224275e+01
3.351999999999999869e+00,1.367500000000000000e+02,8.855555555555558556e+01
3.351999999999999869e+00,1.372500000000000000e+02,8.933333333333335702e+01
3.351999999999999869e+00,1.377500000000000000e+02,8.955555555555558556e+01
3.351999999999999869e+00,1.382500000000000000e+02,8.322222222222224275e+01
3.351999999999999869e+00,1.387500000000000000e+02,8.311111111111114269e+01
3.351999999999999869e+00,1.392500000000000000e+02,8.577777777777781409e+01
3.351999999999999869e+00,1.397500000000000000e+02,9.055555555555558556e+01
3.351999999999999869e+00,1.402500000000000000e+02,9.077777777777778567e+01
3.351999999999999869e+00,1.407500000000000000e+02,8.977777777777778567e+01
3.351999999999999869e+00,1.412500000000000000e+02,9.000000000000000000e+01
3.351999999999999869e+00,1.417500000000000000e+02,9.266666666666667140e+01
3.351999999999999869e+00,1.422500000000000000e+02,9.722222222222222854e+01
3.351999999999999869e+00,1.427500000000000000e+02,9.944444444444445708e+01
3.351999999999999869e+00,1.432500000000000000e+02,9.988888888888891415e+01
3.351999999999999869e+00,1.437500000000000000e+02,9.944444444444447129e+01
3.351999999999999869e+00,1.442500000000000000e+02,9.911111111111114269e+01
3.351999999999999869e+00,1.447500000000000000e+02,1.028888888888889142e+02
3.351999999999999869e+00,1.452500000000000000e+02,1.047777777777777857e+02
3.351999999999999869e+00,1.457500000000000000e+02,1.066666666666666856e+02
3.351999999999999869e+00,1.462500000000000000e+02,1.045555555555555856e+02
3.351999999999999869e+00,1.467500000000000000e+02,1.063333333333333712e+02
3.351999999999999869e+00,1.472500000000000000e+02,1.083333333333333712e+02
3.351999999999999869e+00,1.477500000000000000e+02,1.101111111111111427e+02
3.351999999999999869e+00,1.482500000000000000e+02,1.130000000000000426e+02
3.351999999999999869e+00,1.487500000000000000e+02,1.132222222222222427e+02
3.351999999999999869e+00,1.492500000000000000e+02,1.184444444444444713e+02
3.351999999999999869e+00,1.497500000000000000e+02,1.203333333333333712e+02
3.351999999999999869e+00,1.502500000000000000e+02,1.185555555555555998e+02
3.351999999999999869e+00,1.507500000000000000e+02,1.151111111111111569e+02
3.351999999999999869e+00,1.512500000000000000e+02,1.146666666666667282e+02
3.351999999999999869e+00,1.517500000000000000e+02,1.201111111111111569e+02
3.351999999999999869e+00,1.522500000000000000e+02,1.216666666666667282e+02
3.351999999999999869e+00,1.527500000000000000e+02,1.206666666666667282e+02
3.351999999999999869e+00,1.532500000000000000e+02,1.223333333333333854e+02
3.351999999999999869e+00,1.537500000000000000e+02,1.243333333333333854e+02
3.351999999999999869e+00,1.542500000000000000e+02,1.263333333333333854e+02
3.351999999999999869e+00,1.547500000000000000e+02,1.235555555555556140e+02
3.351999999999999869e+00,1.552500000000000000e+02,1.213333333333333854e+02
3.351999999999999869e+00,1.557500000000000000e+02,1.248888888888889568e+02
3.351999999999999869e+00,1.562500000000000000e+02,1.288888888888889426e+02
3.351999999999999869e+00,1.567500000000000000e+02,1.338888888888889426e+02
3.351999999999999869e+00,1.572500000000000000e+02,1.304444444444444855e+02
3.351999999999999869e+00,1.577500000000000000e+02,1.264444444444444997e+02
3.351999999999999869e+00,1.582500000000000000e+02,1.242222222222222712e+02
3.351999999999999869e+00,1.587500000000000000e+02,1.242222222222222712e+02
3.351999999999999869e+00,1.592500000000000000e+02,1.244444444444444997e+02
3.351999999999999869e+00,1.597500000000000000e+02,1.230000000000000426e+02
3.351999999999999869e+00,1.602500000000000000e+02,1.213333333333333712e+02
3.351999999999999869e+00,1.607500000000000000e+02,1.247777777777778141e+02
3.351999999999999869e+00,1.612500000000000000e+02,1.243333333333333712e+02
3.351999999999999869e+00,1.617500000000000000e+02,1.241111111111111427e+02
3.351999999999999869e+00,1.622500000000000000e+02,1.225555555555555856e+02
3.351999999999999869e+00,1.627500000000000000e+02,1.228888888888889142e+02
3.351999999999999869e+00,1.632500000000000000e+02,1.215555555555555856e+02
3.351999999999999869e+00,1.637500000000000000e+02,1.213333333333333712e+02
3.351999999999999869e+00,1.642500000000000000e+02,1.164444444444444713e+02
3.351999999999999869e+00,1.647500000000000000e+02,1.158888888888889142e+02
3.351999999999999869e+00,1.652500000000000000e+02,1.133333333333333570e+02
3.351999999999999869e+00,1.657500000000000000e+02,1.160000000000000142e+02
3.351999999999999869e+00,1.662500000000000000e+02,1.142222222222222427e+02
3.351999999999999869e+00,1.667500000000000000e+02,1.117777777777778141e+02
3.351999999999999869e+00,1.672500000000000000e+02,1.067777777777778141e+02
3.351999999999999869e+00,1.677500000000000000e+02,1.051111111111111427e+02
3.351999999999999869e+00,1.682500000000000000e+02,9.866666666666669983e+01
3.351999999999999869e+00,1.687500000000000000e+02,9.411111111111115690e+01
3.351999999999999869e+00,1.692500000000000000e+02,9.422222222222228538e+01
3.351999999999999869e+00,1.697500000000000000e+02,9.222222222222228538e+01
3.351999999999999869e+00,1.702500000000000000e+02,9.322222222222228538e+01
3.351999999999999869e+00,1.707500000000000000e+02,8.522222222222228538e+01
3.351999999999999869e+00,1.712500000000000000e+02,8.022222222222228538e+01
3.351999999999999869e+00,1.717500000000000000e+02,7.644444444444449971e+01
3.351999999999999869e+00,1.722500000000000000e+02,7.022222222222228538e+01
3.351999999999999869e+00,1.727500000000000000e+02,7.011111111111118532e+01
3.351999999999999869e+00,1.732500000000000000e+02,6.666666666666674246e+01
3.351999999999999869e+00,1.737500000000000000e+02,6.477777777777785673e+01
3.351999999999999869e+00,1.742500000000000000e+02,5.933333333333340676e+01
3.351999999999999869e+00,1.747500000000000000e+02,5.422222222222229249e+01
3.351999999999999869e+00,1.752500000000000000e+02,5.277777777777784962e+01
3.351999999999999869e+00,1.757500000000000000e+02,4.733333333333340676e+01
3.351999999999999869e+00,1.762500000000000000e+02,4.200000000000007816e+01
3.351999999999999869e+00,1.767500000000000000e+02,3.400000000000007816e+01
3.351999999999999869e+00,1.772500000000000000e+02,2.866666666666674246e+01
3.351999999999999869e+00,1.777500000000000000e+02,2.355555555555563174e+01
3.351999999999999869e+00,1.782500000000000000e+02,1.900000000000007816e+01
3.351999999999999869e+00,1.787500000000000000e+02,1.411111111111119065e+01
3.351999999999999869e+00,1.792500000000000000e+02,8.555555555555635294e+00
3.351999999999999869e+00,1.797500000000000000e+02,5.000000000000079048e+00
3.367999999999999883e+00,1.302500000000000000e+02,7.155555555555555713e+01
3.367999999999999883e+00,1.307500000000000000e+02,6.788888888888889994e+01
3.367999999999999883e+00,1.312500000000000000e+02,6.711111111111111427e+01
3.367999999999999883e+00,1.317500000000000000e+02,7.000000000000000000e+01
3.367999999999999883e+00,1.322500000000000000e+02,7.300000000000000000e+01
3.367999999999999883e+00,1.327500000000000000e+02,7.322222222222222854e+01
3.367999999999999883e+00,1.332500000000000000e+02,7.366666666666667140e+01
3.367999999999999883e+00,1.337500000000000000e+02,7.422222222222221433e+01
3.367999999999999883e+00,1.342500000000000000e+02,8.144444444444444287e+01
3.367999999999999883e+00,1.347500000000000000e+02,8.144444444444444287e+01
3.367999999999999883e+00,1.352500000000000000e+02,8.388888888888888573e+01
3.367999999999999883e+00,1.357500000000000000e+02,8.277777777777777146e+01
3.367999999999999883e+00,1.362500000000000000e+02,8.400000000000000000e+01
3.367999999999999883e+00,1.367500000000000000e+02,8.977777777777777146e+01
3.367999999999999883e+00,1.372500000000000000e+02,8.833333333333332860e+01
3.367999999999999883e+00,1.377500000000000000e+02,8.755555555555555713e+01
3.367999999999999883e+00,1.382500000000000000e+02,8.244444444444445708e+01
3.367999999999999883e+00,1.387500000000000000e+02,8.277777777777778567e+01
3.367999999999999883e+00,1.392500000000000000e+02,8.644444444444445708e+01
3.367999999999999883e+00,1.397500000000000000e+02,8.911111111111112848e+01
3.367999999999999883e+00,1.402500000000000000e+02,8.922222222222222854e+01
3.367999999999999883e+00,1.407500000000000000e+02,8.633333333333332860e+01
3.367999999999999883e+00,1.412500000000000000e+02,8.800000000000000000e+01
3.367999999999999883e+00,1.417500000000000000e+02,8.833333333333332860e+01
3.367999999999999883e+00,1.422500000000000000e+02,9.277777777777777146e+01
3.367999999999999883e+00,1.427500000000000000e+02,9.311111111111110006e+01
3.367999999999999883e+00,1.432500000000000000e+02,9.500000000000000000e+01
3.367999999999999883e+00,1.437500000000000000e+02,9.633333333333332860e+01
3.367999999999999883e+00,1.442500000000000000e+02,9.600000000000000000e+01
3.367999999999999883e+00,1.447500000000000000e+02,1.012222222222222285e+02
3.367999999999999883e+00,1.452500000000000000e+02,1.048888888888888999e+02
3.367999999999999883e+00,1.457500000000000000e+02,1.074444444444444571e+02
3.367999999999999883e+00,1.462500000000000000e+02,1.027777777777777857e+02
3.367999999999999883e+00,1.467500000000000000e+02,1.037777777777777857e+02
3.367999999999999883e+00,1.472500000000000000e+02,1.034444444444444571e+02
3.367999999999999883e+00,1.477500000000000000e+02,1.064444444444444571e+02
3.367999999999999883e+00,1.482500000000000000e+02,1.046666666666666856e+02
3.367999999999999883e+00,1.487500000000000000e+02,1.107777777777777857e+02
3.367999999999999883e+00,1.492500000000000000e+02,1.185555555555555571e+02
3.367999999999999883e+00,1.497500000000000000e+02,1.238888888888888999e+02
3.367999999999999883e+00,1.502500000000000000e+02,1.208888888888888999e+02
3.367999999999999883e+00,1.507500000000000000e+02,1.170000000000000000e+02
3.367999999999999883e+00,1.512500000000000000e+02,1.190000000000000000e+02
3.367999999999999883e+00,1.517500000000000000e+02,1.202222222222222143e+02
3.367999999999999883e+00,1.522500000000000000e+02,1.207777777777777715e+02
3.367999999999999883e+00,1.527500000000000000e+02,1.184444444444444429e+02
3.367999999999999883e+00,1.532500000000000000e+02,1.207777777777777715e+02
3.367999999999999883e+00,1.537500000000000000e+02,1.204444444444444429e+02
3.367999999999999883e+00,1.542500000000000000e+02,1.204444444444444429e+02
3.367999999999999883e+00,1.547500000000000000e+02,1.171111111111111001e+02
3.367999999999999883e+00,1.552500000000000000e+02,1.172222222222222143e+02
3.367999999999999883e+00,1.557500000000000000e+02,1.214444444444444144e+02
3.367999999999999883e+00,1.562500000000000000e+02,1.252222222222222143e+02
3.367999999999999883e+00,1.567500000000000000e+02,1.288888888888888857e+02
3.367999999999999883e+00,1.572500000000000000e+02,1.271111111111111001e+02
3.367999999999999883e+00,1.577500000000000000e+02,1.236666666666666714e+02
3.367999999999999883e+00,1.582500000000000000e+02,1.198888888888888715e+02
3.367999999999999883e+00,1.587500000000000000e+02,1.162222222222222143e+02
3.367999999999999883e+00,1.592500000000000000e+02,1.205555555555555429e+02
3.367999999999999883e+00,1.597500000000000000e+02,1.233333333333333144e+02
3.367999999999999883e+00,1.602500000000000000e+02,1.234444444444444144e+02
3.367999999999999883e+00,1.607500000000000000e+02,1.225555555555555429e+02
3.367999999999999883e+00,1.612500000000000000e+02,1.191111111111111001e+02
3.367999999999999883e+00,1.617500000000000000e+02,1.184444444444444429e+02
3.367999999999999883e+00,1.622500000000000000e+02,1.176666666666666714e+02
3.367999999999999883e+00,1.627500000000000000e+02,1.201111111111111001e+02
3.367999999999999883e+00,1.632500000000000000e+02,1.170000000000000000e+02
3.367999999999999883e+00,1.637500000000000000e+02,1.178888888888888999e+02
3.367999999999999883e+00,1.642500000000000000e+02,1.122222222222222285e+02
3.367999999999999883e+00,1.647500000000000000e+02,1.122222222222222285e+02
3.367999999999999883e+00,1.652500000000000000e+02,1.096666666666666714e+02
3.367999999999999883e+00,1.657500000000000000e+02,1.147777777777777857e+02
3.367999999999999883e+00,1.662500000000000000e+02,1.170000000000000142e+02
3.367999999999999883e+00,1.667500000000000000e+02,1.152222222222222427e+02
3.367999999999999883e+00,1.672500000000000000e+02,1.077777777777777857e+02
3.367999999999999883e+00,1.677500000000000000e+02,1.012222222222222285e+02
3.367999999999999883e+00,1.682500000000000000e+02,9.433333333333332860e+01
3.367999999999999883e+00,1.687500000000000000e+02,9.155555555555555713e+01
3.367999999999999883e+00,1.692500000000000000e+02,9.411111111111112848e+01
3.367999999999999883e+00,1.697500000000000000e+02,9.233333333333335702e+01
3.367999999999999883e+00,1.702500000000000000e+02,9.211111111111112848e+01
3.367999999999999883e+00,1.707500000000000000e+02,8.277777777777778567e+01
3.367999999999999883e+00,1.712500000000000000e+02,7.611111111111112848e+01
3.367999999999999883e+00,1.717500000000000000e+02,7.100000000000001421e+01
3.367999999999999883e+00,1.722500000000000000e+02,6.522222222222224275e+01
3.367999999999999883e+00,1.727500000000000000e+02,6.600000000000001421e+01
3.367999999999999883e+00,1.732500000000000000e+02,6.200000000000002132e+01
3.367999999999999883e+00,1.737500000000000000e+02,6.266666666666668561e+01
3.367999999999999883e+00,1.742500000000000000e+02,5.811111111111113559e+01
3.367999999999999883e+00,1.747500000000000000e+02,5.233333333333334991e+01
3.367999999999999883e+00,1.752500000000000000e+02,4.844444444444446418e+01
3.367999999999999883e+00,1.757500000000000000e+02,4.233333333333335702e+01
3.367999999999999883e+00,1.762500000000000000e+02,3.833333333333335702e+01
3.367999999999999883e+00,1.767500000000000000e+02,3.188888888888891415e+01
3.367999999999999883e+00,1.772500000000000000e+02,2.788888888888891415e+01
3.367999999999999883e+00,1.777500000000000000e+02,2.333333333333336057e+01
3.367999999999999883e+00,1.782500000000000000e+02,1.866666666666669627e+01
3.367999999999999883e+00,1.787500000000000000e+02,1.422222222222225163e+01
3.367999999999999883e+00,1.792500000000000000e+02,9.222222222222251631e+00
3.367999999999999883e+00,1.797500000000000000e+02,6.000000000000031086e+00
3.383999999999999897e+00,1.302500000000000000e+02,7.300000000000000000e+01
3.383999999999999897e+00,1.307500000000000000e+02,6.811111111111110006e+01
3.383999999999999897e+00,1.312500000000000000e+02,6.822222222222221433e+01
3.383999999999999897e+00,1.317500000000000000e+02,6.988888888888887152e+01
3.383999999999999897e+00,1.322500000000000000e+02,7.577777777777777146e+01
3.383999999999999897e+00,1.327500000000000000e+02,7.655555555555554292e+01
3.383999999999999897e+00,1.332500000000000000e+02,8.044444444444442865e+01
3.383999999999999897e+00,1.337500000000000000e+02,7.899999999999998579e+01
3.383999999999999897e+00,1.342500000000000000e+02,8.288888888888887152e+01
3.383999999999999897e+00,1.347500000000000000e+02,7.911111111111110006e+01
3.383999999999999897e+00,1.352500000000000000e+02,8.044444444444444287e+01
3.383999999999999897e+00,1.357500000000000000e+02,7.933333333333332860e+01
3.383999999999999897e+00,1.362500000000000000e+02,8.088888888888889994e+01
3.383999999999999897e+00,1.367500000000000000e+02,8.822222222222222854e+01
3.383999999999999897e+00,1.372500000000000000e+02,9.044444444444445708e+01
3.383999999999999897e+00,1.377500000000000000e+02,8.900000000000000000e+01
3.383999999999999897e+00,1.382500000000000000e+02,8.455555555555555713e+01
3.383999999999999897e+00,1.387500000000000000e+02,8.444444444444445708e+01
3.383999999999999897e+00,1.392500000000000000e+02,8.711111111111112848e+01
3.383999999999999897e+00,1.397500000000000000e+02,8.688888888888889994e+01
3.383999999999999897e+00,1.402500000000000000e+02,8.633333333333332860e+01
3.383999999999999897e+00,1.407500000000000000e+02,8.444444444444444287e+01
3.383999999999999897e+00,1.412500000000000000e+02,9.000000000000000000e+01
3.383999999999999897e+00,1.417500000000000000e+02,8.866666666666667140e+01
3.383999999999999897e+00,1.422500000000000000e+02,9.600000000000000000e+01
3.383999999999999897e+00,1.427500000000000000e+02,9.566666666666667140e+01
3.383999999999999897e+00,1.432500000000000000e+02,9.955555555555555713e+01
3.383999999999999897e+00,1.437500000000000000e+02,9.588888888888889994e+01
3.383999999999999897e+00,1.442500000000000000e+02,9.511111111111112848e+01
3.383999999999999897e+00,1.447500000000000000e+02,9.388888888888889994e+01
3.383999999999999897e+00,1.452500000000000000e+02,1.000000000000000000e+02
3.383999999999999897e+00,1.457500000000000000e+02,1.015555555555555429e+02
3.383999999999999897e+00,1.462500000000000000e+02,1.012222222222222143e+02
3.383999999999999897e+00,1.467500000000000000e+02,1.024444444444444429e+02
3.383999999999999897e+00,1.472500000000000000e+02,1.034444444444444429e+02
3.383999999999999897e+00,1.477500000000000000e+02,1.045555555555555429e+02
3.383999999999999897e+00,1.482500000000000000e+02,1.014444444444444144e+02
3.383999999999999897e+00,1.487500000000000000e+02,1.046666666666666430e+02
3.383999999999999897e+00,1.492500000000000000e+02,1.145555555555555429e+02
3.383999999999999897e+00,1.497500000000000000e+02,1.207777777777777715e+02
3.383999999999999897e+00,1.502500000000000000e+02,1.213333333333333286e+02
3.383999999999999897e+00,1.507500000000000000e+02,1.147777777777777857e+02
3.383999999999999897e+00,1.512500000000000000e+02,1.146666666666666856e+02
3.383999999999999897e+00,1.517500000000000000e+02,1.130000000000000142e+02
3.383999999999999897e+00,1.522500000000000000e+02,1.196666666666666856e+02
3.383999999999999897e+00,1.527500000000000000e+02,1.191111111111111285e+02
3.383999999999999897e+00,1.532500000000000000e+02,1.217777777777777857e+02
3.383999999999999897e+00,1.537500000000000000e+02,1.192222222222222285e+02
3.383999999999999897e+00,1.542500000000000000e+02,1.153333333333333286e+02
3.383999999999999897e+00,1.547500000000000000e+02,1.172222222222222143e+02
3.383999999999999897e+00,1.552500000000000000e+02,1.186666666666666430e+02
3.383999999999999897e+00,1.557500000000000000e+02,1.275555555555555429e+02
3.383999999999999897e+00,1.562500000000000000e+02,1.236666666666666714e+02
3.383999999999999897e+00,1.567500000000000000e+02,1.231111111111111285e+02
3.383999999999999897e+00,1.572500000000000000e+02,1.226666666666666714e+02
3.383999999999999897e+00,1.577500000000000000e+02,1.257777777777777715e+02
3.383999999999999897e+00,1.582500000000000000e+02,1.242222222222222143e+02
3.383999999999999897e+00,1.587500000000000000e+02,1.183333333333333286e+02
3.383999999999999897e+00,1.592500000000000000e+02,1.170000000000000000e+02
3.383999999999999897e+00,1.597500000000000000e+02,1.207777777777777715e+02
3.383999999999999897e+00,1.602500000000000000e+02,1.203333333333333286e+02
3.383999999999999897e+00,1.607500000000000000e+02,1.214444444444444429e+02
3.383999999999999897e+00,1.612500000000000000e+02,1.190000000000000000e+02
3.383999999999999897e+00,1.617500000000000000e+02,1.191111111111111001e+02
3.383999999999999897e+00,1.622500000000000000e+02,1.213333333333333286e+02
3.383999999999999897e+00,1.627500000000000000e+02,1.195555555555555571e+02
3.383999999999999897e+00,1.632500000000000000e+02,1.167777777777777857e+02
3.383999999999999897e+00,1.637500000000000000e+02,1.112222222222222285e+02
3.383999999999999897e+00,1.642500000000000000e+02,1.115555555555555571e+02
3.383999999999999897e+00,1.647500000000000000e+02,1.122222222222222285e+02
3.383999999999999897e+00,1.652500000000000000e+02,1.118888888888888999e+02
3.383999999999999897e+00,1.657500000000000000e+02,1.121111111111111285e+02
3.383999999999999897e+00,1.662500000000000000e+02,1.133333333333333286e+02
3.383999999999999897e+00,1.667500000000000000e+02,1.130000000000000000e+02
3.383999999999999897e+00,1.672500000000000000e+02,1.082222222222222285e+02
3.383999999999999897e+00,1.677500000000000000e+02,1.007777777777777857e+02
3.383999999999999897e+00,1.682500000000000000e+02,9.144444444444445708e+01
3.383999999999999897e+00,1.687500000000000000e+02,8.944444444444445708e+01
3.383999999999999897e+00,1.692500000000000000e+02,9.000000000000001421e+01
3.383999999999999897e+00,1.697500000000000000e+02,9.022222222222224275e+01
3.383999999999999897e+00,1.702500000000000000e+02,8.833333333333335702e+01
3.383999999999999897e+00,1.707500000000000000e+02,8.222222222222224275e+01
3.383999999999999897e+00,1.712500000000000000e+02,7.577777777777778567e+01
3.383999999999999897e+00,1.717500000000000000e+02,6.966666666666668561e+01
3.383999999999999897e+00,1.722500000000000000e+02,6.600000000000001421e+01
3.383999999999999897e+00,1.727500000000000000e+02,6.533333333333335702e+01
3.383999999999999897e+00,1.732500000000000000e+02,6.255555555555557135e+01
3.383999999999999897e+00,1.737500000000000000e+02,6.100000000000002132e+01
3.383999999999999897e+00,1.742500000000000000e+02,5.666666666666668561e+01
3.383999999999999897e+00,1.747500000000000000e+02,4.955555555555557845e+01
3.383999999999999897e+00,1.752500000000000000e+02,4.566666666666669272e+01
3.383999999999999897e+00,1.757500000000000000e+02,4.177777777777780699e+01
3.383999999999999897e+00,1.762500000000000000e+02,3.722222222222224985e+01
3.383999999999999897e+00,1.767500000000000000e+02,3.122222222222225341e+01
3.383999999999999897e+00,1.772500000000000000e+02,2.644444444444447484e+01
3.383999999999999897e+00,1.777500000000000000e+02,2.311111111111114269e+01
3.383999999999999897e+00,1.782500000000000000e+02,1.811111111111114269e+01
3.383999999999999897e+00,1.787500000000000000e+02,1.400000000000003020e+01
3.383999999999999897e+00,1.792500000000000000e+02,9.000000000000030198e+00
3.383999999999999897e+00,1.797500000000000000e+02,5.888888888888918594e+00
3.399999999999999911e+00,1.302500000000000000e+02,7.377777777777777146e+01
3.399999999999999911e+00,1.307500000000000000e+02,7.066666666666667140e+01
3.399999999999999911e+00,1.312500000000000000e+02,7.311111111111110006e+01
3.399999999999999911e+00,1.317500000000000000e+02,7.666666666666667140e+01
3.399999999999999911e+00,1.322500000000000000e+02,8.122222222222221433e+01
3.399999999999999911e+00,1.327500000000000000e+02,7.933333333333332860e+01
3.399999999999999911e+00,1.332500000000000000e+02,7.944444444444444287e+01
3.399999999999999911e+00,1.337500000000000000e+02,7.788888888888888573e+01
3.399999999999999911e+00,1.342500000000000000e+02,8.144444444444444287e+01
3.399999999999999911e+00,1.347500000000000000e+02,7.988888888888888573e+01
3.399999999999999911e+00,1.352500000000000000e+02,8.266666666666667140e+01
3.399999999999999911e+00,1.357500000000000000e+02,8.111111111111111427e+01
3.399999999999999911e+00,1.362500000000000000e+02,7.988888888888889994e+01
3.399999999999999911e+00,1.367500000000000000e+02,8.277777777777778567e+01
3.399999999999999911e+00,1.372500000000000000e+02,8.455555555555555713e+01
3.399999999999999911e+00,1.377500000000000000e+02,8.611111111111112848e+01
3.399999999999999911e+00,1.382500000000000000e+02,8.555555555555555713e+01
3.399999999999999911e+00,1.387500000000000000e+02,8.600000000000000000e+01
3.399999999999999911e+00,1.392500000000000000e+02,8.666666666666667140e+01
3.399999999999999911e+00,1.397500000000000000e+02,8.577777777777777146e+01
3.399999999999999911e+00,1.402500000000000000e+02,8.566666666666667140e+01
3.399999999999999911e+00,1.407500000000000000e+02,8.800000000000000000e+01
3.399999999999999911e+00,1.412500000000000000e+02,9.122222222222222854e+01
3.399999999999999911e+00,1.417500000000000000e+02,8.988888888888889994e+01
3.399999999999999911e+00,1.422500000000000000e+02,9.388888888888889994e+01
3.399999999999999911e+00,1.427500000000000000e+02,9.477777777777778567e+01
3.399999999999999911e+00,1.432500000000000000e+02,9.666666666666668561e+01
3.399999999999999911e+00,1.437500000000000000e+02,9.733333333333335702e+01
3.399999999999999911e+00,1.442500000000000000e+02,9.566666666666668561e+01
3.399999999999999911e+00,1.447500000000000000e+02,9.388888888888891415e+01
3.399999999999999911e+00,1.452500000000000000e+02,9.755555555555558556e+01
3.399999999999999911e+00,1.457500000000000000e+02,1.000000000000000142e+02
3.399999999999999911e+00,1.462500000000000000e+02,1.041111111111111285e+02
3.399999999999999911e+00,1.467500000000000000e+02,1.027777777777777857e+02
3.399999999999999911e+00,1.472500000000000000e+02,1.016666666666666856e+02
3.399999999999999911e+00,1.477500000000000000e+02,1.005555555555555856e+02
3.399999999999999911e+00,1.482500000000000000e+02,1.001111111111111285e+02
3.399999999999999911e+00,1.487500000000000000e+02,1.042222222222222285e+02
3.399999999999999911e+00,1.492500000000000000e+02,1.126666666666666714e+02
3.399999999999999911e+00,1.497500000000000000e+02,1.157777777777777857e+02
3.399999999999999911e+00,1.502500000000000000e+02,1.196666666666666856e+02
3.399999999999999911e+00,1.507500000000000000e+02,1.145555555555555856e+02
3.399999999999999911e+00,1.512500000000000000e+02,1.158888888888889142e+02
3.399999999999999911e+00,1.517500000000000000e+02,1.118888888888889142e+02
3.399999999999999911e+00,1.522500000000000000e+02,1.166666666666666998e+02
3.399999999999999911e+00,1.527500000000000000e+02,1.171111111111111427e+02
3.399999999999999911e+00,1.532500000000000000e+02,1.175555555555555856e+02
3.399999999999999911e+00,1.537500000000000000e+02,1.194444444444444571e+02
3.399999999999999911e+00,1.542500000000000000e+02,1.166666666666666856e+02
3.399999999999999911e+00,1.547500000000000000e+02,1.198888888888889142e+02
3.399999999999999911e+00,1.552500000000000000e+02,1.214444444444444713e+02
3.399999999999999911e+00,1.557500000000000000e+02,1.284444444444444855e+02
3.399999999999999911e+00,1.562500000000000000e+02,1.238888888888889142e+02
3.399999999999999911e+00,1.567500000000000000e+02,1.212222222222222427e+02
3.399999999999999911e+00,1.572500000000000000e+02,1.171111111111111427e+02
3.399999999999999911e+00,1.577500000000000000e+02,1.230000000000000426e+02
3.399999999999999911e+00,1.582500000000000000e+02,1.211111111111111427e+02
3.399999999999999911e+00,1.587500000000000000e+02,1.197777777777778141e+02
3.399999999999999911e+00,1.592500000000000000e+02,1.204444444444444713e+02
3.399999999999999911e+00,1.597500000000000000e+02,1.244444444444444713e+02
3.399999999999999911e+00,1.602500000000000000e+02,1.238888888888889142e+02
3.399999999999999911e+00,1.607500000000000000e+02,1.212222222222222427e+02
3.399999999999999911e+00,1.612500000000000000e+02,1.176666666666666998e+02
3.399999999999999911e+00,1.617500000000000000e+02,1.145555555555555856e+02
3.399999999999999911e+00,1.622500000000000000e+02,1.178888888888889142e+02
3.399999999999999911e+00,1.627500000000000000e+02,1.162222222222222427e+02
3.399999999999999911e+00,1.632500000000000000e+02,1.163333333333333712e+02
3.399999999999999911e+00,1.637500000000000000e+02,1.077777777777778283e+02
3.399999999999999911e+00,1.642500000000000000e+02,1.096666666666666998e+02
3.399999999999999911e+00,1.647500000000000000e+02,1.103333333333333712e+02
3.399999999999999911e+00,1.652500000000000000e+02,1.122222222222222712e+02
3.399999999999999911e+00,1.657500000000000000e+02,1.110000000000000426e+02
3.399999999999999911e+00,1.662500000000000000e+02,1.106666666666666998e+02
3.399999999999999911e+00,1.667500000000000000e+02,1.084444444444444713e+02
3.399999999999999911e+00,1.672500000000000000e+02,1.055555555555555856e+02
3.399999999999999911e+00,1.677500000000000000e+02,9.933333333333335702e+01
3.399999999999999911e+00,1.682500000000000000e+02,9.411111111111112848e+01
3.399999999999999911e+00,1.687500000000000000e+02,9.333333333333335702e+01
3.399999999999999911e+00,1.692500000000000000e+02,9.011111111111112848e+01
3.399999999999999911e+00,1.697500000000000000e+02,8.811111111111112848e+01
3.399999999999999911e+00,1.702500000000000000e+02,8.266666666666667140e+01
3.399999999999999911e+00,1.707500000000000000e+02,7.966666666666667140e+01
3.399999999999999911e+00,1.712500000000000000e+02,7.411111111111112848e+01
3.399999999999999911e+00,1.717500000000000000e+02,6.777777777777778567e+01
3.399999999999999911e+00,1.722500000000000000e+02,6.433333333333335702e+01
3.399999999999999911e+00,1.727500000000000000e+02,6.155555555555557135e+01
3.399999999999999911e+00,1.732500000000000000e+02,5.833333333333334991e+01
3.399999999999999911e+00,1.737500000000000000e+02,5.588888888888890705e+01
3.399999999999999911e+00,1.742500000000000000e+02,5.300000000000002132e+01
3.399999999999999911e+00,1.747500000000000000e+02,4.755555555555557845e+01
3.399999999999999911e+00,1.752500000000000000e+02,4.266666666666669272e+01
3.399999999999999911e+00,1.757500000000000000e+02,3.877777777777780699e+01
3.399999999999999911e+00,1.762500000000000000e+02,3.422222222222224985e+01
3.399999999999999911e+00,1.767500000000000000e+02,2.955555555555558556e+01
3.399999999999999911e+00,1.772500000000000000e+02,2.422222222222225341e+01
3.399999999999999911e+00,1.777500000000000000e+02,2.122222222222225341e+01
3.399999999999999911e+00,1.782500000000000000e+02,1.700000000000003197e+01
3.399999999999999911e+00,1.787500000000000000e+02,1.266666666666669805e+01
3.399999999999999911e+00,1.792500000000000000e+02,7.555555555555585556e+00
3.399999999999999911e+00,1.797500000000000000e+02,4.555555555555585556e+00
3.415999999999999925e+00,1.302500000000000000e+02,7.122222222222221433e+01
3.415999999999999925e+00,1.307500000000000000e+02,7.222222222222221433e+01
3.415999999999999925e+00,1.312500000000000000e+02,7.333333333333332860e+01
3.415999999999999925e+00,1.317500000000000000e+02,7.633333333333332860e+01
3.415999999999999925e+00,1.322500000000000000e+02,7.922222222222222854e+01
3.415999999999999925e+00,1.327500000000000000e+02,7.933333333333332860e+01
3.415999999999999925e+00,1.332500000000000000e+02,8.077777777777777146e+01
3.415999999999999925e+00,1.337500000000000000e+02,7.666666666666667140e+01
3.415999999999999925e+00,1.342500000000000000e+02,8.066666666666667140e+01
3.415999999999999925e+00,1.347500000000000000e+02,7.755555555555555713e+01
3.415999999999999925e+00,1.352500000000000000e+02,8.066666666666667140e+01
3.415999999999999925e+00,1.357500000000000000e+02,7.966666666666667140e+01
3.415999999999999925e+00,1.362500000000000000e+02,7.777777777777777146e+01
3.415999999999999925e+00,1.367500000000000000e+02,8.044444444444444287e+01
3.415999999999999925e+00,1.372500000000000000e+02,8.255555555555554292e+01
3.415999999999999925e+00,1.377500000000000000e+02,8.777777777777777146e+01
3.415999999999999925e+00,1.382500000000000000e+02,8.866666666666667140e+01
3.415999999999999925e+00,1.387500000000000000e+02,8.844444444444445708e+01
3.415999999999999925e+00,1.392500000000000000e+02,8.733333333333335702e+01
3.415999999999999925e+00,1.397500000000000000e+02,8.677777777777778567e+01
3.415999999999999925e+00,1.402500000000000000e+02,8.766666666666667140e+01
3.415999999999999925e+00,1.407500000000000000e+02,9.100000000000000000e+01
3.415999999999999925e+00,1.412500000000000000e+02,9.277777777777777146e+01
3.415999999999999925e+00,1.417500000000000000e+02,9.200000000000000000e+01
3.415999999999999925e+00,1.422500000000000000e+02,9.544444444444444287e+01
3.415999999999999925e+00,1.427500000000000000e+02,9.622222222222221433e+01
3.415999999999999925e+00,1.432500000000000000e+02,9.755555555555554292e+01
3.415999999999999925e+00,1.437500000000000000e+02,9.822222222222221433e+01
3.415999999999999925e+00,1.442500000000000000e+02,1.001111111111110858e+02
3.415999999999999925e+00,1.447500000000000000e+02,9.766666666666664298e+01
3.415999999999999925e+00,1.452500000000000000e+02,9.888888888888887152e+01
3.415999999999999925e+00,1.457500000000000000e+02,1.003333333333333286e+02
3.415999999999999925e+00,1.462500000000000000e+02,1.040000000000000000e+02
3.415999999999999925e+00,1.467500000000000000e+02,1.041111111111111001e+02
3.415999999999999925e+00,1.472500000000000000e+02,1.025555555555555429e+02
3.415999999999999925e+00,1.477500000000000000e+02,1.018888888888888715e+02
3.415999999999999925e+00,1.482500000000000000e+02,1.028888888888888715e+02
3.415999999999999925e+00,1.487500000000000000e+02,1.056666666666666430e+02
3.415999999999999925e+00,1.492500000000000000e+02,1.137777777777777573e+02
3.415999999999999925e+00,1.497500000000000000e+02,1.127777777777777573e+02
3.415999999999999925e+00,1.502500000000000000e+02,1.134444444444444144e+02
3.415999999999999925e+00,1.507500000000000000e+02,1.075555555555555287e+02
3.415999999999999925e+00,1.512500000000000000e+02,1.092222222222221859e+02
3.415999999999999925e+00,1.517500000000000000e+02,1.109999999999999574e+02
3.415999999999999925e+00,1.522500000000000000e+02,1.145555555555555287e+02
3.415999999999999925e+00,1.527500000000000000e+02,1.144444444444444144e+02
3.415999999999999925e+00,1.532500000000000000e+02,1.131111111111110858e+02
3.415999999999999925e+00,1.537500000000000000e+02,1.162222222222221859e+02
3.415999999999999925e+00,1.542500000000000000e+02,1.195555555555555287e+02
3.415999999999999925e+00,1.547500000000000000e+02,1.235555555555555287e+02
3.415999999999999925e+00,1.552500000000000000e+02,1.241111111111110858e+02
3.415999999999999925e+00,1.557500000000000000e+02,1.274444444444444144e+02
3.415999999999999925e+00,1.562500000000000000e+02,1.219999999999999574e+02
3.415999999999999925e+00,1.567500000000000000e+02,1.175555555555555287e+02
3.415999999999999925e+00,1.572500000000000000e+02,1.097777777777777573e+02
3.415999999999999925e+00,1.577500000000000000e+02,1.135555555555555429e+02
3.415999999999999925e+00,1.582500000000000000e+02,1.158888888888888715e+02
3.415999999999999925e+00,1.587500000000000000e+02,1.187777777777777715e+02
3.415999999999999925e+00,1.592500000000000000e+02,1.166666666666666714e+02
3.415999999999999925e+00,1.597500000000000000e+02,1.175555555555555429e+02
3.415999999999999925e+00,1.602500000000000000e+02,1.166666666666666430e+02
3.415999999999999925e+00,1.607500000000000000e+02,1.171111111111110858e+02
3.415999999999999925e+00,1.612500000000000000e+02,1.137777777777777573e+02
3.415999999999999925e+00,1.617500000000000000e+02,1.109999999999999858e+02
3.415999999999999925e+00,1.622500000000000000e+02,1.156666666666666430e+02
3.415999999999999925e+00,1.627500000000000000e+02,1.173333333333333144e+02
3.415999999999999925e+00,1.632500000000000000e+02,1.192222222222222143e+02
3.415999999999999925e+00,1.637500000000000000e+02,1.080000000000000000e+02
3.415999999999999925e+00,1.642500000000000000e+02,1.065555555555555571e+02
3.415999999999999925e+00,1.647500000000000000e+02,1.048888888888888999e+02
3.415999999999999925e+00,1.652500000000000000e+02,1.085555555555555571e+02
3.415999999999999925e+00,1.657500000000000000e+02,1.041111111111111285e+02
3.415999999999999925e+00,1.662500000000000000e+02,1.015555555555555571e+02
3.415999999999999925e+00,1.667500000000000000e+02,9.966666666666667140e+01
3.415999999999999925e+00,1.672500000000000000e+02,1.010000000000000000e+02
3.415999999999999925e+00,1.677500000000000000e+02,1.006666666666666714e+02
3.415999999999999925e+00,1.682500000000000000e+02,9.455555555555555713e+01
3.415999999999999925e+00,1.687500000000000000e+02,9.155555555555555713e+01
3.415999999999999925e+00,1.692500000000000000e+02,8.600000000000000000e+01
3.415999999999999925e+00,1.697500000000000000e+02,8.377777777777777146e+01
3.415999999999999925e+00,1.702500000000000000e+02,8.166666666666665719e+01
3.415999999999999925e+00,1.707500000000000000e+02,7.699999999999998579e+01
3.415999999999999925e+00,1.712500000000000000e+02,7.477777777777777146e+01
3.415999999999999925e+00,1.717500000000000000e+02,6.777777777777777146e+01
3.415999999999999925e+00,1.722500000000000000e+02,6.600000000000000000e+01
3.415999999999999925e+00,1.727500000000000000e+02,6.022222222222222143e+01
3.415999999999999925e+00,1.732500000000000000e+02,5.677777777777777146e+01
3.415999999999999925e+00,1.737500000000000000e+02,5.155555555555555003e+01
3.415999999999999925e+00,1.742500000000000000e+02,5.066666666666666430e+01
3.415999999999999925e+00,1.747500000000000000e+02,4.677777777777777857e+01
3.415999999999999925e+00,1.752500000000000000e+02,4.366666666666666430e+01
3.415999999999999925e+00,1.757500000000000000e+02,3.777777777777777857e+01
3.415999999999999925e+00,1.762500000000000000e+02,3.344444444444444997e+01
3.415999999999999925e+00,1.767500000000000000e+02,2.833333333333333925e+01
3.415999999999999925e+00,1.772500000000000000e+02,2.433333333333333925e+01
3.415999999999999925e+00,1.777500000000000000e+02,1.966666666666667140e+01
3.415999999999999925e+00,1.782500000000000000e+02,1.600000000000000355e+01
3.415999999999999925e+00,1.787500000000000000e+02,1.077777777777778034e+01
3.415999999999999925e+00,1.792500000000000000e+02,6.333333333333336590e+00
3.415999999999999925e+00,1.797500000000000000e+02,3.444444444444448195e+00
3.431999999999999940e+00,1.302500000000000000e+02,7.088888888888889994e+01
3.431999999999999940e+00,1.307500000000000000e+02,7.433333333333332860e+01
3.431999999999999940e+00,1.312500000000000000e+02,7.655555555555555713e+01
3.431999999999999940e+00,1.317500000000000000e+02,7.844444444444444287e+01
3.431999999999999940e+00,1.322500000000000000e+02,7.833333333333332860e+01
3.431999999999999940e+00,1.327500000000000000e+02,7.833333333333332860e+01
3.431999999999999940e+00,1.332500000000000000e+02,7.711111111111111427e+01
3.431999999999999940e+00,1.337500000000000000e+02,7.522222222222222854e+01
3.431999999999999940e+00,1.342500000000000000e+02,7.788888888888889994e+01
3.431999999999999940e+00,1.347500000000000000e+02,7.855555555555555713e+01
3.431999999999999940e+00,1.352500000000000000e+02,8.100000000000001421e+01
3.431999999999999940e+00,1.357500000000000000e+02,8.166666666666667140e+01
3.431999999999999940e+00,1.362500000000000000e+02,8.077777777777778567e+01
3.431999999999999940e+00,1.367500000000000000e+02,8.088888888888889994e+01
3.431999999999999940e+00,1.372500000000000000e+02,8.044444444444444287e+01
3.431999999999999940e+00,1.377500000000000000e+02,8.488888888888889994e+01
3.431999999999999940e+00,1.382500000000000000e+02,8.788888888888889994e+01
3.431999999999999940e+00,1.387500000000000000e+02,9.222222222222222854e+01
3.431999999999999940e+00,1.392500000000000000e+02,9.244444444444445708e+01
3.431999999999999940e+00,1.397500000000000000e+02,9.122222222222222854e+01
3.431999999999999940e+00,1.402500000000000000e+02,8.866666666666667140e+01
3.431999999999999940e+00,1.407500000000000000e+02,8.988888888888889994e+01
3.431999999999999940e+00,1.412500000000000000e+02,9.077777777777778567e+01
3.431999999999999940e+00,1.417500000000000000e+02,9.055555555555555713e+01
3.431999999999999940e+00,1.422500000000000000e+02,9.122222222222222854e+01
3.431999999999999940e+00,1.427500000000000000e+02,9.322222222222222854e+01
3.431999999999999940e+00,1.432500000000000000e+02,9.733333333333332860e+01
3.431999999999999940e+00,1.437500000000000000e+02,1.020000000000000000e+02
3.431999999999999940e+00,1.442500000000000000e+02,1.022222222222222285e+02
3.431999999999999940e+00,1.447500000000000000e+02,9.900000000000000000e+01
3.431999999999999940e+00,1.452500000000000000e+02,9.722222222222221433e+01
3.431999999999999940e+00,1.457500000000000000e+02,1.022222222222222143e+02
3.431999999999999940e+00,1.462500000000000000e+02,1.046666666666666430e+02
3.431999999999999940e+00,1.467500000000000000e+02,1.037777777777777573e+02
3.431999999999999940e+00,1.472500000000000000e+02,9.955555555555552871e+01
3.431999999999999940e+00,1.477500000000000000e+02,1.007777777777777573e+02
3.431999999999999940e+00,1.482500000000000000e+02,1.057777777777777573e+02
3.431999999999999940e+00,1.487500000000000000e+02,1.079999999999999858e+02
3.431999999999999940e+00,1.492500000000000000e+02,1.108888888888888715e+02
3.431999999999999940e+00,1.497500000000000000e+02,1.058888888888888715e+02
3.431999999999999940e+00,1.502500000000000000e+02,1.084444444444444144e+02
3.431999999999999940e+00,1.507500000000000000e+02,1.074444444444444144e+02
3.431999999999999940e+00,1.512500000000000000e+02,1.128888888888888573e+02
3.431999999999999940e+00,1.517500000000000000e+02,1.132222222222221859e+02
3.431999999999999940e+00,1.522500000000000000e+02,1.112222222222221859e+02
3.431999999999999940e+00,1.527500000000000000e+02,1.092222222222221859e+02
3.431999999999999940e+00,1.532500000000000000e+02,1.103333333333333002e+02
3.431999999999999940e+00,1.537500000000000000e+02,1.168888888888888573e+02
3.431999999999999940e+00,1.542500000000000000e+02,1.194444444444444144e+02
3.431999999999999940e+00,1.547500000000000000e+02,1.185555555555555287e+02
3.431999999999999940e+00,1.552500000000000000e+02,1.162222222222221859e+02
3.431999999999999940e+00,1.557500000000000000e+02,1.183333333333333002e+02
3.431999999999999940e+00,1.562500000000000000e+02,1.186666666666666288e+02
3.431999999999999940e+00,1.567500000000000000e+02,1.159999999999999574e+02
3.431999999999999940e+00,1.572500000000000000e+02,1.079999999999999574e+02
3.431999999999999940e+00,1.577500000000000000e+02,1.062222222222221859e+02
3.431999999999999940e+00,1.582500000000000000e+02,1.079999999999999574e+02
3.431999999999999940e+00,1.587500000000000000e+02,1.119999999999999574e+02
3.431999999999999940e+00,1.592500000000000000e+02,1.136666666666666288e+02
3.431999999999999940e+00,1.597500000000000000e+02,1.138888888888888573e+02
3.431999999999999940e+00,1.602500000000000000e+02,1.132222222222221859e+02
3.431999999999999940e+00,1.607500000000000000e+02,1.104444444444444144e+02
3.431999999999999940e+00,1.612500000000000000e+02,1.082222222222221859e+02
3.431999999999999940e+00,1.617500000000000000e+02,1.077777777777777573e+02
3.431999999999999940e+00,1.622500000000000000e+02,1.119999999999999858e+02
3.431999999999999940e+00,1.627500000000000000e+02,1.152222222222222143e+02
3.431999999999999940e+00,1.632500000000000000e+02,1.168888888888888715e+02
3.431999999999999940e+00,1.637500000000000000e+02,1.099999999999999858e+02
3.431999999999999940e+00,1.642500000000000000e+02,1.048888888888888715e+02
3.431999999999999940e+00,1.647500000000000000e+02,1.022222222222222143e+02
3.431999999999999940e+00,1.652500000000000000e+02,1.044444444444444429e+02
3.431999999999999940e+00,1.657500000000000000e+02,1.036666666666666714e+02
3.431999999999999940e+00,1.662500000000000000e+02,1.024444444444444429e+02
3.431999999999999940e+00,1.667500000000000000e+02,9.833333333333332860e+01
3.431999999999999940e+00,1.672500000000000000e+02,9.522222222222222854e+01
3.431999999999999940e+00,1.677500000000000000e+02,9.277777777777778567e+01
3.431999999999999940e+00,1.682500000000000000e+02,8.833333333333332860e+01
3.431999999999999940e+00,1.687500000000000000e+02,8.811111111111110006e+01
3.431999999999999940e+00,1.692500000000000000e+02,8.255555555555554292e+01
3.431999999999999940e+00,1.697500000000000000e+02,8.099999999999998579e+01
3.431999999999999940e+00,1.702500000000000000e+02,7.788888888888887152e+01
3.431999999999999940e+00,1.707500000000000000e+02,7.511111111111110006e+01
3.431999999999999940e+00,1.712500000000000000e+02,7.199999999999998579e+01
3.431999999999999940e+00,1.717500000000000000e+02,6.633333333333332860e+01
3.431999999999999940e+00,1.722500000000000000e+02,6.155555555555554292e+01
3.431999999999999940e+00,1.727500000000000000e+02,5.611111111111110716e+01
3.431999999999999940e+00,1.732500000000000000e+02,5.133333333333332149e+01
3.431999999999999940e+00,1.737500000000000000e+02,4.833333333333332149e+01
3.431999999999999940e+00,1.742500000000000000e+02,4.822222222222220722e+01
3.431999999999999940e+00,1.747500000000000000e+02,4.644444444444443576e+01
3.431999999999999940e+00,1.752500000000000000e+02,4.322222222222220722e+01
3.431999999999999940e+00,1.757500000000000000e+02,3.655555555555554292e+01
3.431999999999999940e+00,1.762500000000000000e+02,3.066666666666665364e+01
3.431999999999999940e+00,1.767500000000000000e+02,2.533333333333331794e+01
3.431999999999999940e+00,1.772500000000000000e+02,2.177777777777776080e+01
3.431999999999999940e+00,1.777500000000000000e+02,1.755555555555553937e+01
3.431999999999999940e+00,1.782500000000000000e+02,1.366666666666664831e+01
3.431999999999999940e+00,1.787500000000000000e+02,9.444444444444425102e+00
3.431999999999999940e+00,1.792500000000000000e+02,5.777777777777758139e+00
3.431999999999999940e+00,1.797500000000000000e+02,3.444444444444425102e+00
3.447999999999999954e+00,1.302500000000000000e+02,7.344444444444444287e+01
3.447999999999999954e+00,1.307500000000000000e+02,7.677777777777778567e+01
3.447999999999999954e+00,1.312500000000000000e+02,7.766666666666667140e+01
3.447999999999999954e+00,1.317500000000000000e+02,7.700000000000000000e+01
3.447999999999999954e+00,1.322500000000000000e+02,7.588888888888888573e+01
3.447999999999999954e+00,1.327500000000000000e+02,7.800000000000000000e+01
3.447999999999999954e+00,1.332500000000000000e+02,7.966666666666667140e+01
3.447999999999999954e+00,1.337500000000000000e+02,8.100000000000000000e+01
3.447999999999999954e+00,1.342500000000000000e+02,8.377777777777777146e+01
3.447999999999999954e+00,1.347500000000000000e+02,8.266666666666667140e+01
3.447999999999999954e+00,1.352500000000000000e+02,8.133333333333332860e+01
3.447999999999999954e+00,1.357500000000000000e+02,7.944444444444444287e+01
3.447999999999999954e+00,1.362500000000000000e+02,7.966666666666665719e+01
3.447999999999999954e+00,1.367500000000000000e+02,8.066666666666665719e+01
3.447999999999999954e+00,1.372500000000000000e+02,8.133333333333332860e+01
3.447999999999999954e+00,1.377500000000000000e+02,8.466666666666665719e+01
3.447999999999999954e+00,1.382500000000000000e+02,8.777777777777777146e+01
3.447999999999999954e+00,1.387500000000000000e+02,9.211111111111110006e+01
3.447999999999999954e+00,1.392500000000000000e+02,9.266666666666667140e+01
3.447999999999999954e+00,1.397500000000000000e+02,9.100000000000000000e+01
3.447999999999999954e+00,1.402500000000000000e+02,8.900000000000000000e+01
3.447999999999999954e+00,1.407500000000000000e+02,8.800000000000000000e+01
3.447999999999999954e+00,1.412500000000000000e+02,8.811111111111110006e+01
3.447999999999999954e+00,1.417500000000000000e+02,9.022222222222221433e+01
3.447999999999999954e+00,1.422500000000000000e+02,9.266666666666664298e+01
3.447999999999999954e+00,1.427500000000000000e+02,9.677777777777775725e+01
3.447999999999999954e+00,1.432500000000000000e+02,9.944444444444441444e+01
3.447999999999999954e+00,1.437500000000000000e+02,1.035555555555555429e+02
3.447999999999999954e+00,1.442500000000000000e+02,1.021111111111111001e+02
3.447999999999999954e+00,1.447500000000000000e+02,9.911111111111110006e+01
3.447999999999999954e+00,1.452500000000000000e+02,9.888888888888887152e+01
3.447999999999999954e+00,1.457500000000000000e+02,1.042222222222222143e+02
3.447999999999999954e+00,1.462500000000000000e+02,1.055555555555555429e+02
3.447999999999999954e+00,1.467500000000000000e+02,1.051111111111111001e+02
3.447999999999999954e+00,1.472500000000000000e+02,1.024444444444444429e+02
3.447999999999999954e+00,1.477500000000000000e+02,1.044444444444444429e+02
3.447999999999999954e+00,1.482500000000000000e+02,1.075555555555555429e+02
3.447999999999999954e+00,1.487500000000000000e+02,1.092222222222222143e+02
3.447999999999999954e+00,1.492500000000000000e+02,1.118888888888888715e+02
3.447999999999999954e+00,1.497500000000000000e+02,1.059999999999999858e+02
3.447999999999999954e+00,1.502500000000000000e+02,1.048888888888888715e+02
3.447999999999999954e+00,1.507500000000000000e+02,1.028888888888888715e+02
3.447999999999999954e+00,1.512500000000000000e+02,1.105555555555555429e+02
3.447999999999999954e+00,1.517500000000000000e+02,1.119999999999999858e+02
3.447999999999999954e+00,1.522500000000000000e+02,1.106666666666666430e+02
3.447999999999999954e+00,1.527500000000000000e+02,1.062222222222222143e+02
3.447999999999999954e+00,1.532500000000000000e+02,1.087777777777777715e+02
3.447999999999999954e+00,1.537500000000000000e+02,1.118888888888888715e+02
3.447999999999999954e+00,1.542500000000000000e+02,1.132222222222222143e+02
3.447999999999999954e+00,1.547500000000000000e+02,1.139999999999999858e+02
3.447999999999999954e+00,1.552500000000000000e+02,1.129999999999999858e+02
3.447999999999999954e+00,1.557500000000000000e+02,1.166666666666666430e+02
3.447999999999999954e+00,1.562500000000000000e+02,1.178888888888888715e+02
3.447999999999999954e+00,1.567500000000000000e+02,1.164444444444444429e+02
3.447999999999999954e+00,1.572500000000000000e+02,1.104444444444444429e+02
3.447999999999999954e+00,1.577500000000000000e+02,1.044444444444444429e+02
3.447999999999999954e+00,1.582500000000000000e+02,1.083333333333333286e+02
3.447999999999999954e+00,1.587500000000000000e+02,1.107777777777777715e+02
3.447999999999999954e+00,1.592500000000000000e+02,1.091111111111111001e+02
3.447999999999999954e+00,1.597500000000000000e+02,1.053333333333333286e+02
3.447999999999999954e+00,1.602500000000000000e+02,1.033333333333333286e+02
3.447999999999999954e+00,1.607500000000000000e+02,1.070000000000000000e+02
3.447999999999999954e+00,1.612500000000000000e+02,1.066666666666666714e+02
3.447999999999999954e+00,1.617500000000000000e+02,1.071111111111111285e+02
3.447999999999999954e+00,1.622500000000000000e+02,1.082222222222222285e+02
3.447999999999999954e+00,1.627500000000000000e+02,1.102222222222222285e+02
3.447999999999999954e+00,1.632500000000000000e+02,1.107777777777777857e+02
3.447999999999999954e+00,1.637500000000000000e+02,1.056666666666666856e+02
3.447999999999999954e+00,1.642500000000000000e+02,9.844444444444445708e+01
3.447999999999999954e+00,1.647500000000000000e+02,9.588888888888891415e+01
3.447999999999999954e+00,1.652500000000000000e+02,9.788888888888891415e+01
3.447999999999999954e+00,1.657500000000000000e+02,9.711111111111114269e+01
3.447999999999999954e+00,1.662500000000000000e+02,9.544444444444447129e+01
3.447999999999999954e+00,1.667500000000000000e+02,9.222222222222224275e+01
3.447999999999999954e+00,1.672500000000000000e+02,9.077777777777781409e+01
3.447999999999999954e+00,1.677500000000000000e+02,9.088888888888891415e+01
3.447999999999999954e+00,1.682500000000000000e+02,8.488888888888891415e+01
3.447999999999999954e+00,1.687500000000000000e+02,8.377777777777779988e+01
3.447999999999999954e+00,1.692500000000000000e+02,7.844444444444447129e+01
3.447999999999999954e+00,1.697500000000000000e+02,7.722222222222224275e+01
3.447999999999999954e+00,1.702500000000000000e+02,7.700000000000002842e+01
3.447999999999999954e+00,1.707500000000000000e+02,7.344444444444447129e+01
3.447999999999999954e+00,1.712500000000000000e+02,6.933333333333337123e+01
3.447999999999999954e+00,1.717500000000000000e+02,6.255555555555559266e+01
3.447999999999999954e+00,1.722500000000000000e+02,6.166666666666670693e+01
3.447999999999999954e+00,1.727500000000000000e+02,6.044444444444448550e+01
3.447999999999999954e+00,1.732500000000000000e+02,5.588888888888893547e+01
3.447999999999999954e+00,1.737500000000000000e+02,4.944444444444448550e+01
3.447999999999999954e+00,1.742500000000000000e+02,4.666666666666670693e+01
3.447999999999999954e+00,1.747500000000000000e+02,4.488888888888893547e+01
3.447999999999999954e+00,1.752500000000000000e+02,4.311111111111114980e+01
3.447999999999999954e+00,1.757500000000000000e+02,3.811111111111114980e+01
3.447999999999999954e+00,1.762500000000000000e+02,3.311111111111114980e+01
3.447999999999999954e+00,1.767500000000000000e+02,2.788888888888892836e+01
3.447999999999999954e+00,1.772500000000000000e+02,2.377777777777781765e+01
3.447999999999999954e+00,1.777500000000000000e+02,1.911111111111115335e+01
3.447999999999999954e+00,1.782500000000000000e+02,1.500000000000004263e+01
3.447999999999999954e+00,1.787500000000000000e+02,1.077777777777781942e+01
3.447999999999999954e+00,1.792500000000000000e+02,7.111111111111152461e+00
3.447999999999999954e+00,1.797500000000000000e+02,3.555555555555596658e+00
3.463999999999999968e+00,1.302500000000000000e+02,7.988888888888888573e+01
3.463999999999999968e+00,1.307500000000000000e+02,8.022222222222221433e+01
3.463999999999999968e+00,1.312500000000000000e+02,7.911111111111110006e+01
3.463999999999999968e+00,1.317500000000000000e+02,7.855555555555554292e+01
3.463999999999999968e+00,1.322500000000000000e+02,7.677777777777777146e+01
3.463999999999999968e+00,1.327500000000000000e+02,7.744444444444444287e+01
3.463999999999999968e+00,1.332500000000000000e+02,7.644444444444444287e+01
3.463999999999999968e+00,1.337500000000000000e+02,8.155555555555554292e+01
3.463999999999999968e+00,1.342500000000000000e+02,8.211111111111110006e+01
3.463999999999999968e+00,1.347500000000000000e+02,8.455555555555555713e+01
3.463999999999999968e+00,1.352500000000000000e+02,8.033333333333332860e+01
3.463999999999999968e+00,1.357500000000000000e+02,8.233333333333332860e+01
3.463999999999999968e+00,1.362500000000000000e+02,8.011111111111110006e+01
3.463999999999999968e+00,1.367500000000000000e+02,8.133333333333332860e+01
3.463999999999999968e+00,1.372500000000000000e+02,7.944444444444444287e+01
3.463999999999999968e+00,1.377500000000000000e+02,8.100000000000000000e+01
3.463999999999999968e+00,1.382500000000000000e+02,8.477777777777778567e+01
3.463999999999999968e+00,1.387500000000000000e+02,9.188888888888889994e+01
3.463999999999999968e+00,1.392500000000000000e+02,9.333333333333332860e+01
3.463999999999999968e+00,1.397500000000000000e+02,9.211111111111110006e+01
3.463999999999999968e+00,1.402500000000000000e+02,8.788888888888887152e+01
3.463999999999999968e+00,1.407500000000000000e+02,8.699999999999998579e+01
3.463999999999999968e+00,1.412500000000000000e+02,8.688888888888887152e+01
3.463999999999999968e+00,1.417500000000000000e+02,9.033333333333331439e+01
3.463999999999999968e+00,1.422500000000000000e+02,9.533333333333331439e+01
3.463999999999999968e+00,1.427500000000000000e+02,9.888888888888887152e+01
3.463999999999999968e+00,1.432500000000000000e+02,1.021111111111111001e+02
3.463999999999999968e+00,1.437500000000000000e+02,1.024444444444444429e+02
3.463999999999999968e+00,1.442500000000000000e+02,1.006666666666666714e+02
3.463999999999999968e+00,1.447500000000000000e+02,9.833333333333332860e+01
3.463999999999999968e+00,1.452500000000000000e+02,9.933333333333332860e+01
3.463999999999999968e+00,1.457500000000000000e+02,1.033333333333333286e+02
3.463999999999999968e+00,1.462500000000000000e+02,1.024444444444444429e+02
3.463999999999999968e+00,1.467500000000000000e+02,1.017777777777777715e+02
3.463999999999999968e+00,1.472500000000000000e+02,1.006666666666666714e+02
3.463999999999999968e+00,1.477500000000000000e+02,9.944444444444444287e+01
3.463999999999999968e+00,1.482500000000000000e+02,1.042222222222222143e+02
3.463999999999999968e+00,1.487500000000000000e+02,1.047777777777777573e+02
3.463999999999999968e+00,1.492500000000000000e+02,1.099999999999999858e+02
3.463999999999999968e+00,1.497500000000000000e+02,1.039999999999999858e+02
3.463999999999999968e+00,1.502500000000000000e+02,1.044444444444444144e+02
3.463999999999999968e+00,1.507500000000000000e+02,1.029999999999999858e+02
3.463999999999999968e+00,1.512500000000000000e+02,1.078888888888888715e+02
3.463999999999999968e+00,1.517500000000000000e+02,1.066666666666666430e+02
3.463999999999999968e+00,1.522500000000000000e+02,1.077777777777777573e+02
3.463999999999999968e+00,1.527500000000000000e+02,1.055555555555555429e+02
3.463999999999999968e+00,1.532500000000000000e+02,1.091111111111111001e+02
3.463999999999999968e+00,1.537500000000000000e+02,1.086666666666666714e+02
3.463999999999999968e+00,1.542500000000000000e+02,1.072222222222222143e+02
3.463999999999999968e+00,1.547500000000000000e+02,1.071111111111110858e+02
3.463999999999999968e+00,1.552500000000000000e+02,1.059999999999999574e+02
3.463999999999999968e+00,1.557500000000000000e+02,1.111111111111110858e+02
3.463999999999999968e+00,1.562500000000000000e+02,1.115555555555555429e+02
3.463999999999999968e+00,1.567500000000000000e+02,1.110000000000000000e+02
3.463999999999999968e+00,1.572500000000000000e+02,1.062222222222222143e+02
3.463999999999999968e+00,1.577500000000000000e+02,1.015555555555555429e+02
3.463999999999999968e+00,1.582500000000000000e+02,1.047777777777777573e+02
3.463999999999999968e+00,1.587500000000000000e+02,1.082222222222222143e+02
3.463999999999999968e+00,1.592500000000000000e+02,1.071111111111110858e+02
3.463999999999999968e+00,1.597500000000000000e+02,1.044444444444444144e+02
3.463999999999999968e+00,1.602500000000000000e+02,9.999999999999995737e+01
3.463999999999999968e+00,1.607500000000000000e+02,1.031111111111110858e+02
3.463999999999999968e+00,1.612500000000000000e+02,1.034444444444444144e+02
3.463999999999999968e+00,1.617500000000000000e+02,1.042222222222222143e+02
3.463999999999999968e+00,1.622500000000000000e+02,1.042222222222222143e+02
3.463999999999999968e+00,1.627500000000000000e+02,1.035555555555555429e+02
3.463999999999999968e+00,1.632500000000000000e+02,1.037777777777777573e+02
3.463999999999999968e+00,1.637500000000000000e+02,1.009999999999999574e+02
3.463999999999999968e+00,1.642500000000000000e+02,9.522222222222218591e+01
3.463999999999999968e+00,1.647500000000000000e+02,9.222222222222218591e+01
3.463999999999999968e+00,1.652500000000000000e+02,9.211111111111108585e+01
3.463999999999999968e+00,1.657500000000000000e+02,9.344444444444441444e+01
3.463999999999999968e+00,1.662500000000000000e+02,9.399999999999998579e+01
3.463999999999999968e+00,1.667500000000000000e+02,9.233333333333331439e+01
3.463999999999999968e+00,1.672500000000000000e+02,9.011111111111108585e+01
3.463999999999999968e+00,1.677500000000000000e+02,8.599999999999998579e+01
3.463999999999999968e+00,1.682500000000000000e+02,7.911111111111108585e+01
3.463999999999999968e+00,1.687500000000000000e+02,7.688888888888887152e+01
3.463999999999999968e+00,1.692500000000000000e+02,7.522222222222220012e+01
3.463999999999999968e+00,1.697500000000000000e+02,7.577777777777775725e+01
3.463999999999999968e+00,1.702500000000000000e+02,7.344444444444441444e+01
3.463999999999999968e+00,1.707500000000000000e+02,6.977777777777775725e+01
3.463999999999999968e+00,1.712500000000000000e+02,6.422222222222220012e+01
3.463999999999999968e+00,1.717500000000000000e+02,5.844444444444442155e+01
3.463999999999999968e+00,1.722500000000000000e+02,5.911111111111108585e+01
3.463999999999999968e+00,1.727500000000000000e+02,5.977777777777775015e+01
3.463999999999999968e+00,1.732500000000000000e+02,5.722222222222219301e+01
3.463999999999999968e+00,1.737500000000000000e+02,5.111111111111107874e+01
3.463999999999999968e+00,1.742500000000000000e+02,4.655555555555552161e+01
3.463999999999999968e+00,1.747500000000000000e+02,4.499999999999997158e+01
3.463999999999999968e+00,1.752500000000000000e+02,4.066666666666663588e+01
3.463999999999999968e+00,1.757500000000000000e+02,3.688888888888886441e+01
3.463999999999999968e+00,1.762500000000000000e+02,3.166666666666663943e+01
3.463999999999999968e+00,1.767500000000000000e+02,2.788888888888885731e+01
3.463999999999999968e+00,1.772500000000000000e+02,2.288888888888885731e+01
3.463999999999999968e+00,1.777500000000000000e+02,1.877777777777774659e+01
3.463999999999999968e+00,1.782500000000000000e+02,1.422222222222219301e+01
3.463999999999999968e+00,1.787500000000000000e+02,1.077777777777774837e+01
3.463999999999999968e+00,1.792500000000000000e+02,6.777777777777747481e+00
3.463999999999999968e+00,1.797500000000000000e+02,3.333333333333303283e+00
3.479999999999999982e+00,1.302500000000000000e+02,8.500000000000000000e+01
3.479999999999999982e+00,1.307500000000000000e+02,8.266666666666667140e+01
3.479999999999999982e+00,1.312500000000000000e+02,7.844444444444444287e+01
3.479999999999999982e+00,1.317500000000000000e+02,7.644444444444444287e+01
3.479999999999999982e+00,1.322500000000000000e+02,7.588888888888889994e+01
3.479999999999999982e+00,1.327500000000000000e+02,7.733333333333332860e+01
3.479999999999999982e+00,1.332500000000000000e+02,7.811111111111111427e+01
3.479999999999999982e+00,1.337500000000000000e+02,8.333333333333332860e+01
3.479999999999999982e+00,1.342500000000000000e+02,8.655555555555555713e+01
3.479999999999999982e+00,1.347500000000000000e+02,8.600000000000000000e+01
3.479999999999999982e+00,1.352500000000000000e+02,8.200000000000000000e+01
3.479999999999999982e+00,1.357500000000000000e+02,8.244444444444444287e+01
3.479999999999999982e+00,1.362500000000000000e+02,8.055555555555554292e+01
3.479999999999999982e+00,1.367500000000000000e+02,7.999999999999998579e+01
3.479999999999999982e+00,1.372500000000000000e+02,7.966666666666665719e+01
3.479999999999999982e+00,1.377500000000000000e+02,8.199999999999998579e+01
3.479999999999999982e+00,1.382500000000000000e+02,8.666666666666667140e+01
3.479999999999999982e+00,1.387500000000000000e+02,8.711111111111110006e+01
3.479999999999999982e+00,1.392500000000000000e+02,8.744444444444444287e+01
3.479999999999999982e+00,1.397500000000000000e+02,8.655555555555554292e+01
3.479999999999999982e+00,1.402500000000000000e+02,8.888888888888887152e+01
3.479999999999999982e+00,1.407500000000000000e+02,9.144444444444444287e+01
3.479999999999999982e+00,1.412500000000000000e+02,9.222222222222221433e+01
3.479999999999999982e+00,1.417500000000000000e+02,9.311111111111110006e+01
3.479999999999999982e+00,1.422500000000000000e+02,1.001111111111111001e+02
3.479999999999999982e+00,1.427500000000000000e+02,1.023333333333333286e+02
3.479999999999999982e+00,1.432500000000000000e+02,1.030000000000000000e+02
3.479999999999999982e+00,1.437500000000000000e+02,9.977777777777777146e+01
3.479999999999999982e+00,1.442500000000000000e+02,9.933333333333332860e+01
3.479999999999999982e+00,1.447500000000000000e+02,9.966666666666667140e+01
3.479999999999999982e+00,1.452500000000000000e+02,9.977777777777778567e+01
3.479999999999999982e+00,1.457500000000000000e+02,9.966666666666667140e+01
3.479999999999999982e+00,1.462500000000000000e+02,9.755555555555555713e+01
3.479999999999999982e+00,1.467500000000000000e+02,9.888888888888889994e+01
3.479999999999999982e+00,1.472500000000000000e+02,1.007777777777777857e+02
3.479999999999999982e+00,1.477500000000000000e+02,9.811111111111112848e+01
3.479999999999999982e+00,1.482500000000000000e+02,1.006666666666666714e+02
3.479999999999999982e+00,1.487500000000000000e+02,1.023333333333333286e+02
3.479999999999999982e+00,1.492500000000000000e+02,1.106666666666666714e+02
3.479999999999999982e+00,1.497500000000000000e+02,1.058888888888888999e+02
3.479999999999999982e+00,1.502500000000000000e+02,1.036666666666666714e+02
3.479999999999999982e+00,1.507500000000000000e+02,1.025555555555555429e+02
3.479999999999999982e+00,1.512500000000000000e+02,1.034444444444444429e+02
3.479999999999999982e+00,1.517500000000000000e+02,1.038888888888888715e+02
3.479999999999999982e+00,1.522500000000000000e+02,1.037777777777777715e+02
3.479999999999999982e+00,1.527500000000000000e+02,1.047777777777777715e+02
3.479999999999999982e+00,1.532500000000000000e+02,1.042222222222222143e+02
3.479999999999999982e+00,1.537500000000000000e+02,1.017777777777777715e+02
3.479999999999999982e+00,1.542500000000000000e+02,1.013333333333333286e+02
3.479999999999999982e+00,1.547500000000000000e+02,1.043333333333333286e+02
3.479999999999999982e+00,1.552500000000000000e+02,1.042222222222222143e+02
3.479999999999999982e+00,1.557500000000000000e+02,1.065555555555555429e+02
3.479999999999999982e+00,1.562500000000000000e+02,1.056666666666666430e+02
3.479999999999999982e+00,1.567500000000000000e+02,1.071111111111110858e+02
3.479999999999999982e+00,1.572500000000000000e+02,1.033333333333333144e+02
3.479999999999999982e+00,1.577500000000000000e+02,1.001111111111110858e+02
3.479999999999999982e+00,1.582500000000000000e+02,1.025555555555555287e+02
3.479999999999999982e+00,1.587500000000000000e+02,1.066666666666666288e+02
3.479999999999999982e+00,1.592500000000000000e+02,1.065555555555555003e+02
3.479999999999999982e+00,1.597500000000000000e+02,1.018888888888888431e+02
3.479999999999999982e+00,1.602500000000000000e+02,9.655555555555550029e+01
3.479999999999999982e+00,1.607500000000000000e+02,9.699999999999995737e+01
3.479999999999999982e+00,1.612500000000000000e+02,9.622222222222218591e+01
3.479999999999999982e+00,1.617500000000000000e+02,9.577777777777775725e+01
3.479999999999999982e+00,1.622500000000000000e+02,9.544444444444441444e+01
3.479999999999999982e+00,1.627500000000000000e+02,9.544444444444441444e+01
3.479999999999999982e+00,1.632500000000000000e+02,9.511111111111108585e+01
3.479999999999999982e+00,1.637500000000000000e+02,9.411111111111108585e+01
3.479999999999999982e+00,1.642500000000000000e+02,8.933333333333330017e+01
3.479999999999999982e+00,1.647500000000000000e+02,8.711111111111107164e+01
3.479999999999999982e+00,1.652500000000000000e+02,8.411111111111107164e+01
3.479999999999999982e+00,1.657500000000000000e+02,8.677777777777772883e+01
3.479999999999999982e+00,1.662500000000000000e+02,8.788888888888884310e+01
3.479999999999999982e+00,1.667500000000000000e+02,8.811111111111104321e+01
3.479999999999999982e+00,1.672500000000000000e+02,8.833333333333327175e+01
3.479999999999999982e+00,1.677500000000000000e+02,8.433333333333327175e+01
3.479999999999999982e+00,1.682500000000000000e+02,7.911111111111105743e+01
3.479999999999999982e+00,1.687500000000000000e+02,7.577777777777772883e+01
3.479999999999999982e+00,1.692500000000000000e+02,7.699999999999994316e+01
3.479999999999999982e+00,1.697500000000000000e+02,7.655555555555550029e+01
3.479999999999999982e+00,1.702500000000000000e+02,7.277777777777771462e+01
3.479999999999999982e+00,1.707500000000000000e+02,6.688888888888882889e+01
3.479999999999999982e+00,1.712500000000000000e+02,6.355555555555549319e+01
3.479999999999999982e+00,1.717500000000000000e+02,5.822222222222216459e+01
3.479999999999999982e+00,1.722500000000000000e+02,5.877777777777771462e+01
3.479999999999999982e+00,1.727500000000000000e+02,5.822222222222215038e+01
3.479999999999999982e+00,1.732500000000000000e+02,5.711111111111105032e+01
3.479999999999999982e+00,1.737500000000000000e+02,5.099999999999994316e+01
3.479999999999999982e+00,1.742500000000000000e+02,4.577777777777772172e+01
3.479999999999999982e+00,1.747500000000000000e+02,4.266666666666660745e+01
3.479999999999999982e+00,1.752500000000000000e+02,3.799999999999994316e+01
3.479999999999999982e+00,1.757500000000000000e+02,3.455555555555550029e+01
3.479999999999999982e+00,1.762500000000000000e+02,2.944444444444438957e+01
3.479999999999999982e+00,1.767500000000000000e+02,2.655555555555550029e+01
3.479999999999999982e+00,1.772500000000000000e+02,2.166666666666661101e+01
3.479999999999999982e+00,1.777500000000000000e+02,1.788888888888883244e+01
3.479999999999999982e+00,1.782500000000000000e+02,1.377777777777771995e+01
3.479999999999999982e+00,1.787500000000000000e+02,1.011111111111105210e+01
3.479999999999999982e+00,1.792500000000000000e+02,5.888888888888829776e+00
3.479999999999999982e+00,1.797500000000000000e+02,2.444444444444385578e+00
3.495999999999999996e+00,1.302500000000000000e+02,8.422222222222221433e+01
3.495999999999999996e+00,1.307500000000000000e+02,8.177777777777777146e+01
3.495999999999999996e+00,1.312500000000000000e+02,7.577777777777777146e+01
3.495999999999999996e+00,1.317500000000000000e+02,7.522222222222221433e+01
3.495999999999999996e+00,1.322500000000000000e+02,7.688888888888887152e+01
3.495999999999999996e+00,1.327500000000000000e+02,8.088888888888887152e+01
3.495999999999999996e+00,1.332500000000000000e+02,8.011111111111110006e+01
3.495999999999999996e+00,1.337500000000000000e+02,8.477777777777777146e+01
3.495999999999999996e+00,1.342500000000000000e+02,8.544444444444444287e+01
3.495999999999999996e+00,1.347500000000000000e+02,8.633333333333332860e+01
3.495999999999999996e+00,1.352500000000000000e+02,8.133333333333332860e+01
3.495999999999999996e+00,1.357500000000000000e+02,8.355555555555555713e+01
3.495999999999999996e+00,1.362500000000000000e+02,8.122222222222222854e+01
3.495999999999999996e+00,1.367500000000000000e+02,8.211111111111112848e+01
3.495999999999999996e+00,1.372500000000000000e+02,8.344444444444445708e+01
3.495999999999999996e+00,1.377500000000000000e+02,8.444444444444445708e+01
3.495999999999999996e+00,1.382500000000000000e+02,8.688888888888889994e+01
3.495999999999999996e+00,1.387500000000000000e+02,8.677777777777778567e+01
3.495999999999999996e+00,1.392500000000000000e+02,8.777777777777778567e+01
3.495999999999999996e+00,1.397500000000000000e+02,8.666666666666668561e+01
3.495999999999999996e+00,1.402500000000000000e+02,8.722222222222224275e+01
3.495999999999999996e+00,1.407500000000000000e+02,8.966666666666668561e+01
3.495999999999999996e+00,1.412500000000000000e+02,9.377777777777778567e+01
3.495999999999999996e+00,1.417500000000000000e+02,9.700000000000001421e+01
3.495999999999999996e+00,1.422500000000000000e+02,9.988888888888891415e+01
3.495999999999999996e+00,1.427500000000000000e+02,9.888888888888891415e+01
3.495999999999999996e+00,1.432500000000000000e+02,9.588888888888891415e+01
3.495999999999999996e+00,1.437500000000000000e+02,9.466666666666668561e+01
3.495999999999999996e+00,1.442500000000000000e+02,9.611111111111112848e+01
3.495999999999999996e+00,1.447500000000000000e+02,9.711111111111112848e+01
3.495999999999999996e+00,1.452500000000000000e+02,9.633333333333335702e+01
3.495999999999999996e+00,1.457500000000000000e+02,9.333333333333335702e+01
3.495999999999999996e+00,1.462500000000000000e+02,9.277777777777778567e+01
3.495999999999999996e+00,1.467500000000000000e+02,9.511111111111112848e+01
3.495999999999999996e+00,1.472500000000000000e+02,9.800000000000001421e+01
3.495999999999999996e+00,1.477500000000000000e+02,9.444444444444445708e+01
3.495999999999999996e+00,1.482500000000000000e+02,9.855555555555555713e+01
3.495999999999999996e+00,1.487500000000000000e+02,9.922222222222222854e+01
3.495999999999999996e+00,1.492500000000000000e+02,1.048888888888888999e+02
3.495999999999999996e+00,1.497500000000000000e+02,1.023333333333333286e+02
3.495999999999999996e+00,1.502500000000000000e+02,1.041111111111111001e+02
3.495999999999999996e+00,1.507500000000000000e+02,1.066666666666666714e+02
3.495999999999999996e+00,1.512500000000000000e+02,1.032222222222222285e+02
3.495999999999999996e+00,1.517500000000000000e+02,1.023333333333333286e+02
3.495999999999999996e+00,1.522500000000000000e+02,1.006666666666666714e+02
3.495999999999999996e+00,1.527500000000000000e+02,1.025555555555555571e+02
3.495999999999999996e+00,1.532500000000000000e+02,1.020000000000000000e+02
3.495999999999999996e+00,1.537500000000000000e+02,9.833333333333332860e+01
3.495999999999999996e+00,1.542500000000000000e+02,1.003333333333333286e+02
3.495999999999999996e+00,1.547500000000000000e+02,1.014444444444444429e+02
3.495999999999999996e+00,1.552500000000000000e+02,9.966666666666667140e+01
3.495999999999999996e+00,1.557500000000000000e+02,9.833333333333332860e+01
3.495999999999999996e+00,1.562500000000000000e+02,9.677777777777778567e+01
3.495999999999999996e+00,1.567500000000000000e+02,9.900000000000001421e+01
3.495999999999999996e+00,1.572500000000000000e+02,9.711111111111112848e+01
3.495999999999999996e+00,1.577500000000000000e+02,9.522222222222222854e+01
3.495999999999999996e+00,1.582500000000000000e+02,9.855555555555555713e+01
3.495999999999999996e+00,1.587500000000000000e+02,1.016666666666666714e+02
3.495999999999999996e+00,1.592500000000000000e+02,1.034444444444444429e+02
3.495999999999999996e+00,1.597500000000000000e+02,1.037777777777777715e+02
3.495999999999999996e+00,1.602500000000000000e+02,1.002222222222222143e+02
3.495999999999999996e+00,1.607500000000000000e+02,9.700000000000000000e+01
3.495999999999999996e+00,1.612500000000000000e+02,9.177777777777777146e+01
3.495999999999999996e+00,1.617500000000000000e+02,8.955555555555554292e+01
3.495999999999999996e+00,1.622500000000000000e+02,9.022222222222221433e+01
3.495999999999999996e+00,1.627500000000000000e+02,8.988888888888887152e+01
3.495999999999999996e+00,1.632500000000000000e+02,8.877777777777777146e+01
3.495999999999999996e+00,1.637500000000000000e+02,8.700000000000000000e+01
3.495999999999999996e+00,1.642500000000000000e+02,8.677777777777777146e+01
3.495999999999999996e+00,1.647500000000000000e+02,8.544444444444444287e+01
3.495999999999999996e+00,1.652500000000000000e+02,8.177777777777777146e+01
3.495999999999999996e+00,1.657500000000000000e+02,8.466666666666667140e+01
3.495999999999999996e+00,1.662500000000000000e+02,8.433333333333332860e+01
3.495999999999999996e+00,1.667500000000000000e+02,8.622222222222222854e+01
3.495999999999999996e+00,1.672500000000000000e+02,8.366666666666667140e+01
3.495999999999999996e+00,1.677500000000000000e+02,8.000000000000000000e+01
3.495999999999999996e+00,1.682500000000000000e+02,7.511111111111110006e+01
3.495999999999999996e+00,1.687500000000000000e+02,7.077777777777777146e+01
3.495999999999999996e+00,1.692500000000000000e+02,7.244444444444444287e+01
3.495999999999999996e+00,1.697500000000000000e+02,7.133333333333332860e+01
3.495999999999999996e+00,1.702500000000000000e+02,6.722222222222222854e+01
3.495999999999999996e+00,1.707500000000000000e+02,6.333333333333333570e+01
3.495999999999999996e+00,1.712500000000000000e+02,6.144444444444444997e+01
3.495999999999999996e+00,1.717500000000000000e+02,5.888888888888889284e+01
3.495999999999999996e+00,1.722500000000000000e+02,5.500000000000000711e+01
3.495999999999999996e+00,1.727500000000000000e+02,5.222222222222222854e+01
3.495999999999999996e+00,1.732500000000000000e+02,5.033333333333333570e+01
3.495999999999999996e+00,1.737500000000000000e+02,4.655555555555555003e+01
3.495999999999999996e+00,1.742500000000000000e+02,4.311111111111110716e+01
3.495999999999999996e+00,1.747500000000000000e+02,4.022222222222222143e+01
3.495999999999999996e+00,1.752500000000000000e+02,3.566666666666666430e+01
3.495999999999999996e+00,1.757500000000000000e+02,3.166666666666666075e+01
3.495999999999999996e+00,1.762500000000000000e+02,2.566666666666666075e+01
3.495999999999999996e+00,1.767500000000000000e+02,2.311111111111110361e+01
3.495999999999999996e+00,1.772500000000000000e+02,1.844444444444443931e+01
3.495999999999999996e+00,1.777500000000000000e+02,1.522222222222221610e+01
3.495999999999999996e+00,1.782500000000000000e+02,1.144444444444443754e+01
3.495999999999999996e+00,1.787500000000000000e+02,8.333333333333326820e+00
3.495999999999999996e+00,1.792500000000000000e+02,4.555555555555549141e+00
3.495999999999999996e+00,1.797500000000000000e+02,2.444444444444438425e+00
3.512000000000000011e+00,1.302500000000000000e+02,8.055555555555555713e+01
3.512000000000000011e+00,1.307500000000000000e+02,7.933333333333332860e+01
3.512000000000000011e+00,1.312500000000000000e+02,7.733333333333332860e+01
3.512000000000000011e+00,1.317500000000000000e+02,7.511111111111110006e+01
3.512000000000000011e+00,1.322500000000000000e+02,7.788888888888887152e+01
3.512000000000000011e+00,1.327500000000000000e+02,7.977777777777777146e+01
3.512000000000000011e+00,1.332500000000000000e+02,8.000000000000000000e+01
3.512000000000000011e+00,1.337500000000000000e+02,8.566666666666667140e+01
3.512000000000000011e+00,1.342500000000000000e+02,8.788888888888889994e+01
3.512000000000000011e+00,1.347500000000000000e+02,8.855555555555555713e+01
3.512000000000000011e+00,1.352500000000000000e+02,8.433333333333332860e+01
3.512000000000000011e+00,1.357500000000000000e+02,8.433333333333332860e+01
3.512000000000000011e+00,1.362500000000000000e+02,8.144444444444444287e+01
3.512000000000000011e+00,1.367500000000000000e+02,7.944444444444444287e+01
3.512000000000000011e+00,1.372500000000000000e+02,8.222222222222221433e+01
3.512000000000000011e+00,1.377500000000000000e+02,8.499999999999998579e+01
3.512000000000000011e+00,1.382500000000000000e+02,8.911111111111110006e+01
3.512000000000000011e+00,1.387500000000000000e+02,8.488888888888887152e+01
3.512000000000000011e+00,1.392500000000000000e+02,8.533333333333331439e+01
3.512000000000000011e+00,1.397500000000000000e+02,8.299999999999998579e+01
3.512000000000000011e+00,1.402500000000000000e+02,8.699999999999998579e+01
3.512000000000000011e+00,1.407500000000000000e+02,8.755555555555554292e+01
3.512000000000000011e+00,1.412500000000000000e+02,9.399999999999998579e+01
3.512000000000000011e+00,1.417500000000000000e+02,9.611111111111108585e+01
3.512000000000000011e+00,1.422500000000000000e+02,9.755555555555552871e+01
3.512000000000000011e+00,1.427500000000000000e+02,9.199999999999995737e+01
3.512000000000000011e+00,1.432500000000000000e+02,8.799999999999995737e+01
3.512000000000000011e+00,1.437500000000000000e+02,8.766666666666662877e+01
3.512000000000000011e+00,1.442500000000000000e+02,9.155555555555552871e+01
3.512000000000000011e+00,1.447500000000000000e+02,9.199999999999995737e+01
3.512000000000000011e+00,1.452500000000000000e+02,9.299999999999995737e+01
3.512000000000000011e+00,1.457500000000000000e+02,8.955555555555552871e+01
3.512000000000000011e+00,1.462500000000000000e+02,9.311111111111108585e+01
3.512000000000000011e+00,1.467500000000000000e+02,9.377777777777775725e+01
3.512000000000000011e+00,1.472500000000000000e+02,9.444444444444441444e+01
3.512000000000000011e+00,1.477500000000000000e+02,9.144444444444441444e+01
3.512000000000000011e+00,1.482500000000000000e+02,9.533333333333331439e+01
3.512000000000000011e+00,1.487500000000000000e+02,9.822222222222221433e+01
3.512000000000000011e+00,1.492500000000000000e+02,9.944444444444441444e+01
3.512000000000000011e+00,1.497500000000000000e+02,9.799999999999995737e+01
3.512000000000000011e+00,1.502500000000000000e+02,1.001111111111110858e+02
3.512000000000000011e+00,1.507500000000000000e+02,1.035555555555555429e+02
3.512000000000000011e+00,1.512500000000000000e+02,1.006666666666666714e+02
3.512000000000000011e+00,1.517500000000000000e+02,9.888888888888887152e+01
3.512000000000000011e+00,1.522500000000000000e+02,9.488888888888887152e+01
3.512000000000000011e+00,1.527500000000000000e+02,9.588888888888887152e+01
3.512000000000000011e+00,1.532500000000000000e+02,9.577777777777777146e+01
3.512000000000000011e+00,1.537500000000000000e+02,9.655555555555554292e+01
3.512000000000000011e+00,1.542500000000000000e+02,9.899999999999998579e+01
3.512000000000000011e+00,1.547500000000000000e+02,9.911111111111108585e+01
3.512000000000000011e+00,1.552500000000000000e+02,9.755555555555552871e+01
3.512000000000000011e+00,1.557500000000000000e+02,9.666666666666662877e+01
3.512000000000000011e+00,1.562500000000000000e+02,9.599999999999995737e+01
3.512000000000000011e+00,1.567500000000000000e+02,9.722222222222218591e+01
3.512000000000000011e+00,1.572500000000000000e+02,9.577777777777775725e+01
3.512000000000000011e+00,1.577500000000000000e+02,9.388888888888887152e+01
3.512000000000000011e+00,1.582500000000000000e+02,9.511111111111110006e+01
3.512000000000000011e+00,1.587500000000000000e+02,9.722222222222221433e+01
3.512000000000000011e+00,1.592500000000000000e+02,9.955555555555554292e+01
3.512000000000000011e+00,1.597500000000000000e+02,9.933333333333331439e+01
3.512000000000000011e+00,1.602500000000000000e+02,9.577777777777775725e+01
3.512000000000000011e+00,1.607500000000000000e+02,9.299999999999995737e+01
3.512000000000000011e+00,1.612500000000000000e+02,8.922222222222218591e+01
3.512000000000000011e+00,1.617500000000000000e+02,8.633333333333330017e+01
3.512000000000000011e+00,1.622500000000000000e+02,8.655555555555552871e+01
3.512000000000000011e+00,1.627500000000000000e+02,8.811111111111108585e+01
3.512000000000000011e+00,1.632500000000000000e+02,8.688888888888885731e+01
3.512000000000000011e+00,1.637500000000000000e+02,8.455555555555552871e+01
3.512000000000000011e+00,1.642500000000000000e+02,8.244444444444441444e+01
3.512000000000000011e+00,1.647500000000000000e+02,8.322222222222220012e+01
3.512000000000000011e+00,1.652500000000000000e+02,8.244444444444441444e+01
3.512000000000000011e+00,1.657500000000000000e+02,8.511111111111108585e+01
3.512000000000000011e+00,1.662500000000000000e+02,8.344444444444441444e+01
3.512000000000000011e+00,1.667500000000000000e+02,8.099999999999997158e+01
3.512000000000000011e+00,1.672500000000000000e+02,7.611111111111108585e+01
3.512000000000000011e+00,1.677500000000000000e+02,7.522222222222218591e+01
3.512000000000000011e+00,1.682500000000000000e+02,7.188888888888885731e+01
3.512000000000000011e+00,1.687500000000000000e+02,7.155555555555552871e+01
3.512000000000000011e+00,1.692500000000000000e+02,6.866666666666662877e+01
3.512000000000000011e+00,1.697500000000000000e+02,6.711111111111107164e+01
3.512000000000000011e+00,1.702500000000000000e+02,6.333333333333329307e+01
3.512000000000000011e+00,1.707500000000000000e+02,6.233333333333329307e+01
3.512000000000000011e+00,1.712500000000000000e+02,6.133333333333329307e+01
3.512000000000000011e+00,1.717500000000000000e+02,5.899999999999996447e+01
3.512000000000000011e+00,1.722500000000000000e+02,5.299999999999996447e+01
3.512000000000000011e+00,1.727500000000000000e+02,5.022222222222219301e+01
3.512000000000000011e+00,1.732500000000000000e+02,4.699999999999997158e+01
3.512000000000000011e+00,1.737500000000000000e+02,4.499999999999997158e+01
3.512000000000000011e+00,1.742500000000000000e+02,4.111111111111107874e+01
3.512000000000000011e+00,1.747500000000000000e+02,3.799999999999997158e+01
3.512000000000000011e+00,1.752500000000000000e+02,3.499999999999997158e+01
3.512000000000000011e+00,1.757500000000000000e+02,3.144444444444441800e+01
3.512000000000000011e+00,1.762500000000000000e+02,2.555555555555552871e+01
3.512000000000000011e+00,1.767500000000000000e+02,2.111111111111108585e+01
3.512000000000000011e+00,1.772500000000000000e+02,1.611111111111108585e+01
3.512000000000000011e+00,1.777500000000000000e+02,1.466666666666664298e+01
3.512000000000000011e+00,1.782500000000000000e+02,1.199999999999997691e+01
3.512000000000000011e+00,1.787500000000000000e+02,9.555555555555532266e+00
3.512000000000000011e+00,1.792500000000000000e+02,4.888888888888865303e+00
3.512000000000000011e+00,1.797500000000000000e+02,2.555555555555532266e+00
3.528000000000000025e+00,1.302500000000000000e+02,7.511111111111110006e+01
3.528000000000000025e+00,1.307500000000000000e+02,7.711111111111110006e+01
3.528000000000000025e+00,1.312500000000000000e+02,7.822222222222221433e+01
3.528000000000000025e+00,1.317500000000000000e+02,7.788888888888888573e+01
3.528000000000000025e+00,1.322500000000000000e+02,7.866666666666667140e+01
3.528000000000000025e+00,1.327500000000000000e+02,8.044444444444444287e+01
3.528000000000000025e+00,1.332500000000000000e+02,7.922222222222221433e+01
3.528000000000000025e+00,1.337500000000000000e+02,8.511111111111110006e+01
3.528000000000000025e+00,1.342500000000000000e+02,8.355555555555554292e+01
3.528000000000000025e+00,1.347500000000000000e+02,8.699999999999998579e+01
3.528000000000000025e+00,1.352500000000000000e+02,8.233333333333331439e+01
3.528000000000000025e+00,1.357500000000000000e+02,8.555555555555554292e+01
3.528000000000000025e+00,1.362500000000000000e+02,8.288888888888887152e+01
3.528000000000000025e+00,1.367500000000000000e+02,8.311111111111110006e+01
3.528000000000000025e+00,1.372500000000000000e+02,8.388888888888887152e+01
3.528000000000000025e+00,1.377500000000000000e+02,8.555555555555554292e+01
3.528000000000000025e+00,1.382500000000000000e+02,8.744444444444444287e+01
3.528000000000000025e+00,1.387500000000000000e+02,8.677777777777777146e+01
3.528000000000000025e+00,1.392500000000000000e+02,8.655555555555554292e+01
3.528000000000000025e+00,1.397500000000000000e+02,8.522222222222221433e+01
3.528000000000000025e+00,1.402500000000000000e+02,8.422222222222221433e+01
3.528000000000000025e+00,1.407500000000000000e+02,8.233333333333331439e+01
3.528000000000000025e+00,1.412500000000000000e+02,8.722222222222221433e+01
3.528000000000000025e+00,1.417500000000000000e+02,9.111111111111110006e+01
3.528000000000000025e+00,1.422500000000000000e+02,9.211111111111110006e+01
3.528000000000000025e+00,1.427500000000000000e+02,8.833333333333332860e+01
3.528000000000000025e+00,1.432500000000000000e+02,8.511111111111110006e+01
3.528000000000000025e+00,1.437500000000000000e+02,8.555555555555554292e+01
3.528000000000000025e+00,1.442500000000000000e+02,8.888888888888887152e+01
3.528000000000000025e+00,1.447500000000000000e+02,8.822222222222221433e+01
3.528000000000000025e+00,1.452500000000000000e+02,9.155555555555554292e+01
3.528000000000000025e+00,1.457500000000000000e+02,8.944444444444444287e+01
3.528000000000000025e+00,1.462500000000000000e+02,9.511111111111110006e+01
3.528000000000000025e+00,1.467500000000000000e+02,9.311111111111110006e+01
3.528000000000000025e+00,1.472500000000000000e+02,9.233333333333332860e+01
3.528000000000000025e+00,1.477500000000000000e+02,8.855555555555555713e+01
3.528000000000000025e+00,1.482500000000000000e+02,9.277777777777778567e+01
3.528000000000000025e+00,1.487500000000000000e+02,9.633333333333335702e+01
3.528000000000000025e+00,1.492500000000000000e+02,9.600000000000001421e+01
3.528000000000000025e+00,1.497500000000000000e+02,9.644444444444445708e+01
3.528000000000000025e+00,1.502500000000000000e+02,9.588888888888889994e+01
3.528000000000000025e+00,1.507500000000000000e+02,9.933333333333332860e+01
3.528000000000000025e+00,1.512500000000000000e+02,9.788888888888889994e+01
3.528000000000000025e+00,1.517500000000000000e+02,9.711111111111112848e+01
3.528000000000000025e+00,1.522500000000000000e+02,9.366666666666668561e+01
3.528000000000000025e+00,1.527500000000000000e+02,9.100000000000001421e+01
3.528000000000000025e+00,1.532500000000000000e+02,9.333333333333335702e+01
3.528000000000000025e+00,1.537500000000000000e+02,9.688888888888891415e+01
3.528000000000000025e+00,1.542500000000000000e+02,1.018888888888889142e+02
3.528000000000000025e+00,1.547500000000000000e+02,1.007777777777778141e+02
3.528000000000000025e+00,1.552500000000000000e+02,9.677777777777781409e+01
3.528000000000000025e+00,1.557500000000000000e+02,9.522222222222224275e+01
3.528000000000000025e+00,1.562500000000000000e+02,9.400000000000001421e+01
3.528000000000000025e+00,1.567500000000000000e+02,9.455555555555558556e+01
3.528000000000000025e+00,1.572500000000000000e+02,9.233333333333337123e+01
3.528000000000000025e+00,1.577500000000000000e+02,9.000000000000004263e+01
3.528000000000000025e+00,1.582500000000000000e+02,9.144444444444449971e+01
3.528000000000000025e+00,1.587500000000000000e+02,9.366666666666669983e+01
3.528000000000000025e+00,1.592500000000000000e+02,9.411111111111114269e+01
3.528000000000000025e+00,1.597500000000000000e+02,9.377777777777781409e+01
3.528000000000000025e+00,1.602500000000000000e+02,9.111111111111114269e+01
3.528000000000000025e+00,1.607500000000000000e+02,9.222222222222224275e+01
3.528000000000000025e+00,1.612500000000000000e+02,8.988888888888891415e+01
3.528000000000000025e+00,1.617500000000000000e+02,8.633333333333337123e+01
3.528000000000000025e+00,1.622500000000000000e+02,8.722222222222224275e+01
3.528000000000000025e+00,1.627500000000000000e+02,8.977777777777778567e+01
3.528000000000000025e+00,1.632500000000000000e+02,8.933333333333332860e+01
3.528000000000000025e+00,1.637500000000000000e+02,8.288888888888889994e+01
3.528000000000000025e+00,1.642500000000000000e+02,8.022222222222222854e+01
3.528000000000000025e+00,1.647500000000000000e+02,8.344444444444445708e+01
3.528000000000000025e+00,1.652500000000000000e+02,8.500000000000001421e+01
3.528000000000000025e+00,1.657500000000000000e+02,8.411111111111112848e+01
3.528000000000000025e+00,1.662500000000000000e+02,7.833333333333335702e+01
3.528000000000000025e+00,1.667500000000000000e+02,7.600000000000001421e+01
3.528000000000000025e+00,1.672500000000000000e+02,7.166666666666668561e+01
3.528000000000000025e+00,1.677500000000000000e+02,7.044444444444445708e+01
3.528000000000000025e+00,1.682500000000000000e+02,6.777777777777778567e+01
3.528000000000000025e+00,1.687500000000000000e+02,6.544444444444445708e+01
3.528000000000000025e+00,1.692500000000000000e+02,6.322222222222223564e+01
3.528000000000000025e+00,1.697500000000000000e+02,6.288888888888890705e+01
3.528000000000000025e+00,1.702500000000000000e+02,6.188888888888890705e+01
3.528000000000000025e+00,1.707500000000000000e+02,6.055555555555557135e+01
3.528000000000000025e+00,1.712500000000000000e+02,5.788888888888890705e+01
3.528000000000000025e+00,1.717500000000000000e+02,5.600000000000002132e+01
3.528000000000000025e+00,1.722500000000000000e+02,5.044444444444445708e+01
3.528000000000000025e+00,1.727500000000000000e+02,4.677777777777779278e+01
3.528000000000000025e+00,1.732500000000000000e+02,4.155555555555557135e+01
3.528000000000000025e+00,1.737500000000000000e+02,4.022222222222223564e+01
3.528000000000000025e+00,1.742500000000000000e+02,3.688888888888890705e+01
3.528000000000000025e+00,1.747500000000000000e+02,3.622222222222223564e+01
3.528000000000000025e+00,1.752500000000000000e+02,3.355555555555557135e+01
3.528000000000000025e+00,1.757500000000000000e+02,2.955555555555557135e+01
3.528000000000000025e+00,1.762500000000000000e+02,2.422222222222223920e+01
3.528000000000000025e+00,1.767500000000000000e+02,2.077777777777779278e+01
3.528000000000000025e+00,1.772500000000000000e+02,1.655555555555557135e+01
3.528000000000000025e+00,1.777500000000000000e+02,1.500000000000001599e+01
3.528000000000000025e+00,1.782500000000000000e+02,1.100000000000001599e+01
3.528000000000000025e+00,1.787500000000000000e+02,8.777777777777794554e+00
3.528000000000000025e+00,1.792500000000000000e+02,4.555555555555572234e+00
3.528000000000000025e+00,1.797500000000000000e+02,2.777777777777794110e+00
3.544000000000000039e+00,1.302500000000000000e+02,7.844444444444444287e+01
3.544000000000000039e+00,1.307500000000000000e+02,8.088888888888889994e+01
3.544000000000000039e+00,1.312500000000000000e+02,8.344444444444444287e+01
3.544000000000000039e+00,1.317500000000000000e+02,8.111111111111111427e+01
3.544000000000000039e+00,1.322500000000000000e+02,7.788888888888889994e+01
3.544000000000000039e+00,1.327500000000000000e+02,7.688888888888889994e+01
3.544000000000000039e+00,1.332500000000000000e+02,7.677777777777778567e+01
3.544000000000000039e+00,1.337500000000000000e+02,8.122222222222224275e+01
3.544000000000000039e+00,1.342500000000000000e+02,7.877777777777778567e+01
3.544000000000000039e+00,1.347500000000000000e+02,7.977777777777778567e+01
3.544000000000000039e+00,1.352500000000000000e+02,7.866666666666667140e+01
3.544000000000000039e+00,1.357500000000000000e+02,8.488888888888889994e+01
3.544000000000000039e+00,1.362500000000000000e+02,8.611111111111112848e+01
3.544000000000000039e+00,1.367500000000000000e+02,8.544444444444445708e+01
3.544000000000000039e+00,1.372500000000000000e+02,8.500000000000001421e+01
3.544000000000000039e+00,1.377500000000000000e+02,8.622222222222222854e+01
3.544000000000000039e+00,1.382500000000000000e+02,8.944444444444445708e+01
3.544000000000000039e+00,1.387500000000000000e+02,8.633333333333335702e+01
3.544000000000000039e+00,1.392500000000000000e+02,8.588888888888891415e+01
3.544000000000000039e+00,1.397500000000000000e+02,8.800000000000001421e+01
3.544000000000000039e+00,1.402500000000000000e+02,8.955555555555558556e+01
3.544000000000000039e+00,1.407500000000000000e+02,8.844444444444445708e+01
3.544000000000000039e+00,1.412500000000000000e+02,8.755555555555558556e+01
3.544000000000000039e+00,1.417500000000000000e+02,8.677777777777778567e+01
3.544000000000000039e+00,1.422500000000000000e+02,8.733333333333335702e+01
3.544000000000000039e+00,1.427500000000000000e+02,8.422222222222224275e+01
3.544000000000000039e+00,1.432500000000000000e+02,8.555555555555558556e+01
3.544000000000000039e+00,1.437500000000000000e+02,8.466666666666668561e+01
3.544000000000000039e+00,1.442500000000000000e+02,8.655555555555558556e+01
3.544000000000000039e+00,1.447500000000000000e+02,8.500000000000002842e+01
3.544000000000000039e+00,1.452500000000000000e+02,8.988888888888891415e+01
3.544000000000000039e+00,1.457500000000000000e+02,9.044444444444447129e+01
3.544000000000000039e+00,1.462500000000000000e+02,9.422222222222224275e+01
3.544000000000000039e+00,1.467500000000000000e+02,9.122222222222224275e+01
3.544000000000000039e+00,1.472500000000000000e+02,8.944444444444445708e+01
3.544000000000000039e+00,1.477500000000000000e+02,8.666666666666668561e+01
3.544000000000000039e+00,1.482500000000000000e+02,8.822222222222224275e+01
3.544000000000000039e+00,1.487500000000000000e+02,9.166666666666669983e+01
3.544000000000000039e+00,1.492500000000000000e+02,9.300000000000004263e+01
3.544000000000000039e+00,1.497500000000000000e+02,9.188888888888891415e+01
3.544000000000000039e+00,1.502500000000000000e+02,8.911111111111112848e+01
3.544000000000000039e+00,1.507500000000000000e+02,9.011111111111112848e+01
3.544000000000000039e+00,1.512500000000000000e+02,9.277777777777778567e+01
3.544000000000000039e+00,1.517500000000000000e+02,9.511111111111112848e+01
3.544000000000000039e+00,1.522500000000000000e+02,9.288888888888889994e+01
3.544000000000000039e+00,1.527500000000000000e+02,9.088888888888889994e+01
3.544000000000000039e+00,1.532500000000000000e+02,9.300000000000000000e+01
3.544000000000000039e+00,1.537500000000000000e+02,9.733333333333332860e+01
3.544000000000000039e+00,1.542500000000000000e+02,1.000000000000000000e+02
3.544000000000000039e+00,1.547500000000000000e+02,9.700000000000000000e+01
3.544000000000000039e+00,1.552500000000000000e+02,9.533333333333332860e+01
3.544000000000000039e+00,1.557500000000000000e+02,9.444444444444445708e+01
3.544000000000000039e+00,1.562500000000000000e+02,9.422222222222222854e+01
3.544000000000000039e+00,1.567500000000000000e+02,9.266666666666667140e+01
3.544000000000000039e+00,1.572500000000000000e+02,8.966666666666667140e+01
3.544000000000000039e+00,1.577500000000000000e+02,8.688888888888889994e+01
3.544000000000000039e+00,1.582500000000000000e+02,8.577777777777778567e+01
3.544000000000000039e+00,1.587500000000000000e+02,8.800000000000000000e+01
3.544000000000000039e+00,1.592500000000000000e+02,9.011111111111110006e+01
3.544000000000000039e+00,1.597500000000000000e+02,8.955555555555554292e+01
3.544000000000000039e+00,1.602500000000000000e+02,8.822222222222221433e+01
3.544000000000000039e+00,1.607500000000000000e+02,8.777777777777777146e+01
3.544000000000000039e+00,1.612500000000000000e+02,8.655555555555554292e+01
3.544000000000000039e+00,1.617500000000000000e+02,8.366666666666665719e+01
3.544000000000000039e+00,1.622500000000000000e+02,8.522222222222221433e+01
3.544000000000000039e+00,1.627500000000000000e+02,8.766666666666664298e+01
3.544000000000000039e+00,1.632500000000000000e+02,8.833333333333331439e+01
3.544000000000000039e+00,1.637500000000000000e+02,8.333333333333331439e+01
3.544000000000000039e+00,1.642500000000000000e+02,8.055555555555554292e+01
3.544000000000000039e+00,1.647500000000000000e+02,8.311111111111110006e+01
3.544000000000000039e+00,1.652500000000000000e+02,8.244444444444442865e+01
3.544000000000000039e+00,1.657500000000000000e+02,8.077777777777775725e+01
3.544000000000000039e+00,1.662500000000000000e+02,7.488888888888887152e+01
3.544000000000000039e+00,1.667500000000000000e+02,7.388888888888887152e+01
3.544000000000000039e+00,1.672500000000000000e+02,7.211111111111110006e+01
3.544000000000000039e+00,1.677500000000000000e+02,6.944444444444442865e+01
3.544000000000000039e+00,1.682500000000000000e+02,6.588888888888887152e+01
3.544000000000000039e+00,1.687500000000000000e+02,6.199999999999999289e+01
3.544000000000000039e+00,1.692500000000000000e+02,5.866666666666665719e+01
3.544000000000000039e+00,1.697500000000000000e+02,5.877777777777777146e+01
3.544000000000000039e+00,1.702500000000000000e+02,5.688888888888888573e+01
3.544000000000000039e+00,1.707500000000000000e+02,5.566666666666666430e+01
3.544000000000000039e+00,1.712500000000000000e+02,5.411111111111111427e+01
3.544000000000000039e+00,1.717500000000000000e+02,5.244444444444444997e+01
3.544000000000000039e+00,1.722500000000000000e+02,4.877777777777777857e+01
3.544000000000000039e+00,1.727500000000000000e+02,4.600000000000000000e+01
3.544000000000000039e+00,1.732500000000000000e+02,4.233333333333333570e+01
3.544000000000000039e+00,1.737500000000000000e+02,4.255555555555555003e+01
3.544000000000000039e+00,1.742500000000000000e+02,3.700000000000000000e+01
3.544000000000000039e+00,1.747500000000000000e+02,3.488888888888889284e+01
3.544000000000000039e+00,1.752500000000000000e+02,3.011111111111111427e+01
3.544000000000000039e+00,1.757500000000000000e+02,2.666666666666666785e+01
3.544000000000000039e+00,1.762500000000000000e+02,2.277777777777777501e+01
3.544000000000000039e+00,1.767500000000000000e+02,1.955555555555555358e+01
3.544000000000000039e+00,1.772500000000000000e+02,1.588888888888888751e+01
3.544000000000000039e+00,1.777500000000000000e+02,1.444444444444444287e+01
3.544000000000000039e+00,1.782500000000000000e+02,1.088888888888888573e+01
3.544000000000000039e+00,1.787500000000000000e+02,7.999999999999996447e+00
3.544000000000000039e+00,1.792500000000000000e+02,3.777777777777774570e+00
3.544000000000000039e+00,1.797500000000000000e+02,2.111111111111107608e+00
3.559999999999999609e+00,1.302500000000000000e+02,7.555555555555555713e+01
3.559999999999999609e+00,1.307500000000000000e+02,7.988888888888889994e+01
3.559999999999999609e+00,1.312500000000000000e+02,8.055555555555555713e+01
3.559999999999999609e+00,1.317500000000000000e+02,8.022222222222222854e+01
3.559999999999999609e+00,1.322500000000000000e+02,7.666666666666667140e+01
3.559999999999999609e+00,1.327500000000000000e+02,7.811111111111110006e+01
3.559999999999999609e+00,1.332500000000000000e+02,7.944444444444444287e+01
3.559999999999999609e+00,1.337500000000000000e+02,7.855555555555555713e+01
3.559999999999999609e+00,1.342500000000000000e+02,7.800000000000000000e+01
3.559999999999999609e+00,1.347500000000000000e+02,7.755555555555555713e+01
3.559999999999999609e+00,1.352500000000000000e+02,8.255555555555555713e+01
3.559999999999999609e+00,1.357500000000000000e+02,8.577777777777777146e+01
3.559999999999999609e+00,1.362500000000000000e+02,8.911111111111110006e+01
3.559999999999999609e+00,1.367500000000000000e+02,8.655555555555554292e+01
3.559999999999999609e+00,1.372500000000000000e+02,8.600000000000000000e+01
3.559999999999999609e+00,1.377500000000000000e+02,8.577777777777778567e+01
3.559999999999999609e+00,1.382500000000000000e+02,8.544444444444445708e+01
3.559999999999999609e+00,1.387500000000000000e+02,8.455555555555555713e+01
3.559999999999999609e+00,1.392500000000000000e+02,8.077777777777778567e+01
3.559999999999999609e+00,1.397500000000000000e+02,8.511111111111111427e+01
3.559999999999999609e+00,1.402500000000000000e+02,8.388888888888889994e+01
3.559999999999999609e+00,1.407500000000000000e+02,8.866666666666667140e+01
3.559999999999999609e+00,1.412500000000000000e+02,8.477777777777777146e+01
3.559999999999999609e+00,1.417500000000000000e+02,8.633333333333332860e+01
3.559999999999999609e+00,1.422500000000000000e+02,8.511111111111110006e+01
3.559999999999999609e+00,1.427500000000000000e+02,8.700000000000000000e+01
3.559999999999999609e+00,1.432500000000000000e+02,8.733333333333332860e+01
3.559999999999999609e+00,1.437500000000000000e+02,8.888888888888889994e+01
3.559999999999999609e+00,1.442500000000000000e+02,8.866666666666667140e+01
3.559999999999999609e+00,1.447500000000000000e+02,8.755555555555555713e+01
3.559999999999999609e+00,1.452500000000000000e+02,9.033333333333332860e+01
3.559999999999999609e+00,1.457500000000000000e+02,9.333333333333332860e+01
3.559999999999999609e+00,1.462500000000000000e+02,9.488888888888887152e+01
3.559999999999999609e+00,1.467500000000000000e+02,9.244444444444444287e+01
3.559999999999999609e+00,1.472500000000000000e+02,8.944444444444444287e+01
3.559999999999999609e+00,1.477500000000000000e+02,8.733333333333332860e+01
3.559999999999999609e+00,1.482500000000000000e+02,8.544444444444444287e+01
3.559999999999999609e+00,1.487500000000000000e+02,8.777777777777777146e+01
3.559999999999999609e+00,1.492500000000000000e+02,9.300000000000000000e+01
3.559999999999999609e+00,1.497500000000000000e+02,9.455555555555555713e+01
3.559999999999999609e+00,1.502500000000000000e+02,9.055555555555555713e+01
3.559999999999999609e+00,1.507500000000000000e+02,8.866666666666667140e+01
3.559999999999999609e+00,1.512500000000000000e+02,9.144444444444444287e+01
3.559999999999999609e+00,1.517500000000000000e+02,9.422222222222221433e+01
3.559999999999999609e+00,1.522500000000000000e+02,9.455555555555554292e+01
3.559999999999999609e+00,1.527500000000000000e+02,9.244444444444444287e+01
3.559999999999999609e+00,1.532500000000000000e+02,9.422222222222221433e+01
3.559999999999999609e+00,1.537500000000000000e+02,9.644444444444444287e+01
3.559999999999999609e+00,1.542500000000000000e+02,9.455555555555554292e+01
3.559999999999999609e+00,1.547500000000000000e+02,9.399999999999998579e+01
3.559999999999999609e+00,1.552500000000000000e+02,9.133333333333331439e+01
3.559999999999999609e+00,1.557500000000000000e+02,9.211111111111108585e+01
3.559999999999999609e+00,1.562500000000000000e+02,9.211111111111108585e+01
3.559999999999999609e+00,1.567500000000000000e+02,9.155555555555552871e+01
3.559999999999999609e+00,1.572500000000000000e+02,9.155555555555552871e+01
3.559999999999999609e+00,1.577500000000000000e+02,8.911111111111108585e+01
3.559999999999999609e+00,1.582500000000000000e+02,8.688888888888885731e+01
3.559999999999999609e+00,1.587500000000000000e+02,8.444444444444441444e+01
3.559999999999999609e+00,1.592500000000000000e+02,8.433333333333331439e+01
3.559999999999999609e+00,1.597500000000000000e+02,8.455555555555554292e+01
3.559999999999999609e+00,1.602500000000000000e+02,8.655555555555554292e+01
3.559999999999999609e+00,1.607500000000000000e+02,8.788888888888887152e+01
3.559999999999999609e+00,1.612500000000000000e+02,8.855555555555554292e+01
3.559999999999999609e+00,1.617500000000000000e+02,8.566666666666664298e+01
3.559999999999999609e+00,1.622500000000000000e+02,8.499999999999998579e+01
3.559999999999999609e+00,1.627500000000000000e+02,8.411111111111108585e+01
3.559999999999999609e+00,1.632500000000000000e+02,8.566666666666664298e+01
3.559999999999999609e+00,1.637500000000000000e+02,8.188888888888887152e+01
3.559999999999999609e+00,1.642500000000000000e+02,8.133333333333331439e+01
3.559999999999999609e+00,1.647500000000000000e+02,8.233333333333331439e+01
3.559999999999999609e+00,1.652500000000000000e+02,7.888888888888887152e+01
3.559999999999999609e+00,1.657500000000000000e+02,7.511111111111110006e+01
3.559999999999999609e+00,1.662500000000000000e+02,6.777777777777775725e+01
3.559999999999999609e+00,1.667500000000000000e+02,6.944444444444442865e+01
3.559999999999999609e+00,1.672500000000000000e+02,6.844444444444442865e+01
3.559999999999999609e+00,1.677500000000000000e+02,6.577777777777775725e+01
3.559999999999999609e+00,1.682500000000000000e+02,6.211111111111109295e+01
3.559999999999999609e+00,1.687500000000000000e+02,5.633333333333331439e+01
3.559999999999999609e+00,1.692500000000000000e+02,5.611111111111109295e+01
3.559999999999999609e+00,1.697500000000000000e+02,5.633333333333331439e+01
3.559999999999999609e+00,1.702500000000000000e+02,5.655555555555553582e+01
3.559999999999999609e+00,1.707500000000000000e+02,5.399999999999997868e+01
3.559999999999999609e+00,1.712500000000000000e+02,5.011111111111109295e+01
3.559999999999999609e+00,1.717500000000000000e+02,4.755555555555554292e+01
3.559999999999999609e+00,1.722500000000000000e+02,4.366666666666665719e+01
3.559999999999999609e+00,1.727500000000000000e+02,4.177777777777777146e+01
3.559999999999999609e+00,1.732500000000000000e+02,3.877777777777777146e+01
3.559999999999999609e+00,1.737500000000000000e+02,3.822222222222222143e+01
3.559999999999999609e+00,1.742500000000000000e+02,3.455555555555555003e+01
3.559999999999999609e+00,1.747500000000000000e+02,3.222222222222222143e+01
3.559999999999999609e+00,1.752500000000000000e+02,2.833333333333332860e+01
3.559999999999999609e+00,1.757500000000000000e+02,2.544444444444443931e+01
3.559999999999999609e+00,1.762500000000000000e+02,2.177777777777777146e+01
3.559999999999999609e+00,1.767500000000000000e+02,1.977777777777777146e+01
3.559999999999999609e+00,1.772500000000000000e+02,1.655555555555554648e+01
3.559999999999999609e+00,1.777500000000000000e+02,1.488888888888888040e+01
3.559999999999999609e+00,1.782500000000000000e+02,1.066666666666665897e+01
3.559999999999999609e+00,1.787500000000000000e+02,7.111111111111102723e+00
3.559999999999999609e+00,1.792500000000000000e+02,3.888888888888880402e+00
3.559999999999999609e+00,1.797500000000000000e+02,2.333333333333324600e+00
3.575999999999999623e+00,1.302500000000000000e+02,7.877777777777777146e+01
3.575999999999999623e+00,1.307500000000000000e+02,8.333333333333332860e+01
3.575999999999999623e+00,1.312500000000000000e+02,8.155555555555555713e+01
3.575999999999999623e+00,1.317500000000000000e+02,8.122222222222222854e+01
3.575999999999999623e+00,1.322500000000000000e+02,7.466666666666667140e+01
3.575999999999999623e+00,1.327500000000000000e+02,7.622222222222222854e+01
3.575999999999999623e+00,1.332500000000000000e+02,7.855555555555555713e+01
3.575999999999999623e+00,1.337500000000000000e+02,7.888888888888889994e+01
3.575999999999999623e+00,1.342500000000000000e+02,7.922222222222222854e+01
3.575999999999999623e+00,1.347500000000000000e+02,7.866666666666667140e+01
3.575999999999999623e+00,1.352500000000000000e+02,8.288888888888889994e+01
3.575999999999999623e+00,1.357500000000000000e+02,8.666666666666667140e+01
3.575999999999999623e+00,1.362500000000000000e+02,9.000000000000000000e+01
3.575999999999999623e+00,1.367500000000000000e+02,8.933333333333332860e+01
3.575999999999999623e+00,1.372500000000000000e+02,8.611111111111110006e+01
3.575999999999999623e+00,1.377500000000000000e+02,8.266666666666667140e+01
3.575999999999999623e+00,1.382500000000000000e+02,8.255555555555555713e+01
3.575999999999999623e+00,1.387500000000000000e+02,8.255555555555555713e+01
3.575999999999999623e+00,1.392500000000000000e+02,8.344444444444444287e+01
3.575999999999999623e+00,1.397500000000000000e+02,8.622222222222222854e+01
3.575999999999999623e+00,1.402500000000000000e+02,8.655555555555555713e+01
3.575999999999999623e+00,1.407500000000000000e+02,8.955555555555555713e+01
3.575999999999999623e+00,1.412500000000000000e+02,8.477777777777778567e+01
3.575999999999999623e+00,1.417500000000000000e+02,8.677777777777778567e+01
3.575999999999999623e+00,1.422500000000000000e+02,8.488888888888889994e+01
3.575999999999999623e+00,1.427500000000000000e+02,8.722222222222224275e+01
3.575999999999999623e+00,1.432500000000000000e+02,8.611111111111114269e+01
3.575999999999999623e+00,1.437500000000000000e+02,8.988888888888891415e+01
3.575999999999999623e+00,1.442500000000000000e+02,8.911111111111112848e+01
3.575999999999999623e+00,1.447500000000000000e+02,9.166666666666668561e+01
3.575999999999999623e+00,1.452500000000000000e+02,9.088888888888891415e+01
3.575999999999999623e+00,1.457500000000000000e+02,9.377777777777781409e+01
3.575999999999999623e+00,1.462500000000000000e+02,9.133333333333337123e+01
3.575999999999999623e+00,1.467500000000000000e+02,9.222222222222224275e+01
3.575999999999999623e+00,1.472500000000000000e+02,9.000000000000001421e+01
3.575999999999999623e+00,1.477500000000000000e+02,8.733333333333335702e+01
3.575999999999999623e+00,1.482500000000000000e+02,8.355555555555558556e+01
3.575999999999999623e+00,1.487500000000000000e+02,8.422222222222224275e+01
3.575999999999999623e+00,1.492500000000000000e+02,8.944444444444447129e+01
3.575999999999999623e+00,1.497500000000000000e+02,8.911111111111114269e+01
3.575999999999999623e+00,1.502500000000000000e+02,8.711111111111114269e+01
3.575999999999999623e+00,1.507500000000000000e+02,8.666666666666669983e+01
3.575999999999999623e+00,1.512500000000000000e+02,9.244444444444447129e+01
3.575999999999999623e+00,1.517500000000000000e+02,9.500000000000004263e+01
3.575999999999999623e+00,1.522500000000000000e+02,9.433333333333337123e+01
3.575999999999999623e+00,1.527500000000000000e+02,9.100000000000004263e+01
3.575999999999999623e+00,1.532500000000000000e+02,9.333333333333337123e+01
3.575999999999999623e+00,1.537500000000000000e+02,9.311111111111114269e+01
3.575999999999999623e+00,1.542500000000000000e+02,8.822222222222224275e+01
3.575999999999999623e+00,1.547500000000000000e+02,8.500000000000001421e+01
3.575999999999999623e+00,1.552500000000000000e+02,8.744444444444445708e+01
3.575999999999999623e+00,1.557500000000000000e+02,9.066666666666667140e+01
3.575999999999999623e+00,1.562500000000000000e+02,9.122222222222222854e+01
3.575999999999999623e+00,1.567500000000000000e+02,8.855555555555555713e+01
3.575999999999999623e+00,1.572500000000000000e+02,8.966666666666667140e+01
3.575999999999999623e+00,1.577500000000000000e+02,8.922222222222222854e+01
3.575999999999999623e+00,1.582500000000000000e+02,8.688888888888889994e+01
3.575999999999999623e+00,1.587500000000000000e+02,8.300000000000000000e+01
3.575999999999999623e+00,1.592500000000000000e+02,8.322222222222221433e+01
3.575999999999999623e+00,1.597500000000000000e+02,8.555555555555554292e+01
3.575999999999999623e+00,1.602500000000000000e+02,8.733333333333331439e+01
3.575999999999999623e+00,1.607500000000000000e+02,8.655555555555554292e+01
3.575999999999999623e+00,1.612500000000000000e+02,8.511111111111110006e+01
3.575999999999999623e+00,1.617500000000000000e+02,8.322222222222221433e+01
3.575999999999999623e+00,1.622500000000000000e+02,8.188888888888888573e+01
3.575999999999999623e+00,1.627500000000000000e+02,7.855555555555555713e+01
3.575999999999999623e+00,1.632500000000000000e+02,8.133333333333332860e+01
3.575999999999999623e+00,1.637500000000000000e+02,8.033333333333332860e+01
3.575999999999999623e+00,1.642500000000000000e+02,8.066666666666667140e+01
3.575999999999999623e+00,1.647500000000000000e+02,7.844444444444444287e+01
3.575999999999999623e+00,1.652500000000000000e+02,7.333333333333332860e+01
3.575999999999999623e+00,1.657500000000000000e+02,7.099999999999998579e+01
3.575999999999999623e+00,1.662500000000000000e+02,6.633333333333332860e+01
3.575999999999999623e+00,1.667500000000000000e+02,7.033333333333332860e+01
3.575999999999999623e+00,1.672500000000000000e+02,6.888888888888887152e+01
3.575999999999999623e+00,1.677500000000000000e+02,6.699999999999998579e+01
3.575999999999999623e+00,1.682500000000000000e+02,6.077777777777777146e+01
3.575999999999999623e+00,1.687500000000000000e+02,5.711111111111110716e+01
3.575999999999999623e+00,1.692500000000000000e+02,5.411111111111110716e+01
3.575999999999999623e+00,1.697500000000000000e+02,5.299999999999999289e+01
3.575999999999999623e+00,1.702500000000000000e+02,5.288888888888887863e+01
3.575999999999999623e+00,1.707500000000000000e+02,5.077777777777777146e+01
3.575999999999999623e+00,1.712500000000000000e+02,4.633333333333333570e+01
3.575999999999999623e+00,1.717500000000000000e+02,4.144444444444444287e+01
3.575999999999999623e+00,1.722500000000000000e+02,3.944444444444444287e+01
3.575999999999999623e+00,1.727500000000000000e+02,4.155555555555555003e+01
3.575999999999999623e+00,1.732500000000000000e+02,4.055555555555555003e+01
3.575999999999999623e+00,1.737500000000000000e+02,3.988888888888888573e+01
3.575999999999999623e+00,1.742500000000000000e+02,3.466666666666666430e+01
3.575999999999999623e+00,1.747500000000000000e+02,3.166666666666666785e+01
3.575999999999999623e+00,1.752500000000000000e+02,2.766666666666666785e+01
3.575999999999999623e+00,1.757500000000000000e+02,2.511111111111111072e+01
3.575999999999999623e+00,1.762500000000000000e+02,2.300000000000000000e+01
3.575999999999999623e+00,1.767500000000000000e+02,2.000000000000000000e+01
3.575999999999999623e+00,1.772500000000000000e+02,1.700000000000000000e+01
3.575999999999999623e+00,1.777500000000000000e+02,1.388888888888889106e+01
3.575999999999999623e+00,1.782500000000000000e+02,1.100000000000000178e+01
3.575999999999999623e+00,1.787500000000000000e+02,6.888888888888890172e+00
3.575999999999999623e+00,1.792500000000000000e+02,3.666666666666668295e+00
3.575999999999999623e+00,1.797500000000000000e+02,1.555555555555557135e+00
3.591999999999999638e+00,1.302500000000000000e+02,7.577777777777777146e+01
3.591999999999999638e+00,1.307500000000000000e+02,7.955555555555555713e+01
3.591999999999999638e+00,1.312500000000000000e+02,7.666666666666667140e+01
3.591999999999999638e+00,1.317500000000000000e+02,7.866666666666667140e+01
3.591999999999999638e+00,1.322500000000000000e+02,7.455555555555555713e+01
3.591999999999999638e+00,1.327500000000000000e+02,7.700000000000000000e+01
3.591999999999999638e+00,1.332500000000000000e+02,7.677777777777777146e+01
3.591999999999999638e+00,1.337500000000000000e+02,7.766666666666667140e+01
3.591999999999999638e+00,1.342500000000000000e+02,8.088888888888889994e+01
3.591999999999999638e+00,1.347500000000000000e+02,8.355555555555555713e+01
3.591999999999999638e+00,1.352500000000000000e+02,8.533333333333332860e+01
3.591999999999999638e+00,1.357500000000000000e+02,8.722222222222221433e+01
3.591999999999999638e+00,1.362500000000000000e+02,8.977777777777777146e+01
3.591999999999999638e+00,1.367500000000000000e+02,9.044444444444444287e+01
3.591999999999999638e+00,1.372500000000000000e+02,8.733333333333332860e+01
3.591999999999999638e+00,1.377500000000000000e+02,8.255555555555555713e+01
3.591999999999999638e+00,1.382500000000000000e+02,8.111111111111110006e+01
3.591999999999999638e+00,1.387500000000000000e+02,8.022222222222221433e+01
3.591999999999999638e+00,1.392500000000000000e+02,8.199999999999998579e+01
3.591999999999999638e+00,1.397500000000000000e+02,8.322222222222221433e+01
3.591999999999999638e+00,1.402500000000000000e+02,8.233333333333332860e+01
3.591999999999999638e+00,1.407500000000000000e+02,8.322222222222221433e+01
3.591999999999999638e+00,1.412500000000000000e+02,8.133333333333331439e+01
3.591999999999999638e+00,1.417500000000000000e+02,8.588888888888887152e+01
3.591999999999999638e+00,1.422500000000000000e+02,8.788888888888887152e+01
3.591999999999999638e+00,1.427500000000000000e+02,9.199999999999998579e+01
3.591999999999999638e+00,1.432500000000000000e+02,9.166666666666664298e+01
3.591999999999999638e+00,1.437500000000000000e+02,9.311111111111108585e+01
3.591999999999999638e+00,1.442500000000000000e+02,9.099999999999998579e+01
3.591999999999999638e+00,1.447500000000000000e+02,9.155555555555554292e+01
3.591999999999999638e+00,1.452500000000000000e+02,8.988888888888887152e+01
3.591999999999999638e+00,1.457500000000000000e+02,9.388888888888887152e+01
3.591999999999999638e+00,1.462500000000000000e+02,9.166666666666664298e+01
3.591999999999999638e+00,1.467500000000000000e+02,9.422222222222221433e+01
3.591999999999999638e+00,1.472500000000000000e+02,8.966666666666664298e+01
3.591999999999999638e+00,1.477500000000000000e+02,8.799999999999998579e+01
3.591999999999999638e+00,1.482500000000000000e+02,8.399999999999998579e+01
3.591999999999999638e+00,1.487500000000000000e+02,8.655555555555554292e+01
3.591999999999999638e+00,1.492500000000000000e+02,9.000000000000000000e+01
3.591999999999999638e+00,1.497500000000000000e+02,9.055555555555555713e+01
3.591999999999999638e+00,1.502500000000000000e+02,8.900000000000000000e+01
3.591999999999999638e+00,1.507500000000000000e+02,8.944444444444444287e+01
3.591999999999999638e+00,1.512500000000000000e+02,9.344444444444444287e+01
3.591999999999999638e+00,1.517500000000000000e+02,9.144444444444444287e+01
3.591999999999999638e+00,1.522500000000000000e+02,9.100000000000000000e+01
3.591999999999999638e+00,1.527500000000000000e+02,8.588888888888889994e+01
3.591999999999999638e+00,1.532500000000000000e+02,8.788888888888889994e+01
3.591999999999999638e+00,1.537500000000000000e+02,8.744444444444445708e+01
3.591999999999999638e+00,1.542500000000000000e+02,8.311111111111112848e+01
3.591999999999999638e+00,1.547500000000000000e+02,8.288888888888889994e+01
3.591999999999999638e+00,1.552500000000000000e+02,8.322222222222224275e+01
3.591999999999999638e+00,1.557500000000000000e+02,8.766666666666668561e+01
3.591999999999999638e+00,1.562500000000000000e+02,8.855555555555558556e+01
3.591999999999999638e+00,1.567500000000000000e+02,8.711111111111114269e+01
3.591999999999999638e+00,1.572500000000000000e+02,8.877777777777781409e+01
3.591999999999999638e+00,1.577500000000000000e+02,8.777777777777781409e+01
3.591999999999999638e+00,1.582500000000000000e+02,8.722222222222224275e+01
3.591999999999999638e+00,1.587500000000000000e+02,8.255555555555558556e+01
3.591999999999999638e+00,1.592500000000000000e+02,7.966666666666669983e+01
3.591999999999999638e+00,1.597500000000000000e+02,8.022222222222224275e+01
3.591999999999999638e+00,1.602500000000000000e+02,8.244444444444447129e+01
3.591999999999999638e+00,1.607500000000000000e+02,8.544444444444447129e+01
3.591999999999999638e+00,1.612500000000000000e+02,8.622222222222224275e+01
3.591999999999999638e+00,1.617500000000000000e+02,8.388888888888891415e+01
3.591999999999999638e+00,1.622500000000000000e+02,8.155555555555558556e+01
3.591999999999999638e+00,1.627500000000000000e+02,7.633333333333335702e+01
3.591999999999999638e+00,1.632500000000000000e+02,7.722222222222224275e+01
3.591999999999999638e+00,1.637500000000000000e+02,7.388888888888891415e+01
3.591999999999999638e+00,1.642500000000000000e+02,7.400000000000001421e+01
3.591999999999999638e+00,1.647500000000000000e+02,7.311111111111112848e+01
3.591999999999999638e+00,1.652500000000000000e+02,7.188888888888891415e+01
3.591999999999999638e+00,1.657500000000000000e+02,6.966666666666668561e+01
3.591999999999999638e+00,1.662500000000000000e+02,6.644444444444445708e+01
3.591999999999999638e+00,1.667500000000000000e+02,6.766666666666668561e+01
3.591999999999999638e+00,1.672500000000000000e+02,6.311111111111113559e+01
3.591999999999999638e+00,1.677500000000000000e+02,6.100000000000002132e+01
3.591999999999999638e+00,1.682500000000000000e+02,5.744444444444445708e+01
3.591999999999999638e+00,1.687500000000000000e+02,5.833333333333334991e+01
3.591999999999999638e+00,1.692500000000000000e+02,5.533333333333334991e+01
3.591999999999999638e+00,1.697500000000000000e+02,5.422222222222223564e+01
3.591999999999999638e+00,1.702500000000000000e+02,5.444444444444445708e+01
3.591999999999999638e+00,1.707500000000000000e+02,5.288888888888890705e+01
3.591999999999999638e+00,1.712500000000000000e+02,4.666666666666668561e+01
3.591999999999999638e+00,1.717500000000000000e+02,4.011111111111113559e+01
3.591999999999999638e+00,1.722500000000000000e+02,3.811111111111113559e+01
3.591999999999999638e+00,1.727500000000000000e+02,4.000000000000002132e+01
3.591999999999999638e+00,1.732500000000000000e+02,3.955555555555557135e+01
3.591999999999999638e+00,1.737500000000000000e+02,3.600000000000001421e+01
3.591999999999999638e+00,1.742500000000000000e+02,3.155555555555557135e+01
3.591999999999999638e+00,1.747500000000000000e+02,2.833333333333334636e+01
3.591999999999999638e+00,1.752500000000000000e+02,2.711111111111112493e+01
3.591999999999999638e+00,1.757500000000000000e+02,2.477777777777778923e+01
3.591999999999999638e+00,1.762500000000000000e+02,2.311111111111112493e+01
3.591999999999999638e+00,1.767500000000000000e+02,1.944444444444445708e+01
3.591999999999999638e+00,1.772500000000000000e+02,1.666666666666668206e+01
3.591999999999999638e+00,1.777500000000000000e+02,1.355555555555557135e+01
3.591999999999999638e+00,1.782500000000000000e+02,1.133333333333334991e+01
3.591999999999999638e+00,1.787500000000000000e+02,7.222222222222238308e+00
3.591999999999999638e+00,1.792500000000000000e+02,4.111111111111126704e+00
3.591999999999999638e+00,1.797500000000000000e+02,2.000000000000015543e+00
3.607999999999999652e+00,1.302500000000000000e+02,7.900000000000000000e+01
3.607999999999999652e+00,1.307500000000000000e+02,8.244444444444444287e+01
3.607999999999999652e+00,1.312500000000000000e+02,8.055555555555554292e+01
3.607999999999999652e+00,1.317500000000000000e+02,8.122222222222221433e+01
3.607999999999999652e+00,1.322500000000000000e+02,7.455555555555554292e+01
3.607999999999999652e+00,1.327500000000000000e+02,7.688888888888887152e+01
3.607999999999999652e+00,1.332500000000000000e+02,7.711111111111110006e+01
3.607999999999999652e+00,1.337500000000000000e+02,8.099999999999998579e+01
3.607999999999999652e+00,1.342500000000000000e+02,8.188888888888887152e+01
3.607999999999999652e+00,1.347500000000000000e+02,8.499999999999998579e+01
3.607999999999999652e+00,1.352500000000000000e+02,8.333333333333332860e+01
3.607999999999999652e+00,1.357500000000000000e+02,8.600000000000000000e+01
3.607999999999999652e+00,1.362500000000000000e+02,8.833333333333332860e+01
3.607999999999999652e+00,1.367500000000000000e+02,9.122222222222221433e+01
3.607999999999999652e+00,1.372500000000000000e+02,8.633333333333331439e+01
3.607999999999999652e+00,1.377500000000000000e+02,8.088888888888887152e+01
3.607999999999999652e+00,1.382500000000000000e+02,8.155555555555552871e+01
3.607999999999999652e+00,1.387500000000000000e+02,8.311111111111108585e+01
3.607999999999999652e+00,1.392500000000000000e+02,8.855555555555554292e+01
3.607999999999999652e+00,1.397500000000000000e+02,8.811111111111110006e+01
3.607999999999999652e+00,1.402500000000000000e+02,8.711111111111110006e+01
3.607999999999999652e+00,1.407500000000000000e+02,8.477777777777777146e+01
3.607999999999999652e+00,1.412500000000000000e+02,8.533333333333332860e+01
3.607999999999999652e+00,1.417500000000000000e+02,8.888888888888887152e+01
3.607999999999999652e+00,1.422500000000000000e+02,8.999999999999998579e+01
3.607999999999999652e+00,1.427500000000000000e+02,9.211111111111108585e+01
3.607999999999999652e+00,1.432500000000000000e+02,9.322222222222221433e+01
3.607999999999999652e+00,1.437500000000000000e+02,9.266666666666664298e+01
3.607999999999999652e+00,1.442500000000000000e+02,8.777777777777775725e+01
3.607999999999999652e+00,1.447500000000000000e+02,8.544444444444441444e+01
3.607999999999999652e+00,1.452500000000000000e+02,8.466666666666664298e+01
3.607999999999999652e+00,1.457500000000000000e+02,8.855555555555554292e+01
3.607999999999999652e+00,1.462500000000000000e+02,8.888888888888887152e+01
3.607999999999999652e+00,1.467500000000000000e+02,9.144444444444444287e+01
3.607999999999999652e+00,1.472500000000000000e+02,9.211111111111110006e+01
3.607999999999999652e+00,1.477500000000000000e+02,8.866666666666667140e+01
3.607999999999999652e+00,1.482500000000000000e+02,8.800000000000000000e+01
3.607999999999999652e+00,1.487500000000000000e+02,8.622222222222222854e+01
3.607999999999999652e+00,1.492500000000000000e+02,8.733333333333332860e+01
3.607999999999999652e+00,1.497500000000000000e+02,8.611111111111110006e+01
3.607999999999999652e+00,1.502500000000000000e+02,8.833333333333332860e+01
3.607999999999999652e+00,1.507500000000000000e+02,9.088888888888887152e+01
3.607999999999999652e+00,1.512500000000000000e+02,9.299999999999998579e+01
3.607999999999999652e+00,1.517500000000000000e+02,8.977777777777775725e+01
3.607999999999999652e+00,1.522500000000000000e+02,8.911111111111108585e+01
3.607999999999999652e+00,1.527500000000000000e+02,8.411111111111108585e+01
3.607999999999999652e+00,1.532500000000000000e+02,8.422222222222218591e+01
3.607999999999999652e+00,1.537500000000000000e+02,8.544444444444441444e+01
3.607999999999999652e+00,1.542500000000000000e+02,8.455555555555552871e+01
3.607999999999999652e+00,1.547500000000000000e+02,8.488888888888887152e+01
3.607999999999999652e+00,1.552500000000000000e+02,8.455555555555552871e+01
3.607999999999999652e+00,1.557500000000000000e+02,8.799999999999998579e+01
3.607999999999999652e+00,1.562500000000000000e+02,8.811111111111108585e+01
3.607999999999999652e+00,1.567500000000000000e+02,8.622222222222218591e+01
3.607999999999999652e+00,1.572500000000000000e+02,8.511111111111108585e+01
3.607999999999999652e+00,1.577500000000000000e+02,8.399999999999998579e+01
3.607999999999999652e+00,1.582500000000000000e+02,8.488888888888887152e+01
3.607999999999999652e+00,1.587500000000000000e+02,8.399999999999998579e+01
3.607999999999999652e+00,1.592500000000000000e+02,8.255555555555554292e+01
3.607999999999999652e+00,1.597500000000000000e+02,8.288888888888887152e+01
3.607999999999999652e+00,1.602500000000000000e+02,8.388888888888887152e+01
3.607999999999999652e+00,1.607500000000000000e+02,8.499999999999998579e+01
3.607999999999999652e+00,1.612500000000000000e+02,8.488888888888887152e+01
3.607999999999999652e+00,1.617500000000000000e+02,8.288888888888887152e+01
3.607999999999999652e+00,1.622500000000000000e+02,8.133333333333331439e+01
3.607999999999999652e+00,1.627500000000000000e+02,7.566666666666664298e+01
3.607999999999999652e+00,1.632500000000000000e+02,7.499999999999998579e+01
3.607999999999999652e+00,1.637500000000000000e+02,7.033333333333331439e+01
3.607999999999999652e+00,1.642500000000000000e+02,6.788888888888887152e+01
3.607999999999999652e+00,1.647500000000000000e+02,6.611111111111108585e+01
3.607999999999999652e+00,1.652500000000000000e+02,6.544444444444441444e+01
3.607999999999999652e+00,1.657500000000000000e+02,6.655555555555552871e+01
3.607999999999999652e+00,1.662500000000000000e+02,6.499999999999998579e+01
3.607999999999999652e+00,1.667500000000000000e+02,6.699999999999998579e+01
3.607999999999999652e+00,1.672500000000000000e+02,6.288888888888886441e+01
3.607999999999999652e+00,1.677500000000000000e+02,5.966666666666665009e+01
3.607999999999999652e+00,1.682500000000000000e+02,5.622222222222220722e+01
3.607999999999999652e+00,1.687500000000000000e+02,5.711111111111109295e+01
3.607999999999999652e+00,1.692500000000000000e+02,5.499999999999997868e+01
3.607999999999999652e+00,1.697500000000000000e+02,5.377777777777776436e+01
3.607999999999999652e+00,1.702500000000000000e+02,5.233333333333331439e+01
3.607999999999999652e+00,1.707500000000000000e+02,4.888888888888886441e+01
3.607999999999999652e+00,1.712500000000000000e+02,4.388888888888886441e+01
3.607999999999999652e+00,1.717500000000000000e+02,3.766666666666665009e+01
3.607999999999999652e+00,1.722500000000000000e+02,3.722222222222220722e+01
3.607999999999999652e+00,1.727500000000000000e+02,3.855555555555553582e+01
3.607999999999999652e+00,1.732500000000000000e+02,3.888888888888887152e+01
3.607999999999999652e+00,1.737500000000000000e+02,3.722222222222220722e+01
3.607999999999999652e+00,1.742500000000000000e+02,3.244444444444442865e+01
3.607999999999999652e+00,1.747500000000000000e+02,2.922222222222220367e+01
3.607999999999999652e+00,1.752500000000000000e+02,2.677777777777776080e+01
3.607999999999999652e+00,1.757500000000000000e+02,2.411111111111109651e+01
3.607999999999999652e+00,1.762500000000000000e+02,2.311111111111109651e+01
3.607999999999999652e+00,1.767500000000000000e+02,1.866666666666665009e+01
3.607999999999999652e+00,1.772500000000000000e+02,1.488888888888887152e+01
3.607999999999999652e+00,1.777500000000000000e+02,1.033333333333331616e+01
3.607999999999999652e+00,1.782500000000000000e+02,9.111111111111094729e+00
3.607999999999999652e+00,1.787500000000000000e+02,6.222222222222207222e+00
3.607999999999999652e+00,1.792500000000000000e+02,3.666666666666651864e+00
3.607999999999999652e+00,1.797500000000000000e+02,1.333333333333318604e+00
3.623999999999999666e+00,1.302500000000000000e+02,8.300000000000000000e+01
3.623999999999999666e+00,1.307500000000000000e+02,8.266666666666667140e+01
3.623999999999999666e+00,1.312500000000000000e+02,8.022222222222221433e+01
3.623999999999999666e+00,1.317500000000000000e+02,7.844444444444444287e+01
3.623999999999999666e+00,1.322500000000000000e+02,7.733333333333332860e+01
3.623999999999999666e+00,1.327500000000000000e+02,8.233333333333332860e+01
3.623999999999999666e+00,1.332500000000000000e+02,8.322222222222221433e+01
3.623999999999999666e+00,1.337500000000000000e+02,8.533333333333332860e+01
3.623999999999999666e+00,1.342500000000000000e+02,8.299999999999998579e+01
3.623999999999999666e+00,1.347500000000000000e+02,8.677777777777777146e+01
3.623999999999999666e+00,1.352500000000000000e+02,8.711111111111110006e+01
3.623999999999999666e+00,1.357500000000000000e+02,8.766666666666667140e+01
3.623999999999999666e+00,1.362500000000000000e+02,8.811111111111112848e+01
3.623999999999999666e+00,1.367500000000000000e+02,8.744444444444445708e+01
3.623999999999999666e+00,1.372500000000000000e+02,8.877777777777778567e+01
3.623999999999999666e+00,1.377500000000000000e+02,8.533333333333332860e+01
3.623999999999999666e+00,1.382500000000000000e+02,8.488888888888888573e+01
3.623999999999999666e+00,1.387500000000000000e+02,8.388888888888888573e+01
3.623999999999999666e+00,1.392500000000000000e+02,8.611111111111110006e+01
3.623999999999999666e+00,1.397500000000000000e+02,8.666666666666667140e+01
3.623999999999999666e+00,1.402500000000000000e+02,8.277777777777777146e+01
3.623999999999999666e+00,1.407500000000000000e+02,8.244444444444444287e+01
3.623999999999999666e+00,1.412500000000000000e+02,8.422222222222221433e+01
3.623999999999999666e+00,1.417500000000000000e+02,8.755555555555554292e+01
3.623999999999999666e+00,1.422500000000000000e+02,8.855555555555554292e+01
3.623999999999999666e+00,1.427500000000000000e+02,8.955555555555554292e+01
3.623999999999999666e+00,1.432500000000000000e+02,9.033333333333332860e+01
3.623999999999999666e+00,1.437500000000000000e+02,8.744444444444444287e+01
3.623999999999999666e+00,1.442500000000000000e+02,8.288888888888888573e+01
3.623999999999999666e+00,1.447500000000000000e+02,8.155555555555555713e+01
3.623999999999999666e+00,1.452500000000000000e+02,8.288888888888888573e+01
3.623999999999999666e+00,1.457500000000000000e+02,8.677777777777777146e+01
3.623999999999999666e+00,1.462500000000000000e+02,8.655555555555554292e+01
3.623999999999999666e+00,1.467500000000000000e+02,8.677777777777777146e+01
3.623999999999999666e+00,1.472500000000000000e+02,8.688888888888887152e+01
3.623999999999999666e+00,1.477500000000000000e+02,8.566666666666664298e+01
3.623999999999999666e+00,1.482500000000000000e+02,8.677777777777775725e+01
3.623999999999999666e+00,1.487500000000000000e+02,8.688888888888885731e+01
3.623999999999999666e+00,1.492500000000000000e+02,8.988888888888885731e+01
3.623999999999999666e+00,1.497500000000000000e+02,8.788888888888885731e+01
3.623999999999999666e+00,1.502500000000000000e+02,8.955555555555552871e+01
3.623999999999999666e+00,1.507500000000000000e+02,8.833333333333330017e+01
3.623999999999999666e+00,1.512500000000000000e+02,8.933333333333330017e+01
3.623999999999999666e+00,1.517500000000000000e+02,8.622222222222218591e+01
3.623999999999999666e+00,1.522500000000000000e+02,8.777777777777775725e+01
3.623999999999999666e+00,1.527500000000000000e+02,8.588888888888887152e+01
3.623999999999999666e+00,1.532500000000000000e+02,8.388888888888887152e+01
3.623999999999999666e+00,1.537500000000000000e+02,8.522222222222221433e+01
3.623999999999999666e+00,1.542500000000000000e+02,8.633333333333331439e+01
3.623999999999999666e+00,1.547500000000000000e+02,8.688888888888887152e+01
3.623999999999999666e+00,1.552500000000000000e+02,8.433333333333332860e+01
3.623999999999999666e+00,1.557500000000000000e+02,8.311111111111110006e+01
3.623999999999999666e+00,1.562500000000000000e+02,8.477777777777777146e+01
3.623999999999999666e+00,1.567500000000000000e+02,8.377777777777777146e+01
3.623999999999999666e+00,1.572500000000000000e+02,8.400000000000000000e+01
3.623999999999999666e+00,1.577500000000000000e+02,8.155555555555555713e+01
3.623999999999999666e+00,1.582500000000000000e+02,8.300000000000000000e+01
3.623999999999999666e+00,1.587500000000000000e+02,8.066666666666667140e+01
3.623999999999999666e+00,1.592500000000000000e+02,8.188888888888889994e+01
3.623999999999999666e+00,1.597500000000000000e+02,7.944444444444445708e+01
3.623999999999999666e+00,1.602500000000000000e+02,8.255555555555555713e+01
3.623999999999999666e+00,1.607500000000000000e+02,8.133333333333332860e+01
3.623999999999999666e+00,1.612500000000000000e+02,8.344444444444444287e+01
3.623999999999999666e+00,1.617500000000000000e+02,7.955555555555555713e+01
3.623999999999999666e+00,1.622500000000000000e+02,7.688888888888888573e+01
3.623999999999999666e+00,1.627500000000000000e+02,7.200000000000000000e+01
3.623999999999999666e+00,1.632500000000000000e+02,6.966666666666667140e+01
3.623999999999999666e+00,1.637500000000000000e+02,6.600000000000000000e+01
3.623999999999999666e+00,1.642500000000000000e+02,6.244444444444444997e+01
3.623999999999999666e+00,1.647500000000000000e+02,6.211111111111111427e+01
3.623999999999999666e+00,1.652500000000000000e+02,6.200000000000000000e+01
3.623999999999999666e+00,1.657500000000000000e+02,6.211111111111111427e+01
3.623999999999999666e+00,1.662500000000000000e+02,6.066666666666666430e+01
3.623999999999999666e+00,1.667500000000000000e+02,6.022222222222222854e+01
3.623999999999999666e+00,1.672500000000000000e+02,5.811111111111111427e+01
3.623999999999999666e+00,1.677500000000000000e+02,5.655555555555556424e+01
3.623999999999999666e+00,1.682500000000000000e+02,5.466666666666666430e+01
3.623999999999999666e+00,1.687500000000000000e+02,5.388888888888889284e+01
3.623999999999999666e+00,1.692500000000000000e+02,5.266666666666667851e+01
3.623999999999999666e+00,1.697500000000000000e+02,5.155555555555556424e+01
3.623999999999999666e+00,1.702500000000000000e+02,5.088888888888889284e+01
3.623999999999999666e+00,1.707500000000000000e+02,4.744444444444444997e+01
3.623999999999999666e+00,1.712500000000000000e+02,4.355555555555556424e+01
3.623999999999999666e+00,1.717500000000000000e+02,3.788888888888889284e+01
3.623999999999999666e+00,1.722500000000000000e+02,3.633333333333334281e+01
3.623999999999999666e+00,1.727500000000000000e+02,3.600000000000000711e+01
3.623999999999999666e+00,1.732500000000000000e+02,3.533333333333334281e+01
3.623999999999999666e+00,1.737500000000000000e+02,3.300000000000000711e+01
3.623999999999999666e+00,1.742500000000000000e+02,2.966666666666667496e+01
3.623999999999999666e+00,1.747500000000000000e+02,2.666666666666667496e+01
3.623999999999999666e+00,1.752500000000000000e+02,2.500000000000001066e+01
3.623999999999999666e+00,1.757500000000000000e+02,2.255555555555556069e+01
3.623999999999999666e+00,1.762500000000000000e+02,2.177777777777778567e+01
3.623999999999999666e+00,1.767500000000000000e+02,1.700000000000000711e+01
3.623999999999999666e+00,1.772500000000000000e+02,1.244444444444445175e+01
3.623999999999999666e+00,1.777500000000000000e+02,8.333333333333341031e+00
3.623999999999999666e+00,1.782500000000000000e+02,7.333333333333341919e+00
3.623999999999999666e+00,1.787500000000000000e+02,6.111111111111118710e+00
3.623999999999999666e+00,1.792500000000000000e+02,3.888888888888896389e+00
3.623999999999999666e+00,1.797500000000000000e+02,2.000000000000007550e+00
3.639999999999999680e+00,1.302500000000000000e+02,8.111111111111110006e+01
3.639999999999999680e+00,1.307500000000000000e+02,8.233333333333332860e+01
3.639999999999999680e+00,1.312500000000000000e+02,8.111111111111111427e+01
3.639999999999999680e+00,1.317500000000000000e+02,8.088888888888889994e+01
3.639999999999999680e+00,1.322500000000000000e+02,7.777777777777778567e+01
3.639999999999999680e+00,1.327500000000000000e+02,8.177777777777778567e+01
3.639999999999999680e+00,1.332500000000000000e+02,8.522222222222222854e+01
3.639999999999999680e+00,1.337500000000000000e+02,8.822222222222222854e+01
3.639999999999999680e+00,1.342500000000000000e+02,8.700000000000000000e+01
3.639999999999999680e+00,1.347500000000000000e+02,8.677777777777778567e+01
3.639999999999999680e+00,1.352500000000000000e+02,8.722222222222222854e+01
3.639999999999999680e+00,1.357500000000000000e+02,8.611111111111112848e+01
3.639999999999999680e+00,1.362500000000000000e+02,8.566666666666667140e+01
3.639999999999999680e+00,1.367500000000000000e+02,8.511111111111110006e+01
3.639999999999999680e+00,1.372500000000000000e+02,8.366666666666665719e+01
3.639999999999999680e+00,1.377500000000000000e+02,8.155555555555554292e+01
3.639999999999999680e+00,1.382500000000000000e+02,8.133333333333332860e+01
3.639999999999999680e+00,1.387500000000000000e+02,8.466666666666665719e+01
3.639999999999999680e+00,1.392500000000000000e+02,8.622222222222221433e+01
3.639999999999999680e+00,1.397500000000000000e+02,8.622222222222221433e+01
3.639999999999999680e+00,1.402500000000000000e+02,8.288888888888887152e+01
3.639999999999999680e+00,1.407500000000000000e+02,8.366666666666664298e+01
3.639999999999999680e+00,1.412500000000000000e+02,8.288888888888887152e+01
3.639999999999999680e+00,1.417500000000000000e+02,8.288888888888887152e+01
3.639999999999999680e+00,1.422500000000000000e+02,8.299999999999998579e+01
3.639999999999999680e+00,1.427500000000000000e+02,8.388888888888887152e+01
3.639999999999999680e+00,1.432500000000000000e+02,8.322222222222221433e+01
3.639999999999999680e+00,1.437500000000000000e+02,8.022222222222221433e+01
3.639999999999999680e+00,1.442500000000000000e+02,8.011111111111110006e+01
3.639999999999999680e+00,1.447500000000000000e+02,8.322222222222221433e+01
3.639999999999999680e+00,1.452500000000000000e+02,8.311111111111110006e+01
3.639999999999999680e+00,1.457500000000000000e+02,8.266666666666665719e+01
3.639999999999999680e+00,1.462500000000000000e+02,7.966666666666665719e+01
3.639999999999999680e+00,1.467500000000000000e+02,8.111111111111110006e+01
3.639999999999999680e+00,1.472500000000000000e+02,8.400000000000000000e+01
3.639999999999999680e+00,1.477500000000000000e+02,8.588888888888887152e+01
3.639999999999999680e+00,1.482500000000000000e+02,8.733333333333332860e+01
3.639999999999999680e+00,1.487500000000000000e+02,8.488888888888889994e+01
3.639999999999999680e+00,1.492500000000000000e+02,8.588888888888889994e+01
3.639999999999999680e+00,1.497500000000000000e+02,8.233333333333332860e+01
3.639999999999999680e+00,1.502500000000000000e+02,8.522222222222221433e+01
3.639999999999999680e+00,1.507500000000000000e+02,8.400000000000000000e+01
3.639999999999999680e+00,1.512500000000000000e+02,8.622222222222222854e+01
3.639999999999999680e+00,1.517500000000000000e+02,8.433333333333334281e+01
3.639999999999999680e+00,1.522500000000000000e+02,8.566666666666667140e+01
3.639999999999999680e+00,1.527500000000000000e+02,8.566666666666667140e+01
3.639999999999999680e+00,1.532500000000000000e+02,8.266666666666667140e+01
3.639999999999999680e+00,1.537500000000000000e+02,8.533333333333332860e+01
3.639999999999999680e+00,1.542500000000000000e+02,8.733333333333332860e+01
3.639999999999999680e+00,1.547500000000000000e+02,8.611111111111110006e+01
3.639999999999999680e+00,1.552500000000000000e+02,8.199999999999998579e+01
3.639999999999999680e+00,1.557500000000000000e+02,7.911111111111110006e+01
3.639999999999999680e+00,1.562500000000000000e+02,8.188888888888887152e+01
3.639999999999999680e+00,1.567500000000000000e+02,8.111111111111110006e+01
3.639999999999999680e+00,1.572500000000000000e+02,8.233333333333332860e+01
3.639999999999999680e+00,1.577500000000000000e+02,8.055555555555555713e+01
3.639999999999999680e+00,1.582500000000000000e+02,8.277777777777778567e+01
3.639999999999999680e+00,1.587500000000000000e+02,8.000000000000001421e+01
3.639999999999999680e+00,1.592500000000000000e+02,8.222222222222222854e+01
3.639999999999999680e+00,1.597500000000000000e+02,7.811111111111111427e+01
3.639999999999999680e+00,1.602500000000000000e+02,8.000000000000000000e+01
3.639999999999999680e+00,1.607500000000000000e+02,7.733333333333332860e+01
3.639999999999999680e+00,1.612500000000000000e+02,8.066666666666667140e+01
3.639999999999999680e+00,1.617500000000000000e+02,7.777777777777777146e+01
3.639999999999999680e+00,1.622500000000000000e+02,7.666666666666665719e+01
3.639999999999999680e+00,1.627500000000000000e+02,7.077777777777777146e+01
3.639999999999999680e+00,1.632500000000000000e+02,6.888888888888888573e+01
3.639999999999999680e+00,1.637500000000000000e+02,6.688888888888888573e+01
3.639999999999999680e+00,1.642500000000000000e+02,6.488888888888888573e+01
3.639999999999999680e+00,1.647500000000000000e+02,6.633333333333332860e+01
3.639999999999999680e+00,1.652500000000000000e+02,6.166666666666666430e+01
3.639999999999999680e+00,1.657500000000000000e+02,6.077777777777777857e+01
3.639999999999999680e+00,1.662500000000000000e+02,5.566666666666666430e+01
3.639999999999999680e+00,1.667500000000000000e+02,5.777777777777777146e+01
3.639999999999999680e+00,1.672500000000000000e+02,5.755555555555555003e+01
3.639999999999999680e+00,1.677500000000000000e+02,5.788888888888888573e+01
3.639999999999999680e+00,1.682500000000000000e+02,5.366666666666666430e+01
3.639999999999999680e+00,1.687500000000000000e+02,4.922222222222222143e+01
3.639999999999999680e+00,1.692500000000000000e+02,4.900000000000000000e+01
3.639999999999999680e+00,1.697500000000000000e+02,4.733333333333333570e+01
3.639999999999999680e+00,1.702500000000000000e+02,4.922222222222222143e+01
3.639999999999999680e+00,1.707500000000000000e+02,4.433333333333333570e+01
3.639999999999999680e+00,1.712500000000000000e+02,4.344444444444444997e+01
3.639999999999999680e+00,1.717500000000000000e+02,3.777777777777777857e+01
3.639999999999999680e+00,1.722500000000000000e+02,3.488888888888889284e+01
3.639999999999999680e+00,1.727500000000000000e+02,3.255555555555555713e+01
3.639999999999999680e+00,1.732500000000000000e+02,3.033333333333333215e+01
3.639999999999999680e+00,1.737500000000000000e+02,3.022222222222222499e+01
3.639999999999999680e+00,1.742500000000000000e+02,2.855555555555555713e+01
3.639999999999999680e+00,1.747500000000000000e+02,2.711111111111111427e+01
3.639999999999999680e+00,1.752500000000000000e+02,2.466666666666666785e+01
3.639999999999999680e+00,1.757500000000000000e+02,2.200000000000000000e+01
3.639999999999999680e+00,1.762500000000000000e+02,2.111111111111111072e+01
3.639999999999999680e+00,1.767500000000000000e+02,1.744444444444444287e+01
3.639999999999999680e+00,1.772500000000000000e+02,1.333333333333333393e+01
3.639999999999999680e+00,1.777500000000000000e+02,9.000000000000000000e+00
3.639999999999999680e+00,1.782500000000000000e+02,6.555555555555556246e+00
3.639999999999999680e+00,1.787500000000000000e+02,5.666666666666666963e+00
3.639999999999999680e+00,1.792500000000000000e+02,3.777777777777777235e+00
3.639999999999999680e+00,1.797500000000000000e+02,1.666666666666666075e+00
3.655999999999999694e+00,1.302500000000000000e+02,8.133333333333332860e+01
3.655999999999999694e+00,1.307500000000000000e+02,8.077777777777777146e+01
3.655999999999999694e+00,1.312500000000000000e+02,7.933333333333332860e+01
3.655999999999999694e+00,1.317500000000000000e+02,8.177777777777777146e+01
3.655999999999999694e+00,1.322500000000000000e+02,8.244444444444444287e+01
3.655999999999999694e+00,1.327500000000000000e+02,8.344444444444444287e+01
3.655999999999999694e+00,1.332500000000000000e+02,8.633333333333332860e+01
3.655999999999999694e+00,1.337500000000000000e+02,8.688888888888889994e+01
3.655999999999999694e+00,1.342500000000000000e+02,8.755555555555555713e+01
3.655999999999999694e+00,1.347500000000000000e+02,8.700000000000000000e+01
3.655999999999999694e+00,1.352500000000000000e+02,8.788888888888889994e+01
3.655999999999999694e+00,1.357500000000000000e+02,8.722222222222222854e+01
3.655999999999999694e+00,1.362500000000000000e+02,8.633333333333332860e+01
3.655999999999999694e+00,1.367500000000000000e+02,8.500000000000000000e+01
3.655999999999999694e+00,1.372500000000000000e+02,8.688888888888887152e+01
3.655999999999999694e+00,1.377500000000000000e+02,8.499999999999998579e+01
3.655999999999999694e+00,1.382500000000000000e+02,8.444444444444441444e+01
3.655999999999999694e+00,1.387500000000000000e+02,8.266666666666664298e+01
3.655999999999999694e+00,1.392500000000000000e+02,8.244444444444441444e+01
3.655999999999999694e+00,1.397500000000000000e+02,8.266666666666664298e+01
3.655999999999999694e+00,1.402500000000000000e+02,8.288888888888887152e+01
3.655999999999999694e+00,1.407500000000000000e+02,8.388888888888887152e+01
3.655999999999999694e+00,1.412500000000000000e+02,8.088888888888887152e+01
3.655999999999999694e+00,1.417500000000000000e+02,7.988888888888887152e+01
3.655999999999999694e+00,1.422500000000000000e+02,7.833333333333332860e+01
3.655999999999999694e+00,1.427500000000000000e+02,8.199999999999998579e+01
3.655999999999999694e+00,1.432500000000000000e+02,7.966666666666665719e+01
3.655999999999999694e+00,1.437500000000000000e+02,8.022222222222221433e+01
3.655999999999999694e+00,1.442500000000000000e+02,8.322222222222221433e+01
3.655999999999999694e+00,1.447500000000000000e+02,8.911111111111108585e+01
3.655999999999999694e+00,1.452500000000000000e+02,8.911111111111108585e+01
3.655999999999999694e+00,1.457500000000000000e+02,8.422222222222218591e+01
3.655999999999999694e+00,1.462500000000000000e+02,7.733333333333330017e+01
3.655999999999999694e+00,1.467500000000000000e+02,7.777777777777775725e+01
3.655999999999999694e+00,1.472500000000000000e+02,7.833333333333331439e+01
3.655999999999999694e+00,1.477500000000000000e+02,8.233333333333331439e+01
3.655999999999999694e+00,1.482500000000000000e+02,8.222222222222220012e+01
3.655999999999999694e+00,1.487500000000000000e+02,8.222222222222220012e+01
3.655999999999999694e+00,1.492500000000000000e+02,8.499999999999998579e+01
3.655999999999999694e+00,1.497500000000000000e+02,8.177777777777775725e+01
3.655999999999999694e+00,1.502500000000000000e+02,8.144444444444442865e+01
3.655999999999999694e+00,1.507500000000000000e+02,7.788888888888887152e+01
3.655999999999999694e+00,1.512500000000000000e+02,8.111111111111110006e+01
3.655999999999999694e+00,1.517500000000000000e+02,8.188888888888887152e+01
3.655999999999999694e+00,1.522500000000000000e+02,8.344444444444444287e+01
3.655999999999999694e+00,1.527500000000000000e+02,8.277777777777777146e+01
3.655999999999999694e+00,1.532500000000000000e+02,8.133333333333332860e+01
3.655999999999999694e+00,1.537500000000000000e+02,8.188888888888889994e+01
3.655999999999999694e+00,1.542500000000000000e+02,8.355555555555555713e+01
3.655999999999999694e+00,1.547500000000000000e+02,8.144444444444444287e+01
3.655999999999999694e+00,1.552500000000000000e+02,7.955555555555555713e+01
3.655999999999999694e+00,1.557500000000000000e+02,7.577777777777778567e+01
3.655999999999999694e+00,1.562500000000000000e+02,7.655555555555557135e+01
3.655999999999999694e+00,1.567500000000000000e+02,7.555555555555557135e+01
3.655999999999999694e+00,1.572500000000000000e+02,7.788888888888889994e+01
3.655999999999999694e+00,1.577500000000000000e+02,7.888888888888889994e+01
3.655999999999999694e+00,1.582500000000000000e+02,8.222222222222224275e+01
3.655999999999999694e+00,1.587500000000000000e+02,7.766666666666668561e+01
3.655999999999999694e+00,1.592500000000000000e+02,7.866666666666668561e+01
3.655999999999999694e+00,1.597500000000000000e+02,7.344444444444445708e+01
3.655999999999999694e+00,1.602500000000000000e+02,7.577777777777778567e+01
3.655999999999999694e+00,1.607500000000000000e+02,7.333333333333334281e+01
3.655999999999999694e+00,1.612500000000000000e+02,7.544444444444445708e+01
3.655999999999999694e+00,1.617500000000000000e+02,7.288888888888889994e+01
3.655999999999999694e+00,1.622500000000000000e+02,7.322222222222224275e+01
3.655999999999999694e+00,1.627500000000000000e+02,6.844444444444445708e+01
3.655999999999999694e+00,1.632500000000000000e+02,6.744444444444445708e+01
3.655999999999999694e+00,1.637500000000000000e+02,6.611111111111112848e+01
3.655999999999999694e+00,1.642500000000000000e+02,6.722222222222224275e+01
3.655999999999999694e+00,1.647500000000000000e+02,6.900000000000001421e+01
3.655999999999999694e+00,1.652500000000000000e+02,6.300000000000002132e+01
3.655999999999999694e+00,1.657500000000000000e+02,6.011111111111112137e+01
3.655999999999999694e+00,1.662500000000000000e+02,5.433333333333334281e+01
3.655999999999999694e+00,1.667500000000000000e+02,5.488888888888889284e+01
3.655999999999999694e+00,1.672500000000000000e+02,5.455555555555556424e+01
3.655999999999999694e+00,1.677500000000000000e+02,5.633333333333334281e+01
3.655999999999999694e+00,1.682500000000000000e+02,5.366666666666667851e+01
3.655999999999999694e+00,1.687500000000000000e+02,4.911111111111112137e+01
3.655999999999999694e+00,1.692500000000000000e+02,4.633333333333334281e+01
3.655999999999999694e+00,1.697500000000000000e+02,4.522222222222222854e+01
3.655999999999999694e+00,1.702500000000000000e+02,4.700000000000000000e+01
3.655999999999999694e+00,1.707500000000000000e+02,4.511111111111111427e+01
3.655999999999999694e+00,1.712500000000000000e+02,4.422222222222222854e+01
3.655999999999999694e+00,1.717500000000000000e+02,3.877777777777778567e+01
3.655999999999999694e+00,1.722500000000000000e+02,3.588888888888889284e+01
3.655999999999999694e+00,1.727500000000000000e+02,3.211111111111112137e+01
3.655999999999999694e+00,1.732500000000000000e+02,2.822222222222222854e+01
3.655999999999999694e+00,1.737500000000000000e+02,2.755555555555556069e+01
3.655999999999999694e+00,1.742500000000000000e+02,2.655555555555556069e+01
3.655999999999999694e+00,1.747500000000000000e+02,2.600000000000000355e+01
3.655999999999999694e+00,1.752500000000000000e+02,2.311111111111111427e+01
3.655999999999999694e+00,1.757500000000000000e+02,2.011111111111111427e+01
3.655999999999999694e+00,1.762500000000000000e+02,1.955555555555555713e+01
3.655999999999999694e+00,1.767500000000000000e+02,1.611111111111111072e+01
3.655999999999999694e+00,1.772500000000000000e+02,1.388888888888889106e+01
3.655999999999999694e+00,1.777500000000000000e+02,9.888888888888891060e+00
3.655999999999999694e+00,1.782500000000000000e+02,7.444444444444445530e+00
3.655999999999999694e+00,1.787500000000000000e+02,5.222222222222223209e+00
3.655999999999999694e+00,1.792500000000000000e+02,3.333333333333334370e+00
3.655999999999999694e+00,1.797500000000000000e+02,1.555555555555556912e+00
3.671999999999999709e+00,1.302500000000000000e+02,7.822222222222222854e+01
3.671999999999999709e+00,1.307500000000000000e+02,7.844444444444444287e+01
3.671999999999999709e+00,1.312500000000000000e+02,7.700000000000000000e+01
3.671999999999999709e+00,1.317500000000000000e+02,7.955555555555555713e+01
3.671999999999999709e+00,1.322500000000000000e+02,8.055555555555555713e+01
3.671999999999999709e+00,1.327500000000000000e+02,7.977777777777778567e+01
3.671999999999999709e+00,1.332500000000000000e+02,8.233333333333335702e+01
3.671999999999999709e+00,1.337500000000000000e+02,7.988888888888891415e+01
3.671999999999999709e+00,1.342500000000000000e+02,8.433333333333335702e+01
3.671999999999999709e+00,1.347500000000000000e+02,8.388888888888889994e+01
3.671999999999999709e+00,1.352500000000000000e+02,8.500000000000001421e+01
3.671999999999999709e+00,1.357500000000000000e+02,8.477777777777779988e+01
3.671999999999999709e+00,1.362500000000000000e+02,8.388888888888891415e+01
3.671999999999999709e+00,1.367500000000000000e+02,8.366666666666669983e+01
3.671999999999999709e+00,1.372500000000000000e+02,7.933333333333335702e+01
3.671999999999999709e+00,1.377500000000000000e+02,7.844444444444447129e+01
3.671999999999999709e+00,1.382500000000000000e+02,7.877777777777781409e+01
3.671999999999999709e+00,1.387500000000000000e+02,7.900000000000002842e+01
3.671999999999999709e+00,1.392500000000000000e+02,7.888888888888891415e+01
3.671999999999999709e+00,1.397500000000000000e+02,7.955555555555558556e+01
3.671999999999999709e+00,1.402500000000000000e+02,8.366666666666669983e+01
3.671999999999999709e+00,1.407500000000000000e+02,8.422222222222224275e+01
3.671999999999999709e+00,1.412500000000000000e+02,8.111111111111112848e+01
3.671999999999999709e+00,1.417500000000000000e+02,8.022222222222224275e+01
3.671999999999999709e+00,1.422500000000000000e+02,7.755555555555558556e+01
3.671999999999999709e+00,1.427500000000000000e+02,8.055555555555558556e+01
3.671999999999999709e+00,1.432500000000000000e+02,7.877777777777781409e+01
3.671999999999999709e+00,1.437500000000000000e+02,8.122222222222225696e+01
3.671999999999999709e+00,1.442500000000000000e+02,8.755555555555558556e+01
3.671999999999999709e+00,1.447500000000000000e+02,8.977777777777778567e+01
3.671999999999999709e+00,1.452500000000000000e+02,8.733333333333332860e+01
3.671999999999999709e+00,1.457500000000000000e+02,7.911111111111111427e+01
3.671999999999999709e+00,1.462500000000000000e+02,7.477777777777778567e+01
3.671999999999999709e+00,1.467500000000000000e+02,7.666666666666667140e+01
3.671999999999999709e+00,1.472500000000000000e+02,7.811111111111110006e+01
3.671999999999999709e+00,1.477500000000000000e+02,8.222222222222221433e+01
3.671999999999999709e+00,1.482500000000000000e+02,8.155555555555555713e+01
3.671999999999999709e+00,1.487500000000000000e+02,7.944444444444444287e+01
3.671999999999999709e+00,1.492500000000000000e+02,8.033333333333332860e+01
3.671999999999999709e+00,1.497500000000000000e+02,8.011111111111110006e+01
3.671999999999999709e+00,1.502500000000000000e+02,7.944444444444444287e+01
3.671999999999999709e+00,1.507500000000000000e+02,7.755555555555555713e+01
3.671999999999999709e+00,1.512500000000000000e+02,7.666666666666667140e+01
3.671999999999999709e+00,1.517500000000000000e+02,8.144444444444444287e+01
3.671999999999999709e+00,1.522500000000000000e+02,7.844444444444444287e+01
3.671999999999999709e+00,1.527500000000000000e+02,7.966666666666665719e+01
3.671999999999999709e+00,1.532500000000000000e+02,7.577777777777777146e+01
3.671999999999999709e+00,1.537500000000000000e+02,7.755555555555554292e+01
3.671999999999999709e+00,1.542500000000000000e+02,7.688888888888887152e+01
3.671999999999999709e+00,1.547500000000000000e+02,7.822222222222221433e+01
3.671999999999999709e+00,1.552500000000000000e+02,7.677777777777777146e+01
3.671999999999999709e+00,1.557500000000000000e+02,7.866666666666667140e+01
3.671999999999999709e+00,1.562500000000000000e+02,7.766666666666667140e+01
3.671999999999999709e+00,1.567500000000000000e+02,7.744444444444444287e+01
3.671999999999999709e+00,1.572500000000000000e+02,7.677777777777777146e+01
3.671999999999999709e+00,1.577500000000000000e+02,7.700000000000000000e+01
3.671999999999999709e+00,1.582500000000000000e+02,8.100000000000000000e+01
3.671999999999999709e+00,1.587500000000000000e+02,7.688888888888889994e+01
3.671999999999999709e+00,1.592500000000000000e+02,7.588888888888889994e+01
3.671999999999999709e+00,1.597500000000000000e+02,7.222222222222222854e+01
3.671999999999999709e+00,1.602500000000000000e+02,7.388888888888889994e+01
3.671999999999999709e+00,1.607500000000000000e+02,7.388888888888889994e+01
3.671999999999999709e+00,1.612500000000000000e+02,7.411111111111112848e+01
3.671999999999999709e+00,1.617500000000000000e+02,7.333333333333334281e+01
3.671999999999999709e+00,1.622500000000000000e+02,7.422222222222222854e+01
3.671999999999999709e+00,1.627500000000000000e+02,7.033333333333332860e+01
3.671999999999999709e+00,1.632500000000000000e+02,6.777777777777778567e+01
3.671999999999999709e+00,1.637500000000000000e+02,6.544444444444444287e+01
3.671999999999999709e+00,1.642500000000000000e+02,6.677777777777778567e+01
3.671999999999999709e+00,1.647500000000000000e+02,6.833333333333332860e+01
3.671999999999999709e+00,1.652500000000000000e+02,6.288888888888888573e+01
3.671999999999999709e+00,1.657500000000000000e+02,5.977777777777777146e+01
3.671999999999999709e+00,1.662500000000000000e+02,5.422222222222222143e+01
3.671999999999999709e+00,1.667500000000000000e+02,5.333333333333333570e+01
3.671999999999999709e+00,1.672500000000000000e+02,5.211111111111111427e+01
3.671999999999999709e+00,1.677500000000000000e+02,5.400000000000000000e+01
3.671999999999999709e+00,1.682500000000000000e+02,5.122222222222222854e+01
3.671999999999999709e+00,1.687500000000000000e+02,4.822222222222222854e+01
3.671999999999999709e+00,1.692500000000000000e+02,4.444444444444444997e+01
3.671999999999999709e+00,1.697500000000000000e+02,4.488888888888889284e+01
3.671999999999999709e+00,1.702500000000000000e+02,4.488888888888889284e+01
3.671999999999999709e+00,1.707500000000000000e+02,4.500000000000000711e+01
3.671999999999999709e+00,1.712500000000000000e+02,4.355555555555556424e+01
3.671999999999999709e+00,1.717500000000000000e+02,3.966666666666667851e+01
3.671999999999999709e+00,1.722500000000000000e+02,3.600000000000000711e+01
3.671999999999999709e+00,1.727500000000000000e+02,3.155555555555556069e+01
3.671999999999999709e+00,1.732500000000000000e+02,2.766666666666667140e+01
3.671999999999999709e+00,1.737500000000000000e+02,2.700000000000000355e+01
3.671999999999999709e+00,1.742500000000000000e+02,2.633333333333333925e+01
3.671999999999999709e+00,1.747500000000000000e+02,2.688888888888889639e+01
3.671999999999999709e+00,1.752500000000000000e+02,2.444444444444445352e+01
3.671999999999999709e+00,1.757500000000000000e+02,2.133333333333334281e+01
3.671999999999999709e+00,1.762500000000000000e+02,1.922222222222223209e+01
3.671999999999999709e+00,1.767500000000000000e+02,1.588888888888889994e+01
3.671999999999999709e+00,1.772500000000000000e+02,1.466666666666667851e+01
3.671999999999999709e+00,1.777500000000000000e+02,1.088888888888889994e+01
3.671999999999999709e+00,1.782500000000000000e+02,8.333333333333344584e+00
3.671999999999999709e+00,1.787500000000000000e+02,5.000000000000010658e+00
3.671999999999999709e+00,1.792500000000000000e+02,3.333333333333344140e+00
3.671999999999999709e+00,1.797500000000000000e+02,1.777777777777788559e+00
3.687999999999999723e+00,1.302500000000000000e+02,7.733333333333332860e+01
3.687999999999999723e+00,1.307500000000000000e+02,7.811111111111111427e+01
3.687999999999999723e+00,1.312500000000000000e+02,8.066666666666667140e+01
3.687999999999999723e+00,1.317500000000000000e+02,8.000000000000000000e+01
3.687999999999999723e+00,1.322500000000000000e+02,8.488888888888888573e+01
3.687999999999999723e+00,1.327500000000000000e+02,8.288888888888888573e+01
3.687999999999999723e+00,1.332500000000000000e+02,8.611111111111110006e+01
3.687999999999999723e+00,1.337500000000000000e+02,8.011111111111110006e+01
3.687999999999999723e+00,1.342500000000000000e+02,8.066666666666667140e+01
3.687999999999999723e+00,1.347500000000000000e+02,8.200000000000000000e+01
3.687999999999999723e+00,1.352500000000000000e+02,8.500000000000000000e+01
3.687999999999999723e+00,1.357500000000000000e+02,8.633333333333332860e+01
3.687999999999999723e+00,1.362500000000000000e+02,8.533333333333332860e+01
3.687999999999999723e+00,1.367500000000000000e+02,8.222222222222222854e+01
3.687999999999999723e+00,1.372500000000000000e+02,8.266666666666667140e+01
3.687999999999999723e+00,1.377500000000000000e+02,8.100000000000000000e+01
3.687999999999999723e+00,1.382500000000000000e+02,8.411111111111110006e+01
3.687999999999999723e+00,1.387500000000000000e+02,8.066666666666667140e+01
3.687999999999999723e+00,1.392500000000000000e+02,8.155555555555555713e+01
3.687999999999999723e+00,1.397500000000000000e+02,8.011111111111112848e+01
3.687999999999999723e+00,1.402500000000000000e+02,8.355555555555555713e+01
3.687999999999999723e+00,1.407500000000000000e+02,8.400000000000000000e+01
3.687999999999999723e+00,1.412500000000000000e+02,8.300000000000000000e+01
3.687999999999999723e+00,1.417500000000000000e+02,8.466666666666667140e+01
3.687999999999999723e+00,1.422500000000000000e+02,8.111111111111110006e+01
3.687999999999999723e+00,1.427500000000000000e+02,8.233333333333332860e+01
3.687999999999999723e+00,1.432500000000000000e+02,7.877777777777777146e+01
3.687999999999999723e+00,1.437500000000000000e+02,8.366666666666667140e+01
3.687999999999999723e+00,1.442500000000000000e+02,8.844444444444444287e+01
3.687999999999999723e+00,1.447500000000000000e+02,8.877777777777777146e+01
3.687999999999999723e+00,1.452500000000000000e+02,8.455555555555554292e+01
3.687999999999999723e+00,1.457500000000000000e+02,7.855555555555554292e+01
3.687999999999999723e+00,1.462500000000000000e+02,7.511111111111110006e+01
3.687999999999999723e+00,1.467500000000000000e+02,7.600000000000000000e+01
3.687999999999999723e+00,1.472500000000000000e+02,7.700000000000000000e+01
3.687999999999999723e+00,1.477500000000000000e+02,8.066666666666667140e+01
3.687999999999999723e+00,1.482500000000000000e+02,8.011111111111110006e+01
3.687999999999999723e+00,1.487500000000000000e+02,7.877777777777777146e+01
3.687999999999999723e+00,1.492500000000000000e+02,7.988888888888887152e+01
3.687999999999999723e+00,1.497500000000000000e+02,8.077777777777777146e+01
3.687999999999999723e+00,1.502500000000000000e+02,7.755555555555554292e+01
3.687999999999999723e+00,1.507500000000000000e+02,7.622222222222221433e+01
3.687999999999999723e+00,1.512500000000000000e+02,7.355555555555554292e+01
3.687999999999999723e+00,1.517500000000000000e+02,8.166666666666665719e+01
3.687999999999999723e+00,1.522500000000000000e+02,8.066666666666665719e+01
3.687999999999999723e+00,1.527500000000000000e+02,8.266666666666665719e+01
3.687999999999999723e+00,1.532500000000000000e+02,7.744444444444444287e+01
3.687999999999999723e+00,1.537500000000000000e+02,7.600000000000000000e+01
3.687999999999999723e+00,1.542500000000000000e+02,7.422222222222222854e+01
3.687999999999999723e+00,1.547500000000000000e+02,7.611111111111112848e+01
3.687999999999999723e+00,1.552500000000000000e+02,7.655555555555555713e+01
3.687999999999999723e+00,1.557500000000000000e+02,7.744444444444444287e+01
3.687999999999999723e+00,1.562500000000000000e+02,7.444444444444444287e+01
3.687999999999999723e+00,1.567500000000000000e+02,7.355555555555555713e+01
3.687999999999999723e+00,1.572500000000000000e+02,7.122222222222222854e+01
3.687999999999999723e+00,1.577500000000000000e+02,7.322222222222222854e+01
3.687999999999999723e+00,1.582500000000000000e+02,7.488888888888889994e+01
3.687999999999999723e+00,1.587500000000000000e+02,7.400000000000001421e+01
3.687999999999999723e+00,1.592500000000000000e+02,6.966666666666667140e+01
3.687999999999999723e+00,1.597500000000000000e+02,7.066666666666667140e+01
3.687999999999999723e+00,1.602500000000000000e+02,7.111111111111112848e+01
3.687999999999999723e+00,1.607500000000000000e+02,7.244444444444445708e+01
3.687999999999999723e+00,1.612500000000000000e+02,6.855555555555555713e+01
3.687999999999999723e+00,1.617500000000000000e+02,6.644444444444444287e+01
3.687999999999999723e+00,1.622500000000000000e+02,6.733333333333332860e+01
3.687999999999999723e+00,1.627500000000000000e+02,6.688888888888889994e+01
3.687999999999999723e+00,1.632500000000000000e+02,6.633333333333334281e+01
3.687999999999999723e+00,1.637500000000000000e+02,6.433333333333334281e+01
3.687999999999999723e+00,1.642500000000000000e+02,6.288888888888889284e+01
3.687999999999999723e+00,1.647500000000000000e+02,6.022222222222222854e+01
3.687999999999999723e+00,1.652500000000000000e+02,5.711111111111112137e+01
3.687999999999999723e+00,1.657500000000000000e+02,5.555555555555556424e+01
3.687999999999999723e+00,1.662500000000000000e+02,5.455555555555556424e+01
3.687999999999999723e+00,1.667500000000000000e+02,5.155555555555556424e+01
3.687999999999999723e+00,1.672500000000000000e+02,5.033333333333334281e+01
3.687999999999999723e+00,1.677500000000000000e+02,5.088888888888889284e+01
3.687999999999999723e+00,1.682500000000000000e+02,4.966666666666667851e+01
3.687999999999999723e+00,1.687500000000000000e+02,4.744444444444445708e+01
3.687999999999999723e+00,1.692500000000000000e+02,4.477777777777779278e+01
3.687999999999999723e+00,1.697500000000000000e+02,4.566666666666667851e+01
3.687999999999999723e+00,1.702500000000000000e+02,4.422222222222222854e+01
3.687999999999999723e+00,1.707500000000000000e+02,4.566666666666667851e+01
3.687999999999999723e+00,1.712500000000000000e+02,4.266666666666667851e+01
3.687999999999999723e+00,1.717500000000000000e+02,3.966666666666667851e+01
3.687999999999999723e+00,1.722500000000000000e+02,3.488888888888889994e+01
3.687999999999999723e+00,1.727500000000000000e+02,3.177777777777778923e+01
3.687999999999999723e+00,1.732500000000000000e+02,2.866666666666668206e+01
3.687999999999999723e+00,1.737500000000000000e+02,2.744444444444445708e+01
3.687999999999999723e+00,1.742500000000000000e+02,2.588888888888889994e+01
3.687999999999999723e+00,1.747500000000000000e+02,2.566666666666667496e+01
3.687999999999999723e+00,1.752500000000000000e+02,2.333333333333334281e+01
3.687999999999999723e+00,1.757500000000000000e+02,2.011111111111112137e+01
3.687999999999999723e+00,1.762500000000000000e+02,1.788888888888889994e+01
3.687999999999999723e+00,1.767500000000000000e+02,1.455555555555556602e+01
3.687999999999999723e+00,1.772500000000000000e+02,1.333333333333334281e+01
3.687999999999999723e+00,1.777500000000000000e+02,9.222222222222232091e+00
3.687999999999999723e+00,1.782500000000000000e+02,7.444444444444454412e+00
3.687999999999999723e+00,1.787500000000000000e+02,4.111111111111121375e+00
3.687999999999999723e+00,1.792500000000000000e+02,2.777777777777787893e+00
3.687999999999999723e+00,1.797500000000000000e+02,1.555555555555565794e+00
3.703999999999999737e+00,1.302500000000000000e+02,7.766666666666667140e+01
3.703999999999999737e+00,1.307500000000000000e+02,8.166666666666667140e+01
3.703999999999999737e+00,1.312500000000000000e+02,8.466666666666667140e+01
3.703999999999999737e+00,1.317500000000000000e+02,8.144444444444444287e+01
3.703999999999999737e+00,1.322500000000000000e+02,8.199999999999998579e+01
3.703999999999999737e+00,1.327500000000000000e+02,8.433333333333332860e+01
3.703999999999999737e+00,1.332500000000000000e+02,8.733333333333332860e+01
3.703999999999999737e+00,1.337500000000000000e+02,8.333333333333332860e+01
3.703999999999999737e+00,1.342500000000000000e+02,7.855555555555555713e+01
3.703999999999999737e+00,1.347500000000000000e+02,7.922222222222221433e+01
3.703999999999999737e+00,1.352500000000000000e+02,8.166666666666667140e+01
3.703999999999999737e+00,1.357500000000000000e+02,8.366666666666667140e+01
3.703999999999999737e+00,1.362500000000000000e+02,8.288888888888889994e+01
3.703999999999999737e+00,1.367500000000000000e+02,7.822222222222222854e+01
3.703999999999999737e+00,1.372500000000000000e+02,7.988888888888889994e+01
3.703999999999999737e+00,1.377500000000000000e+02,7.700000000000000000e+01
3.703999999999999737e+00,1.382500000000000000e+02,8.322222222222221433e+01
3.703999999999999737e+00,1.387500000000000000e+02,8.111111111111110006e+01
3.703999999999999737e+00,1.392500000000000000e+02,8.400000000000000000e+01
3.703999999999999737e+00,1.397500000000000000e+02,8.077777777777778567e+01
3.703999999999999737e+00,1.402500000000000000e+02,8.244444444444444287e+01
3.703999999999999737e+00,1.407500000000000000e+02,8.277777777777778567e+01
3.703999999999999737e+00,1.412500000000000000e+02,8.311111111111111427e+01
3.703999999999999737e+00,1.417500000000000000e+02,8.222222222222222854e+01
3.703999999999999737e+00,1.422500000000000000e+02,8.077777777777778567e+01
3.703999999999999737e+00,1.427500000000000000e+02,7.877777777777778567e+01
3.703999999999999737e+00,1.432500000000000000e+02,7.733333333333332860e+01
3.703999999999999737e+00,1.437500000000000000e+02,8.022222222222222854e+01
3.703999999999999737e+00,1.442500000000000000e+02,8.600000000000000000e+01
3.703999999999999737e+00,1.447500000000000000e+02,8.500000000000000000e+01
3.703999999999999737e+00,1.452500000000000000e+02,7.900000000000000000e+01
3.703999999999999737e+00,1.457500000000000000e+02,7.533333333333332860e+01
3.703999999999999737e+00,1.462500000000000000e+02,7.466666666666667140e+01
3.703999999999999737e+00,1.467500000000000000e+02,7.622222222222222854e+01
3.703999999999999737e+00,1.472500000000000000e+02,7.500000000000000000e+01
3.703999999999999737e+00,1.477500000000000000e+02,7.855555555555555713e+01
3.703999999999999737e+00,1.482500000000000000e+02,7.944444444444444287e+01
3.703999999999999737e+00,1.487500000000000000e+02,8.155555555555555713e+01
3.703999999999999737e+00,1.492500000000000000e+02,8.077777777777778567e+01
3.703999999999999737e+00,1.497500000000000000e+02,8.155555555555555713e+01
3.703999999999999737e+00,1.502500000000000000e+02,7.688888888888889994e+01
3.703999999999999737e+00,1.507500000000000000e+02,7.688888888888889994e+01
3.703999999999999737e+00,1.512500000000000000e+02,7.322222222222222854e+01
3.703999999999999737e+00,1.517500000000000000e+02,8.066666666666667140e+01
3.703999999999999737e+00,1.522500000000000000e+02,7.855555555555555713e+01
3.703999999999999737e+00,1.527500000000000000e+02,8.200000000000000000e+01
3.703999999999999737e+00,1.532500000000000000e+02,7.788888888888889994e+01
3.703999999999999737e+00,1.537500000000000000e+02,7.633333333333332860e+01
3.703999999999999737e+00,1.542500000000000000e+02,7.411111111111110006e+01
3.703999999999999737e+00,1.547500000000000000e+02,7.499999999999998579e+01
3.703999999999999737e+00,1.552500000000000000e+02,7.555555555555554292e+01
3.703999999999999737e+00,1.557500000000000000e+02,7.644444444444444287e+01
3.703999999999999737e+00,1.562500000000000000e+02,7.444444444444444287e+01
3.703999999999999737e+00,1.567500000000000000e+02,7.522222222222221433e+01
3.703999999999999737e+00,1.572500000000000000e+02,7.199999999999998579e+01
3.703999999999999737e+00,1.577500000000000000e+02,7.377777777777775725e+01
3.703999999999999737e+00,1.582500000000000000e+02,7.255555555555554292e+01
3.703999999999999737e+00,1.587500000000000000e+02,7.166666666666665719e+01
3.703999999999999737e+00,1.592500000000000000e+02,6.666666666666665719e+01
3.703999999999999737e+00,1.597500000000000000e+02,6.822222222222221433e+01
3.703999999999999737e+00,1.602500000000000000e+02,6.833333333333331439e+01
3.703999999999999737e+00,1.607500000000000000e+02,6.911111111111108585e+01
3.703999999999999737e+00,1.612500000000000000e+02,6.699999999999998579e+01
3.703999999999999737e+00,1.617500000000000000e+02,6.522222222222220012e+01
3.703999999999999737e+00,1.622500000000000000e+02,6.711111111111108585e+01
3.703999999999999737e+00,1.627500000000000000e+02,6.466666666666664298e+01
3.703999999999999737e+00,1.632500000000000000e+02,6.433333333333330017e+01
3.703999999999999737e+00,1.637500000000000000e+02,6.233333333333330728e+01
3.703999999999999737e+00,1.642500000000000000e+02,6.033333333333330728e+01
3.703999999999999737e+00,1.647500000000000000e+02,5.811111111111108585e+01
3.703999999999999737e+00,1.652500000000000000e+02,5.533333333333330728e+01
3.703999999999999737e+00,1.657500000000000000e+02,5.511111111111108585e+01
3.703999999999999737e+00,1.662500000000000000e+02,5.633333333333330728e+01
3.703999999999999737e+00,1.667500000000000000e+02,5.188888888888885731e+01
3.703999999999999737e+00,1.672500000000000000e+02,5.033333333333330728e+01
3.703999999999999737e+00,1.677500000000000000e+02,4.899999999999997158e+01
3.703999999999999737e+00,1.682500000000000000e+02,4.888888888888885731e+01
3.703999999999999737e+00,1.687500000000000000e+02,4.777777777777774304e+01
3.703999999999999737e+00,1.692500000000000000e+02,4.522222222222219301e+01
3.703999999999999737e+00,1.697500000000000000e+02,4.288888888888885731e+01
3.703999999999999737e+00,1.702500000000000000e+02,4.111111111111107874e+01
3.703999999999999737e+00,1.707500000000000000e+02,4.077777777777774304e+01
3.703999999999999737e+00,1.712500000000000000e+02,3.922222222222219301e+01
3.703999999999999737e+00,1.717500000000000000e+02,3.699999999999997158e+01
3.703999999999999737e+00,1.722500000000000000e+02,3.199999999999997158e+01
3.703999999999999737e+00,1.727500000000000000e+02,3.066666666666663943e+01
3.703999999999999737e+00,1.732500000000000000e+02,2.888888888888886086e+01
3.703999999999999737e+00,1.737500000000000000e+02,2.844444444444441800e+01
3.703999999999999737e+00,1.742500000000000000e+02,2.544444444444441800e+01
3.703999999999999737e+00,1.747500000000000000e+02,2.466666666666663943e+01
3.703999999999999737e+00,1.752500000000000000e+02,2.233333333333330373e+01
3.703999999999999737e+00,1.757500000000000000e+02,1.977777777777775015e+01
3.703999999999999737e+00,1.762500000000000000e+02,1.677777777777775015e+01
3.703999999999999737e+00,1.767500000000000000e+02,1.466666666666663765e+01
3.703999999999999737e+00,1.772500000000000000e+02,1.411111111111108052e+01
3.703999999999999737e+00,1.777500000000000000e+02,1.022222222222219301e+01
3.703999999999999737e+00,1.782500000000000000e+02,7.222222222222193011e+00
3.703999999999999737e+00,1.787500000000000000e+02,4.666666666666637653e+00
3.703999999999999737e+00,1.792500000000000000e+02,3.333333333333304171e+00
3.703999999999999737e+00,1.797500000000000000e+02,2.777777777777748813e+00
3.719999999999999751e+00,1.302500000000000000e+02,7.877777777777777146e+01
3.719999999999999751e+00,1.307500000000000000e+02,8.255555555555554292e+01
3.719999999999999751e+00,1.312500000000000000e+02,8.711111111111110006e+01
3.719999999999999751e+00,1.317500000000000000e+02,8.511111111111110006e+01
3.719999999999999751e+00,1.322500000000000000e+02,8.355555555555555713e+01
3.719999999999999751e+00,1.327500000000000000e+02,8.522222222222221433e+01
3.719999999999999751e+00,1.332500000000000000e+02,8.700000000000000000e+01
3.719999999999999751e+00,1.337500000000000000e+02,8.588888888888887152e+01
3.719999999999999751e+00,1.342500000000000000e+02,7.999999999999998579e+01
3.719999999999999751e+00,1.347500000000000000e+02,7.833333333333331439e+01
3.719999999999999751e+00,1.352500000000000000e+02,8.144444444444442865e+01
3.719999999999999751e+00,1.357500000000000000e+02,8.199999999999998579e+01
3.719999999999999751e+00,1.362500000000000000e+02,8.311111111111108585e+01
3.719999999999999751e+00,1.367500000000000000e+02,7.733333333333330017e+01
3.719999999999999751e+00,1.372500000000000000e+02,8.077777777777775725e+01
3.719999999999999751e+00,1.377500000000000000e+02,8.033333333333331439e+01
3.719999999999999751e+00,1.382500000000000000e+02,8.711111111111108585e+01
3.719999999999999751e+00,1.387500000000000000e+02,8.444444444444441444e+01
3.719999999999999751e+00,1.392500000000000000e+02,8.211111111111108585e+01
3.719999999999999751e+00,1.397500000000000000e+02,7.977777777777775725e+01
3.719999999999999751e+00,1.402500000000000000e+02,8.288888888888885731e+01
3.719999999999999751e+00,1.407500000000000000e+02,8.511111111111107164e+01
3.719999999999999751e+00,1.412500000000000000e+02,8.388888888888885731e+01
3.719999999999999751e+00,1.417500000000000000e+02,8.055555555555552871e+01
3.719999999999999751e+00,1.422500000000000000e+02,7.977777777777775725e+01
3.719999999999999751e+00,1.427500000000000000e+02,7.888888888888885731e+01
3.719999999999999751e+00,1.432500000000000000e+02,7.833333333333330017e+01
3.719999999999999751e+00,1.437500000000000000e+02,8.299999999999997158e+01
3.719999999999999751e+00,1.442500000000000000e+02,8.533333333333330017e+01
3.719999999999999751e+00,1.447500000000000000e+02,8.422222222222218591e+01
3.719999999999999751e+00,1.452500000000000000e+02,7.688888888888885731e+01
3.719999999999999751e+00,1.457500000000000000e+02,7.733333333333330017e+01
3.719999999999999751e+00,1.462500000000000000e+02,7.855555555555552871e+01
3.719999999999999751e+00,1.467500000000000000e+02,8.066666666666662877e+01
3.719999999999999751e+00,1.472500000000000000e+02,7.766666666666662877e+01
3.719999999999999751e+00,1.477500000000000000e+02,7.911111111111107164e+01
3.719999999999999751e+00,1.482500000000000000e+02,7.999999999999995737e+01
3.719999999999999751e+00,1.487500000000000000e+02,8.322222222222218591e+01
3.719999999999999751e+00,1.492500000000000000e+02,8.177777777777772883e+01
3.719999999999999751e+00,1.497500000000000000e+02,8.022222222222217169e+01
3.719999999999999751e+00,1.502500000000000000e+02,7.577777777777772883e+01
3.719999999999999751e+00,1.507500000000000000e+02,7.566666666666662877e+01
3.719999999999999751e+00,1.512500000000000000e+02,7.699999999999995737e+01
3.719999999999999751e+00,1.517500000000000000e+02,8.077777777777772883e+01
3.719999999999999751e+00,1.522500000000000000e+02,8.255555555555550029e+01
3.719999999999999751e+00,1.527500000000000000e+02,8.077777777777772883e+01
3.719999999999999751e+00,1.532500000000000000e+02,7.955555555555551450e+01
3.719999999999999751e+00,1.537500000000000000e+02,7.722222222222218591e+01
3.719999999999999751e+00,1.542500000000000000e+02,7.688888888888884310e+01
3.719999999999999751e+00,1.547500000000000000e+02,7.333333333333330017e+01
3.719999999999999751e+00,1.552500000000000000e+02,7.333333333333330017e+01
3.719999999999999751e+00,1.557500000000000000e+02,7.299999999999995737e+01
3.719999999999999751e+00,1.562500000000000000e+02,7.333333333333330017e+01
3.719999999999999751e+00,1.567500000000000000e+02,7.466666666666662877e+01
3.719999999999999751e+00,1.572500000000000000e+02,7.099999999999995737e+01
3.719999999999999751e+00,1.577500000000000000e+02,7.333333333333330017e+01
3.719999999999999751e+00,1.582500000000000000e+02,6.877777777777772883e+01
3.719999999999999751e+00,1.587500000000000000e+02,6.966666666666662877e+01
3.719999999999999751e+00,1.592500000000000000e+02,6.377777777777774304e+01
3.719999999999999751e+00,1.597500000000000000e+02,6.688888888888885731e+01
3.719999999999999751e+00,1.602500000000000000e+02,6.611111111111107164e+01
3.719999999999999751e+00,1.607500000000000000e+02,6.788888888888885731e+01
3.719999999999999751e+00,1.612500000000000000e+02,6.499999999999995737e+01
3.719999999999999751e+00,1.617500000000000000e+02,6.233333333333329307e+01
3.719999999999999751e+00,1.622500000000000000e+02,6.422222222222218591e+01
3.719999999999999751e+00,1.627500000000000000e+02,6.055555555555551450e+01
3.719999999999999751e+00,1.632500000000000000e+02,6.255555555555551450e+01
3.719999999999999751e+00,1.637500000000000000e+02,6.077777777777773593e+01
3.719999999999999751e+00,1.642500000000000000e+02,6.122222222222217880e+01
3.719999999999999751e+00,1.647500000000000000e+02,5.677777777777773593e+01
3.719999999999999751e+00,1.652500000000000000e+02,5.244444444444440023e+01
3.719999999999999751e+00,1.657500000000000000e+02,5.177777777777773593e+01
3.719999999999999751e+00,1.662500000000000000e+02,5.422222222222217880e+01
3.719999999999999751e+00,1.667500000000000000e+02,5.222222222222217880e+01
3.719999999999999751e+00,1.672500000000000000e+02,5.055555555555551450e+01
3.719999999999999751e+00,1.677500000000000000e+02,4.888888888888885020e+01
3.719999999999999751e+00,1.682500000000000000e+02,4.911111111111106453e+01
3.719999999999999751e+00,1.687500000000000000e+02,4.799999999999995026e+01
3.719999999999999751e+00,1.692500000000000000e+02,4.544444444444440023e+01
3.719999999999999751e+00,1.697500000000000000e+02,4.088888888888885020e+01
3.719999999999999751e+00,1.702500000000000000e+02,3.966666666666662877e+01
3.719999999999999751e+00,1.707500000000000000e+02,3.922222222222218591e+01
3.719999999999999751e+00,1.712500000000000000e+02,3.966666666666662877e+01
3.719999999999999751e+00,1.717500000000000000e+02,3.611111111111107164e+01
3.719999999999999751e+00,1.722500000000000000e+02,3.077777777777773949e+01
3.719999999999999751e+00,1.727500000000000000e+02,2.855555555555551450e+01
3.719999999999999751e+00,1.732500000000000000e+02,2.755555555555551450e+01
3.719999999999999751e+00,1.737500000000000000e+02,2.655555555555551450e+01
3.719999999999999751e+00,1.742500000000000000e+02,2.344444444444440023e+01
3.719999999999999751e+00,1.747500000000000000e+02,2.211111111111106808e+01
3.719999999999999751e+00,1.752500000000000000e+02,2.099999999999995737e+01
3.719999999999999751e+00,1.757500000000000000e+02,1.899999999999995737e+01
3.719999999999999751e+00,1.762500000000000000e+02,1.588888888888884487e+01
3.719999999999999751e+00,1.767500000000000000e+02,1.344444444444440023e+01
3.719999999999999751e+00,1.772500000000000000e+02,1.322222222222217702e+01
3.719999999999999751e+00,1.777500000000000000e+02,1.055555555555550917e+01
3.719999999999999751e+00,1.782500000000000000e+02,7.333333333333288628e+00
3.719999999999999751e+00,1.787500000000000000e+02,4.333333333333288628e+00
3.719999999999999751e+00,1.792500000000000000e+02,2.555555555555510505e+00
3.719999999999999751e+00,1.797500000000000000e+02,2.222222222222177468e+00
3.735999999999999766e+00,1.302500000000000000e+02,8.144444444444444287e+01
3.735999999999999766e+00,1.307500000000000000e+02,8.400000000000000000e+01
3.735999999999999766e+00,1.312500000000000000e+02,8.600000000000000000e+01
3.735999999999999766e+00,1.317500000000000000e+02,8.577777777777777146e+01
3.735999999999999766e+00,1.322500000000000000e+02,8.188888888888887152e+01
3.735999999999999766e+00,1.327500000000000000e+02,8.655555555555554292e+01
3.735999999999999766e+00,1.332500000000000000e+02,8.622222222222221433e+01
3.735999999999999766e+00,1.337500000000000000e+02,8.777777777777777146e+01
3.735999999999999766e+00,1.342500000000000000e+02,8.166666666666667140e+01
3.735999999999999766e+00,1.347500000000000000e+02,7.966666666666667140e+01
3.735999999999999766e+00,1.352500000000000000e+02,8.177777777777777146e+01
3.735999999999999766e+00,1.357500000000000000e+02,8.033333333333332860e+01
3.735999999999999766e+00,1.362500000000000000e+02,8.222222222222222854e+01
3.735999999999999766e+00,1.367500000000000000e+02,7.700000000000001421e+01
3.735999999999999766e+00,1.372500000000000000e+02,7.555555555555555713e+01
3.735999999999999766e+00,1.377500000000000000e+02,7.533333333333332860e+01
3.735999999999999766e+00,1.382500000000000000e+02,7.844444444444444287e+01
3.735999999999999766e+00,1.387500000000000000e+02,8.222222222222221433e+01
3.735999999999999766e+00,1.392500000000000000e+02,7.811111111111110006e+01
3.735999999999999766e+00,1.397500000000000000e+02,7.788888888888887152e+01
3.735999999999999766e+00,1.402500000000000000e+02,7.899999999999998579e+01
3.735999999999999766e+00,1.407500000000000000e+02,8.122222222222220012e+01
3.735999999999999766e+00,1.412500000000000000e+02,7.999999999999998579e+01
3.735999999999999766e+00,1.417500000000000000e+02,7.555555555555554292e+01
3.735999999999999766e+00,1.422500000000000000e+02,7.544444444444444287e+01
3.735999999999999766e+00,1.427500000000000000e+02,7.511111111111110006e+01
3.735999999999999766e+00,1.432500000000000000e+02,7.899999999999998579e+01
3.735999999999999766e+00,1.437500000000000000e+02,8.299999999999998579e+01
3.735999999999999766e+00,1.442500000000000000e+02,8.522222222222221433e+01
3.735999999999999766e+00,1.447500000000000000e+02,8.122222222222221433e+01
3.735999999999999766e+00,1.452500000000000000e+02,7.555555555555554292e+01
3.735999999999999766e+00,1.457500000000000000e+02,7.611111111111110006e+01
3.735999999999999766e+00,1.462500000000000000e+02,8.022222222222221433e+01
3.735999999999999766e+00,1.467500000000000000e+02,8.077777777777777146e+01
3.735999999999999766e+00,1.472500000000000000e+02,7.866666666666667140e+01
3.735999999999999766e+00,1.477500000000000000e+02,7.700000000000000000e+01
3.735999999999999766e+00,1.482500000000000000e+02,7.977777777777777146e+01
3.735999999999999766e+00,1.487500000000000000e+02,8.255555555555554292e+01
3.735999999999999766e+00,1.492500000000000000e+02,8.266666666666664298e+01
3.735999999999999766e+00,1.497500000000000000e+02,7.966666666666664298e+01
3.735999999999999766e+00,1.502500000000000000e+02,7.666666666666664298e+01
3.735999999999999766e+00,1.507500000000000000e+02,7.344444444444441444e+01
3.735999999999999766e+00,1.512500000000000000e+02,7.555555555555552871e+01
3.735999999999999766e+00,1.517500000000000000e+02,7.599999999999995737e+01
3.735999999999999766e+00,1.522500000000000000e+02,7.622222222222218591e+01
3.735999999999999766e+00,1.527500000000000000e+02,7.233333333333330017e+01
3.735999999999999766e+00,1.532500000000000000e+02,7.544444444444441444e+01
3.735999999999999766e+00,1.537500000000000000e+02,7.511111111111108585e+01
3.735999999999999766e+00,1.542500000000000000e+02,7.611111111111108585e+01
3.735999999999999766e+00,1.547500000000000000e+02,7.155555555555552871e+01
3.735999999999999766e+00,1.552500000000000000e+02,7.166666666666662877e+01
3.735999999999999766e+00,1.557500000000000000e+02,7.299999999999995737e+01
3.735999999999999766e+00,1.562500000000000000e+02,7.188888888888885731e+01
3.735999999999999766e+00,1.567500000000000000e+02,7.544444444444441444e+01
3.735999999999999766e+00,1.572500000000000000e+02,7.199999999999997158e+01
3.735999999999999766e+00,1.577500000000000000e+02,7.511111111111108585e+01
3.735999999999999766e+00,1.582500000000000000e+02,6.944444444444441444e+01
3.735999999999999766e+00,1.587500000000000000e+02,6.811111111111108585e+01
3.735999999999999766e+00,1.592500000000000000e+02,6.277777777777775015e+01
3.735999999999999766e+00,1.597500000000000000e+02,6.355555555555552161e+01
3.735999999999999766e+00,1.602500000000000000e+02,6.533333333333330017e+01
3.735999999999999766e+00,1.607500000000000000e+02,6.744444444444441444e+01
3.735999999999999766e+00,1.612500000000000000e+02,6.688888888888887152e+01
3.735999999999999766e+00,1.617500000000000000e+02,6.355555555555553582e+01
3.735999999999999766e+00,1.622500000000000000e+02,6.122222222222220012e+01
3.735999999999999766e+00,1.627500000000000000e+02,5.511111111111108585e+01
3.735999999999999766e+00,1.632500000000000000e+02,5.611111111111108585e+01
3.735999999999999766e+00,1.637500000000000000e+02,5.611111111111108585e+01
3.735999999999999766e+00,1.642500000000000000e+02,5.944444444444442155e+01
3.735999999999999766e+00,1.647500000000000000e+02,5.544444444444442155e+01
3.735999999999999766e+00,1.652500000000000000e+02,5.255555555555552161e+01
3.735999999999999766e+00,1.657500000000000000e+02,5.199999999999996447e+01
3.735999999999999766e+00,1.662500000000000000e+02,5.477777777777774304e+01
3.735999999999999766e+00,1.667500000000000000e+02,5.344444444444440734e+01
3.735999999999999766e+00,1.672500000000000000e+02,5.155555555555552161e+01
3.735999999999999766e+00,1.677500000000000000e+02,4.833333333333330728e+01
3.735999999999999766e+00,1.682500000000000000e+02,4.733333333333330728e+01
3.735999999999999766e+00,1.687500000000000000e+02,4.677777777777775015e+01
3.735999999999999766e+00,1.692500000000000000e+02,4.555555555555552161e+01
3.735999999999999766e+00,1.697500000000000000e+02,3.977777777777775015e+01
3.735999999999999766e+00,1.702500000000000000e+02,3.577777777777775015e+01
3.735999999999999766e+00,1.707500000000000000e+02,3.444444444444441444e+01
3.735999999999999766e+00,1.712500000000000000e+02,3.622222222222219301e+01
3.735999999999999766e+00,1.717500000000000000e+02,3.477777777777774304e+01
3.735999999999999766e+00,1.722500000000000000e+02,3.055555555555552516e+01
3.735999999999999766e+00,1.727500000000000000e+02,2.733333333333330373e+01
3.735999999999999766e+00,1.732500000000000000e+02,2.544444444444441444e+01
3.735999999999999766e+00,1.737500000000000000e+02,2.488888888888885731e+01
3.735999999999999766e+00,1.742500000000000000e+02,2.266666666666663232e+01
3.735999999999999766e+00,1.747500000000000000e+02,2.244444444444441089e+01
3.735999999999999766e+00,1.752500000000000000e+02,2.055555555555552161e+01
3.735999999999999766e+00,1.757500000000000000e+02,1.977777777777774304e+01
3.735999999999999766e+00,1.762500000000000000e+02,1.544444444444440911e+01
3.735999999999999766e+00,1.767500000000000000e+02,1.277777777777774304e+01
3.735999999999999766e+00,1.772500000000000000e+02,1.166666666666663055e+01
3.735999999999999766e+00,1.777500000000000000e+02,1.077777777777774304e+01
3.735999999999999766e+00,1.782500000000000000e+02,7.999999999999965361e+00
3.735999999999999766e+00,1.787500000000000000e+02,5.444444444444410003e+00
3.735999999999999766e+00,1.792500000000000000e+02,2.999999999999965805e+00
3.735999999999999766e+00,1.797500000000000000e+02,2.444444444444410003e+00
3.751999999999999780e+00,1.302500000000000000e+02,7.900000000000000000e+01
3.751999999999999780e+00,1.307500000000000000e+02,8.033333333333332860e+01
3.751999999999999780e+00,1.312500000000000000e+02,8.211111111111110006e+01
3.751999999999999780e+00,1.317500000000000000e+02,8.399999999999998579e+01
3.751999999999999780e+00,1.322500000000000000e+02,8.155555555555554292e+01
3.751999999999999780e+00,1.327500000000000000e+02,8.522222222222221433e+01
3.751999999999999780e+00,1.332500000000000000e+02,8.488888888888887152e+01
3.751999999999999780e+00,1.337500000000000000e+02,8.600000000000000000e+01
3.751999999999999780e+00,1.342500000000000000e+02,8.055555555555555713e+01
3.751999999999999780e+00,1.347500000000000000e+02,7.988888888888889994e+01
3.751999999999999780e+00,1.352500000000000000e+02,8.033333333333332860e+01
3.751999999999999780e+00,1.357500000000000000e+02,8.055555555555555713e+01
3.751999999999999780e+00,1.362500000000000000e+02,8.155555555555555713e+01
3.751999999999999780e+00,1.367500000000000000e+02,7.988888888888888573e+01
3.751999999999999780e+00,1.372500000000000000e+02,7.533333333333332860e+01
3.751999999999999780e+00,1.377500000000000000e+02,7.766666666666667140e+01
3.751999999999999780e+00,1.382500000000000000e+02,7.800000000000000000e+01
3.751999999999999780e+00,1.387500000000000000e+02,8.466666666666667140e+01
3.751999999999999780e+00,1.392500000000000000e+02,7.777777777777778567e+01
3.751999999999999780e+00,1.397500000000000000e+02,7.777777777777778567e+01
3.751999999999999780e+00,1.402500000000000000e+02,7.555555555555555713e+01
3.751999999999999780e+00,1.407500000000000000e+02,7.800000000000000000e+01
3.751999999999999780e+00,1.412500000000000000e+02,7.644444444444444287e+01
3.751999999999999780e+00,1.417500000000000000e+02,7.544444444444444287e+01
3.751999999999999780e+00,1.422500000000000000e+02,7.544444444444444287e+01
3.751999999999999780e+00,1.427500000000000000e+02,7.800000000000000000e+01
3.751999999999999780e+00,1.432500000000000000e+02,8.155555555555555713e+01
3.751999999999999780e+00,1.437500000000000000e+02,8.422222222222222854e+01
3.751999999999999780e+00,1.442500000000000000e+02,8.377777777777778567e+01
3.751999999999999780e+00,1.447500000000000000e+02,8.044444444444445708e+01
3.751999999999999780e+00,1.452500000000000000e+02,7.577777777777778567e+01
3.751999999999999780e+00,1.457500000000000000e+02,7.533333333333334281e+01
3.751999999999999780e+00,1.462500000000000000e+02,7.877777777777778567e+01
3.751999999999999780e+00,1.467500000000000000e+02,8.000000000000001421e+01
3.751999999999999780e+00,1.472500000000000000e+02,7.944444444444447129e+01
3.751999999999999780e+00,1.477500000000000000e+02,7.633333333333335702e+01
3.751999999999999780e+00,1.482500000000000000e+02,8.000000000000001421e+01
3.751999999999999780e+00,1.487500000000000000e+02,8.222222222222224275e+01
3.751999999999999780e+00,1.492500000000000000e+02,8.311111111111112848e+01
3.751999999999999780e+00,1.497500000000000000e+02,7.755555555555555713e+01
3.751999999999999780e+00,1.502500000000000000e+02,7.622222222222222854e+01
3.751999999999999780e+00,1.507500000000000000e+02,7.244444444444445708e+01
3.751999999999999780e+00,1.512500000000000000e+02,7.488888888888889994e+01
3.751999999999999780e+00,1.517500000000000000e+02,7.366666666666667140e+01
3.751999999999999780e+00,1.522500000000000000e+02,7.522222222222222854e+01
3.751999999999999780e+00,1.527500000000000000e+02,7.233333333333334281e+01
3.751999999999999780e+00,1.532500000000000000e+02,7.377777777777778567e+01
3.751999999999999780e+00,1.537500000000000000e+02,7.277777777777778567e+01
3.751999999999999780e+00,1.542500000000000000e+02,7.266666666666667140e+01
3.751999999999999780e+00,1.547500000000000000e+02,6.866666666666667140e+01
3.751999999999999780e+00,1.552500000000000000e+02,6.755555555555555713e+01
3.751999999999999780e+00,1.557500000000000000e+02,6.911111111111112848e+01
3.751999999999999780e+00,1.562500000000000000e+02,7.100000000000001421e+01
3.751999999999999780e+00,1.567500000000000000e+02,7.277777777777779988e+01
3.751999999999999780e+00,1.572500000000000000e+02,7.077777777777779988e+01
3.751999999999999780e+00,1.577500000000000000e+02,6.855555555555558556e+01
3.751999999999999780e+00,1.582500000000000000e+02,6.488888888888891415e+01
3.751999999999999780e+00,1.587500000000000000e+02,6.633333333333335702e+01
3.751999999999999780e+00,1.592500000000000000e+02,6.544444444444447129e+01
3.751999999999999780e+00,1.597500000000000000e+02,6.633333333333335702e+01
3.751999999999999780e+00,1.602500000000000000e+02,6.566666666666668561e+01
3.751999999999999780e+00,1.607500000000000000e+02,6.611111111111112848e+01
3.751999999999999780e+00,1.612500000000000000e+02,6.455555555555558556e+01
3.751999999999999780e+00,1.617500000000000000e+02,6.022222222222224985e+01
3.751999999999999780e+00,1.622500000000000000e+02,5.655555555555557845e+01
3.751999999999999780e+00,1.627500000000000000e+02,5.188888888888891415e+01
3.751999999999999780e+00,1.632500000000000000e+02,5.222222222222224985e+01
3.751999999999999780e+00,1.637500000000000000e+02,5.244444444444447839e+01
3.751999999999999780e+00,1.642500000000000000e+02,5.500000000000003553e+01
3.751999999999999780e+00,1.647500000000000000e+02,5.177777777777780699e+01
3.751999999999999780e+00,1.652500000000000000e+02,5.033333333333336412e+01
3.751999999999999780e+00,1.657500000000000000e+02,4.933333333333336412e+01
3.751999999999999780e+00,1.662500000000000000e+02,4.988888888888891415e+01
3.751999999999999780e+00,1.667500000000000000e+02,5.144444444444446418e+01
3.751999999999999780e+00,1.672500000000000000e+02,5.011111111111113559e+01
3.751999999999999780e+00,1.677500000000000000e+02,4.766666666666668561e+01
3.751999999999999780e+00,1.682500000000000000e+02,4.333333333333334991e+01
3.751999999999999780e+00,1.687500000000000000e+02,4.333333333333334991e+01
3.751999999999999780e+00,1.692500000000000000e+02,4.444444444444446418e+01
3.751999999999999780e+00,1.697500000000000000e+02,4.155555555555557845e+01
3.751999999999999780e+00,1.702500000000000000e+02,3.600000000000002132e+01
3.751999999999999780e+00,1.707500000000000000e+02,3.500000000000002132e+01
3.751999999999999780e+00,1.712500000000000000e+02,3.577777777777779988e+01
3.751999999999999780e+00,1.717500000000000000e+02,3.611111111111113559e+01
3.751999999999999780e+00,1.722500000000000000e+02,3.000000000000001776e+01
3.751999999999999780e+00,1.727500000000000000e+02,2.688888888888890349e+01
3.751999999999999780e+00,1.732500000000000000e+02,2.411111111111112493e+01
3.751999999999999780e+00,1.737500000000000000e+02,2.388888888888889994e+01
3.751999999999999780e+00,1.742500000000000000e+02,2.144444444444445708e+01
3.751999999999999780e+00,1.747500000000000000e+02,2.022222222222223564e+01
3.751999999999999780e+00,1.752500000000000000e+02,1.966666666666668206e+01
3.751999999999999780e+00,1.757500000000000000e+02,1.900000000000001421e+01
3.751999999999999780e+00,1.762500000000000000e+02,1.533333333333334814e+01
3.751999999999999780e+00,1.767500000000000000e+02,1.188888888888890172e+01
3.751999999999999780e+00,1.772500000000000000e+02,9.555555555555569569e+00
3.751999999999999780e+00,1.777500000000000000e+02,9.666666666666680285e+00
3.751999999999999780e+00,1.782500000000000000e+02,7.888888888888902606e+00
3.751999999999999780e+00,1.787500000000000000e+02,5.666666666666681174e+00
3.751999999999999780e+00,1.792500000000000000e+02,2.888888888888903050e+00
3.751999999999999780e+00,1.797500000000000000e+02,1.444444444444458631e+00
3.767999999999999794e+00,1.302500000000000000e+02,7.855555555555555713e+01
3.767999999999999794e+00,1.307500000000000000e+02,7.866666666666667140e+01
3.767999999999999794e+00,1.312500000000000000e+02,7.788888888888889994e+01
3.767999999999999794e+00,1.317500000000000000e+02,8.344444444444445708e+01
3.767999999999999794e+00,1.322500000000000000e+02,8.400000000000001421e+01
3.767999999999999794e+00,1.327500000000000000e+02,8.955555555555555713e+01
3.767999999999999794e+00,1.332500000000000000e+02,8.777777777777778567e+01
3.767999999999999794e+00,1.337500000000000000e+02,8.822222222222224275e+01
3.767999999999999794e+00,1.342500000000000000e+02,8.377777777777779988e+01
3.767999999999999794e+00,1.347500000000000000e+02,8.211111111111112848e+01
3.767999999999999794e+00,1.352500000000000000e+02,7.911111111111112848e+01
3.767999999999999794e+00,1.357500000000000000e+02,7.766666666666668561e+01
3.767999999999999794e+00,1.362500000000000000e+02,7.644444444444447129e+01
3.767999999999999794e+00,1.367500000000000000e+02,7.788888888888891415e+01
3.767999999999999794e+00,1.372500000000000000e+02,7.788888888888891415e+01
3.767999999999999794e+00,1.377500000000000000e+02,8.044444444444447129e+01
3.767999999999999794e+00,1.382500000000000000e+02,7.755555555555558556e+01
3.767999999999999794e+00,1.387500000000000000e+02,8.000000000000001421e+01
3.767999999999999794e+00,1.392500000000000000e+02,7.811111111111112848e+01
3.767999999999999794e+00,1.397500000000000000e+02,7.888888888888891415e+01
3.767999999999999794e+00,1.402500000000000000e+02,7.700000000000002842e+01
3.767999999999999794e+00,1.407500000000000000e+02,7.666666666666669983e+01
3.767999999999999794e+00,1.412500000000000000e+02,7.533333333333335702e+01
3.767999999999999794e+00,1.417500000000000000e+02,7.433333333333335702e+01
3.767999999999999794e+00,1.422500000000000000e+02,7.544444444444447129e+01
3.767999999999999794e+00,1.427500000000000000e+02,7.622222222222224275e+01
3.767999999999999794e+00,1.432500000000000000e+02,7.888888888888891415e+01
3.767999999999999794e+00,1.437500000000000000e+02,7.911111111111114269e+01
3.767999999999999794e+00,1.442500000000000000e+02,8.111111111111114269e+01
3.767999999999999794e+00,1.447500000000000000e+02,7.777777777777781409e+01
3.767999999999999794e+00,1.452500000000000000e+02,7.333333333333335702e+01
3.767999999999999794e+00,1.457500000000000000e+02,7.055555555555558556e+01
3.767999999999999794e+00,1.462500000000000000e+02,7.200000000000001421e+01
3.767999999999999794e+00,1.467500000000000000e+02,7.422222222222224275e+01
3.767999999999999794e+00,1.472500000000000000e+02,7.411111111111112848e+01
3.767999999999999794e+00,1.477500000000000000e+02,7.255555555555558556e+01
3.767999999999999794e+00,1.482500000000000000e+02,7.622222222222224275e+01
3.767999999999999794e+00,1.487500000000000000e+02,8.066666666666669983e+01
3.767999999999999794e+00,1.492500000000000000e+02,8.233333333333335702e+01
3.767999999999999794e+00,1.497500000000000000e+02,7.911111111111114269e+01
3.767999999999999794e+00,1.502500000000000000e+02,7.588888888888891415e+01
3.767999999999999794e+00,1.507500000000000000e+02,7.200000000000002842e+01
3.767999999999999794e+00,1.512500000000000000e+02,7.077777777777781409e+01
3.767999999999999794e+00,1.517500000000000000e+02,7.144444444444447129e+01
3.767999999999999794e+00,1.522500000000000000e+02,7.366666666666669983e+01
3.767999999999999794e+00,1.527500000000000000e+02,7.322222222222224275e+01
3.767999999999999794e+00,1.532500000000000000e+02,7.311111111111114269e+01
3.767999999999999794e+00,1.537500000000000000e+02,7.188888888888892836e+01
3.767999999999999794e+00,1.542500000000000000e+02,7.011111111111114269e+01
3.767999999999999794e+00,1.547500000000000000e+02,6.844444444444447129e+01
3.767999999999999794e+00,1.552500000000000000e+02,6.600000000000002842e+01
3.767999999999999794e+00,1.557500000000000000e+02,6.855555555555558556e+01
3.767999999999999794e+00,1.562500000000000000e+02,6.933333333333335702e+01
3.767999999999999794e+00,1.567500000000000000e+02,6.988888888888889994e+01
3.767999999999999794e+00,1.572500000000000000e+02,6.833333333333335702e+01
3.767999999999999794e+00,1.577500000000000000e+02,6.422222222222224275e+01
3.767999999999999794e+00,1.582500000000000000e+02,6.311111111111112137e+01
3.767999999999999794e+00,1.587500000000000000e+02,6.188888888888889284e+01
3.767999999999999794e+00,1.592500000000000000e+02,6.500000000000001421e+01
3.767999999999999794e+00,1.597500000000000000e+02,6.444444444444445708e+01
3.767999999999999794e+00,1.602500000000000000e+02,6.366666666666668561e+01
3.767999999999999794e+00,1.607500000000000000e+02,6.177777777777779988e+01
3.767999999999999794e+00,1.612500000000000000e+02,6.133333333333334991e+01
3.767999999999999794e+00,1.617500000000000000e+02,6.111111111111113559e+01
3.767999999999999794e+00,1.622500000000000000e+02,5.566666666666668561e+01
3.767999999999999794e+00,1.627500000000000000e+02,5.255555555555557845e+01
3.767999999999999794e+00,1.632500000000000000e+02,4.911111111111113559e+01
3.767999999999999794e+00,1.637500000000000000e+02,5.177777777777779988e+01
3.767999999999999794e+00,1.642500000000000000e+02,5.055555555555557845e+01
3.767999999999999794e+00,1.647500000000000000e+02,4.888888888888891415e+01
3.767999999999999794e+00,1.652500000000000000e+02,4.822222222222224985e+01
3.767999999999999794e+00,1.657500000000000000e+02,4.933333333333336412e+01
3.767999999999999794e+00,1.662500000000000000e+02,5.077777777777780699e+01
3.767999999999999794e+00,1.667500000000000000e+02,5.077777777777780699e+01
3.767999999999999794e+00,1.672500000000000000e+02,4.933333333333336412e+01
3.767999999999999794e+00,1.677500000000000000e+02,4.688888888888891415e+01
3.767999999999999794e+00,1.682500000000000000e+02,4.344444444444446418e+01
3.767999999999999794e+00,1.687500000000000000e+02,4.311111111111113559e+01
3.767999999999999794e+00,1.692500000000000000e+02,4.300000000000002132e+01
3.767999999999999794e+00,1.697500000000000000e+02,4.077777777777779988e+01
3.767999999999999794e+00,1.702500000000000000e+02,3.488888888888891415e+01
3.767999999999999794e+00,1.707500000000000000e+02,3.311111111111113559e+01
3.767999999999999794e+00,1.712500000000000000e+02,3.233333333333336412e+01
3.767999999999999794e+00,1.717500000000000000e+02,3.388888888888892126e+01
3.767999999999999794e+00,1.722500000000000000e+02,3.011111111111114269e+01
3.767999999999999794e+00,1.727500000000000000e+02,2.833333333333336768e+01
3.767999999999999794e+00,1.732500000000000000e+02,2.577777777777781054e+01
3.767999999999999794e+00,1.737500000000000000e+02,2.466666666666669983e+01
3.767999999999999794e+00,1.742500000000000000e+02,2.244444444444447484e+01
3.767999999999999794e+00,1.747500000000000000e+02,2.100000000000003197e+01
3.767999999999999794e+00,1.752500000000000000e+02,1.944444444444447484e+01
3.767999999999999794e+00,1.757500000000000000e+02,1.711111111111114269e+01
3.767999999999999794e+00,1.762500000000000000e+02,1.366666666666669805e+01
3.767999999999999794e+00,1.767500000000000000e+02,1.200000000000003020e+01
3.767999999999999794e+00,1.772500000000000000e+02,9.666666666666698049e+00
3.767999999999999794e+00,1.777500000000000000e+02,9.555555555555585556e+00
3.767999999999999794e+00,1.782500000000000000e+02,7.111111111111141803e+00
3.767999999999999794e+00,1.787500000000000000e+02,6.000000000000031086e+00
3.767999999999999794e+00,1.792500000000000000e+02,3.333333333333364124e+00
3.767999999999999794e+00,1.797500000000000000e+02,1.444444444444475062e+00
3.783999999999999808e+00,1.302500000000000000e+02,8.077777777777777146e+01
3.783999999999999808e+00,1.307500000000000000e+02,8.055555555555554292e+01
3.783999999999999808e+00,1.312500000000000000e+02,7.999999999999998579e+01
3.783999999999999808e+00,1.317500000000000000e+02,8.288888888888887152e+01
3.783999999999999808e+00,1.322500000000000000e+02,8.188888888888887152e+01
3.783999999999999808e+00,1.327500000000000000e+02,8.399999999999998579e+01
3.783999999999999808e+00,1.332500000000000000e+02,8.233333333333332860e+01
3.783999999999999808e+00,1.337500000000000000e+02,8.455555555555554292e+01
3.783999999999999808e+00,1.342500000000000000e+02,8.222222222222221433e+01
3.783999999999999808e+00,1.347500000000000000e+02,8.177777777777777146e+01
3.783999999999999808e+00,1.352500000000000000e+02,7.666666666666667140e+01
3.783999999999999808e+00,1.357500000000000000e+02,7.477777777777777146e+01
3.783999999999999808e+00,1.362500000000000000e+02,7.299999999999998579e+01
3.783999999999999808e+00,1.367500000000000000e+02,7.677777777777777146e+01
3.783999999999999808e+00,1.372500000000000000e+02,7.733333333333332860e+01
3.783999999999999808e+00,1.377500000000000000e+02,8.044444444444444287e+01
3.783999999999999808e+00,1.382500000000000000e+02,7.933333333333332860e+01
3.783999999999999808e+00,1.387500000000000000e+02,8.222222222222221433e+01
3.783999999999999808e+00,1.392500000000000000e+02,8.177777777777777146e+01
3.783999999999999808e+00,1.397500000000000000e+02,8.122222222222221433e+01
3.783999999999999808e+00,1.402500000000000000e+02,7.922222222222221433e+01
3.783999999999999808e+00,1.407500000000000000e+02,7.811111111111110006e+01
3.783999999999999808e+00,1.412500000000000000e+02,7.766666666666667140e+01
3.783999999999999808e+00,1.417500000000000000e+02,7.922222222222222854e+01
3.783999999999999808e+00,1.422500000000000000e+02,8.000000000000000000e+01
3.783999999999999808e+00,1.427500000000000000e+02,8.055555555555555713e+01
3.783999999999999808e+00,1.432500000000000000e+02,7.855555555555555713e+01
3.783999999999999808e+00,1.437500000000000000e+02,7.944444444444444287e+01
3.783999999999999808e+00,1.442500000000000000e+02,7.855555555555555713e+01
3.783999999999999808e+00,1.447500000000000000e+02,7.922222222222221433e+01
3.783999999999999808e+00,1.452500000000000000e+02,7.444444444444444287e+01
3.783999999999999808e+00,1.457500000000000000e+02,7.377777777777777146e+01
3.783999999999999808e+00,1.462500000000000000e+02,7.055555555555554292e+01
3.783999999999999808e+00,1.467500000000000000e+02,7.211111111111110006e+01
3.783999999999999808e+00,1.472500000000000000e+02,6.755555555555554292e+01
3.783999999999999808e+00,1.477500000000000000e+02,6.477777777777777146e+01
3.783999999999999808e+00,1.482500000000000000e+02,6.722222222222221433e+01
3.783999999999999808e+00,1.487500000000000000e+02,7.444444444444444287e+01
3.783999999999999808e+00,1.492500000000000000e+02,7.966666666666667140e+01
3.783999999999999808e+00,1.497500000000000000e+02,7.677777777777777146e+01
3.783999999999999808e+00,1.502500000000000000e+02,7.177777777777777146e+01
3.783999999999999808e+00,1.507500000000000000e+02,6.944444444444444287e+01
3.783999999999999808e+00,1.512500000000000000e+02,7.011111111111110006e+01
3.783999999999999808e+00,1.517500000000000000e+02,7.311111111111110006e+01
3.783999999999999808e+00,1.522500000000000000e+02,7.611111111111110006e+01
3.783999999999999808e+00,1.527500000000000000e+02,7.688888888888887152e+01
3.783999999999999808e+00,1.532500000000000000e+02,7.411111111111110006e+01
3.783999999999999808e+00,1.537500000000000000e+02,7.099999999999998579e+01
3.783999999999999808e+00,1.542500000000000000e+02,6.577777777777775725e+01
3.783999999999999808e+00,1.547500000000000000e+02,6.599999999999998579e+01
3.783999999999999808e+00,1.552500000000000000e+02,6.299999999999997868e+01
3.783999999999999808e+00,1.557500000000000000e+02,6.911111111111110006e+01
3.783999999999999808e+00,1.562500000000000000e+02,6.944444444444442865e+01
3.783999999999999808e+00,1.567500000000000000e+02,6.888888888888887152e+01
3.783999999999999808e+00,1.572500000000000000e+02,6.655555555555554292e+01
3.783999999999999808e+00,1.577500000000000000e+02,6.144444444444442865e+01
3.783999999999999808e+00,1.582500000000000000e+02,6.466666666666664298e+01
3.783999999999999808e+00,1.587500000000000000e+02,6.299999999999997868e+01
3.783999999999999808e+00,1.592500000000000000e+02,6.855555555555552871e+01
3.783999999999999808e+00,1.597500000000000000e+02,6.488888888888887152e+01
3.783999999999999808e+00,1.602500000000000000e+02,6.133333333333331439e+01
3.783999999999999808e+00,1.607500000000000000e+02,5.655555555555554292e+01
3.783999999999999808e+00,1.612500000000000000e+02,5.577777777777776436e+01
3.783999999999999808e+00,1.617500000000000000e+02,5.744444444444442865e+01
3.783999999999999808e+00,1.622500000000000000e+02,5.388888888888887863e+01
3.783999999999999808e+00,1.627500000000000000e+02,5.311111111111109295e+01
3.783999999999999808e+00,1.632500000000000000e+02,4.899999999999997868e+01
3.783999999999999808e+00,1.637500000000000000e+02,5.144444444444442155e+01
3.783999999999999808e+00,1.642500000000000000e+02,4.855555555555553582e+01
3.783999999999999808e+00,1.647500000000000000e+02,4.833333333333331439e+01
3.783999999999999808e+00,1.652500000000000000e+02,4.655555555555554292e+01
3.783999999999999808e+00,1.657500000000000000e+02,4.666666666666665719e+01
3.783999999999999808e+00,1.662500000000000000e+02,4.866666666666665719e+01
3.783999999999999808e+00,1.667500000000000000e+02,5.111111111111110716e+01
3.783999999999999808e+00,1.672500000000000000e+02,4.822222222222220722e+01
3.783999999999999808e+00,1.677500000000000000e+02,4.533333333333331439e+01
3.783999999999999808e+00,1.682500000000000000e+02,4.077777777777776436e+01
3.783999999999999808e+00,1.687500000000000000e+02,4.111111111111109295e+01
3.783999999999999808e+00,1.692500000000000000e+02,3.899999999999998579e+01
3.783999999999999808e+00,1.697500000000000000e+02,3.655555555555554292e+01
3.783999999999999808e+00,1.702500000000000000e+02,3.288888888888887863e+01
3.783999999999999808e+00,1.707500000000000000e+02,3.077777777777776080e+01
3.783999999999999808e+00,1.712500000000000000e+02,2.988888888888887507e+01
3.783999999999999808e+00,1.717500000000000000e+02,2.911111111111109651e+01
3.783999999999999808e+00,1.722500000000000000e+02,2.744444444444442865e+01
3.783999999999999808e+00,1.727500000000000000e+02,2.711111111111109651e+01
3.783999999999999808e+00,1.732500000000000000e+02,2.577777777777776080e+01
3.783999999999999808e+00,1.737500000000000000e+02,2.344444444444442865e+01
3.783999999999999808e+00,1.742500000000000000e+02,1.955555555555553937e+01
3.783999999999999808e+00,1.747500000000000000e+02,1.722222222222220367e+01
3.783999999999999808e+00,1.752500000000000000e+02,1.733333333333331439e+01
3.783999999999999808e+00,1.757500000000000000e+02,1.577777777777775903e+01
3.783999999999999808e+00,1.762500000000000000e+02,1.399999999999998046e+01
3.783999999999999808e+00,1.767500000000000000e+02,1.233333333333331439e+01
3.783999999999999808e+00,1.772500000000000000e+02,9.999999999999980460e+00
3.783999999999999808e+00,1.777500000000000000e+02,9.444444444444425102e+00
3.783999999999999808e+00,1.782500000000000000e+02,6.555555555555535818e+00
3.783999999999999808e+00,1.787500000000000000e+02,5.777777777777757251e+00
3.783999999999999808e+00,1.792500000000000000e+02,3.555555555555535374e+00
3.783999999999999808e+00,1.797500000000000000e+02,1.888888888888868633e+00
3.799999999999999822e+00,1.302500000000000000e+02,8.277777777777777146e+01
3.799999999999999822e+00,1.307500000000000000e+02,8.188888888888887152e+01
3.799999999999999822e+00,1.312500000000000000e+02,8.299999999999998579e+01
3.799999999999999822e+00,1.317500000000000000e+02,8.577777777777775725e+01
3.799999999999999822e+00,1.322500000000000000e+02,8.566666666666664298e+01
3.799999999999999822e+00,1.327500000000000000e+02,8.377777777777775725e+01
3.799999999999999822e+00,1.332500000000000000e+02,8.122222222222221433e+01
3.799999999999999822e+00,1.337500000000000000e+02,8.399999999999998579e+01
3.799999999999999822e+00,1.342500000000000000e+02,8.466666666666664298e+01
3.799999999999999822e+00,1.347500000000000000e+02,8.499999999999998579e+01
3.799999999999999822e+00,1.352500000000000000e+02,7.999999999999998579e+01
3.799999999999999822e+00,1.357500000000000000e+02,7.677777777777775725e+01
3.799999999999999822e+00,1.362500000000000000e+02,7.533333333333331439e+01
3.799999999999999822e+00,1.367500000000000000e+02,7.755555555555554292e+01
3.799999999999999822e+00,1.372500000000000000e+02,7.955555555555554292e+01
3.799999999999999822e+00,1.377500000000000000e+02,8.099999999999998579e+01
3.799999999999999822e+00,1.382500000000000000e+02,7.966666666666664298e+01
3.799999999999999822e+00,1.387500000000000000e+02,8.044444444444441444e+01
3.799999999999999822e+00,1.392500000000000000e+02,7.977777777777775725e+01
3.799999999999999822e+00,1.397500000000000000e+02,7.922222222222218591e+01
3.799999999999999822e+00,1.402500000000000000e+02,7.799999999999997158e+01
3.799999999999999822e+00,1.407500000000000000e+02,7.766666666666664298e+01
3.799999999999999822e+00,1.412500000000000000e+02,7.966666666666664298e+01
3.799999999999999822e+00,1.417500000000000000e+02,8.077777777777775725e+01
3.799999999999999822e+00,1.422500000000000000e+02,8.144444444444441444e+01
3.799999999999999822e+00,1.427500000000000000e+02,8.011111111111108585e+01
3.799999999999999822e+00,1.432500000000000000e+02,7.655555555555552871e+01
3.799999999999999822e+00,1.437500000000000000e+02,7.799999999999995737e+01
3.799999999999999822e+00,1.442500000000000000e+02,7.633333333333330017e+01
3.799999999999999822e+00,1.447500000000000000e+02,7.666666666666662877e+01
3.799999999999999822e+00,1.452500000000000000e+02,7.199999999999995737e+01
3.799999999999999822e+00,1.457500000000000000e+02,7.277777777777774304e+01
3.799999999999999822e+00,1.462500000000000000e+02,7.244444444444441444e+01
3.799999999999999822e+00,1.467500000000000000e+02,7.299999999999995737e+01
3.799999999999999822e+00,1.472500000000000000e+02,6.811111111111107164e+01
3.799999999999999822e+00,1.477500000000000000e+02,6.444444444444440023e+01
3.799999999999999822e+00,1.482500000000000000e+02,6.477777777777772883e+01
3.799999999999999822e+00,1.487500000000000000e+02,7.099999999999995737e+01
3.799999999999999822e+00,1.492500000000000000e+02,7.622222222222218591e+01
3.799999999999999822e+00,1.497500000000000000e+02,7.599999999999995737e+01
3.799999999999999822e+00,1.502500000000000000e+02,6.988888888888884310e+01
3.799999999999999822e+00,1.507500000000000000e+02,6.733333333333330017e+01
3.799999999999999822e+00,1.512500000000000000e+02,6.899999999999995737e+01
3.799999999999999822e+00,1.517500000000000000e+02,7.322222222222218591e+01
3.799999999999999822e+00,1.522500000000000000e+02,7.499999999999995737e+01
3.799999999999999822e+00,1.527500000000000000e+02,7.422222222222218591e+01
3.799999999999999822e+00,1.532500000000000000e+02,7.255555555555552871e+01
3.799999999999999822e+00,1.537500000000000000e+02,6.955555555555552871e+01
3.799999999999999822e+00,1.542500000000000000e+02,6.433333333333330017e+01
3.799999999999999822e+00,1.547500000000000000e+02,6.433333333333330017e+01
3.799999999999999822e+00,1.552500000000000000e+02,6.277777777777775015e+01
3.799999999999999822e+00,1.557500000000000000e+02,6.833333333333330017e+01
3.799999999999999822e+00,1.562500000000000000e+02,6.611111111111108585e+01
3.799999999999999822e+00,1.567500000000000000e+02,6.733333333333331439e+01
3.799999999999999822e+00,1.572500000000000000e+02,6.388888888888887863e+01
3.799999999999999822e+00,1.577500000000000000e+02,6.077777777777776436e+01
3.799999999999999822e+00,1.582500000000000000e+02,6.144444444444442865e+01
3.799999999999999822e+00,1.587500000000000000e+02,5.866666666666665009e+01
3.799999999999999822e+00,1.592500000000000000e+02,6.177777777777776436e+01
3.799999999999999822e+00,1.597500000000000000e+02,5.799999999999997868e+01
3.799999999999999822e+00,1.602500000000000000e+02,5.699999999999997868e+01
3.799999999999999822e+00,1.607500000000000000e+02,5.477777777777775015e+01
3.799999999999999822e+00,1.612500000000000000e+02,5.444444444444442155e+01
3.799999999999999822e+00,1.617500000000000000e+02,5.577777777777775015e+01
3.799999999999999822e+00,1.622500000000000000e+02,5.199999999999997868e+01
3.799999999999999822e+00,1.627500000000000000e+02,5.177777777777775015e+01
3.799999999999999822e+00,1.632500000000000000e+02,4.811111111111108585e+01
3.799999999999999822e+00,1.637500000000000000e+02,4.999999999999997158e+01
3.799999999999999822e+00,1.642500000000000000e+02,4.833333333333330728e+01
3.799999999999999822e+00,1.647500000000000000e+02,4.777777777777775015e+01
3.799999999999999822e+00,1.652500000000000000e+02,4.577777777777775015e+01
3.799999999999999822e+00,1.657500000000000000e+02,4.433333333333331439e+01
3.799999999999999822e+00,1.662500000000000000e+02,4.655555555555554292e+01
3.799999999999999822e+00,1.667500000000000000e+02,4.777777777777776436e+01
3.799999999999999822e+00,1.672500000000000000e+02,4.511111111111109295e+01
3.799999999999999822e+00,1.677500000000000000e+02,4.333333333333331439e+01
3.799999999999999822e+00,1.682500000000000000e+02,4.144444444444442865e+01
3.799999999999999822e+00,1.687500000000000000e+02,4.133333333333331439e+01
3.799999999999999822e+00,1.692500000000000000e+02,3.655555555555553582e+01
3.799999999999999822e+00,1.697500000000000000e+02,3.299999999999997868e+01
3.799999999999999822e+00,1.702500000000000000e+02,3.055555555555553937e+01
3.799999999999999822e+00,1.707500000000000000e+02,2.911111111111109651e+01
3.799999999999999822e+00,1.712500000000000000e+02,2.866666666666665364e+01
3.799999999999999822e+00,1.717500000000000000e+02,2.722222222222221077e+01
3.799999999999999822e+00,1.722500000000000000e+02,2.711111111111110006e+01
3.799999999999999822e+00,1.727500000000000000e+02,2.555555555555554292e+01
3.799999999999999822e+00,1.732500000000000000e+02,2.499999999999998934e+01
3.799999999999999822e+00,1.737500000000000000e+02,2.133333333333332504e+01
3.799999999999999822e+00,1.742500000000000000e+02,1.844444444444443576e+01
3.799999999999999822e+00,1.747500000000000000e+02,1.633333333333332504e+01
3.799999999999999822e+00,1.752500000000000000e+02,1.722222222222221433e+01
3.799999999999999822e+00,1.757500000000000000e+02,1.522222222222221433e+01
3.799999999999999822e+00,1.762500000000000000e+02,1.288888888888888040e+01
3.799999999999999822e+00,1.767500000000000000e+02,1.144444444444443576e+01
3.799999999999999822e+00,1.772500000000000000e+02,9.999999999999991118e+00
3.799999999999999822e+00,1.777500000000000000e+02,9.444444444444435760e+00
3.799999999999999822e+00,1.782500000000000000e+02,6.777777777777768797e+00
3.799999999999999822e+00,1.787500000000000000e+02,5.888888888888879514e+00
3.799999999999999822e+00,1.792500000000000000e+02,3.666666666666657193e+00
3.799999999999999822e+00,1.797500000000000000e+02,1.888888888888879514e+00
3.815999999999999837e+00,1.302500000000000000e+02,8.255555555555555713e+01
3.815999999999999837e+00,1.307500000000000000e+02,8.188888888888889994e+01
3.815999999999999837e+00,1.312500000000000000e+02,8.355555555555555713e+01
3.815999999999999837e+00,1.317500000000000000e+02,8.488888888888889994e+01
3.815999999999999837e+00,1.322500000000000000e+02,8.455555555555555713e+01
3.815999999999999837e+00,1.327500000000000000e+02,7.911111111111112848e+01
3.815999999999999837e+00,1.332500000000000000e+02,7.677777777777778567e+01
3.815999999999999837e+00,1.337500000000000000e+02,7.988888888888889994e+01
3.815999999999999837e+00,1.342500000000000000e+02,8.133333333333332860e+01
3.815999999999999837e+00,1.347500000000000000e+02,8.255555555555555713e+01
3.815999999999999837e+00,1.352500000000000000e+02,7.911111111111110006e+01
3.815999999999999837e+00,1.357500000000000000e+02,8.044444444444444287e+01
3.815999999999999837e+00,1.362500000000000000e+02,8.100000000000000000e+01
3.815999999999999837e+00,1.367500000000000000e+02,8.022222222222222854e+01
3.815999999999999837e+00,1.372500000000000000e+02,7.888888888888889994e+01
3.815999999999999837e+00,1.377500000000000000e+02,7.766666666666667140e+01
3.815999999999999837e+00,1.382500000000000000e+02,7.755555555555555713e+01
3.815999999999999837e+00,1.387500000000000000e+02,8.000000000000000000e+01
3.815999999999999837e+00,1.392500000000000000e+02,8.000000000000000000e+01
3.815999999999999837e+00,1.397500000000000000e+02,7.922222222222222854e+01
3.815999999999999837e+00,1.402500000000000000e+02,7.544444444444445708e+01
3.815999999999999837e+00,1.407500000000000000e+02,7.622222222222224275e+01
3.815999999999999837e+00,1.412500000000000000e+02,7.788888888888889994e+01
3.815999999999999837e+00,1.417500000000000000e+02,8.388888888888889994e+01
3.815999999999999837e+00,1.422500000000000000e+02,8.200000000000001421e+01
3.815999999999999837e+00,1.427500000000000000e+02,8.300000000000001421e+01
3.815999999999999837e+00,1.432500000000000000e+02,7.811111111111112848e+01
3.815999999999999837e+00,1.437500000000000000e+02,7.944444444444445708e+01
3.815999999999999837e+00,1.442500000000000000e+02,7.711111111111112848e+01
3.815999999999999837e+00,1.447500000000000000e+02,7.733333333333335702e+01
3.815999999999999837e+00,1.452500000000000000e+02,7.533333333333335702e+01
3.815999999999999837e+00,1.457500000000000000e+02,7.444444444444445708e+01
3.815999999999999837e+00,1.462500000000000000e+02,7.333333333333335702e+01
3.815999999999999837e+00,1.467500000000000000e+02,7.333333333333335702e+01
3.815999999999999837e+00,1.472500000000000000e+02,6.933333333333335702e+01
3.815999999999999837e+00,1.477500000000000000e+02,6.566666666666668561e+01
3.815999999999999837e+00,1.482500000000000000e+02,6.311111111111112137e+01
3.815999999999999837e+00,1.487500000000000000e+02,6.688888888888889994e+01
3.815999999999999837e+00,1.492500000000000000e+02,7.111111111111112848e+01
3.815999999999999837e+00,1.497500000000000000e+02,7.166666666666668561e+01
3.815999999999999837e+00,1.502500000000000000e+02,6.955555555555557135e+01
3.815999999999999837e+00,1.507500000000000000e+02,6.777777777777778567e+01
3.815999999999999837e+00,1.512500000000000000e+02,6.844444444444445708e+01
3.815999999999999837e+00,1.517500000000000000e+02,6.844444444444445708e+01
3.815999999999999837e+00,1.522500000000000000e+02,7.044444444444445708e+01
3.815999999999999837e+00,1.527500000000000000e+02,7.022222222222222854e+01
3.815999999999999837e+00,1.532500000000000000e+02,7.022222222222222854e+01
3.815999999999999837e+00,1.537500000000000000e+02,6.522222222222222854e+01
3.815999999999999837e+00,1.542500000000000000e+02,6.188888888888889284e+01
3.815999999999999837e+00,1.547500000000000000e+02,6.311111111111112137e+01
3.815999999999999837e+00,1.552500000000000000e+02,6.344444444444445708e+01
3.815999999999999837e+00,1.557500000000000000e+02,6.566666666666667140e+01
3.815999999999999837e+00,1.562500000000000000e+02,6.066666666666667851e+01
3.815999999999999837e+00,1.567500000000000000e+02,6.311111111111112137e+01
3.815999999999999837e+00,1.572500000000000000e+02,6.366666666666668561e+01
3.815999999999999837e+00,1.577500000000000000e+02,6.288888888888890705e+01
3.815999999999999837e+00,1.582500000000000000e+02,6.122222222222223564e+01
3.815999999999999837e+00,1.587500000000000000e+02,5.877777777777779278e+01
3.815999999999999837e+00,1.592500000000000000e+02,5.933333333333334991e+01
3.815999999999999837e+00,1.597500000000000000e+02,5.611111111111113559e+01
3.815999999999999837e+00,1.602500000000000000e+02,5.577777777777779988e+01
3.815999999999999837e+00,1.607500000000000000e+02,5.644444444444446418e+01
3.815999999999999837e+00,1.612500000000000000e+02,5.488888888888891415e+01
3.815999999999999837e+00,1.617500000000000000e+02,5.200000000000002132e+01
3.815999999999999837e+00,1.622500000000000000e+02,4.900000000000002132e+01
3.815999999999999837e+00,1.627500000000000000e+02,4.988888888888890705e+01
3.815999999999999837e+00,1.632500000000000000e+02,4.855555555555557135e+01
3.815999999999999837e+00,1.637500000000000000e+02,4.788888888888890705e+01
3.815999999999999837e+00,1.642500000000000000e+02,4.766666666666668561e+01
3.815999999999999837e+00,1.647500000000000000e+02,4.811111111111113559e+01
3.815999999999999837e+00,1.652500000000000000e+02,4.644444444444446418e+01
3.815999999999999837e+00,1.657500000000000000e+02,4.422222222222224985e+01
3.815999999999999837e+00,1.662500000000000000e+02,4.366666666666669272e+01
3.815999999999999837e+00,1.667500000000000000e+02,4.600000000000002842e+01
3.815999999999999837e+00,1.672500000000000000e+02,4.366666666666669272e+01
3.815999999999999837e+00,1.677500000000000000e+02,4.133333333333336412e+01
3.815999999999999837e+00,1.682500000000000000e+02,3.833333333333336412e+01
3.815999999999999837e+00,1.687500000000000000e+02,3.700000000000002842e+01
3.815999999999999837e+00,1.692500000000000000e+02,3.511111111111113559e+01
3.815999999999999837e+00,1.697500000000000000e+02,3.188888888888891415e+01
3.815999999999999837e+00,1.702500000000000000e+02,3.177777777777779988e+01
3.815999999999999837e+00,1.707500000000000000e+02,2.955555555555558200e+01
3.815999999999999837e+00,1.712500000000000000e+02,2.911111111111113203e+01
3.815999999999999837e+00,1.717500000000000000e+02,2.577777777777779988e+01
3.815999999999999837e+00,1.722500000000000000e+02,2.433333333333335702e+01
3.815999999999999837e+00,1.727500000000000000e+02,2.277777777777779988e+01
3.815999999999999837e+00,1.732500000000000000e+02,2.300000000000002487e+01
3.815999999999999837e+00,1.737500000000000000e+02,2.122222222222224630e+01
3.815999999999999837e+00,1.742500000000000000e+02,1.888888888888891060e+01
3.815999999999999837e+00,1.747500000000000000e+02,1.533333333333335702e+01
3.815999999999999837e+00,1.752500000000000000e+02,1.633333333333335702e+01
3.815999999999999837e+00,1.757500000000000000e+02,1.488888888888891415e+01
3.815999999999999837e+00,1.762500000000000000e+02,1.322222222222224808e+01
3.815999999999999837e+00,1.767500000000000000e+02,1.011111111111113736e+01
3.815999999999999837e+00,1.772500000000000000e+02,8.333333333333358794e+00
3.815999999999999837e+00,1.777500000000000000e+02,7.555555555555582004e+00
3.815999999999999837e+00,1.782500000000000000e+02,6.333333333333359683e+00
3.815999999999999837e+00,1.787500000000000000e+02,5.333333333333359683e+00
3.815999999999999837e+00,1.792500000000000000e+02,3.444444444444469955e+00
3.815999999999999837e+00,1.797500000000000000e+02,1.666666666666692498e+00
3.831999999999999851e+00,1.302500000000000000e+02,8.344444444444444287e+01
3.831999999999999851e+00,1.307500000000000000e+02,8.266666666666667140e+01
3.831999999999999851e+00,1.312500000000000000e+02,8.355555555555555713e+01
3.831999999999999851e+00,1.317500000000000000e+02,8.444444444444444287e+01
3.831999999999999851e+00,1.322500000000000000e+02,8.611111111111110006e+01
3.831999999999999851e+00,1.327500000000000000e+02,8.266666666666667140e+01
3.831999999999999851e+00,1.332500000000000000e+02,8.044444444444444287e+01
3.831999999999999851e+00,1.337500000000000000e+02,8.311111111111110006e+01
3.831999999999999851e+00,1.342500000000000000e+02,8.388888888888887152e+01
3.831999999999999851e+00,1.347500000000000000e+02,8.333333333333331439e+01
3.831999999999999851e+00,1.352500000000000000e+02,7.922222222222221433e+01
3.831999999999999851e+00,1.357500000000000000e+02,8.211111111111110006e+01
3.831999999999999851e+00,1.362500000000000000e+02,8.188888888888888573e+01
3.831999999999999851e+00,1.367500000000000000e+02,8.077777777777777146e+01
3.831999999999999851e+00,1.372500000000000000e+02,8.188888888888887152e+01
3.831999999999999851e+00,1.377500000000000000e+02,8.133333333333331439e+01
3.831999999999999851e+00,1.382500000000000000e+02,8.177777777777775725e+01
3.831999999999999851e+00,1.387500000000000000e+02,7.933333333333331439e+01
3.831999999999999851e+00,1.392500000000000000e+02,7.788888888888887152e+01
3.831999999999999851e+00,1.397500000000000000e+02,7.822222222222221433e+01
3.831999999999999851e+00,1.402500000000000000e+02,7.522222222222221433e+01
3.831999999999999851e+00,1.407500000000000000e+02,7.577777777777775725e+01
3.831999999999999851e+00,1.412500000000000000e+02,7.477777777777775725e+01
3.831999999999999851e+00,1.417500000000000000e+02,7.833333333333331439e+01
3.831999999999999851e+00,1.422500000000000000e+02,7.933333333333331439e+01
3.831999999999999851e+00,1.427500000000000000e+02,8.155555555555554292e+01
3.831999999999999851e+00,1.432500000000000000e+02,7.966666666666664298e+01
3.831999999999999851e+00,1.437500000000000000e+02,7.944444444444442865e+01
3.831999999999999851e+00,1.442500000000000000e+02,7.799999999999998579e+01
3.831999999999999851e+00,1.447500000000000000e+02,7.633333333333331439e+01
3.831999999999999851e+00,1.452500000000000000e+02,7.533333333333331439e+01
3.831999999999999851e+00,1.457500000000000000e+02,7.211111111111110006e+01
3.831999999999999851e+00,1.462500000000000000e+02,7.355555555555554292e+01
3.831999999999999851e+00,1.467500000000000000e+02,7.344444444444442865e+01
3.831999999999999851e+00,1.472500000000000000e+02,7.233333333333331439e+01
3.831999999999999851e+00,1.477500000000000000e+02,7.033333333333331439e+01
3.831999999999999851e+00,1.482500000000000000e+02,6.688888888888887152e+01
3.831999999999999851e+00,1.487500000000000000e+02,6.911111111111110006e+01
3.831999999999999851e+00,1.492500000000000000e+02,7.077777777777777146e+01
3.831999999999999851e+00,1.497500000000000000e+02,7.100000000000000000e+01
3.831999999999999851e+00,1.502500000000000000e+02,7.100000000000000000e+01
3.831999999999999851e+00,1.507500000000000000e+02,6.777777777777778567e+01
3.831999999999999851e+00,1.512500000000000000e+02,6.722222222222222854e+01
3.831999999999999851e+00,1.517500000000000000e+02,6.477777777777778567e+01
3.831999999999999851e+00,1.522500000000000000e+02,6.622222222222222854e+01
3.831999999999999851e+00,1.527500000000000000e+02,6.722222222222222854e+01
3.831999999999999851e+00,1.532500000000000000e+02,6.722222222222222854e+01
3.831999999999999851e+00,1.537500000000000000e+02,6.433333333333334281e+01
3.831999999999999851e+00,1.542500000000000000e+02,6.422222222222222854e+01
3.831999999999999851e+00,1.547500000000000000e+02,6.477777777777778567e+01
3.831999999999999851e+00,1.552500000000000000e+02,6.544444444444444287e+01
3.831999999999999851e+00,1.557500000000000000e+02,6.322222222222222854e+01
3.831999999999999851e+00,1.562500000000000000e+02,5.966666666666667851e+01
3.831999999999999851e+00,1.567500000000000000e+02,6.011111111111112137e+01
3.831999999999999851e+00,1.572500000000000000e+02,6.188888888888889284e+01
3.831999999999999851e+00,1.577500000000000000e+02,6.044444444444445708e+01
3.831999999999999851e+00,1.582500000000000000e+02,5.877777777777779278e+01
3.831999999999999851e+00,1.587500000000000000e+02,5.433333333333334991e+01
3.831999999999999851e+00,1.592500000000000000e+02,5.611111111111112137e+01
3.831999999999999851e+00,1.597500000000000000e+02,5.400000000000002132e+01
3.831999999999999851e+00,1.602500000000000000e+02,5.500000000000002132e+01
3.831999999999999851e+00,1.607500000000000000e+02,5.311111111111113559e+01
3.831999999999999851e+00,1.612500000000000000e+02,5.122222222222224985e+01
3.831999999999999851e+00,1.617500000000000000e+02,5.055555555555557845e+01
3.831999999999999851e+00,1.622500000000000000e+02,5.022222222222224985e+01
3.831999999999999851e+00,1.627500000000000000e+02,5.166666666666669272e+01
3.831999999999999851e+00,1.632500000000000000e+02,5.000000000000002842e+01
3.831999999999999851e+00,1.637500000000000000e+02,4.844444444444447839e+01
3.831999999999999851e+00,1.642500000000000000e+02,4.644444444444447839e+01
3.831999999999999851e+00,1.647500000000000000e+02,4.622222222222225696e+01
3.831999999999999851e+00,1.652500000000000000e+02,4.433333333333337123e+01
3.831999999999999851e+00,1.657500000000000000e+02,4.366666666666670693e+01
3.831999999999999851e+00,1.662500000000000000e+02,4.200000000000003553e+01
3.831999999999999851e+00,1.667500000000000000e+02,4.377777777777782120e+01
3.831999999999999851e+00,1.672500000000000000e+02,4.277777777777782120e+01
3.831999999999999851e+00,1.677500000000000000e+02,4.133333333333337123e+01
3.831999999999999851e+00,1.682500000000000000e+02,3.844444444444448550e+01
3.831999999999999851e+00,1.687500000000000000e+02,3.622222222222226407e+01
3.831999999999999851e+00,1.692500000000000000e+02,3.411111111111115690e+01
3.831999999999999851e+00,1.697500000000000000e+02,3.400000000000004974e+01
3.831999999999999851e+00,1.702500000000000000e+02,3.400000000000004974e+01
3.831999999999999851e+00,1.707500000000000000e+02,3.222222222222226407e+01
3.831999999999999851e+00,1.712500000000000000e+02,2.944444444444448905e+01
3.831999999999999851e+00,1.717500000000000000e+02,2.666666666666671404e+01
3.831999999999999851e+00,1.722500000000000000e+02,2.477777777777782831e+01
3.831999999999999851e+00,1.727500000000000000e+02,2.266666666666671404e+01
3.831999999999999851e+00,1.732500000000000000e+02,2.277777777777782475e+01
3.831999999999999851e+00,1.737500000000000000e+02,2.122222222222226762e+01
3.831999999999999851e+00,1.742500000000000000e+02,1.988888888888893192e+01
3.831999999999999851e+00,1.747500000000000000e+02,1.688888888888893192e+01
3.831999999999999851e+00,1.752500000000000000e+02,1.666666666666671048e+01
3.831999999999999851e+00,1.757500000000000000e+02,1.422222222222226584e+01
3.831999999999999851e+00,1.762500000000000000e+02,1.144444444444449083e+01
3.831999999999999851e+00,1.767500000000000000e+02,9.222222222222267618e+00
3.831999999999999851e+00,1.772500000000000000e+02,8.333333333333378334e+00
3.831999999999999851e+00,1.777500000000000000e+02,8.000000000000044409e+00
3.831999999999999851e+00,1.782500000000000000e+02,7.111111111111156902e+00
3.831999999999999851e+00,1.787500000000000000e+02,5.333333333333379223e+00
3.831999999999999851e+00,1.792500000000000000e+02,2.777777777777823420e+00
3.831999999999999851e+00,1.797500000000000000e+02,8.888888888889345807e-01
3.847999999999999865e+00,1.302500000000000000e+02,8.811111111111110006e+01
3.847999999999999865e+00,1.307500000000000000e+02,8.622222222222221433e+01
3.847999999999999865e+00,1.312500000000000000e+02,8.433333333333332860e+01
3.847999999999999865e+00,1.317500000000000000e+02,8.377777777777777146e+01
3.847999999999999865e+00,1.322500000000000000e+02,8.399999999999998579e+01
3.847999999999999865e+00,1.327500000000000000e+02,8.133333333333332860e+01
3.847999999999999865e+00,1.332500000000000000e+02,8.044444444444444287e+01
3.847999999999999865e+00,1.337500000000000000e+02,8.133333333333332860e+01
3.847999999999999865e+00,1.342500000000000000e+02,8.277777777777777146e+01
3.847999999999999865e+00,1.347500000000000000e+02,8.055555555555555713e+01
3.847999999999999865e+00,1.352500000000000000e+02,7.888888888888888573e+01
3.847999999999999865e+00,1.357500000000000000e+02,8.222222222222221433e+01
3.847999999999999865e+00,1.362500000000000000e+02,8.044444444444444287e+01
3.847999999999999865e+00,1.367500000000000000e+02,7.811111111111110006e+01
3.847999999999999865e+00,1.372500000000000000e+02,7.655555555555554292e+01
3.847999999999999865e+00,1.377500000000000000e+02,7.988888888888887152e+01
3.847999999999999865e+00,1.382500000000000000e+02,8.288888888888887152e+01
3.847999999999999865e+00,1.387500000000000000e+02,8.144444444444444287e+01
3.847999999999999865e+00,1.392500000000000000e+02,7.833333333333332860e+01
3.847999999999999865e+00,1.397500000000000000e+02,7.955555555555555713e+01
3.847999999999999865e+00,1.402500000000000000e+02,8.000000000000000000e+01
3.847999999999999865e+00,1.407500000000000000e+02,7.944444444444444287e+01
3.847999999999999865e+00,1.412500000000000000e+02,7.422222222222221433e+01
3.847999999999999865e+00,1.417500000000000000e+02,7.444444444444444287e+01
3.847999999999999865e+00,1.422500000000000000e+02,7.655555555555555713e+01
3.847999999999999865e+00,1.427500000000000000e+02,7.855555555555555713e+01
3.847999999999999865e+00,1.432500000000000000e+02,7.711111111111110006e+01
3.847999999999999865e+00,1.437500000000000000e+02,7.577777777777777146e+01
3.847999999999999865e+00,1.442500000000000000e+02,7.911111111111110006e+01
3.847999999999999865e+00,1.447500000000000000e+02,7.955555555555554292e+01
3.847999999999999865e+00,1.452500000000000000e+02,7.922222222222221433e+01
3.847999999999999865e+00,1.457500000000000000e+02,7.533333333333331439e+01
3.847999999999999865e+00,1.462500000000000000e+02,7.255555555555554292e+01
3.847999999999999865e+00,1.467500000000000000e+02,7.311111111111110006e+01
3.847999999999999865e+00,1.472500000000000000e+02,6.988888888888887152e+01
3.847999999999999865e+00,1.477500000000000000e+02,6.944444444444442865e+01
3.847999999999999865e+00,1.482500000000000000e+02,6.788888888888887152e+01
3.847999999999999865e+00,1.487500000000000000e+02,7.055555555555554292e+01
3.847999999999999865e+00,1.492500000000000000e+02,7.211111111111110006e+01
3.847999999999999865e+00,1.497500000000000000e+02,7.111111111111110006e+01
3.847999999999999865e+00,1.502500000000000000e+02,7.133333333333332860e+01
3.847999999999999865e+00,1.507500000000000000e+02,6.788888888888887152e+01
3.847999999999999865e+00,1.512500000000000000e+02,6.711111111111110006e+01
3.847999999999999865e+00,1.517500000000000000e+02,6.399999999999997868e+01
3.847999999999999865e+00,1.522500000000000000e+02,6.655555555555552871e+01
3.847999999999999865e+00,1.527500000000000000e+02,6.444444444444441444e+01
3.847999999999999865e+00,1.532500000000000000e+02,6.466666666666664298e+01
3.847999999999999865e+00,1.537500000000000000e+02,6.388888888888887863e+01
3.847999999999999865e+00,1.542500000000000000e+02,6.788888888888887152e+01
3.847999999999999865e+00,1.547500000000000000e+02,6.799999999999998579e+01
3.847999999999999865e+00,1.552500000000000000e+02,6.744444444444441444e+01
3.847999999999999865e+00,1.557500000000000000e+02,6.488888888888887152e+01
3.847999999999999865e+00,1.562500000000000000e+02,6.144444444444442155e+01
3.847999999999999865e+00,1.567500000000000000e+02,6.033333333333331439e+01
3.847999999999999865e+00,1.572500000000000000e+02,6.177777777777776436e+01
3.847999999999999865e+00,1.577500000000000000e+02,6.188888888888887863e+01
3.847999999999999865e+00,1.582500000000000000e+02,6.122222222222220722e+01
3.847999999999999865e+00,1.587500000000000000e+02,5.611111111111109295e+01
3.847999999999999865e+00,1.592500000000000000e+02,5.744444444444442865e+01
3.847999999999999865e+00,1.597500000000000000e+02,5.444444444444442865e+01
3.847999999999999865e+00,1.602500000000000000e+02,5.522222222222220722e+01
3.847999999999999865e+00,1.607500000000000000e+02,5.155555555555554292e+01
3.847999999999999865e+00,1.612500000000000000e+02,4.955555555555554292e+01
3.847999999999999865e+00,1.617500000000000000e+02,4.699999999999999289e+01
3.847999999999999865e+00,1.622500000000000000e+02,4.755555555555554292e+01
3.847999999999999865e+00,1.627500000000000000e+02,4.777777777777776436e+01
3.847999999999999865e+00,1.632500000000000000e+02,4.822222222222220722e+01
3.847999999999999865e+00,1.637500000000000000e+02,4.722222222222220722e+01
3.847999999999999865e+00,1.642500000000000000e+02,4.622222222222220722e+01
3.847999999999999865e+00,1.647500000000000000e+02,4.544444444444442865e+01
3.847999999999999865e+00,1.652500000000000000e+02,4.466666666666665009e+01
3.847999999999999865e+00,1.657500000000000000e+02,4.566666666666665009e+01
3.847999999999999865e+00,1.662500000000000000e+02,4.355555555555553582e+01
3.847999999999999865e+00,1.667500000000000000e+02,4.344444444444442155e+01
3.847999999999999865e+00,1.672500000000000000e+02,4.244444444444442155e+01
3.847999999999999865e+00,1.677500000000000000e+02,4.188888888888886441e+01
3.847999999999999865e+00,1.682500000000000000e+02,3.955555555555553582e+01
3.847999999999999865e+00,1.687500000000000000e+02,3.655555555555553582e+01
3.847999999999999865e+00,1.692500000000000000e+02,3.499999999999997868e+01
3.847999999999999865e+00,1.697500000000000000e+02,3.455555555555553582e+01
3.847999999999999865e+00,1.702500000000000000e+02,3.588888888888886441e+01
3.847999999999999865e+00,1.707500000000000000e+02,3.366666666666664298e+01
3.847999999999999865e+00,1.712500000000000000e+02,3.122222222222220012e+01
3.847999999999999865e+00,1.717500000000000000e+02,2.699999999999998224e+01
3.847999999999999865e+00,1.722500000000000000e+02,2.599999999999998224e+01
3.847999999999999865e+00,1.727500000000000000e+02,2.511111111111109651e+01
3.847999999999999865e+00,1.732500000000000000e+02,2.444444444444442865e+01
3.847999999999999865e+00,1.737500000000000000e+02,2.244444444444442865e+01
3.847999999999999865e+00,1.742500000000000000e+02,1.955555555555553937e+01
3.847999999999999865e+00,1.747500000000000000e+02,1.644444444444442510e+01
3.847999999999999865e+00,1.752500000000000000e+02,1.511111111111109295e+01
3.847999999999999865e+00,1.757500000000000000e+02,1.288888888888887152e+01
3.847999999999999865e+00,1.762500000000000000e+02,1.122222222222220545e+01
3.847999999999999865e+00,1.767500000000000000e+02,9.111111111111094729e+00
3.847999999999999865e+00,1.772500000000000000e+02,8.111111111111094729e+00
3.847999999999999865e+00,1.777500000000000000e+02,7.111111111111093841e+00
3.847999999999999865e+00,1.782500000000000000e+02,6.222222222222204557e+00
3.847999999999999865e+00,1.787500000000000000e+02,4.444444444444427766e+00
3.847999999999999865e+00,1.792500000000000000e+02,2.333333333333316162e+00
3.847999999999999865e+00,1.797500000000000000e+02,8.888888888888715201e-01
3.863999999999999879e+00,1.302500000000000000e+02,8.800000000000000000e+01
3.863999999999999879e+00,1.307500000000000000e+02,8.922222222222221433e+01
3.863999999999999879e+00,1.312500000000000000e+02,8.988888888888887152e+01
3.863999999999999879e+00,1.317500000000000000e+02,8.888888888888887152e+01
3.863999999999999879e+00,1.322500000000000000e+02,8.577777777777777146e+01
3.863999999999999879e+00,1.327500000000000000e+02,8.411111111111110006e+01
3.863999999999999879e+00,1.332500000000000000e+02,8.333333333333332860e+01
3.863999999999999879e+00,1.337500000000000000e+02,8.311111111111110006e+01
3.863999999999999879e+00,1.342500000000000000e+02,8.266666666666665719e+01
3.863999999999999879e+00,1.347500000000000000e+02,8.066666666666665719e+01
3.863999999999999879e+00,1.352500000000000000e+02,8.122222222222221433e+01
3.863999999999999879e+00,1.357500000000000000e+02,8.066666666666665719e+01
3.863999999999999879e+00,1.362500000000000000e+02,7.811111111111110006e+01
3.863999999999999879e+00,1.367500000000000000e+02,7.666666666666667140e+01
3.863999999999999879e+00,1.372500000000000000e+02,7.588888888888888573e+01
3.863999999999999879e+00,1.377500000000000000e+02,8.211111111111110006e+01
3.863999999999999879e+00,1.382500000000000000e+02,8.488888888888887152e+01
3.863999999999999879e+00,1.387500000000000000e+02,8.633333333333332860e+01
3.863999999999999879e+00,1.392500000000000000e+02,8.044444444444444287e+01
3.863999999999999879e+00,1.397500000000000000e+02,8.055555555555555713e+01
3.863999999999999879e+00,1.402500000000000000e+02,7.977777777777778567e+01
3.863999999999999879e+00,1.407500000000000000e+02,7.977777777777778567e+01
3.863999999999999879e+00,1.412500000000000000e+02,7.611111111111111427e+01
3.863999999999999879e+00,1.417500000000000000e+02,7.533333333333332860e+01
3.863999999999999879e+00,1.422500000000000000e+02,7.733333333333332860e+01
3.863999999999999879e+00,1.427500000000000000e+02,7.788888888888889994e+01
3.863999999999999879e+00,1.432500000000000000e+02,7.677777777777778567e+01
3.863999999999999879e+00,1.437500000000000000e+02,7.633333333333334281e+01
3.863999999999999879e+00,1.442500000000000000e+02,7.733333333333334281e+01
3.863999999999999879e+00,1.447500000000000000e+02,7.800000000000001421e+01
3.863999999999999879e+00,1.452500000000000000e+02,7.744444444444445708e+01
3.863999999999999879e+00,1.457500000000000000e+02,7.700000000000001421e+01
3.863999999999999879e+00,1.462500000000000000e+02,7.600000000000001421e+01
3.863999999999999879e+00,1.467500000000000000e+02,7.555555555555557135e+01
3.863999999999999879e+00,1.472500000000000000e+02,7.211111111111112848e+01
3.863999999999999879e+00,1.477500000000000000e+02,6.944444444444445708e+01
3.863999999999999879e+00,1.482500000000000000e+02,6.933333333333335702e+01
3.863999999999999879e+00,1.487500000000000000e+02,7.155555555555558556e+01
3.863999999999999879e+00,1.492500000000000000e+02,7.400000000000001421e+01
3.863999999999999879e+00,1.497500000000000000e+02,7.177777777777778567e+01
3.863999999999999879e+00,1.502500000000000000e+02,7.033333333333335702e+01
3.863999999999999879e+00,1.507500000000000000e+02,6.833333333333335702e+01
3.863999999999999879e+00,1.512500000000000000e+02,6.777777777777779988e+01
3.863999999999999879e+00,1.517500000000000000e+02,6.566666666666668561e+01
3.863999999999999879e+00,1.522500000000000000e+02,6.433333333333335702e+01
3.863999999999999879e+00,1.527500000000000000e+02,6.266666666666668561e+01
3.863999999999999879e+00,1.532500000000000000e+02,6.166666666666668561e+01
3.863999999999999879e+00,1.537500000000000000e+02,6.300000000000002132e+01
3.863999999999999879e+00,1.542500000000000000e+02,6.588888888888889994e+01
3.863999999999999879e+00,1.547500000000000000e+02,6.566666666666668561e+01
3.863999999999999879e+00,1.552500000000000000e+02,6.588888888888891415e+01
3.863999999999999879e+00,1.557500000000000000e+02,6.533333333333335702e+01
3.863999999999999879e+00,1.562500000000000000e+02,6.377777777777780699e+01
3.863999999999999879e+00,1.567500000000000000e+02,6.022222222222224985e+01
3.863999999999999879e+00,1.572500000000000000e+02,5.800000000000002132e+01
3.863999999999999879e+00,1.577500000000000000e+02,5.855555555555557135e+01
3.863999999999999879e+00,1.582500000000000000e+02,5.955555555555557135e+01
3.863999999999999879e+00,1.587500000000000000e+02,5.588888888888890705e+01
3.863999999999999879e+00,1.592500000000000000e+02,5.566666666666668561e+01
3.863999999999999879e+00,1.597500000000000000e+02,5.277777777777779988e+01
3.863999999999999879e+00,1.602500000000000000e+02,5.388888888888891415e+01
3.863999999999999879e+00,1.607500000000000000e+02,4.922222222222224985e+01
3.863999999999999879e+00,1.612500000000000000e+02,4.766666666666668561e+01
3.863999999999999879e+00,1.617500000000000000e+02,4.422222222222223564e+01
3.863999999999999879e+00,1.622500000000000000e+02,4.433333333333334991e+01
3.863999999999999879e+00,1.627500000000000000e+02,4.255555555555557845e+01
3.863999999999999879e+00,1.632500000000000000e+02,4.388888888888891415e+01
3.863999999999999879e+00,1.637500000000000000e+02,4.377777777777779988e+01
3.863999999999999879e+00,1.642500000000000000e+02,4.411111111111113559e+01
3.863999999999999879e+00,1.647500000000000000e+02,4.188888888888891415e+01
3.863999999999999879e+00,1.652500000000000000e+02,4.177777777777779988e+01
3.863999999999999879e+00,1.657500000000000000e+02,4.222222222222224275e+01
3.863999999999999879e+00,1.662500000000000000e+02,4.200000000000002132e+01
3.863999999999999879e+00,1.667500000000000000e+02,4.100000000000002132e+01
3.863999999999999879e+00,1.672500000000000000e+02,3.955555555555557845e+01
3.863999999999999879e+00,1.677500000000000000e+02,3.933333333333334991e+01
3.863999999999999879e+00,1.682500000000000000e+02,3.822222222222224275e+01
3.863999999999999879e+00,1.687500000000000000e+02,3.600000000000002132e+01
3.863999999999999879e+00,1.692500000000000000e+02,3.422222222222223564e+01
3.863999999999999879e+00,1.697500000000000000e+02,3.344444444444445708e+01
3.863999999999999879e+00,1.702500000000000000e+02,3.400000000000001421e+01
3.863999999999999879e+00,1.707500000000000000e+02,3.155555555555557135e+01
3.863999999999999879e+00,1.712500000000000000e+02,2.988888888888890349e+01
3.863999999999999879e+00,1.717500000000000000e+02,2.766666666666668206e+01
3.863999999999999879e+00,1.722500000000000000e+02,2.722222222222223920e+01
3.863999999999999879e+00,1.727500000000000000e+02,2.555555555555557135e+01
3.863999999999999879e+00,1.732500000000000000e+02,2.288888888888890349e+01
3.863999999999999879e+00,1.737500000000000000e+02,2.000000000000001421e+01
3.863999999999999879e+00,1.742500000000000000e+02,1.655555555555556779e+01
3.863999999999999879e+00,1.747500000000000000e+02,1.466666666666668029e+01
3.863999999999999879e+00,1.752500000000000000e+02,1.366666666666668029e+01
3.863999999999999879e+00,1.757500000000000000e+02,1.233333333333334814e+01
3.863999999999999879e+00,1.762500000000000000e+02,1.144444444444445885e+01
3.863999999999999879e+00,1.767500000000000000e+02,9.777777777777792778e+00
3.863999999999999879e+00,1.772500000000000000e+02,9.111111111111126704e+00
3.863999999999999879e+00,1.777500000000000000e+02,7.888888888888903494e+00
3.863999999999999879e+00,1.782500000000000000e+02,6.333333333333347248e+00
3.863999999999999879e+00,1.787500000000000000e+02,4.333333333333347248e+00
3.863999999999999879e+00,1.792500000000000000e+02,1.888888888888902828e+00
3.863999999999999879e+00,1.797500000000000000e+02,7.777777777777918899e-01
3.879999999999999893e+00,1.302500000000000000e+02,8.555555555555555713e+01
3.879999999999999893e+00,1.307500000000000000e+02,8.777777777777778567e+01
3.879999999999999893e+00,1.312500000000000000e+02,8.877777777777778567e+01
3.879999999999999893e+00,1.317500000000000000e+02,8.955555555555558556e+01
3.879999999999999893e+00,1.322500000000000000e+02,8.588888888888891415e+01
3.879999999999999893e+00,1.327500000000000000e+02,8.400000000000001421e+01
3.879999999999999893e+00,1.332500000000000000e+02,8.455555555555557135e+01
3.879999999999999893e+00,1.337500000000000000e+02,8.222222222222224275e+01
3.879999999999999893e+00,1.342500000000000000e+02,8.055555555555557135e+01
3.879999999999999893e+00,1.347500000000000000e+02,7.966666666666668561e+01
3.879999999999999893e+00,1.352500000000000000e+02,8.177777777777779988e+01
3.879999999999999893e+00,1.357500000000000000e+02,8.188888888888891415e+01
3.879999999999999893e+00,1.362500000000000000e+02,8.033333333333335702e+01
3.879999999999999893e+00,1.367500000000000000e+02,7.822222222222224275e+01
3.879999999999999893e+00,1.372500000000000000e+02,7.877777777777778567e+01
3.879999999999999893e+00,1.377500000000000000e+02,8.377777777777778567e+01
3.879999999999999893e+00,1.382500000000000000e+02,8.566666666666668561e+01
3.879999999999999893e+00,1.387500000000000000e+02,8.444444444444445708e+01
3.879999999999999893e+00,1.392500000000000000e+02,7.855555555555555713e+01
3.879999999999999893e+00,1.397500000000000000e+02,7.722222222222222854e+01
3.879999999999999893e+00,1.402500000000000000e+02,7.733333333333334281e+01
3.879999999999999893e+00,1.407500000000000000e+02,7.611111111111112848e+01
3.879999999999999893e+00,1.412500000000000000e+02,7.455555555555555713e+01
3.879999999999999893e+00,1.417500000000000000e+02,7.433333333333332860e+01
3.879999999999999893e+00,1.422500000000000000e+02,7.511111111111110006e+01
3.879999999999999893e+00,1.427500000000000000e+02,7.533333333333332860e+01
3.879999999999999893e+00,1.432500000000000000e+02,7.400000000000000000e+01
3.879999999999999893e+00,1.437500000000000000e+02,7.477777777777777146e+01
3.879999999999999893e+00,1.442500000000000000e+02,7.711111111111110006e+01
3.879999999999999893e+00,1.447500000000000000e+02,7.866666666666667140e+01
3.879999999999999893e+00,1.452500000000000000e+02,7.822222222222222854e+01
3.879999999999999893e+00,1.457500000000000000e+02,7.744444444444445708e+01
3.879999999999999893e+00,1.462500000000000000e+02,7.700000000000001421e+01
3.879999999999999893e+00,1.467500000000000000e+02,7.600000000000001421e+01
3.879999999999999893e+00,1.472500000000000000e+02,7.288888888888889994e+01
3.879999999999999893e+00,1.477500000000000000e+02,6.866666666666667140e+01
3.879999999999999893e+00,1.482500000000000000e+02,6.744444444444445708e+01
3.879999999999999893e+00,1.487500000000000000e+02,6.777777777777778567e+01
3.879999999999999893e+00,1.492500000000000000e+02,6.800000000000001421e+01
3.879999999999999893e+00,1.497500000000000000e+02,6.977777777777778567e+01
3.879999999999999893e+00,1.502500000000000000e+02,6.911111111111112848e+01
3.879999999999999893e+00,1.507500000000000000e+02,7.133333333333335702e+01
3.879999999999999893e+00,1.512500000000000000e+02,6.977777777777778567e+01
3.879999999999999893e+00,1.517500000000000000e+02,6.877777777777778567e+01
3.879999999999999893e+00,1.522500000000000000e+02,6.655555555555555713e+01
3.879999999999999893e+00,1.527500000000000000e+02,6.355555555555556424e+01
3.879999999999999893e+00,1.532500000000000000e+02,6.266666666666667851e+01
3.879999999999999893e+00,1.537500000000000000e+02,6.333333333333334281e+01
3.879999999999999893e+00,1.542500000000000000e+02,6.633333333333334281e+01
3.879999999999999893e+00,1.547500000000000000e+02,6.544444444444445708e+01
3.879999999999999893e+00,1.552500000000000000e+02,6.511111111111112848e+01
3.879999999999999893e+00,1.557500000000000000e+02,6.477777777777778567e+01
3.879999999999999893e+00,1.562500000000000000e+02,6.277777777777779278e+01
3.879999999999999893e+00,1.567500000000000000e+02,5.955555555555557135e+01
3.879999999999999893e+00,1.572500000000000000e+02,5.644444444444445708e+01
3.879999999999999893e+00,1.577500000000000000e+02,5.900000000000000711e+01
3.879999999999999893e+00,1.582500000000000000e+02,5.833333333333334281e+01
3.879999999999999893e+00,1.587500000000000000e+02,5.644444444444445708e+01
3.879999999999999893e+00,1.592500000000000000e+02,5.233333333333334991e+01
3.879999999999999893e+00,1.597500000000000000e+02,5.066666666666668561e+01
3.879999999999999893e+00,1.602500000000000000e+02,5.211111111111113559e+01
3.879999999999999893e+00,1.607500000000000000e+02,5.200000000000002132e+01
3.879999999999999893e+00,1.612500000000000000e+02,5.055555555555557845e+01
3.879999999999999893e+00,1.617500000000000000e+02,4.577777777777779988e+01
3.879999999999999893e+00,1.622500000000000000e+02,4.388888888888891415e+01
3.879999999999999893e+00,1.627500000000000000e+02,4.222222222222224985e+01
3.879999999999999893e+00,1.632500000000000000e+02,4.355555555555557845e+01
3.879999999999999893e+00,1.637500000000000000e+02,4.355555555555557845e+01
3.879999999999999893e+00,1.642500000000000000e+02,4.511111111111113559e+01
3.879999999999999893e+00,1.647500000000000000e+02,4.211111111111113559e+01
3.879999999999999893e+00,1.652500000000000000e+02,4.222222222222224275e+01
3.879999999999999893e+00,1.657500000000000000e+02,4.144444444444446418e+01
3.879999999999999893e+00,1.662500000000000000e+02,4.077777777777779988e+01
3.879999999999999893e+00,1.667500000000000000e+02,3.944444444444446418e+01
3.879999999999999893e+00,1.672500000000000000e+02,3.866666666666669272e+01
3.879999999999999893e+00,1.677500000000000000e+02,3.933333333333335702e+01
3.879999999999999893e+00,1.682500000000000000e+02,3.822222222222224985e+01
3.879999999999999893e+00,1.687500000000000000e+02,3.644444444444446418e+01
3.879999999999999893e+00,1.692500000000000000e+02,3.411111111111113559e+01
3.879999999999999893e+00,1.697500000000000000e+02,3.200000000000002132e+01
3.879999999999999893e+00,1.702500000000000000e+02,3.122222222222223920e+01
3.879999999999999893e+00,1.707500000000000000e+02,3.011111111111112848e+01
3.879999999999999893e+00,1.712500000000000000e+02,2.944444444444446063e+01
3.879999999999999893e+00,1.717500000000000000e+02,2.633333333333335347e+01
3.879999999999999893e+00,1.722500000000000000e+02,2.455555555555557135e+01
3.879999999999999893e+00,1.727500000000000000e+02,2.255555555555557135e+01
3.879999999999999893e+00,1.732500000000000000e+02,2.088888888888890349e+01
3.879999999999999893e+00,1.737500000000000000e+02,1.944444444444446063e+01
3.879999999999999893e+00,1.742500000000000000e+02,1.711111111111112848e+01
3.879999999999999893e+00,1.747500000000000000e+02,1.488888888888890705e+01
3.879999999999999893e+00,1.752500000000000000e+02,1.366666666666668561e+01
3.879999999999999893e+00,1.757500000000000000e+02,1.200000000000001954e+01
3.879999999999999893e+00,1.762500000000000000e+02,1.166666666666668561e+01
3.879999999999999893e+00,1.767500000000000000e+02,9.111111111111130256e+00
3.879999999999999893e+00,1.772500000000000000e+02,8.444444444444462405e+00
3.879999999999999893e+00,1.777500000000000000e+02,7.000000000000018652e+00
3.879999999999999893e+00,1.782500000000000000e+02,5.888888888888907935e+00
3.879999999999999893e+00,1.787500000000000000e+02,4.111111111111130256e+00
3.879999999999999893e+00,1.792500000000000000e+02,2.111111111111130256e+00
3.879999999999999893e+00,1.797500000000000000e+02,1.111111111111130256e+00
3.895999999999999908e+00,1.302500000000000000e+02,8.622222222222222854e+01
3.895999999999999908e+00,1.307500000000000000e+02,8.877777777777778567e+01
3.895999999999999908e+00,1.312500000000000000e+02,8.988888888888889994e+01
3.895999999999999908e+00,1.317500000000000000e+02,9.122222222222222854e+01
3.895999999999999908e+00,1.322500000000000000e+02,8.944444444444445708e+01
3.895999999999999908e+00,1.327500000000000000e+02,8.988888888888891415e+01
3.895999999999999908e+00,1.332500000000000000e+02,8.822222222222224275e+01
3.895999999999999908e+00,1.337500000000000000e+02,8.633333333333337123e+01
3.895999999999999908e+00,1.342500000000000000e+02,8.277777777777781409e+01
3.895999999999999908e+00,1.347500000000000000e+02,8.222222222222224275e+01
3.895999999999999908e+00,1.352500000000000000e+02,8.422222222222224275e+01
3.895999999999999908e+00,1.357500000000000000e+02,8.222222222222224275e+01
3.895999999999999908e+00,1.362500000000000000e+02,8.233333333333335702e+01
3.895999999999999908e+00,1.367500000000000000e+02,8.055555555555557135e+01
3.895999999999999908e+00,1.372500000000000000e+02,8.511111111111112848e+01
3.895999999999999908e+00,1.377500000000000000e+02,8.933333333333335702e+01
3.895999999999999908e+00,1.382500000000000000e+02,8.666666666666668561e+01
3.895999999999999908e+00,1.387500000000000000e+02,8.377777777777778567e+01
3.895999999999999908e+00,1.392500000000000000e+02,7.733333333333335702e+01
3.895999999999999908e+00,1.397500000000000000e+02,7.655555555555558556e+01
3.895999999999999908e+00,1.402500000000000000e+02,7.422222222222224275e+01
3.895999999999999908e+00,1.407500000000000000e+02,7.300000000000001421e+01
3.895999999999999908e+00,1.412500000000000000e+02,7.244444444444445708e+01
3.895999999999999908e+00,1.417500000000000000e+02,7.488888888888889994e+01
3.895999999999999908e+00,1.422500000000000000e+02,7.511111111111112848e+01
3.895999999999999908e+00,1.427500000000000000e+02,7.800000000000001421e+01
3.895999999999999908e+00,1.432500000000000000e+02,7.444444444444447129e+01
3.895999999999999908e+00,1.437500000000000000e+02,7.788888888888891415e+01
3.895999999999999908e+00,1.442500000000000000e+02,7.511111111111114269e+01
3.895999999999999908e+00,1.447500000000000000e+02,7.611111111111114269e+01
3.895999999999999908e+00,1.452500000000000000e+02,7.411111111111114269e+01
3.895999999999999908e+00,1.457500000000000000e+02,7.366666666666669983e+01
3.895999999999999908e+00,1.462500000000000000e+02,7.611111111111114269e+01
3.895999999999999908e+00,1.467500000000000000e+02,7.244444444444447129e+01
3.895999999999999908e+00,1.472500000000000000e+02,7.133333333333337123e+01
3.895999999999999908e+00,1.477500000000000000e+02,6.788888888888892836e+01
3.895999999999999908e+00,1.482500000000000000e+02,6.777777777777782831e+01
3.895999999999999908e+00,1.487500000000000000e+02,6.722222222222227117e+01
3.895999999999999908e+00,1.492500000000000000e+02,6.466666666666669983e+01
3.895999999999999908e+00,1.497500000000000000e+02,6.711111111111114269e+01
3.895999999999999908e+00,1.502500000000000000e+02,6.666666666666669983e+01
3.895999999999999908e+00,1.507500000000000000e+02,7.055555555555559977e+01
3.895999999999999908e+00,1.512500000000000000e+02,6.733333333333338544e+01
3.895999999999999908e+00,1.517500000000000000e+02,6.566666666666671404e+01
3.895999999999999908e+00,1.522500000000000000e+02,6.444444444444449971e+01
3.895999999999999908e+00,1.527500000000000000e+02,6.466666666666671404e+01
3.895999999999999908e+00,1.532500000000000000e+02,6.611111111111115690e+01
3.895999999999999908e+00,1.537500000000000000e+02,6.466666666666672825e+01
3.895999999999999908e+00,1.542500000000000000e+02,6.488888888888895679e+01
3.895999999999999908e+00,1.547500000000000000e+02,6.177777777777784962e+01
3.895999999999999908e+00,1.552500000000000000e+02,6.044444444444451392e+01
3.895999999999999908e+00,1.557500000000000000e+02,5.977777777777784962e+01
3.895999999999999908e+00,1.562500000000000000e+02,6.011111111111117822e+01
3.895999999999999908e+00,1.567500000000000000e+02,5.788888888888896389e+01
3.895999999999999908e+00,1.572500000000000000e+02,5.511111111111117822e+01
3.895999999999999908e+00,1.577500000000000000e+02,5.622222222222229249e+01
3.895999999999999908e+00,1.582500000000000000e+02,5.644444444444451392e+01
3.895999999999999908e+00,1.587500000000000000e+02,5.644444444444451392e+01
3.895999999999999908e+00,1.592500000000000000e+02,5.188888888888894968e+01
3.895999999999999908e+00,1.597500000000000000e+02,5.077777777777784962e+01
3.895999999999999908e+00,1.602500000000000000e+02,5.055555555555562108e+01
3.895999999999999908e+00,1.607500000000000000e+02,5.188888888888894968e+01
3.895999999999999908e+00,1.612500000000000000e+02,4.966666666666672114e+01
3.895999999999999908e+00,1.617500000000000000e+02,4.777777777777783541e+01
3.895999999999999908e+00,1.622500000000000000e+02,4.522222222222228538e+01
3.895999999999999908e+00,1.627500000000000000e+02,4.422222222222228538e+01
3.895999999999999908e+00,1.632500000000000000e+02,4.255555555555562108e+01
3.895999999999999908e+00,1.637500000000000000e+02,4.311111111111117111e+01
3.895999999999999908e+00,1.642500000000000000e+02,4.488888888888894968e+01
3.895999999999999908e+00,1.647500000000000000e+02,4.366666666666673535e+01
3.895999999999999908e+00,1.652500000000000000e+02,4.111111111111117822e+01
3.895999999999999908e+00,1.657500000000000000e+02,3.755555555555562819e+01
3.895999999999999908e+00,1.662500000000000000e+02,3.711111111111117822e+01
3.895999999999999908e+00,1.667500000000000000e+02,3.733333333333339965e+01
3.895999999999999908e+00,1.672500000000000000e+02,3.711111111111117822e+01
3.895999999999999908e+00,1.677500000000000000e+02,3.533333333333339965e+01
3.895999999999999908e+00,1.682500000000000000e+02,3.411111111111117822e+01
3.895999999999999908e+00,1.687500000000000000e+02,3.333333333333340676e+01
3.895999999999999908e+00,1.692500000000000000e+02,3.244444444444451392e+01
3.895999999999999908e+00,1.697500000000000000e+02,3.166666666666673891e+01
3.895999999999999908e+00,1.702500000000000000e+02,2.866666666666673891e+01
3.895999999999999908e+00,1.707500000000000000e+02,2.911111111111118177e+01
3.895999999999999908e+00,1.712500000000000000e+02,2.711111111111118177e+01
3.895999999999999908e+00,1.717500000000000000e+02,2.588888888888896034e+01
3.895999999999999908e+00,1.722500000000000000e+02,2.288888888888896034e+01
3.895999999999999908e+00,1.727500000000000000e+02,2.122222222222229604e+01
3.895999999999999908e+00,1.732500000000000000e+02,2.011111111111118177e+01
3.895999999999999908e+00,1.737500000000000000e+02,1.788888888888896034e+01
3.895999999999999908e+00,1.742500000000000000e+02,1.722222222222229604e+01
3.895999999999999908e+00,1.747500000000000000e+02,1.577777777777785140e+01
3.895999999999999908e+00,1.752500000000000000e+02,1.555555555555562997e+01
3.895999999999999908e+00,1.757500000000000000e+02,1.322222222222229782e+01
3.895999999999999908e+00,1.762500000000000000e+02,1.288888888888896389e+01
3.895999999999999908e+00,1.767500000000000000e+02,1.011111111111118710e+01
3.895999999999999908e+00,1.772500000000000000e+02,9.666666666666742458e+00
3.895999999999999908e+00,1.777500000000000000e+02,7.444444444444520137e+00
3.895999999999999908e+00,1.782500000000000000e+02,6.000000000000075495e+00
3.895999999999999908e+00,1.787500000000000000e+02,3.777777777777853174e+00
3.895999999999999908e+00,1.792500000000000000e+02,1.777777777777853174e+00
3.895999999999999908e+00,1.797500000000000000e+02,1.111111111111186434e+00
3.911999999999999922e+00,1.302500000000000000e+02,8.988888888888889994e+01
3.911999999999999922e+00,1.307500000000000000e+02,9.011111111111112848e+01
3.911999999999999922e+00,1.312500000000000000e+02,8.855555555555555713e+01
3.911999999999999922e+00,1.317500000000000000e+02,8.944444444444445708e+01
3.911999999999999922e+00,1.322500000000000000e+02,8.955555555555555713e+01
3.911999999999999922e+00,1.327500000000000000e+02,9.144444444444445708e+01
3.911999999999999922e+00,1.332500000000000000e+02,8.833333333333335702e+01
3.911999999999999922e+00,1.337500000000000000e+02,8.833333333333335702e+01
3.911999999999999922e+00,1.342500000000000000e+02,8.788888888888891415e+01
3.911999999999999922e+00,1.347500000000000000e+02,8.911111111111114269e+01
3.911999999999999922e+00,1.352500000000000000e+02,8.877777777777781409e+01
3.911999999999999922e+00,1.357500000000000000e+02,8.611111111111114269e+01
3.911999999999999922e+00,1.362500000000000000e+02,8.766666666666669983e+01
3.911999999999999922e+00,1.367500000000000000e+02,8.422222222222227117e+01
3.911999999999999922e+00,1.372500000000000000e+02,8.700000000000004263e+01
3.911999999999999922e+00,1.377500000000000000e+02,8.644444444444449971e+01
3.911999999999999922e+00,1.382500000000000000e+02,8.800000000000004263e+01
3.911999999999999922e+00,1.387500000000000000e+02,8.600000000000004263e+01
3.911999999999999922e+00,1.392500000000000000e+02,8.155555555555558556e+01
3.911999999999999922e+00,1.397500000000000000e+02,7.855555555555558556e+01
3.911999999999999922e+00,1.402500000000000000e+02,7.433333333333337123e+01
3.911999999999999922e+00,1.407500000000000000e+02,7.133333333333337123e+01
3.911999999999999922e+00,1.412500000000000000e+02,6.900000000000004263e+01
3.911999999999999922e+00,1.417500000000000000e+02,7.011111111111115690e+01
3.911999999999999922e+00,1.422500000000000000e+02,7.055555555555559977e+01
3.911999999999999922e+00,1.427500000000000000e+02,7.377777777777782831e+01
3.911999999999999922e+00,1.432500000000000000e+02,7.200000000000004263e+01
3.911999999999999922e+00,1.437500000000000000e+02,7.644444444444449971e+01
3.911999999999999922e+00,1.442500000000000000e+02,7.300000000000005684e+01
3.911999999999999922e+00,1.447500000000000000e+02,7.533333333333338544e+01
3.911999999999999922e+00,1.452500000000000000e+02,7.388888888888895679e+01
3.911999999999999922e+00,1.457500000000000000e+02,7.433333333333338544e+01
3.911999999999999922e+00,1.462500000000000000e+02,7.366666666666672825e+01
3.911999999999999922e+00,1.467500000000000000e+02,6.844444444444449971e+01
3.911999999999999922e+00,1.472500000000000000e+02,6.711111111111115690e+01
3.911999999999999922e+00,1.477500000000000000e+02,6.677777777777782831e+01
3.911999999999999922e+00,1.482500000000000000e+02,6.844444444444449971e+01
3.911999999999999922e+00,1.487500000000000000e+02,6.866666666666672825e+01
3.911999999999999922e+00,1.492500000000000000e+02,6.622222222222228538e+01
3.911999999999999922e+00,1.497500000000000000e+02,6.711111111111118532e+01
3.911999999999999922e+00,1.502500000000000000e+02,6.633333333333339965e+01
3.911999999999999922e+00,1.507500000000000000e+02,6.811111111111118532e+01
3.911999999999999922e+00,1.512500000000000000e+02,6.666666666666672825e+01
3.911999999999999922e+00,1.517500000000000000e+02,6.644444444444451392e+01
3.911999999999999922e+00,1.522500000000000000e+02,6.611111111111118532e+01
3.911999999999999922e+00,1.527500000000000000e+02,6.633333333333341386e+01
3.911999999999999922e+00,1.532500000000000000e+02,6.822222222222229959e+01
3.911999999999999922e+00,1.537500000000000000e+02,6.722222222222229959e+01
3.911999999999999922e+00,1.542500000000000000e+02,6.655555555555562819e+01
3.911999999999999922e+00,1.547500000000000000e+02,6.177777777777784962e+01
3.911999999999999922e+00,1.552500000000000000e+02,5.833333333333340676e+01
3.911999999999999922e+00,1.557500000000000000e+02,5.655555555555562819e+01
3.911999999999999922e+00,1.562500000000000000e+02,5.788888888888896389e+01
3.911999999999999922e+00,1.567500000000000000e+02,5.788888888888896389e+01
3.911999999999999922e+00,1.572500000000000000e+02,5.722222222222229249e+01
3.911999999999999922e+00,1.577500000000000000e+02,5.700000000000007816e+01
3.911999999999999922e+00,1.582500000000000000e+02,5.566666666666674246e+01
3.911999999999999922e+00,1.587500000000000000e+02,5.500000000000007816e+01
3.911999999999999922e+00,1.592500000000000000e+02,5.133333333333340676e+01
3.911999999999999922e+00,1.597500000000000000e+02,5.155555555555562819e+01
3.911999999999999922e+00,1.602500000000000000e+02,4.955555555555562819e+01
3.911999999999999922e+00,1.607500000000000000e+02,5.044444444444451392e+01
3.911999999999999922e+00,1.612500000000000000e+02,4.900000000000007816e+01
3.911999999999999922e+00,1.617500000000000000e+02,4.833333333333340676e+01
3.911999999999999922e+00,1.622500000000000000e+02,4.777777777777785673e+01
3.911999999999999922e+00,1.627500000000000000e+02,4.500000000000007816e+01
3.911999999999999922e+00,1.632500000000000000e+02,4.400000000000007816e+01
3.911999999999999922e+00,1.637500000000000000e+02,4.266666666666674246e+01
3.911999999999999922e+00,1.642500000000000000e+02,4.566666666666674246e+01
3.911999999999999922e+00,1.647500000000000000e+02,4.444444444444452103e+01
3.911999999999999922e+00,1.652500000000000000e+02,4.266666666666674246e+01
3.911999999999999922e+00,1.657500000000000000e+02,3.844444444444452103e+01
3.911999999999999922e+00,1.662500000000000000e+02,3.644444444444452103e+01
3.911999999999999922e+00,1.667500000000000000e+02,3.722222222222230670e+01
3.911999999999999922e+00,1.672500000000000000e+02,3.700000000000007816e+01
3.911999999999999922e+00,1.677500000000000000e+02,3.711111111111119243e+01
3.911999999999999922e+00,1.682500000000000000e+02,3.400000000000007816e+01
3.911999999999999922e+00,1.687500000000000000e+02,3.366666666666674246e+01
3.911999999999999922e+00,1.692500000000000000e+02,3.155555555555562819e+01
3.911999999999999922e+00,1.697500000000000000e+02,3.155555555555562819e+01
3.911999999999999922e+00,1.702500000000000000e+02,2.711111111111118532e+01
3.911999999999999922e+00,1.707500000000000000e+02,2.744444444444451747e+01
3.911999999999999922e+00,1.712500000000000000e+02,2.544444444444451747e+01
3.911999999999999922e+00,1.717500000000000000e+02,2.466666666666674246e+01
3.911999999999999922e+00,1.722500000000000000e+02,2.200000000000007461e+01
3.911999999999999922e+00,1.727500000000000000e+02,1.966666666666674246e+01
3.911999999999999922e+00,1.732500000000000000e+02,1.944444444444451747e+01
3.911999999999999922e+00,1.737500000000000000e+02,1.744444444444451747e+01
3.911999999999999922e+00,1.742500000000000000e+02,1.688888888888896034e+01
3.911999999999999922e+00,1.747500000000000000e+02,1.500000000000007283e+01
3.911999999999999922e+00,1.752500000000000000e+02,1.422222222222229426e+01
3.911999999999999922e+00,1.757500000000000000e+02,1.277777777777785140e+01
3.911999999999999922e+00,1.762500000000000000e+02,1.188888888888896389e+01
3.911999999999999922e+00,1.767500000000000000e+02,1.111111111111118532e+01
3.911999999999999922e+00,1.772500000000000000e+02,1.033333333333340676e+01
3.911999999999999922e+00,1.777500000000000000e+02,8.666666666666740682e+00
3.911999999999999922e+00,1.782500000000000000e+02,6.000000000000073719e+00
3.911999999999999922e+00,1.787500000000000000e+02,3.666666666666740237e+00
3.911999999999999922e+00,1.792500000000000000e+02,1.888888888888962336e+00
3.911999999999999922e+00,1.797500000000000000e+02,1.333333333333406756e+00
3.927999999999999936e+00,1.302500000000000000e+02,9.111111111111110006e+01
3.927999999999999936e+00,1.307500000000000000e+02,9.133333333333332860e+01
3.927999999999999936e+00,1.312500000000000000e+02,9.077777777777778567e+01
3.927999999999999936e+00,1.317500000000000000e+02,9.455555555555555713e+01
3.927999999999999936e+00,1.322500000000000000e+02,9.411111111111112848e+01
3.927999999999999936e+00,1.327500000000000000e+02,9.677777777777778567e+01
3.927999999999999936e+00,1.332500000000000000e+02,9.088888888888889994e+01
3.927999999999999936e+00,1.337500000000000000e+02,9.022222222222222854e+01
3.927999999999999936e+00,1.342500000000000000e+02,8.855555555555555713e+01
3.927999999999999936e+00,1.347500000000000000e+02,8.977777777777778567e+01
3.927999999999999936e+00,1.352500000000000000e+02,9.033333333333332860e+01
3.927999999999999936e+00,1.357500000000000000e+02,8.755555555555554292e+01
3.927999999999999936e+00,1.362500000000000000e+02,8.455555555555554292e+01
3.927999999999999936e+00,1.367500000000000000e+02,8.355555555555554292e+01
3.927999999999999936e+00,1.372500000000000000e+02,8.299999999999998579e+01
3.927999999999999936e+00,1.377500000000000000e+02,8.377777777777777146e+01
3.927999999999999936e+00,1.382500000000000000e+02,8.211111111111110006e+01
3.927999999999999936e+00,1.387500000000000000e+02,8.555555555555554292e+01
3.927999999999999936e+00,1.392500000000000000e+02,8.311111111111110006e+01
3.927999999999999936e+00,1.397500000000000000e+02,8.288888888888888573e+01
3.927999999999999936e+00,1.402500000000000000e+02,7.844444444444444287e+01
3.927999999999999936e+00,1.407500000000000000e+02,7.766666666666667140e+01
3.927999999999999936e+00,1.412500000000000000e+02,7.444444444444444287e+01
3.927999999999999936e+00,1.417500000000000000e+02,7.444444444444444287e+01
3.927999999999999936e+00,1.422500000000000000e+02,7.133333333333332860e+01
3.927999999999999936e+00,1.427500000000000000e+02,7.433333333333332860e+01
3.927999999999999936e+00,1.432500000000000000e+02,7.244444444444444287e+01
3.927999999999999936e+00,1.437500000000000000e+02,7.544444444444444287e+01
3.927999999999999936e+00,1.442500000000000000e+02,7.377777777777777146e+01
3.927999999999999936e+00,1.447500000000000000e+02,7.411111111111110006e+01
3.927999999999999936e+00,1.452500000000000000e+02,7.277777777777777146e+01
3.927999999999999936e+00,1.457500000000000000e+02,7.155555555555554292e+01
3.927999999999999936e+00,1.462500000000000000e+02,7.044444444444444287e+01
3.927999999999999936e+00,1.467500000000000000e+02,6.811111111111110006e+01
3.927999999999999936e+00,1.472500000000000000e+02,6.655555555555555713e+01
3.927999999999999936e+00,1.477500000000000000e+02,6.733333333333332860e+01
3.927999999999999936e+00,1.482500000000000000e+02,7.177777777777778567e+01
3.927999999999999936e+00,1.487500000000000000e+02,7.455555555555555713e+01
3.927999999999999936e+00,1.492500000000000000e+02,7.500000000000000000e+01
3.927999999999999936e+00,1.497500000000000000e+02,7.166666666666667140e+01
3.927999999999999936e+00,1.502500000000000000e+02,6.933333333333332860e+01
3.927999999999999936e+00,1.507500000000000000e+02,6.833333333333332860e+01
3.927999999999999936e+00,1.512500000000000000e+02,6.611111111111110006e+01
3.927999999999999936e+00,1.517500000000000000e+02,6.333333333333332149e+01
3.927999999999999936e+00,1.522500000000000000e+02,6.077777777777777146e+01
3.927999999999999936e+00,1.527500000000000000e+02,6.044444444444443576e+01
3.927999999999999936e+00,1.532500000000000000e+02,6.344444444444443576e+01
3.927999999999999936e+00,1.537500000000000000e+02,6.344444444444443576e+01
3.927999999999999936e+00,1.542500000000000000e+02,6.144444444444443576e+01
3.927999999999999936e+00,1.547500000000000000e+02,5.577777777777777146e+01
3.927999999999999936e+00,1.552500000000000000e+02,5.455555555555555003e+01
3.927999999999999936e+00,1.557500000000000000e+02,5.600000000000000000e+01
3.927999999999999936e+00,1.562500000000000000e+02,5.844444444444444997e+01
3.927999999999999936e+00,1.567500000000000000e+02,5.833333333333333570e+01
3.927999999999999936e+00,1.572500000000000000e+02,5.644444444444443576e+01
3.927999999999999936e+00,1.577500000000000000e+02,5.522222222222222143e+01
3.927999999999999936e+00,1.582500000000000000e+02,5.477777777777777146e+01
3.927999999999999936e+00,1.587500000000000000e+02,5.500000000000000000e+01
3.927999999999999936e+00,1.592500000000000000e+02,5.244444444444443576e+01
3.927999999999999936e+00,1.597500000000000000e+02,5.111111111111110716e+01
3.927999999999999936e+00,1.602500000000000000e+02,4.999999999999999289e+01
3.927999999999999936e+00,1.607500000000000000e+02,5.044444444444443576e+01
3.927999999999999936e+00,1.612500000000000000e+02,5.022222222222220722e+01
3.927999999999999936e+00,1.617500000000000000e+02,4.699999999999999289e+01
3.927999999999999936e+00,1.622500000000000000e+02,4.599999999999999289e+01
3.927999999999999936e+00,1.627500000000000000e+02,4.133333333333332149e+01
3.927999999999999936e+00,1.632500000000000000e+02,4.033333333333332149e+01
3.927999999999999936e+00,1.637500000000000000e+02,3.999999999999999289e+01
3.927999999999999936e+00,1.642500000000000000e+02,4.311111111111110716e+01
3.927999999999999936e+00,1.647500000000000000e+02,4.422222222222220722e+01
3.927999999999999936e+00,1.652500000000000000e+02,4.133333333333332149e+01
3.927999999999999936e+00,1.657500000000000000e+02,3.611111111111110716e+01
3.927999999999999936e+00,1.662500000000000000e+02,3.399999999999999289e+01
3.927999999999999936e+00,1.667500000000000000e+02,3.422222222222222143e+01
3.927999999999999936e+00,1.672500000000000000e+02,3.533333333333332860e+01
3.927999999999999936e+00,1.677500000000000000e+02,3.533333333333332860e+01
3.927999999999999936e+00,1.682500000000000000e+02,3.366666666666666430e+01
3.927999999999999936e+00,1.687500000000000000e+02,3.222222222222222143e+01
3.927999999999999936e+00,1.692500000000000000e+02,3.099999999999999645e+01
3.927999999999999936e+00,1.697500000000000000e+02,3.099999999999999645e+01
3.927999999999999936e+00,1.702500000000000000e+02,2.766666666666666075e+01
3.927999999999999936e+00,1.707500000000000000e+02,2.588888888888888573e+01
3.927999999999999936e+00,1.712500000000000000e+02,2.388888888888888573e+01
3.927999999999999936e+00,1.717500000000000000e+02,2.433333333333333215e+01
3.927999999999999936e+00,1.722500000000000000e+02,2.300000000000000000e+01
3.927999999999999936e+00,1.727500000000000000e+02,2.077777777777777501e+01
3.927999999999999936e+00,1.732500000000000000e+02,1.888888888888888573e+01
3.927999999999999936e+00,1.737500000000000000e+02,1.622222222222221788e+01
3.927999999999999936e+00,1.742500000000000000e+02,1.488888888888888573e+01
3.927999999999999936e+00,1.747500000000000000e+02,1.399999999999999822e+01
3.927999999999999936e+00,1.752500000000000000e+02,1.344444444444444287e+01
3.927999999999999936e+00,1.757500000000000000e+02,1.188888888888888573e+01
3.927999999999999936e+00,1.762500000000000000e+02,1.044444444444444109e+01
3.927999999999999936e+00,1.767500000000000000e+02,9.999999999999996447e+00
3.927999999999999936e+00,1.772500000000000000e+02,9.999999999999996447e+00
3.927999999999999936e+00,1.777500000000000000e+02,8.444444444444441089e+00
3.927999999999999936e+00,1.782500000000000000e+02,5.444444444444440201e+00
3.927999999999999936e+00,1.787500000000000000e+02,2.999999999999996447e+00
3.927999999999999936e+00,1.792500000000000000e+02,1.555555555555552028e+00
3.927999999999999936e+00,1.797500000000000000e+02,1.444444444444441089e+00
3.943999999999999950e+00,1.302500000000000000e+02,8.911111111111112848e+01
3.943999999999999950e+00,1.307500000000000000e+02,9.022222222222222854e+01
3.943999999999999950e+00,1.312500000000000000e+02,9.044444444444445708e+01
3.943999999999999950e+00,1.317500000000000000e+02,9.488888888888889994e+01
3.943999999999999950e+00,1.322500000000000000e+02,9.344444444444445708e+01
3.943999999999999950e+00,1.327500000000000000e+02,9.677777777777778567e+01
3.943999999999999950e+00,1.332500000000000000e+02,9.066666666666668561e+01
3.943999999999999950e+00,1.337500000000000000e+02,8.977777777777778567e+01
3.943999999999999950e+00,1.342500000000000000e+02,8.788888888888891415e+01
3.943999999999999950e+00,1.347500000000000000e+02,8.944444444444447129e+01
3.943999999999999950e+00,1.352500000000000000e+02,8.800000000000004263e+01
3.943999999999999950e+00,1.357500000000000000e+02,8.555555555555558556e+01
3.943999999999999950e+00,1.362500000000000000e+02,8.388888888888891415e+01
3.943999999999999950e+00,1.367500000000000000e+02,8.655555555555558556e+01
3.943999999999999950e+00,1.372500000000000000e+02,8.477777777777781409e+01
3.943999999999999950e+00,1.377500000000000000e+02,8.311111111111114269e+01
3.943999999999999950e+00,1.382500000000000000e+02,8.088888888888891415e+01
3.943999999999999950e+00,1.387500000000000000e+02,8.455555555555558556e+01
3.943999999999999950e+00,1.392500000000000000e+02,8.555555555555558556e+01
3.943999999999999950e+00,1.397500000000000000e+02,8.566666666666668561e+01
3.943999999999999950e+00,1.402500000000000000e+02,7.988888888888891415e+01
3.943999999999999950e+00,1.407500000000000000e+02,7.822222222222224275e+01
3.943999999999999950e+00,1.412500000000000000e+02,7.433333333333335702e+01
3.943999999999999950e+00,1.417500000000000000e+02,7.544444444444447129e+01
3.943999999999999950e+00,1.422500000000000000e+02,7.100000000000002842e+01
3.943999999999999950e+00,1.427500000000000000e+02,7.311111111111114269e+01
3.943999999999999950e+00,1.432500000000000000e+02,7.488888888888891415e+01
3.943999999999999950e+00,1.437500000000000000e+02,7.644444444444447129e+01
3.943999999999999950e+00,1.442500000000000000e+02,7.600000000000004263e+01
3.943999999999999950e+00,1.447500000000000000e+02,7.444444444444448550e+01
3.943999999999999950e+00,1.452500000000000000e+02,7.333333333333337123e+01
3.943999999999999950e+00,1.457500000000000000e+02,7.311111111111114269e+01
3.943999999999999950e+00,1.462500000000000000e+02,6.922222222222224275e+01
3.943999999999999950e+00,1.467500000000000000e+02,7.077777777777779988e+01
3.943999999999999950e+00,1.472500000000000000e+02,6.977777777777779988e+01
3.943999999999999950e+00,1.477500000000000000e+02,6.955555555555558556e+01
3.943999999999999950e+00,1.482500000000000000e+02,7.077777777777781409e+01
3.943999999999999950e+00,1.487500000000000000e+02,7.300000000000004263e+01
3.943999999999999950e+00,1.492500000000000000e+02,7.700000000000004263e+01
3.943999999999999950e+00,1.497500000000000000e+02,7.255555555555558556e+01
3.943999999999999950e+00,1.502500000000000000e+02,7.055555555555558556e+01
3.943999999999999950e+00,1.507500000000000000e+02,6.922222222222225696e+01
3.943999999999999950e+00,1.512500000000000000e+02,6.888888888888892836e+01
3.943999999999999950e+00,1.517500000000000000e+02,6.566666666666669983e+01
3.943999999999999950e+00,1.522500000000000000e+02,6.000000000000003553e+01
3.943999999999999950e+00,1.527500000000000000e+02,5.811111111111114980e+01
3.943999999999999950e+00,1.532500000000000000e+02,5.977777777777782120e+01
3.943999999999999950e+00,1.537500000000000000e+02,6.144444444444448550e+01
3.943999999999999950e+00,1.542500000000000000e+02,6.188888888888893547e+01
3.943999999999999950e+00,1.547500000000000000e+02,5.755555555555559977e+01
3.943999999999999950e+00,1.552500000000000000e+02,5.666666666666670693e+01
3.943999999999999950e+00,1.557500000000000000e+02,5.677777777777780699e+01
3.943999999999999950e+00,1.562500000000000000e+02,5.800000000000002842e+01
3.943999999999999950e+00,1.567500000000000000e+02,5.722222222222224985e+01
3.943999999999999950e+00,1.572500000000000000e+02,5.744444444444447839e+01
3.943999999999999950e+00,1.577500000000000000e+02,5.644444444444447839e+01
3.943999999999999950e+00,1.582500000000000000e+02,5.600000000000002842e+01
3.943999999999999950e+00,1.587500000000000000e+02,5.300000000000002842e+01
3.943999999999999950e+00,1.592500000000000000e+02,5.111111111111114269e+01
3.943999999999999950e+00,1.597500000000000000e+02,4.855555555555559266e+01
3.943999999999999950e+00,1.602500000000000000e+02,4.700000000000003553e+01
3.943999999999999950e+00,1.607500000000000000e+02,4.588888888888892126e+01
3.943999999999999950e+00,1.612500000000000000e+02,4.777777777777780699e+01
3.943999999999999950e+00,1.617500000000000000e+02,4.611111111111114269e+01
3.943999999999999950e+00,1.622500000000000000e+02,4.555555555555559266e+01
3.943999999999999950e+00,1.627500000000000000e+02,4.133333333333337123e+01
3.943999999999999950e+00,1.632500000000000000e+02,4.088888888888892836e+01
3.943999999999999950e+00,1.637500000000000000e+02,3.944444444444448550e+01
3.943999999999999950e+00,1.642500000000000000e+02,4.011111111111114980e+01
3.943999999999999950e+00,1.647500000000000000e+02,4.011111111111114980e+01
3.943999999999999950e+00,1.652500000000000000e+02,3.944444444444448550e+01
3.943999999999999950e+00,1.657500000000000000e+02,3.633333333333337123e+01
3.943999999999999950e+00,1.662500000000000000e+02,3.511111111111114980e+01
3.943999999999999950e+00,1.667500000000000000e+02,3.400000000000003553e+01
3.943999999999999950e+00,1.672500000000000000e+02,3.533333333333337123e+01
3.943999999999999950e+00,1.677500000000000000e+02,3.455555555555559266e+01
3.943999999999999950e+00,1.682500000000000000e+02,3.177777777777781765e+01
3.943999999999999950e+00,1.687500000000000000e+02,2.944444444444448550e+01
3.943999999999999950e+00,1.692500000000000000e+02,2.966666666666670338e+01
3.943999999999999950e+00,1.697500000000000000e+02,3.055555555555559621e+01
3.943999999999999950e+00,1.702500000000000000e+02,2.822222222222226051e+01
3.943999999999999950e+00,1.707500000000000000e+02,2.444444444444448550e+01
3.943999999999999950e+00,1.712500000000000000e+02,2.300000000000003908e+01
3.943999999999999950e+00,1.717500000000000000e+02,2.233333333333337123e+01
3.943999999999999950e+00,1.722500000000000000e+02,2.066666666666670338e+01
3.943999999999999950e+00,1.727500000000000000e+02,1.822222222222226051e+01
3.943999999999999950e+00,1.732500000000000000e+02,1.611111111111114980e+01
3.943999999999999950e+00,1.737500000000000000e+02,1.622222222222226051e+01
3.943999999999999950e+00,1.742500000000000000e+02,1.455555555555559444e+01
3.943999999999999950e+00,1.747500000000000000e+02,1.455555555555559444e+01
3.943999999999999950e+00,1.752500000000000000e+02,1.211111111111114980e+01
3.943999999999999950e+00,1.757500000000000000e+02,1.144444444444448372e+01
3.943999999999999950e+00,1.762500000000000000e+02,8.888888888888928363e+00
3.943999999999999950e+00,1.767500000000000000e+02,8.888888888888928363e+00
3.943999999999999950e+00,1.772500000000000000e+02,8.000000000000039080e+00
3.943999999999999950e+00,1.777500000000000000e+02,7.444444444444482833e+00
3.943999999999999950e+00,1.782500000000000000e+02,5.000000000000039080e+00
3.943999999999999950e+00,1.787500000000000000e+02,3.222222222222261845e+00
3.943999999999999950e+00,1.792500000000000000e+02,1.777777777777817425e+00
3.943999999999999950e+00,1.797500000000000000e+02,1.333333333333373005e+00
3.959999999999999964e+00,1.302500000000000000e+02,8.855555555555554292e+01
3.959999999999999964e+00,1.307500000000000000e+02,9.155555555555554292e+01
3.959999999999999964e+00,1.312500000000000000e+02,9.433333333333332860e+01
3.959999999999999964e+00,1.317500000000000000e+02,9.744444444444444287e+01
3.959999999999999964e+00,1.322500000000000000e+02,9.466666666666667140e+01
3.959999999999999964e+00,1.327500000000000000e+02,9.611111111111110006e+01
3.959999999999999964e+00,1.332500000000000000e+02,9.322222222222221433e+01
3.959999999999999964e+00,1.337500000000000000e+02,9.244444444444444287e+01
3.959999999999999964e+00,1.342500000000000000e+02,8.988888888888887152e+01
3.959999999999999964e+00,1.347500000000000000e+02,8.655555555555554292e+01
3.959999999999999964e+00,1.352500000000000000e+02,8.388888888888887152e+01
3.959999999999999964e+00,1.357500000000000000e+02,8.355555555555554292e+01
3.959999999999999964e+00,1.362500000000000000e+02,8.266666666666664298e+01
3.959999999999999964e+00,1.367500000000000000e+02,8.611111111111108585e+01
3.959999999999999964e+00,1.372500000000000000e+02,8.422222222222220012e+01
3.959999999999999964e+00,1.377500000000000000e+02,8.288888888888887152e+01
3.959999999999999964e+00,1.382500000000000000e+02,7.944444444444441444e+01
3.959999999999999964e+00,1.387500000000000000e+02,8.133333333333330017e+01
3.959999999999999964e+00,1.392500000000000000e+02,8.277777777777775725e+01
3.959999999999999964e+00,1.397500000000000000e+02,8.466666666666664298e+01
3.959999999999999964e+00,1.402500000000000000e+02,8.211111111111108585e+01
3.959999999999999964e+00,1.407500000000000000e+02,8.166666666666664298e+01
3.959999999999999964e+00,1.412500000000000000e+02,7.844444444444442865e+01
3.959999999999999964e+00,1.417500000000000000e+02,7.655555555555554292e+01
3.959999999999999964e+00,1.422500000000000000e+02,7.433333333333331439e+01
3.959999999999999964e+00,1.427500000000000000e+02,7.677777777777775725e+01
3.959999999999999964e+00,1.432500000000000000e+02,7.944444444444441444e+01
3.959999999999999964e+00,1.437500000000000000e+02,7.722222222222220012e+01
3.959999999999999964e+00,1.442500000000000000e+02,7.833333333333331439e+01
3.959999999999999964e+00,1.447500000000000000e+02,7.555555555555554292e+01
3.959999999999999964e+00,1.452500000000000000e+02,7.466666666666664298e+01
3.959999999999999964e+00,1.457500000000000000e+02,7.155555555555554292e+01
3.959999999999999964e+00,1.462500000000000000e+02,6.811111111111110006e+01
3.959999999999999964e+00,1.467500000000000000e+02,7.022222222222221433e+01
3.959999999999999964e+00,1.472500000000000000e+02,7.044444444444444287e+01
3.959999999999999964e+00,1.477500000000000000e+02,7.011111111111110006e+01
3.959999999999999964e+00,1.482500000000000000e+02,7.088888888888888573e+01
3.959999999999999964e+00,1.487500000000000000e+02,7.166666666666667140e+01
3.959999999999999964e+00,1.492500000000000000e+02,7.488888888888889994e+01
3.959999999999999964e+00,1.497500000000000000e+02,7.433333333333332860e+01
3.959999999999999964e+00,1.502500000000000000e+02,7.266666666666667140e+01
3.959999999999999964e+00,1.507500000000000000e+02,7.200000000000000000e+01
3.959999999999999964e+00,1.512500000000000000e+02,6.777777777777778567e+01
3.959999999999999964e+00,1.517500000000000000e+02,6.511111111111111427e+01
3.959999999999999964e+00,1.522500000000000000e+02,5.866666666666666430e+01
3.959999999999999964e+00,1.527500000000000000e+02,5.677777777777777146e+01
3.959999999999999964e+00,1.532500000000000000e+02,5.811111111111110716e+01
3.959999999999999964e+00,1.537500000000000000e+02,6.266666666666665719e+01
3.959999999999999964e+00,1.542500000000000000e+02,6.366666666666665719e+01
3.959999999999999964e+00,1.547500000000000000e+02,5.922222222222220722e+01
3.959999999999999964e+00,1.552500000000000000e+02,5.655555555555554292e+01
3.959999999999999964e+00,1.557500000000000000e+02,5.599999999999999289e+01
3.959999999999999964e+00,1.562500000000000000e+02,5.588888888888887863e+01
3.959999999999999964e+00,1.567500000000000000e+02,5.511111111111109295e+01
3.959999999999999964e+00,1.572500000000000000e+02,5.422222222222220722e+01
3.959999999999999964e+00,1.577500000000000000e+02,5.399999999999997868e+01
3.959999999999999964e+00,1.582500000000000000e+02,5.411111111111109295e+01
3.959999999999999964e+00,1.587500000000000000e+02,5.244444444444442865e+01
3.959999999999999964e+00,1.592500000000000000e+02,5.177777777777776436e+01
3.959999999999999964e+00,1.597500000000000000e+02,4.755555555555554292e+01
3.959999999999999964e+00,1.602500000000000000e+02,4.566666666666665009e+01
3.959999999999999964e+00,1.607500000000000000e+02,4.366666666666665009e+01
3.959999999999999964e+00,1.612500000000000000e+02,4.422222222222220722e+01
3.959999999999999964e+00,1.617500000000000000e+02,4.322222222222220722e+01
3.959999999999999964e+00,1.622500000000000000e+02,4.277777777777777146e+01
3.959999999999999964e+00,1.627500000000000000e+02,4.299999999999999289e+01
3.959999999999999964e+00,1.632500000000000000e+02,4.255555555555555003e+01
3.959999999999999964e+00,1.637500000000000000e+02,4.199999999999999289e+01
3.959999999999999964e+00,1.642500000000000000e+02,3.888888888888887863e+01
3.959999999999999964e+00,1.647500000000000000e+02,3.799999999999998579e+01
3.959999999999999964e+00,1.652500000000000000e+02,3.633333333333332149e+01
3.959999999999999964e+00,1.657500000000000000e+02,3.511111111111109295e+01
3.959999999999999964e+00,1.662500000000000000e+02,3.588888888888887863e+01
3.959999999999999964e+00,1.667500000000000000e+02,3.422222222222220722e+01
3.959999999999999964e+00,1.672500000000000000e+02,3.544444444444442865e+01
3.959999999999999964e+00,1.677500000000000000e+02,3.322222222222220722e+01
3.959999999999999964e+00,1.682500000000000000e+02,3.155555555555553937e+01
3.959999999999999964e+00,1.687500000000000000e+02,2.888888888888887152e+01
3.959999999999999964e+00,1.692500000000000000e+02,2.933333333333331439e+01
3.959999999999999964e+00,1.697500000000000000e+02,2.933333333333331439e+01
3.959999999999999964e+00,1.702500000000000000e+02,2.677777777777775725e+01
3.959999999999999964e+00,1.707500000000000000e+02,2.399999999999998224e+01
3.959999999999999964e+00,1.712500000000000000e+02,2.233333333333331439e+01
3.959999999999999964e+00,1.717500000000000000e+02,2.166666666666664653e+01
3.959999999999999964e+00,1.722500000000000000e+02,1.877777777777776080e+01
3.959999999999999964e+00,1.727500000000000000e+02,1.788888888888887152e+01
3.959999999999999964e+00,1.732500000000000000e+02,1.588888888888887152e+01
3.959999999999999964e+00,1.737500000000000000e+02,1.644444444444442510e+01
3.959999999999999964e+00,1.742500000000000000e+02,1.455555555555553759e+01
3.959999999999999964e+00,1.747500000000000000e+02,1.522222222222220545e+01
3.959999999999999964e+00,1.752500000000000000e+02,1.299999999999998401e+01
3.959999999999999964e+00,1.757500000000000000e+02,1.133333333333331616e+01
3.959999999999999964e+00,1.762500000000000000e+02,9.111111111111094729e+00
3.959999999999999964e+00,1.767500000000000000e+02,7.555555555555540259e+00
3.959999999999999964e+00,1.772500000000000000e+02,6.777777777777761692e+00
3.959999999999999964e+00,1.777500000000000000e+02,5.555555555555539371e+00
3.959999999999999964e+00,1.782500000000000000e+02,4.555555555555539371e+00
3.959999999999999964e+00,1.787500000000000000e+02,3.111111111111095173e+00
3.959999999999999964e+00,1.792500000000000000e+02,1.777777777777761914e+00
3.959999999999999964e+00,1.797500000000000000e+02,9.999999999999841238e-01
3.975999999999999979e+00,1.302500000000000000e+02,9.266666666666667140e+01
3.975999999999999979e+00,1.307500000000000000e+02,9.600000000000000000e+01
3.975999999999999979e+00,1.312500000000000000e+02,9.722222222222221433e+01
3.975999999999999979e+00,1.317500000000000000e+02,9.477777777777775725e+01
3.975999999999999979e+00,1.322500000000000000e+02,9.166666666666662877e+01
3.975999999999999979e+00,1.327500000000000000e+02,9.311111111111108585e+01
3.975999999999999979e+00,1.332500000000000000e+02,9.499999999999998579e+01
3.975999999999999979e+00,1.337500000000000000e+02,9.588888888888887152e+01
3.975999999999999979e+00,1.342500000000000000e+02,9.477777777777775725e+01
3.975999999999999979e+00,1.347500000000000000e+02,8.999999999999998579e+01
3.975999999999999979e+00,1.352500000000000000e+02,8.733333333333331439e+01
3.975999999999999979e+00,1.357500000000000000e+02,8.855555555555554292e+01
3.975999999999999979e+00,1.362500000000000000e+02,9.044444444444441444e+01
3.975999999999999979e+00,1.367500000000000000e+02,8.977777777777775725e+01
3.975999999999999979e+00,1.372500000000000000e+02,8.655555555555552871e+01
3.975999999999999979e+00,1.377500000000000000e+02,8.544444444444441444e+01
3.975999999999999979e+00,1.382500000000000000e+02,8.466666666666664298e+01
3.975999999999999979e+00,1.387500000000000000e+02,8.333333333333331439e+01
3.975999999999999979e+00,1.392500000000000000e+02,8.288888888888887152e+01
3.975999999999999979e+00,1.397500000000000000e+02,8.311111111111110006e+01
3.975999999999999979e+00,1.402500000000000000e+02,8.022222222222221433e+01
3.975999999999999979e+00,1.407500000000000000e+02,7.888888888888887152e+01
3.975999999999999979e+00,1.412500000000000000e+02,8.033333333333332860e+01
3.975999999999999979e+00,1.417500000000000000e+02,7.855555555555554292e+01
3.975999999999999979e+00,1.422500000000000000e+02,7.755555555555554292e+01
3.975999999999999979e+00,1.427500000000000000e+02,7.422222222222221433e+01
3.975999999999999979e+00,1.432500000000000000e+02,7.844444444444444287e+01
3.975999999999999979e+00,1.437500000000000000e+02,7.444444444444444287e+01
3.975999999999999979e+00,1.442500000000000000e+02,7.577777777777777146e+01
3.975999999999999979e+00,1.447500000000000000e+02,7.355555555555554292e+01
3.975999999999999979e+00,1.452500000000000000e+02,7.411111111111110006e+01
3.975999999999999979e+00,1.457500000000000000e+02,7.133333333333331439e+01
3.975999999999999979e+00,1.462500000000000000e+02,6.844444444444442865e+01
3.975999999999999979e+00,1.467500000000000000e+02,7.044444444444442865e+01
3.975999999999999979e+00,1.472500000000000000e+02,7.088888888888887152e+01
3.975999999999999979e+00,1.477500000000000000e+02,7.166666666666664298e+01
3.975999999999999979e+00,1.482500000000000000e+02,6.966666666666664298e+01
3.975999999999999979e+00,1.487500000000000000e+02,6.855555555555552871e+01
3.975999999999999979e+00,1.492500000000000000e+02,6.788888888888887152e+01
3.975999999999999979e+00,1.497500000000000000e+02,6.888888888888887152e+01
3.975999999999999979e+00,1.502500000000000000e+02,7.022222222222220012e+01
3.975999999999999979e+00,1.507500000000000000e+02,7.077777777777775725e+01
3.975999999999999979e+00,1.512500000000000000e+02,6.744444444444441444e+01
3.975999999999999979e+00,1.517500000000000000e+02,6.577777777777775725e+01
3.975999999999999979e+00,1.522500000000000000e+02,6.222222222222219301e+01
3.975999999999999979e+00,1.527500000000000000e+02,6.066666666666662877e+01
3.975999999999999979e+00,1.532500000000000000e+02,5.999999999999996447e+01
3.975999999999999979e+00,1.537500000000000000e+02,6.444444444444440023e+01
3.975999999999999979e+00,1.542500000000000000e+02,6.588888888888884310e+01
3.975999999999999979e+00,1.547500000000000000e+02,6.344444444444440023e+01
3.975999999999999979e+00,1.552500000000000000e+02,5.811111111111106453e+01
3.975999999999999979e+00,1.557500000000000000e+02,5.655555555555551450e+01
3.975999999999999979e+00,1.562500000000000000e+02,5.477777777777773593e+01
3.975999999999999979e+00,1.567500000000000000e+02,5.511111111111106453e+01
3.975999999999999979e+00,1.572500000000000000e+02,5.444444444444440023e+01
3.975999999999999979e+00,1.577500000000000000e+02,5.466666666666662877e+01
3.975999999999999979e+00,1.582500000000000000e+02,5.411111111111106453e+01
3.975999999999999979e+00,1.587500000000000000e+02,5.355555555555550740e+01
3.975999999999999979e+00,1.592500000000000000e+02,5.144444444444439313e+01
3.975999999999999979e+00,1.597500000000000000e+02,4.755555555555550740e+01
3.975999999999999979e+00,1.602500000000000000e+02,4.366666666666662167e+01
3.975999999999999979e+00,1.607500000000000000e+02,4.211111111111106453e+01
3.975999999999999979e+00,1.612500000000000000e+02,4.222222222222217880e+01
3.975999999999999979e+00,1.617500000000000000e+02,4.188888888888885020e+01
3.975999999999999979e+00,1.622500000000000000e+02,4.211111111111106453e+01
3.975999999999999979e+00,1.627500000000000000e+02,4.288888888888883599e+01
3.975999999999999979e+00,1.632500000000000000e+02,4.411111111111105743e+01
3.975999999999999979e+00,1.637500000000000000e+02,4.244444444444439313e+01
3.975999999999999979e+00,1.642500000000000000e+02,3.944444444444439313e+01
3.975999999999999979e+00,1.647500000000000000e+02,3.622222222222217169e+01
3.975999999999999979e+00,1.652500000000000000e+02,3.577777777777772172e+01
3.975999999999999979e+00,1.657500000000000000e+02,3.544444444444439313e+01
3.975999999999999979e+00,1.662500000000000000e+02,3.688888888888883599e+01
3.975999999999999979e+00,1.667500000000000000e+02,3.511111111111106453e+01
3.975999999999999979e+00,1.672500000000000000e+02,3.411111111111106453e+01
3.975999999999999979e+00,1.677500000000000000e+02,3.099999999999995381e+01
3.975999999999999979e+00,1.682500000000000000e+02,2.911111111111106808e+01
3.975999999999999979e+00,1.687500000000000000e+02,2.733333333333328952e+01
3.975999999999999979e+00,1.692500000000000000e+02,2.722222222222218235e+01
3.975999999999999979e+00,1.697500000000000000e+02,2.633333333333328952e+01
3.975999999999999979e+00,1.702500000000000000e+02,2.355555555555551450e+01
3.975999999999999979e+00,1.707500000000000000e+02,2.211111111111106808e+01
3.975999999999999979e+00,1.712500000000000000e+02,2.133333333333328952e+01
3.975999999999999979e+00,1.717500000000000000e+02,2.055555555555551450e+01
3.975999999999999979e+00,1.722500000000000000e+02,1.722222222222218235e+01
3.975999999999999979e+00,1.727500000000000000e+02,1.599999999999995737e+01
3.975999999999999979e+00,1.732500000000000000e+02,1.522222222222217880e+01
3.975999999999999979e+00,1.737500000000000000e+02,1.588888888888884487e+01
3.975999999999999979e+00,1.742500000000000000e+02,1.399999999999995737e+01
3.975999999999999979e+00,1.747500000000000000e+02,1.433333333333329129e+01
3.975999999999999979e+00,1.752500000000000000e+02,1.211111111111106986e+01
3.975999999999999979e+00,1.757500000000000000e+02,1.133333333333329129e+01
3.975999999999999979e+00,1.762500000000000000e+02,8.666666666666623442e+00
3.975999999999999979e+00,1.767500000000000000e+02,7.222222222222179688e+00
3.975999999999999979e+00,1.772500000000000000e+02,5.888888888888846651e+00
3.975999999999999979e+00,1.777500000000000000e+02,5.111111111111068972e+00
3.975999999999999979e+00,1.782500000000000000e+02,4.555555555555513614e+00
3.975999999999999979e+00,1.787500000000000000e+02,3.333333333333291737e+00
3.975999999999999979e+00,1.792500000000000000e+02,1.777777777777736157e+00
3.975999999999999979e+00,1.797500000000000000e+02,6.666666666666252183e-01
3.991999999999999993e+00,1.302500000000000000e+02,9.588888888888889994e+01
3.991999999999999993e+00,1.307500000000000000e+02,9.988888888888889994e+01
3.991999999999999993e+00,1.312500000000000000e+02,1.006666666666666714e+02
3.991999999999999993e+00,1.317500000000000000e+02,9.377777777777777146e+01
3.991999999999999993e+00,1.322500000000000000e+02,8.888888888888887152e+01
3.991999999999999993e+00,1.327500000000000000e+02,8.900000000000000000e+01
3.991999999999999993e+00,1.332500000000000000e+02,9.600000000000000000e+01
3.991999999999999993e+00,1.337500000000000000e+02,9.844444444444445708e+01
3.991999999999999993e+00,1.342500000000000000e+02,9.800000000000000000e+01
3.991999999999999993e+00,1.347500000000000000e+02,9.155555555555555713e+01
3.991999999999999993e+00,1.352500000000000000e+02,9.000000000000000000e+01
3.991999999999999993e+00,1.357500000000000000e+02,9.344444444444445708e+01
3.991999999999999993e+00,1.362500000000000000e+02,9.400000000000000000e+01
3.991999999999999993e+00,1.367500000000000000e+02,8.944444444444444287e+01
3.991999999999999993e+00,1.372500000000000000e+02,8.411111111111110006e+01
3.991999999999999993e+00,1.377500000000000000e+02,8.355555555555555713e+01
3.991999999999999993e+00,1.382500000000000000e+02,8.455555555555555713e+01
3.991999999999999993e+00,1.387500000000000000e+02,8.222222222222221433e+01
3.991999999999999993e+00,1.392500000000000000e+02,8.088888888888888573e+01
3.991999999999999993e+00,1.397500000000000000e+02,8.088888888888888573e+01
3.991999999999999993e+00,1.402500000000000000e+02,7.988888888888888573e+01
3.991999999999999993e+00,1.407500000000000000e+02,7.922222222222221433e+01
3.991999999999999993e+00,1.412500000000000000e+02,8.577777777777777146e+01
3.991999999999999993e+00,1.417500000000000000e+02,8.199999999999998579e+01
3.991999999999999993e+00,1.422500000000000000e+02,8.044444444444444287e+01
3.991999999999999993e+00,1.427500000000000000e+02,7.177777777777777146e+01
3.991999999999999993e+00,1.432500000000000000e+02,7.733333333333332860e+01
3.991999999999999993e+00,1.437500000000000000e+02,7.100000000000000000e+01
3.991999999999999993e+00,1.442500000000000000e+02,7.355555555555555713e+01
3.991999999999999993e+00,1.447500000000000000e+02,7.066666666666667140e+01
3.991999999999999993e+00,1.452500000000000000e+02,7.377777777777777146e+01
3.991999999999999993e+00,1.457500000000000000e+02,6.877777777777777146e+01
3.991999999999999993e+00,1.462500000000000000e+02,6.844444444444444287e+01
3.991999999999999993e+00,1.467500000000000000e+02,7.000000000000000000e+01
3.991999999999999993e+00,1.472500000000000000e+02,7.100000000000000000e+01
3.991999999999999993e+00,1.477500000000000000e+02,7.300000000000000000e+01
3.991999999999999993e+00,1.482500000000000000e+02,7.111111111111110006e+01
3.991999999999999993e+00,1.487500000000000000e+02,6.877777777777777146e+01
3.991999999999999993e+00,1.492500000000000000e+02,6.300000000000000000e+01
3.991999999999999993e+00,1.497500000000000000e+02,6.411111111111111427e+01
3.991999999999999993e+00,1.502500000000000000e+02,6.922222222222222854e+01
3.991999999999999993e+00,1.507500000000000000e+02,7.077777777777778567e+01
3.991999999999999993e+00,1.512500000000000000e+02,6.811111111111112848e+01
3.991999999999999993e+00,1.517500000000000000e+02,6.533333333333335702e+01
3.991999999999999993e+00,1.522500000000000000e+02,6.288888888888890705e+01
3.991999999999999993e+00,1.527500000000000000e+02,6.122222222222223564e+01
3.991999999999999993e+00,1.532500000000000000e+02,5.866666666666668561e+01
3.991999999999999993e+00,1.537500000000000000e+02,6.333333333333334991e+01
3.991999999999999993e+00,1.542500000000000000e+02,6.311111111111113559e+01
3.991999999999999993e+00,1.547500000000000000e+02,6.266666666666668561e+01
3.991999999999999993e+00,1.552500000000000000e+02,5.766666666666668561e+01
3.991999999999999993e+00,1.557500000000000000e+02,5.877777777777779988e+01
3.991999999999999993e+00,1.562500000000000000e+02,5.500000000000002132e+01
3.991999999999999993e+00,1.567500000000000000e+02,5.522222222222223564e+01
3.991999999999999993e+00,1.572500000000000000e+02,5.222222222222223564e+01
3.991999999999999993e+00,1.577500000000000000e+02,5.477777777777779278e+01
3.991999999999999993e+00,1.582500000000000000e+02,5.477777777777779278e+01
3.991999999999999993e+00,1.587500000000000000e+02,5.688888888888889284e+01
3.991999999999999993e+00,1.592500000000000000e+02,5.277777777777777857e+01
3.991999999999999993e+00,1.597500000000000000e+02,4.877777777777777857e+01
3.991999999999999993e+00,1.602500000000000000e+02,4.522222222222222854e+01
3.991999999999999993e+00,1.607500000000000000e+02,4.433333333333334281e+01
3.991999999999999993e+00,1.612500000000000000e+02,4.366666666666667851e+01
3.991999999999999993e+00,1.617500000000000000e+02,4.088888888888889284e+01
3.991999999999999993e+00,1.622500000000000000e+02,4.133333333333334281e+01
3.991999999999999993e+00,1.627500000000000000e+02,4.111111111111112137e+01
3.991999999999999993e+00,1.632500000000000000e+02,4.355555555555557135e+01
3.991999999999999993e+00,1.637500000000000000e+02,4.277777777777779278e+01
3.991999999999999993e+00,1.642500000000000000e+02,4.122222222222223564e+01
3.991999999999999993e+00,1.647500000000000000e+02,3.733333333333334281e+01
3.991999999999999993e+00,1.652500000000000000e+02,3.577777777777779278e+01
3.991999999999999993e+00,1.657500000000000000e+02,3.544444444444445708e+01
3.991999999999999993e+00,1.662500000000000000e+02,3.700000000000000711e+01
3.991999999999999993e+00,1.667500000000000000e+02,3.666666666666667851e+01
3.991999999999999993e+00,1.672500000000000000e+02,3.455555555555556424e+01
3.991999999999999993e+00,1.677500000000000000e+02,3.188888888888889994e+01
3.991999999999999993e+00,1.682500000000000000e+02,3.055555555555556779e+01
3.991999999999999993e+00,1.687500000000000000e+02,2.922222222222223209e+01
3.991999999999999993e+00,1.692500000000000000e+02,2.666666666666667496e+01
3.991999999999999993e+00,1.697500000000000000e+02,2.400000000000001066e+01
3.991999999999999993e+00,1.702500000000000000e+02,2.077777777777778923e+01
3.991999999999999993e+00,1.707500000000000000e+02,2.055555555555556779e+01
3.991999999999999993e+00,1.712500000000000000e+02,2.011111111111112493e+01
3.991999999999999993e+00,1.717500000000000000e+02,1.966666666666667851e+01
3.991999999999999993e+00,1.722500000000000000e+02,1.700000000000001066e+01
3.991999999999999993e+00,1.727500000000000000e+02,1.488888888888889994e+01
3.991999999999999993e+00,1.732500000000000000e+02,1.488888888888889994e+01
3.991999999999999993e+00,1.737500000000000000e+02,1.422222222222223387e+01
3.991999999999999993e+00,1.742500000000000000e+02,1.222222222222223387e+01
3.991999999999999993e+00,1.747500000000000000e+02,1.211111111111112137e+01
3.991999999999999993e+00,1.752500000000000000e+02,1.066666666666667673e+01
3.991999999999999993e+00,1.757500000000000000e+02,1.022222222222223209e+01
3.991999999999999993e+00,1.762500000000000000e+02,7.222222222222232091e+00
3.991999999999999993e+00,1.767500000000000000e+02,5.888888888888899054e+00
3.991999999999999993e+00,1.772500000000000000e+02,5.444444444444454412e+00
3.991999999999999993e+00,1.777500000000000000e+02,5.111111111111121375e+00
3.991999999999999993e+00,1.782500000000000000e+02,4.777777777777788337e+00
3.991999999999999993e+00,1.787500000000000000e+02,3.333333333333344140e+00
3.991999999999999993e+00,1.792500000000000000e+02,1.666666666666677399e+00
3.991999999999999993e+00,1.797500000000000000e+02,5.555555555555661273e-01
